RSS0,RSS1,RSS2,RSS3,RSS4,D0,D1,D2,D3,D4
0.002773464907023322,0.00800732864915043,0.0022137712366932165,0.002143523791868554,0.0009520428958316551,7.54983443527075,5.744562646538029,8.06225774829855,8.06225774829855,9.848857801796104
0.0027791337077867494,0.00211554732739065,0.0009707993423488052,0.008115234214456937,0.0021602893187483755,7.54983443527075,8.06225774829855,9.848857801796104,5.744562646538029,8.06225774829855
0.002740482690266009,0.002114678279813395,0.007735915774638466,0.0008922040019184765,0.002121385437883922,7.54983443527075,8.06225774829855,5.744562646538029,9.848857801796104,8.06225774829855
0.002742339393350524,0.0009195549787943672,0.0020942247636635573,0.0020537278361273744,0.007923578806244108,7.54983443527075,9.848857801796104,8.06225774829855,8.06225774829855,5.744562646538029
0.0003275842708972471,0.007360694426011128,0.0002604931745428819,0.00018229967545993326,1.8229952257540675e-05,5.852349955359813,3.2015621187164243,6.5,6.5,8.616843969807043
0.0002708249053695715,0.00012333605838029264,1.8775367897626137e-05,0.007723404110180837,0.00014105874232884922,5.852349955359813,6.5,8.616843969807043,3.2015621187164243,6.5
0.00024449263224413147,0.00011114540546071112,0.006798463330200633,5.361775658505628e-06,0.00013853423105280119,5.852349955359813,6.5,3.2015621187164243,8.616843969807043,6.5
0.00023338197964089597,1.0064098209886503e-05,9.247424671259738e-05,2.425189723340335e-05,0.00710583793829579,5.852349955359813,8.616843969807043,6.5,6.5,3.2015621187164243
0.0062440294999941415,0.02306348393410247,0.0037530201349043678,0.0038901233927803825,0.0014190285549449035,5.221711025579695,3.7216308907459377,5.998238956757782,5.878236256476462,7.5287446219384195
0.026725994747556252,0.005339305170285367,0.005149940726744196,0.018507536370314086,0.01716657712498378,3.2218291412638256,4.861185054537352,4.942278917314995,3.512014398384113,3.6234301285572315
0.012392446471235417,0.0019053041406676206,0.032654752291046606,0.0010479836160531232,0.012326490614729952,3.4279745796250105,5.260096339819496,2.6702585891497628,5.689616727353649,3.4399717924611073
0.005547236543612061,0.0030052721212673688,0.0018821551958527285,0.012206081984777427,0.005102834006600959,6.223280319469177,7.271110227643492,8.239312284823471,5.0568932105139215,6.370980452555396
0.008045633689009702,0.008797001376603896,0.015151960068385928,0.0023237302998915404,0.003124332517932493,5.23598880644997,5.120749110802584,4.461609699060788,7.136189211041525,6.679003376758638
0.006968090289466848,0.0016112950519117193,0.008191092981379284,0.0021827544905897145,0.017666233909808527,4.970760376951255,7.0838985076193275,4.74680675653495,6.548644368588917,3.903242163110796
0.00685881210418901,0.025140919118571383,0.00201416783548459,0.007665540528584223,0.0011736783053898454,4.4776574431609895,3.203641094164341,6.093635294007307,4.355047790807639,6.770193209678106
0.008677987878952109,0.0012732076936692203,0.0009842365462084369,0.031504063212924684,0.01017978885583777,3.6302671157878685,5.482645901438549,5.966166908776573,2.6004867007083354,3.506889302983574
0.008275445235695405,0.0054219753343815735,0.01502276489909524,0.0025720963717653375,0.005178091624082923,5.521066806140707,6.166799177298185,4.7150631239265435,7.398144165473228,6.239787277032121
0.008524246658191787,0.005720523146314982,0.0022558035216270838,0.020561785989945517,0.0045037089188514345,5.086198372649264,5.624843955472815,7.169158475613506,4.0425232866885334,6.008324079846307
0.030263995261354128,0.010269794081254849,0.012400528524149785,0.009241406611108156,0.01124309213894165,3.321184318937526,4.4120729350841685,4.229777532709115,4.491048049676404,4.312092644669269
0.002487804850199095,0.000346655729654156,0.0011104413671389794,0.0017525388155247206,0.018994855294177333,5.508053321909224,8.0895883929782,6.521712767838128,5.843335123694995,3.3519937986492256
0.0026318017064802437,0.023575377948096877,0.0032445458926973216,0.0005157217934883409,0.00026156161391608366,4.623442905756518,2.729695128732304,4.4830891257876715,6.217263103313617,7.162486517247741
0.01452031821151616,0.00608294186263813,0.010631482729492587,0.00610970107199858,0.0111711730223502,4.702338956088503,5.903699646632506,5.115387453384762,5.835819952470156,5.036895253848966
0.0049882636485516,0.002312991205355389,0.015481777744564433,0.0012176907743801004,0.004832908014141664,5.718549292899991,6.936148105519007,4.253273620278743,7.956963965087118,5.770048655683854
0.00426221893202373,0.003909132260783976,0.0009480192060156694,0.019769734945917137,0.0018175813334938774,5.415275849965522,5.505797305674083,7.818791216759252,3.6765376335851623,6.658575004554025
0.00869350535642904,0.03669969327368185,0.007859219386499796,0.002103097394323219,0.0011876573889577201,3.992483197075285,2.755935446548655,4.132981849985994,5.549622075920426,6.347020086017819
0.02609200209090983,0.0012824597391875704,0.006496235848612126,0.003509000702849662,0.061112113269514594,2.559262119998534,4.987158246149895,3.6089850132104844,4.009348123091945,2.0561852605195576
0.008077776978926034,0.014195051529465938,0.0035569498636125385,0.008222195861811502,0.002569874471211305,5.408824529126064,4.668996656925288,6.7459699666817405,5.385411291849446,7.26025039453682
0.008795397205274802,0.0026947892659293753,0.002480392278305839,0.014462690044976788,0.01175294933502781,4.862077932872447,6.54603815200428,6.725017707274444,4.248969344146367,4.519843820659604
0.004719700533063857,0.003552670374068742,0.02449350123787792,0.0007285954360398099,0.0021782697596991244,5.136598700599148,5.501102302251242,3.3621482540423147,7.580583852173519,6.205414239368697
0.019150150788035784,0.01303035893976526,0.002353490381186194,0.03430782635980286,0.0033257284281310445,3.1799719513090063,3.494556361281257,5.367438314508395,2.7230587878654586,4.900257040202353
0.03810645360342475,0.009833606212353312,0.03929898024428258,0.0012944064976817694,0.003287531953576786,2.2320548582645046,3.1222488863042512,2.2388779941247847,4.577287745819366,4.026872194715922
0.00491010259393802,0.0016259497196290703,0.0038586373969271017,0.00307674012159824,0.011802659157019911,6.483800594999399,8.571622135868285,6.885020644219009,7.2578117253141246,5.158161908211291
0.004875022294617251,0.014539360518391872,0.002828937032791514,0.004108717190922431,0.0013968564521368329,6.050491209676615,4.55875207743384,7.016519240566552,6.323396674533977,8.272524841500365
0.01700190883246882,0.006257257218894724,0.004052093829789196,0.021270335056426146,0.01003830666611993,4.00843723783508,5.187293357952965,5.833009583213703,3.7564793865350774,4.607290505043381
0.02138726408428505,0.004667451575274064,0.024346853613211587,0.00351527953996421,0.014731129120864312,3.3961160202758203,5.0040697418841775,3.28988891373362,5.3144932949097585,3.7451961316741977
0.002482260693134186,0.0009125053239528241,0.00035310479927308584,0.028280364504752423,0.0017450784475498474,4.976330890849541,6.040960297495118,7.604696703651926,2.7742253542047206,5.388370528697378
0.006085841411621786,0.008967246852476811,0.009133296427944493,0.0023366224462926287,0.0023948260949034177,6.051225237070016,5.478441905971866,5.478887024058579,7.695222590484868,7.69553948871666
0.010103217514657632,0.0031041309587202287,0.011077558323689406,0.0033929836215698312,0.014274454020134577,4.924978684624427,6.65718262916282,4.794749683766891,6.443695023666716,4.493634334253589
0.013264469381654972,0.02809346357124721,0.006441711490883448,0.006591058874591715,0.0027421754271567196,4.198229756475107,3.4510898024243746,5.112447589160064,5.011301809350291,6.272180270998957
0.013913948127075033,0.0020435541117357773,0.003483459939710157,0.0101805411827205,0.03307868007994405,3.7069852685063966,5.890101372967582,5.2523385627748995,3.987031374824455,2.9648246791357327
0.0021846907895349647,0.0007618001469549336,0.028800750261761852,9.534844241666343e-05,0.0015135848276661525,4.875202554347468,5.948598239542983,2.6355746766764674,7.522562463382665,5.305598823538985
0.006562256078623636,0.006395939224939876,0.002208969041929318,0.013242152991057137,0.003178504607877245,5.865870469028956,5.896388570111754,7.800407011759543,4.89597009485807,7.07456532580677
0.019340679758446264,0.014198563294173397,0.009646554344450603,0.008793040570507052,0.006451775976968843,4.0822170427716316,4.437355570751614,4.9432522196738,4.9893135260555015,5.444159026636708
0.005558086189663041,0.0010966670441841715,0.0024479297115631384,0.00439069337120251,0.02313458558292054,5.1301160153924945,7.4840086501178265,6.278747501511323,5.404952402661697,3.553279497553588
0.004889352472357228,0.03484952779554614,0.0033613898279405228,0.002021452353429672,0.0007090234104693172,4.715380548001274,2.854703325801633,5.207415034985659,5.775158532745478,7.23327701298621
0.0640159319967692,0.004069936101402491,0.006015543272173333,0.011883269792507612,0.021163403545158048,2.0897192581968316,4.116808303846499,3.8187193593583104,3.186100376733207,2.7902943474726722
0.0075960484950670405,0.003504834552014783,0.013924735478859628,0.002339918605672317,0.007265663277344197,5.546769499980223,6.783399043629844,4.723947098211772,7.430856450310306,5.614160773143517
0.008303353167150786,0.0035446818944673106,0.0021293234000528283,0.019974954547422284,0.006967204660589359,5.0109816976408785,6.211280906183645,7.10188282448128,3.9727994532220623,5.257362899083741
0.01367787821539784,0.008727074789082233,0.03059958084964302,0.0024259254683222688,0.00461702871244285,3.9907170321187286,4.4791251398614484,3.2536068973288996,6.104562803226685,5.27153515044206
0.003478445334987326,0.00044013144118840495,0.0034583095286244833,0.0008202633662203483,0.02346170609645205,4.923098440922686,7.418915319221428,4.9224350685664096,6.3437709222337455,3.0713990304505203
0.003409986673637546,0.011940886578550497,0.0005634902761483102,0.009655653002813121,0.00034737183080016105,4.142702287873124,3.089601173985481,6.290882615150753,3.27853022165306,6.38579118650195
0.0054936927701553515,0.002330779496223442,0.001774473620653941,0.011772770996085764,0.006583798935550503,5.951093364655886,7.380097023065566,7.947456662344339,4.865075237841777,5.68904143066663
0.005274601262715921,0.0055575112392968,0.01628601982848361,0.001259374372257543,0.002201937598988828,5.521283252761593,5.4499133258155785,4.1309148206600765,7.739811383935801,6.87514234438452
0.010902112107486196,0.014683199294541946,0.0023450587655970143,0.01903578916200329,0.002509744329070057,4.158685341938364,3.838472677661234,6.136149448094808,3.596803789081607,5.987942472114626
0.02577846044291244,0.025398535313810054,0.018985433637016467,0.0034133734160497788,0.003124616330524985,2.917142314474192,2.9352333252164655,3.1938564295112557,4.776894354437966,4.940024685396864
0.004361348126104402,0.00019301448386124413,0.0015308303448360533,0.0007650198142343928,0.10791356261748933,3.6908413017577586,6.355694420910513,4.543857662551588,4.7537329091981,1.6881254270725201
0.006587725930798615,0.013289514456454725,0.005378377711296805,0.0038719108983333366,0.0022223168347247618,5.999385674957649,4.998739116651458,6.387075950498216,6.8695354833017195,7.937119389138146
0.015347633515903443,0.005037099705411727,0.007097499092145529,0.009054677340323182,0.014917686165061131,4.465303710529735,5.966604408991067,5.484011422412394,5.07971388696171,4.503055216311433
0.007441760708160783,0.0024224533362579913,0.016825984841195775,0.001738933796269642,0.009073530034983419,4.938841534193664,6.536073233422657,3.982578698166395,6.9945248811241,4.6972394113019975
0.0030932384268344748,0.001908205921124666,0.0006133578194329268,0.021163509986843892,0.0017896525546757436,5.514250802495235,6.121748138101385,8.070625660956585,3.417444259435371,6.27201112557136
0.0064693385312236725,0.02750677381416317,0.008711123516719042,0.0010399911740775374,0.0007653346040011433,3.990643960603563,2.7678049498649253,3.739867537775449,5.819267070731226,6.339537380606458
0.010744077419307396,0.003964521348548367,0.008595047751925164,0.004953299926864957,0.012822271011451508,5.202564593064295,6.743059397029513,5.519183060756773,6.298569284517558,4.966337348403197
0.00942205256865563,0.01838972639454079,0.004316399938120671,0.007647533462373546,0.002602977869905332,5.001891242826712,4.200394018916622,6.179918858365583,5.276972135055342,6.956617144559744
0.011264214988500327,0.002780537796415589,0.002982453982677165,0.014422972466028387,0.016383230266555707,4.356688068738642,6.186419926261091,6.1226256910364025,4.0589304630703245,3.961018852838116
0.006411699566412009,0.002732923058038061,0.03843600382236588,0.0007501425951645322,0.003787600407282773,4.483503019262386,5.482656889333149,2.81796860900146,6.947132614694515,5.113127426665369
0.015065602604173004,0.004153276860510295,0.0013123819354718032,0.07654088493761882,0.004534424189749978,3.1285963171834736,4.238875367421592,5.604020025950519,2.0423489859799995,4.196208461367769
0.01413405900764968,0.006769014717228031,0.011380753346917419,0.005751640280162143,0.009632474701185554,4.769559811959362,5.796146731334881,5.069414134646292,5.983179918000463,5.282242390174046
0.0030315902401783427,0.0007746910216388613,0.002106927655164166,0.0021072420633050743,0.011866525775881803,6.549005931135188,8.96675869442335,7.153535551604604,7.113781447585858,4.623439832859405
0.0035214772557040992,0.018169116215597133,0.002514310165071932,0.0020797007722767754,0.0007376675824160803,5.747753055093553,3.7803027287574316,6.291225369005919,6.518727921999114,8.233021416443885
0.04509791884180751,0.010463373997569358,0.006783369876278738,0.01800181804374669,0.010386269651224932,2.6483931502705307,3.8645409150092,4.346282442849243,3.3373344878480706,3.8850091470959995
0.01110360040808566,0.002285900302404359,0.08468809119617876,0.00046404901380162484,0.0047134993584945495,3.2400952295703718,4.591903087907194,1.925548032285286,5.769635947677429,3.988841965362596
0.007156446562559987,0.004422236063866847,0.0021910702864574973,0.01601854856170796,0.004865718497488836,5.630325489772141,6.364757985583353,7.660800286295729,4.551183276363089,6.236263787437854
0.011384960479152408,0.011996875771793184,0.016895874982368844,0.0030651478977696323,0.003713217659526612,4.5947424528020315,4.537389554415298,4.175199090659677,6.386785495733911,6.13477077376534
0.00766710527610367,0.0014064640264736228,0.00654931520802824,0.002566227298914099,0.02675152373420684,4.611717930078418,6.885554058622246,4.787682616778631,5.9677449421208735,3.335420489084439
0.0315762808388771,0.028956518942052523,0.005744267669332226,0.01294030698120896,0.003720816866086167,2.8349956795026614,2.898678173344443,4.4123622758080545,3.5504168984252367,4.865394727355021
0.00328121962883285,0.00020882000789012204,0.0005587459402849214,0.003313445635998264,0.03307932121398129,4.083136426858993,6.6108852959973685,5.782480156805679,3.988349206982034,2.3749108959814555
0.003535728433830249,0.002203811626492842,0.011101653120651318,0.0009864076126583179,0.0029518942440273925,6.627516407004144,7.4580454348486755,4.901263178197134,8.934515471376564,6.944458635628199
0.005525327464652919,0.007091893640934717,0.0015068841130414156,0.014478867894202585,0.0019740162603187595,5.461863900066312,5.104622828103861,7.576517360139559,4.273207134834334,7.043205258154565
0.023290701110616173,0.028351787511444522,0.0079851165811205,0.00901955148826075,0.00392926759295123,3.3893298865351924,3.2217139383841635,4.515810941430401,4.310750016038833,5.347492258876353
0.007154838433197684,0.0007521007981829249,0.0017989973184727916,0.005606583718184146,0.04259194941697724,4.005083222468161,6.449747429673565,5.502637216027525,4.219285117953129,2.5460049747027496
0.0031977853852695522,0.06979720015947093,0.0010423359305803477,0.0018424521646056573,0.00018150160849414202,3.9711723044425686,1.884404940950518,5.271272328543145,4.444559256155634,6.632453313945351
0.010405444046804413,0.004701391851854589,0.004226932465988787,0.011231756222527057,0.009467380713643272,5.304761803627521,6.525943377765333,6.744622570363135,5.176008304649367,5.449133749198291
0.011556383185009993,0.003938349493517264,0.012863731914885775,0.0037366526951489757,0.012670283915545933,4.799402105794173,6.336273859007508,4.6601534019666335,6.352282378511042,4.6818964885889125
0.004152242410226447,0.0018480048101272965,0.0010139513869967727,0.016192373570055575,0.0040316625531679855,5.7184536902799215,6.930875895104359,8.072252445409118,4.029908891443904,5.7761911795242264
0.004918390829750258,0.008531894047162125,0.014591147273921452,0.0008707269226072421,0.001233829337598034,4.899234460688921,4.265324493274938,3.7395024493470532,7.072560924653185,6.7684565130221985
0.007341405319099924,0.0008797150737871806,0.015714031118197476,0.0006389124691029443,0.01655204537071172,3.8271809888504924,5.9585632261657295,3.156268037195624,5.94412320870072,3.128922006478065
0.005114365602385042,0.012205202082151959,0.002908995363971445,0.004798791415940612,0.0016753155752035145,6.307777040069062,5.0384475115613805,7.373060697409573,6.419819181780673,8.377956137846853
0.012320276503202674,0.005149109202424439,0.0035432443849500463,0.01780224685366166,0.00916622976096555,4.64385727792271,5.816354461681221,6.439931413572073,4.202154712039889,5.029994195972039
0.007524709230837834,0.005956450478378561,0.025210039048074263,0.0014850360761597108,0.003108230891456131,4.812304346197491,5.107789012214703,3.5212089752755764,7.065241226830211,6.018890067741832
0.010575753172970635,0.009029714679675432,0.00170520836516616,0.03339040225672311,0.002712465799278217,3.955150422820848,4.098374380438193,6.217847873022282,2.936800565621054,5.521753088652889
0.05688716814993543,0.018516212230148783,0.017134753772979523,0.004728806870848242,0.0047243230418463605,2.2007958420475964,2.9434039308482394,3.032367553021089,4.061003779871777,4.125939647718457
0.005418648180903375,0.0016515107260871487,0.003447961921098143,0.0038782973184581424,0.013892371322511353,6.109746905709782,8.235034807470809,6.856682231473522,6.606354764940784,4.7793531176723825
0.005764278788689178,0.01703960441657414,0.005465288866051375,0.002662276063130407,0.0015221794646683763,5.563051550690296,4.201970467088682,5.693013639979262,6.744233151833162,7.761348420538143
0.027301141001268774,0.006085902944528648,0.011348372282251044,0.008405075055903327,0.018471347673826938,3.3737787816649307,4.975747500117639,4.263634406266334,4.537200478811459,3.7425530524360067
0.005228131124148105,0.0014346800000715324,0.027414108097337922,0.0005378613105424243,0.005317271549851481,4.5564935753065114,6.066628411711947,2.9818051777117205,6.973672295554948,4.551844364411905
0.0023887866174246274,0.0013455624167752827,0.0002693357217826776,0.04220639718088817,0.0008125995865295244,4.557169249486327,5.054787719893449,7.221951207516009,2.319267964937561,5.655502121274639
0.009762692762478488,0.014006019578169156,0.00960998996454545,0.0040007552381223326,0.0032472695327492637,5.170982661210279,4.710500575727154,5.2403418486916316,6.482047568008572,6.87672216184054
0.01164606822811021,0.0027871155223633125,0.007111441796277921,0.0052205247267653595,0.022685793137464518,4.550921889994721,6.544257842329281,5.173620047005573,5.536735112581087,3.820270853064996
0.013718036986785899,0.022781034417688393,0.003582039678465371,0.013369804310686986,0.002744512055185817,3.9643756683208915,3.472019199234375,5.6168947434768,3.9853534748943047,5.947909847946362
0.006148506727953806,0.0009107579628740473,0.001141131439879625,0.011719698787583074,0.01646920647267871,4.2622319651080725,6.416535737555981,6.271617556694999,3.6055590234155206,3.3408549470824016
0.001073767606092538,0.0006364290930361548,0.022581480410126194,2.5206738745433752e-05,0.00040645519144510446,5.014807273856648,5.460793734205337,2.578408575132114,7.723237223310978,6.03956254875424
0.014152743185173898,0.011124349480262957,0.0051889322396159255,0.013112697825978003,0.005675456432391073,4.62534723418317,4.928289304880433,6.05570091739453,4.7027822055246045,5.873639297823195
0.014901170492975164,0.008876428672660202,0.022761728558853687,0.0033905540664676357,0.006073375100497277,4.190836690008447,4.808739675301687,3.7648535243514236,6.078824085694582,5.291714945064722
0.0038708513054803166,0.0006532631193098659,0.0033397109621962364,0.0014864317310135234,0.021147107830671728,5.309653661972522,7.773027323975164,5.489696279479579,6.49985221210948,3.459030245738238
0.0023360149268130998,0.022714779660461003,0.0011270087690814436,0.0017636673259232357,0.00028771172686202484,5.205475300073124,2.9840830723051117,6.281804630591822,5.543724089672746,7.828741560233347
0.030294685079384934,0.003849291906940902,0.001352467303731846,0.06104743166374442,0.004871047599128585,2.3127547184640806,3.717967151171601,4.800652459652195,1.910864918614361,3.588089887163457
0.011402707630544446,0.005883750179835147,0.012303921370044333,0.004267941241898835,0.008297022039973368,5.163133608779321,6.148094068748985,5.06840326395076,6.605087863017905,5.613985807430112
0.0046503492847815,0.0029299820730126357,0.0013160686951219553,0.015143392713975808,0.0033865252895818442,6.06480999807853,6.793029850596521,8.342089730666483,4.46915870730671,6.589278114823445
0.008408988924288449,0.015250187406731225,0.012474045164649063,0.002346922650818399,0.0021870761367557196,4.755896389392911,4.080263639963634,4.331330576355466,6.5174133190714,6.677465803856413
0.013763497505769896,0.0021348584758318166,0.011282787826194237,0.0031650230744685094,0.02994280084102505,3.7561382719103906,5.8995967904040185,3.9476299403660615,5.35101553813343,3.0678831702127374
0.01563418191252981,0.06124286230760482,0.0035071337636992683,0.007067211777938955,0.0013601996636168452,3.1644113671416774,2.2208982629452216,4.611559877811175,3.8419414485847,5.576254074792307
0.008331993830623259,0.0029494285044431292,0.003651396148398931,0.008453313264367865,0.012290794652134208,5.528097755112823,7.221178660759457,6.8663078382460485,5.474810156581481,4.997430172554602
0.005602227306430184,0.0029478894178358197,0.016669952470540598,0.0014200617950447232,0.004529285690635747,5.669207266619701,6.662742240180434,4.249654445328778,7.8879819446474775,5.9906333475437
0.005686721765805956,0.005200137619887622,0.0012874168678150661,0.02156990253477919,0.0023096918025790427,5.169288289308392,5.264456789253057,7.476660521252063,3.680031288713807,6.459766060009384
0.039528191129540736,0.018831240327334787,0.007780910192232435,0.013771467590682719,0.006264408801894742,2.786940458579554,3.380335435170007,4.275427649378391,3.640713206813467,4.4841282971241165
0.0025675797553623156,0.0002117389850449196,0.0006258335535528158,0.002237480615385955,0.027704053686220777,4.612219372880758,7.183234977699228,6.092466277486608,4.628929654341447,2.6355778004664407
0.004104051206205941,0.011690482570307187,0.0037113875435677585,0.0024367486682464333,0.0012875488936085892,6.555107195122457,5.00179465422497,6.789166805732419,7.473023134116038,8.770456710802405
0.02174090757094522,0.009326671270214954,0.00974609499708894,0.009926987320211222,0.010512176180903056,3.905058166272775,4.895371831855843,4.868898046973231,4.774179549632337,4.747029933739595
0.008270056456514126,0.003506955565707244,0.02969821288013195,0.0014449869554465796,0.005614620739520144,4.57973120899288,5.688215071834397,3.280847480423736,6.869054935247205,5.058862044946746
0.011654112142688421,0.003940992257300702,0.0015420365044037632,0.052093329454124204,0.005546760759010351,3.7302721312850338,4.849639693058095,6.122314120853239,2.5193511371947777,4.506756615837931
0.007653231994705889,0.007173962613976026,0.04441387794786739,0.00039497738463809456,0.0011223329690437467,3.498428376658583,3.5369114708060625,2.2671864636373673,5.9445662375247785,5.288502572647622
0.006038593562870043,0.0019018883076415455,0.006585399260234782,0.0025408507723844024,0.012658576787027084,5.83936946356372,7.812531218777728,5.6861852255817595,7.20165043891861,4.812569731403825
0.00789402158314636,0.016983295838370653,0.0029019187943410307,0.008909051838888439,0.002076693512048507,5.02947759105637,4.119926442553932,6.541358481678044,4.878721030357761,7.043968752473373
0.008724835361802,0.0022402153979570807,0.0018416600810533105,0.019511101767320918,0.0113065292217497,4.426194748788757,6.159222002330225,6.512930157342515,3.572693755975838,4.152876621622847
0.004319093268637384,0.0031774493823563794,0.03483609190423997,0.00038080361195174555,0.0014991728630682397,4.611160961915597,4.926894336511045,2.724554648056107,7.148595162907507,5.852462988370292
0.013462587841218251,0.009921015635201726,0.001037327624806775,0.04418819799562918,0.0013713785526982337,2.9406270344004755,3.1434045180535373,5.346536986384222,2.1700499911567457,4.838758388964516
0.014928176113246821,0.010826268172225867,0.013633577735058505,0.005155684385912242,0.00618527929002661,4.541056422403784,4.951925353515921,4.6789632565468535,5.945560504005806,5.7202117230147635
0.005518763581993103,0.0012289891723112276,0.00365778656340927,0.0030734690290917166,0.02111125372130523,5.394044077469575,7.724166586220832,5.9749936039864355,6.204101421776596,3.811649717337469
0.011626553478979828,0.03617513475162534,0.007594494811324961,0.0039106808637921885,0.0019491772176361154,4.022218309656492,2.9945784836540756,4.534407895889816,5.2721556591933,6.276064050526246
0.02091343345848775,0.0018341335840473183,0.004932825686433111,0.00709256588574462,0.052474898957139984,3.0218002460924493,5.346700249516431,4.341339067199164,3.9262359274729106,2.3822992877448685
0.0018732206691086484,0.00015301639825362004,0.0107367108854584,2.6888429546954623e-05,0.005827039487112075,4.186731785803226,6.296929136000849,2.9288230654468914,6.5176254528636735,3.3772961890680726
0.0033083040929569817,0.0024952225180480975,0.0011412952634300621,0.009335079325990486,0.0024939572048722557,7.21296748846612,7.728501821233584,9.460229097570927,5.527916913341845,7.766856479846118
0.006167012897234193,0.013285331443136738,0.007300647256448285,0.0025380116667065994,0.0019005774334561257,5.699855420225073,4.675238912534567,5.503700549054325,7.119408956456807,7.688877989255706
0.018086190290820158,0.004593364575452285,0.012814290290215295,0.005434427655686702,0.01815498293439078,3.954165435713491,5.6277524854480045,4.332565700426981,5.3385131860346835,3.9495886556091304
0.008408246052974876,0.03386528012468254,0.0030673802678378467,0.006204780313658792,0.0014167852184060739,4.351403048637182,3.032013268174483,5.643419843055433,4.692678282003371,6.684034150495627
0.015347408894127725,0.0019385409448180206,0.0019231428480315656,0.023704101970638727,0.018660881603359988,3.249661442632079,5.242648388466789,5.367225713379845,2.8833118327876748,3.1040677921665605
0.00615084325397671,0.004280110263134352,0.01349087467819572,0.0019308245729913861,0.00412913462254658,6.045181939693169,6.64348959388234,4.9116565824538245,8.060029713594295,6.704662212517643
0.01138807905781209,0.007339569578096781,0.003253438429028017,0.018708682563699224,0.005635475455536253,4.789163477559408,5.3619062223281775,6.6553745418673635,4.192632029768608,5.755183341348581
0.024623827105540643,0.009345018082735853,0.01751347945384863,0.006028177526415196,0.010213359287367739,3.5749973504284327,4.610989508173889,3.933428894317392,5.107773413581468,4.505550783938734
0.002763391118193346,0.00041076412666808383,0.0016124066744376325,0.0014925376862979795,0.020151786665158294,5.530385160056568,8.10755480241484,6.213674449388854,6.209715764361518,3.3819927798544867
0.0020874727824828163,0.026945944657701126,0.0011823198641510246,0.001187667059026837,0.00021649966723513825,5.055247003851016,2.7282866173244065,5.902488600041333,5.680816214794442,7.7244738768163295
0.013537082817116505,0.007525327818588849,0.005524517144083231,0.011928873137278702,0.008062654170795307,4.852695144229114,5.66598115297062,6.177850184314231,4.993142039419495,5.567221739775718
0.012634091676054227,0.005558437176441914,0.01907227354499415,0.003307776098719981,0.008530745553980125,4.5749488585040154,5.670230682043483,4.108609634446558,6.401534268250644,5.070384416222017
0.005956209229299803,0.0031271707744442846,0.0012641555813947827,0.02588913958163338,0.0038272304440833556,5.075973689909928,5.933724804247341,7.4494162689955425,3.4694689871131783,5.685237703805838
0.01892313375513325,0.018550408437761245,0.023414966546981386,0.002881304445340245,0.0032918040755812606,3.3535992700796413,3.369996421782626,3.2106471692993144,5.308954782518655,5.2092590879826375
0.005454971670112175,0.0003756509821455445,0.003019127260558438,0.001017804728310251,0.06748286336618002,3.8815832079348507,6.46866312968433,4.411535868028973,5.164467802720574,2.0711768912640327
0.012860486675239697,0.011884257121861926,0.005385577401693698,0.011010463185668319,0.004999877013364768,4.85738856742501,4.959169325843703,6.145483055668879,5.041972372235799,6.21249442555189
0.005469974148453941,0.0014907451276257853,0.002083672968623178,0.0067156012190212905,0.01358843918321338,5.584693577029345,7.671675548628043,7.120033284698062,5.261438085107281,4.418483786912459
0.0022928927409947147,0.001562491662294935,0.012504764448213516,0.000350540083049493,0.0014834041524582962,6.242300546795362,6.785925593262344,4.068872211774469,8.796414676292432,6.919815465440568
0.008850168742007735,0.015814504226259598,0.0016106461619039261,0.018023838766591395,0.0014873112066877761,3.9857799065857757,3.421936914271635,6.060949239370921,3.322315043046773,6.005266911822567
0.02281238458679692,0.036944110478559465,0.013948733733140746,0.001935575730941608,0.00150675502181946,2.6480130381482847,2.3456023743128207,3.032156097898767,4.563986798664293,4.951978958156494
0.008222391124594202,0.0024020335514362496,0.005254296276271621,0.004860018574109232,0.016952380153649162,5.368237148160086,7.346734934222904,6.027711088302145,6.107588656231789,4.434120652851096
0.00661288711167351,0.02169149928003363,0.0048656591979783,0.0034215978404998943,0.0015788798776427988,5.236397455851635,3.846898055929867,5.719525065823381,6.174686198724352,7.486059843374346
0.02820533544687698,0.005414132146044082,0.0074829479056816185,0.012290334744041152,0.020493268927686027,3.2449873871635626,4.957355761551191,4.599607063556236,3.9879194007132077,3.533342629736949
0.0076616684544478205,0.0015172641389485657,0.030424605612327134,0.0007000662862123936,0.008495859757338266,3.9792508958689643,5.704957262125179,2.791811781240474,6.31463873572153,3.8887450445964062
0.004377208972039974,0.0006204336810644129,0.00033912547389434414,0.05067490032616426,0.0038113273640549353,3.739894398393658,5.377837112051585,6.302726649515524,2.06137260187462,3.8797536285843184
0.005957138996673422,0.006100643380559331,0.011495659198449661,0.002038383276208653,0.002975710663177559,6.165145956753833,6.132700321014217,5.203836191579093,8.058420330770037,7.376180319703986
0.005464647852290189,0.0017458725765824804,0.007540669488952679,0.0019833615358236926,0.010784722263107097,5.861507694974242,7.78620110735644,5.362974196496365,7.480177316360799,4.908117483545585
0.004948313469609383,0.015496671128575673,0.0019914454100984106,0.0057886439492043276,0.0012254988313855305,5.519865927678393,4.112439431274224,6.9783634645374155,5.3141587364228275,7.747624258002619
0.010663076430599506,0.003246651199481141,0.0017985013071607856,0.0338760346716231,0.007886582299760182,4.070237567898002,5.447636069172492,6.334729984467165,3.0008105142026418,4.411000904115455
0.010934424335191786,0.0062908050168882235,0.058854525096762866,0.0008169579817016899,0.002602649782501102,3.5150037455077996,4.016444059192336,2.2914089074729356,5.954825596154888,4.957688955677464
0.006595786093683374,0.0058973736089675995,0.002252996052764301,0.01322404853614605,0.003465828888074625,5.937994542140671,6.103980091252114,7.869743350998343,4.958497550105492,7.0186170582660115
0.01905381092748691,0.01219924729421647,0.009531399701192825,0.009031256539107517,0.007317158491735636,4.162525846504323,4.689571607449125,5.033193418123338,5.031918805127222,5.353611956823178
0.004759440461728193,0.001002289662680241,0.0022311626084299983,0.003900224089728946,0.019696019521042326,5.440909702004151,7.80612743238323,6.553109664893438,5.680118879971263,3.777746852307575
0.00405167585928971,0.02479538836502127,0.0035511782817268245,0.0015517144828124537,0.0006637117624350503,5.065666048163874,3.1961417113428374,5.270531110244476,6.288358039980351,7.556892429038201
0.07087462189270864,0.0057904955468444045,0.010648186346999723,0.008356477504595604,0.017395764738845573,2.1015156417655034,3.954413229129838,3.4448841777994628,3.60076505575094,3.032383880456609
0.006421579675101895,0.003367737471281145,0.013512178197612803,0.0019848621324941723,0.005738585448811477,5.876227013643378,6.958284743862587,4.828481775369305,7.857852860462,6.05329342218544
0.004731327233956642,0.004041295308843507,0.0012927647599872934,0.015779940564091613,0.0024965200602824924,5.900161357055943,6.11885017309916,8.176512437326615,4.332257199294108,6.941432174829401
0.01068127492943353,0.02487169661067232,0.009703466164263767,0.003384699923342478,0.0022237081485782053,4.346302589841147,3.490764424974268,4.501903056958668,5.789089848211542,6.449438435573581
0.018715468024850412,0.002268056622833323,0.007488019687432642,0.00543183622572509,0.04340557234530896,3.3440588119597625,5.580724511451759,4.229993806493456,4.524666957105072,2.687186745087323
0.00910098379369156,0.03544866687883462,0.0015282709199359954,0.010049308686568805,0.0008021960717677994,3.4282691133336067,2.4365976423144113,5.3142191483172985,3.3563571130814056,5.793880405767989
0.007156567982260877,0.0026593203058246804,0.002617482372048822,0.010356063464784926,0.00989575189463786,5.634447753537304,7.2524235336267555,7.319032098821534,5.091735667835006,5.186169671692197
0.0053714554224541305,0.003898237908994767,0.01844514285339803,0.0012586757064878286,0.003042906319926407,5.590389386122238,6.0638078613109485,4.050557516940093,7.880221493009982,6.4602740807213355
0.017262120542376472,0.010886264165416269,0.0033319928274407992,0.026545133813281562,0.005134179533071423,3.76368585248004,4.231414149998664,5.753057594315209,3.3515654116858467,5.140602754882728
0.032902603453149416,0.01043372230663867,0.031812697307157634,0.0035728528004795325,0.007024987573114144,2.811611831459587,3.7830361180037273,2.8584672311374066,4.862045584948861,4.1831758164684345
0.0014853304984036606,8.958997009161828e-05,0.000773171470104031,0.0002459057105821735,0.03213309403640819,4.780693015418463,7.478495407075859,5.334232171708224,5.766803148509122,2.4046117902245747
0.005488688235472492,0.014705713700491995,0.003131012043650848,0.004659315799221972,0.0016250774117161383,5.956931174853828,4.6150447027813275,6.952934303962667,6.215043250748138,8.103790497984312
0.01532608937845218,0.00540804719395842,0.0039411711771288995,0.01927036040421719,0.010906910362847893,4.191352627576126,5.481579343773157,5.979886001864755,3.9212035272452446,4.592075957047972
0.018903821302408474,0.004084672908819285,0.02043873977114185,0.003588044671480183,0.016779002085300254,3.5838881675709993,5.290670686946347,3.516985566873639,5.414731878654134,3.700988040726083
0.0025562233955859805,0.0008981020014814969,0.0003955325028572231,0.023793996049412867,0.0020958426890297457,5.118654297496539,6.290451967828697,7.713840332480291,2.982936633514016,5.369493241917681
0.0027209823190431,0.007967199614421609,0.011356837747527684,0.0001520550770643547,0.00027555196408394784,4.118769071702664,3.2403841554607733,3.016670823452173,6.3896959610736745,6.279205989380155
0.008032449041612407,0.0031397212042650387,0.009259936038500127,0.0031990605633195933,0.010406155424638613,5.696393448465553,7.25612815455562,5.469760126743019,7.13999445345266,5.314734315476908
0.011069965641656626,0.018512571667071764,0.006898489760745976,0.0059613294003346235,0.003162962588533141,4.867383144097495,4.256305718493459,5.562245407531812,5.6959866019224545,6.7280531339763305
0.012718052717711616,0.0028181948706468988,0.0046764797597908855,0.008938515585721816,0.02360500750684744,4.300059066997777,6.291414335757275,5.574136400839813,4.680813961713514,3.6604810633532074
0.0031580464897255,0.001466714575406109,0.01990082021825931,0.0003831833966393158,0.0024112423753599736,5.45253159184955,6.441129853627112,3.412319259528387,7.988509172009908,5.828554514538606
0.0035771786406063495,0.00466214675584017,0.0005670905983835343,0.022260031901467466,0.000762778415950137,4.584819704949148,4.284725390458445,7.025250656178805,2.9473711458924328,6.299386619516278
0.012461104405745414,0.012520986335085539,0.0069038250518691155,0.007980912540828968,0.00485246260841113,5.00531047165576,5.005806581269671,5.892371450125227,5.602340986505798,6.406884290062593
0.006930480822486167,0.0018924278911144764,0.0030905654450400447,0.0063037396652246055,0.01663330126384611,5.401408900524552,7.473075095885792,6.646462204254473,5.493175437645193,4.301579341658507
0.004269312327340176,0.019940121152534383,0.0029710981881169393,0.002508842668689844,0.0009305357486913683,5.590499835903347,3.761322096755366,6.166985318202932,6.362049112946251,8.022458034476124
0.039860600585365856,0.008528071497408024,0.0067110570321798485,0.01784854067835488,0.012729339727033016,2.8025510034168697,4.1731060726663065,4.4682932938406585,3.426797235572073,3.780710245414399
0.011353060604437812,0.0021762903027170736,0.06368390152118504,0.000613710085880306,0.0063253040616120726,3.3390575856808278,4.834924445545229,2.1433599153792424,5.805567964818847,3.8629155733531784
0.006838104623226309,0.004007119492441285,0.00217446085381543,0.014837527353788422,0.0051247967205754206,5.777622685167399,6.620448243738587,7.784817777976603,4.707277339186777,6.239512227434174
0.012035692422715835,0.010951886989393962,0.01735154398860385,0.0033048343566145296,0.004311645193168815,4.603971067938986,4.723624383558276,4.213353399833935,6.375009985635026,6.006702245982582
0.0065716792128130645,0.0012826346283312591,0.005593283701138828,0.002447191440706422,0.024226825144116365,4.896541255713033,7.194363116919627,5.085788717564469,6.171465438458965,3.4919008977498267
0.006305022070117934,0.01629674232315023,0.0014124311562553015,0.011706847274232775,0.001107329794941443,4.404909491988151,3.453507313231256,6.368015193345007,3.7755579405621322,6.54826255602758
0.0034130647442144734,0.0004875532475483551,0.00038180031612893456,0.021137244756714375,0.005449654563609819,4.244919023605087,6.0999581403125624,6.670911535941939,2.7454716013037714,3.8508681774845575
0.005549308885444187,0.005315316516810964,0.01338300970024555,0.0016640171350860108,0.0027999009242364345,5.998577490209129,6.069575798135439,4.774723912727924,8.072662223164762,7.150252683841031
0.010634873327392848,0.011474658443672995,0.0029937123641872927,0.016634328286978493,0.0034918912811003288,4.68810507877608,4.588830996575936,6.524658117032345,4.169591696453754,6.236929416319866
0.022877941077942023,0.0178226094797546,0.017867534568461723,0.0049587063730148545,0.005059875279783904,3.4732358622391137,3.71605633796106,3.740258681239467,5.11245535011315,5.130074073791449
0.005778610258345707,0.0006443185389812125,0.002877918074793636,0.0023575436626049827,0.04757246869760615,4.342630562466015,6.875377387524793,5.110571512388859,5.253469255728756,2.5389104322997595
0.006502576518112047,0.09430748148781344,0.003362172678741973,0.0013817808822294043,0.0004134629123470086,3.553995527257329,1.807064041148147,4.203351397006861,4.857324927242429,6.164112909958701
0.01347005277436049,0.004405997376479607,0.006515673625361812,0.008407992514882253,0.01518942820336482,4.6902650557941445,6.268959180064574,5.689393498949726,5.256231939452053,4.549431105741839
0.006913329895546049,0.0022273391225923846,0.014176036387660492,0.0017709818430846362,0.009520096234182613,5.124703638422852,6.799302681602233,4.238694705600476,7.110460038284676,4.721721911261346
0.0031636332990805597,0.001823769078466696,0.0006553288629522565,0.019805079329394806,0.0020572722731910385,5.6188168208460425,6.346634760354662,8.156856450318516,3.5507601695048443,6.23397402553963
0.008504479649820805,0.02724436143815866,0.011268240636170592,0.0013996559199385761,0.0011100852360138448,3.845879273866996,2.8576431496857766,3.617640862132865,5.700372739650105,6.116817016011956
0.01518102294101982,0.0006020219268356842,0.006657137147220377,0.0010588346646155172,0.06793511956817556,2.7570575636571797,5.257696269068065,3.351303889662393,4.468947869216226,1.8866273508211102
0.008744319989945487,0.012980317174435992,0.004538152160016292,0.007469903735985087,0.0031337715351438928,5.555599269291712,5.01287433630944,6.653745739828011,5.784205573078278,7.252617277250979
0.00878067163210006,0.0028001268643862336,0.0031405011654284717,0.010581122149417354,0.01309301841626997,5.148687287030808,6.887660946720194,6.726809291357291,4.875243411048778,4.645222087510002
0.006920570619118259,0.003240248199464468,0.023625932776522394,0.0014122955196967637,0.0050579601961979895,5.009369400486745,6.057337781116508,3.6287873438001843,7.281446696539189,5.431042495370884
0.014352958961358402,0.004942242030062025,0.0022032833806131884,0.039841298660589296,0.00709441503009946,3.7370308655759117,4.8770053430868625,5.9847717804471285,2.848386581294366,4.4883870448120105
0.045708861336537704,0.004534423269872408,0.01994132835493187,0.00416960012553771,0.01834821449727466,2.4047090197539154,4.274233681326193,2.994670662491689,4.312446934465775,3.0489633282131177
0.002875124041608048,0.0009164167752828354,0.00212154208705395,0.0021516329151891472,0.008772479171338894,7.282735522544179,9.60163274921984,7.84582672073267,7.779426485987957,5.466728631618983
0.002786071857399141,0.010524183083458618,0.002140753157923955,0.001962667958158478,0.0007786356258245091,6.808610082972365,4.844123546638472,7.326027886161,7.419141320604244,9.233028191704422
0.024549170128333277,0.014850972599635798,0.0066161802900634855,0.015265508282406673,0.006649128364195512,3.543018939255502,4.040793429975626,5.019943213235801,3.988249809594954,4.977745962191339
0.014153624316849765,0.006537480359179095,0.04543539518936834,0.0017278582004600204,0.004875435960188373,3.6494115783391203,4.445210892026755,2.701552305923015,5.944579453131508,4.782939458286918
0.005010553248768591,0.002730924442921142,0.0005549216494089685,0.06298247366597282,0.001490760253853514,4.050510103147024,4.590266803182143,6.64564442827001,2.1560784597031737,5.267135356813627
0.00819451604111258,0.011369752111586102,0.010242034534669492,0.0031215268216624125,0.0029843429851383937,5.488307275326982,5.045007496899648,5.216589676507107,7.002158641717113,7.126775768399097
0.010606880606470494,0.002772823264821876,0.008668670048825941,0.0040551228695434646,0.019172385269793767,4.743025580084961,6.670347983079556,4.992085344954256,6.005969298570673,4.061901167102302
0.01560650056484163,0.026919504713597144,0.005166786087887759,0.0100700965117671,0.00305953144722207,3.9098173631282993,3.3920708420189243,5.243002386873773,4.3685546348048545,5.921756414170046
0.008740074137352479,0.0012383614158616345,0.0018848604907754105,0.010345648189419791,0.026121934119774114,4.0174575587641534,6.247087696470521,5.803076837811914,3.821548074719636,3.0420101553987484
0.0012177609081224462,0.0005848995334778117,0.022133499788625905,3.435032205171295e-05,0.000613413246626415,5.132061867041859,5.8215861347861155,2.684609448235699,7.840216203953431,5.897902414380589
0.0067602693992169565,0.008473685911105523,0.0023421707946647183,0.011822015923034558,0.0026805283697437184,5.702876233194633,5.368085709958972,7.5266941928582884,4.939075742430533,7.226980730070247
0.016849956622330655,0.019135378596392333,0.01027604887519559,0.0065446480165722715,0.004440921451715324,4.132558975584822,4.004779296251276,4.747599936988213,5.255129133682908,5.84104700902933
0.008910295214555435,0.0015401755489746307,0.0037112177257465316,0.005428423685137855,0.03309225352241575,4.412292461346978,6.715296341645858,5.501210736992041,4.9672255793473115,3.137107676315322
0.006090868957071432,0.0502341837422289,0.0028683376140795883,0.0029473618783054643,0.0007425762881748632,4.287865248124383,2.496976331477305,5.192163419249023,5.08065111968514,6.821780264138366
0.0363849832692596,0.001997968806713706,0.0025000103653741285,0.01803892545067898,0.022667306573091923,2.2922888086722395,4.446386967293304,4.377292987887862,2.710808378125563,2.595923516171508
0.00923760672455374,0.003533855721911471,0.013398469186313183,0.002898899507995804,0.010105396814925982,5.157397407692899,6.616735129056916,4.673134630380235,6.881809992152925,5.0414593396812215
0.0057451252016601185,0.0023994405059128707,0.0014248582431383367,0.018189560530871646,0.005579640321908009,5.366581390847399,6.648673085212586,7.603776223374079,3.972779731375783,5.4217651973456915
0.005742800353529285,0.007495075769629933,0.019278147303315146,0.0010033083810214562,0.001674022381470306,4.82407635969017,4.510325637936674,3.5527824431020623,7.065490949695489,6.49618257810033
0.005260111466707297,0.0006858656267077691,0.010437812842180632,0.0005750508678707062,0.015993521421875725,4.280125615373425,6.485172826235991,3.606017052178452,6.295680391041917,3.2529193012741295
0.0031815628254671666,0.05628362496193886,0.0008600296859662851,0.0023815503777935977,0.00017780868705443448,3.9240593278156815,1.9690032127276897,5.416768830650109,4.17792994815997,6.551298311380925
0.00949304134884345,0.004261454309108128,0.0036629523979110536,0.011740647760339288,0.009050213093480987,5.417585462302185,6.670504549996901,6.973285347034538,5.1062467577986625,5.495892423543842
0.007118098526963034,0.005021548777765819,0.018165768070127788,0.0018719920274973198,0.003994460285887521,5.4168940808087545,5.929148915278564,4.237045091316928,7.532126649197354,6.287342531296738
0.011790044949910906,0.008053613569526158,0.0025998342173772604,0.025595924378715267,0.004567934446861701,4.364273020601169,4.804286273466383,6.436960959900021,3.5579898253673394,5.568894989068926
0.03764400771967865,0.012154524819090323,0.019158817115008917,0.006302356670182968,0.008922023273656007,2.8869210256289852,3.877533658648967,3.4720647664583937,4.5401973827087785,4.1992092996755686
0.0021966752591885534,0.00019527782442751453,0.0009638196233717231,0.0009008339498120336,0.030118646304417105,4.945379837819578,7.6042358375260815,5.788871721493645,5.603795827179644,2.6625478038729744
0.006563704315354061,0.013075465796654173,0.006492577482155094,0.0031995621997388934,0.0021773322765946917,5.88493445444021,4.921615251894779,5.955206577309613,7.056941383324883,7.812977049654739
0.01615871445692617,0.004805315619414196,0.009430921826552663,0.006864884989205376,0.016635152588366075,4.304583694582984,5.8979615635372005,4.969386879925652,5.325793424923857,4.274684896267467
0.0050470749431560215,0.0017242260345647852,0.0157056314758601,0.0010191058859168828,0.006314471263296309,5.291109312469751,6.849745560563784,3.9363099812571885,7.51645789214995,5.007260854853177
0.0026249783269293382,0.0019978563589401832,0.0005066620829718677,0.019666498322876192,0.0012009252093247167,5.507490060369265,5.812260508977451,8.081113556058575,3.370533670536287,6.548474731257172
0.013041019389063118,0.06909048727330085,0.00664677537183022,0.0023849576357420545,0.001006703660612868,3.193794765642816,2.0777192136731766,3.8086228323671296,4.6792138368391205,5.6642504251867445
0.010470662460065483,0.0033992268988692906,0.0057979372632837615,0.006657718614019079,0.015366748124419759,5.130208079332736,6.863111082427325,5.996469890257515,5.716678994813053,4.640665485117945
0.008968621555425734,0.013811211516182637,0.0029448559576365405,0.011970996401061366,0.002661802623211959,4.953084014175383,4.420240068841041,6.629437022611468,4.595285330225736,6.747411373020887
0.005936961155171204,0.0015814087825557967,0.0014436414979542562,0.013551561728446751,0.009979095923416444,4.98265782311024,6.819019479630225,7.041065707748145,4.009632360151797,4.376611851744096
0.003165847350017807,0.0026715365576631313,0.023285350908883132,0.0003189395751021088,0.0011921546643673692,5.103919054647697,5.280985141470983,3.1037155746547374,7.646367050072688,6.3412282223836085
0.01873302343587406,0.018021527476357095,0.0017158609231817605,0.02657541512516272,0.001676500468418753,2.817015080315239,2.827827882489871,5.029553895969283,2.5641247108881324,4.88615773307205
0.01236018879481139,0.010153210845361173,0.014080571676065272,0.004144669731502831,0.005235020766466381,4.841067098707283,5.115039969649945,4.704264280124556,6.382927141297832,6.058731502324212
0.0060005392153412475,0.0014191830663428141,0.004605803537436823,0.0029446752100412985,0.01996171406722379,5.37668404761439,7.635646747425399,5.739010057864862,6.3938428391279745,3.93882741996575
0.003617482643314341,0.020200857316521163,0.00196035985149799,0.002682773777540647,0.0006939939581001666,5.530484665445059,3.5667031386226546,6.4709369484167585,5.941337919952096,8.028147357291418
0.031138903746726856,0.007076699559317766,0.003337577781762568,0.03526078949958141,0.008863478816750809,2.8099118381693735,4.086242999295172,4.9513333787253675,2.6973147479092625,3.8850775059553144
0.024783212582531283,0.0024856345393813976,0.0542597063423761,0.0007679041742205233,0.00833476529116757,2.504866895479291,4.212220571354158,2.056158842696004,4.931625202885876,3.2872350366831045
0.005058275498043538,0.003141390892138795,0.001474141235493436,0.015084292894060445,0.003733892670951555,6.0267091220939015,6.783206398321014,8.249389773943072,4.537622069126422,6.529207964403993
0.00796676835885068,0.013375150926411516,0.012773172026519237,0.0022484882298462326,0.002243510813993846,4.911709031654057,4.299095076663461,4.380573905902292,6.71270016298896,6.765172041054983
0.012368555482122496,0.0021437705119073127,0.011674979184346896,0.0029313719911228434,0.02606405097687363,3.951353246440571,6.052866429336028,4.001383253942291,5.587066941730972,3.2541040156900025
0.017154797562077065,0.05788894461166014,0.004407150846237477,0.006847075757837425,0.0016517040020496327,3.1849991159366104,2.3217323540765538,4.507756938108812,3.996068833737209,5.558596730566818
0.007606743287370723,0.00032931746033427035,0.0007955769924378564,0.0064061962268257685,0.04672351955629904,3.179786903797159,5.658969267956441,5.061623388938019,3.25608018569498,2.048940294748578
0.004889262623457049,0.002939842367017826,0.011263175826943573,0.0015912054902812237,0.0042151977469955535,6.499548219963067,7.40430159788263,5.204464139067813,8.5674854626318,6.757556657168541
0.006262408566368515,0.00573467985674466,0.0018600643247874994,0.015554781991960313,0.003022262727436697,5.689069020615538,5.803947118198991,7.7760584804774,4.501547195226367,6.858951121841042
0.024141531424502347,0.014773093667356279,0.009020520630387005,0.011022481514441016,0.007121687139436911,3.661328261501436,4.170406111478681,4.779146068313828,4.468826706716063,5.041662636698287
0.004434622777232516,0.0007287864460129467,0.00168576311319831,0.003928011952612063,0.023229378247352106,5.077418406811974,7.512243795344326,6.3677644047952,5.1973004377935785,3.335648140163584
0.0029637553090943137,0.030274326620953276,0.0023201508496155845,0.0010385457892822276,0.00034014189970985547,4.855102814835928,2.729079465260447,5.2074991077818975,6.002166252921211,7.462986798698579
0.014001735463386919,0.007011920000535589,0.007840024721268244,0.008303742261352047,0.009529569936455744,4.866271017988023,5.850052279446343,5.706132715663475,5.549886185522668,5.397969578347495
0.007725302355995643,0.0036575952270623004,0.017545908223344328,0.0020515160642658983,0.006438641069122834,5.281985886067365,6.41159571550068,4.25582720304796,7.327119803785569,5.539872758665403
0.010290253507952797,0.004220994664397795,0.002212852568766786,0.026601716360235717,0.006996972482093266,4.49583245183896,5.6252925591156915,6.648531980397949,3.496003629237585,4.978062122390024
0.011370530687028039,0.008827074187538414,0.034923562843129176,0.0015929208973373063,0.0031267482819582228,3.91706560879844,4.176299389523243,2.9440116128050136,6.166003696960634,5.40789509664627
0.003237311553242434,0.00030256151984991265,0.003762450264368187,0.0004010270765841061,0.025400834290043067,4.513949213768017,7.010026945628974,4.362668017453255,6.141547262575147,2.7588035867943757
0.005685238614311973,0.010113780190394904,0.00244485068579845,0.007607372248253975,0.0020330518700758275,6.099385052194182,5.2485698244833765,7.634093648062106,5.667945853876646,7.928272877959121
0.006695145906884274,0.002675566587229121,0.0018900429096361609,0.015442489204747414,0.007228095673241017,5.39938737044347,6.794485840026362,7.454099886766352,4.32933745858633,5.30487795541897
0.007620295956106646,0.006616938638864363,0.024718675007974488,0.001482889733776314,0.002874388047156893,4.75121776858326,4.924671644422829,3.5096473845131975,6.987883499700195,6.074187168965105
0.009233344311581246,0.009172265540084327,0.0015113052679801664,0.030594608233286913,0.00222834979213635,4.044009662048439,4.031694047152426,6.314692898600686,2.9719828212565953,5.69679483601419
0.053288113139255425,0.02349905202299246,0.014381318318445649,0.004648402049840012,0.0037980329501572656,2.2029136044467306,2.7239746251436223,3.1156851475857814,3.9997703382102245,4.276168721985445
0.0059533596317293,0.001787045021836241,0.0036199981677841543,0.004287075703976233,0.014749300305052768,5.921171842869794,8.018363428358095,6.726683797857421,6.393142972688049,4.671873277001159
0.009540024819040153,0.022644169792176493,0.005678380456206494,0.0053383649044827786,0.0023429848185048453,4.845179721860961,3.864177122725019,5.607275919595354,5.613375974918427,6.929622517747553
0.017508624484064504,0.0034094767232690994,0.004854272366005262,0.012017813015478114,0.024155848459018133,3.7528834220887766,5.675112240750325,5.232900153305368,4.096953007432985,3.4585212178709206
0.007665219666899966,0.0012557850274222248,0.016235015665638987,0.0010080218687634973,0.015008900731502968,4.094131305254765,6.1279150431985565,3.3755524751772135,6.174906296994244,3.4601270948731075
0.0007151118372716661,0.0003075243093270708,8.060415402549462e-05,0.013496647259612752,0.0004337784384247019,5.577056833295,6.374459608040142,8.306338877572337,3.0351046595686406,6.129713741201106
0.005524094943822239,0.011405422583888457,0.0071928207527177535,0.0022526758985541113,0.0018092271908078605,5.951968259087268,4.936878082005045,5.603656138431662,7.4465354492261575,7.904371392956105
0.016423960527123832,0.004645809234182548,0.014237622976607758,0.004718717440755524,0.01565938808329216,4.13174070509748,5.7170610421986545,4.287149466497904,5.635859469524197,4.178250297444285
0.008440710848460122,0.03398553497047021,0.0036166714080046384,0.005402836441538691,0.0014935352401161208,4.443722286600747,3.095544489862896,5.552730394332485,4.965936033490618,6.77576119946267
0.01960458548904023,0.0025315708154993186,0.00272694777908203,0.020787089892647666,0.022029790948330873,3.1417417742277567,5.13545869138121,5.127379621304896,3.074257791871529,3.0607428479002827
0.002232577515647112,0.0008762048263891994,0.05961717266433039,4.556053612243164e-05,0.0008369723662695494,4.257043394616221,5.029063503801408,1.9685609469924714,6.954826002515613,5.19166227734662
0.01007768706699823,0.007272546535979094,0.003844480941031208,0.01278355956495161,0.0055648560268387205,5.37766541967954,5.857522415651608,6.960594578207612,5.038719465286895,6.287129860450888
0.015826778920128126,0.008271506729242387,0.01481614018869226,0.0051226355920482875,0.008304348763772394,4.438049934628212,5.268229054697989,4.5343370046505,5.901894812072142,5.257217616928452
0.003659678713932915,0.0008042451776155428,0.002612082016671291,0.0021395216705937465,0.01632831376641585,5.921006992118151,8.353618414668539,6.423050831461229,6.697840369693003,4.041498111286801
0.0032210494035081597,0.02114998673775364,0.002107455349173287,0.0018747133021136048,0.0005611375530528847,5.492071096016319,3.4100150265967875,6.133462510342741,6.221440948977647,8.0434748315501
0.05528858829228091,0.00907211449418946,0.005147402535871595,0.021654341379598735,0.00964024028964553,2.3154750510495683,3.6733430191880623,4.260431373399686,2.927725044572606,3.6372242833578925
0.009187820150669553,0.005091623921087764,0.014005229475514717,0.003033695000179945,0.006742718501345367,5.426458600467742,6.343906039171897,4.854857057765861,7.164026021298476,5.886234963993452
0.006996887088184149,0.004107416380818019,0.0019023945257919512,0.018824047607464544,0.0046610934285114146,5.416835523891788,6.1937888409574935,7.565914946615674,4.176259714908733,6.026706727510677
0.013377744081231045,0.013897476331054325,0.01923584069277256,0.0031021893401540594,0.003696718302793199,4.176506778633534,4.138935690743707,3.8311230849232243,6.017384286557747,5.8099594741987355
0.007431997551290066,0.0010618494636939165,0.005707922971358539,0.0022385814473819634,0.035008649620509265,4.338289020255559,6.721234861993502,4.624757310006985,5.679183310131556,2.9097259624341
0.03532609424746326,0.029695892597026735,0.004231831116504965,0.01427322163701021,0.0028912696764405183,2.524353126183891,2.636062854846882,4.3264032448033864,3.1665363371834996,4.668606862506766
0.005807988192166546,0.0019212560679038268,0.002698780667045598,0.006197725692191998,0.011841207135106247,6.029482456686559,7.974822507817135,7.350741347632577,5.888626243122139,5.011139926183982
0.002915581132215703,0.0019957764444483972,0.011069800294324571,0.0006937297769632476,0.0021668337368831326,6.6278706045026095,7.269007549342086,4.6840945493945085,9.050778737345876,7.142749242950319
0.006327586751657165,0.010163629710291897,0.0016139413589525526,0.014258676647312563,0.001760162917854525,4.9866655203175325,4.3996456593078515,7.021300384941598,4.054011214521541,6.810050227096789
0.02130881566144362,0.03937084534330538,0.009463226653695386,0.005457484938325266,0.002726014124424553,3.234324573058765,2.7599947511727487,4.0281527852456644,4.549252249161517,5.41332983119285
0.009139611431991008,0.00057961804682483,0.002058687846107089,0.003981004649141852,0.08200360885526177,3.411731612903046,5.955106619344279,4.768480402518814,4.067114437504562,1.9535942130355513
0.005743541673701211,0.014932458457037813,0.0038822137390039763,0.004019404605643117,0.0017302827609774244,5.970959845680829,4.658107550307429,6.672977746646138,6.540343335806697,8.099799812787634
0.01816423569614681,0.006078500918812662,0.005658228621714233,0.014511968716000903,0.012946452782174354,4.075038300659467,5.414629099948261,5.551174741771032,4.289094693522925,4.460231609869233
0.012838293740495055,0.0034582413924129675,0.0235560318642795,0.0024364084836020566,0.011986285823809196,4.04708815658525,5.635411285079748,3.4528046197752076,6.06926563531406,4.123103775354316
0.004724858978890724,0.0014962451461641034,0.0007131670560672072,0.033716639598315806,0.0038265435478833116,4.595097048977548,5.892035040338437,7.1018048313417035,2.7918097923347096,4.8490985618430535
0.005854653460474029,0.007748455433363413,0.030866270205271443,0.00030342862301640025,0.0007471702042241725,3.650932953146591,3.405457109125317,2.4460907045020255,6.056010495540126,5.573283119907979
0.006886574270817678,0.002171792402731538,0.007704470794241854,0.0027136320928384267,0.013030481342132588,5.604506114230175,7.506329472174171,5.421980304654038,7.0301569786762625,4.740885510540862
0.006819206946382877,0.01736217687267234,0.002635722807436317,0.007512200393896909,0.0017307537274391202,5.178647680800682,4.0612345294245396,6.6381497949906505,5.056851876710466,7.289935370134252
0.01010619043613048,0.0026735271261877887,0.0019555164690396964,0.024102983531452037,0.010633187119308865,4.217519845574004,5.842035126187202,6.353538217404223,3.347760358150672,4.176789781640444
0.01048554394922499,0.004351446359021019,0.06325730829401865,0.0008556321565667471,0.003693305335652659,3.658491351087368,4.515874931886653,2.30170948026024,6.121376593581079,4.730326789083378
0.005416764309384135,0.002224370082139859,0.0003941075842273269,0.10765748909464806,0.00118681049938907,3.544579385521617,4.218392190983223,6.185073028152649,1.694980140576354,4.8304506377336445
0.01377174358731496,0.008147975829760488,0.00872021638182981,0.007399736910217315,0.00802369868881181,4.930026731261589,5.674735226801681,5.5972834703634335,5.76894660178996,5.692776760738447
0.003877835160583513,0.0010788015792023995,0.002274273150426009,0.0031786372318461376,0.012728332663137365,6.364935850412404,8.664671451929486,7.271187000060464,6.644897017251797,4.684899720362038
0.005192756274436573,0.01762159880561154,0.005514539690742159,0.002094709280330257,0.0012400425715492645,5.4184669093293865,3.9555187851578393,5.384729652940672,6.761971151945012,7.685924696174077
0.03330479685435901,0.005897187955654594,0.014619792457202812,0.006830666728739922,0.019160524988881877,3.0075815824225494,4.690262130609864,3.743582521599019,4.480701268086613,3.477432256136943
0.0033303198571665495,0.0008312987473319748,0.028565230088550306,0.00018542758600484767,0.0033140624257787716,4.588106365874631,6.055608852142915,2.711626168742105,7.123799798573204,4.629367287114621
0.005676812560374274,0.004561930174450685,0.001869288869988898,0.013317803343773046,0.0034022892193636186,6.152812810645929,6.49750142509886,8.210880659011893,4.92906175343358,7.035388134036075
0.0096661544314873,0.014994952806442538,0.010931621475647647,0.003388504588589772,0.002912845060985632,4.955140310059563,4.4249860390013565,4.842334616628373,6.454349420767125,6.747320174661748
0.012701204163639592,0.002592493097532669,0.008391104696064767,0.0045114591228965365,0.026532354963574516,4.216179132120448,6.282508980795358,4.690872930967277,5.4358112636270155,3.4759766763431448
0.01545496686924958,0.032040211573826125,0.003704420852868689,0.011578803481700954,0.0023242141569658503,3.5930896415821,2.970903568666139,5.188081854652639,3.8606208068538925,5.744068099402719
0.006462740748371405,0.0006331909793911027,0.0009438759239656203,0.010780766190423459,0.02204928779622779,3.8225073803347787,6.098705123323239,5.826731173151767,3.357428954013642,2.833535100219965
0.004406534619899425,0.0032216010799784377,0.012221223245857579,0.0013161457237554353,0.0030420863538079745,6.454317255930742,6.993391124154811,4.932623851967977,8.659425178117038,7.099922750636334
0.016457584809385608,0.009900807539767536,0.004852220353505686,0.01701356237250148,0.0068387788320066175,4.243809122783535,4.84576580821287,5.870286234349786,4.190414211989661,5.34213304525417
0.0190489389771278,0.007838129506119292,0.026987972710485794,0.0035557728603889437,0.0080160577058897,3.715523329442405,4.684368759579204,3.404231418035491,5.658748596264161,4.654773522690435
0.0024331704427281516,0.0003256651899239307,0.001895253245185033,0.0008375266949145973,0.019249642488396567,5.448426018114131,8.030579668094981,5.727334226680463,6.524441340499623,3.2985576157019745
0.0018450598305475398,0.02418442069854952,0.0007420529353521951,0.0016690811895865387,0.0001637857269149147,4.8769968348554045,2.667716407180597,6.1947849377713435,5.019445769120387,7.513553448617951
0.011304819352395183,0.0058937199772977735,0.0037221300345524244,0.01538785934631825,0.007529786225471029,4.9880353675138105,5.9058256151181965,6.6935859192925165,4.577870814711379,5.557177112433168
0.017908324504546214,0.0060403863372331034,0.01575674993687312,0.005068637344270614,0.012667638664330032,4.073576626279401,5.409156363561154,4.2250391116397505,5.59795476629225,4.464199871744724
0.003220718538652185,0.0017010131596529102,0.0006982234016075316,0.01816025384121938,0.002405518854376918,5.723080204493822,6.606119533022055,8.233368312517214,3.7039087845916954,6.153574470952845
0.006263264423743008,0.01767168347739029,0.0116319411627241,0.0010483210589460122,0.0010046396033810644,4.2703318736005516,3.2847479712851557,3.688329484538448,6.234396060153858,6.456152057264114
0.01433992576285422,0.000819154537381383,0.012178002617614696,0.0008735332933170467,0.03678269301152575,2.9176732603276143,5.266243333237705,3.035488537812482,4.879697105853045,2.3005033499629945
0.009905370080262946,0.01731169176820288,0.005355011826738733,0.006785064059582162,0.002944699010388062,5.087717504247728,4.396315868552981,6.030258749835424,5.604080496931745,6.960039194571155
0.011794058793042794,0.0029775715990761654,0.0038261047867433682,0.011279888560471206,0.018448181733274085,4.465027532377512,6.328179939336263,5.979043015831255,4.485976632197042,3.978326329646741
0.004861433897447833,0.002292077898677909,0.02657164944892012,0.000690471796523685,0.003349923676793029,5.036474540685371,6.011832744294146,3.2422050602293115,7.4980169341878184,5.530824409848549
0.004395809981665658,0.004505147441474223,0.0006841090500041227,0.029254907648717646,0.001118572189782943,4.516586293789993,4.462773760385769,6.986030980615211,2.8274502005141913,6.073117310090059
0.06616507270450657,0.02612220592950485,0.004953398015392287,0.008601633313009248,0.0024636510544144194,1.8992383060613764,2.406360466973654,3.653151596828157,3.14144802551525,4.174163579617852
0.0054931905454393085,0.0018471579232292664,0.002927664244748779,0.005103581018401959,0.011773938123820889,6.256837357914329,8.246098771168207,7.363406650655858,6.330582117298678,5.128146107797917
0.005418532939759076,0.01645039115822159,0.003936821483121624,0.0033830478225784864,0.001499776470092799,5.839534869261804,4.378643732026635,6.399194406066502,6.576522328101391,8.063982517753422
0.02369701717498706,0.006984888686996062,0.00693107499227455,0.014154252227547978,0.01400507417989807,3.6368221188318333,4.996548331937038,5.04076680820152,4.128391967023334,4.181800451320715
0.011306073554240695,0.003006343243180372,0.03141150875272937,0.0016261198138000936,0.009386343933566433,3.9588120037388332,5.4843303380605795,3.031234188399452,6.177054658732725,4.155298509724865
0.005565588674317039,0.0014563313712403138,0.0006463883915086749,0.05144042824207592,0.003818305315416511,4.087546153131186,5.416266477217011,6.63340030118267,2.3268148942760303,4.481085198445833
0.010347259897118375,0.008401111433712517,0.013581024818405105,0.0035891097889989326,0.004988472396392882,5.232741336949332,5.538606103012938,4.8998858389256785,6.837710330536982,6.331430030767488
0.005478663445709826,0.001458020172244947,0.0048274606889305086,0.0026048968237038297,0.016066940510765564,5.717241686082656,7.915054947924353,5.886211444171938,6.835657966038221,4.327309806970225
0.008231648960990856,0.013754002546088051,0.0022092769603073727,0.013810188092522139,0.0021294156075976935,4.7191426306280935,4.119743953273399,6.594709932657398,4.129214845528473,6.600630583201134
0.004584565093312288,0.0010284732585791251,0.0008867497657362715,0.01482573712631954,0.00787861204046377,4.838607338455037,6.691843596105553,7.068616996044062,3.5859302439867538,4.247760732052004
0.0020494200750457384,0.0019446458444181069,0.022434885480795058,0.00011099463888441693,0.0005689301418535368,4.878844490065966,4.892053757257954,2.789880311517398,7.471466721059638,6.298734567561361
0.010010266891473045,0.011256591736196387,0.003922163866948695,0.011313830717714534,0.003819029347643225,5.217266819246651,5.056793617608783,6.706560924597287,5.045967369205722,6.698401632877445
0.014095713518801317,0.01290468604141062,0.015977142375164205,0.004074635007056925,0.004678778625930574,4.40021193938341,4.514401444935511,4.295728671244123,6.0224949486102375,5.86036772028418
0.007059719665636195,0.0013201407951708084,0.0049392883833691385,0.002994999585178221,0.028186961181839738,4.782273714666986,7.110187328277994,5.224451638285553,5.86901941070269,3.344476030828236
0.007384018666065118,0.03855388266365101,0.006033892176275365,0.002126138558644282,0.0010249505184548758,4.198290646091403,2.7445379451723695,4.452883915579449,5.605632304431943,6.61201937123797
0.03693358555069113,0.0018871150647872374,0.006789014449947971,0.00537120934548852,0.045759171085100435,2.3690588084890494,4.710196438385412,3.626058988486051,3.75187626237575,2.2447558415071516
0.0056155257286192115,0.0024081112152586053,0.011427234867422009,0.0017591838654086008,0.0067734821853946406,5.953697453626844,7.395045022586982,4.931096313453736,7.910582525079206,5.675062629835641
0.0036166224930610077,0.002793077274136804,0.0009529326528111417,0.014681687514612388,0.0021547059972385125,6.153702217645571,6.533641818603313,8.55318663149063,4.310348061792923,7.003401070416433
0.006484715054540793,0.021360025920981997,0.00759252311542356,0.0020024066769782052,0.001321290623922534,4.789416515613196,3.5249966889404454,4.643360255570937,6.34950601677336,7.032170323805859
0.028998366305076857,0.0032144325966013405,0.013683127060963236,0.004648651617442242,0.030101367067507268,2.871985677858282,4.9398440762338245,3.4934107932139584,4.5047402253073825,2.8450912059446845
0.005326901676720928,0.0639717839393006,0.0012678912024162916,0.003741748751746197,0.00034244595837175314,3.6813916904797375,1.9820758725726915,5.223604099932509,3.9773420477292114,6.259126519957216
0.010251693990503267,0.0037606175781452244,0.0035070768661864,0.012903452850097759,0.011199811044879238,5.020883706186234,6.5001476786004355,6.654021456117962,4.705586556808261,4.915956319830173
0.007347784769535357,0.0043518650225179275,0.023733571962697236,0.0015818998953610064,0.0042280499241770485,5.024909089285278,5.74099509447767,3.694559924584649,7.26977645287781,5.791407258719329
0.013589858166832884,0.00700129270910768,0.0022629271673410864,0.036954827520472806,0.004982352331533333,3.879804419373576,4.580875230133192,6.101698271066313,2.9791010177648936,5.012119989698335
0.05331149954211536,0.008816192885937714,0.021738886198059894,0.005184540155510851,0.010625835974028882,2.377786841927727,3.7751917135118314,3.0273822119978293,4.259424547256167,3.6132627993990236
0.0006840487720883737,2.886643477228145e-05,0.00025069642505365483,0.00010506447253839228,0.020877818533895334,5.061733193375641,7.802948916641143,5.870745186612202,5.725088365755693,2.5211652159528013
0.0034043259592677504,0.009760636672765768,0.002718896373841297,0.002465672969199613,0.0011272375984465908,7.07266511917424,5.387782614723346,7.558198017547092,7.675859984621602,9.328289354026964
0.01779187232494297,0.010654609567605895,0.00677610746183825,0.012414726172286642,0.007577580273334799,4.263989652090707,4.884043819964607,5.533417250753715,4.663100796179991,5.339413026816599
0.012441279166116832,0.006079968082013248,0.027353491261431696,0.002510132677436937,0.006356152253567984,4.287048324956406,5.168919257386019,3.4855724625442837,6.372468225842796,5.102924689983874
0.0071807950475863925,0.0039269031890935965,0.0011955448601484533,0.039734537380284554,0.0032675374503298564,4.436737994231191,5.123066386505384,6.872616230982774,2.8524435490542723,5.3966173533397646
0.011121329400763264,0.018852061363346703,0.02121386653748552,0.001126717488301219,0.001389979980187469,3.4319538000019785,3.0010229461137765,2.9427623158513208,5.558485740118563,5.527248415585699
0.00792494540980342,0.0026259187842750404,0.006904335086130375,0.00374657234692472,0.013747939006380347,5.596681555481217,7.430837297228604,5.791176126577708,6.716246566191842,4.840283662043331
0.014283581423121887,0.01734014030371817,0.005965249487181244,0.00992716026329822,0.004133744945628238,4.449652576831757,4.232744828258346,5.638445027475502,4.8792165130426195,6.138622592069268
0.007705649373319646,0.0016750159289382037,0.0024806374774624333,0.008416183855652109,0.020005648248176095,4.755618298511735,6.884714430856853,6.3199598897327425,4.6140998899513,3.7192093256269807
0.0025287380420884725,0.0013134966463240884,0.01938187253048616,0.00025082542977556706,0.0016621335619012505,5.508857921111781,6.308531497501748,3.3176552767007617,8.104825393243932,6.074328072718859
0.0062165358859016156,0.007980656792312212,0.0007801374229388266,0.02988554304197697,0.000942001269692731,3.828099594630436,3.5840119010859968,6.21071064417699,2.595335490283686,5.697679501840495
0.013653210970881076,0.01283159662987456,0.009493473295761355,0.006401965376179785,0.005175842022278506,4.7861576974795375,4.874911996387796,5.306526080003716,5.801326742437944,6.168455563409662
0.007183988389172372,0.0017634801688709025,0.0037820982560607445,0.004900039161597265,0.020600014295320317,5.221186695196578,7.401683500403638,6.151913309861256,5.716252587154232,3.966946227521628
0.008599526392376431,0.032372852789780804,0.004578553146049491,0.004575176935294669,0.001625747198738052,4.538591476336438,3.216389737787645,5.381620316670609,5.3137357805357315,6.8448858451256775
0.024368286204680956,0.003168583010401526,0.004178456535043999,0.015311128578228859,0.026811396880725643,3.070963384436132,5.083683028227272,4.809072060762746,3.4255595355337207,3.0029650490155304
0.007258211367445203,0.0006873860707959085,0.020927813496695948,0.0003229668180594418,0.013507613292348312,3.507275203094747,5.60184461046971,2.7075211283825764,5.768126909131642,3.0366586341961552
0.005416238792002464,0.002481847542390253,0.001721334170989081,0.01247510684965422,0.005866322467202978,6.003733782848642,7.303884257512952,8.053091854902103,4.820513483763482,5.894311955053839
0.005399893079360643,0.006408635570708169,0.014907472255606655,0.0013596584180893584,0.0020966873799652262,5.521667999960019,5.287474830226296,4.257889139384483,7.671245992684408,7.001445916615248
0.005581195186780299,0.0012441923195698225,0.010546070640675578,0.001190337251852725,0.012237416305110582,4.949725647368658,6.9738815038241,4.180181783015936,6.893884843060543,4.045311451428467
0.0037954114047721024,0.02723118005770814,0.0013493557183490588,0.0036024677042698003,0.0004996348039988397,4.7701414097900035,2.9102809534707137,6.176417886659898,4.833255655159823,7.282771650316405
0.013891389773927277,0.001651494136512935,0.000873199496858432,0.06882096935126185,0.006702169363609552,2.8961641859810365,4.557402749106877,5.395830720727948,1.913255032024459,3.4649118555529643
0.007522153435077306,0.0062316217327102325,0.01664525895328936,0.0021086368140483852,0.0037126428348736567,5.422874893186018,5.697051131877056,4.412270120365806,7.439557553996181,6.5083602093824595
0.009359861582578786,0.00832492471915272,0.002264669873588319,0.021538727962207817,0.003459625770814013,4.72157417606336,4.854307820314344,6.792024439426863,3.801963889145319,6.0845888099173795
0.03372266768197789,0.017173075631124544,0.014939727709868535,0.00733432430555519,0.00674885962335889,3.0396478190038683,3.630036810355818,3.79619882021631,4.479708946409157,4.615381943307802
0.0037247487021806343,0.00036305107276226353,0.0014278747528872608,0.001945911032280635,0.04060129382237562,4.588239286404292,7.187232763514321,5.6175563817084955,5.152372249453033,2.5392055256859063
0.0022433957014603226,0.0473368983887968,0.0020073837771888126,0.00040040808244341114,0.00011828571483652581,4.161043907401564,2.0349161332044696,4.426857139040237,5.570593206219229,6.818188111915915
0.012611764784218387,0.005671770076517497,0.007824767593857883,0.007146907930592461,0.010621641343729395,5.071673843650732,6.262199255284825,5.773905665998724,5.840014084990705,5.313060477714531
0.006392053273997148,0.002868395429918856,0.014382146811420951,0.0018189835867887295,0.006473151985162095,5.631880210270859,6.919393420382023,4.54615431982407,7.666070069209257,5.617663580142108
0.004706722295259522,0.003461168610610918,0.001132972984187375,0.019399742752442464,0.0025790924816588593,5.604660394144077,6.026017713018563,7.976272424495104,3.899168434116878,6.520087943406976
0.014090002159949721,0.02866033124918685,0.01209694731454107,0.003477433039272966,0.002414828482172349,3.796436384299534,3.1591560946914634,3.9943668095757583,5.373164080002231,5.903015433610217
0.013682764808548168,0.0011622191842305162,0.005149847060367026,0.0037025600626583036,0.06713847444292262,3.3334601060462132,5.774596172535461,4.241146849773309,4.498509303742874,2.2086085215225593
0.00908553856524415,0.011566231666745919,0.004009808348672656,0.009443429977495353,0.0034456595773644494,5.468495792771143,5.134264614824354,6.823312563269684,5.4084469244911215,7.03194278532426
0.006548202273001338,0.0021186623572703274,0.002264833617991243,0.00977657958082482,0.01102939748429312,5.511623337333794,7.314429942161656,7.236330095185961,4.938776202541573,4.822354015052612
0.0039295225905227,0.0029723632854465718,0.017645608706073908,0.0007537920743486588,0.0021694653831911452,5.722424523263855,6.126638773199108,3.8814890430911224,8.15023482221627,6.629976032508446
0.024629232814495767,0.014900057291190014,0.0039691248545808315,0.024590424165836896,0.005007079519396375,3.212459119351463,3.6512567765827866,5.139794367332903,3.197233342835915,4.8278474642916205
0.024072591895717758,0.008109967545419133,0.053480664157778995,0.001531949851751902,0.004433513044306658,2.7946587289563545,3.6726783868228856,2.2893324987052313,5.136067711103111,4.258129670363261
0.004549275707104939,0.001430880389521096,0.003962288430577174,0.002571182752007453,0.01194966445023431,6.43765428330706,8.590023775272826,6.64888350650025,7.394534025870217,5.0098180488927
0.005424656065908412,0.017717378665111923,0.0033222223599207287,0.003884942379864939,0.0014192030961748924,5.702195504634939,4.195341476231741,6.522158541768783,6.204153052769598,7.964243657998385
0.022051471184504467,0.006328342387895377,0.0049749702984972196,0.01950512854352616,0.01291811814791946,3.60611776333015,4.9756013223311335,5.325498767930301,3.69421622523416,4.153499985220556
0.016403800093352638,0.003333170209586691,0.030497824767493048,0.0021268347420665126,0.012966363908454029,3.468615976892484,5.143003661052416,2.9532155242564078,5.5983132868390415,3.6894588942972453
0.002846118751995903,0.0007778580595662636,0.0003154426275498142,0.04074183106297439,0.0020179871610267555,4.477559343676059,5.717512550122453,7.107496084520469,2.362324016896867,4.838091110290691
0.007711527739321405,0.00924432714974449,0.012150025585757682,0.0026068277156855446,0.0030696036844701873,5.535538592748482,5.2868011370905075,4.944035169825778,7.269174042705367,7.0238243685669
0.008190463756446829,0.0021660182404472997,0.0086438392270397,0.0028701947446210085,0.016884387200210342,5.030924589446471,7.020323898702784,4.944171498511842,6.494272295084142,4.163587012024228
0.0204610458322757,0.027294230807066163,0.007764972460824412,0.008670748763779197,0.0038081772052504063,3.605294167995573,3.3459099925140565,4.680871008429986,4.481711579073938,5.549880935439999
0.008265728942331577,0.0010023572157329633,0.0021930466096633317,0.006527012063053736,0.03916129190835888,4.01804420946195,6.403773385753114,5.512750671153332,4.230713719466244,2.6983411500960193
0.0014120054029796002,0.0003228930351970888,0.02110902333463982,2.9509179079174576e-05,0.0014378958414700046,4.847405591945112,6.247210733309434,2.6601531909393636,7.477851760123131,4.895614363822469
0.004624944095350087,0.004663890744410908,0.0014481138137868782,0.012555312590601398,0.002323759277531442,6.2459653180133605,6.2129631731443205,8.398370622734147,4.84680682417275,7.444679584562653
0.019504796590711818,0.015074362403770462,0.006333915623075106,0.013459759328885048,0.005782685148153378,3.9479574652765175,4.223963003072002,5.332939887523965,4.328104487107612,5.415798449346515
0.004789506523321436,0.0008988336811798676,0.001573205409409906,0.005563786104186726,0.01849998556270063,5.101660343815692,7.4127660312474974,6.649372248062709,4.882594109079391,3.620051973840502
0.0019989339625289836,0.01812640733056881,0.0015345593412307834,0.0008862094489350215,0.00026558849429016444,5.512951608830438,3.2073384033936088,5.9251688793424915,6.455822537359857,8.15464599162519
0.11240115176566057,0.010416846401752904,0.005675837556474877,0.011757558562648224,0.006089333062238347,1.676819631282295,3.061498805339912,3.586090938139979,2.960304027477196,3.5000961724800757
0.007665309455134569,0.004857272560309072,0.01357042754051758,0.0025365088537544424,0.005396393868780785,5.759662880466485,6.51163835163887,4.955337926994768,7.602108853636218,6.320284722282123
0.008544649410817746,0.005317950771340133,0.002430614634318788,0.018406321757477768,0.005095836825903053,5.221886239975142,5.892201256862721,7.240685820770628,4.2554271996327975,5.984827161673829
0.00973368716913276,0.011660750322194463,0.017717850454867585,0.0023834521965219535,0.0029516900932693335,4.620825849188654,4.412327950564149,3.9805527397247817,6.546698629334454,6.263818732508985
0.00802811413528512,0.00132167661975944,0.008077984135647935,0.0020846323554281508,0.026642066781534416,4.359963661091752,6.617594442658664,4.339975235479385,5.931541216876675,3.1978133223461227
0.004467210663083454,0.022008492629705206,0.0010889330034393391,0.006524983097944976,0.0005511880241780541,4.37350491505437,2.941353270896189,6.181658872810578,4.005269537023908,6.753038680460652
0.007134801896287277,0.0033161800469022535,0.0025160455100547434,0.012213514697364656,0.007262611662884151,5.800926371657532,7.059846121429664,7.620330785505192,5.023151626047682,5.784467674775111
0.006100602872524789,0.005797188004769267,0.015943465232876167,0.0016401997469803794,0.0028178255930261693,5.594028461136136,5.670141231004871,4.364078627667106,7.716289689970267,6.814382383493078
0.01055750039080458,0.011459812836277816,0.0025188773731272904,0.019757821443094466,0.0031218118326680365,4.453203739169533,4.348631154779174,6.431238540498321,3.7816951120253,6.062297762795142
0.028723849077061592,0.020841376645099375,0.017923459342035906,0.00504736704327603,0.004772885091526806,3.0639021836020377,3.336724836589097,3.5000907911441574,4.745983315932594,4.862227940589801
0.004703142829171699,0.0003622582698466674,0.00186580284348648,0.0016339971102691375,0.0637044388351985,4.130406077013661,6.743378757872588,5.02560709267403,4.986359601164686,2.155771706358425
0.007750143190366736,0.015284642795604615,0.005772109613766255,0.00449323491655282,0.002453511537681671,5.599500145698948,4.689299181647576,6.109717828866113,6.432740614621472,7.53122015003973
0.01524846745672167,0.004311067782490885,0.006257767779934805,0.009595978155768936,0.017552748141268653,4.336090194005552,6.008616294167557,5.487190681083203,4.847070741234943,4.183286575237984
0.00745973449611092,0.002041552828803303,0.01582240275474845,0.0016290815738971213,0.010915135772556836,4.747327056527904,6.519629778468507,3.8958992434341098,6.774673235536406,4.309136330518039
0.0023365322007812676,0.0012636141197954972,0.00043011755519638056,0.01958739011553253,0.0014617895905280492,5.562645954800334,6.297001590110065,8.175769444588342,3.323078997834491,6.183351114975144
0.0038865214760080906,0.020033684779516614,0.006776450025421966,0.0004809334347681148,0.0003953188580843567,4.186610150458704,2.8113289074711063,3.709611014360538,6.106897348570932,6.56900592767772
0.011848942771142575,0.004267358312391686,0.010520470291139571,0.004640910302153318,0.012854895622331268,4.935967505475842,6.434773310369131,5.092211491521921,6.22871837185138,4.829207271839541
0.009180419851646504,0.022060328916284982,0.00447060770991776,0.006459500826044837,0.0022574293288245366,4.875021741253953,3.8769306855612515,5.925407784680392,5.331155272607095,6.9642718510086175
0.014778158393501209,0.0031344842028201794,0.003493232852699037,0.01572956106315219,0.019351471924849074,3.9023863775139938,5.758475550787828,5.6485903736943435,3.8145334798663364,3.646532354140355
0.004680482145056601,0.00214269474757543,0.0399355307375129,0.00040757294790057854,0.002483302971463292,4.585033301224439,5.442482730300403,2.652134513378993,7.142215571488874,5.331457819120023
0.019924584805784063,0.0049035255686261745,0.0012587472241015365,0.07834017434425301,0.0036223324748110275,2.7161406568918998,3.767987551269834,5.212147824987112,1.8942954327465493,4.069042878800602
0.015048380834703714,0.007395643071091793,0.013820854529035559,0.005176537911044162,0.008987807396486221,4.562223963208074,5.504622082908138,4.683618868492614,5.974235455323126,5.227514773322025
0.0032739231008232536,0.0007602852139854033,0.002371446945180065,0.002014757011338101,0.014052456794817767,6.20126059081063,8.637666141208378,6.701594173277311,6.9281961120466,4.2780824516720575
0.0027475167314401847,0.016344482808382778,0.0016024224189502914,0.0020396754715868324,0.0005198075832091313,5.844883364902453,3.7278079235296295,6.711046578879973,6.267948381626183,8.392185125692627
0.03326846148098774,0.009781665584471539,0.0033931389994346565,0.03413928456370572,0.006555123273896911,2.7252446521943097,3.718536734576815,4.861663952005544,2.686659719130282,4.126306021398578
0.02516375954244151,0.003320808396322074,0.07212696529465432,0.0006409147898434155,0.005148627173267131,2.4452842373712222,3.878999703568737,1.8765836785994834,4.943406082883173,3.5933537681093926
0.005063117141367361,0.0036599638186870322,0.0017020317988554396,0.01234858470741499,0.0035168061774645118,6.421064248866118,6.965594878331571,8.517628494310737,5.090200095186732,7.066867776256621
0.011957865638949197,0.014392952893832897,0.011778424636103395,0.004310761747088913,0.003871030354905324,4.760169108740528,4.540409951914769,4.828299116269467,6.164896392596284,6.3798979111086505
0.009743225339328877,0.002063069025323464,0.005987338117652274,0.004373690910896427,0.02647679849814353,4.600181493351193,6.766420695321608,5.210399746417262,5.5834643391067305,3.5410295843815067
0.018160400275666157,0.02174717753569156,0.00371007212044778,0.017295463165593262,0.00326194236512473,3.530335922600004,3.3627776023590954,5.312969532179913,3.563551347031215,5.442267013834589
0.004052213488400231,0.00047015455349537656,0.0007218470875715078,0.007568118826129819,0.016429909540305678,4.409563478722328,6.7049174652695305,6.367256625084865,3.787683093406363,3.1515999000011274
0.00357701177016041,0.002871196760426039,0.010118978163753897,0.0011112830164066315,0.002440028743060258,6.902957791254102,7.302681772999357,5.2518441006921,9.149851697032965,7.613966867407187
0.0068103340558342456,0.01008880757222442,0.0022291380862650098,0.011696774109663686,0.0023063252669668862,5.443547981241953,4.904211473283486,7.267909883417742,4.7372898554643434,7.15633558977507
0.016463330970286634,0.024678431045197832,0.010484774017346302,0.0055168775269455695,0.0034872167574649567,3.9413063700585176,3.552412999628922,4.478563238963489,5.197139898052828,5.86925495147341
0.011274043818002916,0.0014955251214913848,0.0041209880273983795,0.005576919470963703,0.0453623197407917,3.879672911917521,6.229307408324135,4.990874474431429,4.603791457853185,2.7017499920479677
0.0037389203706391385,0.05329023776762037,0.0019373971798382213,0.0015571187820695679,0.0003429138474756255,4.369201565507128,2.250456270667691,5.169590526712183,5.239768928701678,7.00823024834889
0.013784292005269722,0.00598000129712377,0.005995221272693153,0.010615090536939048,0.010699564178460299,4.794460716217328,5.968932176878495,5.9962430559915525,5.100860352153884,5.1327922017676615
0.010153679456160417,0.0037859997551249604,0.017391527190764866,0.0026701394820888478,0.009619315646128045,4.80286350013142,6.194793155577155,4.167602231667954,6.690746388885591,4.874375176512751
0.006530904500246209,0.0026050589944512023,0.0013659715184222733,0.02488863748628985,0.00544619903153984,4.905243867490868,6.131199235163535,7.2208452232300075,3.4615356507293003,5.150847574704926
0.007103478824938661,0.008739534833218232,0.025670771711611255,0.0009281139056042476,0.0016697523972274326,4.249709788281872,4.031982962885456,3.0777516073001943,6.530506229458676,5.988587475877674
0.004178486368643502,0.00034034481961187774,0.006885786240991138,0.00026637428192981895,0.022183558451455202,4.029327582476133,6.410850237055101,3.602962083044515,5.957316993576004,2.715135497881546
0.006651988828825673,0.0138026654951569,0.003189810162947529,0.006676367717772181,0.0020969410569816214,5.730623400992344,4.73754211588544,6.9889311649360115,5.730177161291638,7.696478664182331
0.010321926345874931,0.003492296904810401,0.002796169675492136,0.0171950256731138,0.010665658860964256,4.706169913651846,6.1983032080252185,6.594428167302145,4.099949714156957,4.677297067079226
0.009411251892167754,0.005079009559373532,0.03421226105355625,0.0015446050260242814,0.004379456886641222,4.363158766369246,5.096542797786099,3.1159164545000606,6.6607337050557245,5.300901843217268
0.009990175062026024,0.005273274882647998,0.0013041235488059485,0.05433093943838075,0.003171252104951431,3.8045451411622224,4.431069850779139,6.238919973825461,2.454588564807523,5.031376296779867
0.10510538788092855,0.008515056015871889,0.013721910110044972,0.005209367710243149,0.00822272740990672,1.746205218192456,3.2978349901188224,2.971889080371795,3.6422988100994695,3.350037269349867
0.003975150517446713,0.0011418419499351438,0.0024682245970768083,0.0030971908299931967,0.012561148588662465,6.423319471983802,8.703572982622848,7.237075266603917,6.792849745419251,4.7713607508225735
0.0059890658837959115,0.01803272015118053,0.006255715362367717,0.0024056655770572956,0.0014813732889448134,5.321404005933145,4.0040869672448,5.311435187165799,6.665083453435498,7.523427991777617
0.028348302059085936,0.005145370000226792,0.01306380527854885,0.006801761430707129,0.021509733607703165,3.2066825174942952,4.9663720442158334,3.93829268267844,4.5886246612213295,3.4497498828811555
0.0035216282346926626,0.0008612343598591942,0.023633311438086106,0.00024635158239925736,0.004025799527290428,4.694299166421756,6.251811724940193,2.932083641991874,7.174662002080633,4.581237767638385
0.001118918919794866,0.0007734206231957648,9.649963037812119e-05,0.026616839860121394,0.00030404966883846674,4.779128858283842,5.046684529262092,7.4713115013543305,2.42067134032965,6.017567660630789
0.008250854260671955,0.013035863803717998,0.0074708483173925345,0.004069088311893411,0.002911514375560925,5.63137503583939,5.000800291428731,5.833193039305018,6.737850440218577,7.376772060582901
0.012417249302908898,0.0035584766528945606,0.007057479029583096,0.006434344105064146,0.0181062081426139,4.696813052772165,6.482463905016073,5.450425893959639,5.514794944495782,4.254147085556132
0.009905115605934225,0.018463724315160406,0.0031037633522170717,0.01134840304832181,0.002410436910122238,4.576480571709269,3.889560652901542,6.19427491913823,4.418065987805057,6.539087610199524
0.007149051304995033,0.001509376452593258,0.0014604284618083363,0.01578595913477079,0.012586386367051157,4.446387410040516,6.373502594037359,6.521392618462154,3.607237213741418,3.862536301982503
0.003858857087427223,0.0020967302968946783,0.04640841952289256,0.0002267399384853816,0.0014525477250282503,4.424269479170934,5.009191691982275,2.380271925982961,7.034388843888589,5.482364402483898
0.010263137172489296,0.008036974487935089,0.003712217735957755,0.013587019992224326,0.005078844572716883,5.2501615829385315,5.595020987618067,6.887198882132024,4.86773919308406,6.310636532239881
0.017301188378566035,0.009726411112504685,0.015589651570782022,0.005278452445833269,0.007645687682930754,4.2371053166801005,4.935563932949149,4.376723271244034,5.722797946479369,5.248459925830536
0.004177090145179143,0.0008382185465777698,0.0028138138615374357,0.00234060308468845,0.020020235054588633,5.564010334689912,8.001975227579283,6.1232499104870595,6.3578481063007874,3.7262332812479393
0.004627027579829055,0.028688231589006182,0.0018533348796785844,0.0038352253619143334,0.0007174579292156962,4.8447465724294885,3.0472457449415495,6.104654541583018,5.067181823268668,7.325123348590806
0.0198011593672367,0.0027654579592424323,0.001645611574105685,0.04759318073024175,0.009948271502160627,2.883272810686008,4.560051101304125,5.238495314036028,2.2769916658839495,3.4398340301789885
0.011974322969465276,0.004778566147836484,0.011571938758536026,0.0044908407012044715,0.011207186882384102,4.96542055548544,6.308951727915485,5.011716839617627,6.339834138616544,5.050537662517416
0.0038804532779530454,0.002071329293842345,0.0010546020665871995,0.014016088537065294,0.0034271387931496325,6.142624887408612,7.148533649774919,8.483603165687267,4.414992450952133,6.353121096977375
0.0054999267412134045,0.01082046993756453,0.011659637910408017,0.0013350619803077159,0.0014546408866003095,5.096251837084665,4.287556680465945,4.233178272382288,7.0727482132625195,7.0399164260500635
0.01199634066984998,0.001857514355079071,0.0181271534717441,0.001727364466303637,0.019542229354550845,3.7070795108448515,5.7289147896972334,3.3202089289440373,5.697463441533583,3.265641182346847
0.011742683202024791,0.09866145976048633,0.0041042171745262765,0.002843518222676786,0.000808531875369774,3.1731026845027896,1.8354370151293735,4.138563429052477,4.359983261035187,5.72436304371854
0.010926910662229125,0.003514867459516797,0.00510484813237393,0.00824319956226775,0.015201273699931583,5.008916209885548,6.712388297352075,6.122230111722307,5.35693771239027,4.5959032344991035
0.00391089669880595,0.0023078045119249413,0.015106464214812662,0.0008711227966312637,0.0029767514183292776,6.002336570130987,6.830931563452628,4.213530298655781,8.384643762532393,6.433852856390972
0.007938811613479962,0.00829017132749758,0.0016330057595329893,0.02387451732142019,0.002405002715727204,4.559176199546737,4.49003453023423,6.765437173925359,3.4352634662709245,6.1165157691557654
0.041489982200941335,0.025200290483795018,0.012176437009427938,0.007224529171529954,0.004684116839478502,2.6136114443175367,2.9785825341454872,3.626203338344203,4.063567264450849,4.559602575994825
0.00303502033301041,0.000158885290606657,0.0007630030036809042,0.0012626185702393556,0.06355144397097498,4.076411003253228,6.732368265696672,5.31684548110328,4.578799784327724,1.9772381925120612
0.005148237731308364,0.014646343455571295,0.004477682900308971,0.0028403496289386436,0.001500295859440865,6.005260058569591,4.581814748632804,6.284317413316534,6.973783147674517,8.193489510050854
0.023940219189965216,0.0073704483379659095,0.00949327716174841,0.01026019067284724,0.014141603647600517,3.691047110935615,5.02198899456686,4.731454225578182,4.567384203409065,4.2458549302515785
0.007768061659696102,0.0025585369354879,0.0292451356873444,0.0011714515344981129,0.0066175745092669986,4.455072266693692,5.840452059090499,3.153384300777832,6.763985899936106,4.645907612985012
0.009874979748239327,0.0023644088795154927,0.0011500446106534764,0.0531849247783047,0.006263571146053079,3.6730271836959356,5.096720736656335,6.112697450134098,2.3700606041750696,4.123796202151108
0.008238654688546907,0.004187519393320196,0.08535856642641233,0.0002076717110996433,0.0011303188720362537,3.1502311164428787,3.616083009136408,1.7695284244806226,5.719849764544959,4.771986572177763
0.004853613839231505,0.0016642490680947104,0.005151683740586197,0.0023470957123785455,0.010645365146191613,6.4300052502360225,8.435860028870177,6.315502799416376,7.668400056510455,5.246541776202309
0.005650636795450565,0.010909772678805139,0.0021298677697724816,0.008394071426925054,0.0018113003436097345,5.764331292726966,4.855206600355074,7.432454128515775,5.216670981778655,7.673460716814232
0.006254166017424433,0.002245199474746662,0.001488325762314364,0.018412145789248283,0.006827540258587553,5.122913832626503,6.576961964539767,7.320617363995277,3.8596701520988534,5.023152754001132
0.005055436763037678,0.005664968952146017,0.022416557009159926,0.0007308051734831589,0.0015589900535543223,4.823376105534674,4.684421657856636,3.308395811007104,7.182230243357304,6.3707227095745855
0.008200423360604154,0.01339669386515994,0.0011610754258875448,0.02235629268757255,0.0011388016056717392,3.711540477030074,3.267507329449826,5.935809656420674,2.8839606703296656,5.733625491541711
0.011798945098166412,0.012329525657135538,0.009967765891212305,0.005176946691922865,0.004542866749005691,5.039729016284309,4.996659550101485,5.3094731806023505,6.2134717879475705,6.467699007802979
0.008039327735530087,0.0020533376538242705,0.0047862168362176345,0.004731410027964134,0.020279068682246416,5.15699160409881,7.268353814548013,5.892328286512606,5.871081005526551,4.044769169685284
0.00741654548916668,0.028086527370284577,0.004924303951490079,0.003579984557093126,0.0015103631390835687,4.809502026617119,3.4041058642418034,5.388326062248175,5.7644220642632895,7.1186152272125875
0.03060338380454327,0.004224354357665445,0.006264537657750043,0.01274786381125635,0.025680228468811933,2.967410000273016,4.8917088800661706,4.476784945931887,3.6836721851052694,3.111627942431802
0.0063670613151874875,0.0008538932731732699,0.02841626782946333,0.00031869138434237104,0.00864615652988798,3.7607039497451336,5.6509162550769805,2.5908123964046594,6.129720998699145,3.5146740778291314
0.00369699159531155,0.002800130487597025,0.0011690662204932292,0.011346139799346688,0.0025621784422986352,6.730099066657238,7.198953709534877,9.006825599622504,5.046341200516069,7.400238670611596
0.007683864343972429,0.016851725239116423,0.008484451967332211,0.002863549836198329,0.0020794118638188977,5.134184635344304,4.190133601864923,5.051916382733736,6.572506721295728,7.152795547066442
0.01906743742783607,0.003647891478378967,0.011044317196093953,0.005542265914229054,0.02528140097788687,3.6838908629074005,5.606700124685759,4.250457915504394,5.0075654052794265,3.421551912725271
0.009438124543735833,0.03892671696851123,0.0025865544526702216,0.0076683522179869,0.001279722473733526,3.9141819312642254,2.7215945347527852,5.44003111852078,4.128886267699345,6.263749960724363
0.00928841155220826,0.0008060016986220839,0.0009140539319844761,0.02014334622923645,0.017045851697814668,3.318213183260077,5.455589978800508,5.533262188106887,2.721045206678589,2.873606695832507
0.007106833109973949,0.004257778087736018,0.01625881182331918,0.002015589405973258,0.004919552408795224,5.583655832902743,6.371562007404703,4.485197599483728,7.631345059306586,6.144723143186729
0.011388834038431347,0.006163192237727232,0.0027378086920494594,0.023617989979654915,0.005976238341254322,4.560790358439018,5.3331623704652715,6.596845573265594,3.7527650965317227,5.399907084155602
0.03180608813990977,0.008093301614044448,0.01693425275787472,0.0066861370978750735,0.013435219626201353,3.150905500470726,4.498520236219883,3.7388636816703498,4.677318603182788,3.9521799845292422
0.0016427324087041762,0.00019211075599096002,0.0008263308577369658,0.0008154220695462762,0.016647512203591442,5.638872846091253,8.292890478225011,6.417251472782993,6.197794566120682,3.289641540492746
0.0008456436865823111,0.015516659452192515,0.0006530660505786383,0.00034102947066549694,5.519907849225778e-05,5.357833716239962,2.8146524440982486,5.90337792121487,6.209902847957305,8.09261984036611
0.017212307158333447,0.010374337890786933,0.007217934096700726,0.011256154185380491,0.007683955764709923,4.365104072326668,4.993664634224053,5.525482390288261,4.85564738002051,5.401072175539379
0.011108102663588214,0.005669127135604061,0.025435075496128272,0.0023716021425423694,0.006062606265530214,4.496500638922474,5.363556430145401,3.6095253721654825,6.588502301688456,5.260161443559158
0.00820706066743582,0.004413668526238641,0.0014196653366556928,0.037945596138352154,0.003785888226942762,4.39153776496182,5.104610244360673,6.7730006005713435,2.9491813689279827,5.339865366780307
0.010487254078922027,0.016199118804434764,0.022939551050008427,0.0011673469038868845,0.0015483990066541338,3.5929062947969754,3.216688377136411,2.9715723398192733,5.743492762736319,5.6098901210967576
0.005112754129536652,0.00020869557644283304,0.00398337768850194,0.00022540501794951012,0.058362333303137226,3.4341175456760116,5.991488834722071,3.6121687638370976,5.151559322826365,1.9205176850111079
0.010731132339270377,0.012133617381927355,0.0059098875569525144,0.007799778604386128,0.004236559987837676,5.310167935181922,5.150231146379342,6.263406512316809,5.758950065865815,6.772804894468215
0.007348519235097145,0.0021960837230321243,0.0031456025253148666,0.007320966840827154,0.014710182482116954,5.448852878604895,7.394840209270864,6.786435637705006,5.415190367904821,4.54932233027212
0.0031745072657264053,0.0019781796462247547,0.01381124743633996,0.0006397810208410589,0.002336968359287932,6.169762939753009,6.908422788696756,4.214856941595377,8.623626292191972,6.663756000793751
0.005445619738005546,0.008339916958876764,0.0012045590524143266,0.016395179454744634,0.001429863885842608,4.87328267860612,4.357689946957867,7.061705279703142,3.6918947268059608,6.671454598315665
0.026543762372826022,0.047508526627869925,0.007562613700864561,0.006179329454154172,0.0023965791586118565,2.833144793511357,2.435970791262158,3.9343157151045505,4.071188855344638,5.110720609279931
0.007559698463883479,0.0025487994732514975,0.004038814963515356,0.0061537783106326875,0.013437212396960111,5.736408965426087,7.5815762714734545,6.759574829608164,6.010068532069275,4.932796050626079
0.006196059867431642,0.01758435569281427,0.003674442785066314,0.004535172225961662,0.0016919832727758802,5.616926452591449,4.2832226112580605,6.489461041569692,6.08166267870821,7.794467884984247
0.018671650404945048,0.005328451676436821,0.004646380336423261,0.017867674507441842,0.01391350649447041,3.8527251874433444,5.320365701753761,5.544372510890923,3.866124183261291,4.169015655946008
0.015119831554719966,0.00304316296955117,0.02367198937219648,0.002398947871923093,0.015468940875829763,3.646954851423496,5.42491900266036,3.2450251449283525,5.663070826453213,3.629161499743057
0.002838602684027459,0.0007716584483435208,0.00036474364274611507,0.030224324005878933,0.002462928628164566,4.69479646264041,6.032644738831157,7.283460723192965,2.652060999477054,4.867178351601119
0.006222943874489769,0.007865393395569353,0.010842010246480337,0.002162255213022394,0.0026112965737372885,5.9518492332215915,5.6073937511997,5.173541234880365,7.7513540546793145,7.44353101081788
0.00787479271707139,0.00233725811634002,0.009990065941577371,0.002595001865262258,0.013572375989389934,5.186241495929611,7.041457441947787,4.855044160606838,6.79873134538804,4.495784559055578
0.005771726968479784,0.020583477507251792,0.0023113996326982076,0.005793010766248696,0.0012654634630538304,5.119426005303493,3.6924633264499827,6.4916973766787125,5.125905814310098,7.401537666618828
0.01338890196982122,0.0030945195838347995,0.001990520309262466,0.03389616873889061,0.01049118654207496,3.6766366957799876,5.254530126740454,5.8978473134431795,2.8724052382668863,3.9274963949937525
0.007121487811001485,0.0035494683607735387,0.07602376926047999,0.0003508157484018859,0.0017927571897463437,3.6702071649917145,4.269603817766966,2.0175974591634436,6.234592349198964,4.971048632554583
0.008101961238333531,0.00672278526967642,0.0026208996437921024,0.015108041665029931,0.004065275949879715,5.489418257264626,5.7545661132831,7.383208615109981,4.664295890286781,6.569048215246578
0.021414202014423248,0.01188400459336428,0.01208664816516198,0.007820403950149648,0.008047128149400515,3.9218013479661673,4.585685426251114,4.592593580678202,5.06647173371488,5.072725184482857
0.004308904909767845,0.0008019568339650213,0.002199890050970941,0.003032181698177619,0.022020991889816464,5.372952963208455,7.821973870267006,6.317701074169403,5.815831860287899,3.543158458573541
0.006270120607158799,0.03926991517666059,0.004881768404536563,0.001964585280286315,0.0008492341911105003,4.338127874000831,2.7122365965554103,4.652080668547296,5.656576027571315,6.803122779038422
0.04820730531539374,0.0022980538650301,0.0067103877361179565,0.006537083166117951,0.03605386570062849,2.1876859239028708,4.470963014029632,3.597471908224522,3.553890160489057,2.3627164727204533
0.006176693118184711,0.0026871270911175225,0.012587176168904387,0.001884275468451007,0.006922020100265025,5.7839358566917705,7.16408551262264,4.7898937103530725,7.743690737120743,5.619938323191805
0.004596612458268576,0.0031498075230181662,0.0011570186336582102,0.018047849664129985,0.0028167869464653644,5.760033809349622,6.307847292336451,8.11950839067644,4.05333966790797,6.5243422278621415
0.016671503739589554,0.025380913937130992,0.013380034827109666,0.004187522878963848,0.0031348840663833737,3.7310558046495723,3.3463998659247993,4.000317208941938,5.276269237127832,5.71341953405813
0.010819808894694074,0.0010872711967812477,0.004412864341754313,0.0036964783013183886,0.06101591535493383,3.6639297649095353,6.11299130001908,4.565027383299155,4.691405720475363,2.3409613431817125
0.014045421513848053,0.022605173041398724,0.001341196499524142,0.018867288759283393,0.0009796470516416206,2.8892728869832722,2.5523325311561167,5.053787617353495,2.674888100388087,5.116775770083688
0.005380464571595763,0.0020868595220066223,0.0022819432709813587,0.007408407745610378,0.008706028356399246,6.3369050981339425,8.061608798717769,7.917232535548526,5.799151784835757,5.596712965835227
0.0036660697230347828,0.003032417543224628,0.011945899232804471,0.0009970625669343664,0.002255107865743591,6.490216700650484,6.809754010893266,4.7678560122897995,8.804168029341383,7.339828060242827
0.019546170951132053,0.014589182762144798,0.005501739732602778,0.015808513835067907,0.0056615003767313205,3.8703303795371053,4.177501207236753,5.419111842089176,4.0733452267717905,5.339231981949384
0.01654761389525782,0.008837919995423013,0.03567085688527417,0.0024495338434799277,0.005124595383740687,3.634344220187167,4.283361258074228,2.9881611660759715,5.786865184810446,4.906091331645234
0.002611938138356982,0.0002653429161865983,0.0023098116195905834,0.0005259382666931476,0.02530776506184012,4.891701472603385,7.465529835189204,4.998272288905447,6.234962768140653,2.8501492722382276
0.0039789032179601,0.010864609991831243,0.0026647983254683752,0.0033184392288541855,0.0013028911929275626,6.771075038054436,5.21853394236103,7.571076068456425,7.097444716767729,8.970051161189305
0.015360868404220466,0.007919715594560978,0.0047695911353565785,0.016339205078878993,0.008023785554754545,4.414328261191656,5.247723315956387,6.024397313779895,4.321946899353611,5.237746461435339
0.017890850513038466,0.006359161656274613,0.023225544248265305,0.003762338724695065,0.010058454100698378,3.877923483820826,5.0751613980555,3.6302469442760286,5.73566807061851,4.507695406349618
0.004155098795538127,0.0021153630022455764,0.0007405777314780626,0.02932515467884239,0.002504285384786057,5.03603458085633,5.856862572380081,7.5683435709153,3.0730219966258976,5.693895802296962
0.005967142508484225,0.01710663079012425,0.012857750785037375,0.0006774558391761675,0.0007430530045460397,3.9592123575167077,3.046838369645738,3.305582540654599,6.035217398797288,6.169886622384605
0.009399334972691412,0.0033185618492800857,0.008993113827022252,0.0039004975325888304,0.012805071858287515,5.331863708073139,6.978774880089384,5.386429000364553,6.621474445088994,4.9146965700812375
0.01167372472264322,0.020368831759131133,0.005737112774050288,0.007430291858830838,0.003081155189917452,4.66881433415144,4.036654274829507,5.671018589200406,5.237862420348527,6.580355373310515
0.011621787604728148,0.002453711498011915,0.0034321625398156005,0.010931377860752604,0.022299346388213265,4.253721381902076,6.265585583905064,5.81292555263379,4.289310866472487,3.5959322129960754
0.004196677038314966,0.0016593151139944866,0.02971083541551533,0.000423110156564356,0.0030208381226726,4.864061304624571,5.957279257866027,2.9476064177721164,7.391197545472641,5.275320710069803
0.0036440879588861357,0.0032494394162417327,0.00044213239563762366,0.03792104473844863,0.0007911498610534899,4.261764937805117,4.3282172897049085,6.815511049313147,2.4236521835652294,5.795844706624703
0.015129345212930473,0.011674992028534857,0.007722971635298691,0.009062748157613617,0.00624062043457688,4.636752090124807,4.973626557527101,5.578651607406098,5.279922928768836,5.853373280153474
0.005371488044187905,0.0013505444405151443,0.002472525659129831,0.004889589673007158,0.016685660263989512,5.597568749704706,7.825403105450831,6.8035279857249,5.690128185093856,4.1747596400921
0.004067573113857395,0.02058477924892817,0.003282706102317492,0.001953960422099263,0.000814421654126678,5.461674891222964,3.599482281490824,5.793348560208022,6.488212210984347,7.918554952771646
0.05352095469724831,0.008436513439136898,0.009577715634452621,0.012081088479355956,0.014143905148441457,2.4782487966965374,3.991837151280788,3.8997493963471745,3.6159907138079763,3.5140674942735735
