RSS0,RSS1,RSS2,RSS3,RSS4,D0,D1,D2,D3,D4
0.002773464907023322,0.00800732864915043,0.0022137712366932165,0.002143523791868554,0.0009520428958316551,7.54983443527075,5.744562646538029,8.06225774829855,8.06225774829855,9.848857801796104
0.0027791337077867494,0.00211554732739065,0.0009707993423488052,0.008115234214456937,0.0021602893187483755,7.54983443527075,8.06225774829855,9.848857801796104,5.744562646538029,8.06225774829855
0.002740482690266009,0.002114678279813395,0.007735915774638466,0.0008922040019184765,0.002121385437883922,7.54983443527075,8.06225774829855,5.744562646538029,9.848857801796104,8.06225774829855
0.002742339393350524,0.0009195549787943672,0.0020942247636635573,0.0020537278361273744,0.007923578806244108,7.54983443527075,9.848857801796104,8.06225774829855,8.06225774829855,5.744562646538029
0.0003275842708972471,0.007360694426011128,0.0002604931745428819,0.00018229967545993326,1.8229952257540675e-05,5.852349955359813,3.2015621187164243,6.5,6.5,8.616843969807043
0.0002708249053695715,0.00012333605838029264,1.8775367897626137e-05,0.007723404110180837,0.00014105874232884922,5.852349955359813,6.5,8.616843969807043,3.2015621187164243,6.5
0.00024449263224413147,0.00011114540546071112,0.006798463330200633,5.361775658505628e-06,0.00013853423105280119,5.852349955359813,6.5,3.2015621187164243,8.616843969807043,6.5
0.00023338197964089597,1.0064098209886503e-05,9.247424671259738e-05,2.425189723340335e-05,0.00710583793829579,5.852349955359813,8.616843969807043,6.5,6.5,3.2015621187164243
0.005550429823610677,0.016309723580858162,0.0034634090528949625,0.004059827690048908,0.0015509217954867642,5.829059010948661,4.40627005631351,6.6421959544324265,6.31166307791893,8.033719070086935
0.01962901353710627,0.006162974667606717,0.00502263506204989,0.017831244851729527,0.012626181947862662,3.8419582080354036,5.183106828437994,5.498619313025831,3.9097917329444245,4.319338994519955
0.015723444905348834,0.0035640812811676384,0.026568699727172625,0.0024932696035075965,0.013323765157433193,3.6576483583966426,5.305564220990853,3.191535104664374,5.707090914209995,3.822011423884685
0.0033961693906437627,0.0010256221250021667,0.0004443312470003944,0.03569898759256501,0.002568429835654813,4.612276861370222,5.853711665048936,7.201276305928853,2.5860810616703387,4.92749991723311
0.0075508703845691555,0.00875945506383676,0.011455051498191565,0.0026969646099891096,0.0031856047911234648,5.702588603506369,5.493544016307344,5.141802476036512,7.389242238491456,7.131620271900012
0.007801650266674419,0.0022205921809828316,0.008126625433100458,0.0029415661147519034,0.015549340775614907,5.24225082030348,7.197733629963301,5.170410323953054,6.650507079005681,4.37664459581085
0.006086835915441836,0.017300404201796838,0.002144711234705786,0.00745887835813251,0.0014287357078223185,5.115983931259418,3.90387090854417,6.6846465949391565,4.864368722720091,7.287412098902577
0.009077965687488433,0.002274575115082761,0.0014944367510880455,0.029466881730147346,0.00889679160024844,4.1196494604411305,5.718836842335378,6.388744283861525,3.021087524262162,4.1518584422609255
0.011893258604096115,0.004438352522921502,0.08117960080454291,0.0006589837535818514,0.003194155150762136,3.304719767415001,4.161901315522716,2.0246105606109053,5.808898136492815,4.530002530036513
0.0069143176607411126,0.005340587026243318,0.0022170906542473357,0.014949037138662353,0.003947207251947433,5.765770649733399,6.1535829584523825,7.758850697371269,4.721065369866803,6.679943049465215
0.021323749666751397,0.010411069393123605,0.009815036409838688,0.009720696067218005,0.009268487041984637,3.9562462661058113,4.789678822840975,4.89294091627735,4.833518203748829,4.935863228471899
0.003523451908434493,0.0006964261427522631,0.001686716464110655,0.002974912498107973,0.017050059259886265,5.712185883971867,8.159955450099543,6.8008372424640235,5.916650061277012,3.830569435277954
0.003489080709563548,0.02139789212301426,0.003668327178022765,0.0011064260729982754,0.0005398613433072882,5.080999450552753,3.220183692478024,5.058819310840559,6.48393846464488,7.567266865899032
0.07296827321803605,0.0049647199202649825,0.015130448319203635,0.004968771880671402,0.016029741878131394,2.0055565287488633,3.904094165546969,3.0217027859398247,3.861842339280293,2.966911310868004
0.005540351141078754,0.00294416482881223,0.013601435802220528,0.0016316688816476325,0.004972330312728492,5.998494451586933,7.06174883551069,4.735366908234447,8.09568845842258,6.1721612710299345
0.005767455125016119,0.004833456249541764,0.001483400059510488,0.01877862466631392,0.0028120758998684704,5.49225020629084,5.726422443320077,7.737301574686336,4.0575594880863886,6.598311197393138
0.00959863164260061,0.022352049110440333,0.011044530993586888,0.002616832496124024,0.001972326144722355,4.355111718898879,3.50153772243212,4.242800342529163,5.9943841569935365,6.455480597644577
0.017980906767770016,0.0019556796036357474,0.009189014280978128,0.0038787958720406844,0.04367299551108605,3.272565860590303,5.538061241634349,3.8829598642929235,4.726732202705437,2.5979323139199986
0.010447240324911468,0.056551110641534286,0.0017190624640381277,0.007252696127462602,0.0006697399947493269,3.1755237363492843,2.0655769718244286,4.922338750401486,3.455211024891443,5.648123031034652
0.008268874765083312,0.002812766774794006,0.0030358373428787558,0.010391511259846019,0.011896488548534132,5.329943822072334,7.018377664355729,6.92005074066417,4.9929450266878925,4.8537590848090835
0.0042885007925917975,0.003156570382814075,0.017081635609176332,0.0009263284831402507,0.0024951514140638714,5.789335280496249,6.2475910197247675,4.040858501636946,8.167268120353683,6.633280668737875
0.022447443304962865,0.013072652383059252,0.004095950313083791,0.024322056110486445,0.005566695038180092,3.423100876444326,3.931390643561528,5.3204822928325495,3.3358218466043903,4.896877252734104
0.02555083876286258,0.008421236209214086,0.045165860356048526,0.0022008525001318145,0.0057181695587574235,2.902306082649446,3.850747985264662,2.5192511087122877,5.147828187305774,4.244820508425309
0.001037896589119638,4.785294153659191e-05,0.0006448647364774325,7.191427249099033e-05,0.026753732920647588,4.777400057214829,7.476302389682938,5.106870880624819,5.963805196514957,2.3983338365151985
0.004220415118783549,0.01075198250883493,0.0026186162751142047,0.0038453191781415218,0.0014146505605441848,6.719677202956167,5.27312570880039,7.670097371158076,6.890408532214299,8.860150601600743
0.013130248881016923,0.0065652102100114875,0.003968769970668788,0.017159566306107113,0.007872562599735853,4.640256874522177,5.5543175599797845,6.3672324573554615,4.30375633105544,5.311640440203089
0.019635098654557148,0.006213565178994325,0.019007920514243715,0.004629802158638825,0.012387478903426048,3.8236031087697957,5.158009993748575,3.8681958806629635,5.502448736300064,4.316806038169647
0.003242795943439183,0.0016318263870392295,0.000624213384988355,0.0221499623352727,0.002233277563407407,5.41730252815511,6.2892380513059045,7.966677042350681,3.3505805864050027,5.927884791147463
0.004673447154052584,0.015337943868952798,0.01012795862325027,0.0006098500307750118,0.0006284278705098974,4.277321359147333,3.1889642927638744,3.5706564884223977,6.312001921777512,6.513176088385218
0.009789301808217549,0.003701313161226217,0.009866770319932893,0.003908279465596622,0.011662828586933677,5.319186547020367,6.843568326521927,5.299168671049334,6.671304403171401,5.074747639462554
0.010157919111219825,0.02018552791325776,0.005517816843642656,0.006356627468962101,0.0027024063987634898,4.885033203803523,4.07755484846701,5.781761864887641,5.504391750434994,6.862990985151373
0.013837824962911539,0.0030376419957772486,0.004072380234468049,0.011939482944529636,0.021492406524383497,4.110833617815965,6.027314811757096,5.638927843722184,4.242687690606801,3.670065697873176
0.004018818751725137,0.0018631794995224405,0.028527056325203966,0.0004341671574171629,0.002594206405007043,4.989819399205857,5.915617897567281,3.021619625856944,7.527709486292516,5.54996037493637
0.003950113186805239,0.004412049346023657,0.000528206107909907,0.030079953185822145,0.0007803597569137495,4.284932531429948,4.147001930669268,6.771395246538093,2.6209731042066484,5.960173536470116
0.01403059338584099,0.012507413816768374,0.007757237086116444,0.008170890244503163,0.005479488400571317,4.768564853507646,4.92370344789804,5.618157249612524,5.469436044314171,6.10209520422074
0.0063470831976605345,0.0016219522718329208,0.0029271776311694843,0.005471478837740953,0.017833438872409794,5.41401902910697,7.581682768022788,6.593133966493557,5.581557900347688,4.14020416164844
0.004818866532049416,0.02363074048802549,0.0033851897897471538,0.0025578336295644637,0.0009748999884324693,5.2873202111019335,3.5140132020740227,5.821627456742957,6.166049284943361,7.7177212469163115
0.044112394239259466,0.006957359108452832,0.007033734929909931,0.015776606727798584,0.01597123275157225,2.647010543739764,4.250395893909141,4.274995834194378,3.4260385658891352,3.456510434293419
0.008400966820495251,0.0013146418852781857,0.05935180815503434,0.0003260610062906156,0.005898785652382027,3.430394925490969,5.049106499945417,2.090422742384259,5.930038064615696,3.7472312768065605
0.007289577003491066,0.0038549686240272815,0.002240005582331442,0.01565604450358768,0.005806698609680079,5.5827984263384955,6.5662567414248025,7.5860183195104725,4.559342342301866,5.934606047914932
0.012480377126396904,0.009879132685565117,0.02031683644703181,0.0030833495767316004,0.004631270652388169,4.467326668580529,4.7509750110536855,3.9585826468529173,6.343787398365157,5.77427498236489
0.005357976091024598,0.0009755601342404896,0.004882053364181409,0.0018967997463060688,0.023025704137112243,5.018653238740076,7.380264425427363,5.1218729652543935,6.335627671291037,3.4504286215199174
0.0075979882470857355,0.018167037546168316,0.0014862971356010334,0.013848832867791804,0.0011855071529032896,4.0657881417730435,3.2485068282266947,6.06931584402469,3.4963797867273314,6.205519302566799
0.0027541396029654823,0.0003004750535617601,0.0002803194633487133,0.015693271716133737,0.005878565121949715,4.194883692137876,6.187558424490562,6.575434900038511,2.8209491765156143,3.5928010137836
0.004702082936904496,0.004508253499541568,0.013013594341186404,0.0013452858673689454,0.0024251250019926085,6.1465585093057165,6.21576047164826,4.717288392257994,8.32511580945905,7.274935379488399
0.01287099563038557,0.01407186142492667,0.003566187377993259,0.016251491830600883,0.0037104229554924895,4.366224655757655,4.259300024576194,6.1085451451010275,4.100428233654964,5.9988497888959795
0.020527765575988233,0.016033065275057323,0.022714722065975978,0.0037012500093119042,0.004508765658812877,3.4806446187550923,3.722804397701304,3.420325472903624,5.34145556787138,5.135221644738754
0.005213639431833613,0.0005125392424525175,0.0030909185047928826,0.001537051470759364,0.04882406017273499,4.284888085097875,6.838955928353084,4.824659429811776,5.426158234879977,2.439100984721971
0.005025895082489502,0.07534993174783963,0.0035745371724184055,0.0007118046523278004,0.0002623142307015904,3.5629322643210672,1.8242151272545466,3.922924522569326,5.098983803710728,6.169376938538913
0.011510951021642964,0.004399976328320365,0.0070210926541407655,0.0067240612254874646,0.012691334203937673,5.1475146098290505,6.617918693625245,5.875805517660756,5.871006969458856,5.0196579048150864
0.0057315238032340215,0.002238231644856006,0.01201724894433541,0.0016856448301758107,0.007378210302010352,5.725909433346744,7.263101726024965,4.706118995009754,7.708730225049183,5.368373216831298
0.003304682365016451,0.0024237632987337203,0.0008117601122707576,0.015624535841663564,0.00197755088563438,6.033465470621572,6.476848025271293,8.496115337488359,4.07693945778701,6.845133368160545
0.006909387004601183,0.02539517496701442,0.007828847432375434,0.0018752033920059743,0.0012015628962802436,4.479983100525906,3.2068317706019793,4.38005161579783,6.079115478829319,6.771759531839061
0.029457891731600863,0.0022971277812375004,0.011532031580663585,0.003923328817939499,0.03802901383887342,2.6788695235182405,4.904745662584966,3.4094396656083616,4.32763272640436,2.5092137879072114
0.0074078606370575305,0.013655869987627349,0.0038254196619895136,0.006694383332168828,0.002463917977991969,5.708054644115411,4.866651634649939,6.841608181368917,5.861413919272459,7.581522110194898
0.010311626636078715,0.0034215305624334807,0.0032196246708288763,0.013856759360375061,0.012079599467709333,4.843810450643499,6.421181874177312,6.5590813154178145,4.461328463727284,4.657619853773287
0.007768623776532883,0.004128712134630539,0.028333463854415413,0.001447016450177432,0.004413070698403748,4.749426545967529,5.567117401466201,3.383701208643327,7.047316592981175,5.488288336938422
0.013249692444530729,0.0059473913626352124,0.0018682025506783645,0.04679370144854226,0.004736955755511984,3.7067949692170035,4.516447144847535,6.03411037978454,2.6589790920955827,4.8044107937835125
0.06887731440393796,0.0070653360857808245,0.019966081291937148,0.004560725909154949,0.01125781334395871,2.075932090919374,3.692441818250427,2.883225019150127,4.038069041158722,3.3143417915256195
0.0036051879537689294,0.0010977090622592833,0.0024796297720615207,0.002675339785155387,0.01097309647181933,6.758808420914704,9.037299954762474,7.417433320826364,7.234961331779861,5.0685493061531135
0.00341005149275655,0.013369641818963746,0.002487761866334875,0.002319404776555728,0.0008958080077216081,6.337984901419896,4.461176140110319,6.911305062588651,6.969502676166328,8.742883544241197
0.02835770133622182,0.011836266969048924,0.006579588351116941,0.017334968337521253,0.008600223944164253,3.3265854332966893,4.179100053139602,4.898529272740137,3.7598872661492697,4.546148263738439
0.014908398870335078,0.004899662389098917,0.05087866634566668,0.0015462413358001393,0.006143340719475646,3.488885696270245,4.60843755273254,2.5367449863639693,5.823192567435451,4.371149748732333
0.00434648255015313,0.0016583607951795574,0.0004089964076387544,0.07964160136950958,0.0015506640076238109,3.97480685591699,4.804860564039637,6.621149374831088,1.9387006060408856,4.950908405921696
0.009751249318264836,0.011427828020276096,0.012242752001265102,0.0034042239984303315,0.0035871615471194567,5.153182460090133,4.9507122347866135,4.891743278453535,6.721713072697009,6.678400055574339
0.008904600601995922,0.0021360876683799886,0.0071595144720436096,0.003553607377439357,0.021162276061632852,4.861107946172224,6.94631551944559,5.132013896414039,6.076444214809403,3.874202064036775
0.020509208067420397,0.02467123960950402,0.005564107745180988,0.012589933533151286,0.00382723074314487,3.549607659536908,3.3827304932875215,5.008461688290022,4.014316951888233,5.454957697642479
0.00597023781374544,0.0007426293021275829,0.001325421735932213,0.007219516794496862,0.026200697986637135,4.260670610657404,6.607808394071407,5.997634644781134,4.041658913461222,2.9399823693823257
0.0009439930630365679,0.00033654639656321023,0.021923050106364788,1.5847856449983937e-05,0.0005750784565617628,5.042103496123279,5.9665142296424705,2.5640686961762778,7.763450718110219,5.589841078126561
0.00753071756114403,0.008034507590832804,0.002380188117264643,0.014367381651695562,0.0031031526562656595,5.444137598276529,5.343768269359774,7.351838821772408,4.607356543248673,6.835306069322713
0.02110620415616972,0.017445147340179722,0.011568166610453397,0.0073868623496317395,0.005618646030223591,3.8124548045771696,4.014810510006473,4.50322604836007,4.979013801071296,5.380605899211413
0.006486966459262431,0.0010339422242051307,0.002786803816928616,0.0041733096623258375,0.032880706175231963,4.650311689246343,7.062291219435994,5.718650657817771,5.152458856519161,3.0618361070050137
0.008435615891205873,0.06672199405054526,0.003312310756877678,0.0036178457788380567,0.0008683606795706819,3.8134156397355494,2.239401599665292,4.837094495477208,4.656908258123996,6.330036189325927
0.02204003135369743,0.0008874829182073891,0.0015686476418283355,0.012396661865038005,0.03383195390717109,2.472093147536282,4.821897124573096,4.5055434944327635,2.8147054694881115,2.2297527172817606
0.00742102002070909,0.0030642500659971796,0.009624576221681733,0.0028604212710604494,0.009297337617250018,5.836509031693022,7.339683351042559,5.4393794370770925,7.385311550203642,5.500793002876685
0.005139763519892051,0.0022647291238309416,0.0015808601164108808,0.012508958762442197,0.005806799557022738,5.972910881083987,7.328301346978768,8.060735273820383,4.730314538392857,5.80063170306581
0.005239029084390889,0.0062613019899044045,0.015518635305895543,0.0012340338752083722,0.0019727978480766936,5.441676022348573,5.201619059257357,4.122494393783621,7.630774262001818,6.940233067179904
0.005298786032866675,0.0011011816167450276,0.01065796821058056,0.0010034671694790322,0.012057486820842503,4.871441940933146,6.916835703988867,4.055539669611164,6.856711395120489,3.952123101801085
0.002866229982832276,0.02326697147689953,0.001025170911458816,0.0029545085563665798,0.0003435077720170345,4.891046998095797,2.9258775232172645,6.333407234206231,4.87161516140879,7.435315877237215
0.009291570292091208,0.004973557401199763,0.0033067545946335033,0.013681115503287973,0.007064604312702394,5.433559358874052,6.389730238152511,7.144690832811105,4.89903332468361,5.849656579360454
0.00796449191783333,0.006978336997543533,0.017427762330629176,0.0021545971673907214,0.003575988280068648,5.243615589214746,5.428375109005946,4.283909145959621,7.255282994072342,6.443892656681712
0.00849272659690062,0.008250773045498488,0.001969305920297606,0.021770795620124163,0.0029416224129151453,4.734368704513513,4.754810314735868,6.859183474105013,3.712155186561925,6.18225468024695
0.035660336873453755,0.020542267580429024,0.013329461620140547,0.007672614369158853,0.00583134327929877,2.91303903850319,3.3684472988829577,3.8017470555437116,4.3032908576288325,4.650285547612671
0.003852529094071095,0.00031904165749722626,0.0012509570851499483,0.002014615128988338,0.04809540966777132,4.359100316766344,6.9662804281630395,5.504777301531595,4.8683609155245895,2.3397538630072754
0.005327950290230728,0.013054978973236079,0.004762877408430784,0.0030028154394875104,0.0017009623787975412,6.193453468102611,4.910030093181655,6.4371935816126475,7.161024404088388,8.28307528682162
0.01947985954366459,0.006726078463051122,0.009122440572127417,0.009205504616052166,0.013529990953320178,4.080360708547668,5.39124659359257,5.006123469391837,4.9231509049513695,4.498127075883446
0.007381570325901178,0.002672088067715826,0.022950991308736946,0.0014271759290560549,0.006868525578531124,4.78537938771726,6.163012159011188,3.5559974545349005,7.011033723504669,4.880265658410276
0.003323742828069113,0.0024169484442216164,0.0006020069614313603,0.025173132402025924,0.0014555515670890541,5.183229612871604,5.539808024491498,7.737595911604447,3.140278323368868,6.248381029617019
0.012272887704881521,0.05418316375453702,0.008442557274949927,0.0017689580296053188,0.0009705208427960082,3.2143165762188484,2.195928379363315,3.5594501902705877,4.898364670713399,5.642832680225183
0.010396845611161588,0.003312460308208063,0.006391114606194907,0.0058850224201324325,0.015747469259478113,5.123077859722963,6.884973770363126,5.823840201703599,5.880028811033856,4.592275002107236
0.010222550092906723,0.015792692264924788,0.0034729026786624526,0.011585381687439998,0.002889874293783106,4.764529041115983,4.252046127179762,6.336379305219248,4.609964345595789,6.581912920998785
0.006766283829371824,0.0016544543811786948,0.0016699995216000979,0.013013807055849022,0.01238056678133926,4.796532164677358,6.712119393863458,6.766758445229959,4.027955034192655,4.118360700095485
0.0030710314998069234,0.0022197354689611534,0.025127963499365566,0.0002859175977774625,0.001288416429648738,5.0988552920879755,5.450763057317178,3.0189332010320142,7.6735059071465965,6.187554660145913
0.024943492697499913,0.01475617318926561,0.0018937542694944431,0.0320258903731481,0.0022360095601845396,2.595012225136194,2.944283153534775,4.860812546172082,2.4167495294690093,4.560633027225927
0.012725159405578902,0.009073485796859602,0.015080518420279172,0.004087459135634393,0.005877540952138494,4.78753129624172,5.246125943850659,4.598608420625186,6.379162360274503,5.8582484076936225
0.005013501785110866,0.0011797035721542648,0.004014468935547875,0.002502166277933278,0.01820903340378446,5.604052346169133,7.916656546264936,5.913161550785506,6.6215803152660975,4.017132624856695
0.0044243850195607795,0.024519894623298278,0.002318679870210566,0.0030939867662043235,0.0008223110961082553,5.232755106520287,3.374983691585871,6.180700776704668,5.70634645972978,7.705383643346884
0.03176653033028932,0.0056269659760164285,0.0034125390897342574,0.03181997459618305,0.01155228180948983,2.7754668077281197,4.2870352903986735,4.884248705837716,2.747825791625743,3.609398900160164
0.01922026094889484,0.001629438702302008,0.0465235343716105,0.0005675537861152279,0.010109551783106699,2.6428660047397647,4.508532240762942,2.114413268975424,5.049627507648353,3.10525658714692
0.004971637579903865,0.0030699956055165946,0.0016932770489417883,0.011820199254860919,0.004122753439713125,6.47106900518732,7.31020372760623,8.552105857663596,5.158580574063763,6.805173737729552
0.008058329512406901,0.010678417834392946,0.012449786177497906,0.0026001022350514544,0.0028587359066047442,5.297012052244467,4.92842244714288,4.759774211634882,7.0328673254585015,6.915730297354319
0.009543118623178255,0.0022416982089513695,0.00950223891238131,0.003050732376786225,0.019902820954670275,4.649514989821249,6.6720062532283215,4.642029387889218,6.139018035738112,3.8367058576371402
0.02003109972150097,0.03401849951355227,0.00653192845631241,0.008666072652243482,0.003084490417007393,3.4567355183117705,3.011464837637277,4.653734566860317,4.270924427840618,5.552397717994505
0.00844957980749552,0.000809762698876171,0.0017264959463335096,0.007176576500496671,0.042059146031124074,3.7399454435895203,6.146036008067334,5.387833537665374,3.865958304542387,2.490105465555983
0.004647677376634468,0.0025995097632472665,0.011151037565745075,0.0014755889321868786,0.004346022611004357,6.476138878275859,7.509567772436507,5.129840778485742,8.57703230312309,6.594478100093684
0.004954260504564811,0.004878044378694801,0.0014314303347706505,0.01448465670659443,0.00236640682986369,5.929987763026919,5.932810054378122,8.121539238221278,4.513325840367627,7.150613581922034
0.02336266050553628,0.016316841400860763,0.006819491013924614,0.013917074258071628,0.006057056322233677,3.616837362899845,3.9726136796844616,5.020905353750506,4.117466994162323,5.136279350981652
0.004359575303133024,0.0006816496825145461,0.0013416200991193542,0.004833905448526109,0.02105925530718328,4.943953870325838,7.335495448633603,6.473329225900329,4.793888659212301,3.3280424076167288
0.0017478913821366475,0.02208095018723173,0.0013839797797796406,0.0007056250975291,0.00018146021970073313,5.198951261696137,2.8492332387378463,5.636327119166804,6.187891809714238,7.870200657813952
0.015091287231472194,0.008597895009422905,0.007609428940612194,0.009434403191377371,0.00833238835292047,4.690847524941725,5.4552500397466,5.663609538831976,5.285038126272627,5.4998498168903245
0.009123143873904121,0.004651896553093426,0.02068194678498471,0.0022543760224505477,0.006162084389358041,4.959815632181721,5.917950681258184,4.0006908084309805,7.01384454246059,5.493396212241033
0.009614487894683195,0.004674618937860267,0.001910983263208434,0.03074011457177505,0.005259242476667668,4.469291237787593,5.349687425537796,6.719977513754991,3.2849704033609215,5.2278076461718355
0.011007200703956192,0.012086762911585757,0.028089044529371724,0.0015085187741705039,0.002340252494972958,3.831149897832992,3.7401828283019367,3.032256006706363,6.013388611184602,5.600575996288848
0.004750161342602323,0.0003526891215349396,0.004850247480384282,0.0004744473543179013,0.037698457698589684,3.9618629940204593,6.455562183072389,3.942912460005062,5.643240035610248,2.3913246678908253
0.006400625268252287,0.011855635795773761,0.0027633558524222833,0.007758959096141937,0.0021435921258,5.810999772761323,4.9483718348461325,7.271669540220169,5.536990050189586,7.684338156416974
0.0077595074807706435,0.0027889408147307644,0.0021129572929961447,0.016271462086830224,0.008704167911428388,5.091061815832891,6.58059591041455,7.096598008137328,4.180444657708638,4.953138226326689
0.006247992435334275,0.005291148290113194,0.02549624045714903,0.001082110632513213,0.00246131033446697,4.870677218154933,5.076957292872685,3.391109372057146,7.2074524177168975,6.137711118426299
0.011779849734667891,0.011111233467092084,0.001708584812459931,0.03263250464989741,0.002389534868023518,3.6799156700009332,3.7169880751409874,5.924160980754704,2.8262829565951644,5.409949937466753
0.04916550197493714,0.01884717668829818,0.01997395082401114,0.002683931426542933,0.0031681639943157746,2.1520977284172558,2.7518016483291934,2.7420360963288135,4.212396860665821,4.206023888849201
0.005919016936300681,0.00169253375455143,0.003866822157822401,0.003843387509739837,0.015794605615003336,5.824032112653675,7.970376678361974,6.491526839154715,6.4574592058313804,4.506860958967561
0.0099932862997149,0.02436374863133694,0.006541724052422163,0.004754858513771317,0.0023194421395953354,4.686055591452681,3.7133399486395504,5.287481956300891,5.653385585130593,6.791858393562655
0.019126664873448312,0.0032228387395433623,0.005610500303543984,0.010047495646943872,0.029149573525865204,3.573204519932489,5.591442906433909,4.909121337533007,4.175656687984548,3.204894273860194
0.005651560530711609,0.0008968745058351214,0.01597884421568328,0.000563157605605581,0.01135543394335661,4.246939933477895,6.260959087861859,3.2713168445227754,6.432066829556422,3.587950514884291
0.0007364559933377368,0.0002694640255281161,6.326598143778266e-05,0.01858396022110416,0.00042511165403002316,5.1989582701790455,6.077254128067595,7.934320478340385,2.66550046653806,5.755459708225884
0.006195821132789768,0.010225239814820965,0.007824141994259844,0.002655381413684066,0.0023210303243003626,6.085429564109908,5.348174481863983,5.769753952381741,7.534908445924282,7.839766302066964
0.012234808776627503,0.003867822258185281,0.010714930152396263,0.004497521105453827,0.01491956495056468,4.736804214778664,6.377656163868493,4.9018624209335036,6.070121345123982,4.494455494691217
0.01063699372580661,0.0257783681701208,0.004654057850580104,0.007099531194292096,0.002333365827486726,4.5111932554527945,3.5791438621058327,5.63201415041153,4.998214259678136,6.625062897092805
0.013942743380646893,0.002451566958228374,0.00298806603981799,0.014929022756144156,0.022708684638529326,3.7728297464851663,5.775839087114274,5.562040671524219,3.6786128037939876,3.3328923522504574
0.00392625029437794,0.0014619331718113734,0.045939423704751695,0.00022600687113627168,0.0021635734304004915,4.439207696887597,5.431326219906745,2.39623672561074,7.047778338387671,5.09056238987066
0.010574163829085432,0.006451063702444935,0.003798460183877434,0.013887984433472897,0.0065058280201482415,5.223885405242224,5.941711914950551,6.863100026514264,4.845184772561862,5.9391932931956415
0.01673353452428663,0.007005053381661848,0.015107074112381763,0.00512741233248833,0.010342395924237692,4.290327688622863,5.393379283491315,4.421923592276862,5.7671843299476135,4.870860627849528
0.002730935959926202,0.000565437136684297,0.0019532538852430857,0.0016316649078113724,0.013653206150727517,6.202358772809543,8.70732734156374,6.704407823227309,6.927439962435146,4.137748090465579
0.0027759720818414293,0.01992601406289992,0.0015246710667258022,0.001981879600446476,0.00044785885973490684,5.512875501190046,3.364571041261814,6.42583685534773,5.957534162025226,8.090936552188825
0.03773756337704647,0.007437009032112985,0.0027938806231509153,0.03927471342496223,0.006781187743198753,2.4650944003899986,3.697553119236693,4.723304641465681,2.417389929154376,3.805454208907427
0.011626944573241395,0.006089382844140003,0.014186126563954744,0.0038947955247695815,0.007872187771065686,5.016844589607004,5.952361293611016,4.768121150186888,6.603217395306519,5.559393339462457
0.005268811713464748,0.003290669201605885,0.001385968600504424,0.017963876696345072,0.0035356224522903263,5.711921070455374,6.4117189482028785,7.99812914121048,4.15716428238575,6.335767101107829
0.01701871026861672,0.019198638385816306,0.01629993063664176,0.004109606462939091,0.0038382769034619917,3.830717415454385,3.718220022990027,3.91813178629396,5.476954914855877,5.6145909641546545
0.008463365028448761,0.0010316404543430353,0.004501186866572217,0.003014792065439985,0.04857038825029367,4.066725094131789,6.508124451806857,4.7485731648860705,5.15049112999977,2.5924548409328394
0.023357108259554123,0.02263386039143382,0.002243408762562047,0.02154370758540354,0.0019503780505604775,2.700396934190041,2.7077290694178195,4.804228917422197,2.7392830655794396,4.822083625466864
0.00534623312199682,0.001794318793472529,0.002202343510489299,0.006979123629888465,0.010447237685670402,6.053166906246447,7.9590922455221715,7.600173341248421,5.614180650168924,5.092593623785741
0.0029834621471182482,0.0023043606756340796,0.011984853522930255,0.0006678458973777472,0.0019005595938597019,6.451529703509265,6.868968041837362,4.501652371156807,8.88704658251452,7.215382808329832
0.007579218353014012,0.013548661147250347,0.0018750945824164344,0.014130350489990522,0.0018131150393491588,4.643853607855144,3.983290538794607,6.592971571751833,3.957711272497102,6.577548870660547
0.019328568788722147,0.03808884097523411,0.011925155330888233,0.0037489108178562066,0.0023172150112342462,3.2113595027623743,2.6982816213120273,3.680769077795311,4.8039149355406225,5.417096639718932
0.009119301462672931,0.00044315326720444537,0.0023658812691683393,0.0022410772557730414,0.11335823136225667,3.250721935662507,5.848226536446081,4.374443688562315,4.242479065545536,1.7124930903226059
0.005702075883996707,0.015772053412807685,0.004269557395014158,0.003504085965209148,0.0016510442167756358,5.872839183552816,4.510767431013292,6.390350720817783,6.644087432950462,8.039493599416344
0.021617999531809068,0.006538439024020503,0.0071333659141132166,0.012732963906022996,0.014443232715701512,3.810396546477416,5.200247229593093,5.118476085117855,4.340443093612752,4.24213064790836
0.010253900095233788,0.0028891112979640902,0.027236191945825515,0.001681044562550135,0.009417765414886354,4.176785645584766,5.7127624143940405,3.233967726340612,6.358657830337565,4.272636452474358
0.006294183681820694,0.0016702586376102116,0.0008155174331382217,0.04417252133184971,0.004766747171256756,4.134594488476184,5.5233332219331235,6.62462514318849,2.510793675416229,4.436500116957638
0.0031212783032630582,0.004090110510873679,0.028211646859324202,0.00010618002816346532,0.0004127742785535619,3.939706964408912,3.687857905132905,2.3760073658077987,6.4340633295337755,5.7829305721556885
0.005943579478787986,0.002206221246430171,0.007465498938453813,0.002430449373731682,0.00980070704427018,6.139404871313567,7.901769662779002,5.757581570781513,7.631175453599176,5.380206366321176
0.007069546325387103,0.01631815663936649,0.0033543187592487192,0.006522608954313837,0.002020100933358619,5.455596824425914,4.387476390948754,6.669351493229273,5.571967702807752,7.5018080714078215
0.01206163739383362,0.0035567883875061196,0.0029537802019387344,0.018782139100500556,0.012375421092959946,4.343630353639607,5.917787059887554,6.238362815029765,3.8492958688794734,4.325973371617779
0.007980997748230578,0.004242784138137749,0.040065727382186556,0.0010466565534820952,0.0035969630535592073,4.326188109601197,5.053281039427224,2.8459239019824234,6.73294320958039,5.2816813474380355
0.011380863704245025,0.005359233167051686,0.0011841192680451462,0.0679498945310947,0.002868788784288305,3.4449857077444626,4.112164205447753,5.918537285559792,2.169509034912219,4.777651996594298
0.01433848748043835,0.008354123587269443,0.01044760307109339,0.006444125208079673,0.008022150672977593,4.800762242152549,5.545804963965679,5.248029012211039,5.878165334383372,5.598096418695267
0.004001329954562258,0.0010491114061045147,0.0025245657042590407,0.002887905008280785,0.014177248135944027,6.191112097758669,8.526732684114661,6.939574392401762,6.670985329495877,4.467053586837557
0.005550968049160897,0.01828251828933108,0.006381043994742134,0.001993138505909381,0.0012685052099653388,5.201717826211006,3.8282361245198864,5.065912539904698,6.667253319402154,7.4471702586931405
0.03132793295875024,0.004697637305171935,0.015581921992075268,0.005587649763628633,0.022233573294742095,2.969669638760522,4.804490390416075,3.57181643077464,4.569464182111553,3.2488071064856543
0.002246567764234773,0.0005022334479918487,0.022064519253242265,8.46912280453335e-05,0.0026143085142817193,4.741048608214534,6.277610908645421,2.783848072464075,7.294194521696278,4.641840700687815
0.0043918018861349925,0.004062984144846801,0.001418339788990007,0.011900614984768649,0.0024619459234509877,6.466884547671844,6.578616992879378,8.635167338669959,5.007502025860929,7.507528885514357
0.00912484403133455,0.019355555772185198,0.008100779666749823,0.00371903278231305,0.002430684107072291,4.933633920564088,4.057710698767432,5.139999631263553,6.185619703383944,6.943808120144844
0.018245739701710135,0.003414828643972515,0.008107138466558065,0.006933468849355218,0.027956705016903626,3.7443484137545866,5.728096032976774,4.629506552989067,4.7547827671728875,3.351000734731152
0.009009172121754555,0.027320392820749124,0.0020944591851868545,0.010467830877306378,0.0013482896754146453,4.001270024514449,3.0038846766675076,5.761955003940752,3.849701046927911,6.244757838974852
0.00565452524594993,0.0005996321563767418,0.0006032234618558629,0.019673326171957325,0.010931244933389546,3.7640512362403222,5.817895643387647,6.057340893555161,2.7649203817377743,3.2385573486871646
0.005519556995692659,0.004426560138444216,0.014404825576434086,0.0015938171454869827,0.00319368995758132,5.984410673260062,6.337165437417764,4.655083396809946,8.121363234162247,6.889606406120427
0.013205019934141407,0.010356232030268137,0.003480726082102411,0.019484436903921064,0.004789207854199826,4.4093810000746245,4.6916263385967385,6.251163804174671,3.9759568283640405,5.733578630020133
0.025535103427517393,0.012361392548642085,0.022463808517934666,0.00476792579885486,0.00703127238070354,3.3574713616834133,4.063003508291187,3.4986219259391342,5.12882759589231,4.694382854078058
0.0034533807339498764,0.0003897859254301223,0.0019884026182383505,0.0013361150859113238,0.033028312928598855,4.858960465722238,7.4506071590160055,5.469055821339071,5.7713449072101515,2.7762288408779967
0.0019359666745553733,0.03364704242047399,0.0007400120595737997,0.0015200069510766874,0.00013691702872302194,4.564906001906216,2.341187258104106,5.865040565500786,4.8247313684296484,7.2246505683645195
0.012359554465417241,0.005703901382099556,0.003963878259205219,0.015665075803661343,0.008727625833275934,4.784259951031439,5.847956986587678,6.4639624566597735,4.471630118533915,5.251636472672786
0.0171567924284925,0.005192733419633509,0.01684689220568807,0.004450423954661466,0.013763241170591604,4.031885920269757,5.4983841607032575,4.0599390105599555,5.659426064423182,4.275509299424637
0.00335082085332238,0.0015621925759515124,0.0006781518388058139,0.02006471596329383,0.002646616857257336,5.507182899050457,6.5213043181881165,8.020837983450896,3.5105961047119876,5.842150028608358
0.004510756245766101,0.012059736039950822,0.01154800920418572,0.0006082103413796681,0.0007209084561013567,4.454438602774594,3.4938569603491683,3.5609177289564884,6.557736763501592,6.5937098868843655
0.009745043556940176,0.0005152900842969151,0.015451215451891034,0.00028345103557133174,0.02239699664673949,3.0322289329230045,5.31282337009371,2.714011319338384,5.1983619691027565,2.482485134194538
0.008809666747347669,0.014137297931612263,0.005879841754983748,0.00556967559594039,0.0030124813943478933,5.525831532292534,4.877367753784738,6.20355035773046,6.211730129815621,7.299377510507161
0.011632519522669587,0.0034153040078605396,0.004842122943943254,0.009166216920721336,0.0167434183406986,4.7666467959734415,6.530045208619254,6.000289820376719,5.043646044937261,4.335937375991087
0.004089549595367896,0.0022801740136996584,0.017870994994820925,0.0007876799536478711,0.0030139344657624085,5.692294810010416,6.5566344735531485,3.875320604589696,8.110877302720437,6.14938897682993
0.0069973175909547065,0.007343942565368717,0.001291828057434428,0.026525010190642153,0.0019776855715880693,4.474473452118106,4.39873718584829,6.774663203234159,3.1852415654333868,6.057469481330873
0.05008917002149722,0.027485156050287066,0.010031169456018221,0.007387699684463226,0.003989975042525376,2.3326161621865515,2.726855511979942,3.556624851874659,3.772613945690096,4.4098135263265315
0.005929398038485809,0.001883161319670709,0.0033414765988470474,0.00483215886068522,0.013449399932370442,6.031565615053883,8.064805841338554,6.994397706658678,6.31173258768846,4.870161627596376
0.005228258114297459,0.016745486183657853,0.004276788150222989,0.0028689243325746507,0.0013960058102067076,5.777715396007106,4.2738187735639785,6.140161926630859,6.7128534848652786,8.031093542304633
0.0279115739929745,0.007387752815833165,0.008952047454430885,0.011690656972033064,0.015117588310667996,3.4034701297914274,4.809761668010122,4.608311572116782,4.234463638178926,4.004174140282293
0.008354531567401766,0.002348445096370329,0.03495529538141009,0.0009917734093947306,0.0069082606319748,4.145208966231935,5.6035365992445625,2.858149283782414,6.495883113101199,4.354984767870713
0.007701495399599012,0.0015987631171887318,0.0007310417613963081,0.06615053851683321,0.00471306665562087,3.623801506620583,5.056780065115698,6.155970686400292,2.0899520633142585,4.085688447718412
0.00936986240079889,0.007680143477045389,0.014963600640437405,0.0029586463761683388,0.00451274468288401,5.279966948499894,5.566309810950506,4.687795008638783,7.055542495902344,6.385318867763668
0.005189746628539921,0.0013474336640849555,0.00528649241707366,0.002163166411114601,0.015167195852411353,5.6796679187553885,7.875979194248702,5.629327852100987,6.987697994922106,4.2995589385935755
0.006003308732591181,0.01370291759313941,0.0017147499555835086,0.010250362160655663,0.0014399968630545235,4.984594626441794,4.024779634269671,6.8334940605427406,4.358408666524046,7.035162832193219
0.005087442220085523,0.001207961851997041,0.0008288789309182032,0.02293646238323662,0.006370843617107696,4.566104654995275,6.234472383571498,6.9305917885288375,3.108942087192311,4.339352202716824
0.00296243471324611,0.002959960907520997,0.03188180682121179,0.00013446062384640106,0.0006034130485236374,4.299229350768443,4.262554851063113,2.4495912235914012,6.853192603328881,5.898929747225001
0.008567954642583685,0.009874983643320592,0.002983287546906408,0.012703427548178839,0.0033045975657225216,5.3412875530167065,5.141748320760775,7.058629800037409,4.820212733277055,6.827966729120473
0.017272099806185437,0.016354291841033403,0.013515640246278306,0.0054279638656519495,0.004907172772804944,4.087118067192217,4.156852635332503,4.396904520053549,5.484186250654766,5.66830171731069
0.007606831148649176,0.0012822460808782307,0.003982010538589978,0.0038613219766877984,0.033705435942317064,4.570188747584625,6.937447772193857,5.3710514599267,5.378201985042725,3.1056511048700775
0.007418136549609257,0.054454710935987555,0.004175705446865355,0.002621057728710898,0.0008734856058325651,4.053436651059226,2.4277823851698166,4.708470564690791,5.166333546117676,6.5548890195456115
0.03724121338067678,0.001551578868843397,0.003455470874489465,0.009120716151394124,0.039587754521741625,2.256315203168393,4.606669468097978,4.020402716618268,3.165166439273946,2.2272209149052875
0.007303623105911295,0.002820092712222972,0.012695706113000096,0.0022409020426329826,0.008850799356293525,5.462443869750026,6.973908874447212,4.716386972169024,7.309738708674448,5.2001135633027955
0.0034539798743283387,0.002324416315656831,0.0008711979592805467,0.015424393840070036,0.0022895775025104986,6.080563955690366,6.67166476367822,8.522824081228956,4.160286735178905,6.74057900477223
0.008592349336695873,0.024259681274096827,0.00993971930837781,0.0022618795839850574,0.0016063709437082793,4.337099253906719,3.3188777176282906,4.220075304056418,5.984298146363496,6.527320320920896
0.021357713331149185,0.001919248479000631,0.009881012898847397,0.0036882381114428284,0.04471063692072934,3.0013375692277275,5.280077010561098,3.6523918425409647,4.5470966822199665,2.4772648569460194
0.007416498384127655,0.06597640175958032,0.001230453037682783,0.005056038570213385,0.0003651366928815532,3.224528517782572,1.8684197647245415,4.950484916326161,3.5054054568927273,5.770977032251371
0.007780349230908205,0.0031494573105287104,0.0032439945095957792,0.009417803962083842,0.009839032438190988,5.762073325004739,7.27746961000993,7.255655661678293,5.455129597417286,5.425994294214127
0.0071108916457188545,0.003983749782210498,0.017220686633307353,0.0019263061775400686,0.0051260365785702365,5.480860859362467,6.361334557169985,4.337766610957523,7.56726187919019,5.967670749223513
0.011916577826512493,0.005784924763031165,0.0026768517143884456,0.025692448509209355,0.006474813033585086,4.409068569360826,5.299891457388662,6.480281385753996,3.5896691296136636,5.175994768018001
0.033518683127683205,0.00707244206184572,0.01740260704935549,0.006328569132907167,0.015276128649791932,3.0263996224564202,4.524900568216591,3.6120062565507687,4.612114499039115,3.7206806094264393
0.001197816406436164,0.00012371346956592535,0.0005885637645312876,0.0005094709254830369,0.014227453189134757,5.734563054192135,8.418284300652632,6.488916803164939,6.2979667803676564,3.3019564319349057
0.003488248129297778,0.009952768373482268,0.0029625188622179025,0.0023531237098175384,0.0011491819373689633,7.005985709862826,5.3438631767338505,7.3697980217881325,7.736520448602977,9.252610328007565
0.018953248203490664,0.010730568416013093,0.007920508928130832,0.011065589775223589,0.008108434678115155,4.176421641115721,4.856150973342599,5.292061807354785,4.783207843685686,5.225207476537482
0.010439212252808186,0.0051559447804783685,0.028115783127260253,0.002064536644788435,0.005747069088592229,4.466396131578519,5.362374998297188,3.441721689212589,6.637163597679566,5.209829477631332
0.009071458084658807,0.0044886968018070855,0.0014266677703286229,0.0437900959060862,0.00395693792163569,4.158393199992967,4.9316150950934095,6.554903932579205,2.760018559023322,5.124806392961819
0.009175561324483938,0.01361906333184478,0.025409444749414138,0.0008150303198937443,0.001270384992963539,3.5706589663626644,3.2318517232599304,2.785223572174055,5.808764116500014,5.572642582024618
0.007386845339501179,0.002463192772633473,0.00717338449069726,0.0032829185999261328,0.0130796784400697,5.681287598300816,7.5258856985969045,5.711236906386208,6.923570650202495,4.890306943420617
0.015363780263658394,0.017903235081289607,0.007007320639028581,0.009016605891261891,0.004374325836144812,4.34748735573476,4.181482429023778,5.38698638501274,4.978119153278133,6.026317060387101
0.008005815032820439,0.0016528020793637698,0.0027830570493618295,0.0074341639595294565,0.023229167063336203,4.681537113740817,6.867867602826976,6.1130269985257755,4.739670917897186,3.558928783314588
0.0019372409278099335,0.0010144325706153343,0.015147615101973794,0.0001796305805653739,0.001351434043035482,5.791325606768628,6.592187392126252,3.510711459849655,8.411528375563405,6.294598474431844
0.00394229517488343,0.007221368403138068,0.0005775190031810049,0.018325061187379466,0.0005696220293470401,4.211950341263326,3.638441276170719,6.553313775060193,2.9214944669026517,6.18407603724224
0.012463564990609253,0.01462215234751517,0.008128429452544661,0.006469181113705655,0.004277013200493474,4.885872867654128,4.694267737189689,5.5145700439234195,5.77347595374052,6.458123393783797
0.008904436842169022,0.0021838614511929294,0.004112943971983077,0.006376958069257742,0.021217594114210824,4.920456584780677,7.00299618584213,6.0069089743813855,5.323422825487322,3.9217126904585484
0.0063842885338579606,0.029196322449248087,0.0033457069762846507,0.0039524040969302005,0.00122228582763044,4.875856449304557,3.2904803467966435,5.781333437520684,5.488545883260425,7.260901549793575
0.028491499349950825,0.00423133836347949,0.003930348399876794,0.022073935686866393,0.018280638412760612,2.9311489140908735,4.723514096694631,4.855389530354833,3.0997516709686423,3.2972234518575356
0.011925201449945612,0.0011022609355700267,0.031451001059197334,0.0005019464703753959,0.013191954249001115,3.091411735946798,5.0934707864984405,2.423496108803591,5.407431890732702,3.028235193868889
0.005324283496952205,0.0027043580611153407,0.0016289866308453345,0.013669836914085349,0.004989398597290256,6.012063266031196,7.124166271834716,8.138746178667573,4.695808776850625,6.126668292047156
0.006374458994548375,0.008459048668915154,0.014688270579941768,0.0016646088141687057,0.0022008112694365226,5.270129432504832,4.9040566122350215,4.26636639480265,7.303878850036194,6.8919342143335465
0.007581597310170063,0.0015577464173296255,0.011574324790616118,0.0016954165007398315,0.01661945480079974,4.557508644058497,6.611585190254069,4.065936098040514,6.403899884288239,3.7186975345339555
0.004925845448562551,0.03353221451348868,0.0015823015988160694,0.004446715924886991,0.0006180886431613381,4.451524039025583,2.7384266829846635,5.90222643092951,4.560247328608656,6.937805981862198
0.012485597863239594,0.001166002230129435,0.0008056304449531267,0.04842236448411166,0.008861567465345192,2.940957375619955,4.795707599503938,5.385422378095055,2.0726037681958958,3.2093066526100307
0.006846328750449467,0.005317140340577776,0.013257340280722382,0.0022456459697215046,0.0040670506447476225,5.938700813530381,6.347000481646389,4.995502436315423,7.847374727513622,6.80087638405767
0.009210659127896165,0.007312840109690197,0.0027157962106402235,0.01742533241339329,0.004294161786430777,5.123547292469608,5.430396563952577,7.050914258063089,4.3342913886572,6.245980057169359
0.02489215620020312,0.012306050031643883,0.014138363440688322,0.007373399220131084,0.008364446382776823,3.614575232873728,4.355489727273632,4.226481097061975,4.926171511872697,4.812485580635249
0.003885655699452026,0.0006053080463125392,0.001959283585325998,0.0024660895198635,0.02510314542973122,5.209268767519862,7.7271135884757465,6.104736093829877,5.745011697917292,3.250335025087301
0.005533432064025639,0.043158083062134346,0.004610378362739802,0.0013540223050917395,0.0005977614640816489,4.160782727432773,2.4710601862507855,4.384200310858533,5.603839170075616,6.672187599710611
0.01262588564612808,0.0050303140776208136,0.007863662663964729,0.006867531649020141,0.012192033283892142,4.990029739548169,6.353037777899065,5.669464665710303,5.801548414640068,5.04377880123005
0.005865204783496493,0.002415893788353028,0.01357590219524139,0.001632355335711418,0.006725202523139776,5.6474575713740105,7.072562187282189,4.524327922240545,7.70181867437645,5.4558608988834605
0.0048677728048809816,0.003137834502517716,0.0011013755292043081,0.021924173847186045,0.0028464051517301577,5.424613992780946,6.024494716067047,7.826970190145731,3.6866531683791153,6.209536001782252
0.017311178271559147,0.026763338624972564,0.015209211652280478,0.0034785448689802806,0.002765004430360279,3.497001093715279,3.124705254797236,3.660242528786072,5.2019859601269065,5.540239197862693
0.009449591480677843,0.0006893720518143723,0.003837317253885696,0.0023390441484157976,0.08026488377373842,3.509394506241654,6.042953147842317,4.337919069537931,4.670562894022236,2.0284025374320636
0.010501959887233188,0.011778880471912887,0.004352709184564193,0.010635188342863632,0.0039792195990608886,5.179152956808504,5.024667204782697,6.565294752044099,5.152102048564135,6.663330262054987
0.005939661278291438,0.00177603560958012,0.002074865330730456,0.008569697957288472,0.011775959076009493,5.53940222582997,7.468286206017896,7.231720416613385,5.00721218394,4.647004969231567
0.003156686703588988,0.0023358591231491758,0.01594913601510671,0.0005389225083324834,0.0018094840170471828,5.887123141230698,6.317848319020316,3.886432217070071,8.379265026370023,6.738043512614043
0.03209352360244159,0.01642477649812818,0.004754526336912201,0.021719684742924947,0.005446210118438303,2.9082312428161448,3.454999230976467,4.762533279394055,3.1990459024602913,4.58023997595496
0.017517876319172912,0.005639643479004888,0.07613368991138744,0.0008228284160781921,0.0035312673743427866,2.906065015092478,3.819828695500252,2.00061527558942,5.374752669934417,4.277772373668535
0.004271598298784697,0.0013052851215741158,0.004028714737339419,0.002249123660255644,0.011722184250374778,6.430114066205914,8.61155682569119,6.4989959106564905,7.5137065395255185,4.953162913404907
0.0036090272853244445,0.013785972090217358,0.002089221288703106,0.003085062583225317,0.0009357640818815186,6.197047662589755,4.390270088908478,7.1578944537659845,6.447584544119175,8.575099300372786
0.020054218299043577,0.008239825182593375,0.0037194633881583606,0.02775521189782868,0.007667302480432597,3.61072109211729,4.535972353628564,5.585937111822751,3.2972594973527114,4.6367627087482814
0.029595171869437265,0.006125485667323596,0.03392622781344399,0.003134830422570068,0.010664153269259789,2.88422408975697,4.303853349548874,2.7959736310354892,4.98197035864557,3.7569061134723314
0.00153980888977082,0.0006211017696912799,0.00015811603676081225,0.03379923500883061,0.0007467895814839217,4.792363335875742,5.602978995120091,7.49954959089779,2.3854242012180857,5.526311524546477
0.0073737766633934845,0.012197379849739136,0.009552989578721763,0.0027560492899840784,0.0024643402957770432,5.502429411763348,4.834255203732616,5.185225210929686,7.047474609731905,7.292697408233857
0.012961650390929202,0.0032193892275257756,0.010751276852946957,0.004255219594864074,0.01972669739906009,4.369164618900601,6.2329415268472586,4.586149131570912,5.757294075961122,3.9153082710060816
0.01319906894208134,0.03383431064589118,0.004525982669326274,0.008149427316116287,0.002253801997684834,3.939248042744104,3.082183961824744,5.219062876608868,4.449351972425836,6.126621606562367
0.011427363553871408,0.001358289131909541,0.0019498684204107533,0.013135345425247372,0.027867426284320318,3.5789752299221433,5.7842815625909285,5.4647359677722,3.4285256591324136,2.8566088632263194
0.002260088094383273,0.0005471772393492553,0.05720711520713051,3.611079690374036e-05,0.0013113153388664013,4.179789853898338,5.365273468179534,1.964243380325293,6.861707833211149,4.706923311161096
0.005172655804501354,0.005120998152658899,0.0018148754510453396,0.011445990468095179,0.002734749686961697,6.391281813315984,6.395681365074728,8.396150981901359,5.215516764766857,7.536061724195414
0.016807146264991687,0.01308310317855543,0.007255752960765315,0.010547547776926729,0.006103381633670859,4.356506593987369,4.658548408728044,5.473513600097132,4.898872143306313,5.679456499564748
0.00531303766496512,0.001207620899693394,0.0021520394394730475,0.005271317823659887,0.0178311536476997,5.372776369058126,7.632582534868736,6.7216263413132085,5.34351861151276,3.9340990928337822
0.0035643523016408475,0.023099538690294002,0.0026177614196490452,0.0017532360761166757,0.0006091799345995908,5.326785122055703,3.314581753170383,5.7849764281851614,6.267641278698874,7.858932960310703
0.06772685095225785,0.00812104001511646,0.007200657224595235,0.014607346586070977,0.012432222372914475,2.177322774309429,3.7442240307023864,3.8942753286027156,3.211866839096731,3.3855952704013204
0.007924583396966129,0.004313824242569449,0.014056680839709446,0.0025328649773394838,0.006299112919778529,5.621800629044154,6.599226326468174,4.833489579743796,7.4730624985979235,5.97155729416472
0.008420546970120617,0.004435649537299788,0.0022750834500926452,0.019590376841438547,0.005781414498753617,5.140511709155479,6.049151068490206,7.208371356590404,4.1096354642980435,5.679567995412413
0.011805483555242307,0.010867047095763385,0.02263317937474549,0.002527078273184671,0.003654800186205723,4.293677310846478,4.389726589868225,3.647568390799488,6.290196700723763,5.796691311908853
0.005819333278193366,0.000853988793376272,0.005652559781863506,0.0015275198934694974,0.02758750637022709,4.580471868663022,6.962860323918488,4.60251520245489,6.064511430477995,3.078964304571974
0.005611742480423417,0.021742500779362423,0.0010652202869056626,0.00941644137205948,0.0006140228613164967,3.9745284217043864,2.835192809397915,5.937891804623108,3.5121493798615178,6.289311097680752
0.0065133734516643884,0.0027387710435533208,0.002273299644424431,0.011373552648872177,0.007784287251683267,5.838489143155786,7.279839574670607,7.67352407414974,5.029208609010003,5.583891717839417
0.006762721527248421,0.005380631202311496,0.0190497858106731,0.0016741133578688314,0.0033388097542401685,5.338265211825113,5.663201470603111,4.077428729839824,7.507910887633206,6.397054013131608
0.01187899290234718,0.009745455475119322,0.0024613711976799236,0.025732681328188244,0.0037390289332981303,4.2143544586282395,4.422418020725874,6.298167261662593,3.4430591267128947,5.653652435008583
0.03860997269040397,0.01589704578856483,0.02024883759367202,0.005432176158670064,0.006410392286239834,2.7503522762570767,3.4681554113477078,3.2869284035044903,4.5083230759629895,4.370443150272587
0.002495746798709191,0.00016643586456537582,0.0009806426501996395,0.0007817577283579673,0.04741047873996062,4.486089779115825,7.159282958977249,5.357032343179654,5.249019669109845,2.2348759531286952
0.00960750549445653,0.0164504411387978,0.006705172196744211,0.005276024904841572,0.0029652967867541532,5.202318917517815,4.518481528367746,5.780544430841003,6.059170761927784,7.050643156260778
0.013285690267222079,0.003316110043097808,0.005399587772356363,0.008721403291944813,0.020772620832947817,4.404452803794954,6.278409382173218,5.575222832457351,4.869835661514739,3.9217323508309145
0.006276726889080322,0.0014835096451020747,0.012327031248831694,0.0013461950426302037,0.012155345789532751,4.8354753235202175,6.787319658034612,4.049575294818313,6.809154363086732,4.086065964764008
0.0012950647811651999,0.0007403414848881876,0.0002455506156449428,0.012190617065932297,0.0008219364340046982,6.054681281622125,6.702633726497048,8.723311124365274,3.6362307230944118,6.66280961550568
0.002228647279449068,0.019696928806164363,0.003507169206799395,0.00030481312228066603,0.00018827960670311528,4.467826934938033,2.6961597943695437,4.1360370409778415,6.230261040821229,6.975218806915001
0.014606851377925424,0.005496338596667094,0.011852576013207638,0.005404066055889135,0.012218058790579979,4.593629739827204,5.922491111813394,4.85593373139927,5.884112164932672,4.809050571967531
0.0069871660894526445,0.022120611209030475,0.003421308847006564,0.005369144408083458,0.0016386302288382566,5.122209433218011,3.799173394681204,6.2043102334297915,5.475453723925853,7.351213537412829
0.017807545951172076,0.0039649500897973745,0.0033856578096408776,0.022332177276209758,0.01537382043077772,3.622654587775828,5.290272387515207,5.541966761950189,3.396153255391436,3.7762773455561573
0.004859594345563814,0.002711451967069096,0.04634930184065055,0.0003647517929947171,0.0018779846396766388,4.380971812182905,4.972216443154946,2.4730581636309923,6.947647901094328,5.446364997014237
0.013660091283191353,0.005767995676509136,0.0008270863577893282,0.07572691320707377,0.0016257401767913555,2.836716806867148,3.434997351239741,5.361701472639172,1.8292298387638541,4.504965891291638
0.012788681264242197,0.00837638377867171,0.011237607677737045,0.005343403962976887,0.006937124809449309,5.01483901513189,5.618498160097334,5.213715001835143,6.2541503479703096,5.89319091158269
0.004502701097594711,0.0012236420144882665,0.003134931581225127,0.0028980429667600457,0.014712303826459817,6.105192060470958,8.388024081345526,6.681385874296051,6.775383604581548,4.493082705809321
0.003226965007491259,0.015039853996968187,0.0021754067878262703,0.0022181516402727725,0.0007450528871923206,6.085246964996021,4.105672814500546,6.756999111311006,6.6635894426149065,8.555928470379923
0.033078443147767915,0.011575014340889892,0.005493780738046795,0.021767843984276482,0.008260371932831384,2.9985885983939955,3.935037342112612,4.790790465154601,3.3213542243820804,4.3009938713065194
0.017377303726790982,0.004298916567283775,0.06588345571834539,0.0011179298148821099,0.005874776569984681,3.0782090997958345,4.316830229477965,2.1837683700422494,5.493805441598272,4.0392721242814265
0.006004063132080797,0.004171416707316726,0.0019457658556732995,0.013991667536816165,0.004018156251285681,6.041045240454786,6.623903817803557,8.097251287130115,4.839728999387521,6.716573040392721
0.011339563995311677,0.013582491243616468,0.013498574391796947,0.0036005587076811192,0.0036386172362016635,4.734209548106986,4.523414739148416,4.562600594883314,6.32520006816742,6.3532825522268075
0.009423940458009912,0.0018879452215644532,0.006764016954430691,0.0035795986583775467,0.02707920435573727,4.533542319839477,6.728165685340987,4.928582295361523,5.7284455561172924,3.4406101845677113
0.022226411099503848,0.02715610764380292,0.004524511858883626,0.014535505257988189,0.0033035511543533114,3.2503571854535958,3.082572234170108,4.90719034552188,3.6123574821543465,5.256176565449752
0.00435770187065572,0.00039398682220806853,0.0007425724365443765,0.006303006592464923,0.02382604626485118,4.145311360071339,6.541230976234506,6.002718955558652,3.7861032321438137,2.7530909646110775
0.0033936934136811186,0.0025584338748854754,0.010238088707878134,0.0010082019987243081,0.0024360968810382437,6.874883073228619,7.3847667769365195,5.142604319932206,9.169604972393598,7.482864036676424
0.00790243803354935,0.010752200732804591,0.0024031470779199765,0.013606904992714237,0.0025945813328119276,5.131658810382031,4.7270948759351405,6.983948977924364,4.460078582950334,6.806057473034648
0.01931642777890977,0.023676777397344004,0.012563663399020182,0.0054439969878813665,0.003931061947528796,3.688873068726675,3.505132665643965,4.169261209205961,5.082600712604165,5.561439924209337
0.009069835262624181,0.0010701106492704935,0.003570863136193716,0.004208581747517308,0.05147221076207348,3.9703345715952727,6.411582781471257,4.987167979640403,4.759755115933875,2.5335191842870537
0.00424212894155886,0.07323305758131791,0.0021353612816463158,0.0014163548970605555,0.00031997595103620347,4.047100003656086,1.986473713661821,4.823389271468434,5.049054645680653,6.694173516134519
0.014291511451657319,0.005459881986586542,0.006220638226429378,0.010224830702820905,0.012382244331668889,4.668385957838026,6.0022956852759455,5.8320859397985805,5.057116618536914,4.8538748860262455
0.009224902445497939,0.0031638148652327024,0.017075336064375023,0.002340755303143921,0.009984139732113493,4.821478278008484,6.33616962321222,4.098705292711105,6.759727841719465,4.727183101647114
0.00659130544390761,0.002274866085388886,0.001317015251047426,0.02481654981675908,0.006192210918983153,4.766173653634003,6.1513434490058145,7.074384875419421,3.3743001093007057,4.857344579661097
0.006870365460887114,0.007002507961010092,0.03274077962842268,0.0007196466403524532,0.0016442673680399514,4.139805493508338,4.114276500404456,2.793176135939747,6.517219201605877,5.77483401721498
0.002458468297813906,0.000168356734745411,0.004492219391147641,8.688466850644516e-05,0.017768413240116576,4.2368907348185125,6.663872099849767,3.734758336817225,6.1606871664738945,2.7377536109784906
0.005603481976070131,0.012660138618155025,0.002510199312242601,0.006493670216665747,0.0017370394891414605,5.885202442353562,4.761491674405172,7.283717293356387,5.6761499245025036,7.911979057703509
0.009332712134820585,0.0034211753047276978,0.002267514907965849,0.02077661668247282,0.008462262745595228,4.729419922413603,6.088536330443861,6.790999628766784,3.8232381101802693,4.864622385952541
0.012212596911927545,0.006858874292464092,0.0374205735476454,0.0018471555486571057,0.004441187910153342,3.972645062144777,4.599069177677375,2.977499836860534,6.220796757736267,5.139297644474827
0.006452776928559488,0.004165082957157742,0.0008438536329942343,0.051223242842846656,0.0019126665944574875,4.08882337952092,4.506686960774829,6.601503684420383,2.4201451118513257,5.396918184984453
0.13245278863294135,0.010826802170109456,0.007521398760183182,0.007298320197372182,0.005423791015958853,1.5656739394573749,2.951228944840375,3.2628273758395983,3.2025969594789214,3.4918358329864705
0.004312708812204478,0.0014112122279651155,0.0025522726088381604,0.0037649541356994465,0.010967384237483502,6.637342008869009,8.773790116564882,7.588303491285979,6.821016640467286,5.208572249269753
0.004790648807700251,0.014062370808494809,0.004754246800238663,0.0023628657783832164,0.001367824473585128,6.001755799987173,4.546248890210061,6.068516407955335,7.156483352299243,8.208152434843248
0.026065079411854163,0.007561089851718729,0.012400890859499948,0.00822123789913471,0.014258266591800578,3.5312262996301302,4.876836283383184,4.313781545636761,4.725506018927784,4.141930253333134
0.005646839077478489,0.0019691752772614166,0.029138659199716487,0.0007109040902739113,0.004765699646636983,4.6840773262128765,5.993431406158867,3.0680719964746075,7.104090020567831,4.894889250591037
0.0031674498303065186,0.0022973507889173426,0.00043066585305098835,0.036138039366131976,0.0009967947347749562,4.614104224330083,4.900136544639478,7.212607186714807,2.56090084855141,5.87950486264363
0.008089573186167364,0.012868237179567395,0.008334325874153734,0.0035656805478125123,0.002803535462859587,5.566115060937864,4.936566002941377,5.571957900218023,6.849566329439887,7.3207642935558335
0.012710861360123586,0.0034428563219814773,0.008216686343001323,0.005541971059388606,0.01913408523102878,4.578985807189202,6.4048282349259065,5.134736831228665,5.618603004208795,4.112468519755038
0.011405758128710792,0.023113344230795488,0.003646355190100495,0.010452488379527636,0.002455982926774315,4.308299723279088,3.5830688556449544,5.8084107625856225,4.402869226344662,6.3470080027459
0.008513871634584277,0.0014912677327200208,0.0016509066633169493,0.015122907452461672,0.01686324895440398,4.126189425482791,6.16190244651105,6.126578293763425,3.537784159656841,3.475893638996045
0.002290750101707872,0.0012474763091637777,0.03574398954984734,9.602097436414142e-05,0.0009073378635248183,4.703955882185501,5.266637465553052,2.4433699452862374,7.367791066090778,5.702361939541199
0.012055931227896109,0.009134319199607936,0.004375952283507617,0.013600736980157358,0.005577911498148253,4.947034238492075,5.32030443029857,6.487972046993662,4.780430339525365,6.053152590392145
0.016392973894832383,0.009090489789084407,0.018717749871353696,0.004326363508686747,0.007217993710094868,4.211198602169334,4.922738242870664,4.085114505862052,5.897476308373045,5.218719720966489
0.003905408354629084,0.0007328046074676137,0.002957906769428617,0.0018816947485240574,0.020089437937068633,5.511546906199317,7.971384704479537,5.887652290315742,6.487669004103887,3.634738572670695
0.004683708463678029,0.03591810508622669,0.0020162393381583936,0.003153577890988156,0.0006386744006770481,4.672321335816373,2.7815736936922413,5.777295744274227,5.126795023544505,7.20583243746405
0.028585450315245387,0.0026991012503067673,0.0019143121124605242,0.03660148424491765,0.012239528680331402,2.511988357322491,4.345493956077515,4.815597397243801,2.3302773917081665,3.1203931310559687
0.011366233060875948,0.004491010048639627,0.013166430738152355,0.0038055990675955696,0.010756847330236888,4.9400888121312985,6.296378034504754,4.755807354182429,6.495479301282852,5.016430861687987
0.004658104174309312,0.002302079839334304,0.0011879513436057181,0.016806881980803875,0.004060768236863296,5.740797470643279,6.813140003171491,8.059017278494501,4.118950315652718,5.957737363720635
0.006789664444002098,0.011066477707144962,0.01595776425087275,0.0014060670929255722,0.0017469498847716843,4.705165365785123,4.155402374009271,3.8030143766288638,6.768622008202399,6.558185217638019
0.009004162335841743,0.0011553546858766846,0.012493760791872534,0.0012613142588373046,0.023842634193420597,3.8466924655534482,6.049173279196948,3.529123614630263,5.756680672206021,3.0002647362092856
0.01890674346448608,0.08991123706967108,0.0045926290063338935,0.003334040677509297,0.0009440680203263801,2.6848461750804047,1.7961279584903733,3.826728018087641,3.9715174232616426,5.2144723917590134
0.009520634468562435,0.0027905168420594077,0.004433635375786652,0.007403183148155836,0.01678927001058536,5.098719222267904,6.977197219057077,6.226212282072514,5.406307060611504,4.394609696142608
0.003809218928381906,0.0019425102322112376,0.015110087752600145,0.0007912532942329811,0.0033091829316287203,5.904456706880555,6.9436027389379795,4.1188255620585,8.292194763522323,6.124671338991711
0.004482839077620534,0.005209977145476577,0.0009494901608739307,0.01922215432921765,0.0014508981679646818,5.11836418036198,4.906670036467322,7.468133496320141,3.5527856460482146,6.6573187484796685
0.036052300723785784,0.0310618944391263,0.0057141062804418824,0.01199572042763169,0.003425149224462028,2.6212696247928973,2.723137909927117,4.216604536263931,3.458663770371764,4.725106222641092
0.002466310292726235,0.00011013339148912269,0.0003678390672671631,0.0020610898434995444,0.036556272219077854,3.990785227387393,6.567911313988675,5.671719266134957,3.9603451905636264,2.1714682668292555
0.004620619503392428,0.011618911928261647,0.00345989358585519,0.003329981755815389,0.0015451081948692647,6.602423676795925,5.198587589665548,7.184135918007552,7.181377857168125,8.726894286537807
0.01658609341297553,0.007435384049871952,0.006225314002550805,0.012685759690312085,0.010036960613392692,4.392364876886425,5.42151735198564,5.713668963593324,4.683986058677096,5.0192517396051795
0.012284471022335064,0.00453733163914174,0.02295561271293116,0.002702724047406272,0.00910291579487395,4.360765384392721,5.6376344853635505,3.701722826586999,6.350574587433829,4.71695101573837
0.006378390917228191,0.0026824867558676003,0.0011319123400941225,0.03359646753476152,0.004239799132834181,4.649842964617036,5.710508705068517,7.077096475287995,3.026017956103915,5.160636542184865
0.019680894149093277,0.014184337374216451,0.03488872436005384,0.0017741791555336902,0.0029167076655016765,3.0386049249827383,3.299796453095372,2.651548254963109,5.237893816398038,4.855675354510216
0.005978038755091889,0.0019537927020052176,0.005063336941800677,0.0032191704550003277,0.012967923177111275,6.08324913651269,8.082581485223672,6.335364365881751,7.062223337255803,4.968270991852626
0.006582029725826481,0.010729401997571148,0.0022829822981545265,0.010402345352177758,0.002169634838647826,5.52505297574443,4.856866740391508,7.274365349337599,4.912843324788735,7.3118579195470925
0.00530308670549977,0.001757113939661923,0.001320482857031694,0.014805206159631663,0.007075631576278875,5.314375538237015,6.926196515925424,7.4810494949309385,4.064366270061973,4.951058123836403
0.004144945567523616,0.004420384600184981,0.02116713416762715,0.0005628014713615984,0.001375802439751063,5.031036975081655,4.945463631158453,3.3343935823724493,7.450133255661334,6.493462524891213
0.010774421517969854,0.017347013277492742,0.0014383322508986097,0.021751790180121112,0.0013144670672474625,3.4437751980136078,3.037776706597782,5.607513968752931,2.876623423242616,5.521873586905015
0.011498619536879971,0.011619770240819149,0.011066182425873237,0.004614123072419377,0.004546890311251388,5.0571913382651426,5.0606670116877925,5.1471490031339595,6.376301875161264,6.445154603301841
0.00770859966588138,0.001952178182821292,0.005124985046208201,0.0041150536344048095,0.02030507868597958,5.193315335257095,7.326142041309618,5.763836928070465,6.059639610525056,4.033446557646299
0.007533556743569419,0.027398929208194575,0.005685002892206674,0.003208594528876804,0.0015488647421284321,4.765397457015541,3.410728394871123,5.170887995603872,5.888967921765252,7.0558456377021335
0.03140419175660774,0.0040289299558619015,0.00760469348202745,0.009942841872589335,0.028908935930070195,2.9296537989054694,4.916664856216852,4.236186310176244,3.901341859970474,2.9986912903005907
0.004461951307584417,0.0006452205984586768,0.025782385197143678,0.00018840616449530592,0.006421344599702415,4.0285561385904165,5.872533793462394,2.6315396573472407,6.444651127513251,3.737897265601508
0.004262267921453526,0.0031105398427720746,0.0013260626650479779,0.012640376778285318,0.0029320731491277036,6.466390029260917,6.986582093187558,8.704550285695463,4.884588451942399,7.128539168455271
0.007336986691206266,0.015108886676814905,0.009326688637746551,0.002533176394761915,0.0020478782197542005,5.174057477042058,4.2936775352517484,4.905017815945639,6.7440745678503236,7.14885129057418
0.01718775226361888,0.003326208453684779,0.0124085616330722,0.0044984092647114724,0.02424604185072999,3.7658620378562566,5.70203293184319,4.099192508349603,5.249767095388542,3.442419820491032
0.010984128439723288,0.04688754234363797,0.003167777734035287,0.006910294567280845,0.0013765342479310212,3.7521379374983934,2.5753104651467345,5.145675777984375,4.204652065497726,6.125753358741691
0.010970036756322183,0.000794364254249381,0.0011024484636728965,0.015718594190874194,0.024518386286028065,3.1571987161034483,5.402615597052184,5.263143279107933,2.8696916715061085,2.597605084769239
0.006178670813505109,0.003724143340327432,0.01564798683171038,0.0017349987894291904,0.004463599485441546,5.769014277685405,6.570277312210724,4.510835012824691,7.8876751301857615,6.2765044023664265
0.01339463374288083,0.0066907808660780395,0.0032211045043697185,0.023149041732631555,0.006895646985842131,4.35233280920527,5.201157691083764,6.307668779878148,3.754852370935479,5.180112010048576
0.028675565330655163,0.0072685600535526106,0.020314395525829376,0.005359473981097644,0.013188991381232331,3.2216794927143124,4.59947017230004,3.543506263811895,4.9195529132104845,3.950102738116331
0.001494862889690648,0.0001713176061226832,0.000840848451556445,0.0006152052257370936,0.015698985023153228,5.696274778106257,8.360031107983867,6.321241774281457,6.39820249182987,3.317374348625882
0.0006035077788775152,0.012211120694350453,0.0004356072176563574,0.0003521436508465256,4.036474570140223e-05,5.5417893704580825,2.955376476672798,6.296168178676096,6.146635268085371,8.287859116453022
0.012244403229896856,0.008985977736909337,0.0054724782932971255,0.01068919438148271,0.006175196210578312,5.1012480963745475,5.541860653226525,6.347154463359904,5.26869001743131,6.110093680276068
0.011870452832753689,0.007022730131387864,0.017950954218811533,0.003340559940223057,0.0064201678565871945,4.779262066180292,5.495225193102824,4.293986128476412,6.576045538384902,5.611166712150678
0.00621102520219755,0.004222778231749163,0.0014293894619022939,0.023241715788563242,0.003277565704561651,5.198906651501146,5.710254514373869,7.510218313945247,3.6951159141395205,6.119661275194779
0.012578963669654978,0.02188722986799653,0.015566734692265083,0.0026407895147956854,0.002350398954429055,3.8872765396876963,3.3698607998813985,3.7173916906125726,5.692348971257586,5.904733353965732
0.011329919115939861,0.0009743196356625535,0.006274557314405202,0.002264521721408371,0.05947416271719047,3.4698646793804597,5.911993781665343,4.010159137986228,4.8988310314247085,2.264564265366396
0.010260982011806504,0.012661352992294882,0.004906787009893115,0.008832454056888534,0.0038009578608516033,5.276090380111373,4.997105312334693,6.454170968888564,5.478862701561668,6.833973799748133
0.0072782548310439035,0.0021801065266017477,0.0026835496961996694,0.00889241359578877,0.013507189592688828,5.342348754511259,7.234727962055969,6.906027566170113,5.038666855920772,4.554129087399861
0.004046395438890938,0.0024886672559865973,0.018683417048593505,0.0007508672523154558,0.0026527166072022428,5.651948321399839,6.357026424718371,3.7987339589633398,8.090652629087941,6.283092764791977
0.00618171874041708,0.008081757206260847,0.0011913663992063632,0.02156621404467983,0.0015628647222245132,4.56043434290616,4.243296745867752,6.822219618161235,3.324521360059498,6.292023165757103
0.037797298078315264,0.03937241764858522,0.008641914835735348,0.0061648649603472635,0.002732383266329465,2.4718818426010856,2.4463998830897444,3.63161841326706,3.877079750015663,4.7154562133032645
0.006925265418649781,0.0021789957082214845,0.0037551258932056507,0.005517527405225949,0.014394263685871368,5.754542068125505,7.7237357298585385,6.74733578554965,6.058297502161264,4.751148829805157
0.007422976004864721,0.02047897029043065,0.004194396351422336,0.005086694068236906,0.001899832744111396,5.237915881498291,4.024838408525428,6.133948675083821,5.765951718037664,7.394065278895133
0.01839732875190137,0.0043388527070924105,0.004429484615026195,0.016672065053244554,0.017246927021827035,3.762290455323161,5.439214793513113,5.447726715838417,3.825170920360539,3.837264829336076
0.012503378915734685,0.0021287501876401304,0.020696714094118482,0.0018040882625546776,0.01739914854026112,3.6941075892563986,5.634121550643411,3.2407809420846267,5.726272840812296,3.398460844938326
0.002233031007193061,0.0004729719677678334,0.0002544668751284983,0.025037218206385412,0.0023868260077708025,4.653035131065137,6.161968266680004,7.230819036753813,2.6489107043408207,4.61861656151291
0.005775146867160188,0.007099370618827488,0.01155522815637703,0.0018681814163380738,0.0024490967234017313,5.945826706941672,5.642573781909505,4.981987211311281,7.866734639244705,7.407231032826582
0.007014044948579223,0.0020303678687999495,0.010325697569875366,0.0021243642600724533,0.012531374968147553,5.220238009948161,7.099530632547894,4.695908810712702,6.9606185215457606,4.4831277651355395
0.006380370706855708,0.025767793240921252,0.0025760516656979167,0.005447357575572071,0.0012440838684398652,4.852610655053783,3.3824578685122746,6.132516947128838,5.048553875344959,7.187116188487731
0.016442855048916002,0.0029715799638717656,0.0021771206113550693,0.03194298214095156,0.013208212870814962,3.358928851724124,5.0835283770556945,5.538562114986071,2.8087605380898006,3.5668677157358917
0.00442062592733103,0.00204181024192984,0.08049130594367689,0.00014109862170435535,0.001202950820471925,3.8502814006992017,4.477855654286172,1.8844806893459465,6.488302263352305,5.059460689492288
0.009605566283105804,0.007552225829775484,0.002979892058982809,0.016394288471054726,0.004552368015987565,5.143040737387659,5.468054008941723,6.996802584620659,4.466149308375577,6.24516784467434
0.022629066970506678,0.011524506493372697,0.014759325380120784,0.006712940274653775,0.008284844875630516,3.7725977957599697,4.5108654838638556,4.250906473169183,5.137585270680605,4.91091446103795
0.003979715984835334,0.0006665466560780295,0.0021903229438974717,0.0024320305731848073,0.02373417554011014,5.305283211378934,7.805646027366803,6.108770334636194,5.913965243772334,3.371045831983184
0.005770611582593116,0.036582800051771655,0.0053665796228711225,0.001415931588553135,0.0007057451011032826,4.248721810368002,2.656301789279026,4.3589516914123445,5.753504514270147,6.711731136455522
0.04490750839178519,0.0015501166599921007,0.007678666599418127,0.003352563454866487,0.03930201458567436,2.1080064906876994,4.484937034706101,3.2750339729970124,3.7631815270165143,2.1846561569923524
0.005166138491183966,0.002511991903354592,0.010276894210132358,0.001754912419755671,0.005808697610991171,6.364189823527298,7.6707592594900245,5.302678719545892,8.299844734514734,6.177805160631474
0.004128462170752482,0.0033748293342395082,0.0011998377720316726,0.01357775292220312,0.002446767115846232,6.283880108838975,6.588249512807322,8.574519916678621,4.631620304278614,7.181174472293396
0.012444766256461728,0.02403863995022724,0.009439282559931421,0.00446794927459923,0.0027996233012598623,4.320259943301825,3.639944376650383,4.693955889256719,5.594289058058115,6.330884368734579
0.015449241387732722,0.0022238770808163735,0.005828157687049207,0.006328572469864912,0.039935785667752424,3.6659100105371762,5.889831233527308,4.705401731125575,4.553788198789421,2.861412317594156
0.009941483143895096,0.023170916322975597,0.0016037848339139698,0.015178675625766067,0.00119168870140681,3.5801924846522715,2.879447204492548,5.594413753992572,3.215290220720355,5.774455840238217
0.005892044272029762,0.0023373399711758345,0.002254772899672929,0.009140966002838181,0.008414116695121248,6.073153494959394,7.68266216986687,7.790777479197535,5.3916762714673,5.5446450499893585
0.004838688891972511,0.00395201226968889,0.01541026863465742,0.0012457813462812635,0.0026878841159874425,5.91215022468447,6.225776384425425,4.370340257875118,8.173565108865855,6.866349027656835
0.016399213372800935,0.01288458653243425,0.0037781997615206316,0.02085027177598526,0.004719849483828031,3.949285407911072,4.198314991159456,5.789731142400693,3.697664636631373,5.437633832953854
0.025354263836532612,0.012046471608263316,0.03033213659127313,0.003444554937831855,0.005756681246450434,3.145898475802576,3.8199918087056863,3.0255812700265383,5.161318864261202,4.60445621344534
0.0026489071396080493,0.0002103330164423337,0.0015934958627555256,0.0005989174947058737,0.03840604677270232,4.618269040365322,7.258838460413971,5.091090950278595,5.721679018818259,2.442556460761676
0.0048418265644174325,0.012927589668574737,0.003029885347382503,0.003998671018486779,0.0015140521210971207,6.309661590581845,4.890285982802314,7.18762038380818,6.630367410151024,8.468102608125085
0.015731830706283163,0.006474972522588255,0.0045085275175107626,0.01747257361558511,0.009807888252797266,4.286735856882276,5.398688598101938,5.963178266166842,4.146409721587564,4.858638701743996
0.017905006944319714,0.004909844862200995,0.02225310185797501,0.003592956217630419,0.013074056112275483,3.770001849856159,5.258261584134168,3.5678618258918817,5.62993693456518,4.095914184728063
0.003533991417607087,0.0014474099935247102,0.0005883697345686885,0.02791303619356291,0.002548074563011325,5.029884552726405,6.079338925840559,7.589086931395053,3.000872668948191,5.444365477470371
0.0077903444086949375,0.015791439770584954,0.01941262128954819,0.0005987441416559309,0.0008384860285902096,3.5238900590842586,2.9568718228330524,2.836483090089144,5.726252350068416,5.665025270937603
0.008464846864448025,0.0026983584012759804,0.00790772832713671,0.003595842589652789,0.014411465065537294,5.366198415125202,7.1963908958109055,5.455020983981122,6.620794282056352,4.669489151467681
0.014903191053171153,0.02052294370662732,0.006366853763097708,0.00906621552465674,0.00380325222758449,4.276445723779017,3.937279104339433,5.387665014771033,4.852735490985257,6.088826595608365
0.008916179855780831,0.0017022200451522508,0.0026947513506736962,0.008746832174090844,0.024416579442368885,4.416983634668091,6.587153392219776,5.965066977429423,4.408794031550181,3.4101171600428897
0.003636154008846237,0.001144278339252899,0.027252869318611796,0.000301363249827088,0.0033106041888081843,4.799915811933148,6.130799609514184,2.9059946234073504,7.323494988871042,4.948906924894873
0.0031793721368409546,0.0019500167494366683,0.00030319665601910654,0.05804136524833883,0.0007675586005974208,4.113257630025538,4.495235380052692,6.751574671130369,2.062526635483156,5.443402937487647
0.017252782967802048,0.01039793435494349,0.008009061811827778,0.010074969967591099,0.007793421560786256,4.386338913440224,5.019451017924251,5.407233544593681,5.024118183456754,5.411566280272204
0.004126793137445219,0.0009752309012515025,0.0019334109782657475,0.0038622563145497995,0.015278723473361677,5.830841544612479,8.162125902167054,7.023549814298419,5.887883681156272,4.168588129562736
0.003522935228426222,0.01873478206779438,0.003360089233895449,0.0014526404722328783,0.0006656820397525095,5.4690646301034525,3.5778976054267306,5.573765296599679,6.689878644259426,7.938512743680575
0.06267040102717414,0.008286493105063313,0.013616981906044018,0.008093532110548737,0.013446198434658475,2.289471664289823,3.846950807447685,3.425084741761819,3.8408534878230376,3.418234996054196
0.0027773718997350398,0.000555646994306264,0.06603714235579049,4.239392937881032e-05,0.0017194920865421948,3.9629033292708047,5.284753492562229,1.87815364577624,6.624329737954525,4.413681696400703
0.009247413238327964,0.005184073678614149,0.0033145922053196574,0.01358254343483817,0.006726591229879972,5.465440304231139,6.349588697021205,7.174376197056361,4.926499936196025,5.951873555183182
0.00776992237362447,0.007233982655384936,0.01656616472875328,0.0021584361553676403,0.0034069188789086417,5.304010019145166,5.40790420145219,4.366519405006735,7.293733807322848,6.558934114191144
0.0052867645978798864,0.00126171851144265,0.00681126451839295,0.001704872768126286,0.01471947998745636,5.357396552383691,7.515402188509359,4.996899096833361,6.959482384132549,4.113651125695282
0.004804352779985291,0.017590650062077107,0.0014556282219494604,0.006803432003259111,0.0008995875211571174,4.920034551976538,3.5373805562018603,6.629275509879714,4.523956918384058,7.204194527210586
0.0069034931823046914,0.0013569153126686447,0.0007879593952744918,0.04244183911937412,0.006125650040458715,3.8721832402522094,5.474193175209365,6.329904436298499,2.4330877336234273,4.002601050900703
0.005865645232830209,0.005997946774516023,0.012218734161986489,0.0019011131963549241,0.0028708178180618946,6.060901570456284,6.031101258215187,5.014154794845698,8.020430623529188,7.286622901363437
0.008676950794817923,0.010173484320442957,0.0026481845308781067,0.014678643343661004,0.0030736036731125777,5.088736479246275,4.874127174943155,6.933991432999048,4.439621686306091,6.635763874107049
0.020840214444221412,0.01954692712635865,0.013923743876086128,0.00577322521737209,0.0048006917555710495,3.6862894961464487,3.757296059452047,4.136068401323339,5.105918005449547,5.390750116674432
0.007259423744558922,0.0009572259609231419,0.0032587734039396287,0.0036050395757849314,0.04372035453937571,4.307523217094684,6.763872142600763,5.235114246142946,5.069821630141503,2.7128483500131058
0.006341292897001284,0.07852894476555505,0.0030289805588679906,0.002016105320061219,0.0005677358010577974,3.8273703840052904,2.0164811861814966,4.61283066440745,4.900951068336016,6.421162802678162
0.012776406372652436,0.004738602821002798,0.005951850567431141,0.00918061643776841,0.012918771704497414,4.8761660135078895,6.313564284603367,5.978274918967815,5.2739187494517985,4.86753490041516
0.008143242038537344,0.0027720582336624947,0.014429980316056957,0.0022417742221138392,0.010166672452424433,5.064528531703643,6.663348625101101,4.352649606532072,6.953656584821883,4.785256899816749
0.0028782487002606922,0.0018793380459977754,0.0006614971792010063,0.01591426987397111,0.0018534581407862066,5.982312679037104,6.5787211053293095,8.505494318252813,3.9029087078364126,6.655565986287784
0.0050126766058816935,0.020539509697853005,0.007123019913079352,0.0011202533495004855,0.0007975178216804424,4.60955952551819,3.225866097329421,4.258725274150893,6.352899895158065,6.934685714629871
0.029988006511029924,0.0018756889681989174,0.01651717900267671,0.0020412844642811725,0.02838610318364682,2.495910897557259,4.696212402970677,2.907164681141153,4.472978418661957,2.5307570968535367
0.007532790809350888,0.01603658377555926,0.004127451034303135,0.0059292986784996275,0.0022700745713591006,5.526763190243482,4.537859992168452,6.522647040392233,5.877524845419462,7.516518436985142
0.0132137831646842,0.003907362039034093,0.0038685065990814735,0.014862119332725146,0.014319847117578274,4.393308783684391,6.001240761955636,6.05262822702989,4.238869623255456,4.311314585441313
0.006006109313821415,0.003450438754447819,0.029592884500967986,0.0009363617506066625,0.003230424877173358,4.863534337165594,5.570849264664667,3.2125450919734466,7.279250409871532,5.680983274747663
0.017819560995067273,0.0075820236628528145,0.002058249501720502,0.04959702580324472,0.004513665166567773,3.260628456812086,4.029182973807603,5.574581188782207,2.487456620007891,4.585747532335862
0.06050522246707306,0.006216587286420055,0.03069224451438103,0.002056035356367532,0.0071628557552014934,1.9995441685248243,3.5024935476880774,2.4032826950166823,4.268557842128488,3.4247471019283524
0.0038855850982756983,0.001101553901495316,0.002819348511085805,0.002566740066133607,0.012663272696722945,6.437334615554229,8.739292178946437,6.967797436509694,7.094247866334694,4.743767080731416
0.003934293729681663,0.016788027765534598,0.002638514865757483,0.0026294486592271624,0.0009393066426321508,5.901562254165504,4.062650442372985,6.572565744263699,6.515999817135771,8.315752850023179
0.03174383097259598,0.009483316779463674,0.0058434657976566915,0.020457672838228826,0.01035363279888296,3.0983856958743297,4.235959414841898,4.827370990157023,3.449127014794861,4.154110696239281
0.01598678407763215,0.0036296259580003236,0.055095430254588074,0.0012477319240905302,0.0074352052749461035,3.2409042755423223,4.638263191506518,2.35378644162396,5.60951071250285,3.93617017070817
0.0026757694445190467,0.0007362670978865054,0.00018714494095279136,0.08497014617736334,0.0011041842372721798,3.9905741340998357,5.015668355506033,6.688745008375541,1.7635345339472652,4.763657710947409
0.0098280623087343,0.009951491677350297,0.011480486746032251,0.0037815758681213345,0.004186278073438735,5.358596688601879,5.349156220418285,5.182906488810155,6.823972250122331,6.694448795214615
0.00737914705648506,0.0020079545233944985,0.0058661543644404806,0.003486710293223221,0.017701510090595746,5.359503551138446,7.435715081999639,5.674995405165923,6.422070054170765,4.261302365316775
0.019734464675368518,0.017853162858602438,0.005812683997959557,0.013937408204674862,0.004929203014132153,3.8038339400245285,3.906015275381809,5.265759675018319,4.148503384537131,5.448059283364033
0.005144472295793887,0.0008518302742385551,0.0014454370986629224,0.006384572045300589,0.02020282530756714,4.7913871692205845,7.100131010078041,6.445913174288921,4.512758065781037,3.3915957380665924
0.0009649801540184968,0.0005344060787785424,0.01242696905511507,3.956566838472815e-05,0.0005622386938820449,5.784872178443788,6.40982699786038,3.300073499085458,8.487579580922928,6.468663702757018
0.005816861566170666,0.008539362969705677,0.0022569582819718806,0.009266072627329274,0.0022674524811208737,6.081030585842011,5.493661431239926,7.799001541915411,5.397540265814893,7.731594276137293
0.01266278536223608,0.01938125410938594,0.008641192719898905,0.005590945392553465,0.003452978665859498,4.584499155915134,4.1092191609112705,5.118247542740858,5.642588688926415,6.414794065967576
0.012153242946310561,0.002362045066724762,0.00494723182301842,0.007045269954693034,0.0291365991043962,4.222424274921855,6.353234060376633,5.323628977395865,4.828737725941404,3.3606770878751413
0.004396391207919672,0.032899235228272164,0.002450491866084485,0.0024012997064823097,0.0006508101075424203,4.873950570524144,2.9175902136206977,5.660859534841859,5.609407959367482,7.416094367873834
0.05032398881003426,0.004563733352852494,0.0037319160495069086,0.022889291925479748,0.014415684437436481,2.2461404518181682,4.058171027281037,4.320696329519655,2.7243122226835945,3.1018610175062036
0.009581894365305163,0.0043442263172563484,0.01407689701512755,0.0030701571269837256,0.008448327738530806,5.24045187144176,6.446131214995038,4.734864200044334,6.964605706063582,5.419599984580178
0.006365008171293965,0.003134617699097396,0.0016399278758395632,0.01914237377279542,0.005095817910475066,5.392503815989329,6.433629726034726,7.603517499105351,4.042859934714245,5.724212029546188
0.007566208960538345,0.01012854774430849,0.018553312278033352,0.001585082128023904,0.0021490528776971917,4.674135645933002,4.338975080535308,3.7303161157811617,6.766079348448876,6.392838440290562
0.0073326843318349405,0.001029868487256761,0.009995714714227657,0.0012312126940313593,0.023022607316276096,4.16128102450745,6.400163056088282,3.836314296995783,5.9929301801804185,3.1097318831909364
0.003409682078433616,0.03228430149391338,0.0008823081410237462,0.0038229781016808186,0.00028090068517095567,4.187794974271912,2.4339668992961583,5.847899932984902,4.108201536788252,6.719453744628712
0.00914191506946515,0.0039000548279790022,0.002966111822121226,0.014440165220469498,0.008630719888337213,5.234272832472328,6.515431441720251,7.027891027737906,4.626442680046606,5.323943772971213
0.009406025685102517,0.006102291356828302,0.0235440455785993,0.0021341459214461018,0.00457609780939879,4.7797096664129,5.344672669945889,3.764651118169559,6.893377325293206,5.755495030102564
0.00932623908452845,0.006324506372930317,0.0017230199449118789,0.03306948490531449,0.003497767274334683,4.3480887520492395,4.779958103538664,6.634050581643864,3.1306747629840013,5.564508254986175
0.05850271623093646,0.013098732371934693,0.013940698499616272,0.0082641752886873,0.008806066276747673,2.370139863944457,3.49662027066325,3.472124368755267,3.8960849987151382,3.874115722600986
0.0011923338513120537,6.180762275529402e-05,0.00035341732569837617,0.0004216774736135962,0.028232307820960652,4.806431615641942,7.5084780005713245,5.905353746103722,5.227845338670948,2.413778752624452
0.005476809822165803,0.014192494320611985,0.00550315352782914,0.0026238345354907145,0.0016391241077119004,5.889218290311319,4.602235467941721,5.935662375800531,7.080515256842594,8.011567439614673
0.022588518153818363,0.006294828914011853,0.011729675965324085,0.007632649354569556,0.01592823657039172,3.733849553830424,5.206340210622977,4.45243322156881,4.905007990691728,4.096008617243085
0.005261351190013329,0.0017689919759151427,0.023273420329537893,0.0007548282486858073,0.005231341867750203,4.881831893107766,6.297880214591325,3.323875007846632,7.253717681116413,4.89910910960222
0.0038218056016555138,0.0023586005931841778,0.0005342495008603096,0.04071288681937269,0.001419021115927943,4.582308734145481,5.0566101926630065,7.174445973697796,2.553905174540239,5.694365638902064
0.00892047681429554,0.03670491422682619,0.009733885517935744,0.0005809958329823773,0.00048393809628081053,3.0723916476951634,2.162870872015045,3.041059924539943,5.062720159065788,5.495559158506337
0.008769918123171572,0.0031514099566330393,0.00655908472188733,0.004755054304166314,0.013044173582136255,5.594218918367986,7.293858508737132,6.036312919968239,6.492572444376502,5.038868788505559
0.010804939896614357,0.015060338817934917,0.004462105966576513,0.009900116329954254,0.0034162770479583015,4.938558580310189,4.529533056754128,6.269683165047687,5.046760813851632,6.652973169199045
0.007652948453503464,0.002022829893411826,0.0023297031516039436,0.01079072974198512,0.014438104607756441,4.948685587476454,6.876297300977965,6.688975146908344,4.498509705606608,4.2066035605886976
0.004071411570288134,0.002404976505700703,0.02504568071200449,0.0005435283728375868,0.002316123147136919,5.200364658700502,5.874047563466568,3.260371970965099,7.710872828536826,5.965161388349426
0.028546975358860614,0.009553107329255947,0.0027388434449699293,0.04036519995871276,0.005325000965735869,2.7833336235688804,3.6646705822921706,5.0110833802143535,2.5264472044192092,4.250186071627984
0.011578947567180586,0.006904006633700161,0.01286942343744673,0.004250646972976948,0.0071302972297817135,5.130847611591247,5.888559101908279,5.0022935869535265,6.605168680409823,5.828899221128838
0.003742172916159084,0.0010201974291315498,0.003066774388074341,0.0021684509803592046,0.012771911382724708,6.372180817340038,8.696027030709958,6.6809704099714775,7.250793826805327,4.64634163820467
0.004703510698540213,0.018615389565253243,0.002233031086996871,0.004265252706387748,0.0010726645545858435,5.512417949949949,3.870813392359872,6.696057197440017,5.651222993164625,7.860681076814417
0.017787566075308847,0.0048695808756484,0.002673291038001884,0.03503063122021037,0.009552480377841345,3.505480601966636,4.852989344823784,5.663228577459642,2.916269977380897,4.126170490970479
0.03185852964337844,0.003197796177458911,0.024099454884261663,0.002618639698784003,0.019160209485671067,2.611885634713082,4.555406081316575,2.8176308438021263,4.658846377129861,2.981973938844048
0.0038729531266051883,0.0023978465205046935,0.001263455523481342,0.010950675704633142,0.003332088313253225,6.739377129475306,7.5875690647527225,8.961812253902506,5.1501776000825945,7.019060042070955
0.005737200518361118,0.010481645439529343,0.009576367380699821,0.0018946629807209167,0.0018467356254982274,5.625605829196934,4.818309644601402,4.962423708202491,7.393864539688219,7.4885762371581786
0.013088423212173033,0.0031072362992936144,0.015757183026770785,0.003097574625786604,0.016975673851152256,4.150668199735008,5.955113773616964,3.942028405765288,5.9090189589070095,3.8720424780547567
0.011868612923276033,0.048927894231455736,0.005108227490675244,0.004899276005860509,0.0016003770669871383,3.796374881497409,2.62107192108834,4.743604269562462,4.7247373488393745,6.160755348673669
0.018301883385982327,0.001271342884632751,0.002507830739882157,0.01050383082014808,0.045412361548379555,2.9105989621003987,5.253171304983289,4.679128003897734,3.323993646128079,2.3124367833218695
0.004418445108899185,0.0029047758768730282,0.012405956453639908,0.0012998288552519507,0.0033637861166303934,6.402261989931183,7.125998014012085,4.872878459363726,8.615855888749776,6.8700851144458905
0.006905739120919082,0.007582765729269439,0.0019094588027120823,0.016322400078812593,0.00264590700904491,5.291160875423502,5.150535239986202,7.349260409108189,4.240417226917621,6.742755635560663
0.02581657180926236,0.021512109443039235,0.010441806919756153,0.00860917198752921,0.005264081690929594,3.4014644521186193,3.5732697819253185,4.3495446777372715,4.496819090692955,5.135334838511762
0.005928135221544916,0.0007196091332070544,0.0019850453528592136,0.004125152136201055,0.03946809489638026,4.3779072798156715,6.8579177111367935,5.643401808182932,4.741746548764887,2.7020564332749215
0.0021492866937784555,0.0369655886555589,0.0016131563212105314,0.0006725194859555269,0.00016931371028420023,4.629119054871048,2.3486014196651395,5.088067690183312,5.7418684788536485,7.303530503796594
0.016462499315777982,0.007299222363597918,0.00791156034209062,0.009606070925612884,0.010665815108579358,4.477618585177302,5.5500378616073185,5.462791513811929,5.1240653064997845,5.02943497058821
0.00867214241424901,0.003626692386874823,0.02104341230294445,0.0020149826822906678,0.007123708912415479,4.878689185293766,6.100993927575946,3.863672401884785,6.976765146134602,5.136252469367733
0.009582540589340173,0.003573999685265025,0.0017440594604669524,0.03313495625402914,0.0064076482281863086,4.310984985743779,5.497938932649828,6.594598212739716,3.1113433605352423,4.789765191266672
0.012704939473983046,0.00901925908194304,0.04370475283020188,0.0012485626287657072,0.0027801936846257964,3.5221433514557567,3.8360007057753647,2.577394258102335,5.845342283793918,5.108432847919104
0.0020784067995565283,0.00011664046175668853,0.0021098417989082047,0.00010308846482200464,0.029530503311190434,4.319616534059697,6.9018230413778126,4.269647258047219,5.923536637389329,2.3839070259030946
0.00716855202662232,0.010491064790374831,0.003215191115613339,0.008458485546136527,0.0027455609715494158,5.895690647249667,5.336289276452291,7.320466390480505,5.650584769913617,7.552638821905539
0.00661000439571436,0.002442881217798735,0.002170112566965817,0.011636352196846875,0.00891476957199701,5.5860992321173155,7.182477729282622,7.440960820383514,4.8001157623166595,5.178901710834304
0.004706399577704297,0.004142508616562211,0.017842672743743654,0.0010063588217373615,0.002242031951490416,5.579110801801516,5.759915425249246,3.952619887053712,7.913896050999419,6.7138907476613365
0.016311681698592248,0.015530512979828357,0.0030292280894711598,0.023071108583150875,0.0035070034707647565,3.662260289946421,3.6992595233082137,5.62909005451595,3.3373111962756052,5.398127438459597
0.027812812779399915,0.014938341557868171,0.03199205778072337,0.002471548066028276,0.0038398656122083734,2.7781135857004924,3.264498790195576,2.7066127981148154,4.910201355462766,4.558385442118614
0.0056063281270354775,0.0018076312979082667,0.004399541156661331,0.003334607762503122,0.013015322302165318,6.182729914933295,8.236009538836903,6.570184189062713,7.020326069621871,4.961899361959054
0.008786529655447732,0.018069931212883125,0.007542176792151439,0.0038915843065570445,0.002449468556752586,5.110393231019501,4.236041208566503,5.369829404238677,6.276716507910291,7.091416842255595
0.01752001071966643,0.0036920986918701692,0.007807941918069129,0.007475793746737611,0.024744751594794306,3.9011455856101906,5.806335306526499,4.8240251935946175,4.813175115432242,3.5671198561914883
0.004668109114068025,0.0010979934977008478,0.01494269007773068,0.000661985667832822,0.00775008923657408,4.868640930159467,6.698128394199457,3.6179110033923,7.093521620829882,4.306089296387975
0.001186177300485668,0.0007400623624723543,0.00018019522292855056,0.01597285950855405,0.0005583074984173079,5.568937419310418,6.029088359690091,8.259727387235067,3.1309793114855533,6.455712316347517
0.006729764103094064,0.013216799540766221,0.00675725606353076,0.0031981656998292082,0.0022214308344776206,5.819910494269929,4.886191492024712,5.866406397948562,7.023388946707613,7.7374316815007695
0.01601324737685169,0.004619506173606746,0.00951668885930109,0.0066359142479470315,0.01722576729959179,4.29235211971862,5.924057943820353,4.9296030182525685,5.342994246837725,4.213562734499729
0.008187301902975869,0.023157964243314275,0.0028859108930469842,0.007937941090423829,0.001739777233870695,4.670406562279994,3.5644207778120625,6.121043573826093,4.707251903318787,6.849839372764716
0.010907190302372137,0.002100217117487008,0.00179787917728794,0.023486497944999848,0.013741886750544389,3.852809952988368,5.69238168298852,5.985979856537211,3.13947992903653,3.644870346510181
0.007003282779060526,0.002247376193679167,0.08866645713171738,0.0003006176569996863,0.002573361362080243,3.6534018507312678,4.644682598474335,1.9153299259613223,6.247095440328273,4.595825684823458
0.008676859851218905,0.005856892414705018,0.002734521251628434,0.016131682891921337,0.005041999601062173,5.375236596872785,5.944839951775522,7.279566600594753,4.5600709481571,6.200420541583824
0.021916462504463736,0.008940055973575384,0.012509035570576114,0.007689689748802888,0.010761831551818517,3.883431960258794,4.918908825795819,4.529160909420963,5.064463351283333,4.686835130813428
0.002964201139431651,0.0005512875297965377,0.001638893912927555,0.002120038204320657,0.016415368934515586,5.85589052406042,8.370946227457194,6.712454239440402,6.28695997625083,3.8092213005523083
0.0017225647516634819,0.014634400214300668,0.0012148023958902477,0.0010167670470553228,0.00025473816124910094,5.83968956195265,3.481953738049757,6.4518851141382525,6.525115082044047,8.489990961481572
0.06228019257127944,0.013976304565790324,0.0037739728997423557,0.020162737372950688,0.004413917046550945,2.0368916097024994,2.972813776589959,4.123967520370381,2.7001382835482803,3.9319502933111736
0.010367594161918384,0.006452832308955533,0.016954955222999533,0.003024257387905657,0.005921569530754743,5.043344636409094,5.7263152296105435,4.4302188585128714,6.873413352103134,5.83780473588515
0.007081234157416984,0.004806152062810435,0.0017029471222674102,0.022556845944656522,0.003718741416918489,5.140262979942212,5.656844236185038,7.375065782314683,3.8017116819216956,6.069985197137542
0.011179487157770358,0.018180262053764336,0.016208230588987686,0.002447238228950433,0.002391298339787453,4.118923250487054,3.6345259140037793,3.7773209907606033,5.971842564867648,6.059808484369838
0.01097051106118015,0.0011414048552165013,0.007580350367239385,0.0022231334332375877,0.046259699427957934,3.6320028849194905,6.0085240699270175,3.9783669279284264,5.1532015775527675,2.5060982449286917
0.01965475740592389,0.05613376422805594,0.0024255039829914216,0.008246764670931392,0.0009743508606131189,2.626190448069273,2.007489734614189,4.394384200827146,3.2377677548862813,5.075799198597126
0.006857470497879969,0.0025039215065718666,0.0031447273843219145,0.0073866542568216354,0.011101912575640034,5.933877034849094,7.6818423634195465,7.277222425691807,5.7847927444660625,5.235560259703994
0.0038765409025210795,0.0026614642272638003,0.012768884631762852,0.0010346411432965476,0.0027805338563445616,6.376692461073443,7.009185319385932,4.662897129974722,8.69377960621819,6.942314790091738
0.007528446195690618,0.009402900256934769,0.0019404324724433288,0.016879487779635504,0.002359590346430708,4.953962937175597,4.663578199412401,6.9915242217834255,4.025181563859524,6.5828972302311035
0.02622182736998008,0.02700648684534193,0.01175089099470044,0.006671080986390856,0.004177265875253775,3.2124502247019224,3.1927599270817764,3.999103892173299,4.543879504562068,5.1425632655705495
0.0066219876869480256,0.0005824624530411925,0.002030079463697377,0.003432534062465,0.06049723344561259,3.9522726160637767,6.493150622320884,5.160115081975318,4.540278626268004,2.2538661582332575
0.006742976427545989,0.014311561389227581,0.004552278479327691,0.004659538089131619,0.0021830864135778724,5.887291255500152,4.839727959479669,6.591229394612803,6.471173906005713,7.867491972185791
0.014766136687482076,0.004847859931292342,0.005332822682133233,0.01203332502461582,0.014082605872674585,4.44244743706746,5.929989400703394,5.818314117487976,4.649505273946315,4.506207293252263
0.010474969323061939,0.0028762403250118516,0.017243965379271038,0.0024320139205238293,0.01307033926709753,4.437610827613003,6.147234466437911,3.89142173624681,6.343628030186053,4.194792978125874
0.00471165315019901,0.001442536962960377,0.0008414998565921584,0.023673279912111437,0.004916122399895038,4.85341001923883,6.314579381485682,7.265269428218861,3.2135708744454528,4.820504627589483
0.00437757841778903,0.005580298132593422,0.026918526380072815,0.00031579813813767356,0.0008265635762437996,4.21584920533305,3.969681994695572,2.708370156607917,6.649172891345977,5.982340169632983
0.00599130117869906,0.0021300886146864454,0.007895614947065237,0.002309336068628675,0.010132831542569146,5.9818444571126195,7.773938538003664,5.538743614351488,7.5423633824324945,5.20872401126412
0.005129805695980172,0.014407166791659829,0.0023086824174546315,0.005582926017260611,0.0014121608715670392,5.764620872295198,4.411661591560631,7.109558678578554,5.649414394293561,7.9371877641990825
0.011496125584419937,0.003938267558670766,0.002332221727726607,0.027201307553286817,0.008562788465380887,4.255291894642756,5.568310333703468,6.384027979637609,3.3851447491102693,4.605316302361418
0.010148316769495087,0.006640449537424025,0.04383010048878719,0.0011630948012099167,0.0030284767949927526,3.899476617207165,4.332569147587675,2.6809616479282723,6.262929060641561,5.257440475902916
0.005797216463279723,0.004323604640027539,0.0006104828219279229,0.054406201122224496,0.0011473140713721326,3.8126009722355554,4.040221024423897,6.347861168991185,2.1855230326393005,5.361759638475612
0.015802723201654836,0.011042258547333303,0.009331290981380509,0.00785226234853984,0.006859518927956788,4.5698122982835,5.033618068637624,5.289228017600591,5.458061547922959,5.694651703324013
0.005100176543059754,0.0012433987790512167,0.0026502931123900714,0.0040198596218574524,0.017623815879885752,5.651442533709155,7.941007228170472,6.660697007504413,5.95925505393549,4.100976667304783
0.006354204862823087,0.028287951466171107,0.0047504504857649316,0.0027632573909479076,0.001250644642648425,4.852115987305106,3.2994006823244026,5.2675316084481985,5.944675757560099,7.224957733163625
0.040158274557859266,0.004624857174431814,0.00778001941345324,0.01099461303078783,0.0251547777996017,2.660294409093504,4.59204184627947,4.076071560721984,3.679670272997536,3.0112263893846554
0.004518360774323368,0.0006041683000026452,0.03551828091415755,0.00012540880358168622,0.005277110956515006,3.8069952526984765,5.5829706694252845,2.315974786666398,6.294655391335017,3.717104277858568
0.004172018645949116,0.003223329240666158,0.0012540234812735817,0.013108823701212326,0.0026644711226522003,6.3845440035526675,6.795549390272677,8.654027256194963,4.757374960588596,7.165564370722331
0.01356101706065125,0.02137214128854404,0.010238107839874633,0.0049121467554002745,0.0033024496570155356,4.3186613208483315,3.8385663538869736,4.702547666445263,5.5845963733463435,6.210239895140105
0.012701341278189865,0.002034681198444759,0.005320920632684544,0.005832738936989597,0.03717779215111933,3.965092690884389,6.202610963374469,4.951607045357745,4.788058872128992,2.9952524654253203
0.012170956947995087,0.02056699179281352,0.0019271264707035971,0.018925685687134937,0.0016991679507899224,3.536935251977875,3.0793758969269014,5.5753153308842744,3.1520915143082946,5.615805021436662
0.002119726358841261,0.0001663559643612481,0.00022235022621898304,0.008157623625352821,0.008069311146729296,4.2496533903738145,6.457465876245331,6.478203248876838,3.186218847297356,3.2280400142746726
0.0039083529752239705,0.003514788917408111,0.010129445070831699,0.0012654853340973847,0.0024000894949798334,6.841254032082294,7.034467641741352,5.330914880230067,9.010375131075628,7.753823473632757
0.013806015183605172,0.012745030774099147,0.0049621152765426625,0.012931078294842881,0.004888739376949197,4.58857119297064,4.685956261683001,6.037272571245552,4.654171364099749,6.012635453735232
0.014909272175879408,0.010430456016284638,0.02303426821441178,0.0032769649322251866,0.005150184530380033,4.116461683938357,4.529362422620363,3.6976025523600855,6.018159931029201,5.419906792115508
0.004690106953714188,0.0007280342380034796,0.0039409096095221014,0.0016284078180059188,0.02618694118325785,4.948036248849379,7.397269533193101,5.1520291044546696,6.198606419729106,3.2010199769992034
0.002610331716474224,0.03161416619270534,0.0013947622735170245,0.0014580098815237146,0.00028014853314272726,4.908940797158743,2.6598823879129903,5.780769860709672,5.5478013047990204,7.557805579828666
0.013102035482103744,0.0069464784717839035,0.005454169920907615,0.011587428162585274,0.008460906804181824,4.9270339560917265,5.824053986585954,6.239278593739345,5.061889947308984,5.534593243436597
0.012146692264902285,0.005137658308560997,0.017956618177058577,0.003298513125395001,0.009010834058785722,4.658639550466905,5.832111998412583,4.205851823390947,6.458843190698162,5.03907874123048
0.005901955395563383,0.002957664262236753,0.0012859011848757793,0.024429818748880366,0.004101396909204213,5.137960785621703,6.077126883459169,7.494176800123589,3.554517710978825,5.644981037303017
0.00696510508510665,0.01227707902549232,0.017155085297427056,0.001169208866660978,0.0014869178523651259,4.384111544520565,3.797358400854588,3.5096740938520323,6.4902277174642276,6.326210338350764
0.00845863277058408,0.0007466158038247726,0.010979675103053702,0.0007741564791683243,0.028848360573158732,3.5740377911030587,5.885567907062318,3.3473060325915456,5.508451196901168,2.628228048671529
0.010994167470782374,0.015083218290254677,0.00673377744307213,0.006566912000347024,0.0036769303571129236,5.091731764119504,4.691920506186654,5.8424499723242995,5.806655064352869,6.770328402604426
0.009992960925756734,0.0025988106938108317,0.004129815869807875,0.008003540865831407,0.019283523872800905,4.82219482950413,6.782965083132474,6.065920015001714,5.070674542799443,4.061835869209685
0.0038372854053077064,0.0017804539383650569,0.017896689480197896,0.0006466559294839938,0.003289767522893686,5.578140107766337,6.673632150024159,3.740428190716513,8.015016598475393,5.804647108128694
0.004329487434648875,0.004640239130868993,0.0007801699016881835,0.02416721481698861,0.00126165742253558,4.809505195456694,4.7046047815592145,7.240597302680218,3.136308522876827,6.3347749999175225
0.050393761354530574,0.02824644435037446,0.005142005570080468,0.011353234640723927,0.003053950329928213,2.1996890697617313,2.550934063405165,3.932794732937085,3.195370024870482,4.378355788582933
0.005771769217272948,0.0017787020408625539,0.002786050241206645,0.005596066284261882,0.013272038614606638,5.92583101550793,7.9655993172663395,7.146820899216485,5.929072227864489,4.772858050002904
0.0038929407784468744,0.015198049532850848,0.003154534994829845,0.002252218152334563,0.0009932596739462914,6.048992116064691,4.260026655000322,6.428814753833894,6.9174382614746355,8.42809492940797
0.034085224086593514,0.010549034743102642,0.008990314474274038,0.01332549126250891,0.011163282351279832,3.1176354243974425,4.236016853982634,4.448857998598148,3.955624323317993,4.182757761536127
0.00958281353677013,0.002978103893462782,0.05323368339540544,0.000865412206712193,0.0052740566666890625,3.821767311195839,5.049431670530739,2.451922830451909,6.26098116874335,4.44016334907752
0.00678143374327168,0.0017025661830885257,0.0005089950277773515,0.11064601903342602,0.00245907618395743,3.484532127327984,4.610318989293136,6.109481329026621,1.7199320286095274,4.362211263765762
0.00919579167550417,0.009385596818976962,0.014568875010959244,0.0028490581244139997,0.0036844986220050816,5.173518713251809,5.152187843983303,4.61328810861017,6.946089877023571,6.556336795272494
0.006983222021158785,0.0016726757779380254,0.006962832511103371,0.0025573863883982468,0.018670617539089267,5.106231864944507,7.247069354474537,5.09156837218016,6.497933458305339,3.953124522271633
0.006907657156869375,0.019254833219041683,0.0019512868097972906,0.00944871811925246,0.0013851924537076272,4.628949087869703,3.551664506793937,6.366859001686756,4.279888522943071,6.80000136377631
0.006600476034471432,0.0012078887842030428,0.0009111300197786161,0.026418222889345366,0.008557500313442316,4.070874703325354,5.867353630689991,6.4043015288771,2.8511337442447395,3.8364310332361704
0.002695820274739117,0.0017632451027116977,0.05548932733926193,6.13969423036715e-05,0.0005615593326581353,4.017436669006875,4.319754834888719,1.9789360640045062,6.66058607282756,5.442362809057997
0.008499394298852459,0.008106660779839141,0.0031801879964761326,0.012328100358830975,0.003962161886069446,5.592615446360585,5.658626529216842,7.2685291403822125,5.071802361799663,6.821630367044625
0.016469700128500644,0.01212334447859386,0.01291762100640179,0.005856671175350258,0.006237778724678126,4.360370048940375,4.735208580057333,4.679778694633326,5.667920720744829,5.621694907298331
0.005769921409373223,0.0012135253329664806,0.0034086740156626496,0.0034106561919759067,0.02324167211801503,5.234103659533673,7.581021113172206,5.967970854413151,5.93085205669158,3.6496302715651674
0.01143143909688191,0.04227124585707103,0.006283139190983117,0.004204213569387955,0.001733490352911536,3.9498590200452126,2.8106313347847154,4.647579913932771,5.05991832938771,6.269220370699322
0.02155790446856192,0.001688786003309554,0.003868044795173331,0.008648782219861895,0.04994322301150717,2.9091096493254684,5.2371602839999465,4.449142059239141,3.6236684230633465,2.3447793208084002
0.006176131787051013,0.002459722403960755,0.009492730895375336,0.0022257537363680603,0.008614486547512921,5.974681252383829,7.571552788085236,5.325607525194875,7.683198332905464,5.483176133630241
0.003534998741342255,0.0022107449678974967,0.000994376462434816,0.01302145135173476,0.0027582389211717735,6.3975374628017905,7.162459206436545,8.766585669006897,4.583006315058667,6.823206672235358
0.005850876754961501,0.014002615723315407,0.009343153831721795,0.0016983354168897823,0.0014647918051934948,5.120069894529483,4.093179532765339,4.579627469815119,6.888921808777414,7.1886099325450425
0.0183812460732907,0.0028863624972036753,0.017980806714193345,0.0030684597878414765,0.022580384468511516,3.407878526701643,5.368361545388197,3.4212339036531207,5.246182486532731,3.22613800441109
0.008814955879371079,0.08429480958807335,0.0027435380920909583,0.0036984835282946075,0.0006975648909120782,3.53345824571015,1.9781857914887218,4.728034509466512,4.314666154599665,6.087481853994001
0.010742602682637355,0.0038789567117945714,0.004506042618471564,0.009981054802789298,0.01268244641716713,5.102648404562339,6.643160336671098,6.421786139575586,5.180222414020469,4.893103536861355
0.005140041630568684,0.003199708449757395,0.01758209599649472,0.001225822738186233,0.0034707261314327695,5.7003783259719105,6.423047426573656,4.126737558217893,7.997416035446353,6.303418744967383
0.0192228891552507,0.008586002652155275,0.003725221715566268,0.026853562680466923,0.0072450564245669265,3.69406038292987,4.541974187482613,5.653274246461568,3.3664008257719917,4.760528826265587
0.029690894751444902,0.006782304321139407,0.032830951491068724,0.0033805711296523086,0.010175560012960605,2.924816096762025,4.266692310627905,2.863792961473509,4.990770308636862,3.8606262608785653
0.0009130880760229605,6.179294935930663e-05,0.0005301312239617649,0.00014167959476054333,0.016957845959275436,5.3488831553181955,8.057749794428121,5.795743720083475,6.295272571510025,2.8798906696065796
0.003305455449909213,0.010642926197632525,0.0022892293449071196,0.0026505925830367836,0.001007426177275343,6.834817524866388,5.055517808273828,7.560957339296895,7.229203642848486,9.158122126651707
0.018332461526256116,0.010492216414409485,0.005108589838886886,0.017568623750812626,0.0070913020498727395,4.035420662673963,4.6684918660050965,5.663152703796375,4.061765786324434,5.174400791059403
0.01895412042954352,0.007451670856912866,0.03083922885780868,0.0031566285361838463,0.0076866070236467875,3.6209693416920086,4.613922628128901,3.1986608023651097,5.656094679048425,4.575429589512553
0.0040630731004629664,0.0022360547308226046,0.0006103062898780155,0.03853171984567286,0.0018393398248823655,4.697989345824325,5.335746354596285,7.277973181207128,2.678304344279706,5.627789852719289
0.014176344485637208,0.033027195656639335,0.01399642330096057,0.001037737610179532,0.0009371919822191786,2.898924837027494,2.338699883377562,2.938518040945052,4.916568126702835,5.228576601424096
0.009164274659479603,0.002633915567818826,0.006351220740374422,0.0046362780366088,0.017564619805044195,5.1623320524946,7.098034292721831,5.675749168151382,6.089763199062432,4.349396925985384
0.014183728200786769,0.017861187027692453,0.004431666933396634,0.013140929269485208,0.0036806239905859787,4.242500450479327,3.9941771236365478,5.774170438223405,4.319325861171107,6.003679642490351
0.006198820691111788,0.001219863307034065,0.0015841306972785595,0.009614758949269346,0.01634702976675259,4.7144650683098765,6.844522508520587,6.5499426250146,4.18934521967872,3.6884784655712917
0.0019875517733016204,0.0011651948526238253,0.021863731774466547,0.00012720636518111678,0.0009877883709050385,5.274543863978478,5.840272864261616,2.9714834371127585,7.925396654365671,6.126405048397914
0.0028239857427078763,0.006558931735798946,0.0003167787073384895,0.014911923551052633,0.00026845421323986847,3.9827693512691584,3.300176753167511,6.334872675016496,2.7557742291681397,6.069080392338749
0.010527690049745044,0.012461295917985463,0.00771852613551912,0.005709482851096345,0.004067417190598894,5.33290317353545,5.112263473424412,5.834496524542585,6.232043230089907,6.836993103323968
0.008748593962354653,0.0024828819374102164,0.004562920708168496,0.006122363340511502,0.017697473693876163,5.203388772773201,7.171980406463325,6.165231665602726,5.669252856478871,4.325876384104216
0.0062440294999941415,0.02306348393410247,0.0037530201349043678,0.0038901233927803825,0.0014190285549449035,5.221711025579695,3.7216308907459377,5.998238956757782,5.878236256476462,7.5287446219384195
0.026725994747556252,0.005339305170285367,0.005149940726744196,0.018507536370314086,0.01716657712498378,3.2218291412638256,4.861185054537352,4.942278917314995,3.512014398384113,3.6234301285572315
0.012392446471235417,0.0019053041406676206,0.032654752291046606,0.0010479836160531232,0.012326490614729952,3.4279745796250105,5.260096339819496,2.6702585891497628,5.689616727353649,3.4399717924611073
0.005547236543612061,0.0030052721212673688,0.0018821551958527285,0.012206081984777427,0.005102834006600959,6.223280319469177,7.271110227643492,8.239312284823471,5.0568932105139215,6.370980452555396
0.008045633689009702,0.008797001376603896,0.015151960068385928,0.0023237302998915404,0.003124332517932493,5.23598880644997,5.120749110802584,4.461609699060788,7.136189211041525,6.679003376758638
0.006968090289466848,0.0016112950519117193,0.008191092981379284,0.0021827544905897145,0.017666233909808527,4.970760376951255,7.0838985076193275,4.74680675653495,6.548644368588917,3.903242163110796
0.00685881210418901,0.025140919118571383,0.00201416783548459,0.007665540528584223,0.0011736783053898454,4.4776574431609895,3.203641094164341,6.093635294007307,4.355047790807639,6.770193209678106
0.008677987878952109,0.0012732076936692203,0.0009842365462084369,0.031504063212924684,0.01017978885583777,3.6302671157878685,5.482645901438549,5.966166908776573,2.6004867007083354,3.506889302983574
0.008275445235695405,0.0054219753343815735,0.01502276489909524,0.0025720963717653375,0.005178091624082923,5.521066806140707,6.166799177298185,4.7150631239265435,7.398144165473228,6.239787277032121
0.008524246658191787,0.005720523146314982,0.0022558035216270838,0.020561785989945517,0.0045037089188514345,5.086198372649264,5.624843955472815,7.169158475613506,4.0425232866885334,6.008324079846307
0.030263995261354128,0.010269794081254849,0.012400528524149785,0.009241406611108156,0.01124309213894165,3.321184318937526,4.4120729350841685,4.229777532709115,4.491048049676404,4.312092644669269
0.002487804850199095,0.000346655729654156,0.0011104413671389794,0.0017525388155247206,0.018994855294177333,5.508053321909224,8.0895883929782,6.521712767838128,5.843335123694995,3.3519937986492256
0.0026318017064802437,0.023575377948096877,0.0032445458926973216,0.0005157217934883409,0.00026156161391608366,4.623442905756518,2.729695128732304,4.4830891257876715,6.217263103313617,7.162486517247741
0.01452031821151616,0.00608294186263813,0.010631482729492587,0.00610970107199858,0.0111711730223502,4.702338956088503,5.903699646632506,5.115387453384762,5.835819952470156,5.036895253848966
0.0049882636485516,0.002312991205355389,0.015481777744564433,0.0012176907743801004,0.004832908014141664,5.718549292899991,6.936148105519007,4.253273620278743,7.956963965087118,5.770048655683854
0.00426221893202373,0.003909132260783976,0.0009480192060156694,0.019769734945917137,0.0018175813334938774,5.415275849965522,5.505797305674083,7.818791216759252,3.6765376335851623,6.658575004554025
0.00869350535642904,0.03669969327368185,0.007859219386499796,0.002103097394323219,0.0011876573889577201,3.992483197075285,2.755935446548655,4.132981849985994,5.549622075920426,6.347020086017819
0.02609200209090983,0.0012824597391875704,0.006496235848612126,0.003509000702849662,0.061112113269514594,2.559262119998534,4.987158246149895,3.6089850132104844,4.009348123091945,2.0561852605195576
0.008077776978926034,0.014195051529465938,0.0035569498636125385,0.008222195861811502,0.002569874471211305,5.408824529126064,4.668996656925288,6.7459699666817405,5.385411291849446,7.26025039453682
0.008795397205274802,0.0026947892659293753,0.002480392278305839,0.014462690044976788,0.01175294933502781,4.862077932872447,6.54603815200428,6.725017707274444,4.248969344146367,4.519843820659604
0.004719700533063857,0.003552670374068742,0.02449350123787792,0.0007285954360398099,0.0021782697596991244,5.136598700599148,5.501102302251242,3.3621482540423147,7.580583852173519,6.205414239368697
0.019150150788035784,0.01303035893976526,0.002353490381186194,0.03430782635980286,0.0033257284281310445,3.1799719513090063,3.494556361281257,5.367438314508395,2.7230587878654586,4.900257040202353
0.03810645360342475,0.009833606212353312,0.03929898024428258,0.0012944064976817694,0.003287531953576786,2.2320548582645046,3.1222488863042512,2.2388779941247847,4.577287745819366,4.026872194715922
0.00491010259393802,0.0016259497196290703,0.0038586373969271017,0.00307674012159824,0.011802659157019911,6.483800594999399,8.571622135868285,6.885020644219009,7.2578117253141246,5.158161908211291
0.004875022294617251,0.014539360518391872,0.002828937032791514,0.004108717190922431,0.0013968564521368329,6.050491209676615,4.55875207743384,7.016519240566552,6.323396674533977,8.272524841500365
0.01700190883246882,0.006257257218894724,0.004052093829789196,0.021270335056426146,0.01003830666611993,4.00843723783508,5.187293357952965,5.833009583213703,3.7564793865350774,4.607290505043381
0.02138726408428505,0.004667451575274064,0.024346853613211587,0.00351527953996421,0.014731129120864312,3.3961160202758203,5.0040697418841775,3.28988891373362,5.3144932949097585,3.7451961316741977
0.002482260693134186,0.0009125053239528241,0.00035310479927308584,0.028280364504752423,0.0017450784475498474,4.976330890849541,6.040960297495118,7.604696703651926,2.7742253542047206,5.388370528697378
0.006085841411621786,0.008967246852476811,0.009133296427944493,0.0023366224462926287,0.0023948260949034177,6.051225237070016,5.478441905971866,5.478887024058579,7.695222590484868,7.69553948871666
0.010103217514657632,0.0031041309587202287,0.011077558323689406,0.0033929836215698312,0.014274454020134577,4.924978684624427,6.65718262916282,4.794749683766891,6.443695023666716,4.493634334253589
0.013264469381654972,0.02809346357124721,0.006441711490883448,0.006591058874591715,0.0027421754271567196,4.198229756475107,3.4510898024243746,5.112447589160064,5.011301809350291,6.272180270998957
0.013913948127075033,0.0020435541117357773,0.003483459939710157,0.0101805411827205,0.03307868007994405,3.7069852685063966,5.890101372967582,5.2523385627748995,3.987031374824455,2.9648246791357327
0.0021846907895349647,0.0007618001469549336,0.028800750261761852,9.534844241666343e-05,0.0015135848276661525,4.875202554347468,5.948598239542983,2.6355746766764674,7.522562463382665,5.305598823538985
0.006562256078623636,0.006395939224939876,0.002208969041929318,0.013242152991057137,0.003178504607877245,5.865870469028956,5.896388570111754,7.800407011759543,4.89597009485807,7.07456532580677
0.019340679758446264,0.014198563294173397,0.009646554344450603,0.008793040570507052,0.006451775976968843,4.0822170427716316,4.437355570751614,4.9432522196738,4.9893135260555015,5.444159026636708
0.005558086189663041,0.0010966670441841715,0.0024479297115631384,0.00439069337120251,0.02313458558292054,5.1301160153924945,7.4840086501178265,6.278747501511323,5.404952402661697,3.553279497553588
0.004889352472357228,0.03484952779554614,0.0033613898279405228,0.002021452353429672,0.0007090234104693172,4.715380548001274,2.854703325801633,5.207415034985659,5.775158532745478,7.23327701298621
0.0640159319967692,0.004069936101402491,0.006015543272173333,0.011883269792507612,0.021163403545158048,2.0897192581968316,4.116808303846499,3.8187193593583104,3.186100376733207,2.7902943474726722
0.0075960484950670405,0.003504834552014783,0.013924735478859628,0.002339918605672317,0.007265663277344197,5.546769499980223,6.783399043629844,4.723947098211772,7.430856450310306,5.614160773143517
0.008303353167150786,0.0035446818944673106,0.0021293234000528283,0.019974954547422284,0.006967204660589359,5.0109816976408785,6.211280906183645,7.10188282448128,3.9727994532220623,5.257362899083741
0.01367787821539784,0.008727074789082233,0.03059958084964302,0.0024259254683222688,0.00461702871244285,3.9907170321187286,4.4791251398614484,3.2536068973288996,6.104562803226685,5.27153515044206
0.003478445334987326,0.00044013144118840495,0.0034583095286244833,0.0008202633662203483,0.02346170609645205,4.923098440922686,7.418915319221428,4.9224350685664096,6.3437709222337455,3.0713990304505203
0.003409986673637546,0.011940886578550497,0.0005634902761483102,0.009655653002813121,0.00034737183080016105,4.142702287873124,3.089601173985481,6.290882615150753,3.27853022165306,6.38579118650195
0.0054936927701553515,0.002330779496223442,0.001774473620653941,0.011772770996085764,0.006583798935550503,5.951093364655886,7.380097023065566,7.947456662344339,4.865075237841777,5.68904143066663
0.005274601262715921,0.0055575112392968,0.01628601982848361,0.001259374372257543,0.002201937598988828,5.521283252761593,5.4499133258155785,4.1309148206600765,7.739811383935801,6.87514234438452
0.010902112107486196,0.014683199294541946,0.0023450587655970143,0.01903578916200329,0.002509744329070057,4.158685341938364,3.838472677661234,6.136149448094808,3.596803789081607,5.987942472114626
0.02577846044291244,0.025398535313810054,0.018985433637016467,0.0034133734160497788,0.003124616330524985,2.917142314474192,2.9352333252164655,3.1938564295112557,4.776894354437966,4.940024685396864
0.004361348126104402,0.00019301448386124413,0.0015308303448360533,0.0007650198142343928,0.10791356261748933,3.6908413017577586,6.355694420910513,4.543857662551588,4.7537329091981,1.6881254270725201
0.006587725930798615,0.013289514456454725,0.005378377711296805,0.0038719108983333366,0.0022223168347247618,5.999385674957649,4.998739116651458,6.387075950498216,6.8695354833017195,7.937119389138146
0.015347633515903443,0.005037099705411727,0.007097499092145529,0.009054677340323182,0.014917686165061131,4.465303710529735,5.966604408991067,5.484011422412394,5.07971388696171,4.503055216311433
0.007441760708160783,0.0024224533362579913,0.016825984841195775,0.001738933796269642,0.009073530034983419,4.938841534193664,6.536073233422657,3.982578698166395,6.9945248811241,4.6972394113019975
0.0030932384268344748,0.001908205921124666,0.0006133578194329268,0.021163509986843892,0.0017896525546757436,5.514250802495235,6.121748138101385,8.070625660956585,3.417444259435371,6.27201112557136
0.0064693385312236725,0.02750677381416317,0.008711123516719042,0.0010399911740775374,0.0007653346040011433,3.990643960603563,2.7678049498649253,3.739867537775449,5.819267070731226,6.339537380606458
0.010744077419307396,0.003964521348548367,0.008595047751925164,0.004953299926864957,0.012822271011451508,5.202564593064295,6.743059397029513,5.519183060756773,6.298569284517558,4.966337348403197
0.00942205256865563,0.01838972639454079,0.004316399938120671,0.007647533462373546,0.002602977869905332,5.001891242826712,4.200394018916622,6.179918858365583,5.276972135055342,6.956617144559744
0.011264214988500327,0.002780537796415589,0.002982453982677165,0.014422972466028387,0.016383230266555707,4.356688068738642,6.186419926261091,6.1226256910364025,4.0589304630703245,3.961018852838116
0.006411699566412009,0.002732923058038061,0.03843600382236588,0.0007501425951645322,0.003787600407282773,4.483503019262386,5.482656889333149,2.81796860900146,6.947132614694515,5.113127426665369
0.015065602604173004,0.004153276860510295,0.0013123819354718032,0.07654088493761882,0.004534424189749978,3.1285963171834736,4.238875367421592,5.604020025950519,2.0423489859799995,4.196208461367769
0.01413405900764968,0.006769014717228031,0.011380753346917419,0.005751640280162143,0.009632474701185554,4.769559811959362,5.796146731334881,5.069414134646292,5.983179918000463,5.282242390174046
0.0030315902401783427,0.0007746910216388613,0.002106927655164166,0.0021072420633050743,0.011866525775881803,6.549005931135188,8.96675869442335,7.153535551604604,7.113781447585858,4.623439832859405
0.0035214772557040992,0.018169116215597133,0.002514310165071932,0.0020797007722767754,0.0007376675824160803,5.747753055093553,3.7803027287574316,6.291225369005919,6.518727921999114,8.233021416443885
0.04509791884180751,0.010463373997569358,0.006783369876278738,0.01800181804374669,0.010386269651224932,2.6483931502705307,3.8645409150092,4.346282442849243,3.3373344878480706,3.8850091470959995
0.01110360040808566,0.002285900302404359,0.08468809119617876,0.00046404901380162484,0.0047134993584945495,3.2400952295703718,4.591903087907194,1.925548032285286,5.769635947677429,3.988841965362596
0.007156446562559987,0.004422236063866847,0.0021910702864574973,0.01601854856170796,0.004865718497488836,5.630325489772141,6.364757985583353,7.660800286295729,4.551183276363089,6.236263787437854
0.011384960479152408,0.011996875771793184,0.016895874982368844,0.0030651478977696323,0.003713217659526612,4.5947424528020315,4.537389554415298,4.175199090659677,6.386785495733911,6.13477077376534
0.00766710527610367,0.0014064640264736228,0.00654931520802824,0.002566227298914099,0.02675152373420684,4.611717930078418,6.885554058622246,4.787682616778631,5.9677449421208735,3.335420489084439
0.0315762808388771,0.028956518942052523,0.005744267669332226,0.01294030698120896,0.003720816866086167,2.8349956795026614,2.898678173344443,4.4123622758080545,3.5504168984252367,4.865394727355021
0.00328121962883285,0.00020882000789012204,0.0005587459402849214,0.003313445635998264,0.03307932121398129,4.083136426858993,6.6108852959973685,5.782480156805679,3.988349206982034,2.3749108959814555
0.003535728433830249,0.002203811626492842,0.011101653120651318,0.0009864076126583179,0.0029518942440273925,6.627516407004144,7.4580454348486755,4.901263178197134,8.934515471376564,6.944458635628199
0.005525327464652919,0.007091893640934717,0.0015068841130414156,0.014478867894202585,0.0019740162603187595,5.461863900066312,5.104622828103861,7.576517360139559,4.273207134834334,7.043205258154565
0.023290701110616173,0.028351787511444522,0.0079851165811205,0.00901955148826075,0.00392926759295123,3.3893298865351924,3.2217139383841635,4.515810941430401,4.310750016038833,5.347492258876353
0.007154838433197684,0.0007521007981829249,0.0017989973184727916,0.005606583718184146,0.04259194941697724,4.005083222468161,6.449747429673565,5.502637216027525,4.219285117953129,2.5460049747027496
0.0031977853852695522,0.06979720015947093,0.0010423359305803477,0.0018424521646056573,0.00018150160849414202,3.9711723044425686,1.884404940950518,5.271272328543145,4.444559256155634,6.632453313945351
0.010405444046804413,0.004701391851854589,0.004226932465988787,0.011231756222527057,0.009467380713643272,5.304761803627521,6.525943377765333,6.744622570363135,5.176008304649367,5.449133749198291
0.011556383185009993,0.003938349493517264,0.012863731914885775,0.0037366526951489757,0.012670283915545933,4.799402105794173,6.336273859007508,4.6601534019666335,6.352282378511042,4.6818964885889125
0.004152242410226447,0.0018480048101272965,0.0010139513869967727,0.016192373570055575,0.0040316625531679855,5.7184536902799215,6.930875895104359,8.072252445409118,4.029908891443904,5.7761911795242264
0.004918390829750258,0.008531894047162125,0.014591147273921452,0.0008707269226072421,0.001233829337598034,4.899234460688921,4.265324493274938,3.7395024493470532,7.072560924653185,6.7684565130221985
0.007341405319099924,0.0008797150737871806,0.015714031118197476,0.0006389124691029443,0.01655204537071172,3.8271809888504924,5.9585632261657295,3.156268037195624,5.94412320870072,3.128922006478065
0.005114365602385042,0.012205202082151959,0.002908995363971445,0.004798791415940612,0.0016753155752035145,6.307777040069062,5.0384475115613805,7.373060697409573,6.419819181780673,8.377956137846853
0.012320276503202674,0.005149109202424439,0.0035432443849500463,0.01780224685366166,0.00916622976096555,4.64385727792271,5.816354461681221,6.439931413572073,4.202154712039889,5.029994195972039
0.007524709230837834,0.005956450478378561,0.025210039048074263,0.0014850360761597108,0.003108230891456131,4.812304346197491,5.107789012214703,3.5212089752755764,7.065241226830211,6.018890067741832
0.010575753172970635,0.009029714679675432,0.00170520836516616,0.03339040225672311,0.002712465799278217,3.955150422820848,4.098374380438193,6.217847873022282,2.936800565621054,5.521753088652889
0.05688716814993543,0.018516212230148783,0.017134753772979523,0.004728806870848242,0.0047243230418463605,2.2007958420475964,2.9434039308482394,3.032367553021089,4.061003779871777,4.125939647718457
0.005418648180903375,0.0016515107260871487,0.003447961921098143,0.0038782973184581424,0.013892371322511353,6.109746905709782,8.235034807470809,6.856682231473522,6.606354764940784,4.7793531176723825
0.005764278788689178,0.01703960441657414,0.005465288866051375,0.002662276063130407,0.0015221794646683763,5.563051550690296,4.201970467088682,5.693013639979262,6.744233151833162,7.761348420538143
0.027301141001268774,0.006085902944528648,0.011348372282251044,0.008405075055903327,0.018471347673826938,3.3737787816649307,4.975747500117639,4.263634406266334,4.537200478811459,3.7425530524360067
0.005228131124148105,0.0014346800000715324,0.027414108097337922,0.0005378613105424243,0.005317271549851481,4.5564935753065114,6.066628411711947,2.9818051777117205,6.973672295554948,4.551844364411905
0.0023887866174246274,0.0013455624167752827,0.0002693357217826776,0.04220639718088817,0.0008125995865295244,4.557169249486327,5.054787719893449,7.221951207516009,2.319267964937561,5.655502121274639
0.009762692762478488,0.014006019578169156,0.00960998996454545,0.0040007552381223326,0.0032472695327492637,5.170982661210279,4.710500575727154,5.2403418486916316,6.482047568008572,6.87672216184054
0.01164606822811021,0.0027871155223633125,0.007111441796277921,0.0052205247267653595,0.022685793137464518,4.550921889994721,6.544257842329281,5.173620047005573,5.536735112581087,3.820270853064996
0.013718036986785899,0.022781034417688393,0.003582039678465371,0.013369804310686986,0.002744512055185817,3.9643756683208915,3.472019199234375,5.6168947434768,3.9853534748943047,5.947909847946362
0.006148506727953806,0.0009107579628740473,0.001141131439879625,0.011719698787583074,0.01646920647267871,4.2622319651080725,6.416535737555981,6.271617556694999,3.6055590234155206,3.3408549470824016
0.001073767606092538,0.0006364290930361548,0.022581480410126194,2.5206738745433752e-05,0.00040645519144510446,5.014807273856648,5.460793734205337,2.578408575132114,7.723237223310978,6.03956254875424
0.014152743185173898,0.011124349480262957,0.0051889322396159255,0.013112697825978003,0.005675456432391073,4.62534723418317,4.928289304880433,6.05570091739453,4.7027822055246045,5.873639297823195
0.014901170492975164,0.008876428672660202,0.022761728558853687,0.0033905540664676357,0.006073375100497277,4.190836690008447,4.808739675301687,3.7648535243514236,6.078824085694582,5.291714945064722
0.0038708513054803166,0.0006532631193098659,0.0033397109621962364,0.0014864317310135234,0.021147107830671728,5.309653661972522,7.773027323975164,5.489696279479579,6.49985221210948,3.459030245738238
0.0023360149268130998,0.022714779660461003,0.0011270087690814436,0.0017636673259232357,0.00028771172686202484,5.205475300073124,2.9840830723051117,6.281804630591822,5.543724089672746,7.828741560233347
0.030294685079384934,0.003849291906940902,0.001352467303731846,0.06104743166374442,0.004871047599128585,2.3127547184640806,3.717967151171601,4.800652459652195,1.910864918614361,3.588089887163457
0.011402707630544446,0.005883750179835147,0.012303921370044333,0.004267941241898835,0.008297022039973368,5.163133608779321,6.148094068748985,5.06840326395076,6.605087863017905,5.613985807430112
0.0046503492847815,0.0029299820730126357,0.0013160686951219553,0.015143392713975808,0.0033865252895818442,6.06480999807853,6.793029850596521,8.342089730666483,4.46915870730671,6.589278114823445
0.008408988924288449,0.015250187406731225,0.012474045164649063,0.002346922650818399,0.0021870761367557196,4.755896389392911,4.080263639963634,4.331330576355466,6.5174133190714,6.677465803856413
0.013763497505769896,0.0021348584758318166,0.011282787826194237,0.0031650230744685094,0.02994280084102505,3.7561382719103906,5.8995967904040185,3.9476299403660615,5.35101553813343,3.0678831702127374
0.01563418191252981,0.06124286230760482,0.0035071337636992683,0.007067211777938955,0.0013601996636168452,3.1644113671416774,2.2208982629452216,4.611559877811175,3.8419414485847,5.576254074792307
0.008331993830623259,0.0029494285044431292,0.003651396148398931,0.008453313264367865,0.012290794652134208,5.528097755112823,7.221178660759457,6.8663078382460485,5.474810156581481,4.997430172554602
0.005602227306430184,0.0029478894178358197,0.016669952470540598,0.0014200617950447232,0.004529285690635747,5.669207266619701,6.662742240180434,4.249654445328778,7.8879819446474775,5.9906333475437
0.005686721765805956,0.005200137619887622,0.0012874168678150661,0.02156990253477919,0.0023096918025790427,5.169288289308392,5.264456789253057,7.476660521252063,3.680031288713807,6.459766060009384
0.039528191129540736,0.018831240327334787,0.007780910192232435,0.013771467590682719,0.006264408801894742,2.786940458579554,3.380335435170007,4.275427649378391,3.640713206813467,4.4841282971241165
0.0025675797553623156,0.0002117389850449196,0.0006258335535528158,0.002237480615385955,0.027704053686220777,4.612219372880758,7.183234977699228,6.092466277486608,4.628929654341447,2.6355778004664407
0.004104051206205941,0.011690482570307187,0.0037113875435677585,0.0024367486682464333,0.0012875488936085892,6.555107195122457,5.00179465422497,6.789166805732419,7.473023134116038,8.770456710802405
0.02174090757094522,0.009326671270214954,0.00974609499708894,0.009926987320211222,0.010512176180903056,3.905058166272775,4.895371831855843,4.868898046973231,4.774179549632337,4.747029933739595
0.008270056456514126,0.003506955565707244,0.02969821288013195,0.0014449869554465796,0.005614620739520144,4.57973120899288,5.688215071834397,3.280847480423736,6.869054935247205,5.058862044946746
0.011654112142688421,0.003940992257300702,0.0015420365044037632,0.052093329454124204,0.005546760759010351,3.7302721312850338,4.849639693058095,6.122314120853239,2.5193511371947777,4.506756615837931
0.007653231994705889,0.007173962613976026,0.04441387794786739,0.00039497738463809456,0.0011223329690437467,3.498428376658583,3.5369114708060625,2.2671864636373673,5.9445662375247785,5.288502572647622
0.006038593562870043,0.0019018883076415455,0.006585399260234782,0.0025408507723844024,0.012658576787027084,5.83936946356372,7.812531218777728,5.6861852255817595,7.20165043891861,4.812569731403825
0.00789402158314636,0.016983295838370653,0.0029019187943410307,0.008909051838888439,0.002076693512048507,5.02947759105637,4.119926442553932,6.541358481678044,4.878721030357761,7.043968752473373
0.008724835361802,0.0022402153979570807,0.0018416600810533105,0.019511101767320918,0.0113065292217497,4.426194748788757,6.159222002330225,6.512930157342515,3.572693755975838,4.152876621622847
0.004319093268637384,0.0031774493823563794,0.03483609190423997,0.00038080361195174555,0.0014991728630682397,4.611160961915597,4.926894336511045,2.724554648056107,7.148595162907507,5.852462988370292
0.013462587841218251,0.009921015635201726,0.001037327624806775,0.04418819799562918,0.0013713785526982337,2.9406270344004755,3.1434045180535373,5.346536986384222,2.1700499911567457,4.838758388964516
0.014928176113246821,0.010826268172225867,0.013633577735058505,0.005155684385912242,0.00618527929002661,4.541056422403784,4.951925353515921,4.6789632565468535,5.945560504005806,5.7202117230147635
0.005518763581993103,0.0012289891723112276,0.00365778656340927,0.0030734690290917166,0.02111125372130523,5.394044077469575,7.724166586220832,5.9749936039864355,6.204101421776596,3.811649717337469
0.011626553478979828,0.03617513475162534,0.007594494811324961,0.0039106808637921885,0.0019491772176361154,4.022218309656492,2.9945784836540756,4.534407895889816,5.2721556591933,6.276064050526246
0.02091343345848775,0.0018341335840473183,0.004932825686433111,0.00709256588574462,0.052474898957139984,3.0218002460924493,5.346700249516431,4.341339067199164,3.9262359274729106,2.3822992877448685
0.0018732206691086484,0.00015301639825362004,0.0107367108854584,2.6888429546954623e-05,0.005827039487112075,4.186731785803226,6.296929136000849,2.9288230654468914,6.5176254528636735,3.3772961890680726
0.0033083040929569817,0.0024952225180480975,0.0011412952634300621,0.009335079325990486,0.0024939572048722557,7.21296748846612,7.728501821233584,9.460229097570927,5.527916913341845,7.766856479846118
0.006167012897234193,0.013285331443136738,0.007300647256448285,0.0025380116667065994,0.0019005774334561257,5.699855420225073,4.675238912534567,5.503700549054325,7.119408956456807,7.688877989255706
0.018086190290820158,0.004593364575452285,0.012814290290215295,0.005434427655686702,0.01815498293439078,3.954165435713491,5.6277524854480045,4.332565700426981,5.3385131860346835,3.9495886556091304
0.008408246052974876,0.03386528012468254,0.0030673802678378467,0.006204780313658792,0.0014167852184060739,4.351403048637182,3.032013268174483,5.643419843055433,4.692678282003371,6.684034150495627
0.015347408894127725,0.0019385409448180206,0.0019231428480315656,0.023704101970638727,0.018660881603359988,3.249661442632079,5.242648388466789,5.367225713379845,2.8833118327876748,3.1040677921665605
0.00615084325397671,0.004280110263134352,0.01349087467819572,0.0019308245729913861,0.00412913462254658,6.045181939693169,6.64348959388234,4.9116565824538245,8.060029713594295,6.704662212517643
0.01138807905781209,0.007339569578096781,0.003253438429028017,0.018708682563699224,0.005635475455536253,4.789163477559408,5.3619062223281775,6.6553745418673635,4.192632029768608,5.755183341348581
0.024623827105540643,0.009345018082735853,0.01751347945384863,0.006028177526415196,0.010213359287367739,3.5749973504284327,4.610989508173889,3.933428894317392,5.107773413581468,4.505550783938734
0.002763391118193346,0.00041076412666808383,0.0016124066744376325,0.0014925376862979795,0.020151786665158294,5.530385160056568,8.10755480241484,6.213674449388854,6.209715764361518,3.3819927798544867
0.0020874727824828163,0.026945944657701126,0.0011823198641510246,0.001187667059026837,0.00021649966723513825,5.055247003851016,2.7282866173244065,5.902488600041333,5.680816214794442,7.7244738768163295
0.013537082817116505,0.007525327818588849,0.005524517144083231,0.011928873137278702,0.008062654170795307,4.852695144229114,5.66598115297062,6.177850184314231,4.993142039419495,5.567221739775718
0.012634091676054227,0.005558437176441914,0.01907227354499415,0.003307776098719981,0.008530745553980125,4.5749488585040154,5.670230682043483,4.108609634446558,6.401534268250644,5.070384416222017
0.005956209229299803,0.0031271707744442846,0.0012641555813947827,0.02588913958163338,0.0038272304440833556,5.075973689909928,5.933724804247341,7.4494162689955425,3.4694689871131783,5.685237703805838
0.01892313375513325,0.018550408437761245,0.023414966546981386,0.002881304445340245,0.0032918040755812606,3.3535992700796413,3.369996421782626,3.2106471692993144,5.308954782518655,5.2092590879826375
0.005454971670112175,0.0003756509821455445,0.003019127260558438,0.001017804728310251,0.06748286336618002,3.8815832079348507,6.46866312968433,4.411535868028973,5.164467802720574,2.0711768912640327
0.012860486675239697,0.011884257121861926,0.005385577401693698,0.011010463185668319,0.004999877013364768,4.85738856742501,4.959169325843703,6.145483055668879,5.041972372235799,6.21249442555189
0.005469974148453941,0.0014907451276257853,0.002083672968623178,0.0067156012190212905,0.01358843918321338,5.584693577029345,7.671675548628043,7.120033284698062,5.261438085107281,4.418483786912459
0.0022928927409947147,0.001562491662294935,0.012504764448213516,0.000350540083049493,0.0014834041524582962,6.242300546795362,6.785925593262344,4.068872211774469,8.796414676292432,6.919815465440568
0.008850168742007735,0.015814504226259598,0.0016106461619039261,0.018023838766591395,0.0014873112066877761,3.9857799065857757,3.421936914271635,6.060949239370921,3.322315043046773,6.005266911822567
0.02281238458679692,0.036944110478559465,0.013948733733140746,0.001935575730941608,0.00150675502181946,2.6480130381482847,2.3456023743128207,3.032156097898767,4.563986798664293,4.951978958156494
0.008222391124594202,0.0024020335514362496,0.005254296276271621,0.004860018574109232,0.016952380153649162,5.368237148160086,7.346734934222904,6.027711088302145,6.107588656231789,4.434120652851096
0.00661288711167351,0.02169149928003363,0.0048656591979783,0.0034215978404998943,0.0015788798776427988,5.236397455851635,3.846898055929867,5.719525065823381,6.174686198724352,7.486059843374346
0.02820533544687698,0.005414132146044082,0.0074829479056816185,0.012290334744041152,0.020493268927686027,3.2449873871635626,4.957355761551191,4.599607063556236,3.9879194007132077,3.533342629736949
0.0076616684544478205,0.0015172641389485657,0.030424605612327134,0.0007000662862123936,0.008495859757338266,3.9792508958689643,5.704957262125179,2.791811781240474,6.31463873572153,3.8887450445964062
0.004377208972039974,0.0006204336810644129,0.00033912547389434414,0.05067490032616426,0.0038113273640549353,3.739894398393658,5.377837112051585,6.302726649515524,2.06137260187462,3.8797536285843184
0.005957138996673422,0.006100643380559331,0.011495659198449661,0.002038383276208653,0.002975710663177559,6.165145956753833,6.132700321014217,5.203836191579093,8.058420330770037,7.376180319703986
0.005464647852290189,0.0017458725765824804,0.007540669488952679,0.0019833615358236926,0.010784722263107097,5.861507694974242,7.78620110735644,5.362974196496365,7.480177316360799,4.908117483545585
0.004948313469609383,0.015496671128575673,0.0019914454100984106,0.0057886439492043276,0.0012254988313855305,5.519865927678393,4.112439431274224,6.9783634645374155,5.3141587364228275,7.747624258002619
0.010663076430599506,0.003246651199481141,0.0017985013071607856,0.0338760346716231,0.007886582299760182,4.070237567898002,5.447636069172492,6.334729984467165,3.0008105142026418,4.411000904115455
0.010934424335191786,0.0062908050168882235,0.058854525096762866,0.0008169579817016899,0.002602649782501102,3.5150037455077996,4.016444059192336,2.2914089074729356,5.954825596154888,4.957688955677464
0.006595786093683374,0.0058973736089675995,0.002252996052764301,0.01322404853614605,0.003465828888074625,5.937994542140671,6.103980091252114,7.869743350998343,4.958497550105492,7.0186170582660115
0.01905381092748691,0.01219924729421647,0.009531399701192825,0.009031256539107517,0.007317158491735636,4.162525846504323,4.689571607449125,5.033193418123338,5.031918805127222,5.353611956823178
0.004759440461728193,0.001002289662680241,0.0022311626084299983,0.003900224089728946,0.019696019521042326,5.440909702004151,7.80612743238323,6.553109664893438,5.680118879971263,3.777746852307575
0.00405167585928971,0.02479538836502127,0.0035511782817268245,0.0015517144828124537,0.0006637117624350503,5.065666048163874,3.1961417113428374,5.270531110244476,6.288358039980351,7.556892429038201
0.07087462189270864,0.0057904955468444045,0.010648186346999723,0.008356477504595604,0.017395764738845573,2.1015156417655034,3.954413229129838,3.4448841777994628,3.60076505575094,3.032383880456609
0.006421579675101895,0.003367737471281145,0.013512178197612803,0.0019848621324941723,0.005738585448811477,5.876227013643378,6.958284743862587,4.828481775369305,7.857852860462,6.05329342218544
0.004731327233956642,0.004041295308843507,0.0012927647599872934,0.015779940564091613,0.0024965200602824924,5.900161357055943,6.11885017309916,8.176512437326615,4.332257199294108,6.941432174829401
0.01068127492943353,0.02487169661067232,0.009703466164263767,0.003384699923342478,0.0022237081485782053,4.346302589841147,3.490764424974268,4.501903056958668,5.789089848211542,6.449438435573581
0.018715468024850412,0.002268056622833323,0.007488019687432642,0.00543183622572509,0.04340557234530896,3.3440588119597625,5.580724511451759,4.229993806493456,4.524666957105072,2.687186745087323
0.00910098379369156,0.03544866687883462,0.0015282709199359954,0.010049308686568805,0.0008021960717677994,3.4282691133336067,2.4365976423144113,5.3142191483172985,3.3563571130814056,5.793880405767989
0.007156567982260877,0.0026593203058246804,0.002617482372048822,0.010356063464784926,0.00989575189463786,5.634447753537304,7.2524235336267555,7.319032098821534,5.091735667835006,5.186169671692197
0.0053714554224541305,0.003898237908994767,0.01844514285339803,0.0012586757064878286,0.003042906319926407,5.590389386122238,6.0638078613109485,4.050557516940093,7.880221493009982,6.4602740807213355
0.017262120542376472,0.010886264165416269,0.0033319928274407992,0.026545133813281562,0.005134179533071423,3.76368585248004,4.231414149998664,5.753057594315209,3.3515654116858467,5.140602754882728
0.032902603453149416,0.01043372230663867,0.031812697307157634,0.0035728528004795325,0.007024987573114144,2.811611831459587,3.7830361180037273,2.8584672311374066,4.862045584948861,4.1831758164684345
0.0014853304984036606,8.958997009161828e-05,0.000773171470104031,0.0002459057105821735,0.03213309403640819,4.780693015418463,7.478495407075859,5.334232171708224,5.766803148509122,2.4046117902245747
0.005488688235472492,0.014705713700491995,0.003131012043650848,0.004659315799221972,0.0016250774117161383,5.956931174853828,4.6150447027813275,6.952934303962667,6.215043250748138,8.103790497984312
0.01532608937845218,0.00540804719395842,0.0039411711771288995,0.01927036040421719,0.010906910362847893,4.191352627576126,5.481579343773157,5.979886001864755,3.9212035272452446,4.592075957047972
0.018903821302408474,0.004084672908819285,0.02043873977114185,0.003588044671480183,0.016779002085300254,3.5838881675709993,5.290670686946347,3.516985566873639,5.414731878654134,3.700988040726083
0.0025562233955859805,0.0008981020014814969,0.0003955325028572231,0.023793996049412867,0.0020958426890297457,5.118654297496539,6.290451967828697,7.713840332480291,2.982936633514016,5.369493241917681
0.0027209823190431,0.007967199614421609,0.011356837747527684,0.0001520550770643547,0.00027555196408394784,4.118769071702664,3.2403841554607733,3.016670823452173,6.3896959610736745,6.279205989380155
0.008032449041612407,0.0031397212042650387,0.009259936038500127,0.0031990605633195933,0.010406155424638613,5.696393448465553,7.25612815455562,5.469760126743019,7.13999445345266,5.314734315476908
0.011069965641656626,0.018512571667071764,0.006898489760745976,0.0059613294003346235,0.003162962588533141,4.867383144097495,4.256305718493459,5.562245407531812,5.6959866019224545,6.7280531339763305
0.012718052717711616,0.0028181948706468988,0.0046764797597908855,0.008938515585721816,0.02360500750684744,4.300059066997777,6.291414335757275,5.574136400839813,4.680813961713514,3.6604810633532074
0.0031580464897255,0.001466714575406109,0.01990082021825931,0.0003831833966393158,0.0024112423753599736,5.45253159184955,6.441129853627112,3.412319259528387,7.988509172009908,5.828554514538606
0.0035771786406063495,0.00466214675584017,0.0005670905983835343,0.022260031901467466,0.000762778415950137,4.584819704949148,4.284725390458445,7.025250656178805,2.9473711458924328,6.299386619516278
0.012461104405745414,0.012520986335085539,0.0069038250518691155,0.007980912540828968,0.00485246260841113,5.00531047165576,5.005806581269671,5.892371450125227,5.602340986505798,6.406884290062593
0.006930480822486167,0.0018924278911144764,0.0030905654450400447,0.0063037396652246055,0.01663330126384611,5.401408900524552,7.473075095885792,6.646462204254473,5.493175437645193,4.301579341658507
0.004269312327340176,0.019940121152534383,0.0029710981881169393,0.002508842668689844,0.0009305357486913683,5.590499835903347,3.761322096755366,6.166985318202932,6.362049112946251,8.022458034476124
0.039860600585365856,0.008528071497408024,0.0067110570321798485,0.01784854067835488,0.012729339727033016,2.8025510034168697,4.1731060726663065,4.4682932938406585,3.426797235572073,3.780710245414399
0.011353060604437812,0.0021762903027170736,0.06368390152118504,0.000613710085880306,0.0063253040616120726,3.3390575856808278,4.834924445545229,2.1433599153792424,5.805567964818847,3.8629155733531784
0.006838104623226309,0.004007119492441285,0.00217446085381543,0.014837527353788422,0.0051247967205754206,5.777622685167399,6.620448243738587,7.784817777976603,4.707277339186777,6.239512227434174
0.012035692422715835,0.010951886989393962,0.01735154398860385,0.0033048343566145296,0.004311645193168815,4.603971067938986,4.723624383558276,4.213353399833935,6.375009985635026,6.006702245982582
0.0065716792128130645,0.0012826346283312591,0.005593283701138828,0.002447191440706422,0.024226825144116365,4.896541255713033,7.194363116919627,5.085788717564469,6.171465438458965,3.4919008977498267
0.006305022070117934,0.01629674232315023,0.0014124311562553015,0.011706847274232775,0.001107329794941443,4.404909491988151,3.453507313231256,6.368015193345007,3.7755579405621322,6.54826255602758
0.0034130647442144734,0.0004875532475483551,0.00038180031612893456,0.021137244756714375,0.005449654563609819,4.244919023605087,6.0999581403125624,6.670911535941939,2.7454716013037714,3.8508681774845575
0.005549308885444187,0.005315316516810964,0.01338300970024555,0.0016640171350860108,0.0027999009242364345,5.998577490209129,6.069575798135439,4.774723912727924,8.072662223164762,7.150252683841031
0.010634873327392848,0.011474658443672995,0.0029937123641872927,0.016634328286978493,0.0034918912811003288,4.68810507877608,4.588830996575936,6.524658117032345,4.169591696453754,6.236929416319866
0.022877941077942023,0.0178226094797546,0.017867534568461723,0.0049587063730148545,0.005059875279783904,3.4732358622391137,3.71605633796106,3.740258681239467,5.11245535011315,5.130074073791449
0.005778610258345707,0.0006443185389812125,0.002877918074793636,0.0023575436626049827,0.04757246869760615,4.342630562466015,6.875377387524793,5.110571512388859,5.253469255728756,2.5389104322997595
0.006502576518112047,0.09430748148781344,0.003362172678741973,0.0013817808822294043,0.0004134629123470086,3.553995527257329,1.807064041148147,4.203351397006861,4.857324927242429,6.164112909958701
0.01347005277436049,0.004405997376479607,0.006515673625361812,0.008407992514882253,0.01518942820336482,4.6902650557941445,6.268959180064574,5.689393498949726,5.256231939452053,4.549431105741839
0.006913329895546049,0.0022273391225923846,0.014176036387660492,0.0017709818430846362,0.009520096234182613,5.124703638422852,6.799302681602233,4.238694705600476,7.110460038284676,4.721721911261346
0.0031636332990805597,0.001823769078466696,0.0006553288629522565,0.019805079329394806,0.0020572722731910385,5.6188168208460425,6.346634760354662,8.156856450318516,3.5507601695048443,6.23397402553963
0.008504479649820805,0.02724436143815866,0.011268240636170592,0.0013996559199385761,0.0011100852360138448,3.845879273866996,2.8576431496857766,3.617640862132865,5.700372739650105,6.116817016011956
0.01518102294101982,0.0006020219268356842,0.006657137147220377,0.0010588346646155172,0.06793511956817556,2.7570575636571797,5.257696269068065,3.351303889662393,4.468947869216226,1.8866273508211102
0.008744319989945487,0.012980317174435992,0.004538152160016292,0.007469903735985087,0.0031337715351438928,5.555599269291712,5.01287433630944,6.653745739828011,5.784205573078278,7.252617277250979
0.00878067163210006,0.0028001268643862336,0.0031405011654284717,0.010581122149417354,0.01309301841626997,5.148687287030808,6.887660946720194,6.726809291357291,4.875243411048778,4.645222087510002
0.006920570619118259,0.003240248199464468,0.023625932776522394,0.0014122955196967637,0.0050579601961979895,5.009369400486745,6.057337781116508,3.6287873438001843,7.281446696539189,5.431042495370884
0.014352958961358402,0.004942242030062025,0.0022032833806131884,0.039841298660589296,0.00709441503009946,3.7370308655759117,4.8770053430868625,5.9847717804471285,2.848386581294366,4.4883870448120105
0.045708861336537704,0.004534423269872408,0.01994132835493187,0.00416960012553771,0.01834821449727466,2.4047090197539154,4.274233681326193,2.994670662491689,4.312446934465775,3.0489633282131177
0.002875124041608048,0.0009164167752828354,0.00212154208705395,0.0021516329151891472,0.008772479171338894,7.282735522544179,9.60163274921984,7.84582672073267,7.779426485987957,5.466728631618983
0.002786071857399141,0.010524183083458618,0.002140753157923955,0.001962667958158478,0.0007786356258245091,6.808610082972365,4.844123546638472,7.326027886161,7.419141320604244,9.233028191704422
0.024549170128333277,0.014850972599635798,0.0066161802900634855,0.015265508282406673,0.006649128364195512,3.543018939255502,4.040793429975626,5.019943213235801,3.988249809594954,4.977745962191339
0.014153624316849765,0.006537480359179095,0.04543539518936834,0.0017278582004600204,0.004875435960188373,3.6494115783391203,4.445210892026755,2.701552305923015,5.944579453131508,4.782939458286918
0.005010553248768591,0.002730924442921142,0.0005549216494089685,0.06298247366597282,0.001490760253853514,4.050510103147024,4.590266803182143,6.64564442827001,2.1560784597031737,5.267135356813627
0.00819451604111258,0.011369752111586102,0.010242034534669492,0.0031215268216624125,0.0029843429851383937,5.488307275326982,5.045007496899648,5.216589676507107,7.002158641717113,7.126775768399097
0.010606880606470494,0.002772823264821876,0.008668670048825941,0.0040551228695434646,0.019172385269793767,4.743025580084961,6.670347983079556,4.992085344954256,6.005969298570673,4.061901167102302
0.01560650056484163,0.026919504713597144,0.005166786087887759,0.0100700965117671,0.00305953144722207,3.9098173631282993,3.3920708420189243,5.243002386873773,4.3685546348048545,5.921756414170046
0.008740074137352479,0.0012383614158616345,0.0018848604907754105,0.010345648189419791,0.026121934119774114,4.0174575587641534,6.247087696470521,5.803076837811914,3.821548074719636,3.0420101553987484
0.0012177609081224462,0.0005848995334778117,0.022133499788625905,3.435032205171295e-05,0.000613413246626415,5.132061867041859,5.8215861347861155,2.684609448235699,7.840216203953431,5.897902414380589
0.0067602693992169565,0.008473685911105523,0.0023421707946647183,0.011822015923034558,0.0026805283697437184,5.702876233194633,5.368085709958972,7.5266941928582884,4.939075742430533,7.226980730070247
0.016849956622330655,0.019135378596392333,0.01027604887519559,0.0065446480165722715,0.004440921451715324,4.132558975584822,4.004779296251276,4.747599936988213,5.255129133682908,5.84104700902933
0.008910295214555435,0.0015401755489746307,0.0037112177257465316,0.005428423685137855,0.03309225352241575,4.412292461346978,6.715296341645858,5.501210736992041,4.9672255793473115,3.137107676315322
0.006090868957071432,0.0502341837422289,0.0028683376140795883,0.0029473618783054643,0.0007425762881748632,4.287865248124383,2.496976331477305,5.192163419249023,5.08065111968514,6.821780264138366
0.0363849832692596,0.001997968806713706,0.0025000103653741285,0.01803892545067898,0.022667306573091923,2.2922888086722395,4.446386967293304,4.377292987887862,2.710808378125563,2.595923516171508
0.00923760672455374,0.003533855721911471,0.013398469186313183,0.002898899507995804,0.010105396814925982,5.157397407692899,6.616735129056916,4.673134630380235,6.881809992152925,5.0414593396812215
0.0057451252016601185,0.0023994405059128707,0.0014248582431383367,0.018189560530871646,0.005579640321908009,5.366581390847399,6.648673085212586,7.603776223374079,3.972779731375783,5.4217651973456915
0.005742800353529285,0.007495075769629933,0.019278147303315146,0.0010033083810214562,0.001674022381470306,4.82407635969017,4.510325637936674,3.5527824431020623,7.065490949695489,6.49618257810033
0.005260111466707297,0.0006858656267077691,0.010437812842180632,0.0005750508678707062,0.015993521421875725,4.280125615373425,6.485172826235991,3.606017052178452,6.295680391041917,3.2529193012741295
0.0031815628254671666,0.05628362496193886,0.0008600296859662851,0.0023815503777935977,0.00017780868705443448,3.9240593278156815,1.9690032127276897,5.416768830650109,4.17792994815997,6.551298311380925
0.00949304134884345,0.004261454309108128,0.0036629523979110536,0.011740647760339288,0.009050213093480987,5.417585462302185,6.670504549996901,6.973285347034538,5.1062467577986625,5.495892423543842
0.007118098526963034,0.005021548777765819,0.018165768070127788,0.0018719920274973198,0.003994460285887521,5.4168940808087545,5.929148915278564,4.237045091316928,7.532126649197354,6.287342531296738
0.011790044949910906,0.008053613569526158,0.0025998342173772604,0.025595924378715267,0.004567934446861701,4.364273020601169,4.804286273466383,6.436960959900021,3.5579898253673394,5.568894989068926
0.03764400771967865,0.012154524819090323,0.019158817115008917,0.006302356670182968,0.008922023273656007,2.8869210256289852,3.877533658648967,3.4720647664583937,4.5401973827087785,4.1992092996755686
0.0021966752591885534,0.00019527782442751453,0.0009638196233717231,0.0009008339498120336,0.030118646304417105,4.945379837819578,7.6042358375260815,5.788871721493645,5.603795827179644,2.6625478038729744
0.006563704315354061,0.013075465796654173,0.006492577482155094,0.0031995621997388934,0.0021773322765946917,5.88493445444021,4.921615251894779,5.955206577309613,7.056941383324883,7.812977049654739
0.01615871445692617,0.004805315619414196,0.009430921826552663,0.006864884989205376,0.016635152588366075,4.304583694582984,5.8979615635372005,4.969386879925652,5.325793424923857,4.274684896267467
0.0050470749431560215,0.0017242260345647852,0.0157056314758601,0.0010191058859168828,0.006314471263296309,5.291109312469751,6.849745560563784,3.9363099812571885,7.51645789214995,5.007260854853177
0.0026249783269293382,0.0019978563589401832,0.0005066620829718677,0.019666498322876192,0.0012009252093247167,5.507490060369265,5.812260508977451,8.081113556058575,3.370533670536287,6.548474731257172
0.013041019389063118,0.06909048727330085,0.00664677537183022,0.0023849576357420545,0.001006703660612868,3.193794765642816,2.0777192136731766,3.8086228323671296,4.6792138368391205,5.6642504251867445
0.010470662460065483,0.0033992268988692906,0.0057979372632837615,0.006657718614019079,0.015366748124419759,5.130208079332736,6.863111082427325,5.996469890257515,5.716678994813053,4.640665485117945
0.008968621555425734,0.013811211516182637,0.0029448559576365405,0.011970996401061366,0.002661802623211959,4.953084014175383,4.420240068841041,6.629437022611468,4.595285330225736,6.747411373020887
0.005936961155171204,0.0015814087825557967,0.0014436414979542562,0.013551561728446751,0.009979095923416444,4.98265782311024,6.819019479630225,7.041065707748145,4.009632360151797,4.376611851744096
0.003165847350017807,0.0026715365576631313,0.023285350908883132,0.0003189395751021088,0.0011921546643673692,5.103919054647697,5.280985141470983,3.1037155746547374,7.646367050072688,6.3412282223836085
0.01873302343587406,0.018021527476357095,0.0017158609231817605,0.02657541512516272,0.001676500468418753,2.817015080315239,2.827827882489871,5.029553895969283,2.5641247108881324,4.88615773307205
0.01236018879481139,0.010153210845361173,0.014080571676065272,0.004144669731502831,0.005235020766466381,4.841067098707283,5.115039969649945,4.704264280124556,6.382927141297832,6.058731502324212
0.0060005392153412475,0.0014191830663428141,0.004605803537436823,0.0029446752100412985,0.01996171406722379,5.37668404761439,7.635646747425399,5.739010057864862,6.3938428391279745,3.93882741996575
0.003617482643314341,0.020200857316521163,0.00196035985149799,0.002682773777540647,0.0006939939581001666,5.530484665445059,3.5667031386226546,6.4709369484167585,5.941337919952096,8.028147357291418
0.031138903746726856,0.007076699559317766,0.003337577781762568,0.03526078949958141,0.008863478816750809,2.8099118381693735,4.086242999295172,4.9513333787253675,2.6973147479092625,3.8850775059553144
0.024783212582531283,0.0024856345393813976,0.0542597063423761,0.0007679041742205233,0.00833476529116757,2.504866895479291,4.212220571354158,2.056158842696004,4.931625202885876,3.2872350366831045
0.005058275498043538,0.003141390892138795,0.001474141235493436,0.015084292894060445,0.003733892670951555,6.0267091220939015,6.783206398321014,8.249389773943072,4.537622069126422,6.529207964403993
0.00796676835885068,0.013375150926411516,0.012773172026519237,0.0022484882298462326,0.002243510813993846,4.911709031654057,4.299095076663461,4.380573905902292,6.71270016298896,6.765172041054983
0.012368555482122496,0.0021437705119073127,0.011674979184346896,0.0029313719911228434,0.02606405097687363,3.951353246440571,6.052866429336028,4.001383253942291,5.587066941730972,3.2541040156900025
0.017154797562077065,0.05788894461166014,0.004407150846237477,0.006847075757837425,0.0016517040020496327,3.1849991159366104,2.3217323540765538,4.507756938108812,3.996068833737209,5.558596730566818
0.007606743287370723,0.00032931746033427035,0.0007955769924378564,0.0064061962268257685,0.04672351955629904,3.179786903797159,5.658969267956441,5.061623388938019,3.25608018569498,2.048940294748578
0.004889262623457049,0.002939842367017826,0.011263175826943573,0.0015912054902812237,0.0042151977469955535,6.499548219963067,7.40430159788263,5.204464139067813,8.5674854626318,6.757556657168541
0.006262408566368515,0.00573467985674466,0.0018600643247874994,0.015554781991960313,0.003022262727436697,5.689069020615538,5.803947118198991,7.7760584804774,4.501547195226367,6.858951121841042
0.024141531424502347,0.014773093667356279,0.009020520630387005,0.011022481514441016,0.007121687139436911,3.661328261501436,4.170406111478681,4.779146068313828,4.468826706716063,5.041662636698287
0.004434622777232516,0.0007287864460129467,0.00168576311319831,0.003928011952612063,0.023229378247352106,5.077418406811974,7.512243795344326,6.3677644047952,5.1973004377935785,3.335648140163584
0.0029637553090943137,0.030274326620953276,0.0023201508496155845,0.0010385457892822276,0.00034014189970985547,4.855102814835928,2.729079465260447,5.2074991077818975,6.002166252921211,7.462986798698579
0.014001735463386919,0.007011920000535589,0.007840024721268244,0.008303742261352047,0.009529569936455744,4.866271017988023,5.850052279446343,5.706132715663475,5.549886185522668,5.397969578347495
0.007725302355995643,0.0036575952270623004,0.017545908223344328,0.0020515160642658983,0.006438641069122834,5.281985886067365,6.41159571550068,4.25582720304796,7.327119803785569,5.539872758665403
0.010290253507952797,0.004220994664397795,0.002212852568766786,0.026601716360235717,0.006996972482093266,4.49583245183896,5.6252925591156915,6.648531980397949,3.496003629237585,4.978062122390024
0.011370530687028039,0.008827074187538414,0.034923562843129176,0.0015929208973373063,0.0031267482819582228,3.91706560879844,4.176299389523243,2.9440116128050136,6.166003696960634,5.40789509664627
0.003237311553242434,0.00030256151984991265,0.003762450264368187,0.0004010270765841061,0.025400834290043067,4.513949213768017,7.010026945628974,4.362668017453255,6.141547262575147,2.7588035867943757
0.005685238614311973,0.010113780190394904,0.00244485068579845,0.007607372248253975,0.0020330518700758275,6.099385052194182,5.2485698244833765,7.634093648062106,5.667945853876646,7.928272877959121
0.006695145906884274,0.002675566587229121,0.0018900429096361609,0.015442489204747414,0.007228095673241017,5.39938737044347,6.794485840026362,7.454099886766352,4.32933745858633,5.30487795541897
0.007620295956106646,0.006616938638864363,0.024718675007974488,0.001482889733776314,0.002874388047156893,4.75121776858326,4.924671644422829,3.5096473845131975,6.987883499700195,6.074187168965105
0.009233344311581246,0.009172265540084327,0.0015113052679801664,0.030594608233286913,0.00222834979213635,4.044009662048439,4.031694047152426,6.314692898600686,2.9719828212565953,5.69679483601419
0.053288113139255425,0.02349905202299246,0.014381318318445649,0.004648402049840012,0.0037980329501572656,2.2029136044467306,2.7239746251436223,3.1156851475857814,3.9997703382102245,4.276168721985445
0.0059533596317293,0.001787045021836241,0.0036199981677841543,0.004287075703976233,0.014749300305052768,5.921171842869794,8.018363428358095,6.726683797857421,6.393142972688049,4.671873277001159
0.009540024819040153,0.022644169792176493,0.005678380456206494,0.0053383649044827786,0.0023429848185048453,4.845179721860961,3.864177122725019,5.607275919595354,5.613375974918427,6.929622517747553
0.017508624484064504,0.0034094767232690994,0.004854272366005262,0.012017813015478114,0.024155848459018133,3.7528834220887766,5.675112240750325,5.232900153305368,4.096953007432985,3.4585212178709206
0.007665219666899966,0.0012557850274222248,0.016235015665638987,0.0010080218687634973,0.015008900731502968,4.094131305254765,6.1279150431985565,3.3755524751772135,6.174906296994244,3.4601270948731075
0.0007151118372716661,0.0003075243093270708,8.060415402549462e-05,0.013496647259612752,0.0004337784384247019,5.577056833295,6.374459608040142,8.306338877572337,3.0351046595686406,6.129713741201106
0.005524094943822239,0.011405422583888457,0.0071928207527177535,0.0022526758985541113,0.0018092271908078605,5.951968259087268,4.936878082005045,5.603656138431662,7.4465354492261575,7.904371392956105
0.016423960527123832,0.004645809234182548,0.014237622976607758,0.004718717440755524,0.01565938808329216,4.13174070509748,5.7170610421986545,4.287149466497904,5.635859469524197,4.178250297444285
0.008440710848460122,0.03398553497047021,0.0036166714080046384,0.005402836441538691,0.0014935352401161208,4.443722286600747,3.095544489862896,5.552730394332485,4.965936033490618,6.77576119946267
0.01960458548904023,0.0025315708154993186,0.00272694777908203,0.020787089892647666,0.022029790948330873,3.1417417742277567,5.13545869138121,5.127379621304896,3.074257791871529,3.0607428479002827
0.002232577515647112,0.0008762048263891994,0.05961717266433039,4.556053612243164e-05,0.0008369723662695494,4.257043394616221,5.029063503801408,1.9685609469924714,6.954826002515613,5.19166227734662
0.01007768706699823,0.007272546535979094,0.003844480941031208,0.01278355956495161,0.0055648560268387205,5.37766541967954,5.857522415651608,6.960594578207612,5.038719465286895,6.287129860450888
0.015826778920128126,0.008271506729242387,0.01481614018869226,0.0051226355920482875,0.008304348763772394,4.438049934628212,5.268229054697989,4.5343370046505,5.901894812072142,5.257217616928452
0.003659678713932915,0.0008042451776155428,0.002612082016671291,0.0021395216705937465,0.01632831376641585,5.921006992118151,8.353618414668539,6.423050831461229,6.697840369693003,4.041498111286801
0.0032210494035081597,0.02114998673775364,0.002107455349173287,0.0018747133021136048,0.0005611375530528847,5.492071096016319,3.4100150265967875,6.133462510342741,6.221440948977647,8.0434748315501
0.05528858829228091,0.00907211449418946,0.005147402535871595,0.021654341379598735,0.00964024028964553,2.3154750510495683,3.6733430191880623,4.260431373399686,2.927725044572606,3.6372242833578925
0.009187820150669553,0.005091623921087764,0.014005229475514717,0.003033695000179945,0.006742718501345367,5.426458600467742,6.343906039171897,4.854857057765861,7.164026021298476,5.886234963993452
0.006996887088184149,0.004107416380818019,0.0019023945257919512,0.018824047607464544,0.0046610934285114146,5.416835523891788,6.1937888409574935,7.565914946615674,4.176259714908733,6.026706727510677
0.013377744081231045,0.013897476331054325,0.01923584069277256,0.0031021893401540594,0.003696718302793199,4.176506778633534,4.138935690743707,3.8311230849232243,6.017384286557747,5.8099594741987355
0.007431997551290066,0.0010618494636939165,0.005707922971358539,0.0022385814473819634,0.035008649620509265,4.338289020255559,6.721234861993502,4.624757310006985,5.679183310131556,2.9097259624341
0.03532609424746326,0.029695892597026735,0.004231831116504965,0.01427322163701021,0.0028912696764405183,2.524353126183891,2.636062854846882,4.3264032448033864,3.1665363371834996,4.668606862506766
0.005807988192166546,0.0019212560679038268,0.002698780667045598,0.006197725692191998,0.011841207135106247,6.029482456686559,7.974822507817135,7.350741347632577,5.888626243122139,5.011139926183982
0.002915581132215703,0.0019957764444483972,0.011069800294324571,0.0006937297769632476,0.0021668337368831326,6.6278706045026095,7.269007549342086,4.6840945493945085,9.050778737345876,7.142749242950319
0.006327586751657165,0.010163629710291897,0.0016139413589525526,0.014258676647312563,0.001760162917854525,4.9866655203175325,4.3996456593078515,7.021300384941598,4.054011214521541,6.810050227096789
0.02130881566144362,0.03937084534330538,0.009463226653695386,0.005457484938325266,0.002726014124424553,3.234324573058765,2.7599947511727487,4.0281527852456644,4.549252249161517,5.41332983119285
0.009139611431991008,0.00057961804682483,0.002058687846107089,0.003981004649141852,0.08200360885526177,3.411731612903046,5.955106619344279,4.768480402518814,4.067114437504562,1.9535942130355513
0.005743541673701211,0.014932458457037813,0.0038822137390039763,0.004019404605643117,0.0017302827609774244,5.970959845680829,4.658107550307429,6.672977746646138,6.540343335806697,8.099799812787634
0.01816423569614681,0.006078500918812662,0.005658228621714233,0.014511968716000903,0.012946452782174354,4.075038300659467,5.414629099948261,5.551174741771032,4.289094693522925,4.460231609869233
0.012838293740495055,0.0034582413924129675,0.0235560318642795,0.0024364084836020566,0.011986285823809196,4.04708815658525,5.635411285079748,3.4528046197752076,6.06926563531406,4.123103775354316
0.004724858978890724,0.0014962451461641034,0.0007131670560672072,0.033716639598315806,0.0038265435478833116,4.595097048977548,5.892035040338437,7.1018048313417035,2.7918097923347096,4.8490985618430535
0.005854653460474029,0.007748455433363413,0.030866270205271443,0.00030342862301640025,0.0007471702042241725,3.650932953146591,3.405457109125317,2.4460907045020255,6.056010495540126,5.573283119907979
0.006886574270817678,0.002171792402731538,0.007704470794241854,0.0027136320928384267,0.013030481342132588,5.604506114230175,7.506329472174171,5.421980304654038,7.0301569786762625,4.740885510540862
0.006819206946382877,0.01736217687267234,0.002635722807436317,0.007512200393896909,0.0017307537274391202,5.178647680800682,4.0612345294245396,6.6381497949906505,5.056851876710466,7.289935370134252
0.01010619043613048,0.0026735271261877887,0.0019555164690396964,0.024102983531452037,0.010633187119308865,4.217519845574004,5.842035126187202,6.353538217404223,3.347760358150672,4.176789781640444
0.01048554394922499,0.004351446359021019,0.06325730829401865,0.0008556321565667471,0.003693305335652659,3.658491351087368,4.515874931886653,2.30170948026024,6.121376593581079,4.730326789083378
0.005416764309384135,0.002224370082139859,0.0003941075842273269,0.10765748909464806,0.00118681049938907,3.544579385521617,4.218392190983223,6.185073028152649,1.694980140576354,4.8304506377336445
0.01377174358731496,0.008147975829760488,0.00872021638182981,0.007399736910217315,0.00802369868881181,4.930026731261589,5.674735226801681,5.5972834703634335,5.76894660178996,5.692776760738447
0.003877835160583513,0.0010788015792023995,0.002274273150426009,0.0031786372318461376,0.012728332663137365,6.364935850412404,8.664671451929486,7.271187000060464,6.644897017251797,4.684899720362038
0.005192756274436573,0.01762159880561154,0.005514539690742159,0.002094709280330257,0.0012400425715492645,5.4184669093293865,3.9555187851578393,5.384729652940672,6.761971151945012,7.685924696174077
0.03330479685435901,0.005897187955654594,0.014619792457202812,0.006830666728739922,0.019160524988881877,3.0075815824225494,4.690262130609864,3.743582521599019,4.480701268086613,3.477432256136943
0.0033303198571665495,0.0008312987473319748,0.028565230088550306,0.00018542758600484767,0.0033140624257787716,4.588106365874631,6.055608852142915,2.711626168742105,7.123799798573204,4.629367287114621
0.005676812560374274,0.004561930174450685,0.001869288869988898,0.013317803343773046,0.0034022892193636186,6.152812810645929,6.49750142509886,8.210880659011893,4.92906175343358,7.035388134036075
0.0096661544314873,0.014994952806442538,0.010931621475647647,0.003388504588589772,0.002912845060985632,4.955140310059563,4.4249860390013565,4.842334616628373,6.454349420767125,6.747320174661748
0.012701204163639592,0.002592493097532669,0.008391104696064767,0.0045114591228965365,0.026532354963574516,4.216179132120448,6.282508980795358,4.690872930967277,5.4358112636270155,3.4759766763431448
0.01545496686924958,0.032040211573826125,0.003704420852868689,0.011578803481700954,0.0023242141569658503,3.5930896415821,2.970903568666139,5.188081854652639,3.8606208068538925,5.744068099402719
0.006462740748371405,0.0006331909793911027,0.0009438759239656203,0.010780766190423459,0.02204928779622779,3.8225073803347787,6.098705123323239,5.826731173151767,3.357428954013642,2.833535100219965
0.004406534619899425,0.0032216010799784377,0.012221223245857579,0.0013161457237554353,0.0030420863538079745,6.454317255930742,6.993391124154811,4.932623851967977,8.659425178117038,7.099922750636334
0.016457584809385608,0.009900807539767536,0.004852220353505686,0.01701356237250148,0.0068387788320066175,4.243809122783535,4.84576580821287,5.870286234349786,4.190414211989661,5.34213304525417
0.0190489389771278,0.007838129506119292,0.026987972710485794,0.0035557728603889437,0.0080160577058897,3.715523329442405,4.684368759579204,3.404231418035491,5.658748596264161,4.654773522690435
0.0024331704427281516,0.0003256651899239307,0.001895253245185033,0.0008375266949145973,0.019249642488396567,5.448426018114131,8.030579668094981,5.727334226680463,6.524441340499623,3.2985576157019745
0.0018450598305475398,0.02418442069854952,0.0007420529353521951,0.0016690811895865387,0.0001637857269149147,4.8769968348554045,2.667716407180597,6.1947849377713435,5.019445769120387,7.513553448617951
0.011304819352395183,0.0058937199772977735,0.0037221300345524244,0.01538785934631825,0.007529786225471029,4.9880353675138105,5.9058256151181965,6.6935859192925165,4.577870814711379,5.557177112433168
0.017908324504546214,0.0060403863372331034,0.01575674993687312,0.005068637344270614,0.012667638664330032,4.073576626279401,5.409156363561154,4.2250391116397505,5.59795476629225,4.464199871744724
0.003220718538652185,0.0017010131596529102,0.0006982234016075316,0.01816025384121938,0.002405518854376918,5.723080204493822,6.606119533022055,8.233368312517214,3.7039087845916954,6.153574470952845
