RSS0,RSS1,RSS2,RSS3,RSS4,D0,D1,D2,D3,D4
0.002773464907023322,0.00800732864915043,0.0022137712366932165,0.002143523791868554,0.0009520428958316551,7.54983443527075,5.744562646538029,8.06225774829855,8.06225774829855,9.848857801796104
0.0027791337077867494,0.00211554732739065,0.0009707993423488052,0.008115234214456937,0.0021602893187483755,7.54983443527075,8.06225774829855,9.848857801796104,5.744562646538029,8.06225774829855
0.002740482690266009,0.002114678279813395,0.007735915774638466,0.0008922040019184765,0.002121385437883922,7.54983443527075,8.06225774829855,5.744562646538029,9.848857801796104,8.06225774829855
0.002742339393350524,0.0009195549787943672,0.0020942247636635573,0.0020537278361273744,0.007923578806244108,7.54983443527075,9.848857801796104,8.06225774829855,8.06225774829855,5.744562646538029
0.0003275842708972471,0.007360694426011128,0.0002604931745428819,0.00018229967545993326,1.8229952257540675e-05,5.852349955359813,3.2015621187164243,6.5,6.5,8.616843969807043
0.0002708249053695715,0.00012333605838029264,1.8775367897626137e-05,0.007723404110180837,0.00014105874232884922,5.852349955359813,6.5,8.616843969807043,3.2015621187164243,6.5
0.00024449263224413147,0.00011114540546071112,0.006798463330200633,5.361775658505628e-06,0.00013853423105280119,5.852349955359813,6.5,3.2015621187164243,8.616843969807043,6.5
0.00023338197964089597,1.0064098209886503e-05,9.247424671259738e-05,2.425189723340335e-05,0.00710583793829579,5.852349955359813,8.616843969807043,6.5,6.5,3.2015621187164243
0.006541562093335139,0.011311278216255985,0.010937804196658046,0.0020333516644140967,0.002037351653787835,5.353802987928463,4.650654023359023,4.720568559201107,7.144413576003664,7.190120306512124
0.012476501027433664,0.0026632104504477065,0.013953590629428005,0.0029991706839571216,0.019760949952818643,4.119030524274833,6.049665737708836,3.990025924954301,5.832025208965423,3.6516255807253053
0.014292978000251219,0.052647124333857515,0.00516815082073021,0.005662271478990797,0.0017345245472894335,3.5318205787594765,2.5155559824562714,4.604935265584774,4.4432065449258085,5.883833044897375
0.013335833789294045,0.0008101231933571002,0.0017600612980858813,0.008764204091846124,0.0504077079535193,3.0422822264582092,5.456776806175308,4.829128977200158,3.3452168259191803,2.1759019229814203
0.004602007837707067,0.002803772514274714,0.013108084433816359,0.001312867167973079,0.003678145985515984,6.2482415108188905,7.087180018256645,4.736967473380452,8.464170550690497,6.622153980682146
0.0069549487425191086,0.006905083160310318,0.0018006113403213233,0.01845853652465061,0.0027582904651708914,5.194462710327818,5.187560334433028,7.323936166747328,4.040401554719891,6.561562578729974
0.030379110655924583,0.019774155041560007,0.010387496359402686,0.00972522808046656,0.006032119594707715,3.1968776291812584,3.5798090196298094,4.267429909781323,4.269554440105306,4.860557636207623
0.004558867702217589,0.0005101307021088573,0.0014713023020239387,0.003355629748752551,0.03605314697692728,4.5319685320129,7.05694066029219,5.819192690350196,4.818140095813443,2.69760376397742
0.0023729066604960504,0.0516844870820161,0.001606205628799012,0.0006798244249174574,0.00015522965837003663,4.339400066856066,2.0770863896772975,4.8920788536447555,5.452371077814006,7.024706257935501
0.01680270567624164,0.006625054508187718,0.007529245304528627,0.010070403772013113,0.01195880132988197,4.393890883709395,5.608639647415711,5.453590835525308,4.987073409782879,4.812038601396047
0.00887963190766643,0.003312386879739625,0.020867609519234786,0.0020066950822780773,0.008068966256402561,4.766846314690756,6.126993720509791,3.8067746222485086,6.85230724290486,4.8893348754810475
0.00854047390137003,0.0028920872382063637,0.0015045406789796977,0.03276471716339933,0.00648523546432154,4.345955513181754,5.650378731382762,6.6658695109525725,3.056279160689134,4.674171459953848
0.014831972464149678,0.008183746933477726,0.05250834007021437,0.0012142082358058061,0.0031604987046457873,3.2928621905584996,3.814322817773056,2.392229452589207,5.653593641055588,4.810075285672279
0.00132634964604753,5.805566330592403e-05,0.0011853695687221685,4.612106274501074e-05,0.027319685810178008,4.451868718491908,7.084625530367001,4.475744493136941,5.9670747779400175,2.333741902577415
0.00564140693833738,0.008693869599523691,0.002405409061665506,0.008084970447288379,0.0022198839804620737,6.28572919432033,5.609226527494881,7.883102071640931,5.73388914583743,7.972287047761736
0.005536437059586736,0.0023261512070435544,0.0017197078504744758,0.012494354936177883,0.0065062423567399654,5.854585948240677,7.272954971978394,7.889386333945699,4.72333955209926,5.626409088063998
0.005257325564593907,0.0057125507131871615,0.016700203482246587,0.0011988374522208995,0.002093481504592878,5.430877287252096,5.317968801614522,4.036582904318451,7.661256729476268,6.834329816700097
0.010392164247585855,0.01492105401210731,0.0021437891973918213,0.019021817103033262,0.0022555759425092864,4.122715485176133,3.742374815499914,6.129774399089591,3.5241214167062997,5.999016309673958
0.025693809727338982,0.028068636112535895,0.01780504745362584,0.0031350412443890193,0.0027254053870936126,2.8397891794036596,2.782023640823656,3.1583361329685142,4.706773633615888,4.938537195244611
0.007068456818776103,0.0023006695520621416,0.004859914446830324,0.004428779395694639,0.0140889476138216,5.824878720405031,7.763448443104238,6.416636968546458,6.533390714532357,4.85667504431963
0.007109189397118365,0.01849378126480887,0.005435003066260421,0.003778641478041919,0.0019277362324946201,5.403514877100508,4.214512411961674,5.849766549488452,6.338468061809494,7.5255452416096755
0.021719825296859268,0.0050658424081871725,0.007444654230002826,0.010746764080500614,0.01963794286289197,3.6906963610590178,5.37141025613697,4.896567023878578,4.389317787507921,3.7934721719468456
0.00748373270750101,0.0017974169306456688,0.022881662474241588,0.0010629733103247319,0.009292841342676123,4.343710649231168,6.063439401949201,3.249043632729243,6.571100355428311,4.119508105026429
0.0017169597863041057,0.0009302537510554723,0.00024322723984735012,0.024099372813122168,0.0008243959132985112,5.18662275427307,5.79130999971075,7.8643993526229705,2.820165600235157,6.021863472176748
0.0067949354484303755,0.01208927264553206,0.007759977531524874,0.0029417977157438404,0.0023359808863830053,5.807345618458547,5.0030136634335625,5.657412663749787,7.172461796099225,7.643322611793673
0.01416163451703676,0.004029287673248966,0.010291926228447872,0.005299746096887977,0.01732013177999978,4.436836416754447,6.136535393850372,4.826997580080038,5.663137746865984,4.208796518970541
0.010104152412527986,0.02679882620255035,0.0037540252663773345,0.007889677802410067,0.0020613106239575473,4.4257452644262925,3.4323450611431645,5.742768249932226,4.711162820233862,6.587370467222079
0.012216998831226414,0.0020367281397846502,0.0021848762585242494,0.018040249020932243,0.019255833174423,3.745129359704285,5.734669307008715,5.722892038217237,3.3616208234641527,3.341490054016358
0.00463954038117284,0.0014572404523728474,0.06938775001550122,0.00018687149049122426,0.002192097998061615,4.012309751685245,5.062186716228863,2.0389855901827914,6.63624870314276,4.750949877337485
0.010054691732727265,0.006148254693981527,0.0032504465078642955,0.015852027109840558,0.006044391662296902,5.172278648924534,5.8738227289252,6.970586553038627,4.573385611430363,5.916345104319299
0.020153477529791432,0.007684592527561823,0.01449451806441934,0.0061663062352163706,0.011365747053626472,3.973546739147359,5.119088530546522,4.354195389828559,5.3496850265761395,4.62310285336637
0.0026197169576901457,0.0004886454284100294,0.0016471784751880862,0.0016552913874059638,0.014832714794328572,6.033805550933742,8.572599943338652,6.701498829696819,6.625974063375878,3.914607140496711
0.0024674266061056136,0.021439038928756902,0.0016695381115818268,0.001294531760279616,0.00036805799579167647,5.400526346521996,3.160551521850256,5.9940154501541345,6.197027385954492,8.021364205463213
0.08087445992794207,0.008745009071152585,0.004460134309175941,0.018924779801744004,0.007502990869571878,1.902620237368718,3.3331713932984925,3.964320054963598,2.743008209448782,3.4828000227096854
0.009744167311793622,0.00524600682950419,0.016803963188742388,0.002827195593966436,0.006644119336031443,5.127496477622778,6.037214139332733,4.440768310991794,6.9901371277078015,5.668728754483576
0.007674622023981444,0.004336864280241782,0.0018303120584130474,0.023353551813002568,0.004642204564822585,5.034886818849082,5.807670956327289,7.249625239988128,3.7607319017669334,5.742049165609166
0.013004109247286573,0.014707287594393569,0.02169805189905242,0.0025154354095293075,0.00306063877584392,3.963930573626101,3.8416622596919834,3.500437082353257,5.930634992776214,5.715515923126606
0.007135615884644018,0.0007677120463047665,0.005680427707119178,0.0015257880381703362,0.04181090796593137,4.04301712878606,6.4852353461796675,4.268446440097011,5.520175721418487,2.5755965351694443
0.036583404904565305,0.037123111172591455,0.003313182056590944,0.010343842006295524,0.001664501883836441,2.2504914655120314,2.235894463127755,4.088537283973283,3.068107975649708,4.596759687262282
0.005982627241433196,0.0021034323951602428,0.0029337734783845422,0.006132975861652416,0.011247541495457859,6.150561762472656,8.026866690967296,7.403659136766172,6.069979520110449,5.218067756691285
0.0035867307845206114,0.0022323747912891645,0.011764435998224368,0.0009592419150611152,0.002920527051544195,6.506574114567606,7.321431025120527,4.759579672736347,8.832746727694472,6.860587523027823
0.006070160292764081,0.00758995247376549,0.001571967889723774,0.01603342785138018,0.002072819174950894,5.239749623927306,4.929814254336849,7.361577355474159,4.088658836619018,6.826923440366818
0.02611278238979253,0.028744969440920854,0.008933464433888818,0.008517099178944651,0.004072193894493174,3.2199074464409754,3.14365441661916,4.294063615756401,4.27745550428396,5.181992361646525
0.006455698297595803,0.000593414408255907,0.001643381794278871,0.004504934231552165,0.04922760804699334,3.9826825479904824,6.484071720163013,5.409831049480029,4.296190006531105,2.383345229696737
0.006476991079345679,0.013919109381964933,0.0039927776548302025,0.005059187358174463,0.0021113166960787973,5.953565507626446,4.883501844984941,6.828413559328941,6.3452858698384365,7.939854799505299
0.013510671522560313,0.004693403930835665,0.004449296347141815,0.013841804971047702,0.012547243456896357,4.55119952172389,5.981950498756943,6.101560448237902,4.49419561986107,4.65221478475587
0.012820761956944211,0.00327610798586241,0.01631504726181083,0.0030855895678341756,0.015604042763761034,4.219621771166513,5.961727035130655,3.956534347379926,5.996353203523601,4.00851924555653
0.0036234414167142597,0.0012263245090572133,0.0006686738871342761,0.020685897824826716,0.0036664408910211505,5.173356090037932,6.5362693339748565,7.641357677952591,3.3371963242009173,5.177297525003272
0.0033256274836332717,0.006087028811534748,0.016221717428920243,0.0002784623763531201,0.0005725809911187147,4.494897193559603,3.8993552055774825,3.0885543611980957,6.84609622480317,6.418974259340489
0.006945559688685955,0.00259577266699308,0.009545935545572122,0.002521003850394389,0.009889143896938598,5.761305409069492,7.406765618124708,5.278355862511783,7.384053048416857,5.2464371826328495
0.005726518569933165,0.017145969398340646,0.0028959055348169263,0.005064562049788664,0.0015160073729168439,5.605446538658253,4.222476588893941,6.734143653929144,5.787345768463935,7.811066076519527
0.015621846456853439,0.004682175316984112,0.003251681871168821,0.024163936114961312,0.011323589031881853,3.9312862912201814,5.341344045856251,5.892028945182418,3.491993516059848,4.287198104924408
0.006574309880858768,0.004510469383466758,0.039776005765829806,0.0007274660407614001,0.0023376727840677103,4.351477422271417,4.76203388646835,2.74402665387983,6.8074245670350875,5.585136057179175
0.010334022041922582,0.007156257418217101,0.0009795053647630742,0.055201804447694944,0.0016447023857234795,3.329752364831683,3.612628407774507,5.784406201983485,2.171438811631442,5.012326566530258
0.015061033777397809,0.010478821739039865,0.01141408318347796,0.006164747955254506,0.006706611308662152,4.6308063820055,5.106355610006682,5.014958163275046,5.808522197241456,5.728339015753085
0.005206181055720577,0.0012536491476004216,0.003151311954295026,0.0034120970977473924,0.018612376619806092,5.626483068166629,7.934385814368764,6.379348139228275,6.214381767421139,4.044767630096352
0.005881986424626967,0.023422125237500712,0.005704569378643834,0.002162427039074903,0.0011771591707013136,4.950973264473243,3.468648875663487,5.032761171406418,6.3004434385717305,7.279611769072311
0.039027633513841115,0.004510898705518566,0.012025968849385648,0.006978731670608952,0.025469494758008967,2.6839520772156606,4.6248950449247666,3.654241484769563,4.1296145917712055,3.002922464701821
0.002468594719925198,0.00041409727449043135,0.02789647888427655,5.657205508321166e-05,0.0029392781727039974,4.312003851143213,5.953662679621677,2.4650745671942333,6.863684273239844,4.211965707579756
0.0054383366556197184,0.004047946621923867,0.0016126628748046557,0.0152342146886247,0.0033231998328315804,5.9673081874750515,6.418896309763354,8.145627150386886,4.567963696823082,6.7834581279108646
0.012009001061745676,0.017995868964164094,0.012383590682837132,0.0037370511762992668,0.003135174433028158,4.458602421013447,4.01737041440299,4.4670956505109105,5.983588183232571,6.2943630377357085
0.012168480587991436,0.0019770167426636865,0.006893695182302402,0.0042884241725768355,0.035695237668845234,4.013425680170169,6.247750143433196,4.6386126186317,5.167053740263355,3.029981769867476
0.01699725403204006,0.031068045203294408,0.002883380395345674,0.014532095631582937,0.0020255551637230885,3.2455861780033817,2.771795090837157,5.071562752456508,3.3685175560755156,5.420775890230496
0.003285498841904077,0.00021162182184563901,0.0003651479456097614,0.007211843635381475,0.016564666456588974,3.9039465030847347,6.249518649652672,5.980054409914554,3.2742244657867547,2.7249060984809184
0.0038105704642456763,0.003083567148995921,0.010173384224388902,0.0012213321594903579,0.0025822222247178822,6.888019359040789,7.275105663191179,5.31962371511792,9.087971440899029,7.613308017573241
0.015560166772912649,0.011245198133386949,0.005544820694797,0.013492260544279206,0.006178036510576707,4.446226076260254,4.844945847325291,5.865176031366726,4.5975605230942405,5.662539393144982
0.014831811062024565,0.008114303198988634,0.02515600978350637,0.0031322196110652734,0.006246772761895773,4.124067103243876,4.835201141733704,3.6017532346197383,6.086315189096184,5.161074390385567
0.003309143532156161,0.0005260616825482627,0.0029908964193291914,0.0011634158246995143,0.019637696899307285,5.38080487428435,7.8734343440936545,5.500099209968032,6.607195386149366,3.4518333997299133
0.0018865238859938193,0.02009426945566733,0.0009099341485809775,0.0015290065143648388,0.00021503913904407003,5.267036984931211,2.9925188164257754,6.392505442673022,5.533464680167601,7.907476736267025
0.011329457135329455,0.006859686556681498,0.00418817623019522,0.013448269234958113,0.006802410600495736,5.1260333468595825,5.844345541274247,6.688198445053849,4.880618537215563,5.864815507790567
0.01576377012400179,0.006789467618331348,0.016267541839320845,0.004614124203353595,0.009749936007903252,4.3549203985632,5.4325091143213236,4.330640319682468,5.930954204610271,4.941508684446428
0.004067898556816224,0.002430872845064703,0.0009340799715397142,0.019564810918451143,0.002711209625569541,5.646036841999357,6.375482557642104,8.089785145455314,3.7829671347764435,6.25369380443506
0.008274126388887365,0.02047948036030867,0.012541723597194993,0.0016894172509411922,0.0014810001478168225,4.203264761698698,3.33213852430977,3.8167603630155678,6.063597087965961,6.342848111746546
0.015407072542875924,0.0011578924980753485,0.010088845116331546,0.0018356019193468732,0.04601252326593793,3.088882557233952,5.444591316830135,3.431436112980426,4.827798370613888,2.33212698999566
0.00959790631133311,0.014849781733988241,0.005006269513567761,0.007392752059166333,0.0031677140326209475,5.280851864791811,4.712960618869557,6.316544351204618,5.6458887958420965,7.0400848745405735
0.009790888845728169,0.0027882735017022227,0.0033791964629911945,0.010696010723755502,0.015542968738173636,4.851358132712923,6.672851247828521,6.393773939390802,4.710733093229402,4.306321828200138
0.005923100213642123,0.0027092907751441794,0.025082471439238377,0.0010350461419105725,0.004337362165457108,5.013014850668878,6.065332027473863,3.436323716205038,7.379181194651627,5.42884731619459
0.0042744093669488505,0.0040288962135940085,0.0007524472881867868,0.026704087090106868,0.0013688631764944906,4.827208408724694,4.868327892868006,7.2965199287090385,3.0601762976136917,6.237248237007098
0.058646796409961045,0.021202196811828933,0.004963230552279261,0.01400792411968587,0.003826789119749703,2.1178006321006317,2.74780305611715,3.969341872331599,3.0355368775896543,4.17369589206556
0.005138616647751181,0.0015898127497120376,0.0025025807918342092,0.0051546210797174564,0.012431402787121758,6.11003174505759,8.18929158780899,7.3441416544797065,6.0604091619427045,4.858032435159724
0.003816466630884425,0.014753703470906016,0.0032319862711361804,0.002139669190284444,0.0009933480491941694,6.08275842473311,4.295832987958381,6.393876488241841,7.008440879427566,8.458470254537271
0.03434309363674549,0.010779642656304697,0.009889155009417163,0.012130708673299994,0.011140771446547966,3.108654940720473,4.217183089919416,4.344971273441211,4.055699164620359,4.188417107575288
0.008511063069718716,0.002790629353457737,0.05239179973020024,0.0007633113127108326,0.004771656618564356,3.9402838729579117,5.129658988626371,2.464591276335505,6.401364217070868,4.553929364778188
0.008056097346417624,0.001947971623459185,0.0005875200167931842,0.11306430893494775,0.002755785025216366,3.3548856789786607,4.501671298678022,5.96501541127018,1.711463403447899,4.271471802165005
0.008681238701161087,0.008918426589147158,0.014600924267546863,0.0026656610178995943,0.0035378916327593046,5.254642348586727,5.223764872249999,4.612022385306582,7.067657457782816,6.628334103118899
0.006809148875240632,0.0016598799102601298,0.0072268225197683255,0.0024162733265738687,0.01765983201449104,5.143346640206954,7.266163675350759,5.044485332089834,6.592510679322928,4.013837909740436
0.007217459695141834,0.021011162090754522,0.0020964353276553107,0.009050083780844459,0.0014155162421961723,4.582065337859592,3.4755119618286114,6.264774507036539,4.329347052017632,6.775799740548337
0.007440971673149144,0.001311925646178749,0.0010197324993200842,0.026730354803997162,0.009612967139298283,3.959117884082011,5.781448064553042,6.265782043527522,2.844152637100217,3.7314993122057416
0.002280747792846994,0.0015393327193877935,0.048245923940402065,5.0981032713137875e-05,0.000502449017630948,4.159241801629706,4.440325025733666,2.053785747026979,6.810326631972705,5.557166399766266
0.008836085701087942,0.008481864371508002,0.0033682314071353334,0.012106073139863864,0.0040535319965977765,5.5383713060684165,5.595799577883126,7.167292238490558,5.096767153386248,6.784846389707507
0.01590163729521079,0.01187844486081537,0.013498236199083954,0.0054538993673113895,0.006073693350763752,4.402826691372988,4.763503514524585,4.627606024246745,5.775381219702131,5.663814970110232
0.005829516827276826,0.0012284034078533068,0.003612104311104229,0.003277101677382741,0.023275819552296684,5.22516387272907,7.568030590725791,5.887743665580622,5.994926982220998,3.650970825901617
0.011093691982419333,0.040859807719876975,0.006656715160034955,0.003861156834401191,0.0017295742911531316,3.982882647710057,2.838719065518886,4.5830470145874935,5.169370216277842,6.298284086790571
0.022712336295984827,0.0017505938752335796,0.004377508365330913,0.007865581716647568,0.05189559442227758,2.873904543744459,5.20777934831462,4.328235946939334,3.71281944628772,2.3232926876263007
0.005925915941365939,0.0024052519027139584,0.009531465701061946,0.002110143560245254,0.008148500973380565,6.041953151084708,7.61797236544911,5.320980200964721,7.790864230670838,5.565688888094497
0.002935139117996598,0.0021488209038926158,0.000846433518807787,0.011276973750509477,0.002056262553023037,6.708639090690898,7.219029743917815,9.123224427510367,4.772677754004571,7.3414771303002695
0.00617206164092564,0.018928240197032615,0.007166416287303344,0.002123684841934921,0.0014051630949335342,5.057446097989835,3.7885326572649984,4.913092699408573,6.558737850773073,7.266535789011281
0.02815408563096649,0.004035845025695452,0.014483947591807038,0.005279650051254092,0.025222972069707642,3.0490539614725463,4.973792857340249,3.631911649835934,4.626302831390189,3.1392427004317423
0.005791849373749104,0.05341169558607888,0.0015867679960108246,0.004256466544207006,0.0005088849466924915,3.9149085814836875,2.2339688340158856,5.385010599004884,4.201747166519458,6.454641868562108
0.009887680180781053,0.003989228735256789,0.0036292751331084734,0.012171824051975545,0.010198983195295558,5.2186950654154876,6.600420623145036,6.799995696259345,4.922358672672919,5.18690697517756
0.007182509869173686,0.004609223889353079,0.020616082928746855,0.001721851588490666,0.004137100244003384,5.236852926847529,5.867032423699782,3.9702802412573504,7.4220032309845125,6.035493989237213
0.012980906994338934,0.007589396035991003,0.002503068434301319,0.03060648946466127,0.004944385809502024,4.097935992781426,4.691773918942463,6.237736271709334,3.267538065037456,5.2510395442615225
0.044225698156044616,0.010255009214989114,0.021083504511596074,0.005733026561011738,0.010017282942638263,2.6388257684226852,3.8535348977650994,3.226919454199264,4.417441986975435,3.8829205070268533
0.0013008222883772267,8.722647661910656e-05,0.0005452910596595832,0.00037299501207159274,0.025360102920181083,5.0338704734500155,7.739046994452253,5.841471818352232,5.705866356859443,2.6051594009970525
0.003997315016091616,0.012301936848298977,0.0027251854019656996,0.0030889179544835946,0.001205503915715971,6.5136536839542725,4.87046419698373,7.243609917360387,6.955967509563308,8.782593417372897
0.019125259224630216,0.008789091983910997,0.005354607810996871,0.017386179888618066,0.008795072570680554,3.9920769070432396,4.88846416352047,5.595731559454219,4.069538595224757,4.896557381004734
0.01762141670163986,0.0057528008228549254,0.030052947035712613,0.0029761567841068547,0.00930991793164409,3.6937768911003537,4.9265665766504805,3.2175852293737854,5.73891285298615,4.3608390486561595
0.0043278436631456465,0.00193666841260817,0.0006345685205922699,0.04054595046573906,0.002342287310370172,4.6320544315306895,5.505017801227164,7.207119606437667,2.6399400545898697,5.348517132953604
0.019744568995353037,0.022497886751103088,0.021821965885705317,0.001119924477645229,0.0013905558096233255,2.672041043782954,2.5798764973332013,2.638139768440855,4.829060492631276,4.860436599507206
0.007624205078427182,0.0021661445487640048,0.005548507825983417,0.003978540318945503,0.017189512637015503,5.418573747756923,7.452755700301648,5.874883223637924,6.340948669432572,4.379305354891608
0.016815252624505096,0.016009784007720115,0.004985792882151838,0.01470080518578039,0.004642365342389663,4.062479683323399,4.112005528709295,5.606677303599251,4.191974709863575,5.665588485470416
0.005039628156383116,0.0009603385437157045,0.0014210210646469971,0.007169687352560017,0.01639019793509757,4.966912157080466,7.193172549962972,6.703330434848534,4.517277258874067,3.6876417150757255
0.0013531018893141774,0.0008236722216339268,0.014578247643875795,8.137259302174008e-05,0.0007361765512822708,5.703957364622108,6.246864112615267,3.2989218683341113,8.377790504750076,6.484361803090033
0.00445025045538094,0.011548489488602329,0.0004985360426971321,0.014774356733424048,0.0003532293043188437,3.6377751039332322,2.90900843443104,5.902577643877456,2.7615923978007566,5.831336497064969
0.010585464353493813,0.012440057233404127,0.009027634726790433,0.004944331955424331,0.004031287614013778,5.259306400622951,5.055283656442505,5.531785632521599,6.381218954642968,6.7649622899298105
0.009002190665286304,0.0024234472724760834,0.0052770534540464735,0.0052906876448393335,0.019125725258398747,5.091460170588872,7.105295375058006,5.84779005014416,5.800800364330829,4.166618649524461
0.00629441514877765,0.024421944005874573,0.004331071583559786,0.0032916043839761665,0.0013696389413768752,5.117763473741424,3.602218884730901,5.678288699318822,6.0116589551896515,7.44358952742639
0.03271655489413617,0.005425722849055841,0.006791376513640251,0.014131389525228502,0.020379521148199558,2.9887596666074927,4.731155137147422,4.507491237675678,3.6807460428229004,3.3884420841624285
0.008094173368820588,0.0013120112651232336,0.03630355836166894,0.0005132850266807718,0.008354789110823824,3.690823985039084,5.453438634680248,2.517996809937696,6.074870816916452,3.674829306900718
0.0066720297862775104,0.0033660261725542992,0.0022240621157617268,0.013294072880751422,0.006143628614282456,5.854379919351629,6.972359551544455,7.795490251690524,4.876254732477908,5.994475019899739
0.006786118587877788,0.007270574041693097,0.015723917537326444,0.0018405538673850104,0.0027538175056749494,5.389559389683556,5.296607457372922,4.344719527467096,7.43088911621607,6.785326099190363
0.005871196489638381,0.0013669940674211898,0.008603868337375184,0.00162380964891394,0.014478795925363405,5.095831114692379,7.186157635253064,4.596745091934948,6.84141243156016,4.03659856069786
0.004630360291245765,0.02221252646307283,0.0014918136246137614,0.005364474357680445,0.0007513872176508651,4.817802303929826,3.2349393754088687,6.386982293456931,4.650687611802229,7.208162409167288
0.00960319211416271,0.0015605252106825128,0.0008914358187653955,0.05354601776284359,0.006980332801128859,3.4283982870462357,5.066971008808657,5.888087289191263,2.199603988018619,3.7193594105888335
0.008577132809821883,0.006497046782301728,0.015598847940689203,0.0026128845931301073,0.004545205987358935,5.398202930301324,5.807541814990772,4.624887600857051,7.272661440825244,6.368174606632681
0.007905823513045824,0.006422813149161246,0.0020533180952455004,0.020141944513486408,0.0035639298926497033,5.10799034025398,5.375940345139882,7.219302842917259,4.008091452861661,6.267566995074981
0.031852121774554716,0.014226700116582012,0.011803981026459692,0.009682343161954371,0.008344032245495445,3.2182441768359857,3.979061638977227,4.209180102668134,4.358554121125507,4.569601693440833
0.0033614524017491986,0.000421576274999388,0.0013009232402578642,0.002409360319487683,0.02690255952884223,5.007869239464196,7.564473341302736,6.14590833057764,5.327787479928209,2.989356403619957
0.002398691513441056,0.03264015567121485,0.0022989678915495406,0.0005460071966553903,0.00019119872370979986,4.530995031153162,2.4278881370987704,4.690536071538555,5.9210390394140235,7.152984771296829
0.016137084213197095,0.006660458770750555,0.009471720721735175,0.007657505718485442,0.011535491506097412,4.506874157183241,5.687117562463705,5.2073467973709215,5.432068544236451,4.927527084460236
0.006449223726575816,0.0027915151818019295,0.01863910868362946,0.0015058174604934418,0.005911848838780803,5.268435052011164,6.515709175870535,3.9867640048034247,7.457783086448914,5.3905797211428235
0.004611196941385769,0.0035399185128351988,0.0009454018857518082,0.024266984444504952,0.0021053010192147448,5.199053616386597,5.519869329437692,7.643775055432896,3.4107213187340464,6.292166526567632
0.01138397284877157,0.03595647567003623,0.010648528239287821,0.002163770988908905,0.0014250651640056078,3.6310111290813767,2.6999458131940073,3.7302431214120317,5.334207522602008,5.922733848894595
0.015324989793333417,0.0006457746971396826,0.004551075878930563,0.001920324020590706,0.09325553503953231,2.814499374699754,5.356635041845114,3.7396807335449913,4.225825537279433,1.7746195335472907
0.009776712613150428,0.014795792766213373,0.004009162627521316,0.009640772427031954,0.0030765923585217626,5.073632574756708,4.553691026759755,6.44851382413595,5.089220418413051,6.837206523140313
0.007824994198901857,0.002160057323267434,0.002271656263323676,0.01214226221804264,0.013179678803073283,4.924777247025839,6.776020370619468,6.74005543765011,4.367895896544467,4.311891673337446
0.004514988704565026,0.002835686036917264,0.02691889290722346,0.00061696969228403,0.0023499475406643404,5.076711597750715,5.665746944898781,3.206438889148423,7.567347682221947,5.953596631435771
0.02382974409549685,0.010116442807011907,0.0024000224112968324,0.04241342224573407,0.004324536531076831,2.922497504238879,3.618135110992672,5.179480586233237,2.5009926392130697,4.471138741212019
0.04001349127512197,0.005261615459588938,0.04933383057899704,0.0008787592334256993,0.004217788948528733,2.116485195368545,3.4199541324404295,2.0245667181972746,4.567291184936249,3.6418309813103744
0.004136499143011086,0.001380114096863249,0.0033576789417385207,0.0026398861759415926,0.010610801092258936,6.797809109550531,8.949494513230174,7.152824815234845,7.566869533851962,5.322308271552804
0.005934099047613059,0.015988755431531842,0.0033689184198613335,0.004814772443407095,0.001701703465324502,5.771490201372723,4.464760154558239,6.7470032274597145,6.090824717370457,7.917456349822953
0.016092494985809145,0.005146178460668185,0.004063848551069686,0.01884134540255338,0.012180812285916106,4.082976456774135,5.473695964010798,5.849443006536234,3.889140008591628,4.402277363673903
0.01737633741785099,0.003534260002194395,0.020731710353716674,0.003141297501404179,0.017349795401186863,3.602722626129384,5.3793055079022505,3.443578138259929,5.486436935511743,3.6086414194682352
0.0025163479710455165,0.0007908665473561666,0.0003662694666186926,0.024534065525922338,0.0021893661164607116,5.002449304921002,6.2613128573047465,7.594794065645197,2.8927670485280563,5.181212155428448
0.005753778276639464,0.007885818061784886,0.009546959952353842,0.002126348516212765,0.002393677507278576,6.160242046519022,5.68285037521776,5.425708548778592,7.903091223509485,7.720257492874774
0.008671433257169618,0.002741906015832724,0.010886829710274224,0.002850924775796012,0.012864912804750977,5.146663252700176,6.892098056381147,4.828168095107699,6.757594107282028,4.634141738727454
0.014266099608206182,0.026712349801574813,0.007923193608771185,0.006007049534980343,0.00301818926570614,4.136893828257273,3.514112370225771,4.869777494092769,5.149082272655369,6.154575155278588
0.013466352016379175,0.0019290005818842467,0.004007641310452071,0.008000161088589293,0.03817952887737888,3.759251205996364,6.002810300247081,5.10550146986736,4.265887246605616,2.8688338674133402
0.0016258936302489006,0.0005794248309151593,0.02006058257958051,6.836115039781144e-05,0.0012703257480293528,5.217414260006515,6.307918840485611,2.9135752131848824,7.871080141769192,5.536513616246721
0.0051309082755842195,0.00589157791863043,0.001785919641546091,0.011006847608734506,0.002382490592420558,6.278757579657422,6.04301036346397,8.25612237889423,5.165465782766637,7.637252073571888
0.016295922858069467,0.016806601530944855,0.007328152863651222,0.009408122799200787,0.0048410621598794674,4.289881037626396,4.262032788761791,5.336400719726026,4.9324421935265095,5.8856805164307415
0.007189884618045373,0.0014862062214813176,0.0026107350907222182,0.006638954361738974,0.022611946941711206,4.831096186383556,7.0546439459586106,6.224702163150378,4.8920408526759545,3.5931851496866947
0.0033739067913457488,0.02603022851778439,0.002139080770443006,0.001803508703029381,0.0005164310440882021,5.19208286246014,3.0997512021185267,5.84319509226496,5.981013293333768,7.765757618305461
0.06598540464361441,0.006832991257081343,0.004630145857587109,0.02047693619968199,0.010935757330173972,2.091089193285169,3.7000072628744465,4.109889509855999,2.802519624431496,3.3249442526491153
0.00941108708481415,0.004747382855908395,0.015132578167095378,0.0029096581118302563,0.007277416147999532,5.264348258817797,6.300589574621908,4.643838250025691,7.061266988850816,5.632876369351779
0.007221184203202717,0.0038311171615423327,0.001829413574482409,0.020857525996274943,0.0050136139703970345,5.218783196136747,6.118985754863122,7.407114615580128,3.950449236253746,5.747121838654611
0.014712194975803766,0.013263808659320296,0.023086808526075857,0.0029334128863392345,0.003887438160584582,3.9365605517560325,4.045919458447851,3.529800446347721,5.876523356904739,5.533855228593947
0.005976970058341611,0.0007303895174568801,0.004696403996807773,0.001585855233999549,0.03690635637625821,4.36925640174921,6.828617975659373,4.62457749972412,5.7266120837278915,2.747868182965587
0.0038568657812244537,0.01427296113169061,0.0006551203672305362,0.009412230500083427,0.00038702796414037823,4.07764813291804,2.984556414260346,6.1792223703211535,3.3274073225114136,6.351917159557213
0.005829159980429554,0.0024471667233345244,0.0019029473153953913,0.0118908220900078,0.006968994726422155,5.881693044723706,7.317194983942309,7.8411237212323055,4.868819665281359,5.625591854344924
0.005850270398115729,0.0056172147031174555,0.017847746525071536,0.001387113238767171,0.0025282883057332374,5.401101444361574,5.457617872261727,4.04896755790149,7.612467099412031,6.675192939903591
0.011305452397089896,0.01279471498428668,0.0023326700734482304,0.021921636452353715,0.0028188714418603605,4.1397731800643545,3.996703670770238,6.175576186301322,3.483920597824855,5.856774174646994
0.03134656234029453,0.022452753052425636,0.01974006446418158,0.004041850135153406,0.003915523260587848,2.7912348897185497,3.048536882804101,3.1818775578810863,4.632239158961565,4.721059975614301
0.0034220490858101423,0.00016337392644346653,0.0012014920605393521,0.0007081614833300155,0.08800266564113567,3.924333180172948,6.600730451390043,4.802819674535454,4.87172505298768,1.7975370166160258
0.007194722970198427,0.01342235874700595,0.005651503777515888,0.004265985046344925,0.0024618105430261232,5.882062715085632,4.999013461606626,6.327963770366962,6.719687350563587,7.759329093360897
0.014050370046785535,0.004473623180280463,0.006448464642661937,0.008872942735356286,0.015560645410962165,4.58713189282184,6.172513221851667,5.640884330524152,5.12483970226715,4.470306312810443
0.0072508169768118426,0.0022500660034171305,0.014903455919353327,0.0017858934407996012,0.009954735548749623,4.993316752651309,6.682665585734876,4.12847944815657,6.987280002316012,4.605258413363052
0.002907305228924557,0.0016782106303120572,0.0005873123860755792,0.019551804692488517,0.0018541392058022959,5.626430702925455,6.334214263349481,8.187008737971668,3.5051865619421756,6.260285502724651
0.008277101955219157,0.02984089653034384,0.010386322296259732,0.0013023329890377302,0.0009805184562164785,3.784081020190201,2.7297405944939466,3.608738300500504,5.622770332605464,6.098118941239115
0.01008031651841639,0.0036133676805519517,0.007808930497654771,0.00490133734907064,0.0132580691191935,5.307944713316768,6.926265825981453,5.67550291754804,6.3353942886105,4.937144505389356
0.010167525245330109,0.01750743838690461,0.004411876171807228,0.008580134129062614,0.002900244342724613,4.921752852770627,4.2713878983896025,6.16753477566219,5.138950970627094,6.797245597225575
0.009711486745096348,0.0024105684550096485,0.002682324892860862,0.013004347759528363,0.016053168326853638,4.547776878271189,6.43195496221468,6.311136342459894,4.187374730777989,3.999312995142795
0.00683209752968742,0.002619922646656502,0.0371050202027784,0.0008322475589322442,0.004490889159504359,4.439849183535684,5.5737507605408005,2.862474716823856,6.872463898823271,4.935364627305242
0.013368111083179566,0.003331730823490832,0.0012284162610837464,0.07456707362193539,0.005108710335539149,3.2487392198774034,4.486754451614055,5.728314326960484,2.072444935113725,4.120394098682885
0.013882061973321657,0.006184880558842047,0.010655507981628976,0.0058897785020968745,0.010433646653281586,4.813508849092584,5.950898511760066,5.173246493577998,5.964667266266256,5.189079088173262
0.0026973152182527896,0.0006990211679664467,0.0018633275909551077,0.00195827745230599,0.01055864697456943,6.768120403334873,9.204208065753404,7.398202414802907,7.271967314123463,4.785129201013863
0.0022544037649299443,0.011630480782464512,0.0016471140942591457,0.0015117048050300411,0.0004931193686962084,6.441477147763922,4.262671355193513,7.001844478988543,7.068198467954002,8.989710151497786
0.035062283647769685,0.018008419563749625,0.005658331217248407,0.018264850308940855,0.005637507762583764,2.8509236466870234,3.387059424209794,4.581953430072167,3.3557762206572086,4.558877025688464
0.01370150304590747,0.004917146351978842,0.08347844202303188,0.0006566538080579432,0.003080171123585094,3.106238787591171,3.957245503641601,1.9617809090161071,5.607927823723454,4.4314384611523225
0.00649417659760607,0.005124265472628742,0.0020235158438146133,0.015190905690824335,0.0036625224283724127,5.798437506743466,6.152655712161002,7.848536183698929,4.652336489591806,6.737104921762118
0.009217591736945195,0.014738875830670085,0.012008749812024249,0.002895531962107729,0.002662164624787579,4.874335511577402,4.31961898075157,4.590220334578705,6.515226061992725,6.69769999477282
0.012697873259730852,0.002364467852362395,0.00950380380177788,0.0037943249103033253,0.027827994132685167,4.0710253544361406,6.175748987983018,4.3837833899898095,5.470734691298168,3.3176225388598
0.016891403697993135,0.04145959608761474,0.003964165680544405,0.009722240100515901,0.0020643323162826423,3.3578954261016207,2.657877356269053,4.868012822939211,3.8540075948248687,5.611293197142758
0.006668473211790464,0.0004615556580266253,0.0008343051801723314,0.008954408903428104,0.02950447332582056,3.545148934556922,5.9180738406334825,5.506677896262848,3.2882610120229705,2.472359996681273
0.003902635417114002,0.0028680229143069054,0.01213556560899631,0.0010969449782853096,0.0026858462754018684,6.4890457363520095,7.01640208726204,4.816271211923314,8.776044709898366,7.140415316128417
0.0069571872263639156,0.009528220647840743,0.0019554038163333474,0.014437994435426,0.0022489182961769627,5.169380751155326,4.752412205693322,7.1463634408003305,4.286546893808915,6.845405242058906
0.021700137611341496,0.02800850042249377,0.010729627038119208,0.00638447743394247,0.0037621972921436,3.4689300667597585,3.250087213775069,4.208897981538105,4.727803866188211,5.431747851198133
0.008599694340512484,0.0008713082259799844,0.0026760603026691407,0.004584235996592384,0.05623891360133621,3.855266882843099,6.3292448596722615,5.087019017283674,4.45515465429515,2.38050939552982
0.00335014654180637,0.08438766239733175,0.001430498887960611,0.001280451408075399,0.00019420685064386147,3.9812791388011437,1.8080551869388262,4.96417577278343,4.801887759935294,6.66574103930613
0.011577947820162148,0.005164036967125329,0.00525210629039734,0.009924251090106426,0.010206761173290675,5.17276103038296,6.390821803342545,6.394000901846879,5.350856550317758,5.354653119747225
0.009730796235806756,0.0036511469227291705,0.014132534288159953,0.0029493697487562144,0.01033867056793538,5.030566379451343,6.485245670702286,4.556942207969029,6.771076274076576,4.955278477216961
0.005686365352425931,0.002373033547122144,0.001359091521733316,0.019233965203936946,0.005357451085390847,5.306851585287777,6.567854237252085,7.57625076899865,3.863388639755282,5.402651035811274
0.005613002455363212,0.007709898384303642,0.019022647557529842,0.0009323005378551259,0.0015443543608060824,4.767177175085643,4.400759073028535,3.5065957164281283,7.011115668625285,6.487316549889646
0.005366253487916861,0.0006415131488430964,0.010850186445009638,0.0005067036616968948,0.016444734386657785,4.155991654228373,6.370214713560917,3.489388952691258,6.194247169500745,3.1567226300648894
0.0060477994056401885,0.012894219300666717,0.0033428640425466356,0.005518709217005508,0.0020036167503769027,6.057241733892861,4.973759848485473,7.131129315558689,6.207040319701994,8.040029092933715
0.01164738340808622,0.004365181396133051,0.0035219050284042747,0.015873553814319652,0.010562420632688104,4.72958867598952,6.089645746536313,6.470329996977649,4.3442891039050116,4.863561737018333
0.007586315935543704,0.005033261984582192,0.026611199473204134,0.0014783306128344571,0.0036223586017984062,4.824464064795738,5.353213656620815,3.4792165887709903,7.102531869230267,5.821856282284822
0.012388974311662299,0.007893449476833505,0.0018952000123493642,0.03937858447020429,0.003605044239258989,3.817724305740892,4.263646800309939,6.09772836485001,2.82271970584987,5.19339520078112
0.06409001485032012,0.01209889785453183,0.020245615913983266,0.004767966770318982,0.007024255853367741,2.14899627422209,3.2997752675652756,2.925541087868253,4.083819207119175,3.787856010569219
0.004526466021800801,0.0013919160766221296,0.003028608940759083,0.003267836898140872,0.012525102617370238,6.420430095470107,8.611557414736316,7.106044020011173,6.924448252915174,4.927973631660031
0.00695871593350982,0.017650432021650102,0.006730280322093644,0.002984302942200926,0.0018775105198940124,5.320013389791083,4.1787274601558275,5.41795711028174,6.576535994447257,7.425854950701129
0.02278512556470954,0.0046901967424915645,0.010524172549183329,0.007347816847901251,0.022254036149817275,3.5551168152780575,5.335235979377428,4.361640251660168,4.717393926273639,3.5795206641256
0.004386209599541821,0.0011113328398146792,0.02000797521801578,0.0004752785507601567,0.005641852916662562,4.781316204269635,6.430671714311708,3.2525940560073145,7.151405539979444,4.513139771065607
0.0015300695799137854,0.0009802583910827362,0.0001936746163463184,0.0251165709539565,0.0005636428895704307,5.0299787782033745,5.419731310202919,7.709657777330896,2.6762940747970587,6.101465852035784
0.010009249551327424,0.015287640837513352,0.008242394742634409,0.004678892154612953,0.003220682231640577,5.156385065086212,4.618200360717186,5.482679710429922,6.254345455099865,6.917285544717663
0.012352227095581576,0.002999727451532171,0.006192798833195729,0.006588506406871024,0.0223327049879788,4.499735095195514,6.453971662928576,5.390029603627731,5.238588810537151,3.852464357782342
0.010760888095208965,0.018255416876436607,0.002697600173779421,0.014483248264751784,0.0023623211625154105,4.246451436083859,3.6960392747090447,6.051027249801935,3.9306193939621985,6.197095551776297
0.005098372750593339,0.0008777196494020839,0.0009084464914930634,0.013557398480153937,0.011042748877596173,4.491122054122693,6.516532858266502,6.639735809291472,3.5006089460073935,3.7249367937171067
0.00134240993190964,0.0009822792391257118,0.023970603629964286,3.842951535580814e-05,0.0004126178508971778,4.8836784214240625,5.12952286069469,2.5689613795027357,7.556524814912569,6.114623869820334
0.012366740899113784,0.0116970052411783,0.004526447997700696,0.012808908239399276,0.004663121285545187,4.811503249304345,4.882056492380534,6.299014918329503,4.756420723064237,6.202148937371436
0.015347590176263248,0.01109968598236792,0.02013778747857303,0.003732117188049779,0.005371316149619046,4.177167163858251,4.560625424019265,3.912682490494248,5.9655986085397075,5.486177792545578
0.005168099701038725,0.0008696769442274166,0.004011567586923008,0.002061977700048531,0.026490403040693552,4.976496356251767,7.401537772236868,5.2876467425240445,6.1295859479942925,3.278455516508518
0.002822578370769386,0.02826348375963416,0.0014349775216364199,0.0017958739181217123,0.000345490327315945,5.0307805687604406,2.8402005707027707,5.980109069257424,5.554799886748428,7.65184729200831
0.044753556275147426,0.004033223030270452,0.0019441715586139647,0.039067954059514486,0.007237188007792751,2.1123652169702325,3.726491597647187,4.4998190510726435,2.1623603139474894,3.3222633839592413
0.010235269567333751,0.005224639437643487,0.012579592007165059,0.003676299035206525,0.008020262253575959,5.326743105213165,6.36125078841198,5.0491395430112584,6.874196250695207,5.681801881868105
0.005397551469531818,0.0031851924527663503,0.0015287426546806027,0.016109165907242668,0.004039718665601587,5.857711786615436,6.68029408644647,8.075282234615402,4.406290001964428,6.324495684929758
0.007892357082438102,0.012586392529346766,0.013961794600932827,0.002081599698483811,0.0022274964714782013,4.8552395262378365,4.307384267762415,4.219488118731616,6.733693023161002,6.677809707090886
0.011074094374628921,0.001837526639626662,0.011556171959145798,0.0024602354716295946,0.025652732461609904,3.9956035212409704,6.132839679842026,3.9406737950839874,5.692168746501182,3.212160092408477
0.019278528181705674,0.061489203816377,0.004855340316144922,0.006330158205075478,0.001649008945800803,3.0208942297222894,2.2349271149375896,4.297399467731106,3.9729034356605317,5.408946726050793
0.008318153146296855,0.0028604946412144616,0.003962268322854312,0.0074871042920766195,0.013128645206425522,5.5489098161259545,7.302476571415993,6.742816453005264,5.667029784294368,4.924899615110798
0.004693772422087227,0.002490289000897632,0.014625002118992904,0.001206610904765766,0.004059981195956673,5.952648835186799,6.973984424294185,4.409369009257854,8.211304479210225,6.183170510329114
0.007070220778921241,0.005985233661398322,0.0015660671432297004,0.024008812904169136,0.002832258613693379,4.9127045400809255,5.106646378409185,7.169548944120811,3.5870461014767634,6.179926744075842
0.04277016005901796,0.01715421077538345,0.010215435687143887,0.011139300541375704,0.0072457085752862865,2.7428161149738166,3.4832281353960486,4.015487484466299,3.862892794683103,4.34893116040085
0.002493831243955292,0.00020565646234265222,0.0007119854204721816,0.0017083278051457358,0.031019664394285103,4.6829523866051215,7.294281851185341,5.988695674843511,4.898531435494911,2.57944536400548
0.0048685207319667445,0.01270764360260847,0.004441075987296138,0.0027461678753395815,0.0015345846433842672,6.29375998800486,4.91020790579731,6.505661026757195,7.273183909276212,8.432833918385176
0.020863315198102847,0.007539724925546387,0.009736071144332835,0.009281984531301656,0.012635744623678247,3.9740327275678036,5.1921411458077795,4.882466596052642,4.873129608166616,4.541755449335628
0.00743342991382262,0.002827920881925845,0.025484326254988064,0.001350376822916532,0.006220161433779228,4.728665078557718,6.016006453624204,3.4262444017166205,6.998671027419997,4.9525966119091995
0.011584884488241883,0.0032195588829596763,0.0015954914117408082,0.04448468730785369,0.007204994418744612,3.7571118252482685,5.115679008159073,6.105124431190683,2.6380360525435194,4.24989491873874
0.008632637763330292,0.005403025808539936,0.06582633518803428,0.0004122118872975721,0.0015719347476564076,3.428343910159857,3.8045355932223663,2.059983095213282,5.938312351173174,5.003258223654312
0.005030251147900832,0.0015848910526516052,0.005542229879949692,0.002216436876196609,0.011653376328435295,6.14255722826106,8.192595747557336,5.962745258857688,7.477144346800758,4.933902463773463
0.005720774807998162,0.01252851769486623,0.0020287260546568743,0.008409103221530224,0.00162830253726147,5.490377672784714,4.47868415290012,7.17222557775389,4.9847441500480905,7.498658695939369
0.006698366567551066,0.002124716773722761,0.00137053043974743,0.022290014442215397,0.007099630919399774,4.766824813551647,6.269262334707659,7.025135221815966,3.4774577957732475,4.705484819314505
0.0068311805302083825,0.005881253764404315,0.03765212149501698,0.0006889495441076548,0.0018412753451415166,4.162271243094654,4.309547538437396,2.699581692806058,6.584926915771489,5.663638743434615
0.006050269443251761,0.006393745607083674,0.0005898262489616722,0.03936994723025856,0.0007858857736010376,3.5899907534456945,3.5153881602188553,6.052193883431384,2.2687036864709564,5.423846725585473
0.015600496141809988,0.013000930541075364,0.010510855222883336,0.006685186313047219,0.005774157944372134,4.505876491188493,4.7370359854758455,5.037586076683667,5.588253074771499,5.845197685279526
0.006471668209025789,0.0014590280512156017,0.0034001560919390585,0.004341337536443811,0.022219880168700926,5.2019474939763555,7.474189679865071,6.121106239036554,5.714243070661374,3.7758448179940123
0.009950192753616851,0.038603195949917415,0.004910196075488774,0.0047805484011104165,0.0016590970660399272,4.211169136465373,2.959631963379129,5.091110599189694,5.054550806813143,6.53517173708401
0.02227197003289543,0.00226883925278978,0.0035324282858920303,0.013259103614575924,0.03376102202172858,2.99496223526755,5.16352024495715,4.742214014706133,3.383933187886892,2.6977131540019696
0.004716937633851937,0.00032602529039754485,0.015242749929302982,0.00010364126404965881,0.012637312293727521,3.548445865116347,5.740233205518004,2.7282955048145157,5.808557458933458,2.869261030577576
0.003153442408541942,0.0022669590190323593,0.0010700550289047108,0.009224933711200763,0.00248882016370729,7.22836348427171,7.832546750423109,9.505820649683105,5.489795178106703,7.690883481365565
0.00547670777871713,0.012260059335296718,0.007127609342245393,0.0021632271773904233,0.0016829911995129097,5.808994218702942,4.718117255474033,5.4716665404103875,7.317765569926507,7.824844869353423
0.018485021395193542,0.004754282796096387,0.015355801428552326,0.004790299377310596,0.016617008308398358,3.8828410709177206,5.500848848327843,4.074863066639319,5.4358440514928095,3.9866742420043786
0.007863533038346922,0.038449098676024016,0.003179100708111668,0.005008534504112668,0.0012351582490789865,4.348682028473829,2.8837719877163943,5.496987119541463,4.8585186401965945,6.745808320164808
0.02035571076770631,0.0021720054374174316,0.0022773872961915887,0.023002926189271036,0.021056844572633623,2.9532346422814166,4.979293826578647,5.03594680207584,2.8429613981558424,2.9410580907792134
0.005555166932757071,0.004047697015298505,0.013400524445720811,0.0016992221119184216,0.003635136205104327,6.143385891118435,6.669304988744546,4.869670305215048,8.232174168036831,6.855855262583453
0.012900308886646214,0.008550920697704642,0.0036617839762950514,0.01857219536278038,0.005740169337724705,4.580059223640848,5.092897362011105,6.381788067942678,4.1505019021775755,5.658293156432913
0.02362461864940789,0.009633109122892836,0.02066795581967789,0.005092464110814464,0.008967719810558569,3.563402369982674,4.50834383837201,3.712337031548915,5.254924039887434,4.590262382022341
0.0029026180817450747,0.00040294237244938475,0.001817077127896474,0.001332463707266102,0.022602142564043536,5.356058147645606,7.936079212193907,5.924888353353629,6.186308734796241,3.2238741445201433
0.0016535885870978353,0.02377651837871724,0.0010879099579912674,0.0008282449976615039,0.00015906503219349598,5.149227720678385,2.7475955381749433,5.84728556660324,5.902401523227546,7.840906261230686
0.014783667069623294,0.00838954381325781,0.006265412778285578,0.011386473644234053,0.008081566291070794,4.691080344637258,5.4504712262798725,5.917412484454604,4.999669897953746,5.504982562295653
0.01168270479055484,0.005468944636578728,0.021066031473025288,0.0028662207427445135,0.007456333136365137,4.611303114359706,5.624249715991724,3.9505677385882216,6.551430940476514,5.186139986268598
0.007047455071102249,0.0036727910493980056,0.0014080011645872415,0.029874383538893278,0.0040809170762182885,4.7899225890720025,5.615482978947931,7.145908285987901,3.2897889881957365,5.509361826178287
0.015120240866051198,0.01709651821238983,0.024786285493381677,0.002112754900832778,0.0026272615166118177,3.4851908721736136,3.3769087579768318,3.0984731032016257,5.540088019129356,5.374904470896568
0.005465528385589511,0.00034085916232882394,0.0036005555186332835,0.0006887575475452386,0.06281376843176567,3.7618591173626537,6.330498244985899,4.115689189916981,5.2310869357877765,2.0562003812857106
0.013444891590351787,0.013346214890131783,0.005952568477587541,0.010132847017504326,0.004846273057460941,4.746367899539815,4.761707096293224,5.9239429018749625,5.095381925909897,6.195333889684619
0.006277982334782256,0.0016134999927397032,0.002382290791598264,0.00698708880388991,0.015956958380885945,5.3204845042254165,7.42428907434757,6.797498066195302,5.138981490478117,4.182707551327114
0.0023590163888016383,0.001464294148646013,0.01360974194503846,0.0003342681240166387,0.0015991818418367566,6.091166799973201,6.751406709089324,3.915874221505996,8.652777302781827,6.680054896380358
0.0048990859550442365,0.009678233210171836,0.0009448946695959835,0.015080068986232252,0.0009070089456613748,4.509754782878999,3.7943793539551147,6.7074137505956175,3.4185343616410866,6.50218899461398
0.021208862202177426,0.07450207184516866,0.006179196636957612,0.00287141590037675,0.001098795992333459,2.6221751917391454,1.897866139341687,3.586174436566733,4.109861114789613,5.113678674837199
0.009270225267693005,0.0026846132657220544,0.00469408025568757,0.006608862545027269,0.017312068482180393,5.144547480864246,7.061099673295996,6.146913572640542,5.581056449832847,4.367334309337047
0.005688821429483589,0.02159779355953237,0.0034326629517879505,0.0037040996447758657,0.0013185565204750533,5.370993964305908,3.8029670259136985,6.159832110458377,5.979265899772888,7.696271443305135
0.027044166709991543,0.005921343433011857,0.005095165921857782,0.019959567852662476,0.015182540782074462,3.2293401322597557,4.7655310713567385,4.985772406315836,3.4640076345277455,3.7612483283586053
0.014174935942540406,0.0022941861627537746,0.03579156881922283,0.0012277795440789622,0.011949614548007527,3.3384899561416432,5.108212070398834,2.6283335629917515,5.602043649969923,3.4924489714738733
0.002019442538887358,0.00039227402358793707,0.00014606096920110264,0.04849278224391199,0.0014283407814580133,4.2029867209047,5.552984329820603,6.870625683660062,2.030935121374678,4.527091757957784
0.00694731252399955,0.007886187081009603,0.010904645608341807,0.0025523147967886632,0.0031207177745844303,5.941891132809061,5.75701958412107,5.308465265625869,7.644104721414637,7.312240831397467
0.007232553217473571,0.002217920624841266,0.008027793354108616,0.0027772278912944494,0.013674810408853834,5.471483777032593,7.378414846482686,5.305110865746877,6.90869511172668,4.629607304930471
0.006523764736184507,0.017609070710616584,0.0024755033745741954,0.007316574662470284,0.0016051954213934436,5.16734353103272,3.993250659915016,6.645883312434825,5.023456313427212,7.3114176123717405
0.01014356005484668,0.0026383067121287366,0.0018478405171112552,0.026264469490111825,0.010174366316630247,4.143554858543345,5.751549808323913,6.322080831014855,3.220153365545008,4.154247047767559
0.01057316895108959,0.004395504853563761,0.06868248369762701,0.0007659198887348574,0.003395162446860625,3.5692110348132746,4.395135084337249,2.2073196217343556,6.0503119679543955,4.707581376088309
0.007189031699478056,0.0055376741848584005,0.002442698804911661,0.013968980942597539,0.0041763794499310464,5.821924969613539,6.220528721304257,7.733406793325179,4.897350311400153,6.715254509774595
0.019371148100512218,0.009860713680212466,0.010242871804238322,0.008639536845269323,0.009082160537967558,4.156050112859903,4.97389047205817,4.951449904136624,5.101827998671755,5.079952623123033
0.0036848242639863286,0.0007876354691299196,0.0019169284303791544,0.0029548367916839816,0.016523811668431344,5.824029807754956,8.249413540107753,6.818853286845474,6.110800786780168,3.973137632592575
0.004382528366018988,0.022611216943940114,0.004568887055768236,0.0014441696986136443,0.0007509019147663266,4.997515725349822,3.2910311760048527,4.983008945286135,6.412483816855671,7.42424680683513
0.05560906411607882,0.00462459930420627,0.01454387598372222,0.005594297136975973,0.020493045181497974,2.25837388504488,4.197933068503652,3.2076160402499725,3.9889477995627485,2.928798928173273
0.005337708055291715,0.002811558638467341,0.01218194821972445,0.0016694762633721882,0.005139155093834965,6.1839945663308,7.309640545612303,4.976310901336291,8.229210618647413,6.249218566089556
0.005855590402469959,0.0045943281871464745,0.001576396121703385,0.017843071111438874,0.0031159663399954064,5.607681402561507,5.947763240330384,7.824783151132241,4.202969196059542,6.596688097996069
0.01067919436274868,0.020347632312442715,0.012170658156225799,0.002983601089256406,0.002405542722718864,4.365356337032168,3.6949694811087106,4.262723299981954,5.995153206242921,6.360807529882432
0.014945293234785962,0.0019089391642313478,0.008289667059736657,0.003906997846360379,0.04171489401175892,3.5662883763265465,5.829369002460418,4.143213740491468,4.926520624827056,2.7304363386457675
0.013950281212267391,0.04645073791818634,0.002254190509572807,0.009839597731245688,0.0011167387654479998,3.124799766054062,2.291228051477695,4.897954539599644,3.3968792271551655,5.502637655886926
0.007427724924472002,0.0026064950803333467,0.0029319337113738035,0.009153169003693064,0.011344440825275968,5.598642690001298,7.314151970182079,7.134684183458407,5.271231501548607,5.019241067899763
0.004429398438063047,0.0030969987338570165,0.016196180942027287,0.0010394920793949667,0.002790408967572241,5.894268962933455,6.44678930528063,4.199364043295193,8.237120543410828,6.62749733067623
0.021652712321239595,0.011318611064316576,0.00433213327503961,0.023563731429092787,0.006512205094642025,3.56223793201817,4.210753738442964,5.418447067454546,3.466916431904784,4.862985823833623
0.024970727085736766,0.007624052364961979,0.04060413188860038,0.0026448198255112523,0.007168527579597332,3.0398139626337786,4.116800159783354,2.6914367537161823,5.21891809243949,4.187229907618437
0.0011642410594735137,7.561274721760429e-05,0.000767048504532867,0.00014118044161217863,0.02173450511432947,5.05569255817239,7.741722582061135,5.375567267547123,6.182502004657606,2.6806316322695376
0.004692576702055373,0.013185834717426275,0.002689714791136244,0.0042188851759210905,0.0014134144647470256,6.225259359689757,4.765327093056762,7.246399339464326,6.402921583450856,8.41423590630718
0.01489268385565421,0.0060557528209693725,0.003739498918564296,0.020862480151337664,0.009089531962562373,4.241693512156502,5.349123173582107,6.089478341860492,3.860334341239515,4.834336456638905
0.02246144005932223,0.005200260202439644,0.02122532024234065,0.004207463096808636,0.015184231868907737,3.444690055572258,5.015347557319196,3.5055677909875294,5.2385850781205825,3.8181236278058344
0.0024178817077883446,0.0009903085080051833,0.00038583466260849996,0.023660517855994326,0.0017315132765402248,5.223009801226992,6.228151824392583,7.8409645528941,3.013127552508301,5.636469428617685
0.003757907771530616,0.0135253752386412,0.010362362561804662,0.0002589620806454176,0.00033742164286301024,3.898611311912178,2.894111364824738,3.1198392956579477,6.055158387029005,6.166235458586663
0.008790012783617848,0.0033941088874377954,0.008808399801307614,0.0037603902477201996,0.011268429633082933,5.576703697346506,7.137436600440172,5.564816666404511,6.872558746587981,5.220751577186317
0.010671019185189458,0.018202144982718077,0.005838578575785803,0.006766241608410431,0.0030756990765741198,4.933672578804938,4.290305867228906,5.82979101643659,5.540377869277399,6.802611689294397
0.01191719831526396,0.0028099236777440915,0.003925810260123854,0.010493843820295255,0.02052725196528127,4.392711731038002,6.326782937496161,5.854450261621941,4.507465456128593,3.8162351035811737
0.004257402507052959,0.0019245354959451055,0.025288753455014544,0.0005516106403660275,0.0030780605575110994,5.109140870671722,6.123908318159943,3.227278308963743,7.602059956960911,5.541154011892097
0.0048287726002626645,0.004619415512110686,0.0006854592441581495,0.034453759262670844,0.0011546488970487728,4.311275318513832,4.327443617845024,6.793994331645079,2.6487413549887475,5.869192574658414
0.01348277159276032,0.011027756385589628,0.007654474609534569,0.008112279762531323,0.005888167654595153,4.914012243703961,5.191710353201551,5.749096778712695,5.589536554271756,6.11074269389611
0.005652452966361826,0.0015381625105608668,0.002774722142554295,0.004951414654013696,0.01576777926572775,5.713081062153812,7.8811358286528055,6.846694530633459,5.865267636662025,4.377931988485673
0.00563364970649446,0.023513586833383195,0.003937769766379813,0.0030028851069770456,0.0012200259134273657,5.23445137851411,3.6186613800112464,5.780587321792797,6.114227071608062,7.596331501775817
0.036063277128389346,0.0061514066510577675,0.0070113386784407235,0.014865696043795364,0.0181972419803522,2.8930569721342994,4.5532048339425915,4.440587858402487,3.608425800794327,3.4652392454477923
0.008584677599452266,0.00144065997286608,0.04363448905651613,0.0004976348483150048,0.00751514936238663,3.602206549633671,5.291923498002751,2.378711256906512,6.024410079726784,3.7346123953810464
0.006883513396485758,0.003582710423274854,0.002250773247963921,0.013959025118016881,0.0059621383544173024,5.784334486102115,6.8344209668283105,7.740715628570658,4.795661836683485,6.017286842290139
0.012369675112227724,0.00895811475256059,0.01935547683182291,0.0032468482621717176,0.0051674126429285035,4.58867673984969,4.997339831772144,4.104807005385117,6.423586840248713,5.756605167236914
0.0048426621650957975,0.0009700877562038917,0.004420579540762612,0.0019135670498561079,0.02004737150622257,5.310858178843336,7.667420194161311,5.415905672899191,6.563413359969998,3.690677005339487
0.008980613214378484,0.01693952775354584,0.0017687198549610008,0.016403182379317125,0.0016035075364765313,4.061548227252261,3.438172855032487,6.0730760676538305,3.479956189534897,6.096828308514987
0.0029660980468260005,0.00037581452590041147,0.0003766609140895323,0.013035776455499923,0.0069399009973561175,4.4138393247967365,6.439992455785569,6.723197887885584,3.1245104145409788,3.6729351123684695
0.00435258854460055,0.004156508459972727,0.011752671353458696,0.0013101108950767193,0.0023664796611079894,6.4063153286680095,6.486452651676901,4.946576763601988,8.579809467723994,7.483828176689195
0.013145805441306483,0.014098908315694872,0.0040282983061819206,0.014706895889915915,0.0039867927917314645,4.452025177730621,4.367601437572937,6.084903577609553,4.314510959250096,6.046909462593725
0.017912085456181812,0.01411763577748668,0.022942414649274677,0.0035089808610724855,0.004582959404262389,3.7204389870973866,3.970358555309924,3.518596731042895,5.5948913803328395,5.28389869847121
0.005399748874215462,0.0006331090098991339,0.0036843467106331606,0.0016671660762670837,0.0400777622439216,4.444820896560772,6.953069845052504,4.860928186553281,5.646613389473238,2.6772533191366414
0.005833325538523254,0.05629961279641195,0.0047934941690667525,0.0009015897867578195,0.0004179592397983673,3.6793669227766257,2.0853562387084157,3.897141101182425,5.280887533579948,6.223083742207344
0.013365961924861567,0.004382895493315356,0.008002402597558415,0.006700437103201457,0.01525824381841882,4.716131577546405,6.302343485822903,5.406033499726607,5.590938732743758,4.556781835919546
0.0052587301308322475,0.0018762582100461643,0.01320255774404061,0.0013137987498621439,0.007027242512084233,5.517426763742331,7.112404735143444,4.331123707541666,7.623999187860061,5.128127832847917
0.002746909142359088,0.0020737588441089683,0.0006037190685062214,0.016581478357651776,0.0014612811626241791,5.848051248210984,6.206415182319869,8.386939542411973,3.749486886939408,6.773464208813209
0.005350855471816001,0.030108114141272933,0.005857284434381662,0.001216387110301802,0.0006919122951509081,4.34521759641001,2.804900825420814,4.284308670002199,5.9503387416555,6.774537864670624
0.04062764255542869,0.0015588180341768224,0.010114720476293386,0.0025070412756054835,0.03575639850374887,2.1735481771340006,4.514147873661692,3.087398554019337,3.989560567942838,2.2519085974703086
0.006601125303933291,0.012440718397153014,0.0035594969586655134,0.00614493578392142,0.0022905512767339748,5.9994330493754315,5.086122145910601,7.111869855723888,6.116183530856661,7.881481798796095
0.010235000317141118,0.003771915832950163,0.0033034659953145445,0.014003024760756958,0.010765792046706864,4.966921697654198,6.419689975885034,6.677510046025938,4.555379444840878,4.912046713415633
0.008004863430782534,0.004731399040658108,0.025679813049783465,0.0016501675663555158,0.004305643020133965,4.848972905115077,5.542681042334796,3.572772149469197,7.089455242616145,5.68363997206216
0.012321036526440935,0.006674396050887662,0.0019708648020388907,0.039714195002828745,0.0043609252562466965,3.913209156722212,4.554580444892173,6.192184289854021,2.878066282939673,5.087456022366674
0.062448159635437504,0.009521858701720178,0.019215819837724954,0.00562648483961419,0.00995768891453095,2.23151397747923,3.616257516147248,3.0566204115458766,4.07631953152491,3.5891490412462512
0.003943595096090686,0.0012554144641053577,0.0026843448133616957,0.002969342368735755,0.01099042090496646,6.744245166906227,8.95819029321274,7.428421764632447,7.196404368114049,5.169188757751554
0.0031433074495424078,0.0116010554412442,0.0023263611189298056,0.0022387999325978575,0.0008783365412134943,6.630992126771048,4.740794003551866,7.205964396698469,7.21208640298446,9.025795554214927
0.02450814496853747,0.012740926685211556,0.006346356604346462,0.016565392758058097,0.007514116045402178,3.5584655393622975,4.223081204560169,5.094298443294095,3.920902620610383,4.84674520986493
0.015478752483760143,0.006095492773934469,0.043948508874671735,0.001936709388211874,0.005919076719798471,3.5869364890642546,4.550221742808545,2.7365391180163257,5.851801466961062,4.58559798111801
0.004738981628871416,0.0022677787794795753,0.0005344451591036563,0.06295308674605311,0.0016686767747659257,4.136456304402257,4.813615845972592,6.7461530892694626,2.17024422879049,5.20092722539548
0.00895386717358975,0.011334391416850923,0.010773877677335526,0.0034014814879179942,0.003351468740250874,5.380597882531205,5.067358976284906,5.165702048363162,6.871476514879113,6.94431711203221
0.009644056852002255,0.0024977194073409867,0.007593558382762966,0.003972744516970507,0.01957170210299707,4.880821339282111,6.871417396265068,5.185498467677823,6.062626455068314,4.053203283612733
0.01711514254681177,0.024024944643239177,0.005236753868809571,0.011643166435664076,0.0035124834097616407,3.835353114087276,3.5108568497823684,5.249256013933228,4.226721935455865,5.752716853784319
0.00715178948167258,0.001047749452921863,0.0016395819498536224,0.008987562624784114,0.024018449528510986,4.249710037255462,6.5071410294645755,6.01981095418771,3.985216038979731,3.1268492806910837
0.0014132485591814383,0.0006003875182114835,0.024676932217246178,4.11255197884126e-05,0.000788962411154159,5.0400792232347795,5.861050607164302,2.6294144658506684,7.738926070181898,5.696743186525504
0.006852114179942144,0.007847163239820397,0.002321603761608374,0.012613830453944729,0.0028700197344943093,5.7019822228804795,5.49571266116087,7.568572017629622,4.872568127183436,7.128979231702539
0.018240234432364142,0.017647922096843488,0.010362437920440745,0.007249035288642662,0.005071170601916552,4.062765356644982,4.106456549608212,4.755005446105091,5.138292312998568,5.670021101591164
0.007554746034657527,0.0013406373616600734,0.0032039456260898563,0.00500550716742197,0.030544893512789207,4.625273169066501,6.958213966659741,5.729790543392861,5.094683906369332,3.2201804563027605
0.007440459205493487,0.05322012123142921,0.003172187394656869,0.003661937606272616,0.0009106546404695749,4.108339693741009,2.474725637060077,5.108187604191288,4.864496837158228,6.605500972644961
0.026933487005613484,0.0015743286989315047,0.0021503866616932646,0.017074104210412423,0.026601857126543574,2.4988123384956964,4.707073582305617,4.559881796362404,2.774095205511057,2.5162639958472615
0.00894122662131177,0.0032709418147806877,0.012167472937506302,0.0029379850537378004,0.010852401583385197,5.219501717510103,6.769220298673894,4.808845017902235,6.881962361999569,4.9662916654384235
0.005184553183368287,0.002112954715744669,0.0013279486960834192,0.016132879373115434,0.0055184676366944185,5.531760672414451,6.884892419782692,7.762728009003097,4.1159210551201255,5.458846823438187
0.005270135141350645,0.006846341332914301,0.01840912080194461,0.0009300231258496207,0.0015988268571913377,4.955426352200916,4.639427173031595,3.6123612319797997,7.215493537788246,6.602137242613987
0.004979482607462843,0.0006898093166221905,0.010845821022957428,0.0005363669070104899,0.01403545316349583,4.370448645036411,6.537241175552874,3.5954218153726094,6.424529919561736,3.3861660518139494
0.0015842566203639033,0.02453286477219199,0.0004978758487723228,0.0017499124067353559,0.00010304280323570635,4.564536280138901,2.4596624147894457,6.089415506489986,4.537510517313194,7.184709020599282
0.00903808745665558,0.004778988923519074,0.0032799695010560467,0.013203343707517247,0.0071442407438147785,5.507259860206964,6.497039754883532,7.204806330440574,4.974996289097818,5.869267139869899
0.008039253669460351,0.006802295577290502,0.017304002870561486,0.0022041295750141548,0.0037396978923410033,5.26947307443653,5.505962909207478,4.32203689327783,7.270123111582669,6.420207582847667
0.008613255592311013,0.007973825642778015,0.002021344560552474,0.021956533284557305,0.003115526619215606,4.759257690841945,4.839528599504019,6.88047730686317,3.7363216624666213,6.154675496747093
0.03576923809938213,0.018946889655717437,0.01349723668594329,0.007923821234926253,0.006337539059754934,2.943159989827513,3.478413530615255,3.832226280046064,4.317224014336908,4.607062053139256
0.0036837624528301685,0.00032776380429542183,0.0012547109956803255,0.0020068772107455384,0.043228760643708466,4.47967366622023,7.0831710968138735,5.605762840587758,4.970953156763747,2.4420564131310587
0.005517294668094262,0.01298278519767919,0.004916927217209869,0.00310834953676159,0.0017888309513605326,6.177492936139417,4.948482376364199,6.426219543628875,7.143286381574455,8.23622244253503
0.01855869450694239,0.006379281298954897,0.0088663452187051,0.009018794471014993,0.013774766292230534,4.164279400409681,5.507626389333047,5.0802987023279504,4.987284927139993,4.5109308800817445
0.007267053093999766,0.0026101050948763587,0.0214674909837304,0.0014659033236125926,0.007092906207665272,4.850963084328993,6.260290331285817,3.6514912240144626,7.05197118059842,4.88594419319896
0.0034343297046366857,0.0024149021850675355,0.0006336087951364009,0.02512867655337203,0.0015824452273726737,5.210950682794626,5.617307179220888,7.759820332411635,3.176980082677028,6.22526096571935
0.013750378639370094,0.050717531583297164,0.009336789169542838,0.0020230301714928524,0.0011533858390174129,3.175762431958752,2.26986048428444,3.5326484300543046,4.867373944758713,5.56944049527106
0.009875477929482712,0.003180995317227895,0.006150095824046952,0.005710300523162954,0.015434649279209726,5.227084241447193,7.0039900005445235,5.920293988193786,5.966149380272646,4.646390363136042
0.010462174591724273,0.0151840879536281,0.0035603951637302503,0.011897051059421722,0.003054905205730702,4.774143467350466,4.329911584502557,6.348046539218251,4.613805027264313,6.544979554137722
0.006478767418950843,0.0016115446051107162,0.0016656991502198772,0.012139802634685903,0.012275096824960691,4.897729674891077,6.827159813402616,6.842977299310417,4.141156072613014,4.1671813998046305
0.0032406074010300576,0.0022592410611940415,0.025530786097993405,0.00031970365064116016,0.0014293802990984709,5.107729592807788,5.511617131962456,3.0431590949450475,7.675740088704284,6.148160682443715
0.026251548142777113,0.013778076029029609,0.002039611536069159,0.03430778196339047,0.002629222598079986,2.605591958654065,3.049648093358084,4.872248240461775,2.4164883598566322,4.503095093009125
0.01261042365160474,0.00868959377057966,0.014805789400212568,0.004127000940978383,0.006090586543441375,4.832091173312751,5.341068789314882,4.651035573097723,6.408282009415124,5.845613261431213
0.004779995766144609,0.0011518417883658004,0.003845069959711528,0.0024460322228997316,0.01723571386146007,5.720435140060019,8.035418816918424,6.028245044785446,6.7161758511288765,4.1083817763178105
0.004771957888676971,0.024943599397606077,0.0024790807993911577,0.003337866579601525,0.0009093937748026865,5.1896073271952945,3.3937210142958176,6.148792043815203,5.661837583583004,7.638501561044885
0.030015380973856334,0.005338567658552284,0.003465739941279619,0.030422166089723326,0.012434344478524397,2.8535662783229907,4.403955640539847,4.934753613476717,2.8167157797411395,3.5903837852967078
0.01869754295504279,0.0016419171110251783,0.04178897383291952,0.0006601499296107397,0.01145116756224064,2.7137562107358475,4.61336365540748,2.215120499110626,5.081553573173726,3.0734054931915686
0.005092368148678007,0.002859939826952089,0.0015068873462370858,0.014492480147350027,0.004221038886736974,6.0367807136751175,6.970193329668077,8.231815426566023,4.595939246002862,6.348373627713665
0.009030971397047043,0.012127962396125869,0.01552375277632734,0.0023837944971984363,0.002723626447557568,4.774444206663603,4.427511470020129,4.177165863109517,6.643938614794676,6.479797616278418
0.009372245671389183,0.0016398505813342889,0.009281288673831913,0.0024514068524173946,0.02598162689611939,4.264398754784738,6.454401888718461,4.262842624180113,5.847936921777838,3.272749568562617
0.02495964556718213,0.04592324394404226,0.005665581795260726,0.008290222141050938,0.0023998800870891927,2.9106963935802144,2.4836631653881573,4.270440465817995,3.83505478697579,5.17452647805534
0.005056059099525046,0.0002289171128942524,0.0006818898904040079,0.0037874627248747385,0.05374916860887387,3.5128978452817816,6.058345249451959,5.238157393703788,3.6390396619928596,1.994330810375667
0.004598428560172833,0.002549235639549996,0.010782081746777075,0.0014868221662984978,0.0044131206349539796,6.536502669041918,7.599712474773667,5.211241894745794,8.619436884114327,6.610302911785037
0.005004992490640568,0.004781575944926212,0.0014612816353284325,0.014504055603364471,0.002469518514269818,5.958492549062791,6.009462781951099,8.145830926726761,4.544524774677264,7.133976730184797
0.02322379808355372,0.015259088576139968,0.006877877525230949,0.014031899021131063,0.006415527051419828,3.6552015875424377,4.0788693019828495,5.05418242730587,4.14442243052733,5.10723237267382
0.0041618945604561496,0.0006767140204115598,0.0013357796450644323,0.004610233497619009,0.019878799258465182,5.060730412315097,7.453478054565056,6.567235872296576,4.9085025832613045,3.4157941247064296
0.0017984793072802104,0.020666592319665115,0.001483577094300363,0.0007076207090683979,0.00019816635780030143,5.267118741312088,2.94246577907972,5.638077004538591,6.3005688125006,7.926346876658052
0.014728309828366216,0.008619172945636683,0.007872495553908461,0.008903407927915228,0.008170507956070496,4.747667117033137,5.488403661065629,5.649694581259848,5.400151594797927,5.564001380438082
0.008558720046847643,0.00452450606457776,0.020024009247878612,0.0021562871627342824,0.005814049642879375,5.0819456122096245,6.0062525392098,4.066719850954714,7.149414805756075,5.619365875803882
0.010274870434542583,0.005032284567386124,0.0020887794540837457,0.029662382545690615,0.005525755916068642,4.434569761678468,5.30438776417437,6.644939871034446,3.342991482597999,5.214814319768565
0.010099142038287729,0.011277005182006345,0.02737138565454184,0.0014460667916787585,0.0022844058448553946,3.963464711084288,3.8531597117439698,3.0874265607159055,6.155152497234075,5.7071240802889545
0.004881837781893099,0.00039889223743165374,0.005489112821665666,0.0005080087588581861,0.03317888397729995,4.01460180566518,6.474680036334861,3.908133984804902,5.741127421762488,2.512483580680089
0.006453797482729006,0.01203632481152044,0.0028840782846056784,0.007479078817240423,0.002169858440409766,5.837708485470024,4.96226107907802,7.245314569135346,5.626997202499087,7.715804929216712
0.008180211134991955,0.0029541932008560244,0.0022780895965961146,0.01605899270989685,0.00905834990455468,5.061556945569707,6.544556519391931,7.0262674935540606,4.227325695462254,4.940394457022077
0.0058197469226598285,0.005034395884079598,0.023708011014872687,0.0010441639670267417,0.0023657764752654897,5.008955814327311,5.193088323803142,3.4888462076947753,7.34896107207138,6.261877542793871
0.012690792464678618,0.01229074032638393,0.0019104121740225039,0.030240782102238545,0.0025464156893502737,3.6568245552054988,3.670574347253202,5.850859177624643,2.9175638019953,5.410324908579383
0.042881157504135965,0.018549022379184387,0.022478454365089155,0.002540583268619918,0.003190257504486443,2.2698499223981394,2.814184703966121,2.710302435593636,4.354158707263308,4.287750201724069
0.0059679969812108,0.001737317048905857,0.004038608749472862,0.003770093263830634,0.015463975250846886,5.8534512063474144,7.981038439299907,6.464498818980269,6.5372805561320915,4.5638588366203106
0.009663607320323385,0.023248485865247248,0.006718000368456801,0.004503629957744297,0.002306528039423099,4.766369117038598,3.791382376729394,5.293666620891834,5.78045351391863,6.860172650388937
0.01945375922100109,0.003383700601885159,0.006127233511254676,0.009543070108980077,0.028532517845415724,3.5939218679955993,5.5892080679322165,4.85327100622615,4.275313944804355,3.254735313335845
0.005462564144125056,0.0009402910414738903,0.0163950234843775,0.0005705664259296998,0.010319195420481302,4.344547179957525,6.313852175884794,3.293385583078395,6.550098609862689,3.7263187060192022
0.0009506288267321282,0.00035601850646193006,9.052024858532998e-05,0.02198464113061261,0.0005391373429700446,5.101363477836684,5.979489039524614,7.826523301710472,2.606405891989003,5.68273961150931
0.006384014762294903,0.011690893529677466,0.00876820086569481,0.002387973469623744,0.0020965325534164584,5.667179979474134,4.849121098426818,5.261256495581333,7.249347413885481,7.5312603468673665
0.014291489041386237,0.0036354422914332213,0.01296061936175666,0.004152031410608132,0.018016648548868384,4.225152826522505,5.992965007539544,4.330027798218942,5.740617743901213,3.973437206418238
0.011251998407218362,0.037789384198059696,0.004346092783690265,0.006432711369495706,0.0018433548913103642,4.058508689059881,2.9592952160132846,5.210229830135134,4.668671189484125,6.339207946015811
0.015396389890543698,0.001677313302697225,0.0023362842611410694,0.014961801284688945,0.029248753216559904,3.2687916399507246,5.444042693479082,5.166559224706567,3.2675163883939393,2.7807187420522266
0.0017003699366906165,0.0004922646011660778,0.054819097640839747,2.1827496606511426e-05,0.000822071841373256,4.294021150258946,5.296969545744911,1.9442958646238144,7.0069214972446385,4.981902137657189
0.010311928908314628,0.006501000927519687,0.003977516758478487,0.012652968049710544,0.006427095280012408,5.3606980461758305,6.048022362241519,6.91784143287292,5.06138686470156,6.07417423115054
0.01506382532899328,0.006830874007212691,0.014603598431374949,0.004850394932871576,0.00957331002757946,4.511869240043566,5.555638726358842,4.561769823290575,5.992010026511813,5.084172147034808
0.002903458001597212,0.0006519883679944875,0.0021766734484728,0.0017341207514437267,0.013150663869863601,6.294479566131855,8.763292605732444,6.738440934164075,7.059345564121713,4.294839778527019
0.0026182283927253273,0.01643817691703563,0.0014919906173287963,0.0019746884575740143,0.0004735079378095577,5.804577631415211,3.6598763279040845,6.70466149202918,6.1994965308122145,8.366095159792229
0.0327192176135173,0.009293980088156318,0.0030336546669120354,0.037488534122368834,0.006115089881673572,2.678529067505662,3.6800486258426375,4.875163129822347,2.56550587381247,4.099546077601668
0.011208309626112774,0.006481624292312493,0.013166957557271486,0.0040171835531586505,0.007218328533719018,5.167255505976254,5.977912349123405,4.962515528870585,6.691374937470034,5.8022084480206075
0.005111768311785978,0.003477193958941633,0.0014239475007182827,0.01630123851877047,0.003318314534269569,5.897052940607527,6.4832370152810475,8.153468100897033,4.367084232793124,6.596825340445619
0.015031554807797146,0.019503043869467517,0.013983168168995103,0.0042022655396841396,0.003581317107245934,4.070781403663866,3.807237412490144,4.196236797151284,5.615524838789749,5.886209795595674
0.01018988014678423,0.0014160253284352408,0.005270810868540253,0.0038163598094704465,0.043399274701241795,4.028848555819075,6.389216135884057,4.754166177197606,5.085385465335071,2.7642645568775963
0.019163212196437095,0.024948190660234716,0.002379984187056581,0.01947677689670976,0.0019747495214127403,2.983904118451227,2.777835156312946,5.005190997411809,2.9589576975090686,5.107934946783506
0.0055768698331703885,0.0019955932555031503,0.0023167929591815252,0.007397857474322203,0.009829135481615809,6.114373295435813,7.928739611700164,7.672492897470415,5.6483603222655026,5.282632843737483
0.0035484118079354824,0.0027257479316708166,0.012914515020184232,0.0008723814639918893,0.002251276282388459,6.3390110724476765,6.769717798954809,4.527469621736068,8.710232004802487,7.108941107910723
0.0067424131662009515,0.01107556529744595,0.0017511852552317597,0.013997844521659976,0.0018383579652168488,4.930404620591874,4.323846454762906,6.919759300809649,4.09080806985194,6.776586993549308
0.020365926740612668,0.03764228044011759,0.01028690599320617,0.004971330713431897,0.0027121816046393973,3.2925866537846624,2.80972453827054,3.9684555263228245,4.683333693103621,5.457811078115673
0.009704070259336327,0.0006299373689171062,0.0023998723568354396,0.0037630656775211897,0.08523470722080631,3.3936694734211055,5.936083243164273,4.664529796226507,4.156458440761277,1.9485637582293527
0.005686294181536395,0.014716764120251318,0.004009461428875906,0.003844389677128801,0.0017279398089980816,6.005334397362829,4.691093179773429,6.63947774504754,6.636672187272533,8.13152674637313
0.018625794636448104,0.006260226993031375,0.006112105352053958,0.01362014438872521,0.013127935318857505,4.063794454056098,5.396610605616397,5.4650143825046635,4.377495691448636,4.461551826549012
0.011872263006643648,0.0033720071200605945,0.023985630643283247,0.0022590028614952926,0.01099753700993946,4.150376546496383,5.7009887570673365,3.4512194435020076,6.208086283888794,4.236741453901371
0.005379226773010577,0.0016822939109342081,0.0008097275716568252,0.03568402145927064,0.004279803556951772,4.485236891639605,5.797863358759679,6.969965417518351,2.7666373139333005,4.755994156998277
0.005194825470222775,0.006846884992264109,0.03022982756260257,0.00027870197846974095,0.0007217974973103754,3.7882732105846815,3.537732343949072,2.4793981525047046,6.209236075188589,5.673312762279526
0.006678590591272058,0.0021552142717553126,0.007867437427295728,0.002586991737133895,0.012314987093983282,5.669723102733012,7.548308615028994,5.410683383419136,7.142550346180343,4.828515007288261
0.0069878778152720296,0.01809721536551204,0.0028096075527599073,0.0072072020849500516,0.0017649170081362553,5.167569387889667,4.034317415059409,6.56450815003357,5.129793319954677,7.2891583706116005
0.011045831944138518,0.0028683579124929443,0.0021674707846558207,0.023590161871611812,0.011490398485455135,4.143629289905387,5.779989099092291,6.236344353761899,3.3833912699576616,4.114736127468919
0.009281376836696048,0.004081270242205956,0.060622852947020495,0.0007803138989933045,0.003423809527068524,3.7981135913623567,4.618543473111629,2.341223482019795,6.274552279885954,4.849782458292422
0.006624763396947458,0.002707845630356783,0.00048459283688956703,0.10726755043693664,0.0013787287910278837,3.42941409882844,4.109547449975007,6.049323877830521,1.7109771312311794,4.7574553995692375
0.013503991639864594,0.008103550749311414,0.00906974644497633,0.006971291048730912,0.007885600810756578,4.969942526175877,5.70039424623516,5.5558168044376695,5.876525934811393,5.736389357816639
0.003955670575774582,0.0011063408068051033,0.002395261232681988,0.0031200521023061556,0.012908382357235943,6.356444130955753,8.652468694288814,7.204476870271408,6.70106536348124,4.684394248382144
0.006041076546270855,0.019169092061401233,0.006141179490032295,0.002407053941337548,0.0014355063393964602,5.237454048644477,3.887670208437281,5.263915621830775,6.569097514085993,7.466449636457349
0.030248999874725836,0.005071585378269866,0.012689539158783065,0.007028759773370378,0.022408361353982442,3.1005639336500277,4.89522401032132,3.901885800747674,4.472390927817731,3.3561548388112725
0.0034636159350406198,0.000788878898261862,0.024902847011434765,0.00020833635756075611,0.003992407531944755,4.5887781024868115,6.170354328975293,2.8286805939555606,7.079006642538495,4.4766613008603615
0.004259424753738275,0.0037719521978217844,0.001425612868004212,0.011227217383791335,0.002555334185118512,6.651466242968273,6.843875960752679,8.809444119609623,5.184370807163431,7.5924546884735875
0.009767215663443742,0.018055954045315757,0.008322059916975728,0.004162976247504432,0.002736562061444895,4.963188417125308,4.23043034635667,5.227893946169742,6.159188535462721,6.88258219074776
0.015550472777937873,0.003189535274485765,0.007181101278673941,0.006860729138285211,0.026502087527894784,4.017313398734207,6.005728537138908,4.9162766526604385,4.909973295426834,3.494114855795975
0.009960140084004391,0.023263595357151848,0.0023171285432490875,0.012497679376636714,0.0017253944471694782,4.048875110687701,3.247395910929836,5.848259281321995,3.818984511925103,6.183946888643923
0.005266206604285612,0.0006734149684632469,0.000692880724288869,0.016602816563278715,0.011091282263020266,4.0469094208083565,6.098879656729715,6.2864581564807445,3.03897936275842,3.3997968546934207
0.00574966747049445,0.0043952638808490065,0.013829665421888728,0.0017377702954714319,0.0035289919541669065,6.047409559739669,6.485112663396184,4.8006849521208865,8.129929197535581,6.861897588096161
0.012384193274601215,0.009038065071053139,0.0034395219310526704,0.01888086270868858,0.005123172741181585,4.593682268466818,4.980929921165273,6.430793744763815,4.104719890511348,5.778768959535708
0.024891707324223133,0.011142129666245334,0.020203187082064436,0.00530158562127037,0.008132640734663587,3.481571121296861,4.300668580028923,3.702413025318566,5.1511952724826875,4.6633598091985755
0.0033104903032132324,0.0004346117957115273,0.0019411484838422885,0.001514801076308224,0.02699213671884104,5.1268300765572805,7.702302646816646,5.7623124442038,5.946808266890628,3.0402807772681064
0.002884210510359333,0.03591970347329643,0.0010067119356852615,0.0023890278906062313,0.00025265999807715876,4.489005384861471,2.43577287843559,5.859205293835349,4.687435547857954,7.097136688503905
0.011017285718393227,0.005105148917857513,0.003750512983687772,0.014429693481904949,0.00865529197155941,5.03634795823679,6.149250978217563,6.699048545857994,4.674649729456707,5.377389135980592
0.015801879862412375,0.004835786408536494,0.014473391159409118,0.004623161971473127,0.014368400598079707,4.233344906782189,5.747726733511184,4.332088768300836,5.751123812188288,4.336594931099543
0.0032601957285431646,0.0015301979136834447,0.0007175937313891574,0.017047760915820755,0.0028067904012363037,5.735455798113047,6.799472695560388,8.216995496320166,3.7778156966256624,5.9630594065920475
0.004419305817185959,0.010944486954237888,0.01135484315541269,0.000690592291224697,0.0008207834194110433,4.679235697435373,3.7344563331739247,3.7281385194120893,6.774324808007277,6.770844062591027
0.010316320836155957,0.0007817432037975925,0.019000276451577192,0.0004779681581070893,0.019525654437045983,3.1886599138567684,5.374489380874527,2.7394626274766107,5.369399277864615,2.729462948519554
0.00961230654382734,0.017349775736916793,0.006366028865774871,0.005444377340935443,0.0028556280782071814,5.144464926565804,4.405147632234806,5.794859842959748,5.945640265083645,7.0374507529038866
0.013818916014079504,0.0033539008343072916,0.005164739779672523,0.009569654061293778,0.021000294428217083,4.302597265985718,6.174043746285951,5.564221220034559,4.697246925705808,3.8608121277113296
0.0033706028857743344,0.001778208270611411,0.019611777751146788,0.0004710671625504482,0.0023802328829220965,5.535191273397159,6.396208411828341,3.5241864761446027,8.05337162606716,6.030356773744031
0.006751709056161254,0.007452244271981734,0.0010144397955002974,0.030856667686245665,0.0014446718048623,4.10908453799207,3.987286808790885,6.474981303847386,2.8006728826404914,5.819853553584763
0.05933358759151555,0.02945686630793883,0.008970802325190605,0.004273912765179308,0.0023462562282354727,1.9718351287737892,2.3598052455500027,3.203478461486417,3.6761383674890844,4.267034890085548
0.0059801086434663146,0.0019877510454463965,0.003549077325695007,0.004719540767541532,0.012768770269114273,6.13876014598953,8.125982390979877,7.02793354702958,6.4789584285219055,5.033603325795923
0.005021894302894741,0.014996470840194558,0.0043454757992442625,0.002757237222213948,0.0014260922499457383,5.974635612223745,4.5017448405701606,6.259514540929221,6.943415521888349,8.193096776439564
0.025531325399326236,0.0076565125911891895,0.009625672341686308,0.010560819882644526,0.014082412723722687,3.580195626539671,4.904477882681122,4.6514928406780625,4.472048278105716,4.193053558789736
0.007856956473162476,0.002532502424593942,0.03173537330111964,0.0010890016181560897,0.006421470727840355,4.3657212144109225,5.741279558255177,3.035035416247461,6.701313562730725,4.599646994919979
0.009672416861476026,0.002243645948267251,0.001042132588989465,0.05933688824531733,0.005752198030747605,3.6060693851365575,5.012856259331855,6.077288247575209,2.252563068311864,4.108374976084309
0.008475255641025655,0.007199703237404879,0.013790576343275907,0.0028056541150568146,0.004252255845730088,5.530862441030465,5.777724247017293,4.884001301047267,7.302561877490088,6.61806476310344
0.005184832092804439,0.0014502833941397934,0.0055340804082536985,0.0021742629869765857,0.013721168321207967,5.821591906858983,7.959224656311867,5.699762717023339,7.162022733114071,4.520244189241248
0.006268640963761305,0.014262636217390278,0.0019431007191340714,0.009642899199617966,0.0015725897803400674,5.077905150604039,4.101669468856311,6.841142923906358,4.557302374403965,7.123661207926303
0.006064530155322708,0.0015563012709322247,0.0010739589856756575,0.023130305236751178,0.007305997833125019,4.55062250107222,6.197854752020931,6.85985526577501,3.218495926228343,4.35923465385624
0.003097937644203883,0.0032199467346546253,0.027404105348892257,0.000194334322986052,0.0007287348592908454,4.5268226389456405,4.45690792489828,2.678601436929438,7.057573290517151,6.092636388126281
0.008501981365551789,0.00994936653060997,0.0031866529068319952,0.011582854602859797,0.00335824378463497,5.465329474128591,5.240606217752985,7.094391199532639,5.040760461433497,6.94807160239488
0.015315182502889798,0.015081128578974631,0.013278577168073511,0.005029020684903386,0.0047335501437986965,4.322913390325233,4.35297302032673,4.525646224000943,5.735301789417225,5.867434383511587
0.007909946110162155,0.0014791976158629277,0.004507861016024924,0.003919298878297425,0.03018643145420522,4.667931830259513,6.97975989372527,5.377435677889978,5.537360442851431,3.295774107830215
0.00734233068242883,0.0446771603640843,0.004662965325424718,0.002656495202529035,0.0010036289362810955,4.232296084320734,2.6574448196876483,4.776749399019015,5.385844916973076,6.690489318504927
0.039802712978509625,0.0022129829564215345,0.004849162194950921,0.009218507322077412,0.037675465655395916,2.3436842909342257,4.61618950505356,3.966256933757204,3.354775409258663,2.382542038365136
0.0068478459663416915,0.0028418079035890283,0.012113065881095522,0.0021848607647390363,0.008012669909202626,5.676218105218414,7.120566560019698,4.87761451124911,7.526471991289861,5.4531124892439085
0.003832860926315232,0.002638067984760388,0.0010065503169496214,0.015402237913025033,0.002522274519894172,6.086144740697167,6.653188311112046,8.477740760740069,4.267344279890943,6.768855213868414
0.007997277256282498,0.020831382896865015,0.00994292880295789,0.002239083793483036,0.0016745974845507404,4.5621151300169736,3.564171435915875,4.356278043750301,6.216802274851488,6.7024227630358375
0.02065520365814,0.0023256419675838046,0.011564544208520268,0.003840064972358498,0.036844758841772296,3.1512549919144943,5.337368101958261,3.664424278427719,4.736328826823738,2.715385385600083
0.008632905211135309,0.06989103693568581,0.0017053913181529735,0.005319133234725234,0.0005459933026963921,3.322296786021211,1.9537063209102326,4.93082457408993,3.709754828605874,5.853062743594086
0.00929251657411491,0.0032004753562842885,0.003385207240941015,0.011081612263414111,0.012175774595413335,5.169019932004675,6.794464377571349,6.7325682645508484,4.910199454002456,4.824187800742962
0.006953550885338751,0.003638018927516692,0.022443434168033998,0.0015213373500265262,0.004692791399959058,5.117614140176903,6.025165580714744,3.7592574001320425,7.365319597616225,5.663685081327132
0.014456101223894796,0.005925599218657433,0.002418457588520419,0.03638849336274646,0.006423593929947696,3.835885696964679,4.800925649256764,6.0360449443874185,2.9990331091355906,4.7306607435605565
0.04580688848636788,0.00615552379772174,0.021747101873778523,0.004751018841242771,0.014749609771712666,2.4909356984823376,4.148047170676057,3.0426819547553343,4.376255000585963,3.347122044054226
0.00045709869139286773,2.0274206331116593e-05,0.00018408579579942672,6.1022898750724945e-05,0.012573896769881044,5.475377219880965,8.224837812555213,6.1940489065832205,6.131335053871874,2.8829766487338717
0.00359441402024682,0.009993174003367656,0.0030630448727849684,0.002417779604608007,0.0011982270545403126,6.9968479366550005,5.372599290125842,7.35538078314685,7.7337012893090655,9.222089728748358
0.018490458598753312,0.010260296176029905,0.007930319044778353,0.010856611600326457,0.008318335600807872,4.2335114626711,4.949568471576246,5.329324352515389,4.841853008386522,5.229436925168288
0.010240954128937945,0.005008276687793522,0.027011843774082694,0.0020882247006575928,0.005904397761395704,4.528746905346342,5.454523255941326,3.5102650349743363,6.685591705272223,5.221807456787676
0.00922724148456167,0.004456187446988597,0.0014920215596859073,0.0419207718696092,0.004221053076544054,4.187634515697118,5.000078047010942,6.567074896627487,2.8188815115575103,5.106053779379426
0.009676152009619144,0.013209480646534884,0.02707265268320575,0.0009013823097057267,0.0014355059365149321,3.5792059117481405,3.3078511551311403,2.781049829270101,5.821270631443141,5.538912407041951
0.007100748700738366,0.00239917298961528,0.006926545557441982,0.003212550042254871,0.01271382365584144,5.777519815418209,7.627421988458899,5.799706177477771,7.008771553562457,4.958014143291022
0.015406808132996937,0.017114767289330358,0.007130656309035374,0.00904067725244236,0.004552545428062486,4.377122765473067,4.263713979469198,5.403132240591944,5.0124414608772305,6.011584692019578
0.007719602062146209,0.001632192791539717,0.002779420510758,0.007114411517278175,0.022562431222250465,4.7731984498235915,6.962050222654493,6.1766812350997355,4.838951932264203,3.6189368024370356
0.0019903543974732468,0.0010337897830664403,0.014771863849247812,0.0001971980081517965,0.0014360175138497377,5.838776474013737,6.666685626420979,3.5766760666105175,8.449260899127692,6.303802359327621
0.0034365328254502905,0.006479856816384822,0.0005465831236548792,0.01624807719883852,0.0005397652476997691,4.422181804882647,3.7994509359459254,6.76241405980216,3.062864658234244,6.377739130460726
0.011897968532610504,0.014602729531120979,0.007434785584012964,0.006673360493815697,0.004094404323562566,4.979609340317761,4.726871200706845,5.683695498202556,5.769629437673773,6.576450943806089
0.009095340924527196,0.00231085434105401,0.004010363177230456,0.006974928027892039,0.020003058023215524,4.933463375879752,6.967964531605007,6.097563410788632,5.243838499964067,4.0156683190458216
0.005950836588197769,0.026684758975325684,0.003043405603868049,0.004021033094722178,0.0011832021658638686,5.013524669242503,3.401634998626973,5.979500485351798,5.524168096997404,7.39592715988485
0.02647030992919135,0.0045077650405298975,0.0036517274648949494,0.025224264898960635,0.015720738843075146,3.0259708899109765,4.717929370818948,5.01087114234054,3.033837511805151,3.471907559993668
0.015244744229491451,0.0014457199622948684,0.0315882925107427,0.0007620568433256621,0.014649368685568761,2.966101990204707,4.956489221657849,2.4664598371313935,5.245197603943099,3.004785621002307
0.005008549254821031,0.002669873215460308,0.0015502609129201782,0.013229354845115967,0.0045639490571721215,6.151720173362196,7.199646359487924,8.301030175888718,4.772862893661175,6.312876878334875
0.006632103744109118,0.009260288015449158,0.013887003526430039,0.0018094553622823274,0.0022309925235922882,5.261906826980844,4.831726061443324,4.368573872423885,7.23124396164523,6.930349931917191
0.00860153360111582,0.001787900124143361,0.011950403230366906,0.0020187861686604552,0.01793886303634985,4.4595623817002545,6.497097550440944,4.076494105552759,6.257602502552053,3.682813692356211
0.00446520342462066,0.028132434643942,0.0014504183724593418,0.004469231882320246,0.0006024892800605596,4.622783971357881,2.904385017564605,6.112241688728689,4.623933912833719,7.092588452845191
0.011417689659021669,0.0013176256442002127,0.0007946116792415626,0.05761781162219535,0.007414959620065319,3.0670357083295148,4.810269783208152,5.543411240841802,2.020892844077934,3.4168290394884053
0.008009981863766853,0.006095673063555162,0.017090377587888977,0.0022461955121772016,0.004159338988686589,5.354379405095939,5.7504810956527175,4.396067822039578,7.3493772070468175,6.345921902763364
0.009253987050031012,0.007399006327243472,0.002213952242204358,0.02265395353407279,0.0037297556108958564,4.755738592553712,5.023736239162116,6.8593630040069185,3.766064033001925,5.999681101586884
0.03571524690374508,0.014883526131106274,0.014406965069112095,0.008082388356749796,0.007989704439307573,3.008045119636752,3.7862749964051883,3.8490882082823012,4.391035282072226,4.445311297888806
0.003077773054878647,0.00031522039758537766,0.0011961001587522894,0.0017375386358764967,0.03277073336785588,4.823263915136557,7.430887185818239,5.862111626518138,5.306919715650285,2.703639255107666
0.003144230194866612,0.0626018150936868,0.0024378314106433554,0.0005539578591550251,0.00017137772970592083,3.934686300919861,1.9126390360357954,4.284858456369931,5.348224058710325,6.580678117878499
0.012605880668865421,0.0052271295215102,0.007480570954727866,0.0073133290550228686,0.011640752290299155,5.0232122199298805,6.330541798980643,5.783100383381279,5.746396433299835,5.137077237521809
0.0064232404121908546,0.0026680381072997196,0.014024820782937044,0.0018138888057744934,0.007101274899445151,5.558966617140417,6.95786425416136,4.521839473226214,7.573452810926891,5.421470715740031
0.004438768445810311,0.0030278323270801623,0.0010405764837209926,0.01985999097318334,0.002590407643991011,5.6035138378431215,6.135949250156404,8.012711710856928,3.8203646030837075,6.414737832624476
0.01704023346340519,0.029262997320185714,0.013217656935153105,0.003843079030102375,0.0027222281226593615,3.5516677434417443,3.0873153865562277,3.8408148515051224,5.145563992029137,5.630024087296813
0.010813686246095723,0.0008368806304955575,0.003910340778370952,0.0031194376160977072,0.07729076666994947,3.450302781776119,5.957216505118892,4.401753921223119,4.520369563305742,2.078641403177351
0.009695660478707421,0.01129200638788206,0.004004861761432171,0.010510420494752705,0.0037285300219580017,5.323799673818895,5.113599944472125,6.752145513968359,5.205210552139588,6.821787268876319
0.005860171821083678,0.0018326916874415622,0.0020151051470274186,0.009014333762936992,0.010815951450282534,5.6042490140606835,7.4753150504455625,7.347759278840205,4.982534255117365,4.7890373688020365
0.003226817871883642,0.002584030754230001,0.015460036605255443,0.0005805298189528876,0.0017507299047793308,5.916196033350386,6.2362464883546185,3.9581142285874424,8.38666100206246,6.863816776877597
0.027904105112337728,0.01869773620176918,0.004558815445317849,0.02028435144389941,0.004667523439331722,3.053729986123814,3.3818462130703772,4.875278181544624,3.298817410657712,4.818054570824727
0.017509653213527678,0.007223133891960299,0.06471716295711546,0.0009578915759839979,0.003165887870433521,2.9561360529479126,3.676550558731898,2.124886871380473,5.38166670381136,4.467712694004069
0.0047319294095377685,0.0014674610237474539,0.004414213502293723,0.002456991695270659,0.012231099589081881,6.306887220423986,8.439299539961088,6.394260207178573,7.393719579831752,4.932735153756723
0.0037477344259972305,0.01414527002365557,0.0022854518405491814,0.003007361563839864,0.0009817670319168137,6.188769871897947,4.396142599476502,7.059062458973674,6.539983352802362,8.56012121991806
0.021962773774110444,0.008753545007419261,0.004331427703858586,0.02455173151599511,0.008359495410189977,3.5590941228422,4.512096504900669,5.434148928853803,3.4357426227144603,4.57987850067695
0.024530021611666276,0.005666463497478969,0.037398744028539,0.0027045573519358726,0.009876213805399282,3.0665323079025697,4.445464087849982,2.756769365481387,5.216077401301084,3.8788000508477682
0.0021239999431687845,0.0008273521462324588,0.00022540748993726419,0.042643565775395,0.0010171281130124034,4.603729037028303,5.456654087401306,7.2916565856601965,2.284816476120868,5.349165193112071
0.006940420069798233,0.011054600083855422,0.009712029010806611,0.0025490610429124328,0.002419270558498022,5.628929257643628,4.99322180935305,5.1953934054808535,7.237235420890974,7.378172208461519
0.012008069555482316,0.0031252308672097256,0.011246149899446669,0.0038248060178380293,0.018069319597091234,4.497786788906023,6.335942874976598,4.568444744324745,5.965692299722365,4.039306856621367
0.01371457625597531,0.03403299237604826,0.00521539463115923,0.007457871303588939,0.0023844270205678575,3.9399899532262257,3.1080265716777564,5.093319152850349,4.59403326830085,6.114508360677267
0.012575315054086975,0.0014894519838401887,0.002352940086473111,0.011727851013646881,0.032381991671816754,3.542214104334071,5.774968031629378,5.3196798076148495,3.577089356773365,2.7828592769928493
0.0019212012553438693,0.0005151157042052541,0.043605445226149016,3.522611334445579e-05,0.0011961588560004456,4.418734664763781,5.5673025523721815,2.147152035958413,7.10212434484569,4.904648240752883
0.0059564307993684165,0.0058306685561269715,0.001807873909396575,0.014602176288753155,0.002799374407789452,5.783727610930158,5.801886545791923,7.861031113322883,4.594257283853543,7.017201911348312
0.02270118742071068,0.015958256445359902,0.008588287475299902,0.010883131976389251,0.00639288994410349,3.7387162487883816,4.105490015628633,4.863706159862264,4.50559216623369,5.2058572886203995
0.005024058656156478,0.0008414180656178696,0.00184182572906776,0.0045161086418149645,0.024252824240007173,4.953659937126779,7.354077951642455,6.288856694706605,5.052501857380528,3.315875604807286
0.0026260725816441505,0.026298884712330182,0.0020576401219118087,0.0009843963881402398,0.0003121515896669695,5.035885619624922,2.8506283416654137,5.398971522946205,6.129550916854032,7.654685232299501
0.13450797501067055,0.005236817171483894,0.006135266885815779,0.008837203571714091,0.010225232596590791,1.5490029296951724,3.4397695724033484,3.3943324735765854,3.045870517804707,2.9944624628097345
0.007038268499055208,0.004015760855846126,0.012881531476012549,0.0023409966323312465,0.005756038729504604,5.9127761094333335,6.860043193885876,5.0414618434132015,7.778528467646045,6.233911293769846
0.00898105256752948,0.004745247442674437,0.002603691901063406,0.017929965113341176,0.006255773678594816,5.170655910751029,6.087460560143378,7.139249016771161,4.30145191433092,5.693346030540211
0.010331495100782356,0.009470952767242196,0.021386023216245317,0.0023681677286360287,0.0035897566189426002,4.568881976521656,4.675771883439961,3.8001591841396842,6.580893192110603,5.99053606322516
0.0056196166185026155,0.0009549972893230033,0.0061184049492110084,0.0015488704370869818,0.02243733659161153,4.792071742013733,7.1146875151236575,4.675875556872384,6.329620125872993,3.3629042096611412
0.006990474678156036,0.026387752900336826,0.0014681634393494667,0.009600486681974591,0.0008654296296976773,3.9489342298027448,2.8265967433113715,5.809750550007904,3.6653733301395715,6.2608716608246455
0.006772581867011724,0.0028876076616251925,0.0025231299585272544,0.010614785547335024,0.008135370983572511,5.8962751688168735,7.336776889824562,7.6327265182075745,5.2224139658843365,5.630615117529268
0.006019266013452918,0.004855778783469178,0.016847115854660984,0.0015864780436815864,0.0031835582357310228,5.6332974958036175,5.955076960674085,4.308111795775885,7.804374036881581,6.633636992246661
0.012976839056407282,0.010548104859696683,0.002956102307710521,0.02277154884257593,0.004206217063731091,4.2370144695599565,4.461324329031307,6.209336193323263,3.6535910100621067,5.656957526949821
0.03160436213548581,0.01436363002214797,0.02255866279684824,0.004896012221152766,0.006524601226131818,3.003799823739895,3.6933187245772188,3.310545432536299,4.804780505008807,4.517191999559787
0.002978920594685841,0.0002487532668930398,0.0014192875668979665,0.000981262831576859,0.042349791712778376,4.596475673726711,7.239616364562487,5.328960464507302,5.4641886502975865,2.4172571506320732
0.00913336931357074,0.014863764731324355,0.007007733169541379,0.0048606245873182964,0.003012612184433522,5.379769990928359,4.737995764497377,5.830088673956131,6.316163104638376,7.171837034274521
0.01272397073544445,0.0034009407114096264,0.005898215992986809,0.007728702256244317,0.019555060260542066,4.563027384519344,6.40269976553968,5.585925262309281,5.141972071845769,4.080180576408968
0.00569222232763266,0.001523621635383798,0.011814072700302486,0.0013255184497759616,0.010383125493167876,5.105947868973574,6.993619641009288,4.2172715229447455,7.096198149932883,4.385281245056091
0.0017966909544053146,0.0010350533461995646,0.0003541492435098613,0.01461466555289446,0.0011546480030039258,5.9288807209186745,6.600900359715823,8.560727489347258,3.607935428870156,6.5369234083677155
0.0033113391237680583,0.021357841640494844,0.005036598360054404,0.000494863060998073,0.0003380637039850262,4.381410557701447,2.7899254645634737,4.020512448986534,6.182960180837308,6.827139434086263
0.012907088738989365,0.0049319532405655495,0.010821416189403398,0.005118207402753501,0.012127535357364569,4.8443384642788425,6.222636695633144,5.076289035027736,6.0964350194060275,4.920774620640822
0.007750963524347362,0.020828608587341577,0.0038455151486810235,0.0058957583147413424,0.0019403229190782026,5.1142359747541715,3.953634292273458,6.1833876308944795,5.484207929778068,7.258071031196846
0.015848266716621862,0.0036913744299732864,0.003504873822247695,0.018789115671593196,0.016329679368898023,3.8517811159698643,5.5658511427794775,5.678769592711478,3.6638792888930745,3.833241003003136
0.005235611283223442,0.0027602880776106354,0.04197677199415045,0.00048617769308117987,0.002388663713137219,4.496799002894901,5.199071947698051,2.6394584534582757,7.0338937735326095,5.423288064221958
0.016462956979782842,0.0059527026699686325,0.0011678178500728325,0.07507379199092114,0.0026640153755956163,2.877462841378425,3.648446583224161,5.366852880076661,1.938162782286373,4.387302398557358
0.015373474173574913,0.008482123171342955,0.013295822271261177,0.005500984146240222,0.008114394378740305,4.553358880444923,5.332083441575138,4.752865226401179,5.905626666825442,5.388417240742733
0.0038967643789500953,0.0009103691003955377,0.002674841346426489,0.0024225041837142715,0.016021028393627453,5.965974205187441,8.364063104581511,6.540858683422394,6.663547412408927,4.150680042655918
0.0032717486438262815,0.01938604721748593,0.0020776675717131,0.0020771097817471706,0.0006182144366085907,5.633846578457404,3.584085854272568,6.339516592642981,6.268252061842817,8.163013115779961
0.044721114580842256,0.009520405618341991,0.0048319010944237895,0.02450323068147408,0.009091813208601474,2.5370340167818037,3.7694366170788984,4.496567390181183,2.941762211698153,3.8294165083522604
0.014552225330038093,0.002097485706217602,0.09285376725586136,0.0003772907524882774,0.004816226460260772,2.8289656956637086,4.29439453028898,1.766056888298956,5.37467551409161,3.682970191667072
0.0059271373981577375,0.003967226395926507,0.0020166793055968065,0.012983600709970892,0.004258612390995559,6.180144998157667,6.845085236504313,8.190719138237933,5.029960675294521,6.747828724967547
0.011374360256517231,0.012093771189568583,0.013633271954491807,0.0037241122089162015,0.004039762246496751,4.840289288534909,4.770331933956853,4.653538603394521,6.41883005384381,6.332514037353809
0.00818907869818683,0.0017916042701043007,0.0061643445081128265,0.0033758625815873884,0.023852253705542725,4.833516079665046,7.0254687190585345,5.188760175831134,5.983520972008869,3.6563020474642327
0.023770344282188837,0.022834888409569366,0.005164422891941279,0.015360427335194146,0.0041347062819873754,3.305585079451215,3.3381803381186788,4.92595421874573,3.686293595171461,5.168204472075273
0.00424494480666973,0.0004581768055629706,0.0008745735560861751,0.005702478623187279,0.023098125561132415,4.397714012038958,6.798758007949842,6.1653348743361445,4.08269799895389,2.908034836914009
0.0033673928839958803,0.0024610691213147688,0.0095958456638203,0.0010505891692015083,0.002562983471984208,7.032286613495592,7.615966360219448,5.33459032435522,9.297755433436302,7.5434187493936955
0.008322925735857776,0.01015004182326504,0.0026191358272080675,0.013897206100757347,0.0029622394769518406,5.183076304216837,4.91476441975806,7.009161016052375,4.538746721477173,6.750825923466577
0.019636404488113123,0.019925004783193482,0.013259786456061023,0.005727546233180482,0.004580194069779093,3.7788900449240557,3.773235476971787,4.228167626593552,5.165522090232362,5.506606394011992
0.007894104585460767,0.001083432561531225,0.0035073610857753266,0.00394791324125515,0.04285686763157701,4.269659639847234,6.697309616544501,5.211594600544191,5.029837830373804,2.7579033305069576
0.005992288678260845,0.07120247152023453,0.0029517882298715496,0.002039267911072946,0.0005747687834663904,3.946071787510271,2.1018247867331326,4.720167917589716,4.986279167287545,6.536459107976063
0.012752005942443901,0.004923676518157378,0.00597739666873575,0.009259526262526,0.012327029720024396,4.910925735461422,6.295239719647318,6.01323769117847,5.2986182753454925,4.960276205072594
0.008358556625000055,0.002934558048141086,0.014672771663794066,0.002322547900611212,0.009946658078209145,5.070688763715668,6.625058698135959,4.368873289899552,6.952461093292571,4.851017040085278
0.0064749963157712505,0.0022376896488669022,0.0014240183098335698,0.020818580715624948,0.006763900130050864,4.938237130557341,6.3865426010566955,7.179076056159203,3.637751901258801,4.897391705808141
0.0075642097412240965,0.006695557543165213,0.034352065139680074,0.0009144591860580824,0.0021293297985357056,4.20836951774541,4.333449099972473,2.862979984862844,6.574503296983904,5.7133148778730245
0.002538326124058367,0.00022183220553580532,0.004361253018838945,0.00015835225780422133,0.016970300592710597,4.507531358502622,6.932020825034692,4.017144841433322,6.36382158916438,2.929635673092193
0.005188066114404847,0.011033575702400985,0.002346255563874844,0.006420818953521314,0.0017190159456074831,6.134798030514491,5.042752057111333,7.576069755546631,5.820194224379508,8.114317312066886
0.008239498800633762,0.00334182354548258,0.0021312773337241082,0.019233131720339403,0.007417007256273789,5.013262836255152,6.292302628318175,7.087116738449726,4.004795234008826,5.164546075350116
0.013726231901579336,0.007965261486580175,0.032135802854539174,0.0023776672217282048,0.004958170606349167,3.9792005481970674,4.578315385641455,3.203402836850591,6.116067713032718,5.16789146897866
0.005718324777179344,0.003994947443459153,0.0008631960858227184,0.04114608708387993,0.0019349263211241822,4.399630221205917,4.765071150906361,6.896540915089011,2.6741756810651154,5.657524997160575
0.0996576642229836,0.012544663836349673,0.006742235210355628,0.01114903920198131,0.006096931608117949,1.7895566390203288,3.03617137539699,3.5695065215997883,3.108641040837628,3.631348139154854
0.004327028878900955,0.001275829303132318,0.0023079348040841727,0.003977027862738621,0.012345674750801758,6.3101616744262,8.514730217721654,7.395291578714952,6.398901716746574,4.809953225782168
0.0041965402184408855,0.015427037355387705,0.004092133070518205,0.0019936208237308446,0.0010552636898383651,5.8531960859733605,4.188032588968365,5.9401076905597145,7.016760610585276,8.184142708643751
0.03602818641961308,0.00875545128034459,0.013462178505214766,0.008673759257696196,0.013696623034647243,3.027283153672269,4.371592673681045,3.9398923310712495,4.336604086676784,3.9010337194689875
0.005184822485558301,0.001584952475242815,0.04198036932421814,0.0003867955596592156,0.0037105572521795548,4.337530764891954,5.605998485116164,2.550649869669228,6.864585312684571,4.711807217792728
0.0016425100564888692,0.0013034556979190945,0.00015391191934324225,0.032328180906697014,0.00036803487424925615,4.514508617960089,4.662035465450385,7.164613663147136,2.330211831812118,5.91836138151048
0.007263140297148245,0.012146226182258276,0.007389725015332763,0.0034365775725750157,0.00259213997439687,5.839676184377755,5.110995130553019,5.863962154741517,7.058157247082037,7.621113084861081
0.01310750750255929,0.003929334238743776,0.008471095848685205,0.005917869175261827,0.01688856117182718,4.647853748168478,6.3474139944688,5.217289718958413,5.655526228139905,4.349186649426437
0.009777736851731894,0.02130722839517835,0.003474602594709994,0.009253958784969755,0.0022796003705696987,4.610387992238101,3.76364445903304,6.054008817629558,4.675503407549833,6.659304412920049
0.009597826513438502,0.001959584900792108,0.0019322686721609886,0.01740599885652422,0.015260184032808915,4.151496414964949,6.067201276137979,6.161460958389927,3.536416805916735,3.6957967533081852
0.002807968498535991,0.0018120696229735583,0.0323825664729977,0.0001729509133998032,0.0010627575937033886,4.781901824868699,5.206655411207156,2.6322228352311723,7.4030110813811945,5.884208490044556
0.010887546988840072,0.009218257018567471,0.0042225659494387795,0.012377678922160247,0.00499624137149583,5.1851096188403645,5.4175879771336675,6.687686560298597,5.004555124082785,6.357709023602643
0.01516198428554625,0.009762464673595919,0.016784946928796566,0.0044064774746855875,0.006470772399638222,4.402762348188371,4.9513514005657315,4.3078346529742895,6.017573696423188,5.500250166798426
0.004681773204377687,0.0009562975584715977,0.0034964852134200014,0.002322476705365124,0.020784033570944927,5.435303515175733,7.832033922679817,5.835150446917026,6.405940045458387,3.707329664078441
0.004218956946921589,0.028506422438474517,0.001961254845008953,0.0030263168038802816,0.0006604445779857004,4.985617672183046,3.0651843954076163,6.051619557483552,5.393576538610567,7.504492772234339
0.029772678447772784,0.004031703400746544,0.002351199252124829,0.04005220088736082,0.010567625195661227,2.61746724726728,4.249326212689499,4.893892501800977,2.398350633633473,3.412549826622876
0.01130907895596096,0.004943366920500833,0.012804994284303442,0.003976754767439675,0.009734830303361907,5.051744651115319,6.276338833912015,4.894129788028965,6.564125353622677,5.258119329386928
0.004732638657537937,0.00256077569017512,0.0012655009721344434,0.01618605240920776,0.0038671312065671243,5.865879592074378,6.819316003012082,8.162028150434955,4.265956311184713,6.189831663986723
0.0063708503351439655,0.011369895793929222,0.013341464582046044,0.0015252311678328743,0.0017039202115059844,4.933112785355558,4.254032884208484,4.108417606104543,6.913183657326568,6.824544506862694
0.011044004479028206,0.0016563545793829141,0.014800210856114682,0.0017748847073306333,0.02230146867289949,3.8091095984933916,5.910767854254626,3.519395223583043,5.712485372137931,3.175130743729955
0.015300316908210229,0.08836980776347166,0.004516593257479054,0.0037187022542618286,0.001004661759742291,2.996576293718497,1.9051384201294297,4.07848918943009,4.162314848717389,5.507212232000698
0.009886293738881936,0.003151372393749943,0.004644456018329791,0.007869779185566816,0.015133111775749108,5.159452415023345,6.923633352896041,6.293479732266244,5.443529306004926,4.615538932827453
0.004072417005767075,0.0022569749949455627,0.015078992716689851,0.0009272840915495698,0.0033091938828726008,5.965304457353958,6.896975679095722,4.23156336592235,8.32247475322322,6.29296758451973
0.005019592188145559,0.005962439545496744,0.001127149164639852,0.01835845176899588,0.0016641863764579594,5.147042903952762,4.904662457073028,7.431895787242938,3.7082376296323885,6.702864126061286
0.033030148276303295,0.03123928553284935,0.006762053341039246,0.010800386457414674,0.0037077733145864677,2.794284482026922,2.835199392609678,4.2287567247524,3.705896395725909,4.855686968610996
0.0036625572011926458,0.0002175989975693484,0.0006582812032770382,0.0029659472038277737,0.04307469133971282,3.972814411734415,6.53301238680206,5.584885437863536,4.046673120738708,2.2104881483645604
0.004624840473168809,0.014158601513405611,0.0034305473784927024,0.003071811632094218,0.0013466703102579542,6.19878139888577,4.641563265691736,6.753544226028695,6.873094066679062,8.444268595498697
0.022606398950321686,0.008276835996890242,0.006896440529426069,0.014480104696055741,0.011367849030702619,3.7649220354847923,4.894948755420462,5.166569466131814,4.201884793541147,4.51539063076115
0.012614238641783992,0.003954921697956284,0.03270429692628912,0.001987761976258906,0.00851070191952551,3.958481528011454,5.30303008281001,3.0857270546870885,6.149588649591771,4.383722613946719
0.006066904478935321,0.0020418212243696826,0.0007774200085476827,0.05270660406071489,0.0035016145423936587,4.171131209671331,5.298406349280554,6.710309142989759,2.4017540136526234,4.766923671980909
0.015019726368880035,0.010552635431711792,0.04287590041964725,0.0005221134987572901,0.0012978063565359306,2.7646476332693264,2.9974518305738664,2.1462812247403074,5.165271529804665,4.722481931746564
0.005967369503693287,0.0019956443062285967,0.005269131155223497,0.003121052412437654,0.0124461469602022,6.124823838218646,8.094539805099917,6.309520341680164,7.156597456637265,5.050283105141313
0.006716238912455712,0.011235167554589434,0.0024238380135391552,0.009930109778383963,0.002204622892552036,5.534556392769577,4.83530379734541,7.22406766419517,5.007541843322224,7.340467704231813
0.005813615122714493,0.0019298175106193156,0.0014674382140065373,0.01522741877371381,0.00761175403105819,5.239825163084435,6.846260494184824,7.371902076475909,4.070208256863011,4.903086040969485
0.00427128900901922,0.004393784744271744,0.021484697154031344,0.0006025468432608625,0.0014805682085709331,5.054707725475953,5.013207742672944,3.3574657122265004,7.471784550640894,6.4782627693523365
0.011607787972231956,0.01709945560054581,0.0015636203316686348,0.023016734253212053,0.0014980109993280484,3.432421807209416,3.0961142365937744,5.593013772482136,2.8777136525440903,5.4751361224333825
0.011413759041548663,0.011174896749695127,0.01104325140973386,0.00461606579540816,0.0046637621519771254,5.1001342402228715,5.146109194176926,5.181214741563523,6.416989351587883,6.445176389998583
0.007380697032499664,0.0019097248937557127,0.004995490645782641,0.004003690151049207,0.01947417874017877,5.292899536757043,7.426474449088756,5.84651483958073,6.152059431033493,4.108168481140676
0.007857922632326295,0.026715852555438225,0.0059718408832800446,0.0033341617210616834,0.0016430573498072408,4.758723918859148,3.464882796706061,5.156566820757268,5.890732152704757,7.020362802372447
0.02919732701471597,0.00391430385699973,0.007589887154791111,0.009625738819966643,0.029542512916176107,3.021156747398234,5.015377774206445,4.290157277617658,3.9811212890345344,3.0167469179060675
0.004463964476277855,0.0006704407157234299,0.023727386283869556,0.00021748121774212647,0.0067261727639001375,4.105424925753704,5.962198136033437,2.7323814756872853,6.499470679472336,3.7631397833031697
0.004287551166180959,0.0030871483334078825,0.0013529382057334374,0.012438117012462271,0.0030131951046594536,6.499836209273701,7.0485391593185485,8.724593097349812,4.93732891151147,7.1283825103822815
0.007504929613050305,0.014712357045399301,0.009588188859300045,0.00259569744520512,0.0021461750345592094,5.185534326220585,4.357805232928633,4.908538840498646,6.75912560529394,7.126644796023147
0.01621162399732827,0.003230215705629442,0.011982545661947093,0.004419540461163538,0.024008225555547123,3.86117710797636,5.803107402552148,4.176842023917811,5.326478013242479,3.484439953961874
0.01172894718661127,0.04492117420129178,0.003400605033858716,0.007304525082058532,0.0015305976070316824,3.7364905761709193,2.636465610325909,5.126056987314617,4.200745578398098,6.080441820887443
0.010728555169410833,0.0008297532293451831,0.0011827075499674454,0.01476589797439984,0.02581499487037792,3.2340072286686845,5.487718880406051,5.301625646893371,2.9682269135571575,2.6081692812771107
0.00608201862173583,0.0036303406403806852,0.015115378038945464,0.0017403859964651384,0.004520404813106003,5.832924315604544,6.659273871340714,4.583096240492919,7.9398514465650525,6.300800238828424
0.013240525225967144,0.006504035253987288,0.0032779050936966093,0.022289635236461786,0.007125612233511821,4.400849454403423,5.283239589919763,6.334589077134386,3.8220325828668114,5.179028024267708
0.027211672995188962,0.0069513171561588726,0.019796287381920276,0.005325667836607032,0.013600856229256048,3.299185708675835,4.700684806618092,3.602430086690312,4.979131465543983,3.9588906311606498
0.0014922626863790543,0.0001805149865046092,0.0008622392003541291,0.0006375898849634898,0.014720040646813702,5.793188261446459,8.452189551238602,6.402127752166078,6.491134008019478,3.417974876305424
0.000735044092619007,0.013781298535639457,0.0005250143017070471,0.00042434275372609556,5.3954933134371536e-05,5.48710123799949,2.9269446334260842,6.241333399600547,6.104286804135415,8.224934960531257
0.015553123090542569,0.01016107406542278,0.005808921172925479,0.01299712550793304,0.006875993377932241,4.501835444417637,5.039038988375444,5.8690559982728105,4.69970492971291,5.580423891682607
0.013964298994840143,0.00706178611346086,0.02417229013687043,0.0030772503191974494,0.00680496788821366,4.255193141726537,5.0890791797550285,3.6904333009793056,6.212410111849999,5.129776842025101
0.005962856825412701,0.003643994622739367,0.0011044662373303922,0.032265237425735595,0.0028718526820682407,4.787269352145866,5.378868681854658,7.22553492160638,3.102827870932718,5.736171842209169
0.012994741407092706,0.024797096510374348,0.01730360188805579,0.0017281019768660884,0.0016677143687846814,3.429008172678396,2.9050032980366254,3.2220858826211938,5.397625094576657,5.574688326264241
0.007573964377469404,0.00029231259434179044,0.003527363046245533,0.0005946127681405265,0.09709602579408387,3.199377336891913,5.79513840419646,3.7673716386683287,4.720057375053051,1.6995298066943365
0.010295934250761297,0.012269667508966428,0.004978003041289561,0.008825004567662987,0.003920735991284832,5.3047824790951505,5.070557479480163,6.471133490225462,5.5141513991467646,6.824286127377542
0.007053296048684546,0.002138541326283177,0.00267527159201255,0.008497612908852824,0.013305162019704971,5.427002300032291,7.327268019761511,6.965668582102638,5.1365522613344226,4.606066792361111
0.004050518150640632,0.002460902649499494,0.018080804548089614,0.0007784553723894596,0.0027368203431222668,5.704507718753554,6.437746317528327,3.8656081640264857,8.132643490824464,6.295890642140175
0.006495520886017435,0.008100777857783242,0.0012622987485882177,0.022282491676894403,0.0017078998405100096,4.557340311973376,4.291067558942528,6.813965669334281,3.3329526392388154,6.255033224761174
0.039412526200060354,0.035898703881595134,0.009261186302835149,0.006479423633851686,0.0030813128422067073,2.482482973814167,2.544267764645714,3.627234824537717,3.8946900978403014,4.674627789711087
0.0066712753366028,0.0021293326685536324,0.003691476721764462,0.005326097783533657,0.013964837328098287,5.848835202297899,7.822155497894672,6.821753243414362,6.154789121752575,4.81992010452812
0.007654547918999303,0.02008948303250254,0.0043523518987388515,0.005222871449361915,0.001998525397063897,5.236607744453517,4.076950613031449,6.125951561793776,5.77207404674416,7.363599326242812
0.017623392590769876,0.00421271455034289,0.004448015453864177,0.015867144659261954,0.017512542385166037,3.8404691973964513,5.533112682265251,5.494338800770964,3.912882371685171,3.857858390047167
0.011952125771497634,0.0020994932746048124,0.01948215123885219,0.0018438719930391207,0.0175278880696304,3.7843807439597756,5.731870251533423,3.3306795327820504,5.792205890713298,3.4334732633432954
0.0023673059780082526,0.0005078632680673658,0.00028596528390090935,0.023684165321568366,0.00265127380175597,4.691379047570529,6.226078906933824,7.249738180141491,2.7311849178271106,4.610207824014147
0.0053854242316619585,0.006675608427045819,0.011001464356018346,0.0017672263127739996,0.002335274527639405,6.095748445610875,5.773199889681335,5.078498671666481,8.032754786884546,7.548937756937609
0.006807975180295455,0.0020550842722476324,0.010571286786916627,0.0020465448291989664,0.011533393711584879,5.307000571133448,7.141611133541687,4.70431589514298,7.085049194093615,4.617997460078871
0.0063617361971751345,0.02592954402112127,0.0027444748230278956,0.005111320324837507,0.001264696625918374,4.904972725579617,3.411429714963584,6.106091194636987,5.180073860490459,7.24428479404443
0.01846641725082057,0.0033632441476931585,0.0025259465347674363,0.030212143073388747,0.014033251808032722,3.3017278201571716,5.014695257592736,5.427737297463518,2.8883353383087433,3.557477290198291
0.004002642949460642,0.002026365517318948,0.06748772258336834,0.00014601113500471025,0.0011533183283993348,4.016930557694761,4.587827339834386,2.0069853040199437,6.65157667024382,5.217595472107053
0.009909993277952289,0.007965368362864924,0.0031859495776216467,0.015651825246469214,0.0046232143047804436,5.136014759519907,5.432614327100579,6.931715826041499,4.550671480893613,6.264502916672175
0.021175996438844772,0.01141763125622025,0.015348971704320983,0.006192534209306965,0.007863845070334793,3.8718220853322998,4.559860057517748,4.241977873208222,5.290334228018658,5.018933031709842
0.004202491850534726,0.0007266214965238177,0.002436300814607695,0.0024507764019219575,0.023961309018721108,5.292694812961523,7.776927576716609,6.029039868238088,5.97293186245208,3.3977395769547045
0.005433543583283739,0.03169021785784582,0.005546915453504464,0.0013368639097311788,0.0007134657254053888,4.372192652710188,2.793971181845054,4.385265068367619,5.916213946856608,6.813652634222357
0.04503139946032689,0.0018069421113895844,0.009600625465883732,0.003203113063247313,0.03510680309976956,2.148534205828319,4.469124329535786,3.1723829677988062,3.8946610600729676,2.293322086925419
0.005130240053989865,0.0023025883596910876,0.012275550601802307,0.001495065797003199,0.00575741517100703,5.981859901990177,7.335270110428038,4.750136385530093,8.062350779576573,5.8102588738486425
0.0037575202660937272,0.0032110201227647794,0.0009544359181876982,0.015630744004314634,0.0019624836073042803,5.958017163528373,6.168326936697918,8.351788272208786,4.152537741910736,6.996261847858771
0.011919829404041491,0.034756657065621616,0.00835987324113242,0.0037254704592062926,0.0019950002975768415,3.9879395715668817,3.020035988234272,4.414905908703823,5.321271452409674,6.219863879757171
0.0198842654765404,0.0017097200951904379,0.005208338907287109,0.006157563667584692,0.056311564760247734,3.0532154573926875,5.404234139976674,4.271204761988573,4.049822112104359,2.3320597374067966
0.005450574927338999,0.02269241351058829,0.0006904864061291962,0.009650657342277045,0.00034105821431508444,3.4480087213504187,2.4483889346177317,5.530606423337186,3.031488227778322,5.812307623470952
0.006034670257882585,0.002568607680707471,0.0023547802964797955,0.009377672460160054,0.007856006071831807,6.155577613304836,7.659219715658791,7.869136696874886,5.46433519769206,5.754878352676362
0.004817339356992677,0.004255549280668342,0.0139798786390107,0.0013346821530281685,0.0026010042137229344,6.058605078993265,6.256666290380711,4.5904471935988616,8.266872780512974,7.0899589517302335
0.014316490093498047,0.013281696789717369,0.003716881630042777,0.01818247290097352,0.004223819805207828,4.205493038699347,4.283406528308308,5.985771413138252,3.94244644691012,5.746718360102843
0.022722686931303273,0.013907387633596627,0.025707198257933005,0.0037164951786199073,0.00523304456289937,3.350209293551752,3.8147042828340907,3.271165443038353,5.267568819244106,4.888336716688848
0.00392901992175559,0.0003696947548960756,0.0023763010337260674,0.0011157925132194073,0.042880764401653455,4.491200996935519,7.082769198301855,4.99808371011688,5.600083215132923,2.485186768300466
0.004344259354597509,0.011407824723467712,0.0028096339283033614,0.003685643318325622,0.001424151122075577,6.622040274609795,5.156247788928864,7.478009831250192,6.912467270145573,8.781568398428297
0.014748178545481466,0.007022050529123598,0.004516794005448097,0.016607598214615226,0.008582495851576707,4.464408661032811,5.416002697714531,6.110113883043301,4.304462535747184,5.150612018368156
0.01800622028706808,0.005772010332417181,0.02147906458169648,0.003917999595183687,0.011564146390192834,3.873714362091973,5.203313382325784,3.7069587620399362,5.6806498444007785,4.351649774908897
0.003823107461186426,0.001815325337584625,0.0006931198453437794,0.026744605782076988,0.0025601042046364867,5.140878219366556,6.059674767196062,7.677388029044921,3.1488046595799872,5.669003391119313
0.007493351014951372,0.018138769935241928,0.015668010488407092,0.000809024643921286,0.0009260289050568702,3.7518784913358814,3.005709283721675,3.1501719999465045,5.8506068743550586,5.926119820696082
0.0088704998613669,0.0030436152134647684,0.008188341026262723,0.003859918905894736,0.013327070905082063,5.413577145553796,7.136608456545091,5.5215163007722685,6.642777488523223,4.866462242707105
0.01272833607651793,0.01950167682661129,0.005867755718642594,0.008318984845389467,0.0034422617314062176,4.56700313118362,4.087065276409435,5.6405336739399266,5.08914679230534,6.403977875262394
0.009992920534533614,0.0021178120631647483,0.0030367234521469695,0.00998080327785166,0.021852661712103056,4.426570498238235,6.489050625163168,5.990489315224232,4.3935282536852425,3.616804492340674
0.004377739067126131,0.0015688394866887536,0.028774811202075742,0.0004496179623249594,0.003494369541569077,4.8190466379489845,6.033500543254429,2.974555377195614,7.321095635589764,5.10326289661853
0.003559352322277596,0.002700006758612559,0.00042084358190395797,0.04344856086612433,0.0008765437619932285,4.28711377948585,4.5055525305696165,6.874836217015838,2.3442090575975234,5.697252452787452
0.015498095821225402,0.010739737088301131,0.007549626942523717,0.009606880691692172,0.006853258690624748,4.6124855074014395,5.0855037380892565,5.611807582397746,5.201697873783117,5.71731552757558
0.0047070672227764905,0.0011946916420119624,0.0021953555300304414,0.004454313975013227,0.015259919754540146,5.792151498876855,8.050031761846629,7.007118816257026,5.830808165832551,4.277268591653236
0.003954169034370262,0.019517018789161903,0.0033653606063830887,0.001820688566460017,0.0007972676508536425,5.510421217146576,3.652527425413741,5.761355299524478,6.59820195912489,7.961691239137498
0.05410746714008127,0.008674354669417215,0.010893604574347163,0.010686124320761724,0.013911639175385791,2.47330890485818,3.96990405533154,3.77876476764084,3.7356994938749835,3.5319082192440576
0.004880356892337426,0.0010189124629912667,0.06973394802002345,0.00014357547196662196,0.003003699240682896,3.7901138320035446,5.1647372436454395,1.9647143362817128,6.3929510631552855,4.249166379796264
0.009328295842381111,0.004913464296742168,0.0028482654199819472,0.016805106438163603,0.0066055654651289595,5.1952944462230555,6.125590138226034,7.089710976082184,4.440514276694992,5.697307629431659
0.00944112244499107,0.008562396752280196,0.020507333094036025,0.002255821707218363,0.0035434427747133177,4.760230372279105,4.884488716581405,3.9071785052548944,6.786276042308555,6.120568304653243
0.005370283017137977,0.0010010272525492283,0.006298292118607448,0.0015237459233937787,0.01945117285207999,4.958958671798246,7.2426773088763445,4.7466677908501005,6.530825912586576,3.5673754521628043
0.004358564871876325,0.01790434403159167,0.0010964504096675405,0.007180708597252587,0.0006368281900706086,4.571229218545801,3.2158182433054834,6.423042399283797,4.066546381633482,6.888453103781527
0.0039632551507064444,0.0005091584070413265,0.0003132293847645425,0.040036945524639954,0.004175600189703838,3.801337385743423,5.52830742564185,6.335837462253468,2.1811683778211206,3.7865748174431295
0.006126006935377365,0.005907142780508884,0.01198950461195932,0.0020640579275415815,0.003165738359497278,6.11252966084719,6.175896906001548,5.137024685157141,8.021035786827005,7.25150571370621
0.008479773530293212,0.009053039397435314,0.0026698938689852588,0.014675960690736367,0.0033206638676204596,5.236889789368738,5.140614810218677,7.087227681184617,4.5410607931451,6.665141311701461
0.02096073797781571,0.01713364296439772,0.01337434426165219,0.0063938761241455555,0.005527234862025237,3.7825855586488815,3.9969395962674743,4.294772215238818,5.115744191826914,5.3516708494438765
0.006491528547023828,0.000982331648976058,0.003040184330291982,0.0036432075936987333,0.035734038734503,4.593489503985594,7.030959046787587,5.52906809768585,5.256395877177081,2.960727364829025
0.008359746166301142,0.07113899477827193,0.00371113087824235,0.0029494457256355766,0.0008147995750725478,3.760367028839401,2.1672151965559596,4.624779581232152,4.784572520945114,6.291573624696913
0.011276261773060457,0.004300758073794299,0.005429182901469584,0.008665185878372098,0.012409694351422595,5.141152211793358,6.607160831105523,6.246039175474362,5.46350498746867,5.0207885716847755
0.007808422658732321,0.0026908119822544327,0.012502689577371252,0.0023599715293408726,0.010505749924502004,5.243409946808968,6.883541437387384,4.626903988669019,7.041197001947125,4.8583487956672355
0.0028573085329015105,0.0018240580074335448,0.000697874895462593,0.014283896095074737,0.0019976447838290262,6.182633294095508,6.845107014498238,8.683265880910453,4.129261742725081,6.752363945951342
0.006248651645644763,0.02177587766044342,0.008363550312456357,0.001522095554947864,0.0010948568725018333,4.535112691086332,3.2961264202384095,4.2514388580233575,6.2497809464167355,6.80220882239813
0.026269050099911564,0.0020162955732788146,0.013904972080321775,0.0027717222103672313,0.03443265688127551,2.715685108479732,4.933438408699009,3.196210910501769,4.5314597021739695,2.5320104036931887
0.007785099668681808,0.014669217971141256,0.004212503813126368,0.006382789475288062,0.002510401949634068,5.5939020686555985,4.74107914930131,6.6264875090412065,5.888390612038202,7.490370431926523
0.011420600670671618,0.0035590344290998524,0.003623642079698604,0.013372210290687084,0.013630509890316249,4.676960269212702,6.302913229030769,6.310775471120585,4.463409870568809,4.474505508645311
0.006546210600964505,0.0035603766810129904,0.027493354286317873,0.0011620603973898113,0.003843452597362708,4.90895607162064,5.711153490553788,3.3738868880769504,7.267226891508529,5.619468412006385
0.016439474156161357,0.00670336947964106,0.0021609354085864647,0.04625739261954821,0.005306327988642891,3.4607609135117556,4.326489662795524,5.748035046753362,2.6294153917318823,4.608168768470282
0.05848407732119305,0.006180624859794933,0.02653760648631992,0.0031043181325695842,0.010175620070807682,2.1290356026417783,3.733779046190161,2.6323310446947525,4.258687411136055,3.335337948224103
0.0035819859434571086,0.001071917045441382,0.002601204139387085,0.0024931163509994145,0.01119342015876182,6.7183887656464165,9.011754970120032,7.270932200979792,7.308012051268327,5.006172946597514
0.004443907770085052,0.016894139681694925,0.002902379800313479,0.0030680266022071697,0.0011203998749654428,5.87406509315972,4.161773839907376,6.594968342821489,6.443265786426739,8.227327630696228
0.027103897051415072,0.008215717013093168,0.005587640612106873,0.020119152279401357,0.011252128876535445,3.3320209929713513,4.5370421355910215,5.042287571636037,3.5749215152403466,4.197615567804566
0.016624983516524677,0.0037338638377379402,0.042858512616778435,0.0016863121131720435,0.009358592026985198,3.345934555359428,4.831597267771964,2.6174245814454866,5.6160167964440335,3.8789462408694297
0.0030328797062422652,0.0008664542310464463,0.0002764292869918478,0.06280772729059364,0.0015689031132640181,4.185425205169962,5.28100941861378,6.852094228530179,2.0209831715003106,4.8110817719777526
0.012027828131511995,0.011159562706249366,0.013756617681335324,0.0040487533337692765,0.0046637031427663855,4.840834249665758,4.946879746953542,4.71173224352307,6.377062939223601,6.196429071219564
0.007016059863994759,0.0016135215957149155,0.0052437903982246875,0.003231064870097983,0.0219262475703106,5.119605685462923,7.342681529208049,5.505491822705354,6.1733527794362315,3.8086418458389493
0.024868320472486136,0.018242200771767463,0.005313169427220008,0.01744177576632554,0.0050950919459948904,3.3407488166647283,3.6176559459155,5.003844349005652,3.644550321098307,5.0233226821572785
0.003545250495459507,0.00043321992979668733,0.0008305242372670711,0.0048338193125481155,0.01931337425487154,4.734533484563452,7.142079940051792,6.451898655652837,4.382307425328602,3.1340562794587603
0.00036143786104472563,0.000177464046346345,0.008794528279719419,7.170220202596505e-06,0.00019537442881776895,5.751876228357678,6.366454693677673,3.1330659785650585,8.506001285366143,6.452628528440315
0.005840051820491797,0.008532508293203941,0.0023953342347670646,0.008728906631387038,0.0023351398713975357,6.195650157592097,5.604818731159425,7.844606825162521,5.5887660095190554,7.833145520248325
0.011710058906212245,0.017537562704786864,0.008677617719782605,0.005258049249796625,0.003442857977766534,4.788186290050564,4.315241215596113,5.235631446891286,5.868698258453864,6.575115903744735
0.012055321122445579,0.0025631441138525535,0.005390125751041033,0.006767958486040141,0.02635174141389794,4.35191090136363,6.426536700325107,5.362608556121703,5.012054115891558,3.546531125788931
0.00457446501865545,0.02942427974055573,0.002750962478683233,0.0024848649855906263,0.0007588341498318313,5.009302593942241,3.1107202007118206,5.717458551510132,5.78765001249355,7.517289723579658
0.04959154259932041,0.005513998046136965,0.004738019232915479,0.020471813971678878,0.015185704184603176,2.363055551901904,4.102946002262423,4.302741531310894,2.9418494858644966,3.2146379555507676
0.00883500170952572,0.00425703792399617,0.013231548602281224,0.0029550069761479602,0.00778289524114087,5.4625869894487336,6.61488152880065,4.909454459970183,7.181710808718771,5.650049167442804
0.006698579027643458,0.003388875696862165,0.001827166009045997,0.01799111842591621,0.005333576884417587,5.452788544282843,6.470852042324711,7.600892524149155,4.206214290030631,5.796022745268217
0.007079754430761581,0.009370915954787853,0.017138325827881516,0.0016199166900566825,0.002188014303850704,4.89682376909777,4.559010083040312,3.918275209060555,6.971720407278481,6.570631104691431
0.007394429043069369,0.0012148634562829089,0.010670242486229362,0.0014015579840684573,0.020099261709445027,4.318421592695853,6.4900787075805795,3.9186854905609323,6.159661851968077,3.3431135897442634
0.004163458377419001,0.03442742930931624,0.001153930540197247,0.00416368581681818,0.0004049059453084007,4.2589792346885575,2.520317726116707,5.839990950544237,4.26289971035891,6.776858180782491
0.00915732138288774,0.004060564182190744,0.0031733995852010278,0.013369744982846253,0.008568436967937205,5.341979445677958,6.589120456007934,7.05950904187461,4.820458576088193,5.4458222898208275
0.008613281677274619,0.005858700798516378,0.021053489576489663,0.0021026744444301365,0.00439272205448928,5.013690754504655,5.539271218690104,3.971190228307172,7.106605246825557,5.965791173801038
0.009920949071128025,0.006933357260178558,0.0019887228575972754,0.029369887382130127,0.0037990661688599475,4.412893720123705,4.821025187626854,6.624550219485239,3.3260481595630194,5.630717370857991
0.048630188376503805,0.013350737699008868,0.015338810335192085,0.007811437988485132,0.008833094678382569,2.5859748089232095,3.62251090456294,3.5258521907609017,4.116175136419417,4.031370259737184
0.001699733511890437,0.00011792544076116419,0.0005856592026604557,0.0007122463130751216,0.030429100237460337,4.834527268708476,7.514961085717243,5.869442495154646,5.3193000122050345,2.504130129192011
0.005254089183595957,0.012814967439778382,0.005480584985992542,0.0025535433394450395,0.001667032812615957,6.0832309913019404,4.8301043180988605,6.071340738531772,7.290419756345807,8.165873551761349
0.020439776860138988,0.00634820172505742,0.011953692878751728,0.007120104816743211,0.014612738994812637,3.9326334702785766,5.33446165122619,4.544713237896071,5.126089504525146,4.298224158266736
0.005109546671367605,0.0018977685185717064,0.021162324877191944,0.0008393649877479558,0.005014071334131407,5.085096233287672,6.443271332584922,3.518572073765475,7.438821006403546,5.118658216591753
0.004676335463345167,0.003018814963737339,0.0007105677821150583,0.03922628312415611,0.0017931612362162203,4.581644381867005,5.03882404397578,7.125508419589339,2.6851555348151503,5.709043942521248
0.009210855039279842,0.03218063720203362,0.011447697110146171,0.0007837772668322963,0.0006785151085295196,3.253588867237407,2.3771389711021946,3.114575227232373,5.241288218361284,5.614346920710332
0.01026776337987137,0.0030734404873173707,0.007521204896796979,0.004761747921400352,0.01672610528890816,5.029567568822504,6.857708492414897,5.4538629971574135,6.070294743003785,4.423226660681413
0.012804700663882097,0.02018585837535295,0.004512127562248328,0.010732532375489844,0.003167573207391492,4.375135406668669,3.8853118132907056,5.776474640027023,4.573397029178236,6.260029693769457
0.008123725379339232,0.0016101276812604665,0.0019929968099379122,0.011668260315412977,0.01824414511413396,4.4291334048032756,6.499055888667324,6.259105806029092,4.00724842554357,3.605096113984632
0.002710473286875539,0.001422970572809669,0.029167468410637963,0.00018535571347727176,0.001373906537002763,4.982286437282075,5.666599468488022,2.77771385314994,7.611219484173922,5.791028125469698
0.0354546786291503,0.007507912034707498,0.0016473688445282034,0.045341754774135934,0.0031169001166258207,2.230859637574355,3.238229197867938,4.652636737076335,2.0751965781401127,3.932854066348296
0.011119560110830989,0.006777622293981864,0.01296801710650375,0.0040438244111430195,0.006861911515991,5.201507392300579,5.935633027250782,5.005927123932674,6.712082533326768,5.9058969572897935
0.003770291795933121,0.0010407421590380127,0.0031860693379694087,0.0021330993625556125,0.012568402433739297,6.3850806577504535,8.695515048269328,6.641251053625332,7.3097396981478315,4.6825770743554855
0.004166975284879595,0.016714370971526747,0.0020265419353346407,0.003889050777849596,0.0009708449950406517,5.709802147062909,3.996412951447462,6.885641011460837,5.813056767183426,8.076655535474533
0.017525449734364394,0.005443722422390287,0.002644454035055122,0.036837578782127435,0.008285793372354544,3.5402406598383096,4.750731155951877,5.7163667519686765,2.8965080728580506,4.300832633690007
0.03712967784099233,0.0040403638240087345,0.025313790267898012,0.003055619940238158,0.016688822617381277,2.5293197252942914,4.370385283472033,2.8061248225153235,4.573902056886321,3.1136231338324585
0.003819095858694589,0.0024826658440649904,0.0012508606631054869,0.010887831544399585,0.003140923084967404,6.786912829754042,7.54898782845279,9.01758514144622,5.17759883866338,7.151024701623654
0.005917017360975581,0.011309924670148833,0.009115518983140105,0.0020314052191458556,0.001862107703025029,5.603686114827806,4.742678169096967,5.048691655409242,7.301596312836596,7.503972276827715
0.014453794248321614,0.0034057229686476898,0.015338723614495462,0.0035269784342375596,0.017815457511453765,4.063462120833056,5.8540660413277505,3.9916221137105894,5.752425724529328,3.841010231522873
0.011103146187758182,0.04740326306466007,0.0044718098450598496,0.0052379486686387425,0.0015417617419813288,3.885567015952895,2.660492072242463,4.929171482557406,4.6795865807211,6.254361998194314
0.018021915220668344,0.0013786512749463472,0.0023002841110117524,0.012892987170287456,0.037103869867377376,2.9472997621400414,5.2281765067355295,4.8186107635126705,3.18655646201057,2.4575032431799895
0.004808915831821284,0.0031820077769957526,0.012963402305844885,0.0014227548895590569,0.003554248154970965,6.28702641378121,6.988606548656167,4.8365760888510145,8.465278140257405,6.797998290912213
0.0062077522553525295,0.006993035913575912,0.0017426813658413575,0.015414732081929889,0.002434690172453424,5.461239042533298,5.280131909788618,7.546532864475714,4.324361858675566,6.911618535090896
0.024624844416471243,0.022120585548948062,0.009167344065576769,0.009421776432915942,0.00503203790926566,3.461114114593513,3.5637955449188006,4.520804203069824,4.418252050979334,5.220917844832821
0.006139440465920278,0.000774891450745378,0.0019149454264150354,0.004765387341828746,0.03641810503820873,4.370954520583472,6.81859500626195,5.735585103770823,4.616660087056486,2.7779936973646584
0.002108737155956945,0.036294206540147145,0.0014628688161547178,0.0007579954476394626,0.00017172579516051007,4.696540356843454,2.3806948532083614,5.256135668228675,5.699826355608807,7.3788396555844535
0.01609512261296616,0.007445589293998123,0.007313959127380416,0.010299136325497189,0.01014503560188406,4.519335945550896,5.540873641949311,5.597070801897025,5.051890063733436,5.113463998254823
0.009610126936753876,0.00401520604300666,0.021241135087163743,0.002258516590335455,0.007548033260155615,4.770486284044823,5.975038860143644,3.872166950467518,6.8206599299647435,5.080746932518182
0.008569579174134324,0.0034571222922848005,0.001594037346525453,0.03258437908866328,0.005641743821648318,4.45995878997875,5.572881178035093,6.775333769794638,3.142819931923847,4.972470230390487
0.014353098153308316,0.010782361322150135,0.03895803334568618,0.0015093627373192354,0.002901332463940317,3.437750325334669,3.6946672627172235,2.6768219807231968,5.69832244456159,5.097615954196908
0.0025756134032396127,0.00014654951529986793,0.0022675082613690537,0.00017146850469214916,0.037841987340724914,4.195419083666224,6.789745712257063,4.27575996029575,5.737678915477335,2.258857175225631
0.007382355469629267,0.012011241744986497,0.002819692141394184,0.009713020298922478,0.0024441768472325473,5.479934949481482,4.823850468330438,7.06891280610289,5.107822025170003,7.265661756528819
0.006480957017390715,0.0021052599087627907,0.0017346828681935327,0.014369414784414615,0.008864783214214992,5.190919403022675,6.844863563695563,7.226258976244033,4.2038636640128,4.799909508704039
0.004698115797034684,0.004141809029789268,0.023747548965782073,0.0007033028148764908,0.001857229619939115,5.0555368236497085,5.208803336551946,3.341400971401319,7.480103254559704,6.32339093775497
0.014614069171903155,0.014879301549787404,0.0018933793449226015,0.02924683667203494,0.0021604279130634572,3.3370099354453915,3.3062119041404445,5.524483773479883,2.784124576070544,5.228788909818652
0.03400034969382926,0.015152076907373238,0.02728985946107835,0.0011461938071191794,0.0019758350756765453,2.2277347234647737,2.7248615580642004,2.383363376752542,4.499464747124492,4.301247898650493
0.005823576915620905,0.00188684353963541,0.004341669339451097,0.0036003049378284264,0.01318277180636154,6.142332798475047,8.176612219395901,6.616585564176606,6.904875081156383,4.9597900185461725
0.008635029482066627,0.01842974053268059,0.006929394030786697,0.004098396703676348,0.0023947900070462706,5.152194047035122,4.230373612304052,5.511246102010857,6.22224825924508,7.155008462394008
0.017908368505658922,0.0038827068070802994,0.007290050044204426,0.008401373104584877,0.023607436422560735,3.8958621867199437,5.761542002446502,4.933538852575639,4.692086822081967,3.6276877084271395
0.005458350435011575,0.0012695796389601444,0.016128639290067977,0.0008174255796852721,0.008836168949099873,4.716256124273435,6.551897630797835,3.5690991293376904,6.909969252062869,4.190319927528095
0.0013021212932766142,0.0007592859993974038,0.00019825994121593063,0.017242775437447642,0.0006495428039970704,5.521053510274179,6.06189487797328,8.209578656363734,3.0930376673423647,6.341726438046896
0.007040556127278502,0.013005837817814421,0.007182288266011585,0.0032732374674225534,0.00236879876114309,5.770499073561353,4.922383962362847,5.791989532364324,7.003583109589473,7.6398596350337415
0.014941521774691588,0.004259857169483749,0.009246348046551278,0.006242723829324736,0.017663959210606144,4.387971527067632,6.070598413993256,4.983584115948586,5.447244955385927,4.201954680947315
0.009043874720567937,0.02343431897159705,0.003144889006374258,0.008514656283559362,0.0019344504225005746,4.574136024025133,3.569707770970597,6.023480278247869,4.6436113177276015,6.715848953218129
0.010439642113388927,0.0019596829518608665,0.0018216048078622282,0.020619002435505095,0.01493822448751066,3.9187846903328056,5.817528110778397,6.00414865561111,3.2655697542231232,3.587494052772311
0.006722391602859312,0.0020179196183533156,0.08241482531358614,0.0002994867495867764,0.0028264292196212033,3.7200741765872545,4.7950368524640234,1.9660144562374382,6.309729860817188,4.5481342704602055
0.008815707931272305,0.005660603422282891,0.002806353144375165,0.01590376728017294,0.005376310126784322,5.369429191761291,6.017176963056453,7.2549850851631215,4.585491370042832,6.120058911966399
0.021218045405964787,0.008188847584123802,0.01256081927245375,0.007415213750512066,0.011451343743865125,3.9334631584624495,5.051182816434882,4.53976921141546,5.131740479120805,4.629235033233433
0.0027233868716576505,0.0005156616811299084,0.0015576526458609638,0.0019325489091399038,0.014954264113561417,6.007099838095475,8.531953501841123,6.823192351979708,6.450933502802443,3.921258263888568
0.001796770434614791,0.014844124702264603,0.0013278304346940927,0.0009945458425033552,0.0002854604135072684,5.830470354851319,3.4920062130919978,6.361945396286188,6.596546057769408,8.47317306121662
0.07085443704911734,0.014601296127054323,0.0046174193758260805,0.01682490371945391,0.004876315632985903,1.985961685063916,2.9682374087464134,3.969551840498143,2.851446267191725,3.8829955336572555
0.009608044400163251,0.006028239219422973,0.016824979390802287,0.0027946441215417144,0.005661860417796985,5.162430540211265,5.846686689853694,4.4494179861752245,7.0359120055123165,5.926013239581868
0.007787365198080127,0.005163853644169926,0.001881389369644573,0.022912007506466565,0.004052348284240361,5.036556534028691,5.578725670750956,7.231273112767799,3.8003279607812406,5.967547513965724
0.010433477399568757,0.01615508345326586,0.017053660160509014,0.002245060363758066,0.002360879997457496,4.214736627827376,3.7664240198953904,3.7445623624469677,6.124235658238908,6.110814985438065
0.01017206110083005,0.0011209596635505345,0.008135453419737355,0.0019608203706864657,0.04072155661205887,3.7272814571285706,6.08122017222008,3.93493365106612,5.319920232768196,2.6084507544311717
0.02230107807685401,0.060923995973189746,0.0029523438230906933,0.007378822792893989,0.001095486766586575,2.5745045893752803,1.9846681902269052,4.242278566540653,3.3554761696812183,5.031623985964195
0.007771273567054263,0.002359600975184469,0.003226013559261527,0.007939399772428609,0.014490388821312941,5.372960976774139,7.269539893912718,6.75062193776891,5.307214219266878,4.570690215567763
0.003296772166542341,0.0021408165385113993,0.014329859962195336,0.0006681154231647545,0.0023041604785609474,6.118814667064467,6.788524155352232,4.18036040933862,8.567635187599944,6.69296090321509
0.008276756328938864,0.010828343236887833,0.0016853127456124817,0.02091803595747382,0.0020636896530355155,4.38918883657614,4.080427264611249,6.523784034168083,3.4597975608094242,6.154678758835945
0.032887842483190925,0.03258143590534976,0.013052564378804582,0.004855459415104884,0.0032069965260884425,2.680924012807281,2.690525645254398,3.437363288499165,4.308043726306825,4.8099666191276
0.0038137477720216503,0.00014178285997530426,0.0008932759728856693,0.000952094142389895,0.11297142142535616,3.651230197343219,6.328485071956997,4.826274764453371,4.401140284742417,1.6165520721583446
0.006622640857903219,0.013298290150790008,0.004758199034994181,0.004437786479326406,0.0022483192331236496,6.027214334110332,5.026706297718103,6.638263067632321,6.677431295305018,7.9615858379528435
0.014158469765991838,0.004876707380022647,0.005715013936629704,0.010707112597368802,0.01374268576940825,4.59122723673833,6.0569379871555835,5.843964818382074,4.899674507581941,4.633814551585705
0.009366070625239187,0.002837559256254809,0.016323761338000183,0.002323649596590087,0.011604349089351053,4.691920014413388,6.347275819530773,4.052160413175398,6.603652234120149,4.443007597799694
0.005519031968064653,0.0017443322658218798,0.0010614340326521104,0.022973096650108174,0.005839343408186332,4.835364995090417,6.314805916694122,7.180837207873216,3.3462047554677663,4.783799275259823
0.004336525829019052,0.005270236975028213,0.02548886008042503,0.0003843389532055071,0.0009770336860431908,4.4400933765856,4.228133747794094,2.8690470362758624,6.870038390666775,6.127947731203596
0.005566042947560439,0.00209250185645361,0.007588140139551519,0.002187808612940709,0.009079356441062544,6.221011469674775,7.970591958501438,5.705376301588041,7.800682577116427,5.465494601838193
0.005368759619785931,0.014357696308166395,0.0025760809167864876,0.0054867271750880684,0.0015386511663782272,5.829889403790629,4.5163270294691005,7.089266434811667,5.8066791143572924,7.9735820735568605
0.01221003221659557,0.004263061721954142,0.0027167340946853873,0.02394523850230487,0.009309352321307932,4.305947024033769,5.622939250706419,6.335976738470216,3.5969095508693107,4.63302425316722
0.009093830928230446,0.006138823965260315,0.038649221984488974,0.0012127246934370195,0.0030968043087438615,4.155439138570376,4.583732883183613,2.8643374843663674,6.506221610457083,5.433667428574024
0.007707367343154771,0.005711442208800905,0.0008936039034368324,0.05146801663453358,0.0016441506335038772,3.7551464653594655,4.008276426163765,6.230221307791819,2.3209033604482903,5.304335023738905
0.014501102572219211,0.010287837809859996,0.009519138962284655,0.007093563639742393,0.006723023245303461,4.76724662886214,5.230531714778392,5.364187386873458,5.716535184821535,5.839076880936942
0.005121643726918688,0.0013230985782195445,0.00286465651974443,0.0038560931861549214,0.016646199436812087,5.784390434325419,8.047214484670283,6.6962953885819285,6.170735244870518,4.261535454638809
0.006412700575399026,0.02472477959613389,0.005256457703509244,0.0027495470405485157,0.0013728873901574328,4.9842962375097,3.516236549358901,5.2917091752532395,6.1387484042797675,7.302225585084271
0.03606322453019592,0.00489740647218904,0.009126616429222934,0.009702428876361772,0.024608355876573115,2.8380027797889578,4.716103999335739,4.067747549151638,3.944863677308831,3.1411594393836726
0.004479950612237584,0.0007474943330128699,0.031998693576630176,0.00019063406291632156,0.00522294605856734,4.055613584298751,5.770792438329066,2.504724580472111,6.528580080406147,3.948918551201227
0.0045218119160635424,0.003476481078587372,0.0014134191586621769,0.012929585365207875,0.0029163031460621384,6.38722979215739,6.811129787318037,8.595441079779143,4.869476509820234,7.155551680754939
0.012638706651815143,0.018706739439229132,0.010633720405539534,0.004597326858748011,0.0033881351144659532,4.507019388660114,4.071200682635648,4.767752095193647,5.821940183331753,6.328646975556736
0.012196984765464988,0.002176758405157975,0.005879494246525583,0.005401941705506993,0.03297273466155184,4.1305280799088715,6.323715688906097,4.981248018691121,5.03087394138604,3.183260015096823
0.013867480714881385,0.022486768352196304,0.0024506591652355895,0.017661936524595617,0.00211362263266868,3.5571669422291348,3.1310983332229343,5.493886059745334,3.3352794893848756,5.61276193486452
0.0030811515694656563,0.0002861217643228429,0.00039220197712032346,0.008946326163819343,0.01124496326639537,4.22847414826717,6.457321457590144,6.382998851517478,3.319233783067126,3.1722211206776616
0.0040062556715213605,0.003353015577053299,0.012040271192203201,0.0011472412620989042,0.0024407234789312134,6.466505443868967,6.767522892930912,4.848887161486643,8.724659225800396,7.3370306803794945
0.01714456709091382,0.01350981151689207,0.00500246653549315,0.015936159179823793,0.005398019287369062,4.094162157714061,4.3552335696994575,5.677671670736046,4.157928804902398,5.527772435681361
0.017752738007240844,0.009868317670176346,0.030419867618158833,0.0029725395457573783,0.005508727264282057,3.6668692684733935,4.280010814439665,3.2020392552916515,5.71303816473516,4.957153204454015
0.0032167111403373647,0.0003647982099942987,0.002618517496827219,0.0008482385132148994,0.02776216950984363,4.883794647885345,7.4424914624758625,5.098226030336533,6.140927590277067,2.8830922906492256
0.0019109818831643094,0.04494459805432855,0.0009706652198718884,0.0009240856297206193,0.00012329551625771392,4.508271369520518,2.1458053239498924,5.451993075397759,5.188910578174546,7.214190252147854
0.01201081445162307,0.00621359456867546,0.005272892442265291,0.010766281297654999,0.008656067177570509,5.136349077871745,6.109723255882699,6.412108306636278,5.2582345671787865,5.606732153049043
0.011202176899473362,0.00469089506416617,0.015843179626602116,0.003306098720917358,0.009342956301582694,4.864363880559475,6.105353310241616,4.441668648391617,6.6027003220559894,5.103795928728442
0.005801889315688481,0.0028324211200152966,0.001360088426958123,0.02138857634805723,0.00446259267722542,5.301999320303301,6.320341928654297,7.612841715804146,3.777172830981595,5.681168144834987
0.007973656139498584,0.011817713973718008,0.01923032662767109,0.0014496748615439208,0.0019057638664854491,4.385204782704328,3.966385376577574,3.522430484335694,6.484791859075234,6.223168727985558
0.007718116760320352,0.0008120790830918826,0.009497810357300886,0.0009862186002991358,0.028979036240243006,3.835393994067802,6.154600370915528,3.636079750746563,5.674453121286098,2.7461588544345332
0.011071817202593714,0.013532500646971873,0.006855975140138651,0.006748896896517264,0.004038076812239304,5.180928366792497,4.922712626184833,5.92710936154132,5.87821504370158,6.741731074707056
0.008745582890975573,0.0024084107236663683,0.0038939070695876324,0.007180607213189313,0.01773155267193597,5.108499130256571,7.081984953998647,6.302277631063318,5.336180599329751,4.247236258910148
0.0038921403675962227,0.0017758720053339151,0.015900597521797285,0.0007450657532254806,0.0036317113770958083,5.724895923337939,6.891940766181111,3.9660694196589166,8.112900839067928,5.835239424526951
0.00390060544293548,0.004171291713548386,0.0007752045518582363,0.02064284170192166,0.0012884453943241318,5.123771041873294,5.015279341316382,7.552001059828037,3.387231815426113,6.584301975733176
0.04093898413563336,0.02587201483242094,0.004624318485195224,0.015007684033848525,0.0034268112017044185,2.4372384973936883,2.7398531606164687,4.2489004630157705,3.1348218197754165,4.513697779494727
0.005479893938733412,0.001803159441502371,0.002616549945203261,0.005754490848295319,0.0117010499513728,6.129564699800351,8.112021568281698,7.417406581400922,6.010424812296336,5.033709655294959
0.003972226723779459,0.014527114519696552,0.0030437837902086385,0.0025038650336563608,0.0010602392860872025,6.167021427730618,4.41448819542421,6.652539970014272,6.914334279418352,8.519190134786141
0.029010665475078638,0.010239238117634629,0.007676401032808686,0.01492960118494078,0.010558780853427267,3.3489591046275615,4.3974704647769505,4.772105948148058,3.957026533722715,4.369588960113991
0.012007973542501793,0.0037949079741442836,0.046322932591112476,0.0013493824999618032,0.006472620484798401,3.752544716731474,4.98703097261825,2.64052897736133,6.098425241146581,4.392346272811932
0.005952109816341321,0.0018516885207652512,0.0005663509165701194,0.08314070449874288,0.002486024450622847,3.8069105923265516,4.8480590498646725,6.415695399951702,1.9555022503118609,4.634809593172242
0.009549651743799193,0.009818784661248952,0.013223205786727994,0.0032198832717584545,0.0038832856109237927,5.230598680656745,5.199705522215792,4.833329607880551,6.881660411395015,6.609189632505241
0.007335253499026856,0.001842260573986063,0.0065996749092918855,0.00296594247849859,0.01875565525371653,5.169284216932774,7.284637323969552,5.2968618246175065,6.43321486053204,4.0468577549859965
0.006350483496733091,0.01570805960852066,0.001849182204811282,0.00974318215022958,0.0014423246027255754,4.8801701092439345,3.86021277421837,6.664125256031523,4.384239405214853,6.980750527563438
0.005929113761306277,0.0013168403261052868,0.0009254334919327249,0.024946912582508488,0.007330419177344705,4.36061237240559,6.063562426175235,6.703937554052044,3.01448201124573,4.154887631287916
0.004502757480310181,0.0030438454400633047,0.058798765160218584,0.0001729192240155579,0.0009494846362995762,3.873869223956544,4.174371625134942,2.0659222066437093,6.461090539895857,5.346807184096282
0.00859586099862699,0.008191862739321957,0.002757580978836449,0.014910674867268912,0.0037085070060460875,5.310584292067175,5.370571984973939,7.158299735308263,4.600364762253849,6.600118756546305
0.021146018877855857,0.014521526285515635,0.013352140687676527,0.006783545907851818,0.006480096443727216,3.854658867021843,4.262135564527842,4.38527968227879,5.146465978748239,5.248903732381378
0.0054906315786686965,0.000920308267397546,0.002751402344130534,0.0033317744112946078,0.02928280880812014,4.923031374193325,7.362765049032967,5.825963796259139,5.525452168579639,3.2034616675281455
0.011157928690003614,0.06308617524811355,0.004691984726332553,0.003961109362020946,0.0012040003669180068,3.62576510370205,2.3113775255062463,4.541978270427072,4.654329013447092,6.078641222266017
0.018838690278999204,0.0008131009799320227,0.0019387532357414967,0.008234444626124044,0.0537666440405689,2.6462301555087326,5.085813030458579,4.451882904015475,3.1915210606828643,2.034594281684991
0.006533503965697943,0.002633046445615673,0.0090320750848586,0.0024936702371485394,0.008954971136629776,6.010931909849439,7.593479389342634,5.502850453476003,7.614541465930262,5.531878127121118
0.003185888057027895,0.002080397074497213,0.0009478471410540489,0.011211782990302045,0.002532964773869591,6.721472002130513,7.446378544479879,9.087766822666527,4.875332391508325,7.134971501215576
0.0054781476392140845,0.013610247659489554,0.008153218376963476,0.0017718135690151006,0.0014401167412190794,5.351703653464439,4.237070475391836,4.87425740760293,7.037263581352996,7.438326275149003
0.02017248175412235,0.003673781138256896,0.018706395241016447,0.0036706993749093145,0.020001586398008097,3.441406848590535,5.2746546790406175,3.506318255938355,5.233764847901086,3.4444999944733037
0.007752461974147609,0.06692703702109565,0.00270398771026485,0.003810666704752944,0.0007571393551176745,3.8263129916920944,2.200362292490302,4.98692645850831,4.5179538198407005,6.359225424732971
0.010576270274475356,0.00419283294308576,0.0045279128951302375,0.010096261600662806,0.0113195483627674,5.224648827618124,6.645641063616029,6.54668260246694,5.2663894317093165,5.140949873072418
0.005312474744931608,0.003565921527084006,0.01660113237641435,0.0013571129190244281,0.003424035079208164,5.788734606172009,6.406536098536259,4.290090838145342,8.038284473807094,6.478826429187511
0.017208854552102616,0.009245773068275826,0.0037183922146013307,0.02445755319343907,0.006419112612972154,3.9097487177129477,4.587222874358195,5.827464617848916,3.5514681751403976,5.052688034331926
0.02899657963248063,0.008334099051118888,0.029629596474063657,0.003907201881485202,0.009205336885101495,3.0494937527298718,4.209816798624639,3.0505662290622086,5.029201723731333,4.108073370558859
0.001491084183519514,0.0001270477464965659,0.0008826503875423439,0.0003653463534955346,0.02186009318242059,5.211472223128625,7.889819689267402,5.70081733050015,6.14976155872336,2.840709547935314
0.0033015043612987936,0.01007867397043748,0.0023823517802276086,0.00260819358497643,0.0010496577728723005,6.979058593084372,5.232333872756537,7.646364327928287,7.412666878795743,9.275623964748366
0.01751449756609116,0.010545249911919609,0.00545274082338135,0.015631919582527853,0.007059657461265272,4.181607450554958,4.777296981295386,5.707784403214566,4.288691985616827,5.305573983423421
0.01676785450931038,0.007324057060975634,0.028679966991277703,0.0030992162779778956,0.007303432235426914,3.8499498526072875,4.777604641576656,3.3538648040681274,5.864794848177966,4.776894558598393
0.004847642963454703,0.0027846724046883967,0.0007832218723218049,0.03722657000494788,0.0022404208521903464,4.697404590878017,5.31894955383561,7.229777515564066,2.803843229613246,5.642693986435532
0.013654782678947184,0.029498410557560292,0.015704302256814205,0.001261174938905035,0.0011818801480615142,3.091623486289127,2.539767098276408,3.0158816535901583,5.1010517948250005,5.354050303131426
0.008843996831435465,0.00271446724741457,0.00650258347576622,0.004470069219564675,0.015946700029305916,5.3210240939850495,7.20223890244894,5.760558749773317,6.280331018978929,4.555694196232877
0.013711081065709967,0.017339655599313983,0.004753721900239172,0.01194385960007987,0.00377382218480955,4.3871434457604845,4.1265236743633125,5.821988070434142,4.538558155965493,6.120936006223024
0.006762684813688882,0.0014364438231043446,0.0018697277678264704,0.009595879674877555,0.016853890214997946,4.762676885953169,6.86519685137003,6.5318406235856825,4.324493069489297,3.77296361391469
0.002109659321925172,0.001313649407088907,0.019184047122248495,0.00017259959185709058,0.0010983458553863086,5.470409560058387,6.003322755733965,3.2000882644144606,8.100012136380615,6.309586151249791
0.0039146333168275345,0.008931027654752873,0.0005277507003757775,0.015604510787011921,0.00043334015667875194,3.992810629718039,3.2859976902403867,6.286253266399118,2.89276568706578,6.0899337130475875
0.012534502386125131,0.0157092026093807,0.00895861377200756,0.005768720252613606,0.004024604883924985,4.7880738353957675,4.521898032391265,5.275739549206261,5.8324844033519705,6.434573823576748
0.009903619233080436,0.0022466420878983185,0.0047113979336675885,0.006131078264177625,0.024193372118723414,4.679604920699601,6.788761274536397,5.6691985575588015,5.259048596718331,3.7027185668136857
0.005852144424271975,0.031410765978885945,0.003348521047542148,0.0032063781992018553,0.0010345115117773817,4.842897532023555,3.1407731781698573,5.610039603661323,5.606671798554931,7.283052715355594
0.03773540354156824,0.004513687467861339,0.004586451787908426,0.01937619053538404,0.01930244253200454,2.6277797062982176,4.470200499142154,4.500827409169866,3.090793587823483,3.1349258152522097
0.008672927420532365,0.0007667603425098678,0.04114454602696501,0.00020236723455486285,0.0084670605391925,3.148727812340703,5.065433823531065,2.1447706991292086,5.588285275518112,3.189099222640022
0.005783675454956122,0.003142997792022568,0.0019913325120243146,0.012187337821113028,0.005276884480781894,6.191843619080715,7.232239114529985,8.173264934930451,5.08680598310349,6.353941469400207
0.007560581420255232,0.00833746070291001,0.014676793009070386,0.0022145262766056764,0.0030122150829453844,5.357098854374839,5.2279565806152,4.527159568900863,7.273365280858496,6.78715597745408
0.006830706621093716,0.0016435777918585976,0.008461247142492356,0.0021208422823348174,0.016413580542257243,5.0386745060243845,7.119545583643685,4.745338737934294,6.652686811926465,4.011053756525814
