RSS0,RSS1,RSS2,RSS3,RSS4,D0,D1,D2,D3,D4
0.002773464907023322,0.00800732864915043,0.0022137712366932165,0.002143523791868554,0.0009520428958316551,7.54983443527075,5.744562646538029,8.06225774829855,8.06225774829855,9.848857801796104
0.0027791337077867494,0.00211554732739065,0.0009707993423488052,0.008115234214456937,0.0021602893187483755,7.54983443527075,8.06225774829855,9.848857801796104,5.744562646538029,8.06225774829855
0.002740482690266009,0.002114678279813395,0.007735915774638466,0.0008922040019184765,0.002121385437883922,7.54983443527075,8.06225774829855,5.744562646538029,9.848857801796104,8.06225774829855
0.002742339393350524,0.0009195549787943672,0.0020942247636635573,0.0020537278361273744,0.007923578806244108,7.54983443527075,9.848857801796104,8.06225774829855,8.06225774829855,5.744562646538029
0.0003275842708972471,0.007360694426011128,0.0002604931745428819,0.00018229967545993326,1.8229952257540675e-05,5.852349955359813,3.2015621187164243,6.5,6.5,8.616843969807043
0.0002708249053695715,0.00012333605838029264,1.8775367897626137e-05,0.007723404110180837,0.00014105874232884922,5.852349955359813,6.5,8.616843969807043,3.2015621187164243,6.5
0.00024449263224413147,0.00011114540546071112,0.006798463330200633,5.361775658505628e-06,0.00013853423105280119,5.852349955359813,6.5,3.2015621187164243,8.616843969807043,6.5
0.00023338197964089597,1.0064098209886503e-05,9.247424671259738e-05,2.425189723340335e-05,0.00710583793829579,5.852349955359813,8.616843969807043,6.5,6.5,3.2015621187164243
0.0062011592676084176,0.008525073433113825,0.012918712833531727,0.0017897798093201107,0.0022255942676441347,5.483975022145271,5.056240826116828,4.556113919266711,7.4424317290580895,7.112129975987212
0.008318685571634362,0.0019325485002260343,0.012107675306441332,0.00207472866285342,0.015861886867173713,4.635550744215205,6.606556335719706,4.184000004463447,6.439783021735917,3.9153639405999185
0.004872276675377865,0.02802996790696773,0.001713322516828581,0.004558137150113261,0.000733305558265256,4.712600803301551,3.01788054549268,6.122531414839262,4.788718172628579,7.163072642078514
0.014178297230400892,0.0019055470983851664,0.0011768871949252556,0.05067605977888159,0.009062529204685223,3.0756297241111286,4.798454076271579,5.483576946445127,2.2021308480849475,3.448743956512931
0.0073712946915642005,0.00578323823635378,0.01553825335531157,0.0021813632201041233,0.003978365589387902,5.587001471103761,5.9537312189108516,4.59978659278857,7.567769432074003,6.556085375374354
0.00952155466633113,0.007785221447086912,0.0024599891068475235,0.02048925256227404,0.003917664777857926,4.837917525966175,5.085272676975247,6.864887109553248,3.9603304090935385,6.078724683427466
0.030930880388798918,0.014434632827937475,0.014980668134262931,0.007507443520267927,0.007828145205713417,3.22015631955172,3.9358132069695415,3.9273361321055638,4.61680022853013,4.609575668599214
0.003596748148473992,0.0004253830536771653,0.0015575828815328871,0.0020575355055064064,0.032002533156286934,4.878448683123489,7.45567884892737,5.846978472629743,5.423224672493567,2.830437423684836
0.003688265123943797,0.050625822531395,0.0030496535182848094,0.0007227378600867272,0.0002663466041018944,4.070314699707279,2.1395255365031374,4.328179205850572,5.513781667000339,6.675129510950128
0.015207578264946417,0.005470310033530656,0.008569125649106297,0.007619417035091332,0.013577900670264816,4.553297273920528,5.950570602728335,5.3133344409447405,5.406802127695691,4.696354078573033
0.006235363169573879,0.00237160375082402,0.016485650610722387,0.0014885636810834156,0.006884708631848677,5.279719666985481,6.724498558404372,4.087515126812875,7.419103693303018,5.150922117633314
0.004380963940594018,0.0028272766614595283,0.0008746004376575004,0.025475022158099176,0.002319296123437015,5.218522634509506,5.772101898585817,7.7022449906581185,3.3378704405141297,6.094981267085083
0.01680972339395054,0.03419802060209968,0.01373742145396051,0.002719115088875464,0.0019738273442244016,3.2527848770746814,2.707666516386826,3.4649014703291536,5.015543511321816,5.461662837368225
0.008726550812468065,0.0003542179184678732,0.002650152687147795,0.0012907987143877663,0.1261168263166254,3.1663812879824955,5.783034293084295,4.096856909483464,4.3894993319271585,1.6150712946438006
0.009389750382623852,0.010987025454949447,0.0041648691866788086,0.009671481728817006,0.003741872351576005,5.470281110862008,5.2501155061750024,6.816158689872778,5.421063694348112,6.9486860654031695
0.006096447793822851,0.001982272793834364,0.0022169949100722458,0.008774922897842862,0.01088283845633941,5.674773559775945,7.517277367353443,7.3533959598093155,5.131634999464042,4.888420081349389
0.0034002253705903065,0.0026716978357536705,0.014946997151307354,0.0006778114372989945,0.0019388667408242212,6.010542192017316,6.3717884594263765,4.102356391436692,8.451266586830588,6.903154837634854
0.026756889533918148,0.016954783114390137,0.0048899113917748455,0.02004533814949898,0.0052640147611256695,3.1927572046879953,3.5901241649792786,4.967311835007546,3.422456759400791,4.847515406494964
0.01827374215574732,0.007435351909136981,0.05839890021106987,0.0013021105619779492,0.003954662646721276,3.0642857172114835,3.8408080627979873,2.281155099540267,5.438384440737343,4.47525276807451
0.004509996902971983,0.0014631434155221374,0.004213694808254024,0.0024345938306162564,0.011264390077448568,6.514814686738811,8.629683463937834,6.602269713313242,7.569389370204316,5.1394731361622386
0.003996547816632781,0.013824723483209143,0.002464970646685213,0.00323114358267103,0.0010986415294659095,6.235461007248735,4.526571237892325,7.102667247177272,6.58134225836296,8.559912427947191
0.02028216359566637,0.008244836672459913,0.004458941594018576,0.022528031689082517,0.008750373980012778,3.736518151848061,4.715623793789255,5.555340609146188,3.6140457266824058,4.656825961277567
0.022866258446982424,0.005624803695737465,0.03292345914121017,0.003028913256141441,0.010706229904073305,3.2373928047864236,4.628489894621234,2.951997102023464,5.314803613926942,3.941891124873305
0.002606363626857317,0.0010433953449780708,0.0003210839819551751,0.03924438370687203,0.001382800037844301,4.6919721468052265,5.583818709516476,7.350235038558008,2.450153083124857,5.3712357863014955
0.006985721507745309,0.010474592919457808,0.009619403250155608,0.0026519215706688605,0.0025709362729085,5.734948340835986,5.169209600419999,5.313597491440292,7.317441263383963,7.420144004737412
0.011065103549632032,0.003066084624232678,0.01037848549466061,0.003810217503607189,0.01702797923911044,4.706292528221234,6.530463341055866,4.777782804137028,6.1213699609543735,4.201360169457921
0.014062340763134356,0.02983179815842295,0.005557110532642422,0.007873810831292873,0.0027032667215997983,4.031646484031422,3.312726623509504,5.168168951601444,4.668873143715588,6.126515246230697
0.011812058004232219,0.001621490359601506,0.0025430737482966966,0.011129739393984874,0.03052859642023572,3.74062144300316,5.948016455628504,5.457231812309481,3.7687024964074127,2.9335299220022657
0.0024639149209454564,0.0007015176852741749,0.0393769152148326,7.57242155804338e-05,0.001674447660171977,4.504113519576231,5.68685820470921,2.325833657850512,7.152941701878219,4.922775736715039
0.005942508658994172,0.005638527131926785,0.0018836353420737895,0.013924405829083568,0.002944943051898083,5.91044590547931,5.977242607220907,7.957078211731824,4.748857540038128,7.080911835181774
0.021123199061988722,0.014385933649045727,0.00852000601507147,0.010701469006449743,0.006722682010966462,3.904169536066285,4.324727137865986,4.995757796941475,4.639771930493408,5.2708457305921534
0.00489750623700957,0.0009098384996907368,0.0019278979142383643,0.004442624167806107,0.02170050663608875,5.149524524489727,7.526286902957812,6.447169329326475,5.2411080217482935,3.519973169075012
0.0031914140992009626,0.027047945373950538,0.0024718966666556026,0.001266597183097591,0.000432345684540389,5.033424645372392,2.9470286052526844,5.4001417547233705,6.124475189775658,7.614837471745987
0.10338163949584207,0.005694013178825317,0.007029308525690028,0.010140498560853358,0.012860720061945866,1.757539541840759,3.6201140655144934,3.4997779765196206,3.1511021242314374,3.012086425541567
0.007730730055540005,0.0038883710108232766,0.016251398066823415,0.0021903280800368587,0.0063011520419639,5.417526938451498,6.483251144427183,4.454484493853239,7.406535232598059,5.715474683346866
0.009836116790939596,0.004436097426028568,0.002306068616460011,0.023971512308702203,0.006638103752706032,4.690043620148164,5.735998487969068,6.801993892514279,3.7048478246728886,5.204934165174576
0.01135099174725347,0.00951962177602501,0.029650628572347945,0.001893590424338032,0.003285929262560327,4.072017149721359,4.2606525121608385,3.1914367855038663,6.243186572527083,5.568616300829789
0.004192488531354379,0.0004697959285208218,0.004680681774833501,0.0007226302594016121,0.02628813929736729,4.52922379785758,6.982289813485523,4.410345409676567,6.129974697297184,2.8766934808309292
0.005127953883358336,0.02676496916750366,0.000763692338322348,0.007828557390040089,0.0003370597930778422,3.572226028864592,2.3958385526705905,5.563931746717665,3.250270930316842,5.981768570592871
0.006547820233663055,0.002789438558827744,0.002491376117461979,0.010131532911902864,0.00809392581283116,5.982696357548896,7.445707887263676,7.702111835126593,5.3162754530272895,5.6698100030598155
0.006070393735870426,0.004755709656541591,0.01666988890365351,0.0016216442753056708,0.003312878722271041,5.659747335432225,6.028707722508242,4.346946543084448,7.8210955468802785,6.612122427665253
0.013055341908676577,0.010080672012502167,0.003018752580125968,0.02282654577289395,0.004448326834762522,4.264075590665714,4.551608481364772,6.230836442099133,3.679858491522701,5.625614768022299
0.031500978195223336,0.013407530628321545,0.022471154945590016,0.005040468602584456,0.007068776066127965,3.0370540433095736,3.7980472684486517,3.3463431863148454,4.821761276066066,4.474620818638803
0.0028556757053003375,0.0002546978218737264,0.0014005737396782037,0.0009964353942896911,0.03789972560663593,4.7149706232676705,7.355207708578393,5.434942204865036,5.560872160581559,2.5224621940126712
0.00932020691451574,0.014442755787119604,0.0071432927778832,0.004978603157359071,0.0031509415571649635,5.382988695869132,4.802803554189052,5.836265404312825,6.315943376102338,7.133457269766095
0.012013349622029632,0.0032558202376108546,0.00570410526355718,0.007458286893946557,0.019295298436209272,4.6645832112491545,6.520380194559998,5.672485913400287,5.228726100266705,4.123265112471509
0.005516899061064234,0.0014889150104928299,0.011050362915299839,0.0013411499572472522,0.010395901194688424,5.194098200525507,7.099460833775461,4.3279035748376895,7.157273425007023,4.422099965298484
0.0016360779336332116,0.0009945106587471888,0.0003379906829247134,0.012674162825692838,0.0010509850143978082,6.127740570978533,6.745342207035844,8.76210869428207,3.7846876013773185,6.752685948599524
0.0030112403666561777,0.021020411008350837,0.004287041381746418,0.0005180463248393025,0.0003217938645545118,4.5519513096573965,2.8438291750668196,4.2460497316944075,6.277864535569498,7.0251802164800115
0.013318157113022054,0.005405904620874158,0.010895198370521981,0.005365257667151155,0.011382208921286751,4.835940744249822,6.117196514746908,5.101797116091477,6.06170866588223,5.035131831815262
0.006916192465006426,0.019545126342553974,0.0035251776502325687,0.005473304865002594,0.0017721449083151158,5.307064447268097,4.052274125452949,6.370613923092389,5.6342829479726575,7.47722812993549
0.016391697773276977,0.004166096116092799,0.0035703184059696683,0.020483541712927298,0.014496507105498128,3.852733154836886,5.455842003706163,5.709349770801776,3.618070026879591,3.9900994417876716
0.005526299066435755,0.0032599426851037316,0.04038723184678544,0.0005563718968425209,0.002319465599525918,4.494873400555788,5.078701877519069,2.700063381354629,7.008382945495752,5.533042654212255
0.014787008431754442,0.006963380468539209,0.0011785794985642909,0.06573724295404652,0.002311417192371575,3.005816754175849,3.5841989977675937,5.468013123042981,2.042229469378557,4.606884659264898
0.015093201027992918,0.0091583622996193,0.012762902938842755,0.005611208736925633,0.007465856860431486,4.604539488412205,5.261178448116731,4.837287503112326,5.91643620881084,5.5428845502830635
0.004393853775563111,0.0010445873325392466,0.0029298583381132223,0.0027368420080701927,0.01707207611880469,5.836040316707265,8.197819710598663,6.44905158910869,6.521385340361353,4.112722352528229
0.0029234157272881507,0.01680177252650464,0.0018818161989566237,0.0019432640559243334,0.0005723849571926713,5.849035174643015,3.754575161612738,6.557543103497162,6.43591900152568,8.3860354342337
0.040965713807014255,0.011166379689251372,0.0047053242162888535,0.0250580530452102,0.0076992183782538135,2.627801050683463,3.6684638745158495,4.585720311501606,2.963417950378893,4.0438903948201155
0.016575990488766557,0.0028933065327406385,0.09239608325667947,0.0005039510294633465,0.004502494622260364,2.7907014524949085,4.123950787809984,1.8013440381103774,5.322705031304908,3.8169436848918536
0.006182823158752348,0.004118528789220743,0.0017984564149585273,0.01651529947997389,0.003976964418618587,5.7395916877031965,6.354847792598595,7.885272111094709,4.439404151132812,6.442184025313776
0.012659759190748947,0.015530602634992579,0.015228922825942102,0.0034858623160601166,0.0035035968079974583,4.369584826680245,4.147422808174314,4.202524052916764,6.043619337761481,6.081564532695838
0.009531878590607721,0.0015327977214765727,0.00643753252341763,0.0032309224618944535,0.03456113468296424,4.238674369219584,6.537650301687601,4.67628384504214,5.483164252250336,3.0318062849400684
0.02435079558985263,0.030787984807009953,0.003721404227715209,0.015022370520413232,0.0026352774191382797,2.926088028404519,2.7493134472212177,4.716040618874383,3.298930611739419,5.056209832361892
0.00266980577279291,0.00014399589705974716,0.0003311351991644413,0.004040516113932131,0.02194797693231883,3.9891851949007817,6.4480228339376575,5.90982062515012,3.5918264458324574,2.5000397139745103
0.003454973407520407,0.0026341351912234656,0.00963848588723558,0.001091851441587308,0.002521170862885785,7.029670724653903,7.533016468287364,5.363020150309304,9.277421832680059,7.621430566673401
0.007623034584765552,0.010062327851323154,0.00248931312587703,0.012691170413290136,0.0026970276139097844,5.340864480131961,4.959399232801134,7.1505109810391865,4.681864959640387,6.960892618045619
0.017861187827981673,0.02124997657527275,0.011957420651664183,0.005666674842286255,0.004127096389101217,3.905986984294411,3.7408833640354597,4.381214620357857,5.2267032719791215,5.7025661153236475
0.009255709056872527,0.0013109661799899294,0.0038894154964761924,0.004655383934498231,0.04235283428263667,4.147834295755035,6.527531695330805,5.14549996662473,4.892125180690724,2.792917588568466
0.005122350041495294,0.06117654821406679,0.002610338510089701,0.0019577527530291634,0.000517695607600072,4.158847660250256,2.2186430023547796,4.934109058425871,5.123143129163759,6.757932446424737
0.012918071105903001,0.005328197883249349,0.0059840015264354856,0.009633489515564343,0.011405662902483809,4.923101498369892,6.207250433214963,6.0514196711066415,5.27770562750968,5.093515366213831
0.008967786546179876,0.003290243295111466,0.015444637069711055,0.0024893386420650923,0.009694820235012697,5.014757447031405,6.489028316829806,4.34325652690407,6.887068116885375,4.91813948648214
0.006592180406508647,0.0024590524364080596,0.0014548233478283402,0.02200110705802645,0.00625524282590223,4.959289264933339,6.3068588441130835,7.217230271856282,3.619487150076295,5.04109428070917
0.007481876162258185,0.007585907672660299,0.02974125500736161,0.0009882715318217717,0.002007273084668201,4.268920064238338,4.2511485092628405,3.00846715652766,6.58760065561109,5.863027663409548
0.0033523390709900708,0.0003075384006073283,0.005626770087468619,0.0002530000999527386,0.01921164180568997,4.339234381766264,6.733810720499956,3.87162555915274,6.218394131085624,2.883349305978165
0.005501033071933824,0.011606390123803694,0.0025698923081322123,0.006375369547509242,0.0018193831344940831,6.080512218589277,5.006808120310926,7.45338254601329,5.864498810948079,8.054634077797424
0.008894012014111767,0.00350481427396803,0.002370150339246244,0.018513975146781596,0.008171887950679224,4.949389536679096,6.265670129016778,6.957734735955655,4.072203447232606,5.072897732649842
0.01210688819954959,0.007079864786879293,0.03187521228218421,0.0021480477407898354,0.004756290698026139,4.147529281498295,4.757187318933009,3.2324833092151457,6.321000706962232,5.270025340959425
0.006880606105943739,0.0046165655053221535,0.001032212578797055,0.04330287617328798,0.002306754238397453,4.256238507116143,4.665471090705819,6.7186526335795005,2.6628629796164396,5.519466637339587
0.09914828279522868,0.012334138638887122,0.008690934298715751,0.009241576867905188,0.006794917795120803,1.8183682356921056,3.102286894533479,3.4153364922294056,3.308837065495093,3.6039897482032135
0.004321387077153816,0.001284124124926331,0.0024269274190503723,0.00376505236352629,0.012414552484121415,6.351870189866289,8.56333127415954,7.351030441837741,6.5310689217768045,4.833411559843128
0.00477429302743409,0.01632642463629057,0.004666544148774222,0.0022074319417159094,0.0012117795534314065,5.708215410421261,4.158164618684524,5.792486046376091,6.900329828789332,7.992315893873422
0.032993149649919555,0.007450655977351005,0.013015096026078947,0.008438130849259996,0.015815586759207752,3.1249052143428724,4.597641687822463,4.0084332796806725,4.411635506204359,3.7936468085012285
0.0050127440215992835,0.0014472734700838802,0.03537101971375273,0.0004061072787324764,0.0041699303148565545,4.431127663778827,5.803002285916177,2.696429206388259,6.928134978502395,4.6470366057374255
0.0019408873896246332,0.0013035859454550048,0.00018893515522177144,0.039385658578589874,0.0005064575987598001,4.468078758282815,4.769110156895228,7.131537361735895,2.2513619075131452,5.7604725406719
0.008832971966817626,0.015076020125901967,0.009009013256561484,0.003566403962094991,0.0027277092929735526,5.2062938638414735,4.533524717228657,5.228185773442217,6.548058117619541,7.046853569616982
0.014231801022625683,0.003230303961015512,0.00846536514657142,0.005582629547245164,0.023458524670033183,4.221823406758136,6.15936767124413,4.835861546419047,5.31620436585797,3.702671420222759
0.011873472339586804,0.02745811639707883,0.003214015451079437,0.010915399681950308,0.0021043468929514164,4.000242897057163,3.215304447388297,5.598346633740858,4.08196048969058,6.137239100891997
0.007546474061981757,0.0009936330788198051,0.0011570981193812471,0.015283996709153062,0.016996303033175127,3.898558558640911,6.016781943510803,5.98929327755345,3.2443618333591644,3.193094535798612
0.0012804669476748113,0.0006038818957897766,0.03996279310959391,1.9478977501857858e-05,0.0004359517666082141,4.52204277686761,5.110620672980194,2.110705886320622,7.2417306227926295,5.547909343937455
0.01059282257854296,0.008299434296121002,0.0042799866293484375,0.011871711856279074,0.005375884768622546,5.320806394798133,5.674748954836587,6.7893274285035385,5.1504363359252325,6.357608487586387
0.014343368538303848,0.008583477270388242,0.01581462015742087,0.0044381121675152735,0.007035637047611436,4.565293545475632,5.234535971079229,4.467574815288555,6.142034319549376,5.5030394765257284
0.004170831187485264,0.0009272883856572039,0.0032113598557885667,0.002199770050577783,0.01750105497648423,5.752279871409286,8.143331754377197,6.126938601470792,6.681172861994217,3.9829129260119243
0.005271707819859892,0.029553148316749846,0.0024232430816835964,0.0037505354368868237,0.0009030048714644856,4.8879118798197485,3.139673809243778,5.966707191685773,5.308650523292274,7.343419738876072
0.026383368032421535,0.0037799886674198704,0.002652471252435731,0.03318956743411627,0.013411177526309532,2.82401209583432,4.539557254584803,5.001828647323254,2.6328309512107912,3.3678640957116386
0.010215024075419216,0.004446933030697946,0.011467965651882009,0.0038441117735142877,0.009772677116361204,5.289287796780989,6.5784320178959,5.133531360601068,6.752776211609409,5.355124926673014
0.004662800729130162,0.002455306965987852,0.0013239215649376345,0.014480482179817077,0.004136414166280032,6.026415416631567,7.059681820941966,8.274783343670743,4.490359246534567,6.228664233580965
0.0070394860981677475,0.010792455638778604,0.014668848232457298,0.0017480295586977579,0.002057380949692957,4.9474387840038885,4.434550916074412,4.118839698953499,6.927442571198725,6.729714645932274
0.009582906984209359,0.0016037471357733838,0.012387880655196873,0.0018887732994854393,0.022016669461190835,4.091390381882955,6.212425712185341,3.815822130879159,5.909183698229523,3.2991994914686753
0.02014078009381991,0.06516026377856547,0.005890007477323426,0.004968320589119987,0.0015818454328342458,2.933544986991244,2.1639469460642693,4.0254797535228075,4.123940486401431,5.341227012215643
0.008691383041814826,0.0028706243621591954,0.004360169409463505,0.007021703562206799,0.014214228508531707,5.443834898738063,7.23733274529122,6.524375279930821,5.718671525456288,4.78452626112266
0.0040272562029160545,0.0021717363524891304,0.01351862282813639,0.001000539549638184,0.003546165340300165,6.132201567826818,7.142423230001875,4.457506454335757,8.446207927020884,6.339840892360385
0.005523347361836295,0.005859372435097771,0.0012739386295330703,0.01947843025623143,0.002022730104843444,5.176125073354557,5.0776797079574365,7.448321393670974,3.7559352985112398,6.6182860570858315
0.035062122775041914,0.024612599288221976,0.007657286947157774,0.011839084776819107,0.004838862768630709,2.8531063451224807,3.130086728005763,4.26131082629729,3.7578799441756816,4.741623003605253
0.003510847340116524,0.00026750542382533363,0.0007760255350369444,0.0029418389698634938,0.036712412826677907,4.266621023171477,6.821139840986633,5.7927491254535175,4.341908276356739,2.4249043652157694
0.005128212363312536,0.014020012168951695,0.0038108515180515427,0.0033915416532106467,0.001558238282354964,6.164400236089662,4.7482571821512405,6.717849025064029,6.846178862537177,8.333889504520307
0.020067849692801152,0.007207114940044883,0.006769627380956567,0.013283653196520579,0.012210462632374417,3.979722091806344,5.201054757626253,5.31988594935984,4.401725723148443,4.541520149046599
0.011639186739272351,0.003639194845791588,0.027056926587062075,0.0021169547961604183,0.009337155861275589,4.167144817803057,5.589682035950234,3.340872319030014,6.290370737327391,4.414254931702629
0.006323753890028007,0.0020807030321588877,0.0009132148793731541,0.04240979963156122,0.004324652208238393,4.306570967861217,5.5360839095816825,6.791219566360743,2.6405385442991,4.737602974978063
0.01824268804129292,0.009732788099536933,0.05122986389181789,0.0008360644786160058,0.0021570452446824182,2.7919785254860074,3.250151120508983,2.168544930916638,5.185335192265375,4.5854995221245245
0.005657889566716984,0.0016663757281951586,0.00495385910889227,0.0028408849562529645,0.01439898523076668,5.909625509881922,8.02238608850787,6.096265252678046,6.977313043219761,4.635587209945437
0.007657994610146818,0.012506608834718247,0.002334027004200451,0.01226502780683377,0.0022337944204262414,5.049726819328226,4.435705871292748,6.855638305297661,4.472103009392891,6.879243804595428
0.005085840536311914,0.0013778042594028428,0.001125456165030299,0.014896799585909802,0.007846927747832886,5.035236318187207,6.796765191871521,7.224055214112542,3.810542720326897,4.528928403777941
0.003007333730864647,0.0029670894601098023,0.02247837663004091,0.0002678466957812723,0.0008778980632550059,4.963218438464022,4.951526656297102,3.029065789611993,7.489448242562382,6.383530238653039
0.011770792569232236,0.018493211678867222,0.0011041908823237734,0.021154065236377858,0.0008707404490034467,3.0014137583021814,2.667355568884539,5.227615576550354,2.58631097914759,5.1867314723428555
0.010428863268504628,0.010027699152546352,0.010978454496898713,0.004245740743713515,0.004584635874461266,5.3219932352846016,5.394124567102197,5.289274562491028,6.683621667585282,6.59929118522699
0.006983112080756045,0.0019298026664046706,0.005157008069753221,0.003695262117781082,0.017437802952353237,5.492325444611481,7.5898137859366335,5.928894123178422,6.417124905687419,4.327355344070976
0.007819763173314738,0.023186495603776374,0.006575184452223374,0.00323924772734741,0.0017778626827200548,4.8965849006978175,3.693020501924021,5.171118660585209,6.100214682913311,7.093284637729728
0.026374191881800926,0.004053858643057324,0.008711396683356616,0.008402956783646725,0.02817377692861541,3.2089077583146612,5.160001202124664,4.288863118218634,4.266126012663946,3.1573035325758694
0.0042392647399168695,0.0007704389793133118,0.02146281769516356,0.0002810338798181814,0.006245272003920878,4.379632936699651,6.178703321203166,2.9345827367790784,6.763918500503021,4.023182147132017
0.0046416114616187635,0.0033110230890982238,0.0015235862632061745,0.012239127595627187,0.0033042224444022675,6.496088361381063,7.066476831550067,8.653843911055198,5.0506745649303,7.103747826809953
0.0070956312967019085,0.012796099398560407,0.00973238004305269,0.0024866544577978036,0.0022072187136530277,5.383938981948944,4.624867180793354,5.000998173636878,6.9974006023651,7.251496499531624
0.014303951762494499,0.0032063753703074757,0.012276561130394867,0.004033824148079497,0.020977998724246265,4.104184684843092,5.992795347131194,4.2662453084655,5.611400433278424,3.7114778433939075
0.01267889320841063,0.042158589235156606,0.004211544975298354,0.007074654491057699,0.001835300177188665,3.797112386663041,2.776607434346602,5.05493396192581,4.391328682126723,6.0931581392108125
0.012492735737682227,0.0011178067043341637,0.0017069388596145107,0.013259915897958753,0.031200516431385585,3.2793465753743645,5.541864938412444,5.217445943872728,3.2072551731356147,2.606906390193937
0.0054730645335556985,0.003367779114241961,0.013444767889567135,0.0016465163496686233,0.004229141808471785,6.118417182213997,6.93252107940998,4.820372430088697,8.22399338925219,6.542951101357797
0.013652734362116226,0.006716835334941196,0.0037233139843886134,0.01951802009966336,0.007633872377771913,4.470145039297891,5.369286600232289,6.289748484580688,4.050118189069798,5.209141459903451
0.022797607349415664,0.006558786380801458,0.02025542789457499,0.004804129006241829,0.012803633533078125,3.557571787409209,4.916302026148424,3.683529514314879,5.267280547143003,4.140363321355846
0.0016710614284765246,0.0002310802910804139,0.0010830069795621543,0.0007372292867371061,0.013892417239600642,5.930542257669411,8.564561093623562,6.435583692532853,6.702680469514447,3.6042969097446433
0.00082488044879738,0.011742053753382562,0.0005970351785804937,0.000523518270784144,7.772577146854111e-05,5.754602515700594,3.2178180547665125,6.504024019315569,6.31890590083294,8.478003726929698
0.013944682624308242,0.010312343625153784,0.005524333449132116,0.012175452100509859,0.006127950631158982,4.731163277812026,5.12732635472499,6.074875934928764,4.885048034344949,5.871825642402593
0.0135170564040328,0.0077848243492668594,0.021607885799069904,0.003265484661184329,0.006305741747420704,4.399097998016036,5.0915910528395525,3.899436907162574,6.284784658153037,5.364683303135575
0.005808259819032224,0.0040002590710808,0.0011739712320281968,0.02759749766269772,0.0027451245236052814,4.974699861733419,5.435264224465983,7.374209211088413,3.3341139662224806,5.996097083845557
0.011836932081357669,0.026517258044481157,0.01445393487887171,0.0020172309583334496,0.0017007779851616362,3.6571817742875017,2.972558438832894,3.5127816097908378,5.514555505412622,5.823560198717337
0.011348393263619876,0.0005817727735536818,0.005167757054418068,0.0013462804066883287,0.08198121639417208,3.1084639905833042,5.638292311464147,3.7363803101384696,4.622181188520817,1.88009483058447
0.010974190918602942,0.01492324934148032,0.004773303196837965,0.009453308988216495,0.0035467997816897197,4.967621806864291,4.585551269696863,6.225193461656336,5.157664122160196,6.65787146053818
0.007867413692796038,0.002095173361066191,0.002525090681715897,0.0102032455058816,0.01505828333947417,4.973867186116309,6.910574178950408,6.64443039977642,4.618468819075873,4.209830648312713
0.00379648840220165,0.002280871577456165,0.022292446776536693,0.0005381356453407505,0.002257937332004761,5.374568782254787,6.047258631769101,3.410047430882673,7.883118400068966,6.099396874353195
0.004940751610436399,0.007320621220485872,0.0008407343213168591,0.02100847449746358,0.0009991752145528973,4.423110889193347,3.9984994739476574,6.750229854089549,3.0922834270421737,6.256182688592287
0.035868058423921954,0.05268605150169636,0.0060528988831476714,0.00417489803892044,0.0014540195003360198,2.2418947041041974,2.029001388864987,3.515838213366031,3.7001439682823216,4.683517598191006
0.006966352146723746,0.002359615842352519,0.003841303037744246,0.005685210526293532,0.013049430463160696,5.8968271671893495,7.780102317970801,6.887737687463867,6.172860830125253,5.001514690702217
0.006784870031266527,0.017753642753299752,0.004001508098053774,0.004890126288661883,0.0018827450043779601,5.526987741022869,4.304327723353738,6.402634698216242,6.008448709944321,7.6529700005163095
0.01737133345399046,0.004815564710703002,0.004596734045652225,0.016381628295690117,0.01496960514828875,3.9603520085148367,5.507331328205037,5.6092654558387895,3.988096928188764,4.127720642687238
0.01355614945373987,0.0027338812391822682,0.02082491927848823,0.0023405786177171485,0.016386493938461158,3.7927210443822714,5.630071927999497,3.3908018486122615,5.768182440288099,3.6154883385999645
0.002891200529009111,0.0007522401182966266,0.00039120850161507444,0.026347333627291362,0.002827138163074188,4.759887500226622,6.1799456495169665,7.317589155496747,2.7867448718861367,4.808464390909388
0.005555709563895061,0.007040453508847138,0.010330642948043046,0.0019372625491144452,0.002418985735121813,6.16790495222424,5.809037560776227,5.2694370540728155,8.019921204881568,7.638140193583488
0.007350818948631004,0.0023091025540233037,0.010399227978829263,0.002354006147431884,0.011892476463166775,5.325298959172686,7.122312935702071,4.839014125321636,7.021506982412612,4.68937911189342
0.005966938237364277,0.021891586407701225,0.002597291673655855,0.005284195283739252,0.0013036420213253554,5.131359341668563,3.666077192800684,6.375527950929641,5.292857520619022,7.431122082369869
0.016358637203911456,0.003648080155702979,0.002491510376833133,0.031116330513274188,0.012066982028211048,3.533150068720427,5.124362337404523,5.668596889988596,2.972088174164748,3.8349979727750023
0.005586895734320495,0.0030909384993753346,0.0632476291502554,0.00030011345019408814,0.0015028110424660924,3.9534370530705707,4.480208829526673,2.1477521176834786,6.530428003291115,5.2141210102004605
0.008791168313065029,0.007408513721673026,0.00295977746583702,0.014486210375579166,0.004272779470124794,5.409014632891924,5.649979481789171,7.21237767335012,4.7430461619763555,6.526301437494232
0.019873359235363326,0.011669846016629458,0.01332290620754753,0.006739370125080409,0.007601702674574093,4.03085708991892,4.645352988935929,4.510221127271177,5.305989365030425,5.188093423106728
0.004585100785317674,0.0008718100485645289,0.002552318119463397,0.0029222740262088162,0.02272601044867709,5.345939819814896,7.7831378464097325,6.164956741774391,5.928866121461635,3.5469579047332274
0.005761777641213191,0.03217824827396068,0.005293024463263698,0.001704572518351226,0.0008398258801569417,4.487365375605037,2.890818641065912,4.619723461726222,5.910249670321395,6.922142992803869
0.04836384208678532,0.0026074608918478922,0.009310038178150203,0.005281519462878704,0.032877646469896,2.224012187563358,4.453457227643738,3.388946796927986,3.7957212790788857,2.4615399940704714
0.005569967998455809,0.002560640890750301,0.012171016382331529,0.0017040380652782211,0.00608434677248622,5.9825790186092815,7.303764060304286,4.864495372514545,7.994947667032759,5.851284814398922
0.00387664118783667,0.003239236680631721,0.0010286646831597697,0.014971195682054109,0.002130580323369468,6.066786368783243,6.319799165537065,8.431946005886504,4.30279911717047,7.0478317372214105
0.0124760573743322,0.030801275625899665,0.008868071968688622,0.004080813015654512,0.0022892415322571698,4.06551901861952,3.213888020092254,4.489275534629341,5.376178471339331,6.223167487366989
0.01795464287662731,0.0018672849711171655,0.005363074002839775,0.006297783133942896,0.05111691460127173,3.2651528251801794,5.579293947569374,4.429413758070019,4.2074623828840405,2.4887597292989065
0.007107829321206416,0.02292556630932509,0.0009744119149939878,0.012155147381584117,0.0005725991481690939,3.4697855355878806,2.5940184784999594,5.547582600480187,3.050106656626821,5.774936489620515
0.006287804875055836,0.0023217892229315455,0.0021528833501814697,0.010650836720987713,0.008940007566784135,5.716782068831947,7.351039660688106,7.533338675648895,4.961048562855388,5.227371265945002
0.0047969446622393285,0.0040029375537211625,0.017823753893184805,0.0010601091806479058,0.002418849847046146,5.6208190042607935,5.883575427902406,3.9995667254718477,7.949256478804605,6.676133067989403
0.017183748611226124,0.014348559847111909,0.003245547950918329,0.023852815641259704,0.004005192882460069,3.666774096798278,3.832793763866085,5.623694316689956,3.3562667930798873,5.310381955902128
0.028730987269772298,0.01319753879547393,0.03367929319183764,0.0027119972234613573,0.004571972912156882,2.809732681632751,3.43603553070712,2.7218810712793053,4.937667355977087,4.470218710106764
0.0017722205322314502,7.796810968915545e-05,0.0008970867679809913,0.00017518870848109218,0.050983562280106885,4.322598443614874,7.018779551849096,4.851002933623982,5.462369920415037,2.026437320034468
0.004508114597802988,0.011444773952313681,0.0029093157050166696,0.0038271741300214706,0.0014952795410795037,6.597381626633271,5.181176908858861,7.458691288958424,6.88613192662559,8.729621669579059
0.014328195532911585,0.00669023372572377,0.0044906591216630634,0.01612091862533635,0.008813041411304524,4.528514888991905,5.522070589909371,6.1601470639669555,4.366632838920858,5.149915591512225
0.017342000774379734,0.005501855206615948,0.020441201918006267,0.003927497912388831,0.011975751909316814,3.943729227447886,5.310883484526283,3.785009683295324,5.725356070692374,4.347472490153258
0.003855881317253191,0.0017988705942664051,0.0007161522228438424,0.025539614703534226,0.002706883986238348,5.187226226959104,6.146708169309972,7.710926778970401,3.218111257968242,5.659735907323135
0.008246705230310927,0.01784261262447095,0.0173041585874577,0.0009133907207015922,0.0010766913675746416,3.7185190145441283,3.060842321519103,3.116374954309898,5.826059943667114,5.855425826176097
0.008474615769679965,0.0029290878255300388,0.007828610027690553,0.003781250034661549,0.01312548302852819,5.50976209621362,7.250208071442859,5.61918329337364,6.718611153297621,4.914207935621917
0.013008742524056396,0.018662735653356913,0.005997442545487993,0.00853128682535095,0.0036353285688709045,4.572514365663246,4.163910249844713,5.648310183553277,5.090419169259234,6.362202973784447
0.00941970412218255,0.0020425049944688576,0.002978577090024516,0.009431950320562484,0.021411733846925157,4.532920899162188,6.606383238148777,6.072579807366023,4.49650066599496,3.6674847330056566
0.004419940813826125,0.0015670747432664487,0.027039934893681724,0.00048345469776293497,0.0037079421926411865,4.866320020472158,6.119204590430573,3.056674257056141,7.3497539802055,5.090920964201832
0.0038214344121103114,0.002731624372533041,0.0004614555680205727,0.04558664180465253,0.0010155404204370746,4.294746307489555,4.577027514046026,6.8823173478891535,2.3501913995107606,5.651593653745462
0.015247887169649088,0.010209591320446458,0.00750654132460033,0.00955711959935664,0.007075338520250383,4.659265244291048,5.184568863653406,5.653630000393789,5.239653905742665,5.704187140281486
0.00448874967916753,0.0011620832877270804,0.002140890077977504,0.004260765659829853,0.014523246178003837,5.906371519371609,8.16840822172941,7.104458981715045,5.941137233460998,4.364350601506664
0.003839425128335471,0.018268677533230894,0.003459283792448594,0.0017584174478373238,0.0008077290409407268,5.590052895563374,3.7494775568592478,5.77620827628313,6.718095020122237,8.027378202190409
0.0518045255375752,0.008961688960094829,0.012113121315360593,0.009767249586885858,0.013569666977067015,2.5305497035032825,3.9850017619521765,3.7219491951179493,3.8670994030102137,3.595431067485393
0.004566044479426409,0.0010506084912218518,0.06447744897124448,0.0001511656989892161,0.002830972904123696,3.9207426051485266,5.24551679850088,2.038327725930939,6.526075791266519,4.385088216706569
0.009668378848351446,0.005128550578328731,0.0030287599232819338,0.016350921604451528,0.006766083353098853,5.179487216142563,6.098568188676301,7.0276185825949575,4.501861026501655,5.697511886116074
0.008790407116179899,0.008116799381510477,0.01977627725010106,0.0021435060745117057,0.0034008466608981746,4.886288077582929,4.990783903711523,3.9710804110106,6.926914372471052,6.232471290003037
0.005315713223778082,0.0010372791266997688,0.006589286901873757,0.0014972491727799054,0.017969023404781063,5.02093263914147,7.273825955429491,4.7367463890008406,6.631950149079812,3.6757291934679444
0.004543593243560589,0.019636287884365944,0.0012105529228225856,0.006981353899916317,0.000687289086727035,4.564288311816784,3.1798984527892054,6.362348832524309,4.1455968110817505,6.895919185773818
0.004886617190462585,0.0006383079888918969,0.00040175156306622694,0.04188817121553098,0.004992785559491844,3.7133856012247883,5.45297402035936,6.226501492014038,2.192976155071942,3.7206907396413698
0.006230258814612346,0.00602111041343891,0.01469526732935259,0.0017950266112687868,0.0029332281434573167,5.710561518305541,5.763928570371886,4.574268727824687,7.765120173851097,6.928069943667924
0.00969340229723338,0.01066845457635521,0.00252155240992989,0.018047942237211366,0.0031224648704052866,4.695173955090037,4.569380745875227,6.6434823538816135,3.9941781571150834,6.261794993157824
0.026375485841492716,0.02063317635422514,0.016031874004818304,0.005619685761239921,0.0049598396658050836,3.2541100418229303,3.4771368628771184,3.7434963357009905,4.812972004196464,5.008790629024809
0.005565001748735311,0.0005332780003371986,0.002277239783498805,0.0023855806867903954,0.054960169315047276,4.21007125322744,6.774408846741155,5.146121446458421,4.996682296564874,2.3572833286856523
0.005565025660451304,0.128398366129924,0.002345612724842018,0.001236309673232744,0.0002679222821535252,3.480603854369896,1.5826372543414866,4.318593168299093,4.645315858887268,6.142024560621652
0.011292615455527896,0.004378311139606216,0.0056690117688949606,0.008316463060103866,0.012242316753634954,5.169178682782434,6.61643502265185,6.21203552389156,5.554406463248255,5.065925789042975
0.0074810645525988945,0.002672679176292376,0.012495079433927444,0.002267825152586444,0.009826200979513741,5.338833666001621,6.944538554457066,4.658911390241715,7.162460086055671,4.977918650613326
0.003108707627506003,0.0019944734912596437,0.0007630592223342092,0.015013003096983495,0.0021472937875390515,6.110842228098541,6.768057645924818,8.590923258001045,4.108627879056632,6.699117940062205
0.005937050934471173,0.019683745139743247,0.008453729419798273,0.0014590032861109027,0.00109596958615185,4.643176145125647,3.4190587803048347,4.284155428570273,6.384683366712838,6.886813957567616
0.02510036349303489,0.002147958833866362,0.0156696195462641,0.002657742236530412,0.030897119813225814,2.7873389963301203,4.9564910547326715,3.146028454302378,4.651991221578668,2.640400307771572
0.007713031197322098,0.014537498595077738,0.004346583877665047,0.006092232497686246,0.0025086817660053633,5.642087957813071,4.780473160797357,6.613559605559979,5.993925457586529,7.537465715099117
0.011792476469587901,0.0037097586565623185,0.003875655687402127,0.012918755976902323,0.013851983212866814,4.670958039633468,6.2852432563973055,6.249575703513419,4.536353330825081,4.486804567166398
0.006099722547088703,0.0034430910595345757,0.025681884499765408,0.0011157526343453877,0.0036319964425044825,5.041999196951147,5.811613919798351,3.4632985290497356,7.406016142488075,5.7505352317256575
0.017841824843632687,0.007343289624965841,0.002418283337167274,0.0425165391719749,0.005599895883327508,3.4252185466611382,4.278719991463756,5.6641487153350125,2.7169216984211393,4.5996520976516555
0.051105638355365246,0.00634130304575183,0.03009895131313076,0.002911615145093178,0.009673934265329587,2.2380534940991565,3.775032818675392,2.5870205551604357,4.396031338841464,3.430290673226193
0.0036306025888567777,0.0011018465578297393,0.002711555396592818,0.0024667408940053583,0.011080212728659881,6.738895150522054,9.017835874311706,7.240844777609596,7.375336101224348,5.050153645527645
0.0044004549002127245,0.01640117509968926,0.0029962597448431843,0.0029577729199829392,0.0011299105044363428,5.932568677462586,4.224306790450289,6.593311430212889,6.551258398952404,8.27924962576778
0.02756349733191294,0.008583777787011724,0.006093281612571165,0.018507241506150088,0.011311552434823678,3.345978148459273,4.528977057092236,4.980490699345401,3.685899067211127,4.228416530601738
0.015176502163659384,0.003724143817808369,0.04347516073209691,0.0016123958594027688,0.008651404891590574,3.4654464033290044,4.8981679079747265,2.6367347124764673,5.750327608468365,4.003322207114781
0.0037048397555017195,0.0010725336155832349,0.00034856217729181975,0.06799762394551943,0.0018637799951820818,4.094285612486691,5.193084534186337,6.744182947105284,2.0105585614961123,4.749549702237647
0.011354743823776454,0.010669183851160221,0.013712074027699387,0.003827689084964785,0.0045041030270275536,4.945348847352735,5.032702473946725,4.744537648997693,6.511705839583779,6.291649724258063
0.00701261150713436,0.001657448347497794,0.00550435123550151,0.0031291306341176594,0.020839067342048045,5.160972470584662,7.360293640749387,5.4793368628155745,6.264833695163494,3.885531006980851
0.02499328056070643,0.018914938651887418,0.005774263780385042,0.015951605392989735,0.005156507796574617,3.366836245127035,3.6188526026416805,4.949834309687119,3.764347607440958,5.0571808790427655
0.003928381597246662,0.0004915856996662302,0.000962640657846633,0.004963150755982428,0.021317295295548846,4.689697904997651,7.100735241152946,6.363322494210657,4.415275723547894,3.0929099429707514
0.0004634370310087805,0.00020915826288839967,0.010400155137997892,8.985266023731948e-06,0.00027261116341409326,5.667075263589441,6.380406196682623,3.0737082004817307,8.413311000115591,6.286644641755142
0.00567797980397331,0.008666082778150735,0.0019837058467095103,0.010148316578272313,0.002060175142516236,5.856261505740947,5.236066174743719,7.687716820418864,5.048822410849417,7.561429009185441
0.014310528320322374,0.024109535610049835,0.008423310910617394,0.005996569020866092,0.003265637357135082,4.216742442529597,3.6835001908469125,4.8907505811778735,5.257603294845403,6.163899739393211
0.012656623166258488,0.001979899865734073,0.0042166219370577025,0.007440878522149573,0.03608101260197215,3.9187917687547444,6.149052969593397,5.1796512122781495,4.459268008638343,2.983790446873659
0.0035663824483269193,0.039149386591635534,0.0017820029999132782,0.0019277984566633496,0.000400165702875391,4.681928909670891,2.568385491595784,5.583018345571184,5.354514243462213,7.296870054823808
0.05093628185568484,0.002720402554423942,0.0020525724854019056,0.026853851789971205,0.010928860216958094,1.9937374285396883,3.9137962796822183,4.3078948221916615,2.322072365120082,2.938056593918117
0.009148949989482708,0.0044554575218237165,0.012031717360950888,0.0033220640273616047,0.008127720670432608,5.516151590586525,6.666138869082405,5.132663106884112,7.107153169300015,5.693720165126599
0.0057885334334265,0.003114060589215807,0.0016741779854537603,0.01578123478056864,0.004750487894024902,5.790532877316314,6.764759587528914,7.9513741566787015,4.453783899906276,6.1072554989535135
0.00810134734775747,0.010672508223763415,0.01629133360082013,0.002031264443433858,0.002515689323582673,4.860803079895325,4.530537994760639,4.081031718949265,6.826418773556875,6.536745263590283
0.008417475916745118,0.0014714859988105267,0.009914828268923263,0.0019706830776532744,0.022883671669365706,4.328041146203537,6.503612440048021,4.134330272984281,6.030853465335348,3.341692019937546
0.004300225300496562,0.02592932728081274,0.0011762357119667276,0.005180702939475355,0.0005162344394578605,4.442647470210944,2.8359992758160195,6.112047320392277,4.256419932575848,6.887041541671897
0.007990702699745953,0.003784355705868591,0.0028477720815903817,0.012617951222496888,0.007573533724381801,5.645367153353198,6.844166297708081,7.404289941083833,4.991676177466157,5.735654128487459
0.009528058549331562,0.006441566890500373,0.019420067471532937,0.002502035025938467,0.0048846632377006925,4.9976455954248005,5.533133847889416,4.154892786375877,6.977806885308559,5.944522925877088
0.00834004807933764,0.006045359123142559,0.001822995736177167,0.026137930648350793,0.003579455111329487,4.745765885750576,5.1364992695187635,6.97041922619731,3.5295670408375575,5.887356192633592
0.044009128004864645,0.013389965676226964,0.012300293381974506,0.00990600318169697,0.009294162522280327,2.747988264109253,3.75225759640269,3.8664225298850456,4.019161084077335,4.125947397823036
0.002028423237833026,0.00017777806578996814,0.0006845019056325319,0.0012090151042499046,0.02611982516374305,4.967039284546946,7.606979919191243,6.115766204449486,5.285864379737604,2.734376531768525
0.00542751162767569,0.012768029829821705,0.00521453702431446,0.002857012379515897,0.001769089083751496,6.156581374885858,4.931569799218079,6.2779287202566305,7.238411388872551,8.215023296779082
0.01908111621666114,0.006344608634774702,0.010121806079456694,0.008012637184227026,0.014130122235596171,4.098542728661057,5.466407012315813,4.862127170593686,5.094685895547976,4.4401012795909685
0.006166718427879341,0.002282976962302381,0.02101193684903646,0.001173664495248505,0.0060806772735490415,5.000616073940451,6.38407243938016,3.6306642059890204,7.268466114748925,5.025528959885704
0.004086900663087702,0.0027686844196622446,0.0007039166531056169,0.030660046594485672,0.0017701612494381174,4.926824595633883,5.363260307796504,7.463807427385871,2.973008556863813,5.98185924801817
0.012017749926246393,0.04110867656226852,0.01081586380821101,0.0014391492648924004,0.0010049501425666398,3.2208564837339027,2.3519234019244455,3.3379740171399748,5.060213675184069,5.587153952514785
0.009938852460005195,0.003132696881168527,0.006716144176316752,0.005209714070839878,0.015804790385361787,5.178787442654959,6.974534625519934,5.737710933797979,6.0595669806163945,4.582089644455341
0.011524103391468272,0.017089762968093815,0.004036183741928281,0.011354531069883468,0.003177613027697206,4.610342177118596,4.159539767656594,6.093809986496183,4.623417548601539,6.419403313511359
0.007227745451281167,0.0016523424219503518,0.0018569186242240942,0.011853647203348708,0.014708740710376292,4.708005887424859,6.69914189962355,6.586191458708321,4.117368205697885,3.930920589475503
0.0038749285286703524,0.0020387721962530207,0.033629513764373085,0.0003442521652364751,0.001964293765093468,4.81896569015674,5.531932731409446,2.787178169937557,7.394355853949631,5.642923081256422
0.025634328675213116,0.00714386482657146,0.0016214147233929571,0.05781793832139565,0.003549406576146967,2.5661806725023397,3.4910392275192415,4.990890987566346,2.0643579239265035,4.121069230159932
0.01410904987666374,0.0076613364361522345,0.014728056295399162,0.004631468885248453,0.007890990328305276,4.6537075021507075,5.470441648203007,4.616712732535297,6.164409994183874,5.421093543257995
0.0036384461589641917,0.0008534368980782536,0.0027923303463155014,0.002068318890546762,0.014985123730315625,6.06184962898662,8.46648840440546,6.460371289404217,6.910545901152248,4.220262544790111
0.004194242219506193,0.020341901232831864,0.0017754228923045846,0.004028177652346496,0.0008073847302608271,5.294559619663919,3.5423175263156326,6.591091785516916,5.349974972580984,7.71470736159892
0.01660606880953429,0.003815863960103196,0.0018625221667772757,0.04973516652855629,0.008098067551966404,3.277795053900778,4.682548341780385,5.611363747578887,2.4495872556637437,3.9448221579232916
0.04054325205899985,0.0020168692725435655,0.020132764445838884,0.001577208005822394,0.019605861243743715,2.1838199586502736,4.314864405308674,2.6164605170724036,4.323456208428597,2.63060532718209
0.003619555532382599,0.0023242834884399286,0.0012386272265198187,0.00982579734803743,0.00313916736136162,7.015893971024817,7.829046918960513,9.22373796332266,5.419242973818862,7.290511694390158
0.00553367172412316,0.010188156906769436,0.008698852671962918,0.00197196373271516,0.0018546365561632973,5.831428512253387,4.983691664500437,5.2237166491141505,7.531527159667629,7.692459579369421
0.013344909433209803,0.0035358317050776453,0.015413070792050444,0.0034258874635049613,0.01567495840260226,4.259436618343483,5.970016003801113,4.093628070028996,5.960520936599537,4.079768317653506
0.010811526653799216,0.041635963979813895,0.004985222761761417,0.005025854523295281,0.0016880210937792045,4.04771615996567,2.8468437108182654,4.9776273825457205,4.89808512214983,6.3767933249768225
0.02015380119289569,0.0018410099153103555,0.0030677405518537925,0.012558941961597176,0.03705990484542529,2.999961073469018,5.233253874137421,4.767165617375218,3.3576278622227216,2.571495046365915
0.004500398295439998,0.0030916834027190595,0.011736426655246629,0.0013945910305514673,0.0033601158761782566,6.524314764228788,7.184742826173068,5.06222461544548,8.689490677148193,7.0365358527632145
0.0064642988528651945,0.007392818235987953,0.001932608314536544,0.014388030373294523,0.0025738990497264787,5.531464104498746,5.328384578426229,7.544255384934007,4.503154557153292,6.985879190417322
0.022167089271862016,0.020911558514934474,0.009674724991773506,0.008543687179197327,0.005014270827848959,3.657553694361714,3.720074296308884,4.585817978749267,4.661080509930936,5.377401350487056
0.0068414790655746596,0.0009736330119212974,0.0023757385411651774,0.004978555711347238,0.035389715453477716,4.419326533776629,6.830693041099698,5.702263397332368,4.748166611622621,2.8987111968177297
0.002499633238433276,0.03186499853348118,0.0017816531717199627,0.0008934057456131446,0.0002433749380080029,4.830911003505257,2.58608657155867,5.30102251853171,5.88001381848683,7.482483444150095
0.015006780980306833,0.007420552127320591,0.007530612718781266,0.009361900339464244,0.009606221613828703,4.693824089940933,5.661165417631284,5.6681969389599764,5.285405626419262,5.292936357905247
0.00881023342423156,0.003988471612475394,0.019547623750037487,0.0022051578329911796,0.0069330740067861055,4.999155072415107,6.137998648028112,4.052327321788364,7.04001038019085,5.320533382369897
0.009355250247473305,0.003927309825879461,0.0018708115356047526,0.029724848452896115,0.006091752980141202,4.492319474731119,5.575538758757931,6.737100067958395,3.312604896514514,5.027448266833287
0.0127876857848823,0.010291556567282747,0.03561743783228702,0.0016028122054066254,0.002967865600930325,3.67886649592111,3.886698283741741,2.84165006480051,5.915500173175637,5.287881791490874
0.0032270234190118767,0.00024090550756800732,0.003232795458390291,0.0003246353451825891,0.03283636473626593,4.283023250146499,6.825197409745177,4.26831792285892,5.871119010205147,2.470881753665822
0.007330269991180883,0.011895039200370584,0.003007030551641663,0.009009859024158797,0.002504963936033987,5.6039795202847,4.938052118518785,7.109015083141461,5.317055338738526,7.377317547885058
0.006945724066575744,0.002344465146134583,0.0019734666293238384,0.013923285530853266,0.00923570961090972,5.229470254254391,6.855202263116362,7.198208211911301,4.345171667291832,4.868359088237769
0.004456184721683506,0.0040501698944000195,0.020565660425571237,0.0007553269234878233,0.0018731367878980565,5.290203259147031,5.412887964650731,3.575811261562752,7.6932486550130905,6.5324685172084065
0.015751545450611852,0.016776357972921683,0.0023306330395797287,0.025300717513908746,0.0025902475801976394,3.408683479001651,3.3398279711703553,5.495186665894591,3.0068537754623006,5.2994146132403825
0.02874908199533186,0.015616927697444855,0.030973873597329407,0.0014088348063248635,0.0023541937799987727,2.464287848876567,2.8765794071745097,2.446221855936404,4.707592573256575,4.457658591509778
0.006188027204920826,0.0017749955145957865,0.0046181684236187796,0.0034859071769836486,0.015906182565806767,5.751509993162214,7.8707387424416035,6.190677450902962,6.620819216816845,4.495687494824167
0.008859459915771509,0.022412718328999125,0.00727823617164667,0.003669518690272927,0.0021074972619034697,4.826243089399095,3.792559258669687,5.129816783806599,6.022476606888661,6.942747221772076
0.021773423067352016,0.003578769774728523,0.007862039460228861,0.00798741303422538,0.029643172672586926,3.4486050101186074,5.4452205240036395,4.499845300296428,4.420084309719722,3.183602751066761
0.004231760635179556,0.0007843843474889457,0.017258534841307634,0.0003570183944816418,0.007169932810059672,4.530500085076703,6.399191177544393,3.1960124475661913,6.843709993619103,4.01263184393959
0.0007036036437774687,0.00036400761151092324,6.060227850038172e-05,0.017920355983401203,0.0002882527921558613,5.227740376697329,5.77353730962343,7.964803015560981,2.687089841373704,6.109403066314196
0.006577021897905502,0.011771323415452603,0.0070022098204701125,0.0031045035512646843,0.0023328462087441066,5.987919366298749,5.150369755990778,5.941155552682216,7.239684203984626,7.822023270942546
0.014006961644502953,0.004355820583199165,0.009494050458305986,0.0058746748708247915,0.015909038862800626,4.564825120408438,6.178626492409738,5.060939900563565,5.662344398101149,4.415861346002199
0.008979708704244577,0.022551103084806904,0.0034490628789085325,0.00793636488615728,0.0020473766753116808,4.707584709995772,3.704237165301887,6.059258690365365,4.858815877022277,6.826517020177141
0.011565642725288431,0.002352943193649225,0.002224069865717082,0.019573220818814536,0.015771731090605607,3.9525083634219924,5.817990048513769,5.958935959652223,3.4257447299244648,3.6600049892365383
0.006530884053165227,0.002307961305281463,0.06610293337736893,0.00039677603820028755,0.0029510923539241432,3.9408920733480937,4.942062610098029,2.1795777286957962,6.5046676773013505,4.7578648389195255
0.008879356882309371,0.005871642937435348,0.0030177006425859436,0.014586278742017652,0.005422770076785553,5.46614123699257,6.082291899713791,7.271616501313675,4.783408147265295,6.226003958573856
0.019037594024623912,0.008085082774545683,0.012665867028627136,0.006825448085833363,0.010611188282540368,4.1408317340392164,5.189289821051261,4.634385320879806,5.368002197919281,4.83365762672391
0.0029785962457106034,0.0006124196944416503,0.0018133518043203253,0.0020700939541081994,0.01484884794610486,6.065180869003331,8.557764137765815,6.815481799536797,6.566737834543928,4.041968692335128
0.0021497672704083866,0.015611964918419393,0.0015652208504066997,0.0012139258725663497,0.00037448395068363804,5.838989302766308,3.5753943674043547,6.365330197497374,6.608340459787675,8.450097471223154
0.06432956813255881,0.014151665638822943,0.005353747610479056,0.017516912257529816,0.006050255873411522,2.1378191719118114,3.150648549601777,4.040697537613973,2.968721110698642,3.900507061970229
0.009160376607308077,0.005766165898345673,0.015402861832766963,0.0028217355810521067,0.005711561320973258,5.334219985432758,6.039609672070786,4.641573220903609,7.166840568965587,6.0358032369362
0.007728821119002129,0.005076956189847973,0.0019891774720308814,0.020943001045689993,0.004260401480759068,5.169700696742243,5.742038806391002,7.320784260152341,3.982176340156247,6.039917295269387
0.01062621757585936,0.01510173580563293,0.017024697959958573,0.0024498240925702824,0.002636705349687132,4.321358346181476,3.9479119776132214,3.856883220845903,6.202638771763349,6.14510105118237
0.009791836585766095,0.0012592853343472608,0.008038447176484054,0.0022274536910795524,0.03666253490294924,3.91530019960789,6.237636839908674,4.106618951097519,5.458464261730206,2.784068598205384
0.025012009014416362,0.05180616046190594,0.0036529657372942805,0.008773014399880551,0.0015848412741625156,2.6401366727984645,2.1842805604623843,4.275844125467722,3.4143521079135746,5.01692751943825
0.007333984575108861,0.002337324816325071,0.003212225083005606,0.007441802459280891,0.013533714043303448,5.57120586825789,7.450218883290365,6.905373957584482,5.512937525397539,4.750884995880869
0.0033786526398012933,0.0021945616426236733,0.01346609804235824,0.0007532971044322365,0.0024496724601693783,6.244849876733561,6.937740499040809,4.356298656410889,8.661348739199399,6.772300697240733
0.008651770304600221,0.010605272833228907,0.0018702859782462316,0.020630481864341303,0.002336005004516844,4.478305141534856,4.234389085869427,6.5797921092436455,3.580051630986643,6.179027670343039
0.03235233338093197,0.028611288321446156,0.01390560850580743,0.005391147607292343,0.003767716823860045,2.802501866770493,2.8975019188520585,3.5250244405894318,4.391154303796595,4.828303641731
0.004383498244940506,0.00022667788736746014,0.0012052514104791052,0.0014246850071662571,0.08930534415756702,3.8111626287825726,6.460118257910982,4.942678879905406,4.5409081312216415,1.8212065395948267
0.007545295080824423,0.017512731482759347,0.005052505923782397,0.004649137375749847,0.0021688770241257067,5.455959339609195,4.381538754918979,6.119671888269881,6.171272203594405,7.505804605109345
0.017440544379351948,0.0045734405714799595,0.005693498577287338,0.012182063963481963,0.017747420984912592,4.026531348911133,5.684189556640325,5.406401736988225,4.381407270023973,4.014461170781117
0.009366846809896271,0.002178066324611271,0.01904833239638617,0.001719153642534331,0.01297011114622194,4.2650577298885,6.079016393957424,3.5412251849550835,6.311985350743704,3.9277212936459946
0.004320504777158367,0.0009877283507090252,0.0006128826066045078,0.026589329237974274,0.0048969580463574195,4.503292179763637,6.104554492939188,6.957512242560312,2.855224038015937,4.392458919031187
0.0023873042553146525,0.0027818575469602293,0.02860894199358963,7.163228689452461e-05,0.000365583509899049,4.1336714999781226,3.9673482122624115,2.355400083238728,6.680312162417393,5.868102615166252
0.00538777094760857,0.0020309537832587294,0.0073159744256297505,0.0021509869659795513,0.008959504223838188,6.291908913278199,8.056512657922577,5.777726247297687,7.860923289109663,5.501712400581533
0.00498675343528343,0.01327127891702535,0.002364717812386959,0.005389422429575196,0.0014601977349832092,5.9643730192024424,4.628150053494432,7.269181477767603,5.857174375725936,8.107263293289517
0.011310001234740736,0.004242411045417672,0.002518216736756702,0.0246318083224571,0.008320470098953717,4.4130781072393335,5.655789286450851,6.486589670887004,3.5881292065270203,4.791926993231217
0.01009146349574337,0.007119649758123171,0.03702668375730726,0.0014063414854767668,0.003206748322881188,4.071131373306734,4.444487754232895,2.9168529565129937,6.374965893832387,5.42169253277227
0.006524485629925065,0.005287708733748423,0.0008098577064246643,0.04591617916360357,0.001453928089558433,3.9408310725334097,4.1148186476770565,6.421981612494606,2.412146606918998,5.488949497054861
0.014279180501986519,0.010583522007009703,0.008856817795028508,0.007482503329546698,0.006478052277228471,4.803121717840452,5.209436424804827,5.487714447627349,5.659058809915594,5.91622587539539
0.005291780370281374,0.0013881374050843684,0.0028285862497557483,0.00419712033457172,0.01644878149049741,5.757643100067825,7.992832436759698,6.747504651602641,6.063999432067748,4.291332866767537
0.006203935507843083,0.024761328890870578,0.004774642205148516,0.0028605896480043253,0.0013348140995376324,5.051623016628402,3.532142921614499,5.447479952744046,6.112507862466224,7.386593029641492
0.03668387502345292,0.005289094065675531,0.008319393285225893,0.011274429876338251,0.022551086437176356,2.8421628123695473,4.6585077691536165,4.191344118390679,3.81947815614445,3.2332776355840744
0.005630031621202546,0.0009297945287056345,0.03615518093637486,0.0002674475632444623,0.006020922939149218,3.8947636833478265,5.608890799350619,2.447854887286056,6.351879623311515,3.8572933903464266
0.004176908084784366,0.003321190956845654,0.001322203325807333,0.01215278483592788,0.0026851920738662077,6.540804023886807,6.9147183507030485,8.767222247567252,4.969914347305141,7.3315008482737145
0.012417744606288252,0.01945280279686308,0.009685955750926114,0.0048595880648924245,0.0032944216073009327,4.546536511277473,4.045846451078123,4.907789343590129,5.7667661870151665,6.401024526672026
0.012847977465513102,0.002336591903000164,0.00568857363649367,0.006121190184213107,0.03203221849763348,4.094749840049653,6.255519337079507,5.051307907720306,4.90084083873121,3.2252798837616696
0.011959296980301789,0.0204816536831679,0.002180833777933053,0.017594291560360832,0.0019320304090730876,3.7190520842201207,3.22771072919387,5.688397094870472,3.3622663935734214,5.765811327032027
0.0030274905417981765,0.00031145110972326907,0.00038170310037262406,0.010208038346165578,0.009452839449575624,4.290203832904454,6.454400339361197,6.501207223661634,3.2474609298259356,3.3395230370503817
0.004013810019191773,0.0035613594869112887,0.011734331327476082,0.0011693172654219182,0.0023383710365774643,6.487080714112479,6.689717308747403,4.9015707647513915,8.725768528958042,7.443931401609337
0.015790886944277945,0.014354645217620908,0.004758166340716561,0.015142115328178433,0.0047876560915825865,4.201342124971996,4.30622797269617,5.776870536830253,4.234420633667723,5.723543653131114
0.017273878198133485,0.01121669049079421,0.028091507379357006,0.003030354992931632,0.004945839544151583,3.712491756156637,4.164322923113001,3.2919425756075356,5.720865682566267,5.120898814768514
0.00397741487816535,0.0004547854961166321,0.0031557935465185154,0.0010705230637567521,0.032149761028108015,4.69425803777551,7.22922648423191,4.942032247984619,5.970630980919862,2.794709553803383
0.0015752775974383865,0.033905243328547184,0.000852212811936428,0.0008327771163598267,0.00010850052418142107,4.7387765407686375,2.3286049212307365,5.665940926050884,5.367412750029571,7.449134535467752
0.015360377177270837,0.007335964688939475,0.005481874807647907,0.013694612249422092,0.009191772118944171,4.511220096482184,5.475780419393406,5.9440157777715585,4.622865988909068,5.168949827227697
0.01402499965273865,0.005140382971432602,0.02176152300305472,0.0032001213718962354,0.009817173953303856,4.244928009011754,5.506282313037231,3.785890112314188,6.140510048918302,4.660438036549604
0.005366190674412238,0.0024772923582288627,0.0010004319987997263,0.029912198244568314,0.003574358872070301,4.902240607444802,5.878257931111663,7.3568533281481425,3.152877266034497,5.4323116296733565
0.00634924433042124,0.0125128599516215,0.017716600911550327,0.0007515303912656641,0.0010324283293472716,4.091313618917165,3.453616528568294,3.1880257809926853,6.270102541139189,6.127824012671548
0.006312679003656122,0.0003058334697303779,0.008314856684392536,0.00020172077096725798,0.03141231791154202,3.317803006036611,5.7326349483981,3.125029819399466,5.315056180474039,2.2699185276427567
0.010287392798161293,0.013758464802102558,0.006416208439695528,0.00647899940344493,0.003675563885355393,5.299610350540182,4.915625977889751,6.051581795745695,5.962390250940017,6.9288066058016575
0.00949908891987989,0.002684828920893416,0.004094436359989831,0.007901950411303349,0.01725081191988112,5.01882038377542,6.923346993919795,6.24961308730237,5.226801349603623,4.294692362787008
0.004135439166985785,0.001997470902033208,0.01706378635591035,0.0008028449955966154,0.0035612677084429158,5.666885002483189,6.74717925148385,3.91356929938434,8.056745410006087,5.890903446083939
0.00451223585960836,0.004811304892808303,0.0008870751877487607,0.022200955622192892,0.001452417971514532,4.977197746652202,4.874790923018676,7.375275555897164,3.33920728514198,6.463853980050464
0.04432969013904646,0.027126639691757545,0.005598820732892786,0.01276447713458324,0.003660029921916552,2.4041708287636765,2.7272317786375266,4.090912223862306,3.2900626018983905,4.485786617010001
0.005615310737530821,0.0018376011310614246,0.002787203038282107,0.0055433726405254595,0.012126384139807175,6.111387599858063,8.103917624389931,7.323791175238413,6.087708896859126,5.002462986219894
0.003976376553508063,0.014230001374245242,0.0032160780070803097,0.0023951987879173926,0.0010750469514450624,6.189509577632732,4.456082752937651,6.586096368273566,7.017363625395822,8.530145609670813
0.02950385736513146,0.010330127349664769,0.008651852092020991,0.013241161786245596,0.010847494719652552,3.3487656519897806,4.407668629563057,4.649107579510158,4.1005196619494795,4.359004477613988
0.010313507809355698,0.0034725676258521273,0.0452542598505313,0.0011791422883179364,0.005860882668613246,3.9243769339231376,5.126471724516031,2.67096191413385,6.298208562143872,4.5299841386867525
0.007418040895491069,0.0021970901917600463,0.0006950665271728574,0.08607788061971379,0.0030187479052829723,3.6486742363686226,4.734450752528405,6.230883138702212,1.9498058052320957,4.495622697487359
0.008938761451297501,0.009119302865245012,0.0133674839052658,0.0029695705534768598,0.0037518176343491034,5.3400768863116665,5.318391492111444,4.833304820728443,7.047837030845946,6.6893612729525085
0.006960019562858354,0.0018076574461028338,0.006824136218340357,0.0027389494664573208,0.017410335558783477,5.2535308788492205,7.350858471861109,5.270420701112228,6.5895249467114265,4.142952222354526
0.006898593058142039,0.017495173658974583,0.00207144947127796,0.009509985364549552,0.0015371116021314392,4.801558573012983,3.7724314505534995,6.518586630629662,4.429216386577334,6.91944292635063
0.006830439416407466,0.0014605390987074195,0.0010791575458238241,0.024873274858624242,0.008622013477374606,4.2396548778471566,5.984781906550193,6.537967095935541,3.033864403524086,4.016432807546495
0.0037896431941593905,0.002595211061149123,0.05261471334355682,0.0001498906976500793,0.0008858454859699238,4.0603868260800136,4.358480105471191,2.142525326576115,6.6620618114655885,5.475137763108805
0.009202499959294425,0.00871434106805895,0.0030257695647093403,0.014592151916082147,0.0039147297250977,5.234506396306195,5.303950139997238,7.020078958841147,4.6388151329382294,6.532092110370475
0.020126010157039586,0.013854928273188918,0.014442002661124052,0.006111868705607104,0.006393420671660702,3.921298870513432,4.3330221985541275,4.311771044549675,5.306769273594137,5.289431754982476
0.00549947153786629,0.0009355496828705057,0.002980931709821441,0.0031054546970683138,0.029026363428662744,4.947247370814562,7.385148594034597,5.746596783322457,5.650410472343684,3.226467625762268
0.011220333606450597,0.05991516339859607,0.005347024631533842,0.003600729751579293,0.001248882572786148,3.6449579206345724,2.3607421869739436,4.428500204700784,4.791640890484023,6.082625486830081
0.020409071928140662,0.0008787303431037419,0.0024107892027123946,0.006928406132374028,0.06192181220897942,2.619715342905962,5.0810393203246695,4.303735311450789,3.347189765263598,1.9770827956938022
0.006604033680075754,0.002360124338854479,0.010618386054059221,0.002153146900878873,0.009695549476704255,5.59815469773204,7.277365923411743,4.93273742522792,7.372026419732532,5.071352606183499
0.003227342042478012,0.0019288564726816103,0.000818395326107026,0.014414814011561274,0.002460570151045693,6.171566020925482,6.960580913607561,8.622067553458747,4.223316872421235,6.612621843596237
0.00564791676043774,0.01581692472285836,0.009341211860150002,0.0013736999215050653,0.001172839461700835,4.813622251962493,3.70122754711069,4.272717433166616,6.639714158417591,6.974441412305785
0.020030382019824957,0.002144841121037196,0.018283568397126585,0.002263278673010718,0.02605855246404018,3.0471522891988254,5.145865321900571,3.1150642828038753,4.986647035948992,2.844353043488171
0.006463745679762195,0.1320410803084532,0.0016978493802245912,0.002281902366832226,0.000291187518758571,3.3164814816562607,1.554369479229552,4.603837052761257,4.099119811369308,5.9650678418922825
0.009552119963613475,0.003844988282190788,0.004346702118887407,0.009137837209840854,0.011023458404925726,5.467882689867131,6.9268624092446585,6.73998075914839,5.510729678237422,5.273903619112745
0.005269114244217061,0.0034109235471208206,0.015302285591182452,0.0014296434426457492,0.003663990797647752,5.9323001380046945,6.628916451464394,4.478294070764642,8.144277258940495,6.51473994371577
0.016459141090693585,0.008304273497535649,0.00387876272325135,0.022533213795959826,0.0071352402921609345,4.061304295305704,4.844250529691415,5.927470220399387,3.722026591040902,5.051892908971998
0.026193585405939565,0.007424663363135618,0.026798899889306168,0.004114234454351967,0.010547953918576655,3.236837322496916,4.485125765719693,3.2328253618615617,5.148113429628631,4.103398417201934
0.0015347017271068384,0.00015914464666281664,0.0009661126024102251,0.00047158204053382853,0.017915837675484374,5.484722711566343,8.147888510003803,5.9489125497095126,6.385515321526681,3.126704219156544
0.0036172869552250813,0.010232059483321856,0.002617756592251063,0.002853688061797404,0.0011912879770789593,6.954308610528692,5.314937357366885,7.621649338444596,7.391568024630097,9.191096636866186
0.016461389917711105,0.009341829049158857,0.005503405418749717,0.014744276446354097,0.007619408169143511,4.345805686091521,5.0436935464193935,5.82636171056502,4.452590632451252,5.322894845132501
0.015697375676286835,0.006623453101893481,0.025612483392582,0.003220154562915221,0.008039718258452313,4.023921746167475,5.040975145234642,3.547639112661489,5.983155452173494,4.792959630925926
0.005202557928405011,0.002832483837152909,0.0009050431545500412,0.03412847207686199,0.0027214501037009556,4.791739057881167,5.513843452315275,7.289193235949213,2.9646565343459317,5.61418353645548
0.01664111074113926,0.025584467021086667,0.01932658296928775,0.0017488479015979397,0.001773539033479364,3.087918382641698,2.7647084877685244,3.0066839047983938,5.1019929216277164,5.237066626783902
0.00786068761693488,0.0025228306170850968,0.005942641397526207,0.004183899392066881,0.014671743726033776,5.597856756975062,7.490730272994805,6.01450262037202,6.519030508653938,4.749837946757962
0.013914132185154401,0.015356928261846382,0.005002558115583117,0.012127576837508444,0.004252180001870944,4.47433356023604,4.360839687677846,5.885208584653804,4.6264069785986415,6.0846034246188
0.006172474037350373,0.001410039884952945,0.0018959817922131349,0.008384209313121716,0.015897266042462985,5.020035966059196,7.131948523409731,6.719383432316504,4.6099249983667026,3.941678888556186
0.0024034480852244064,0.0014290572265416117,0.018786326152690908,0.00023925124947491393,0.0013942677578999184,5.555108468733844,6.179791696012374,3.337950874817281,8.159445088736335,6.287180194068996
0.005307378096441753,0.009469126910379851,0.0007425519935213849,0.02043376233077344,0.0007168262940270353,3.957499431425628,3.425366812062605,6.261289559850144,2.849536198608457,5.965774526604941
0.012499554367228728,0.013968561531295443,0.009062444745070381,0.005897629151803133,0.004414292304395953,4.890309208946435,4.759530110548597,5.365668895393553,5.919446394994952,6.416940193347128
0.008682456716502876,0.002115713090982901,0.00443057970970374,0.0056018101728937605,0.021697090877125753,4.963185681162922,7.073745930303105,5.902696330908575,5.515849910619374,3.9023765483255914
0.006838559318313662,0.030220058856240413,0.003928200234099069,0.0037420675067563083,0.0013089826425890963,4.801083358657499,3.267612740178874,5.571067318187481,5.57350982503658,7.1710187430919925
0.031152176304725523,0.004202675291597755,0.004785183880093323,0.017389657317994148,0.021901357880889604,2.871760415127077,4.747690612451366,4.643999446837053,3.3056444003490193,3.1549088120297317
0.008687368691626323,0.000902854595750054,0.031729703887961175,0.0003467047615825364,0.01066898966097941,3.3505096170919915,5.30906202926285,2.424658946716275,5.70726365087163,3.2040115102619833
0.00591880527872903,0.0028627836589423788,0.0018320744531034226,0.013908163660774214,0.005703340527397129,5.85869702322129,7.036105312490631,7.92181575785155,4.679048698021734,5.9280590121341685
0.008354351865608553,0.008473388380289177,0.01884263444001195,0.002049810641526171,0.0030764637370993154,4.925729868202845,4.9103898582219685,4.003371349160864,6.964097020413282,6.357177117973203
0.005894206099523607,0.0011378033377769572,0.0075082479385165145,0.0015645527042187739,0.018558948214444405,4.861932142942911,7.081960509242596,4.5536671947663505,6.522337265464862,3.622513446585291
0.007369195933795304,0.032608202965673,0.0018247671979642979,0.007681734674707822,0.0009479375639054967,4.049027680662066,2.766070568766925,5.722882593251121,4.004730345653572,6.413899276269988
0.0067768723092131306,0.0005897351644799551,0.0005481437922193981,0.026462387181064306,0.01026579654844137,3.4068662722096987,5.434144430912526,5.770340643967424,2.4324153522820944,3.1118402750498606
0.007504183758583615,0.0048796849363397675,0.01346246335752645,0.0024802734093673996,0.0051398754951424005,5.80403550268213,6.502052190067293,4.970941037714119,7.659203707459339,6.410692127253524
0.008735372789340319,0.005623577494141494,0.00250602771953108,0.018371456626313804,0.005013308247591348,5.203014067250332,5.820947703956061,7.202260745475572,4.274359709031441,6.021567785537113
0.025723273309778787,0.00899767047532116,0.012559322906403565,0.008385679454641309,0.011845054005295227,3.59158556736408,4.730563427600472,4.362800096594478,4.771262840438696,4.406897256896828
0.0025301239631912095,0.00040907133005993273,0.001276474515039659,0.0017977341868673892,0.0165206966974196,5.774925323206638,8.336376467634672,6.694597345404238,6.154826671818885,3.6337793503587226
0.003311421276327035,0.020986659892636875,0.004377259978025981,0.0006948149291612497,0.0004129772662453304,4.709876514317459,2.987569099428704,4.45012198556142,6.36885294804812,7.172189654239291
0.012671890728950296,0.0055758882282299525,0.010295006466033353,0.005447637712503852,0.01048086076924997,5.00085487287454,6.198213328852256,5.287961015282195,6.168838401187193,5.253498876857623
0.004504319042150572,0.0021863595689194325,0.01311172267638297,0.0012061801313156954,0.0045407618572945166,6.053151569736967,7.260620469580028,4.5747086791547416,8.267607172168045,6.046873427576744
0.004231190374725113,0.004090157042361035,0.0010267432304991054,0.017169147096565272,0.0018626633215846917,5.638038602506052,5.660302814410338,7.993698259621462,3.9592608780960115,6.894630564132874
0.008358236055300483,0.03301393423452487,0.00744265992145572,0.0024138748840254434,0.0013312016699066889,4.230458488382055,2.969005617384993,4.397936440853132,5.696640510517023,6.555803817060415
0.029290377056422394,0.0020229383249272237,0.007742956586787798,0.00513252125748032,0.04809703585782538,2.650600648008179,4.960903727752425,3.7153846428620074,4.030792049464709,2.332552634864827
0.007330111091062168,0.01280393489230106,0.0034238680797452473,0.00759613465985953,0.0024846169967368656,5.696346012368509,4.92498346349055,7.000323915334051,5.647316253376942,7.52603837816403
0.008672011748095919,0.0029487351897136155,0.0026016702940103715,0.014148432221749076,0.010666193779050535,5.035055231518591,6.6200870140911405,6.873230066333246,4.411606376835784,4.783096308328665
0.005011878032810085,0.004035514381145546,0.02184791535670329,0.0009174449120106394,0.002326602539519805,5.268188817537871,5.558259707281871,3.602312744733442,7.650553556677657,6.372862454256249
0.01707805133334612,0.0136264348564988,0.0025563394890713172,0.029606696153941403,0.00340372290453903,3.4424055922762897,3.6349437465137457,5.554347642446479,2.9748167658394333,5.146600478291545
0.03607381914876347,0.012957577324832192,0.033808732447327766,0.002075148307402116,0.0038296411203514614,2.426808278231293,3.1494007151429475,2.4946649522613162,4.642784037034558,4.226117837216676
0.005345775977092747,0.0015979794087908929,0.004019567316707081,0.003209630308968394,0.014147581130862456,6.077911091326609,8.224171468664101,6.527502690321419,6.875588345442785,4.716461610376296
0.004519458003522292,0.016109255819531213,0.0024794623586337264,0.0038197815475671036,0.0011591021140990277,5.866133144496466,4.224719152987378,6.880266380475513,6.122497094455691,8.183812327778638
0.019357310040627854,0.006437840550538025,0.0036536133628337856,0.026923308589441478,0.009628931517278734,3.6510885409170273,4.840851996595298,5.620527400902034,3.3272461289992776,4.384865678021457
0.02625001262163221,0.004462020557147907,0.029049372458004506,0.0030359520370587608,0.014489454247904463,2.9844056938515364,4.655829091739213,2.9154573242463613,5.031248680147423,3.4837637921509192
0.001495445265609991,0.0004896568478260982,0.00015509888124625422,0.030008336928523848,0.0009314673493905912,4.842159632016651,5.868458001054925,7.537738503272562,2.4648566003209127,5.334249759218037
0.006228206646831106,0.010125035908283973,0.009588172783848698,0.002223372008796014,0.002196460828231074,5.758590986665314,5.0813705067219415,5.18321283827149,7.446948702427297,7.516808769472747
0.011730174011371174,0.0031314235606276198,0.012736594697321696,0.0034109295285326877,0.016441262027717615,4.501029057817953,6.291652034312517,4.392826093504534,6.100951079206327,4.115050405253173
0.013207678365587828,0.03672151465328239,0.005715370063072792,0.006215832839759031,0.0022180339543223693,3.9482830056694906,3.022711308846414,4.940078438556316,4.772159092761682,6.167746243895659
0.015096067399102402,0.001628028547564242,0.0028646280512928312,0.010915835105231227,0.03833011265599774,3.3414592080400456,5.6017730469407425,5.031313870010442,3.6078497778360683,2.6364441978846145
0.00132033657418689,0.0003918975375238966,0.033770279205180484,1.9103979627325335e-05,0.0008027669625185137,4.6504408387651734,5.701559286016217,2.260244001817526,7.358294438384329,5.171597596270625
0.006110854873049829,0.006197125303571339,0.0021970934731568533,0.01176548363967327,0.003036531170140531,6.128779253252184,6.0978565228232435,8.018933678940787,5.17885826441871,7.344386706679519
0.01687208670980534,0.013695944604700583,0.008878476181097184,0.00849588159858304,0.005981315158046962,4.357452195759613,4.612588789697225,5.202123141931574,5.187744605591192,5.718286800591593
0.006045703658344453,0.001331198268672921,0.0027120076417532783,0.004903743387295124,0.021146495301609943,5.211524559933338,7.491010653440914,6.3693027183210145,5.454535668594098,3.7689170682851945
0.004824820600155823,0.029276494205953754,0.003378528568772032,0.00222898783998947,0.0008113453267200492,4.95819147048694,3.124281877713433,5.456140514558832,5.949609735218653,7.443533305132068
0.05688530216930257,0.00545538788017205,0.006735776132855054,0.013699978251266419,0.018638482630964237,2.287964111822137,4.1326651252009095,3.9691207800872315,3.2734751850368213,3.0644148734987353
0.007555496910069675,0.003731207029383117,0.013024211699005556,0.002475345310017411,0.00694602593975536,5.701039887878779,6.856578135624018,4.9350105497812695,7.526578404555242,5.8301842060480755
0.008002351377866741,0.0037560299093890724,0.00221250504387639,0.01826376855955019,0.006490310296892158,5.216695212081566,6.320359094601305,7.2693988772662665,4.193287234939842,5.520949083880422
0.01313161193160616,0.00932854746347648,0.02571867121575844,0.0026848659144247623,0.0045850233257006484,4.186213561557997,4.574284730817862,3.533831973559403,6.209734257485858,5.488596101677618
0.004327027116913237,0.0006422282201245781,0.0041819180444844575,0.00123025773052608,0.023821136968326134,4.935024221309523,7.377047346140573,4.965015793793978,6.329103119494868,3.207506910767871
0.003784848995119869,0.012358579619902107,0.0007335112807629351,0.009543567155663664,0.00048317221074379956,4.372736339527225,3.2813767675916488,6.468190933263619,3.521952901571828,6.593497759092187
0.005438170482100291,0.0024772106535005003,0.0018425468236021013,0.011282587736480233,0.0061875446674139805,6.131175513495822,7.476937223210162,8.101932940030782,5.053841013509,5.939531641026574
0.0053003314007214804,0.005832603080655997,0.014508351316115723,0.0014040394385291292,0.0022570456549570943,5.695568960952826,5.560526010924763,4.3957756209533345,7.845773911359596,7.068207839315965
0.009932890300809573,0.01401790569327286,0.00242307839658074,0.016732346566125336,0.0025236291771391648,4.429262720745459,4.0398680920061345,6.346611973955998,3.8674607885289913,6.238285204923036
0.022900452941794616,0.026227310481924233,0.01684417683039676,0.003928466813974843,0.0032839639524590678,3.1627232944718715,3.061315281947531,3.463707156978564,4.899833671206145,5.160812534795711
0.00639242264351266,0.00039873028281111727,0.0023697556163139715,0.0016592004423587423,0.08996640587618399,3.6924806191267625,6.298405544848943,4.578448982774583,4.722989641888272,1.8970803456547678
0.006670839485745319,0.01560349602638104,0.00524219372763967,0.0037907842144336863,0.0020129434299758515,5.732514000213321,4.5955890013817715,6.161759205426837,6.614843688222807,7.7848567909539845
0.018726576740490924,0.005343187696795257,0.007372028486596654,0.01030060676035207,0.016649154683344155,4.033339778197718,5.584999367953237,5.167854762156728,4.672144763386303,4.164545784686005
0.007953722564430145,0.0022748497198300964,0.02074411072926057,0.0014834651601160944,0.009336554056877083,4.564125668445656,6.1985722515493205,3.550136550479686,6.71260133686466,4.386363901576316
0.0023688289485861123,0.0014293926270000864,0.000407861953495884,0.022420665950191408,0.0012182392224856465,5.363972828514048,5.924862874876552,7.987721212835582,3.121012469710821,6.200032977652905
0.004558952169725054,0.030399974447148488,0.006141703950919151,0.0005249118597276419,0.0003612305035813621,3.8585579767104745,2.426300044791687,3.6405066490690436,5.702951048129043,6.315853656625992
0.01276162005111791,0.004204984065025692,0.009601467262531234,0.005324550971794459,0.014768529642989962,4.761494395429579,6.3511383067993465,5.13517100137089,5.913854626391663,4.583306662587668
0.00940877566813702,0.022086137784415146,0.003913438856842807,0.0076437390225871215,0.002242384767646445,4.752265207998858,3.8041261471940473,6.004994148252554,5.010797790149332,6.833496430857883
0.01225607385372667,0.002568534506253236,0.0026217948264532394,0.017307366299995987,0.01732065251732179,4.000705410767732,5.878746600000878,5.900415852333676,3.6326822510401144,3.667645836292067
0.005928300421660988,0.0022786049515340825,0.053175027975529685,0.0004415541873718616,0.0030029790001654968,4.190716212064258,5.175208869214897,2.38845120321012,6.739399497729789,4.93370225085745
0.012207954030303149,0.0028272162284177214,0.0007051624917711414,0.11995464773681548,0.002575586568547282,2.925403460483033,4.000111510792,5.520720964189509,1.6240723040464242,4.137037432081264
0.013036682007884673,0.006876746714511554,0.010493667575460518,0.005752284484445423,0.008754913935048613,4.995946128706415,5.921912788936345,5.311608571055043,6.140502408579272,5.554269021401952
0.0033202005890958647,0.0009158468970491252,0.0023035926781855235,0.0023606235551750046,0.011704652190673664,6.604487857547273,8.966353767612969,7.225392797972404,7.143683828109085,4.779437188099816
0.003452002445899202,0.01583937169674976,0.0025025072164938373,0.002161166335402068,0.0007986142011082876,5.997606518719557,4.060574432223348,6.543514685331477,6.7175131908784484,8.45306472157576
0.037374780085055404,0.011457665564531518,0.006868830477820716,0.01780958322478108,0.009536258159375387,2.909915686547742,3.956166924653447,4.543923758153444,3.5054208714107236,4.157398449741295
0.012836976841119481,0.0033458707254556733,0.06991430497100043,0.0008245855396132242,0.005293131975298098,3.3348515708301205,4.579470395039157,2.152719710017112,5.79726382434335,4.1558297486658615
0.006766616679605439,0.004476826317070927,0.002212674853077442,0.01438159955237665,0.004575784790609938,5.86432488083242,6.5163519418263744,7.8537284926432225,4.806200305828334,6.50521098705922
0.010604439388437392,0.011852457939747731,0.01471826411543543,0.003187888175136097,0.0036295419237113036,4.826591922425202,4.6941658017246315,4.463190321637579,6.532374095539925,6.368421044274582
0.008355694461553488,0.001726260871716786,0.007007129685411568,0.0029870376464134823,0.02444637247793559,4.687352973482202,6.883105952485401,4.891695973063425,6.001155414013201,3.5447719592217677
0.026111468512059144,0.028145377466434144,0.005772195595511618,0.012721941274039696,0.00376138650144196,3.1240509284570366,3.0639494253239588,4.636257496757868,3.744930550883823,5.111907894929596
0.004598988949808055,0.000394759121671966,0.0008742504341856852,0.005123939613118962,0.031419274394743735,4.112602708079646,6.57329898745831,5.829410239508594,3.9805751253456387,2.572691681971945
0.0036780601249381778,0.0023991384757506315,0.010657317539534495,0.0010993851709006016,0.0030013569163544413,6.7468967211887145,7.515453451194419,5.091411533720679,9.006595323820767,7.110498586998239
0.005951170611461838,0.007417525399817455,0.0017329483991262624,0.01395297934501104,0.0022248452915045597,5.533975627208555,5.212154867883498,7.579346632017499,4.450087315637935,7.076949492420799
0.021765324783986437,0.024697987575468615,0.008795407414565208,0.008520794652248698,0.00430628534992709,3.5853235364469596,3.473166228663771,4.58361072955269,4.549681571487231,5.444832969896372
0.007601359496941101,0.0009618102607006049,0.002277414653685094,0.005621929068908381,0.03940175161396858,4.1630935104420805,6.573153963987274,5.551542431530926,4.454556294882984,2.7306303519678945
0.004517070121841767,0.06745478000749927,0.0015551709335004027,0.0024727044790395984,0.00034349202073012756,4.00800602202793,2.039936261855018,5.227826110611682,4.560488866605314,6.630752943127444
0.01206950466540838,0.004785057061001205,0.00447016559965451,0.01238540640990597,0.011066108199688618,4.8896147155798575,6.218699736544661,6.364567461369983,4.827933839987934,5.014422969827091
0.012090052165831207,0.003612326023440202,0.014787493539967132,0.00335833915878903,0.013909472633051291,4.507433155160513,6.143900606405711,4.271963703624839,6.195501062173459,4.345847746422791
0.004093319925509392,0.001595478608172747,0.0008707439459586112,0.018923447678441743,0.00404513502235487,5.380693876143319,6.678671261870931,7.788604791834786,3.6388691339673995,5.412862768756638
0.004466610365919865,0.00761722719032338,0.01687387841300619,0.0005581769997795063,0.0009449480347347674,4.615126744988014,4.045842900353986,3.3306495192773666,6.89242798470501,6.498457122291611
0.004780274717744428,0.00036825385654212583,0.012153462240524913,0.00016696778078372992,0.015183668906621244,3.7327843588224545,5.972419579883628,3.010123544102766,5.899704601772645,2.863138575193628
0.0056160726853350575,0.01456945109419878,0.002969199008877985,0.005158296773906514,0.0016605900261612,5.889047536098307,4.599754144720569,7.004805837635832,6.024488106210688,8.012741326972751
0.013619211961854812,0.004767844003159889,0.0033649092138232366,0.020681568903912265,0.010438992192492988,4.295079544021041,5.620607819941111,6.177982321385585,3.8377012671107127,4.615645600926572
0.007414225840782801,0.005261477507146163,0.03266451147196218,0.0011218720964576861,0.0029031933872392516,4.524861888083732,4.927937271213435,3.0866593128252484,6.886311385568803,5.715258914821868
0.01083576302503827,0.007923502793056115,0.0013488146626007157,0.04560294894311576,0.0023336543136108683,3.6128628203535182,3.883965837091882,5.990295998002829,2.4943755478469645,5.1981116661426885
0.08098045745912279,0.01362686751793784,0.016492046847660726,0.0028089068471111754,0.0037243934763785767,1.790369802994894,2.8114948982964036,2.7147054628090403,3.8783014726999636,3.8087195354613925
0.004997976538991412,0.0016181875961095945,0.0033215271583202366,0.00364050780013987,0.012301433096242216,6.4010527785264655,8.505246784886301,7.104295301093838,6.890278776785362,5.0604081332580275
0.0061018269407938286,0.015761409274553294,0.005862237239891451,0.0028635489320884716,0.001755061592153961,5.650639917459815,4.417884097319653,5.762381825793102,6.830403988590271,7.767996077253814
0.022895708745659302,0.005663597043352457,0.010800269140402278,0.007943178164027403,0.01820008619008132,3.6624090931126467,5.2600261836363975,4.474582274144472,4.775415605215999,3.8934053575357286
0.005274447250267906,0.0015681033603814547,0.022702663351506915,0.0007034620903677802,0.005790337127949523,4.775358583505573,6.302805038627905,3.2781136492146525,7.131764866073005,4.677899939841318
0.003201373019274868,0.0017597817917393013,0.0004210102587736957,0.04145477565727645,0.0012691710218664745,4.618535043698036,5.1954699926474905,7.247903469640937,2.4758083921217553,5.627505971141489
0.009542120810521873,0.012487029635715314,0.00953771695897227,0.004060735314699116,0.0034800318293225292,5.337892469691528,4.982148650862385,5.38773311390692,6.6301224671411525,6.94005668973166
0.010279052864673618,0.002693847679074754,0.006693299011319631,0.004923620199956027,0.020115149497513484,4.849081620351882,6.819748410960734,5.420470273220526,5.800490249866942,4.06426090856227
0.014210869323922275,0.020155185199940334,0.004015592623116109,0.013554576277055766,0.00323209265975823,4.078544897672143,3.721844506762302,5.681567713416626,4.121752695458174,5.9512125178099815
0.006147853149177309,0.0010521638639358745,0.0013464117278587583,0.010529838393829666,0.016575098552690196,4.48704173634377,6.634591793060582,6.411907678439779,3.8928815818808085,3.499896973745799
0.0015269621181985356,0.0008907150385296638,0.023044877115421178,6.148148405110717e-05,0.0006698554796901452,5.120478718992158,5.636508998943774,2.7443855738815186,7.804290643304755,6.0554414313185285
0.013281907983619803,0.010018772379953411,0.005267450363732117,0.012186475480980749,0.00594916457747299,4.828608919786668,5.204672680004784,6.197224519452121,4.92192406036381,5.961737204414378
0.013790271555830383,0.00805343050715388,0.0205122260827653,0.0034647460817220565,0.0064121943129662766,4.415461247406385,5.092751545064713,3.9899572685601634,6.2508269092784055,5.390406084418509
0.003749413619499089,0.0007213891702937934,0.0033152938267090293,0.0015942632256186239,0.018009592835457312,5.583392879931875,8.017528483937683,5.738559955476271,6.7392493454948,3.750705148714815
0.002635120813882333,0.020252882487558927,0.0012527282356675502,0.002166107367403792,0.00038663074220911026,5.370683040749847,3.236892373012976,6.486469121480998,5.622649818766022,7.950534599253466
0.02572375732708764,0.004780002603029265,0.0016506753316600524,0.06262414196209384,0.0054781195824501186,2.596170615670551,3.87814445870824,5.030256508244186,2.0437033034688343,3.8000262221112355
0.013680666898378553,0.006386232668248417,0.013919273884502533,0.004589382245468382,0.009289711788637255,4.716355193829936,5.7628617507251985,4.70539247255335,6.192519221445461,5.222780588035623
0.0042259366148224686,0.002598560535149388,0.001080922327227249,0.01682183003174808,0.0029841308124101923,5.899368221211673,6.632596540968649,8.275085207634726,4.138605516991114,6.450872339739415
0.008885403331714939,0.01862243956089251,0.012752413518491696,0.002177132501199954,0.0019091232431872076,4.405569022317787,3.6420456535990695,4.051772640204819,6.196871411680243,6.446206658020849
0.015074249058484689,0.00165496129898228,0.01042220179184128,0.0027594914768470625,0.03957621011807458,3.3887854630888388,5.657383822404369,3.7182016305845758,5.01425073804678,2.6385113446187414
0.012989636742409213,0.07693802689066372,0.002206981368915238,0.005908706239934063,0.0007143363406314548,2.9641608537689996,1.878988182080779,4.572218695079436,3.5591172133549116,5.481049401860368
0.00885643492790375,0.0028324763716540725,0.00341515435891509,0.009611959712256894,0.013615520383369509,5.205721386126156,6.964951459846692,6.674713680145532,5.064313140794176,4.657093671156068
0.006070624849888742,0.002935198248420678,0.020781164040825105,0.0013065090390535837,0.004696004689546175,5.2639074443466525,6.307646307249963,3.807140984772184,7.544741260465073,5.6241480446314815
0.00484149666976835,0.004445537591800045,0.0009703702882427771,0.024054952141623905,0.0018079273664459992,5.034034877060839,5.114677725812417,7.442201777566112,3.361048495473053,6.365774583505781
0.048369729443776294,0.01974972857411007,0.006099888185998454,0.015464599943904134,0.005218758003695057,2.4361235033385245,3.069166904168258,4.160876255236986,3.24907744377412,4.295300916279902
0.0013786164554300646,6.400284667400543e-05,0.0002405629605421523,0.0010908298571741491,0.02411742379070011,4.474933787308368,7.083557498149083,6.061069148426204,4.39471336717016,2.423484675421725
0.00406584250708827,0.0104880794183003,0.00359232007972674,0.0025861444033762793,0.0013760081791447168,6.835609503291568,5.347853207830436,7.12143678484038,7.663958029797808,8.99175069886158
0.017953048152435248,0.00883742813878406,0.00854803808097188,0.009818693320109076,0.009559101585619224,4.296679005614006,5.196353894315044,5.271061412050253,5.01386203888411,5.091248094485792
0.008874649205447711,0.00406708692337859,0.024563151402927915,0.001895784988817463,0.0061240804541732715,4.7544341430185515,5.814804726269505,3.6415127743775564,6.924498014632265,5.2342462720008625
0.010549378112761437,0.004284593917317846,0.0017464406721523832,0.03944113390683868,0.005571750296251974,4.105026637125246,5.126477923299355,6.425339892561324,2.901291892946254,4.839598277227146
0.010052486164348758,0.009858784703164519,0.03669928735259362,0.0009084072107581524,0.00184375474705892,3.6160053671894237,3.6292828063926392,2.615832026776223,5.9420882220627815,5.383242140412059
0.006022795732910961,0.0020693312690903136,0.00623057770461028,0.0027732586468146737,0.01161879977388319,6.0820800335329235,7.984645457013167,6.007671199757746,7.341068166431982,5.121409180528214
0.007236489618602285,0.01404763098469014,0.0028749305185218964,0.008566747221655336,0.0021766540511428,5.39204900209254,4.536275864804639,6.887224942625674,5.168608852641983,7.319192999253758
0.008124434136826168,0.002488286851448977,0.0019779859632865354,0.017578976852497458,0.009954120082305718,4.777613610328992,6.40280132105545,6.820454538540099,3.890062146921231,4.544812302207016
0.0055055622220578585,0.004280577677782667,0.030818300488989047,0.0007116839857194534,0.0020936444724587557,4.705114251450937,4.997503349992071,3.027282899768614,7.149248805516701,5.941477973133576
0.01307298805231866,0.010592144990313012,0.0014272683556051705,0.04065057511763734,0.0020185958779006894,3.2906214462238172,3.447803842817281,5.624260743968993,2.4543981112577495,5.07632028797934
0.013247150582790303,0.0101348582683403,0.011507670615120877,0.005358433995870678,0.006001792534221053,4.88077394443981,5.248598174711671,5.095037491899191,6.138770361366085,6.008005142629157
0.005652207614429278,0.001441284257895137,0.003714563579100262,0.0034385229512181215,0.018051495923781614,5.634919398564559,7.883198069175351,6.262835037647756,6.346773239044388,4.166511905513816
0.011214605019501455,0.0296605572224241,0.007234065381282795,0.004523447006735016,0.0022275792483973746,4.311007844003459,3.3465663033641495,4.88194146721428,5.416292530210346,6.478431232891673
0.019736006110645625,0.002492375811954991,0.00527449841743121,0.008664951136646063,0.039147835643578065,3.3156702913852145,5.502277123118592,4.644950664189536,4.051144565378309,2.777100182340351
0.003649199861528601,0.0004381858896986062,0.013438529445839195,0.00017614682106568153,0.009187086985760375,4.220171877840035,6.305386697388056,3.1185062455325503,6.4726053605637235,3.444096391424828
0.0030638887136540996,0.0022814715121654704,0.0009800455206008377,0.009896827277739141,0.0022575665313908206,7.045678212017812,7.561076583792095,9.379582350970425,5.225571533906041,7.6232069254766985
0.0064525947969864845,0.01605809089959451,0.0073276559620056615,0.002498390091318583,0.0017400883247532548,5.361273865821826,4.235353795101112,5.2356064031791805,6.787852423239429,7.453072732706345
0.02217918025422051,0.004461997775939564,0.013115960119962576,0.005765793226853907,0.021748653178012837,3.532015600083461,5.323228829501215,4.059160563125459,4.947068214734145,3.551549412190824
0.007511910293292219,0.04004316075455619,0.002326300947437936,0.005841699117777096,0.0009999555233024687,4.14389629060857,2.6936461648742283,5.5633896612674265,4.403685775749859,6.564146804657654
0.012701696272739175,0.0011218086259890655,0.0010873844906705765,0.027419892944985064,0.015360977852188205,3.0630494153256507,5.112024215671875,5.338073913860502,2.503899025842625,2.9379843191953854
0.006891540729323225,0.004585405483209871,0.016348785062650396,0.0019418356092950992,0.004335700765971036,5.61938190051685,6.244568797876429,4.474767889656498,7.689691685718737,6.337212827126833
0.011737615375315027,0.007269739826162789,0.002833891298399576,0.023307525087826304,0.005322366805233938,4.517065697888582,5.103262806168167,6.52899341547102,3.765635407048775,5.546573155495556
0.03231339213382053,0.009984677735550892,0.018391013359449378,0.006424118801221795,0.010694877974121273,3.129871664811474,4.254664740568185,3.6542170805447993,4.715812846650526,4.182107270473266
0.0021620032515433252,0.00024341585325614125,0.0010734994753815571,0.0010337885566384351,0.022475310555696567,5.308997537629872,7.947213155419395,6.089005996174498,5.9409524226062524,3.035245092484129
0.0011737171977778062,0.02561055315393955,0.0006619542364478657,0.0006811480156071802,7.82910336142403e-05,4.938828897057516,2.4709337705131156,5.877229730115929,5.49929381359663,7.660192429081567
0.011997554381470857,0.0071196291365303015,0.005096316483604904,0.011373007144967565,0.007435382368571199,5.135018225153365,5.894791061876212,6.4692769249846425,5.185101774620791,5.829945341265109
0.012445035335937849,0.0057956058828274,0.016734654374646104,0.0036282460968777622,0.008508207246276813,4.728299265711327,5.779587364450114,4.378730299863323,6.445180280900715,5.225896840633303
0.005561174149934259,0.0031303385806463846,0.0012961786118874496,0.021945460590323734,0.003696764650247195,5.355925058591254,6.160760635883615,7.699362058238226,3.7538900307085563,5.95120952864528
0.019031794505896996,0.01935558470428354,0.020138336336186682,0.003540393200007655,0.003676163084368276,3.500770284913495,3.4915752367387616,3.490410977472322,5.322388221823671,5.3216245209202135
0.006651949067339826,0.000591165371110928,0.0035720222980485873,0.0017834068449118581,0.060720828529263,3.9647770400040296,6.505522937449672,4.580433005099238,5.143787266176917,2.2620975364034224
0.011433581036471798,0.010793726149911838,0.004975861800857133,0.010568768837807191,0.004792179477862187,5.138249349842935,5.217873160218084,6.437413587474277,5.230957758013751,6.448023917930084
0.005328210832430149,0.001588738330490365,0.002094486208879128,0.00679600017742466,0.011986266179113664,5.800016317984776,7.818660364187668,7.349299962395064,5.410006343852033,4.706264833948477
0.002563213051349422,0.001863924991345618,0.012291421555836773,0.0004642471978013923,0.0016423553517403958,6.333778158541207,6.8163166761756235,4.24377187691768,8.844427159511795,7.054879055895814
0.008347276142238551,0.015274802112544221,0.0017451846415653663,0.01608702943110454,0.0016390540887344818,4.245259271654024,3.6205516558394018,6.258940766977066,3.5874939780578634,6.2398764630822185
0.021087983568866302,0.03910621327718035,0.0132324153974171,0.0026459121987555826,0.0018318885290332493,2.88394742469268,2.4637344467485116,3.28673079559125,4.672441136504044,5.154058407962398
0.008250250990424595,0.0026102562065015568,0.005313207496143696,0.0050580715108328005,0.015209459626002057,5.508185714955593,7.399973730548722,6.177288222033236,6.206555402379904,4.681944951413946
0.006165642328894876,0.018902052704618966,0.004604304404527334,0.0034280966075906894,0.0015995700903887165,5.503303688612253,4.114374199521207,5.990234484099991,6.378855211061447,7.722993456199526
0.025754406519085043,0.006036966866258423,0.00752322001179125,0.012591195453797102,0.017566606632566914,3.451874935402652,5.0223332028968635,4.779679025667086,4.121352878718379,3.821917102502599
0.008821922075411662,0.0020716286004824557,0.03018745996020442,0.0010579389269864876,0.008860926208355116,4.048373747253471,5.688970635833602,2.9415224543635974,6.334517001743462,4.051453208359346
0.0054985832879075915,0.001037476969805139,0.0005372123725936604,0.05110003165047393,0.004383715680688432,3.8614077563373526,5.395159773431215,6.399333714579524,2.206687048688681,4.08817694584691
0.0062420125321530915,0.006684957792240845,0.012930997020098858,0.001953289558921973,0.0028264987546966426,5.837156667484678,5.739019406447028,4.842182712780062,7.7908961293021735,7.156008117235899
0.0059010303231071225,0.0016736212560184043,0.008419843890969217,0.0019071338275725351,0.012311418398125428,5.466301309321653,7.443860722620557,4.958640821919873,7.153515304224423,4.5110794219133625
0.005230356934140908,0.019751387176167465,0.0019508247519674149,0.005765736926332699,0.0010915910623387158,5.109501182025821,3.6356377289527813,6.575288907117434,4.997957627489947,7.415938441091699
0.011678643105684674,0.002664964105680157,0.0015633304054229029,0.04004265091275745,0.008771079150923448,3.679348558234633,5.226388030629913,5.999863417550014,2.660235064183542,3.9698966962951223
0.007826667220112094,0.0036509863258865904,0.08923705665131797,0.00028660196662852445,0.0016204948291417406,3.4109087801589633,4.009799422285423,1.8515904666449592,5.986669370940784,4.8156106576602
0.007650614301750271,0.006444973715540346,0.002337900764354776,0.0160556970595481,0.0037562852990654814,5.468915290774123,5.707490637774209,7.448550247198832,4.509674947297227,6.575912068682623
0.023662247479988813,0.012863974743981056,0.011352647500231825,0.008825164561774549,0.008032308523637396,3.7361687337784635,4.3922703009432,4.567729903133489,4.8014328222466744,4.962446495225905
0.004201136928780091,0.00072000741815898,0.001932487320398673,0.0031391328756786093,0.023188263554507493,5.250573611910107,7.718048426256297,6.309283338710997,5.597319917606756,3.40129019610738
0.003519543729298415,0.02737073789475507,0.00334288947790893,0.0010424340679035641,0.00045090608929888333,4.799330355545242,2.8732459588122294,4.904067967869658,6.165813903275933,7.335639125767109
0.09027609707296183,0.003430082658705367,0.010363554348866552,0.004674206089694402,0.01774647085300484,1.7668211078090261,3.874312064333353,3.07754787650169,3.573795282586702,2.6894273892708203
0.005718104171090416,0.003109991959152772,0.01183880197935588,0.0018789185197508156,0.005336366317553728,6.211218077926682,7.289343854083805,5.124666569646957,8.179012933910139,6.326446569762295
0.005241373261250028,0.004349135993385966,0.00151318919936665,0.01538107714657061,0.0028774338319783065,5.921163994768853,6.193240476938861,8.124187328631718,4.4853033738192,6.91116043083216
0.010456564834125838,0.020501136804718913,0.010593874718702927,0.0033592308769650344,0.0024871857881326276,4.528366221705936,3.8037891446294476,4.558691771657058,6.019180227140638,6.5225293727950175
0.016204015362346214,0.002388509869939908,0.008145741519139138,0.0049446923163334044,0.03708523432329503,3.6318553464516974,5.815475143367907,4.335813259582288,4.856075565014405,2.925917868288443
0.012163543391815293,0.0375852019618795,0.0022308601758365206,0.010882317951797423,0.0012734697304541227,3.414433440218188,2.551461507740736,5.200484290898088,3.5030949994943943,5.727718185270447
0.0070339128036514586,0.002684446721696449,0.0028149354906675628,0.00920767177689829,0.009949040396078732,5.808801375142829,7.433736623685984,7.379850126621281,5.387221820227036,5.312617682592276
0.004920518173556739,0.003567704544745633,0.015876872013238858,0.0012589699366803936,0.003025823906995794,5.897261948990771,6.400205616708746,4.339475348919346,8.168497455845241,6.677781446998598
0.017924399164969858,0.01084427320841893,0.003981042777385841,0.02267542115449914,0.005922992694995677,3.8649538499500395,4.398297844121246,5.724420830868889,3.6203235595180723,5.150797277983832
0.026514095265382186,0.009227899294548576,0.03221401886818407,0.003500468077997302,0.007519838754071706,3.1176879680566767,4.098023986775822,2.980677303255207,5.153204764628512,4.318119490720553
0.0018117784067689883,0.00015100055534112978,0.001133413698252472,0.0004075343164969378,0.02623827644868018,5.0061694305436095,7.668260647891452,5.436867169668395,6.046812392823233,2.705779623439061
0.005740275425924685,0.01397520077290662,0.003491901013419881,0.0046459446372815495,0.001798512764802883,6.0468479703928075,4.8005833098151385,6.951361153731805,6.388060649718009,8.129153746830697
0.014812174945542935,0.005369031872846591,0.004391141692431464,0.016151051302897585,0.011441570310119198,4.363332177139867,5.673320376301945,6.010744757013511,4.23654137736938,4.678757450858659
0.015562940229498402,0.003887620939131896,0.019200450508049985,0.003352516464792441,0.015268731913111512,3.9188984863487923,5.583218464028811,3.7123420539521246,5.738819318211041,3.9424868136166897
0.0033858608088556796,0.0012118515902434376,0.0005769337171539957,0.024041016362943538,0.0029406760968879123,5.0952355024542495,6.324413816193388,7.626461878386504,3.124088486016012,5.284376929448032
0.0033703999750920605,0.007600279963599564,0.01429637398448437,0.00025466136181500796,0.0004628520203504696,4.286850008388323,3.546904982385802,3.0678840077103136,6.583483401974462,6.338267194964622
0.008058147371189721,0.002846029642833639,0.010162211464037578,0.002867332914614596,0.011254906242998942,5.456534598845903,7.116451956889989,5.112918193368783,7.028912234814385,4.990355819185792
0.012827864392832799,0.022161283166938762,0.007958658778586076,0.0057860763608868155,0.0031708983452903862,4.455869484698193,3.866149727210226,5.099089454610636,5.4505809289659854,6.38454634379933
0.013315272937841844,0.0023504022285750987,0.004637395422205993,0.008003740661950772,0.03139120860787093,3.9983186037591523,6.143741463666612,5.240784806873558,4.528496209822457,3.1980531799763297
0.0021265177713112892,0.0008739381183260897,0.018475389710516116,0.00016065161338462046,0.0016831701373156553,5.434557926767432,6.477661155175317,3.2166794878436757,8.04498681113072,5.754019958039271
0.002319696221821674,0.0033192177354450913,0.0002889675737230882,0.020431441740138265,0.00036746648435110897,4.428219138455019,4.069588172192516,6.920620119260224,2.7061534770314157,6.21745137376316
0.014250564170661218,0.014828301514509597,0.0072599296613657695,0.008519284877740167,0.004800330956659573,4.626253122673932,4.584899974349154,5.5696866505498965,5.2709606832898,6.146798201935193
0.007368001158454853,0.00174572470673322,0.002971461438807835,0.006609704475927045,0.019990469684684826,5.04503009992443,7.192919101140144,6.356481217839023,5.14779602796641,3.8944283563496547
0.003750388399484171,0.022521037528507346,0.0025304356814254267,0.0020849061701356283,0.000686216859600037,5.403534140323293,3.4214265905123344,5.994037349484397,6.202247871882005,7.917714474329945
0.05362673273859559,0.008280466982174082,0.005996660524525503,0.01891191709925264,0.011886150388499004,2.3930755270678614,3.860240388051404,4.217872254224752,3.10856471760574,3.542903484849537
0.009201858603222413,0.0012588054351163212,0.09359539462714615,0.00019388006007801378,0.004279918705815894,3.098425422385549,4.630502363679762,1.7312450162025819,5.674792585640805,3.709302907033379
0.006631154025434057,0.004079191905942344,0.0022485795023127466,0.013474579547498209,0.004968076940486397,5.973628895397648,6.7637102572560535,7.928366109467241,4.95070653484033,6.451411311933902
0.01109809245612322,0.010520053478081267,0.01549020657168135,0.0033467381072462376,0.004227047187237723,4.84382899995264,4.918625856032341,4.468865594301815,6.553975820952491,6.223542275098203
0.006870116389682848,0.001503288496265883,0.005920426272586588,0.0026982077690030585,0.021817059082501682,5.02289474470219,7.254401368401892,5.202968889859186,6.275990596222338,3.7192208886865714
0.0064427787615466995,0.015914173245988504,0.0016005014286664013,0.011196524338895229,0.0012867097870100624,4.5930124336432545,3.6377701348293887,6.495878395363205,3.9993862408945486,6.705084255797718
0.004361330404559305,0.0007654112805643835,0.0005764201817218744,0.022545722535963268,0.006302129006970281,4.32424544412696,6.123999809436193,6.718117660932339,2.874907375199161,3.9868312801184618
0.005375240573400635,0.005260957485819265,0.012086292569950698,0.0017195179076523795,0.0027843437182188168,6.210262222571703,6.248063583598493,5.033358367085817,8.23407659028562,7.355026526227679
0.009982421147860037,0.011054080595576714,0.0030900716807481443,0.01486374614958148,0.003491384060168586,4.9143822393949,4.779572856301145,6.685526916486792,4.427870305089195,6.4387878440797675
0.020193044086291967,0.01704795018033755,0.016401375109977537,0.005051990677457129,0.005028633956454201,3.7247559793994567,3.903029293580734,3.968911411910663,5.291063826542761,5.339847988996943
0.006542954360788562,0.0008764662681781192,0.003435811641649647,0.002921843717253947,0.04127888182823774,4.433520668101841,6.905259064048949,5.183424499049082,5.3333218064945385,2.762174557724805
0.007109189480383326,0.0735558045677064,0.003911939884092006,0.0018457873717633248,0.0006100135595957647,3.7406595749765548,2.059430383681367,4.356844713378889,5.000297216689223,6.304269553762559
0.012588609833524738,0.004524515063194937,0.006444570478968383,0.00811678220677606,0.013602016557923575,4.903612703180839,6.400062785538073,5.862449375198358,5.451836608779591,4.8093691298094
0.006945003070614172,0.0024311764099931147,0.013566252632905394,0.0019213494404376743,0.009085478193759086,5.28649551375497,6.894134289354317,4.427557259285519,7.231238230735518,4.936089751438065
0.0034327831280939647,0.002100542065839663,0.0007686919649193316,0.018473644264817825,0.002245644298436412,5.748420610223869,6.43172861954598,8.243775059922868,3.7588364935824012,6.381343588038986
0.008542992239700474,0.025380855236009317,0.011098744794020862,0.0017102987149009879,0.001323902393985632,4.048386541553072,3.062497964070342,3.8259972098423045,5.842996879165262,6.276939811701328
0.017757426473021354,0.001036789111837921,0.008510356349679964,0.00191353879287896,0.056232694055657235,2.8613350330015086,5.276681251303262,3.4306548302486126,4.53928229766065,2.1286407198745723
0.009436433694889883,0.015367668957104579,0.004541735812716045,0.007876673719141417,0.002990104686587434,5.219878726741981,4.596246620982094,6.372367385273518,5.466918853512398,7.026292396626948
0.009649833936152557,0.0027045557231018583,0.003024428779750347,0.01198425585593708,0.01487403603663671,4.776971532431997,6.585170671085769,6.443036747218132,4.486222410595377,4.27486155050701
0.00680888536464372,0.002959496520145039,0.029652717533852638,0.0010859680678104477,0.004652113602278528,4.72312074069255,5.789607235684412,3.2147267953639505,7.090928760993816,5.205399803937348
0.014899452182068893,0.004435813090859714,0.0017586095277958977,0.05427589673006036,0.006205897238047562,3.4217957316401333,4.598107291443081,5.789046782028907,2.4298784771304973,4.274901331553659
0.058450209849749635,0.003292540906327525,0.019779803520134073,0.0025567436592101684,0.01601482273902466,2.0259141133284992,4.02553093340514,2.691103480612655,4.119055479815931,2.829091142640255
0.002863287010817146,0.0008233582386501583,0.00205890616467177,0.002084707953281536,0.009891145851556104,6.962045720714478,9.34009200089611,7.54593426286196,7.4832504525241905,5.069797101406924
0.0025847838789549945,0.01144131600389972,0.0019084456212913423,0.0017851201070920438,0.00063855702264733,6.567688718520656,4.498001776883648,7.1256811233676824,7.17591379092924,9.05743066337902
0.029730832435808256,0.01607970106576201,0.006111302715280391,0.017499685591177646,0.006359730921599683,3.1636012085039886,3.71113515714256,4.79400691575599,3.6102967889883417,4.71637795965466
0.014893318529534903,0.005899901880962306,0.06175395031944954,0.0011842908953554547,0.004219044757923248,3.313157173563385,4.1722690075704385,2.2987982712574455,5.715728074491719,4.53279077853106
0.003069678965262114,0.0014668406510335702,0.0002307233036954607,0.08064970156738538,0.0007359864122641198,3.917223032007672,4.471876196800612,6.590134831357463,1.8053795915296884,5.166390988443563
0.007897864878568398,0.010716023138033028,0.009523230298080795,0.0032139810059121842,0.003045691799184078,5.68429288353411,5.256509553827874,5.4525003193130885,7.133905763288699,7.2795246055020195
0.010157497623408717,0.002895242985004758,0.008241663953464637,0.004200302163562325,0.017356103831222273,4.941981996307137,6.812456225340295,5.212973578627656,6.137693261493094,4.293810927540944
0.014494773386158311,0.023467159209917546,0.0051730463515268265,0.010055110677637437,0.003227130924019267,4.132475702854102,3.6449899077028447,5.441235217494593,4.532953802682704,6.071965039598254
0.008817089201513969,0.0014882489092233058,0.0021166899355728637,0.010647253482416368,0.02316146643851214,4.20331707336306,6.367349297664464,5.960779563948213,3.975532144061741,3.285211067798027
0.0017705329196669344,0.0009070575912092521,0.023306107864541997,8.654851123322013e-05,0.000927844932705828,5.174227221986246,5.857862807428398,2.822938056145422,7.847055206932911,5.9355453008829855
0.006426492066426872,0.007915073966084905,0.0023583867220611306,0.010965481225957118,0.002702369580590447,5.932462483595801,5.610417202483413,7.72332326803828,5.170928343723379,7.410225438717873
0.015434794669995896,0.017332030253089,0.009624864793779676,0.0066293221449970526,0.0045093496730159955,4.360272200323771,4.238078620581869,4.9800520255916485,5.405832881641192,6.00521747546244
0.008813780321791479,0.0017346183356611977,0.003838951693356619,0.005702593381238282,0.028263555333369796,4.597769056812573,6.837798161672122,5.679943498821065,5.100706073649673,3.3946247067679933
0.0065098368615990046,0.04215479184340927,0.0031570592918623657,0.0034298025058753056,0.0009387594017842266,4.436601002690342,2.7425634139028876,5.346352409341086,5.175265483941733,6.917022685727382
0.03339402817869504,0.002692227739586482,0.003057908331460289,0.019751195073050745,0.02233283572324319,2.5078783093400574,4.560081786912458,4.53021440724233,2.838320745322966,2.7900826736112982
0.008919801449696936,0.0036136503452100727,0.012250523325714536,0.0030219056779990086,0.009686480881147564,5.347353147031337,6.765038405996302,4.915374652407171,7.001961395538038,5.236661791974628
0.005608986798782126,0.0024908481809996575,0.0015022354725615882,0.016360931049133887,0.005453798950364767,5.579787816839858,6.8211299107051,7.776794465150358,4.2177638635556365,5.633848675922458
0.006121720334432703,0.00787894489470375,0.01806502513126724,0.0012443855435180613,0.0019097734854419807,4.944985537234222,4.638246415174981,3.7590843790779296,7.125661271621292,6.5872933834032095
0.006009263846260893,0.0009279830493627225,0.010750911371690748,0.00090067691171424,0.016622519987711925,4.386099643624616,6.55476808093914,3.7747896395308422,6.342452470842693,3.3927504436237843
0.004127727317248915,0.04846055447833399,0.0011591792734811487,0.00329848422532557,0.00031925123063026716,4.047322157202538,2.2019700034328245,5.536356441049229,4.25563046398744,6.626685551038866
0.010416768382618671,0.0042468400924836345,0.0035473899699298814,0.013697770747745782,0.00985043797891957,5.066108421106629,6.387485925848253,6.728240027370122,4.696987886178706,5.150818635508874
0.0075890768556879954,0.005099827055640507,0.022367552246200864,0.0017275167544326358,0.003952459556040483,5.062022844116235,5.605824101728781,3.81590984421618,7.258579930642308,5.985222359209886
0.012104255983323393,0.007835764496547604,0.002204260623933403,0.03252186616509329,0.0041553187350834055,4.075219182838799,4.54211648855115,6.270748107744915,3.1452409996005435,5.346400712702559
0.05074084904064942,0.012167753932343909,0.01975980129527512,0.00589211911968037,0.008470862117956938,2.4694658499649207,3.5760787265104392,3.1853516854635395,4.248535960563418,3.9253259877474393
0.0012576787755237038,6.59747503286639e-05,0.00045254831833539384,0.000311762292647289,0.031731035261113934,4.785264452183475,7.500366658907752,5.681574868520752,5.432975130446948,2.354147772890775
0.006974752239530683,0.01550139729105005,0.006732714221431758,0.003189449136494364,0.0020967377746913796,5.541225108403583,4.503791965105488,5.644864089511443,6.74876735522486,7.558188231253298
0.019127711982612487,0.004706043154188347,0.009818426856843676,0.007244665046480303,0.019780131852637876,3.9089881700650713,5.614785974845504,4.666137239097834,4.978708697375434,3.877441873722359
0.004842464063055653,0.0014093216478933334,0.01771998251290948,0.0007413435536278333,0.006266271502742938,4.99499766492811,6.622862022488242,3.5743507419330696,7.288622648958927,4.694433083595663
0.002216632833091323,0.0014637465791054367,0.00034950384461469793,0.024502103772429812,0.0009443209143907607,5.179463215058992,5.596372557827906,7.814894358613506,2.9293522417096347,6.191469339848918
0.01273302484878119,0.07716887345760516,0.006207873832730337,0.0012405227351603772,0.0005734056573319046,2.839981136892823,1.795746678803486,3.412412758061421,4.526193200078157,5.376456042913431
0.00896630892942571,0.003192758721534494,0.0055449621041425345,0.0058159054773049895,0.013345668219874355,5.553049130773749,7.256874988035859,6.304661446548398,6.158242715416505,5.001047360862895
0.009278606614957058,0.012615523318384857,0.003381091739971351,0.011374239542706497,0.0030720818700427552,5.136621812782689,4.736347307046909,6.713796447029009,4.867720674296185,6.807112565702093
0.00600583703867093,0.0017512858894950794,0.001713250355715636,0.011418890729964765,0.010401637428442669,5.256657765401271,7.095577474359345,7.187208309244364,4.428198103589737,4.573585249065686
0.0035195360903893125,0.0028564569821940486,0.020667100287357902,0.00048282756042118094,0.0015903145338390938,5.374917247452444,5.636592136717955,3.4273285760505727,7.876096092970849,6.481381019367157
0.023221619481842388,0.018057947510340174,0.00269476431744946,0.026421431805297015,0.0029854024661548255,2.9299235011904945,3.1125728013653764,5.021859740360858,2.819543969119742,4.845698505051384
0.01084372389609619,0.008577486309011203,0.012777078866917996,0.003962920416341776,0.005333353459224485,5.212010395573637,5.561957996174142,5.013283278045423,6.722878513048221,6.276521964904596
0.005398097097937671,0.0014594908926272557,0.004450411764719265,0.00279769957481456,0.015954457319537665,5.7958245782226,8.001785650455382,6.073950340365379,6.8036969616403145,4.376595878902313
0.004386208455153498,0.019565498165975345,0.0025242246389855297,0.00316772459644443,0.0009746500640961744,5.596260419587425,3.807343231032112,6.471373898856069,6.0628030834660995,8.008770123358243
0.02833273936550194,0.007116217871977197,0.004259796018625901,0.026883358548437913,0.01096055261744557,3.0953520109478485,4.407448528728472,5.047285097947906,3.112446189637786,3.9669642814080146
0.020772495147967474,0.003058817583729881,0.04522040485659552,0.0013493351628702578,0.010559696790433476,2.905009088925399,4.577132610610897,2.3803978508561614,5.216498987359024,3.453695510371554
0.0051997800342302655,0.0032062597040244563,0.0016680056105055014,0.013216817547211079,0.004099201113622913,6.2366816805525636,7.0448197801746995,8.36069328967037,4.887862977328712,6.645518116290043
0.007843453770572623,0.01132195203412902,0.012708948452852841,0.0023920925447673616,0.0025726414439070262,5.179094924006389,4.714125395991942,4.600146895980747,6.963095360479862,6.886441041249196
0.010396581176261112,0.00222098984253491,0.010633532157904786,0.0029367344442830256,0.021453811549037402,4.38919817081318,6.42897202254014,4.351634307790082,5.966020450568692,3.6329657167024934
0.01937147443084144,0.042160265867316214,0.0060089557902914875,0.007704861247271669,0.0025029806907144922,3.3362569082085525,2.723867299213678,4.536523834546994,4.204898549754277,5.5535364634989985
0.008806806267482745,0.000640216631311606,0.0014651685767585146,0.006974394440515589,0.04884275531107923,3.4714787953966875,5.9166438628425,5.180148328384608,3.642580589322881,2.257355854548823
0.004687879571314762,0.002614080911608338,0.012287302980826439,0.0013921809781541103,0.004192668190649445,6.296103863972591,7.298157308897928,4.874118266562777,8.45723470499786,6.4821869478163725
0.006998952535456471,0.005897560317647066,0.0018156607174549901,0.019580488112876215,0.003195557417142725,5.258535541535563,5.47860502517047,7.418056370193093,4.034455573162645,6.425673432517585
0.03181595336914621,0.014954259764377496,0.010187063995064163,0.011119250272811807,0.007952079235500604,3.2093760247143117,3.9153132843883776,4.359907346620335,4.194209921416441,4.611996402981465
0.003390300493824869,0.0004247205721897972,0.001196368275725286,0.0027318992976895864,0.025788974872294663,4.975704672873136,7.513580192239602,6.228937945435629,5.168714158784106,3.0102137263137707
0.0023018663286364484,0.03633495763333667,0.001959454633489048,0.0005911677701136432,0.00017874496549697376,4.538466936957924,2.348649542534221,4.839162205596573,5.811873486548568,7.188825328388101
0.016493492056470656,0.00692361224889472,0.00877936056940537,0.008514717099319002,0.011350952445144318,4.468898940457179,5.617490270794594,5.303225413610728,5.274269209328618,4.938210054014175
0.00735268325546929,0.0031029794071957364,0.019917541573053553,0.0017050849154687678,0.006492508450506505,5.079165200050158,6.328485205680728,3.9095261234939054,7.232665051591968,5.248439126090849
0.011212985794454351,0.0037089710348734294,0.0020179648397240938,0.03201874591251991,0.007863449767211072,4.129061118866251,5.433523149364005,6.349283336093256,3.1280812912510014,4.535980338580791
0.010523244459535806,0.006872063332402989,0.04967312691164037,0.0009672702350586792,0.0026567222599778494,3.6811431232339786,4.085524379041323,2.479596980504016,6.078916696397557,5.139077732018133
0.0015245087913857878,8.819622868406727e-05,0.001891199174940307,5.548885302408244e-05,0.0199296489781066,4.545969500431654,7.104449318809282,4.312395914590865,6.223738335882194,2.618869464898925
0.005292651415063247,0.009101468649548847,0.0023690374463105355,0.007167646938321605,0.0019993276297832355,6.373023935379889,5.531580108431733,7.897516756288163,5.904244002918377,8.162872635650535
0.006333168103050084,0.00274684002527069,0.0019073050312547143,0.01423411095912987,0.0066437185804044015,5.642280061771684,6.9631124777074795,7.67619661445217,4.554849517514887,5.584416998552934
0.007974568272587974,0.0071882694635637566,0.02183803735616994,0.0017634153376345782,0.0030898006466901964,4.867694367046869,5.0010725049119005,3.757186707175174,7.019433378085854,6.195011759680027
0.008581811023403,0.008864379906010453,0.0016003542423940291,0.026586213376250976,0.002344834642821033,4.311978636033404,4.258128665063645,6.541631374281211,3.2238763124903995,5.9206975760445895
0.0462455736605413,0.025152397178485584,0.013329111456930571,0.006016743605581863,0.004252856594981779,2.426184007426177,2.844562440022264,3.379272621526069,4.043915704510347,4.436350098966003
0.005911919292370287,0.0018999453389413775,0.003590605020633849,0.004465563269342306,0.01336673838464218,6.0877562841653585,8.119889770148136,6.922949120240108,6.495716175246295,4.918225622257816
0.008887240610108147,0.019918513168113754,0.005335457134782192,0.005433759355509682,0.0023792986104852567,5.087545626490465,4.12033688280534,5.875997466425466,5.765318272030264,7.12664472072507
0.01624153024951519,0.0036942383246598635,0.00480170690182602,0.012478806318599895,0.020553148319746486,3.9699486391696626,5.789750805561107,5.453260607636007,4.216981520056199,3.741626652245601
0.00884849362894265,0.0016575805009795407,0.016230237471061656,0.0014754614427506178,0.015841767397370445,4.151224426707145,6.136778723435216,3.54168838710762,6.158065593220583,3.5784459450120205
0.0009493042098872634,0.0004617813009176541,0.000141714780675973,0.013002461905601784,0.0005943832538304029,5.771453126618547,6.517499581358854,8.47819690986811,3.2771206177089116,6.335735284282099
0.005246424800280701,0.01066984440026759,0.006587043601396599,0.0022945992174818303,0.001804238717482608,6.196319404305546,5.157923073010874,5.888366423996467,7.623377806267897,8.135390457332022
0.015763619662669308,0.005053200615023316,0.013456091025581731,0.004981654607556495,0.014023387767272978,4.307984854954485,5.782317566867837,4.491163749734143,5.739940347608883,4.436470508966114
0.007786136986358254,0.028521575018498984,0.0035783112526939966,0.0053502879782924935,0.0015569496935204925,4.717338029670846,3.369267463706645,5.8002477688772425,5.183018617754736,7.011033656342367
0.019649975648378632,0.0032068692310020927,0.0031096115844787644,0.02187099667258752,0.01912485001636869,3.300932588684767,5.163478263488787,5.255386320962623,3.189549580665141,3.336285978833508
0.003215038470553387,0.0014922171294695426,0.05407030127569736,0.00012629950714588978,0.0012115688871206381,4.317710415674682,5.007458609192128,2.1676913974269754,6.970391701531009,5.3113656195444605
0.011092951591082102,0.008019425771170034,0.003735477827759846,0.015032307168148936,0.005466022386705305,5.0297425059724485,5.4728923237859295,6.718061492351574,4.632954687643184,6.053434476808769
0.01905533005059565,0.009390035021887438,0.017020440409557372,0.005273476005089081,0.008404836646015337,4.023121476041836,4.848341344111887,4.165678850193979,5.569392474859772,4.986441520057507
0.003617490083958472,0.0006585298692642226,0.002421174804383967,0.001969201747232045,0.02003956006522639,5.568424125622464,8.061942773768402,6.124381964583204,6.364482699914942,3.608292282799722
0.0024129402227276438,0.02143472821794709,0.0015456167822723295,0.0013514626743072028,0.0003388133926783832,5.401500452122513,3.1471450426891256,6.077513767885408,6.116881613185164,8.027944465978617
0.07098540058074089,0.008313263059279052,0.003702572280910397,0.022942062786260806,0.006918872510831412,1.958211218429086,3.3510554498681775,4.114351829130785,2.5963996953649517,3.5269830909534905
0.010464438243775062,0.005538469811165583,0.016827068397264257,0.0030522685557574885,0.00699016457699705,5.021148287484204,5.939156357908243,4.431541859909392,6.839977850379481,5.581243768742698
0.0070085682659201615,0.004049899759042727,0.0016690851739885235,0.02296042387687181,0.004283479231138023,5.139761834910259,5.890757341853308,7.390640204244928,3.769978887288184,5.842369500348425
0.014122082085007339,0.01629281767332514,0.02069825420565852,0.002767418266408328,0.003145612364077114,3.866994141389746,3.728831009473058,3.534315765728549,5.7806487047050235,5.657128837305845
0.007511760524867494,0.0007759748234420218,0.005297171257025535,0.001709734452072381,0.04717461562464839,3.973787952848942,6.43491991935714,4.31996160513904,5.377723786002707,2.484710651137367
0.0326449615069821,0.03424215499591044,0.002755982530258048,0.01198455763783081,0.0015284068195650742,2.3027279140186483,2.267593822216582,4.236910572509944,2.9417172693096814,4.632831741974507
0.0058524150868667305,0.0020746393866898217,0.0027830498274465563,0.0063273863084531016,0.010890239966139414,6.172353752109802,8.037664051476945,7.488667406686129,6.009639103507362,5.252795282319991
0.0030907149720567338,0.002214198759595145,0.010699489905356456,0.000813086788095307,0.0022578651867905353,6.7387274444782586,7.320055109140363,4.870931080509866,9.115641806853313,7.296416129928241
0.005973077728388896,0.009730224856291231,0.0016765072767243342,0.01263304075667039,0.0017895305413913802,5.247808709417186,4.614379957708575,7.230129414966731,4.336383417561527,7.055954230801611
0.018554790738132907,0.03602586580500541,0.008887487720750167,0.005721323981177365,0.002809038033642664,3.5075509349643954,2.9534025075333,4.286201348657715,4.715326618751238,5.646524661350131
0.011195608475864182,0.0009425991602080916,0.002742338745088115,0.0055823160783519425,0.06367439860622799,3.4642423369802744,5.9234546040404155,4.837656120739206,4.074191109426213,2.216897718101922
0.0053297989593843334,0.013214304267268728,0.003681664675742282,0.003892717450125641,0.0017075245444475517,6.249458622270109,4.936020134732988,6.9451747726348065,6.773183411106587,8.351477197025861
0.016545088256678005,0.006357961347492096,0.005578711481108634,0.013910647708265186,0.01144201649556358,4.304452694355192,5.523001119285746,5.748161956856447,4.4738417622477,4.749008805240494
0.013101217127602541,0.003982813032665419,0.022005185458867833,0.0027785886557975584,0.011374762865262435,4.179795840904118,5.666797005716365,3.6492573887412716,6.133865588191183,4.339216316258359
0.005091907766635824,0.0018809655211282125,0.0008655500496520193,0.031070094749003255,0.003947461162856116,4.751363494658957,5.953114505278442,7.224930384010558,2.9918708299250825,5.070634852146125
0.006720180022904442,0.009801889448766749,0.02637779747803193,0.0005319227743837351,0.0010083381478632428,3.800925866725631,3.4608989244977213,2.7211274819637716,6.122870251409014,5.7372688208849425
0.007049934424741791,0.002384877827686331,0.007709906612213976,0.002908025063696973,0.012196660494418522,5.722339984113354,7.546033758319306,5.5709968188709516,7.1031221467531145,4.954566005804168
0.006297149062333979,0.015379816820022056,0.002612200608643915,0.007023967608879498,0.0017368506057541474,5.457913860710047,4.327472130422534,6.880328017782142,5.314012964754955,7.539935834095536
0.010079195701752272,0.003058912715859266,0.002139848946180815,0.023115895850047655,0.009801071701827714,4.390547780203037,5.906078885823097,6.493098879959111,3.5204384038874172,4.435318682454087
0.011195826362370353,0.0053741280957024535,0.05078440158929825,0.0012119301985642175,0.0039818194025570295,3.790591684590022,4.543138780762619,2.5661921025708088,6.1767166626994685,4.908875701960357
0.00621278297184426,0.0031770585988864257,0.0005949793408430845,0.0777438772313812,0.0015300428330284152,3.7305276862604293,4.290755609699071,6.317544711653977,1.9804803589442754,5.042131487153735
0.01643558919426936,0.009356175463582677,0.009423116180849657,0.008166731424101127,0.008332102872916304,4.511655609974159,5.245517123591003,5.261454555741804,5.387686761856745,5.403204863054536
0.003980764574536459,0.0009730355643845024,0.002164430819678075,0.0032474162839593724,0.015053165079409988,6.0018401682558356,8.357581326127256,6.977340928874513,6.273825338087683,4.265560360345104
0.004637755507419936,0.019957052233913888,0.004810599279188043,0.0017463300900770898,0.0009410607785815691,5.238240158034765,3.603950942092871,5.232412327357628,6.595466711538471,7.608538461063601
0.04561240786166853,0.005806195631581682,0.014985809147446403,0.006662311890707408,0.01913933124691463,2.566072394544733,4.335977011063967,3.4434052444656964,4.160819076873593,3.220055655980788
0.0023520380061315405,0.0004669681279162519,0.035595315811435935,4.959115139998793e-05,0.002164763690851274,4.32436069981023,5.795060934551125,2.3034194014477425,6.935016220973139,4.451680546598765
0.005697591516296161,0.00464334175843139,0.0016946955717861553,0.015299161314393494,0.003162531588645146,5.883430286411332,6.183698605923498,8.0299225818948,4.555200017441628,6.855025559487291
0.010001082860868364,0.018016807478404763,0.011159577633830107,0.0031926950267696275,0.0025721251078571986,4.663309140026784,4.004559316074878,4.576536922712696,6.208720807538546,6.592147522238303
0.01486175182021463,0.00241873688371886,0.00873874714064089,0.004498860432750777,0.033283218582780244,3.7985533260143645,5.948589514981363,4.35437467076541,5.088952344809903,3.077709785441664
0.014005787922583574,0.039786968890765835,0.002808203665913781,0.010572318153928008,0.0015735249043090191,3.3945680341216145,2.588826801405208,5.082562475650117,3.635071245199181,5.687192635113272
0.004936893020747817,0.00030067990349684276,0.00047735303539534765,0.010220752539626227,0.019082393917505533,3.5614836644179975,5.876203249375957,5.685670444710627,3.006905947643948,2.615065420951442
0.004449033925351383,0.003399279651968806,0.011357484642404766,0.0014114319465570332,0.0030386738901121836,6.606395466404083,7.082141375406975,5.159503552261347,8.756051919172899,7.289183469758287
0.014578688088195863,0.009773814062601015,0.004727895568400349,0.015450973198321566,0.006292407941895374,4.512752279189352,5.00993221094636,6.092513993285489,4.428446624752056,5.624095083511612
0.017891053610074398,0.00844770526633903,0.02340037378606715,0.0038432557801816487,0.0076181994920802775,3.915293827122735,4.767670295261749,3.662874924303249,5.765622151539351,4.891663465641267
0.003070851480992631,0.0004746140096573356,0.002406848080102992,0.0012319062086374474,0.02011842099544365,5.45240886850063,7.987276346013505,5.757536171056313,6.504483236782676,3.414812075506028
0.00257668050179801,0.026768453900217544,0.001053642874917517,0.0021409201075849567,0.0002811748379086433,4.899608995370521,2.7666290281457133,6.151941294067503,5.1152668483060095,7.5072032366023596
0.010875019649499159,0.00581618387883614,0.003937535545261221,0.013587094631500905,0.007576756917683959,5.169447845219436,6.085879193918764,6.774713110967462,4.852797575932186,5.692842566408668
0.015527319939269,0.005737716371145366,0.014898548690451943,0.0047482442270972034,0.011756000720406556,4.360135264942389,5.6561630752472425,4.4178795335995895,5.874001998960363,4.693546454803459
0.003693577384880012,0.001980942431376352,0.000855430154561874,0.01779670691898971,0.002836215317050005,5.761775848750527,6.663458888495013,8.214786592104906,3.8617875535382815,6.163962808439594
0.006477173732682211,0.015556388681309973,0.01250765123322806,0.0012355478373986626,0.0012405347567216354,4.452336332004663,3.562806324707215,3.8001697289994483,6.419136052256078,6.553854493288949
0.013680619791700944,0.001123165258495219,0.013726666837214433,0.00124800811501048,0.032103663604707726,3.1660780049107826,5.437003466426291,3.158381614439297,5.106145850240816,2.5469772618592774
0.009591838928053466,0.015581011273659745,0.005596376073907652,0.006437155452139682,0.0030812579700169873,5.269924995000331,4.640181939957001,6.123823292678794,5.834638565147213,7.071982075058968
0.011282361105736305,0.003077560856344521,0.004111620031017132,0.010146953118077971,0.017506629475964486,4.66340852717611,6.494091525454458,6.067109253318116,4.762871349404622,4.161914636522271
0.004680972085885056,0.0023391101607264366,0.02223046200874041,0.0007882120904746059,0.0034058333512314944,5.298701552217365,6.258494264260208,3.5315728894026086,7.725313534464341,5.743145986579437
0.005484342934634621,0.005453527058120485,0.0009277492392906585,0.029095366166035724,0.0015390945072877265,4.528285831515346,4.509836541267387,6.939769503726666,2.9749528364245688,6.055750945576829
0.062422712099556306,0.025582367645060694,0.006924820681947968,0.00902384821115207,0.0035462944790293455,2.0705037472583863,2.6051689947344387,3.6435349996530006,3.361342624774458,4.217471522570887
0.005669609718012852,0.0017055289797803183,0.0029202333931384644,0.005031499196529482,0.013890407135107757,5.942800486314649,8.030159650375758,7.045464674509435,6.082366542763016,4.706409590097353
0.005561795004194261,0.01973717302324248,0.004025144769584964,0.00315899481917104,0.0013602068164265371,5.511413238505635,3.970451422468066,6.039465913718833,6.346353539488538,7.809408893954244
0.029930377674412083,0.006729633445809522,0.007316324572105571,0.014360043091787207,0.016273501024722505,3.219697454237635,4.735179719513768,4.668967516223916,3.864407551759324,3.7829851199223774
0.009819204917966081,0.0021396351334185483,0.03816637189266123,0.0009380763498584377,0.008345520033702153,3.785106056016879,5.389728175078266,2.6633000505686195,6.12869386992306,3.9503020022979016
0.004505097898626454,0.0008296170030932957,0.00036235625773972045,0.06755886732646588,0.002948487078254081,3.785674290542964,5.222613713672211,6.393375236595995,1.9461276299968213,4.169768059007467
0.011231196457937014,0.008637983768948157,0.016436018921721987,0.003356964537957397,0.005055412868836869,4.901739296776997,5.257193069347329,4.461423376988796,6.644531414508745,6.034568526310901
0.005187949167193262,0.0012051940170463703,0.004731333494586707,0.0022252849572101177,0.01791265011052245,5.495160316840623,7.77653421578484,5.604227926868029,6.707175497873329,3.9898733571740763
0.00892277918947527,0.016022022861501867,0.0020569811877347586,0.015130049410114227,0.0019132692997333985,4.332100031862415,3.7128868725421036,6.263939151510748,3.781170146700024,6.304653237397691
0.00400794207996049,0.0006742805125237332,0.0006303776839136688,0.014544142261466128,0.00798456066083236,4.557781551385605,6.516017002667411,6.8247013862330395,3.3121286703645416,3.884361950340257
0.0011399085191881502,0.0009383214821410451,0.024086972991031762,2.2839822822352184e-05,0.0002724299567607624,4.693421199940997,4.809363173604387,2.4320181402467185,7.358103892010636,6.0767121854247055
0.009749397856372532,0.01020005979810518,0.004034631878856558,0.010868222274218587,0.00407373452417446,5.385530588788077,5.322399225965745,6.831414727198411,5.228733333280705,6.758694099083295
0.013438942479032583,0.011464196245106164,0.015134913367814426,0.004176267961963349,0.005053783847251946,4.589525092272776,4.80149987369122,4.478991109406902,6.169774694999552,5.922252958811036
0.006441942725229124,0.0013573358690237248,0.004708332451315802,0.0029787231658257324,0.023733188579131228,5.080175737083613,7.380075382458845,5.4899125346885995,6.121865026344101,3.626411227168121
0.008607904216166282,0.03406941623279586,0.007172061765622072,0.0026230457932746314,0.0013872211581620474,4.233947310721788,2.96746679565459,4.476052024566293,5.640707219251192,6.561003008429733
0.029488190469414775,0.002140965070028308,0.007238073673288119,0.005842358867247781,0.04735956434456844,2.673812501941448,4.969455635736103,3.819861061024008,3.963232022674084,2.3670777924536957
0.00527680932932808,0.0023237253407748194,0.010067832764692293,0.001776897228122922,0.006613372049945209,6.212818335371695,7.6688978579068525,5.2320655798310804,8.113181441642256,5.863977232361423
0.003422025976088202,0.0027104436649546646,0.0009665041140591757,0.012749507872381353,0.002124848722304792,6.443868559952395,6.801696382213334,8.818848655582652,4.612460560895232,7.265246751492474
0.006840397494864225,0.02096705674446439,0.007347168265954835,0.0023727592200748597,0.0015115652065727293,4.9110362390876405,3.677577363723263,4.868291267692844,6.366811919333706,7.121234346452475
0.02794715748092811,0.00377066490835473,0.012402690374108537,0.005751045557476614,0.028439521404682887,3.042954545962429,5.033143884293171,3.7649553287640845,4.510460742540362,3.030941665157724
0.005973056885422939,0.047913345438408604,0.0014772559635562743,0.004977966469612061,0.000523266295696386,3.863524748606176,2.2851719183726584,5.4424183521359195,4.029110254946987,6.374294962555926
0.009227230358565774,0.0036969658843852096,0.0033212626650541126,0.012204409904860478,0.009935834344856967,5.302161067788518,6.713774338542032,6.938251895014987,4.907798347412565,5.21066772196031
0.007876739384067912,0.0047733423998613045,0.021426113430146037,0.0018717261371416151,0.004586930926419955,5.099736791656443,5.799641013970972,3.9200862295891477,7.255863466255015,5.863343312259181
0.01185366142514234,0.006671518682354606,0.0022552131096614586,0.032096289750025306,0.004858866260665273,4.182314403003692,4.83140730373193,6.374111094622529,3.217796650590935,5.257471920665863
0.04804013181143608,0.00971206461897192,0.01840976654491372,0.0065339704113055895,0.01125099349998995,2.5701919338821217,3.888868217443412,3.3281764363302524,4.258522603279394,3.753462020767486
0.0011186269071777925,7.329196274007111e-05,0.0004364433090057973,0.00034859546979252323,0.021931966131312035,5.138546826256967,7.847849360681624,6.017380545828899,5.709681106502446,2.687115067004034
0.003344228127535822,0.010885328486282313,0.002517670436115307,0.0024412679791818545,0.001013622636522568,6.799631747036254,5.015955416305003,7.36874862525837,7.36013094233788,9.127440772322059
0.020774299454286358,0.011440926047843778,0.00635560842864714,0.015061846548320995,0.007673531301598601,3.8943949483613847,4.556072379094249,5.34444662749099,4.215390168601897,5.057156167659826
0.014838275276526307,0.006297258362814658,0.03455720955256732,0.002402502115549123,0.006571438945996014,3.8493418242037505,4.803705096688782,3.08991319508732,6.007270711891864,4.749661282994266
0.005657370489489285,0.002908847952690007,0.000788340874830937,0.04936474407730651,0.0023636948788833003,4.329591275501208,5.022522574514516,6.874101356852722,2.4974890913691548,5.316482691995191
0.010502065036860712,0.02121044433919096,0.01828991517502025,0.0006406717641780495,0.0008081779149113384,3.1038345090639554,2.6040022513305736,2.7340502636889967,5.27186366240011,5.337297967546676
0.008801884421385768,0.0025579879008188863,0.0070691828890262235,0.003977835809594669,0.016778873829120248,5.2089102796207385,7.137678336341844,5.505208608144975,6.321247565400652,4.395343054778947
0.015823239948948496,0.020054427529789358,0.005469860688970482,0.011388310508051776,0.0038910229695373346,4.112543980502737,3.8663866782483876,5.4649218921593015,4.467735969787897,5.905682859534704
0.00720218404793628,0.0013079664327979162,0.0019477730655380286,0.008828800543725925,0.02124527117353201,4.527893504883937,6.723422804822267,6.227961642522871,4.268036195067248,3.4349999957403465
0.0021340388026951478,0.0009805233017157523,0.024049484114200416,0.00012764656353769625,0.0012971599842404446,5.167069298213757,6.0056528720900815,2.8840293159124744,7.815342933617426,5.773157181737093
0.003538711562498573,0.004721141371613707,0.00031871558198972227,0.029367584996244485,0.0003888041037963935,3.7741344992841017,3.5148390072559272,6.254787801392233,2.3164222406391786,5.668693781678905
0.011953727247614933,0.011409405282814077,0.00824700492490996,0.0064399883216080915,0.005033234717715236,5.148924721743955,5.223800770042261,5.7204054353933715,6.024932633241148,6.460244352598284
0.006899009566116871,0.001929319888321236,0.0037033053666092356,0.00514317575077862,0.016967692679271472,5.523427834642895,7.612594196861055,6.484843940522639,5.9129780277016595,4.36633939163382
0.008362221867236013,0.02572630961413361,0.0045302031219458935,0.005077507360799599,0.0018574031658894236,4.833409304970224,3.6093494002617255,5.71704199526082,5.480795730837785,7.049559413578683
0.020548705833569134,0.0036717011166988163,0.004297789821824356,0.016054506371982934,0.021957654812815447,3.440522239749817,5.307486931936498,5.1471594381512515,3.630583463119488,3.391897556199111
0.009892807308481499,0.0012847520611575756,0.020335834505175916,0.0009376776202657644,0.016782483356018865,3.6100334350634027,5.659614149339681,3.003619772065933,5.748299841640651,3.167562230666575
0.004963453956956952,0.0024744536207842093,0.0017191580060179526,0.010838698587469435,0.005304156449034324,6.39299715874638,7.621779701033859,8.40461663506354,5.2060776560758075,6.296768975624467
0.005776581593892835,0.006824045572352361,0.013482782696600535,0.00165801477333698,0.0023694168213601956,5.69240140911618,5.458132795061607,4.583005045435661,7.733235568539667,7.1425243434298995
0.006254192128336342,0.0015985561032230743,0.010201680296573272,0.001668864527728,0.01272027008775758,5.10467869099625,7.078996469203598,4.471194394747937,6.937139883337873,4.24302935007824
0.004236384415143653,0.022033184392184324,0.0015693737840114191,0.004370119463215707,0.000718262021141894,5.030812525493464,3.308136643630065,6.4546620771653,4.995546697102129,7.461526739240158
0.013358038630135342,0.002473916387358433,0.0012665909493084699,0.05815935026219363,0.007399213828419599,3.2536036702085367,4.784066982780153,5.680920527507996,2.2133720079840153,3.779494250539578
0.007554947472734855,0.00638869841116035,0.014311784323357783,0.0023775479720379456,0.0039025472924355603,5.645588630838171,5.902600927408917,4.784655214229111,7.54005414159929,6.70109276678437
0.008245599412965517,0.007500044811844455,0.0022771493535268168,0.018117154357795665,0.0034474178447877536,5.123618743228187,5.23848431970363,7.144893374581427,4.1777310490002595,6.4079029396626765
0.02772373629416291,0.016078577797885605,0.01271348725370444,0.008227511915287596,0.006983438707201916,3.39450291910796,3.9216789359049717,4.201668205527915,4.625071288782558,4.864744028142095
0.004493976380678199,0.0005947957663369274,0.0018534529719862723,0.0029446930951037304,0.032463852985751766,4.793586883214694,7.3145100643913885,5.868830733781049,5.24535758858087,2.9077298588027407
0.0036350118800545952,0.047200468060403754,0.0027340850173210645,0.0009429895426255937,0.00031351916499230867,4.292644918355896,2.274336143243536,4.65502708345607,5.584292582097027,6.905142713782933
0.014867654112900003,0.005949140445022105,0.008030858736195717,0.008224778495372512,0.012069774416048888,4.658500468251637,5.9257149591205085,5.502493680019713,5.396833935442573,4.928402930834377
0.007118459352046538,0.0028531508673196745,0.017181355974810394,0.0017828396449936744,0.007176579744708307,5.21073609171842,6.575021554964475,4.130485932287682,7.296754566123727,5.203136821843765
0.003993063287117235,0.002884220309973917,0.0008638009366867792,0.021227621670124444,0.0020880283976651764,5.4849402205596745,5.9079986285174835,7.95317369995538,3.5939068636463665,6.423759853206061
0.015260301413931924,0.038455920370547056,0.010984481659884122,0.0032027690790034317,0.0019495069641277982,3.4467441884082417,2.714146410649932,3.792331935921231,5.0376889034996895,5.691528815898947
0.012531479502668483,0.0006379607440713492,0.003353615522705034,0.0026597062823353647,0.10196838332171533,3.0580020948751807,5.612894860679789,4.145653887805445,4.1852487939243925,1.7883413844891047
0.0096296132904748,0.012719311345061459,0.0037268676681991007,0.010817683161703305,0.0033007494155645107,5.160396368362016,4.79636579147282,6.651506430997197,5.001684071951235,6.801048195065014
0.006328356854036373,0.0018592645947672702,0.0019198315285239324,0.01076709826324783,0.011211515724874986,5.279729207928889,7.135659836534452,7.128935472101282,4.574861752308028,4.564366299431273
0.003972944512902797,0.002874286185060954,0.022132153050254174,0.000592237584921161,0.0019964508320870628,5.342665209996612,5.766527465160319,3.4385440720991225,7.827167926935533,6.311521534920721
0.0250136253622018,0.0140544679765053,0.002921116043420971,0.03139936764835819,0.004024092074236036,2.9563305227172783,3.4162669453823686,5.079092608624837,2.7717500955375067,4.67000005106932
0.028858829476713296,0.006968397939200035,0.057270701717024974,0.0008763603321510675,0.0032528017084478764,2.3841264345130857,3.358826462467674,2.018584592360461,4.82632717032042,4.010785771705471
0.004575900232540029,0.0015171387267827988,0.0038570665826531485,0.002738656709799427,0.01125259335808623,6.593408429724383,8.702721283429469,6.870006765299788,7.466530418277036,5.216197053914361
0.0053207311254369494,0.015716898921826723,0.0032354708539475787,0.004086631074177494,0.0015002698816933464,5.904658477430113,4.457584042025874,6.771130572397113,6.315201836974313,8.11541298877949
0.018761022296823474,0.006227335158292427,0.004672125946206444,0.019005241658085623,0.011687836221847039,3.8968638336975956,5.182400810597674,5.612673032083485,3.856033831760741,4.417444658971657
0.017505662056268606,0.003923512588737128,0.025984902956153695,0.0028174046759648053,0.013866803107777971,3.5673385161623745,5.202336127055358,3.2211470393209,5.574586973836299,3.793086737595886
0.0030697152776573314,0.0009953278577575695,0.00041388858621541004,0.03329251693043727,0.0022591483041611514,4.735442156153044,5.914814597809756,7.338397260443141,2.645137137553247,5.08564579007223
0.007725260036235393,0.009226018005848668,0.011092581967238554,0.0028295622464372195,0.003189037991869545,5.678062472098661,5.428414079260518,5.19628604949694,7.312960971173976,7.1423460752190175
0.008286951554851638,0.0023460784968635773,0.008145130538568683,0.003187810101373799,0.01616211050430738,5.171064919657376,7.115747680239685,5.180177700406215,6.5303586271227445,4.341193356415471
0.018381657658718825,0.023934690881213777,0.007132414027788355,0.009287898956195107,0.003952389049792822,3.8458762702127762,3.5926228793923367,4.9661726377602085,4.573691933606075,5.716169120839427
0.008300028076120096,0.0012323038991727303,0.00233040338130254,0.00739201196133553,0.031319996896649216,4.215305655650637,6.523162063368843,5.742320218008225,4.3085220267482045,2.997659126075883
0.00230113538030834,0.0005875507233137468,0.02446053500738913,9.508989470558344e-05,0.0022814966165639137,4.793269100004397,6.1987851121117155,2.741204427615002,7.378120059753559,4.850352612334086
0.004932499421641498,0.004648646500704626,0.0016160101852334097,0.01240863847389455,0.00266225255694653,6.308668100276691,6.389761209474877,8.411766718994743,4.9840512702128015,7.400644437127593
0.018732472786886483,0.012885557209923846,0.006789930996352098,0.012591915339207742,0.006594525096165803,4.112867913241885,4.540055534142997,5.404400238735734,4.541345946203884,5.405484315993051
0.004466509341270285,0.0009318557617691511,0.0016813388618711672,0.004877053196191753,0.016846524291679942,5.405248915759831,7.718795520631265,6.844114891154908,5.252763371723239,3.8540403985075673
0.00244958332369352,0.018279608341928027,0.002045852025935801,0.0010831191658056945,0.00037687112324105455,5.543330918919037,3.3653450189929206,5.84321889085349,6.581324209219636,8.132126920826254
0.09415505402899588,0.01064638253942383,0.008539797844779025,0.010412349974588935,0.008388525128166438,1.8792304448125754,3.2856054467318225,3.5042159933182084,3.2838216153734385,3.5025435012041064
0.007594901087485521,0.004446236911031499,0.015932240672115378,0.0022179164672811204,0.00537582529774278,5.538182292954916,6.371956203831708,4.555526216196035,7.52263963735798,6.061443751817661
0.010174727351043883,0.005545735770736503,0.0025172800513679956,0.022693460381116644,0.005772270491527212,4.7465512877687415,5.53916366459697,6.810938474369509,3.830223929901662,5.511548253589626
0.009364151079756987,0.01059549972929135,0.022216433755886358,0.0018381483919339653,0.002634105145830593,4.391254042836343,4.254687263614735,3.532078591465318,6.487730339738655,6.03853131367948
0.006281703970051196,0.0008092284543556831,0.007373016690791552,0.0011496152410595476,0.026658285114988658,4.273764665930516,6.6144525645635825,4.097665781960579,5.97823251294743,2.962962387653715
0.004013372936166072,0.028925932213197544,0.0008409764890536045,0.005313930748256011,0.00031879373191917533,3.982058028283356,2.4664641068668,5.800159122021535,3.7512299903447994,6.4521412795109825
0.008084464767143012,0.0032817006274026036,0.0026120826056274878,0.013673180366338286,0.00864933384529272,5.374644570715549,6.766101534712224,7.211462909494102,4.665662999835619,5.290886366669497
0.0056064354150201536,0.005064434435810784,0.01847393663480378,0.0012836719806177163,0.0025401468146149836,5.424275096812527,5.566215294891151,3.9842799465801715,7.679259987725392,6.622897246879261
0.01294741571247439,0.013142235814224378,0.0025430141801151026,0.023525275666304978,0.0031587792297835923,3.9654175133590175,3.93786117843891,5.996168793475759,3.3904324076224084,5.651753838398532
0.03240782336288722,0.018888482428705063,0.023474366624084215,0.0036365692645806075,0.004212696714432933,2.739013368331989,3.1545325333510013,3.0108191094505843,4.683946706995062,4.5883889285709865
0.002621324381748871,0.0001175580861029229,0.0010164239566663267,0.0004244781140701389,0.07634256006368449,4.061976459283153,6.753902626963591,4.836922944087005,5.059988334423875,1.8395936554128751
0.007617080954492126,0.013610082261891561,0.006158052996099818,0.004281648765709141,0.0026076436870130517,5.766125024808527,4.958423939386443,6.15809600369836,6.676394926356632,7.609890120150601
0.013705526427473925,0.0041601166385038585,0.0065859866388136,0.008182388212753912,0.016629453400242262,4.591228032249196,6.251704701258283,5.575540939360659,5.203084942775287,4.367486464373614
0.006455043682202584,0.0019750948773502508,0.013876339263198688,0.0015751657005322484,0.009516052412369386,5.108345718891853,6.8385889975938365,4.175621060325033,7.124224921211533,4.628616692860834
0.0031046700516423956,0.0016591875308899428,0.0006060090472218767,0.02131006798559578,0.002055162272411325,5.489743805536917,6.288810005514752,8.045940688657819,3.3966766898635568,6.060152045567789
0.004496037788659598,0.016545804301131475,0.008874768263227027,0.0006350645392879643,0.0005963537320858,4.334370835604909,3.140904557964243,3.704048918257456,6.312967819674084,6.611222249996156
0.0102523339538941,0.003950068389028848,0.010020696520848473,0.004125796944243044,0.01155830480805354,5.263525225288756,6.741652272671431,5.288784262842097,6.590762976743731,5.095048599266373
0.009488212778216069,0.019972021238869497,0.005120772241083143,0.006222203952172285,0.0025328682808418144,4.982604795248951,4.098017854551746,5.905139245187262,5.548155692320187,6.989917793153992
0.01432703178485961,0.0032518698523718247,0.00405281483657864,0.01303100045215267,0.020061431041406987,4.083262636772833,5.941977803570016,5.6613325333892295,4.1587716297145665,3.746860993366489
0.0043293134652992,0.0021022227668740395,0.030360552771507184,0.0004793939800486969,0.002618560982428873,4.918899471509296,5.787599254849528,2.9843856380994147,7.448797646918248,5.5583125934850095
0.025869352067455696,0.006146370040185512,0.002008080171938423,0.05538480938273294,0.005535619027702696,2.715431515671128,3.8596014901078335,5.085502110918586,2.2101594766990478,3.981282829711724
0.01293133094966096,0.006578391763167767,0.013231335511811165,0.0046134353131637535,0.008538310403960001,4.877332950216535,5.8290649953553615,4.859060963237511,6.321888955848339,5.440473756435063
0.0031655045109740313,0.0008064286650123228,0.002482233095084589,0.0019206819235064376,0.01224254731161735,6.466376333423385,8.869628603551222,6.8534263661311865,7.2566240646001505,4.577961796037853
0.0028803509295921505,0.015015085483155402,0.001751862691345794,0.002156420364663684,0.0006076891269239399,6.026474160741486,3.9625028026178306,6.851793335282045,6.456756903489101,8.540219737185657
0.03065683228150782,0.010801403512839756,0.003940217163357701,0.029629207938527274,0.0068592874539633005,2.9260766403875555,3.8225160330282133,4.952165075811356,2.9325603272154095,4.302582967019427
0.024632352362072122,0.004554274165479586,0.06474890342527131,0.0010792685195716368,0.005864285403714183,2.6438801595346315,3.963139321545933,2.0701328614314054,5.068999362002678,3.7780591993744856
0.005305358725066459,0.003754069766896652,0.0016161244238376248,0.014541298530446977,0.0034870471276243205,6.07784312317702,6.624105240421163,8.247017798800078,4.676221924393143,6.782446743154368
0.012991429153914259,0.016754806781857833,0.012995739067383718,0.004092083393410162,0.0036125719795380928,4.431036479033755,4.152028919867904,4.476666522719364,5.935286463298923,6.166751527801025
0.01043835088251392,0.0018065936441952412,0.006066943338315216,0.0041067812415931685,0.03377533577894733,4.249303582568294,6.506036233866669,4.878152636733448,5.3213521520743186,3.1280432217713194
0.019234048867741518,0.025839717352725326,0.0031558197893373297,0.017366815005475638,0.0025770819680095234,3.218645742528344,2.975538468525706,5.086968685191149,3.2927360094116724,5.278781265985111
0.002950187055255728,0.00022203800659599377,0.00039004081321860376,0.006160756116941643,0.015946774029267936,4.154599329985293,6.513179793400561,6.173459234032983,3.5227535070114366,2.8460288410813943
0.003454830647219694,0.002760532928137931,0.0111661903244171,0.0009610670681703693,0.0022591872175056708,6.65630249722527,7.045129170546212,4.898019966216304,8.978982474628245,7.414774496871335
0.006933121230610755,0.011201865375164873,0.0020401330321013836,0.01255081156398823,0.0020633283584052566,5.143386356602813,4.530192716556604,7.028365323987749,4.4171175328649,6.956019003527334
0.017719931328944585,0.03083961472205406,0.010746166021188623,0.0049979470904044495,0.002995110947523085,3.629411205306603,3.1476205615871713,4.177254474494451,4.989568763903985,5.69541361050134
0.011468977297576686,0.0010769109688556267,0.003580893331768944,0.0048144716043422645,0.06343298778381137,3.5511446785993557,6.001015305557252,4.713893413003379,4.35895239106054,2.282339229640643
0.0022234214679651056,0.06207613035706104,0.0012223932965322291,0.0007757064744365311,0.00012535863760154098,4.254224800929867,1.929302217968162,5.048402620179642,5.168219064460878,6.962373895837301
0.01270918216705174,0.005980171708115398,0.005958624813991082,0.009835135160856679,0.009849716528041445,5.022303164734749,6.124865234156703,6.15993528946757,5.3387503581438835,5.378948226226751
0.009620006407030892,0.003917767292477655,0.01602770809549546,0.002733784831200472,0.008926031460427395,5.017957206412268,6.335377356569081,4.385715625829083,6.864786049115314,5.120818567440305
0.00681868913621726,0.002916833118356652,0.0015511456426322277,0.022702608903928664,0.005604498578853256,5.03368923092058,6.2062356723259775,7.29180444585016,3.6750023769314053,5.306476545366065
0.007082529059156236,0.008875174610484501,0.022705315320591314,0.0011284928715287047,0.001857605791540508,4.45922949007275,4.210787130545404,3.324221078914902,6.6872273408915,6.167554380100929
0.005214223932728103,0.0005510104464535145,0.008373725543979494,0.0005299392274465518,0.021356488996408345,4.127882260645929,6.446090228817336,3.679465100725425,6.044862321678991,2.9200590195159344
0.006342478172274917,0.012681622704024426,0.0032299334069608833,0.006284355679418571,0.0021206173113557077,5.955189996324754,4.971689442570418,7.156996480457895,5.975447862994552,7.887387391987709
0.010163181226616028,0.0037288879329206042,0.0029976354382245485,0.01585118966405174,0.010182341164654713,4.8735526482047815,6.298538727556594,6.6965035262528945,4.319707322554415,4.881745663911368
0.009044183785406359,0.005291488014927688,0.029113423933398774,0.001716425386931966,0.004384472111639587,4.578711387720729,5.248936971084387,3.3748444953316614,6.821995351538766,5.511611072787195
0.010514235094332301,0.006041492983219427,0.0015744545921220498,0.044389274359039235,0.0035305854460319546,3.945404976941993,4.513887903866681,6.3062647903083935,2.7135705737411606,5.172741715520249
0.07989652277792587,0.010282963586182008,0.015498592001381324,0.006155830696207222,0.008800054514297623,2.004148340397189,3.390020768900798,3.0907440976332636,3.8053281151010823,3.5413246571099433
0.004104100475018233,0.0012540792712348136,0.0026218829496818525,0.0031934079097705598,0.011852179202585394,6.550084244937403,8.77757942292212,7.333009304224873,6.930669648432668,4.976073422473645
0.00576648355784045,0.016027227022244486,0.006113421874339077,0.0024471110236022357,0.0015497312975197544,5.550408320433383,4.26281030022296,5.518535325735016,6.867301719430053,7.709897106407146
0.025495637465555315,0.005556993306383411,0.01313588136910361,0.006833250672834047,0.019028920679558064,3.4280813186846983,5.077689171890352,4.090510295635193,4.771918752067403,3.7041268510537693
0.004005661451240595,0.0011379433290685881,0.02287745495364277,0.0003879336266330547,0.004341787022310907,4.8354001518712115,6.330793559594271,3.113673218761398,7.284725687642624,4.762692742895763
0.001723567551609202,0.0012872524043234424,0.00021016155067344998,0.027321220828669723,0.0005188799926669512,4.84057305034716,5.070428663812521,7.494315634311301,2.587958284982899,6.095330021966226
0.008769361564370675,0.015262022442397286,0.007942239541538824,0.0039687809175893455,0.0027538042197648976,5.310392216661359,4.598372705698031,5.5015650681461965,6.491017854736546,7.159294619517097
0.014390956931888731,0.003506586110530922,0.007581096464810956,0.006607341557795727,0.02179672373083555,4.2974376532452565,6.170851083596805,5.086084586509779,5.20266127534052,3.8544179419378426
0.010075752180384792,0.02209537189946274,0.002781895594843598,0.011445324612209887,0.0020355825724049956,4.284108948020628,3.491023404838528,5.960843337472512,4.144336576960224,6.36552704368542
0.006878455943364479,0.001128144061953149,0.0011214176394289555,0.017319505445627582,0.012862815973978524,4.135192001078243,6.131894852903802,6.2937437217045025,3.253984593858448,3.5495762119575405
0.0023901687141236346,0.0011980309689746374,0.053632514034093796,6.05238236284557e-05,0.0007524781354597846,4.28864743206116,4.853811395643437,2.0584526418092497,6.96762271614057,5.406062201692789
0.0116187778205801,0.008968933758708485,0.003719454388480058,0.015816340067052258,0.0051220339209347935,4.865147686206849,5.201814346819712,6.579678583975689,4.4774048006383556,6.0233256194919695
0.020301138233538615,0.010636866834751976,0.018446004017656514,0.005111696379274901,0.007628614310191901,3.856818381984777,4.575032807364105,3.9788050498577427,5.469845193280873,4.981884269508223
0.003931910304201381,0.0006407689070634722,0.0025487296597170046,0.0019683953056626154,0.02416380639198354,5.272592758961165,7.779638695039672,5.838613647805517,6.124627292771257,3.328316478092318
0.003695620699552988,0.03315363009339323,0.0014101562259290817,0.0029370611429806385,0.0004357504462953746,4.671722512452319,2.699680684377952,5.94755625606889,4.92712462269866,7.236138933789497
0.019510211307058545,0.0017013659123587255,0.0009768572386483273,0.0577457023400236,0.007575168266269548,2.5664607562681314,4.326276926455432,5.046631384651361,1.9248255231009022,3.2336928707822756
0.011045820821332661,0.00480646533295459,0.010925970464422287,0.004396748369794585,0.010182372583438822,5.19768040214067,6.466258536462963,5.218331382272906,6.542230560778192,5.312180688306287
0.004055163880695942,0.002257568842837481,0.0011675362553579488,0.013292032436627807,0.003542157100742199,6.265503485499822,7.2301710938687735,8.558587065456848,4.611253115652575,6.499053300828149
0.005685338060500688,0.010658644635515876,0.011303512454906581,0.0015341023233942281,0.0016250785801131707,5.244795378665215,4.465801758983466,4.425391567714225,7.17158745331463,7.146493670157147
0.012147981859837695,0.0022002501672547786,0.017236644346316433,0.0021503579899558706,0.01888450496742166,3.873986461920271,5.840371953932388,3.523821278669372,5.796397658052804,3.450448906157436
0.012725363006928383,0.07687769291134368,0.004787250548720145,0.003673069165462017,0.0010873514320496104,3.3195799099063015,2.0842280234212014,4.266958384246653,4.4533456752888885,5.804757971086548
0.010159759473660218,0.003530735205503609,0.004991663017309984,0.007906344640194024,0.013724032840283788,5.24094117500336,6.889014932620844,6.323616117999116,5.562985528641341,4.845245304194434
0.004040627278579423,0.002452753156203162,0.014025031775164652,0.0010020536372328125,0.003123872477646202,6.147579238705254,6.960636429584146,4.432462096562793,8.481670870462608,6.567724224376799
0.007885344503353157,0.008192414285649242,0.0017822863842685175,0.0215668534503291,0.0025955071049272014,4.746224366379496,4.682426239189384,6.902165945308738,3.6624304410390165,6.255251872353316
0.036240419721835664,0.023524760864488597,0.012167813108496035,0.007775474628357416,0.005150543811759296,2.841169495947977,3.1839253321657437,3.8103577835426194,4.198292720952976,4.691173380786925
0.003939057495899184,0.00028704505271589365,0.0011276081382833388,0.002045511010327913,0.054313434562690256,4.1937623705472795,6.8058391035482515,5.419184300967279,4.669874425869122,2.2035969998732106
0.005112236426700826,0.013405843903715556,0.004464557235101765,0.002929960947796576,0.0015820480759820535,6.184329484262177,4.816633313311781,6.4655722573430525,7.119567242810818,8.324175987142759
0.02104994669935134,0.007251093521099004,0.00908345626381339,0.009937802253677455,0.013214694206666324,3.9415540595488543,5.211193757288541,4.942355226275125,4.758657544518524,4.46264007429336
0.007968184519558096,0.0028347110098240584,0.02584606950358687,0.0014280208071603274,0.006873205588768236,4.6109011848010635,5.962194929245732,3.3889186841345387,6.8582832855112885,4.79302108254034
0.01013908973367857,0.0027904589708633108,0.0013883293788725074,0.04472178476175122,0.006736071655498427,3.849426278829711,5.227586779450979,6.230587497628042,2.6107364452756743,4.27884351380123
0.01002151562148008,0.005610875478537438,0.07131111559974014,0.00043812376859430436,0.001708362472714292,3.2614986530454178,3.716667995803451,1.993199610326198,5.770780037484503,4.843668644385628
0.005003840100985708,0.0015413849070909133,0.005283315865198991,0.0022630686811959404,0.012166689459407054,6.115398288027658,8.200061610444816,6.0055724770693075,7.397924821535485,4.853368111665586
0.0064641739084269996,0.013040102274822916,0.0021751482813367243,0.009609395836888952,0.001825757839185053,5.289003771437838,4.404170977805376,7.004435632998864,4.78382725981438,7.24916545450745
0.006273852056276689,0.0018441350697383225,0.0013069696648120778,0.019830914603041268,0.007650178172852734,4.8026026831299955,6.415202280998907,7.034691429471607,3.555713930581815,4.579865146254995
0.004075311563559327,0.004116309763126746,0.026868253721728054,0.0003883300993529418,0.0011443806979597759,4.661752611151562,4.635561654036242,2.9132733680150227,7.139797833158249,6.16242184265128
0.008397515842656385,0.012602439527871021,0.0008267557647666202,0.025439820032838758,0.0007610182442723253,3.2796981073827025,2.955526406341977,5.59369482207911,2.4946778526664963,5.364485344611787
0.01380888791296885,0.01319285242599967,0.012128895129362256,0.005091318253441907,0.0049034636670772045,4.626884101534658,4.6961090083936385,4.824354040630981,5.961687770146629,6.063223000958523
0.0075538684543752605,0.0016562092661920502,0.004559440652577515,0.004042779839133521,0.024523042763883496,4.967741044954023,7.210443889669294,5.64607118653073,5.786085234082648,3.6560089022556443
0.008096071112389061,0.036224480467695205,0.005335275712293525,0.003226934868556702,0.0013754416298398966,4.402991210791924,2.9867379899953606,4.935967801124754,5.514425180459114,6.7714148731074175
0.03327913195265429,0.0029304634420677786,0.005757720633535947,0.010167916645993856,0.03538600711529895,2.671187885850819,4.8307539377154605,4.176843854668128,3.581126199501133,2.633307015195704
0.0031103056832474333,0.0002741647661183761,0.022232630474822906,4.2160958084548684e-05,0.005684248670541987,3.7840192835057835,5.76076448831642,2.44190809328273,6.218897710997307,3.3839616407459023
0.00394955680988843,0.0029242831094757863,0.0013479002997531342,0.01059915416859505,0.002895931126847048,6.881025754321168,7.41328953463143,9.069282655700315,5.333398820102982,7.465933909363686
0.0076440691192903734,0.01393159739761648,0.008917647529607295,0.0029540369683754703,0.0023779938334765652,5.38144704184527,4.608143359694504,5.2150434374867745,6.835441936955982,7.258440555992304
0.015066171285448508,0.0035012896093846503,0.010491197944397524,0.005010002995200646,0.021613150457373553,4.13725912141256,6.004880736841443,4.5482911254374905,5.435703626366087,3.7650011170959075
0.01152391840625848,0.03353282656224679,0.003571697127738514,0.008481189231168293,0.0019055172735331373,4.00288799802538,3.031008771504275,5.419495292602016,4.321492268063875,6.2337156236497835
0.010531087753715425,0.0012417341374697643,0.0015224552050586255,0.016359494541154537,0.021751093450109723,3.557888645921956,5.699924572452451,5.598189158282657,3.1587056497317474,2.9711955677661948
0.00627570191693106,0.003824709768425409,0.013440147126525845,0.0019725973890094457,0.004779345295243937,6.002444210781748,6.821038900715996,4.903449813347107,8.000928254589018,6.44454042752575
0.01118788713519891,0.005999066364891504,0.003141492249661868,0.019130119982400752,0.0066573844797794485,4.799779093632362,5.63536482860037,6.695531397425787,4.152784367316232,5.506216663364648
0.02406968717558596,0.0071375568750898875,0.016172900417627725,0.006104547454339124,0.013463947299668958,3.5892201458611837,4.926319653237924,4.001011863895599,5.075126262062671,4.182867101048434
0.001913784385735288,0.0002896307111401133,0.001126612094983153,0.001063080970333122,0.014163169469224343,5.974690243892438,8.587765381492009,6.644986946817455,6.575560470222488,3.6937965257136685
0.0015891417289937936,0.01975752044728863,0.001249460655643804,0.0006887769460749297,0.00016897034003362789,5.325568971801421,2.941974906630561,5.794814245994792,6.256476452544507,8.004258453822201
0.014912032128381934,0.00896492285595372,0.007343587227808077,0.009654360336488766,0.007857219678484576,4.717658412634205,5.405228861278198,5.727811231509098,5.263533061812646,5.5942919796701505
0.009534022511883816,0.005039262853428901,0.02075657245722047,0.002366048149093424,0.00607826702158541,4.913034750579803,5.81074653306853,4.002844538480301,6.946442004477396,5.52368044416416
0.00915003847449513,0.0047825575961548145,0.0018381892614799979,0.03042583263665934,0.004808078054666244,4.537614242800051,5.332825709682184,6.800924549873824,3.305648393257711,5.361049895596614
0.01093840696427337,0.013449048722727492,0.025134194584910383,0.0015848461403782247,0.0022283698831866076,3.8491923873180034,3.6513060313590455,3.1324506515721513,5.98500768459314,5.683355376407039
0.005686213556498797,0.00042015352097315436,0.005410749927593684,0.0006067990359354028,0.04182964093584134,3.8270367730705273,6.310992856053065,3.869820260130351,5.506079556195389,2.3374751540316607
0.013171647405965213,0.013911975728887116,0.006828698048231987,0.008425758471492925,0.004688120658384067,4.813759537574552,4.7515180179107945,5.768826314481048,5.391215514569134,6.306158759232834
0.007308730379533367,0.0018599967330416233,0.0029994147249172032,0.006813704063993498,0.018133076484964424,5.174623448325075,7.269665541657561,6.4974716102764205,5.228414514703604,4.087226269286796
0.002543141128465474,0.0014236915687722447,0.013754266940329374,0.0003835533563399549,0.001940864073716358,6.0716665983726115,6.8995007938305175,3.9546021430125364,8.60763570639859,6.4905438415836425
0.0043187951165057255,0.0072655061284310025,0.0008446597442764133,0.016189411275182763,0.0009359206530169973,4.733707698426115,4.147829813273309,7.0087947422077095,3.419469755660795,6.603899226093508
0.025804710175605282,0.06659077526924813,0.0052911168948536124,0.004856438309565405,0.0013843390963242139,2.5574737648514447,2.0009603470109845,3.819583819671526,3.806852185245747,5.007744183312135
0.008341523158220815,0.0025046201125839824,0.003988626293250843,0.006851417260681716,0.015845120300298658,5.339026732363343,7.255001265883002,6.472023507359722,5.57882824775633,4.513908453858678
0.006001374691033947,0.020781100999652594,0.0032630630636300527,0.004406412833320007,0.0014328205799971068,5.360880982728492,3.8847270241647345,6.316542133136153,5.794772239033714,7.6411377274385135
0.021414114215241108,0.005116119382364114,0.004066987107145303,0.022442966705449846,0.014162141040430586,3.4808112934322506,5.0134591918602425,5.3487419270818295,3.4092600837202127,3.8855271781989953
0.01738421414736005,0.00254504424254606,0.02735622196207971,0.001838710242705783,0.016493570347483038,3.22919397175413,5.110096494376826,2.872981027188327,5.3480246289487425,3.2775450008480576
0.0015094557845692295,0.00033311864417618817,0.0001302025195145807,0.030876717505014816,0.0012217707676436265,4.593654839983255,5.916863990810751,7.259873886098177,2.344687769352869,4.816020150710568
0.006132177810444743,0.007859973411214574,0.00996347845996585,0.002274995091354244,0.0026337047806486683,6.110253969089404,5.736678911207323,5.410419665169682,7.8356726692920775,7.600060671024595
0.008101680827287712,0.00255681677961259,0.009714355277063545,0.002840498895987935,0.013077644413564718,5.286810842014426,7.084583044147761,5.022065272281575,6.83224693343456,4.65933695380111
0.005523943111632599,0.017883833456571466,0.002301572730111692,0.00577269450500265,0.001323766753266603,5.351840776653049,3.952706473996232,6.721028915108229,5.302091070471322,7.593451845354712
0.012637011806417471,0.0034309970253254664,0.0021140998122004973,0.03189391853018173,0.009655375957622723,3.885087929634451,5.361181181286768,6.079249257383615,3.0381811842915805,4.176787375890617
0.008553275480665604,0.004788789518101084,0.0620794423877344,0.0006024266312513463,0.0023307938867784604,3.7210847582470534,4.261630425355686,2.245699985260672,6.216894331763833,5.05286549136228
0.007430196896504901,0.006413824169724282,0.002549796790614068,0.01364754731938406,0.003853509467983761,5.746252964470069,5.962941175138493,7.615372450195728,4.903564897924981,6.817784009867142
0.01920530253979234,0.01170213962021875,0.010910762254006352,0.00796869780903,0.0076062688695811564,4.144911853075624,4.7311949085737774,4.84645251979416,5.183867910442398,5.2892705807719045
0.004645985387779561,0.00096077249966738,0.002373418038337594,0.00343772634508658,0.020428357235712697,5.459941918653967,7.853759826661944,6.438331060551365,5.845496100836016,3.733682913057891
0.0063898949430125345,0.03529491230350809,0.004833841924067959,0.0023084132132473647,0.0009896266159477103,4.5115551932838045,2.906360291512838,4.875761389773861,5.738920751681677,6.947037525449933
0.04656498465372381,0.003164184399125316,0.007179871262939955,0.00851999253428831,0.03165140155728895,2.3373746524407557,4.496975296193624,3.7703544219568204,3.565258484959504,2.589180124512265
0.006365462206982761,0.0028912334449054627,0.012033343342460858,0.002049966311213765,0.006919601136213082,5.879000333978664,7.210324413110072,4.9646984260427525,7.7766997751161195,5.7564322033314514
0.004411120141405851,0.0031726453372595944,0.0011876398992063848,0.015935946721632913,0.002747105341403077,5.991297446478246,6.485562354051294,8.321087061560295,4.307063999790038,6.762305164370073
0.015606534160057405,0.024305958922266807,0.012029370510465867,0.004541486749634103,0.0032824521757702243,3.9291517329573824,3.5031091851923866,4.256337800013614,5.3628402188932744,5.882575347398853
0.011791714414177102,0.0014210997743831749,0.0047912706933134095,0.004592045679618025,0.05078849118788524,3.7529203293900966,6.130629518099541,4.700630006637997,4.6981804497266175,2.565970325102287
0.01331148914373984,0.02208994889170086,0.0015640246851869825,0.01963698235226275,0.001248796078454507,3.1259796562685627,2.7375496932605774,5.24986076479546,2.8253246845400053,5.296160807579276
0.005569987178698392,0.001994367678185546,0.0021245553299103657,0.008343402887091822,0.009333880466489565,6.000927890590829,7.771758599339259,7.689847730595066,5.374803529097946,5.25566735721907
0.003552769520153811,0.0029883636496695447,0.013528859296454893,0.0008224563957599371,0.002012849657754912,6.192434308707864,6.463513403147063,4.379177842091225,8.574105595492846,7.135508378711552
0.022101480313592627,0.017300256958944573,0.004999646761970883,0.017699844410934917,0.004963035614773161,3.519364152431013,3.746853226994377,5.195638336161857,3.711763779477107,5.170390601317734
0.01767531810242339,0.009190204632981995,0.04480788410350626,0.0018265067252179763,0.004129933528912258,3.29314178708163,3.894153895740585,2.605158314946485,5.559021120099435,4.746064801067808
0.0018223516961582173,0.00011208409123384252,0.001476346569114933,0.00015422513003411875,0.030423596326799324,4.571481375818143,7.203107688352798,4.7089109482869915,5.968504135879207,2.4314858767628276
0.003723480429709046,0.01185068832288775,0.0023959348430042902,0.0030916815668282772,0.0011077823763705333,6.570282989645298,4.871876833229433,7.407008302944385,6.890099065191854,8.86577990082582
0.017914194439266385,0.008773564987320386,0.0045662616957635625,0.019912177591522272,0.007825782592416555,4.017565076508473,4.83467280431494,5.759280850347426,3.8874596299874917,4.990751162217825
0.02161838017184196,0.0067094940309923206,0.02904727891914103,0.003503297347156402,0.00977572449256365,3.452923952414956,4.671464702706159,3.2069461990641965,5.4369903180555275,4.245325096349195
0.0032609272096722733,0.0015719039337589856,0.000480084135688807,0.03495167347164092,0.001705154214293219,4.840369254381478,5.61705397770507,7.45444648509,2.6999215985751053,5.595270650207249
0.003806370367983072,0.0162095829722011,0.008991363230289451,0.00026310525798498214,0.0003025436223868489,3.8268935340182137,2.7265182297332853,3.180887507340192,5.930614041317132,6.152749514188994
0.009309219325870022,0.0035422203718297857,0.008812432506201576,0.004043357652854278,0.01175136051093315,5.467129076181716,7.024596396851262,5.540375879180704,6.71440509566229,5.141405073771892
0.010405461172169183,0.01846752409064351,0.00540538875810517,0.00702602458755326,0.002953844727661239,4.939370237219609,4.251476774672219,5.914509334263028,5.460158973471129,6.835181191093948
0.011867998211442125,0.0028136852782955383,0.003665736778671904,0.0114545999007782,0.019582179919688265,4.368783629543874,6.279380024626923,5.916387923374994,4.378229635787005,3.839521755356709
0.004725896321268927,0.0021033990820052686,0.02847978482153472,0.0005945744260348403,0.0032539001986294485,4.938473195020139,5.949750184378514,3.1047103712508646,7.4254837220555645,5.420102189013845
0.004014423763606861,0.00399704567651991,0.0005763822896748664,0.03121751209246865,0.0009595478656584803,4.444208611510145,4.416190743382968,6.9470107552313785,2.690914701721594,5.999936639940496
0.013507391253855305,0.011334918524983273,0.007234674960595523,0.008592689574214524,0.005745370223546644,4.888169402870502,5.129582563634832,5.808399236895843,5.481869984516826,6.1217467233766065
0.005704623100695308,0.0015451177978068695,0.0026656046641905877,0.005270927919640377,0.015646282003641175,5.667457968694606,7.823372908124335,6.877260700618102,5.739638046913221,4.36291141260812
0.0038975404172091103,0.018005662008884777,0.003194006196809657,0.0020221346085718527,0.0008726177949715801,5.704422993097417,3.853277532056902,6.041097117188437,6.677277063972599,8.138374262056425
0.04564053348375508,0.009713861982966794,0.009663638392033564,0.012613222914887078,0.012612406263939713,2.691624029922762,4.027258700406562,4.066028276698891,3.735919416957538,3.7776801342775106
0.007214925099190417,0.0017274420834835064,0.06835056873165125,0.00035217634967810076,0.004083043214351234,3.7092967325301744,5.039793809092629,2.0928357823177772,6.256021330539753,4.2565529318627835
0.00833100434081403,0.004789156498232655,0.0026814756995374766,0.015385176435208543,0.005876200392806811,5.478040168134156,6.314410953851744,7.376163042074091,4.648662920036566,6.012159551547157
0.009715105886819632,0.009343850954263528,0.01792284840995293,0.0025679667725472806,0.0036559199693322127,4.858106202133831,4.91230334449222,4.1633383653161,6.772666048042636,6.250733364503155
0.0062424539354688545,0.0012697070324598398,0.006638290425784317,0.002006712612642674,0.020374803735729384,4.948187250746814,7.188932605903204,4.852842556140514,6.4357620576135535,3.645320579138191
0.007365896493246526,0.023743233324890867,0.0017769178235244436,0.009740853105783685,0.0011543794554136355,4.222326710356781,3.1248965636478245,6.012722005422058,3.9374179081598615,6.472333981222436
0.005455068484866744,0.0006588250676971536,0.0005656781254741943,0.024616680369091152,0.008511042865952022,3.8141771401064974,5.75773823712778,6.181105374845073,2.6248487303620585,3.4560591581942943
0.005907400954526321,0.004972738546817183,0.01452692978478611,0.0017257700001369303,0.0032197122090270778,5.89148476419161,6.162780358291285,4.658437770203962,7.982364498977785,6.8876210485814955
0.011679386428935743,0.010152137615299699,0.003100409057599487,0.019125851877611552,0.004189271309646514,4.564185985733742,4.724858193896353,6.44988536505162,4.007813144650023,5.944686911209628
0.026388811821889884,0.01446642797385363,0.0196002595513806,0.005332458760152614,0.006547311833320649,3.337043711914439,3.9108846367485173,3.638464178537397,5.0033288810506535,4.793402009898587
0.004090106330846299,0.00046078078510886306,0.002114618615050431,0.001743433599358952,0.03796889058769938,4.69411632848072,7.270526299980205,5.428685133797572,5.531621274879893,2.6849401356296134
0.01023831680794729,0.0988858132224908,0.0044589984735340475,0.001804418065325338,0.0006039820649312562,3.1791236741552718,1.7761965350690467,3.914140938949151,4.570903125334345,5.749676559595135
0.01182033298818497,0.0036296308781812434,0.0058552418422299244,0.007629456212354879,0.016458254679547913,4.844578803588054,6.571503423605447,5.832405084687724,5.378005066607701,4.444685626890975
0.006055111008809823,0.0018384311795044265,0.011601211631855308,0.0016363461184792545,0.010071437658090685,5.2870571937512665,7.094670809766097,4.453460720725727,7.216137134849027,4.644522972388759
0.002164287739095576,0.0013600189707804822,0.00047754237602298485,0.013882582833719216,0.001420982857718091,6.118097495390886,6.737413747547244,8.70236799213742,3.889861855598293,6.743106844814034
0.004036515513141588,0.021143810672331176,0.005644583958518449,0.0008191101381116621,0.000541146982308376,4.5958439265354,3.0413936125186667,4.272611196665958,6.3236347424775685,6.999534819391593
0.037215919531243244,0.0015513407923994388,0.01646542642541725,0.001405501043394787,0.0240067660141231,2.195942433317898,4.429122209457515,2.6998002786470043,4.284320809219335,2.455036210442209
0.006578854245977972,0.013316480720679763,0.003879757056244988,0.005421602060471882,0.0022047006955423372,5.976686495296343,4.973727381063783,6.925699792437713,6.2830124392001325,7.918560403569059
0.012198119033947028,0.004344271509911849,0.004038817732791994,0.01383726205887826,0.011978374578514164,4.717508002637623,6.15944242766361,6.311319294743171,4.5471982879244,4.750898071964651
0.0063291786802615446,0.004109969095889583,0.02391434806082173,0.001271572646471497,0.0034110854927954107,5.113935576595051,5.701127345796076,3.6143519336314385,7.4324379757239685,5.983462304564584
0.015941081449426433,0.008806203121829666,0.0024643578873174777,0.03665074805905404,0.004634611687220146,3.6296113096686926,4.212697047369577,5.8191974408532845,2.9129190965278027,4.959973800901918
0.04960788689085931,0.009599819106083301,0.028105651897830913,0.003690202215540231,0.007742668848379151,2.344427684299081,3.5687176950854607,2.7420166112917363,4.412938616978043,3.7758358474117775
0.004212984407111106,0.001323667396316101,0.0030824196473819183,0.0028672321362217027,0.011686446569560078,6.597982644851625,8.799968549303914,7.13365419997272,7.2234152392575375,5.062341700714051
0.003741273986574148,0.013633236906077319,0.0026219040593829855,0.002661551309008212,0.0010181115402974105,6.307368681786824,4.519923883839283,6.95685318303252,6.8678958324730575,8.668107490119727
0.025103314411186996,0.010270262338483004,0.006002869231031066,0.018260853314011727,0.009076977135016198,3.511766813545154,4.432379163282321,5.126475008066935,3.7926595282333593,4.584651268999081
0.01660154435237767,0.005078468281670101,0.04262119661955177,0.0020144051849508115,0.007605645716428987,3.4916696170558774,4.7087049467682744,2.7337391798820647,5.736739799373858,4.267506432756987
0.004137316291247445,0.0015965330122084142,0.00045092198052224463,0.06272197196572146,0.001792481706078943,4.202021847196373,5.085209473324252,6.834935154852936,2.1442100264635253,5.045257161041895
0.010232050552782219,0.011179781900302513,0.011865083323055806,0.0037650591519491385,0.003951807132786503,5.16987796589902,5.05931543118493,5.012017805470211,6.6584498107461885,6.622582859606244
0.00829158147022199,0.002074699761329884,0.006319618774794873,0.0036787656925497984,0.020311935850958123,5.045414513197402,7.140861903621117,5.4020575009322656,6.142490535327458,3.990050938694712
0.020026114322336534,0.020712473964283475,0.005331719373219544,0.014204115324263095,0.004265006866427741,3.655629331144807,3.6223678920773468,5.183379324137833,3.9824402563695642,5.441112245478821
0.0052608703127135946,0.0007511438055598686,0.001265976862220284,0.006946975324229418,0.021577278552753945,4.535494874094726,6.855312083226616,6.277566606372744,4.211126334893416,3.185298062575341
0.0008822580100995872,0.0004223757747317639,0.016009035886144735,2.1754669303709666e-05,0.00048761060825314303,5.407766631151909,6.110253399750296,2.900758868785906,8.128559396298956,6.095300096372621
0.0076559682052422294,0.009410421518414857,0.0026784152084780044,0.012123421983017003,0.0029532724442023015,5.5110287735433365,5.215691282631987,7.266440633482245,4.893027366132678,7.038426012250313
0.01681200813575673,0.017959217478373302,0.011896633068834855,0.005787488586864458,0.00455770877215993,4.125616729185425,4.06440370481354,4.55892180965711,5.40903491629533,5.789822908912435
0.008568589051921907,0.0014546082759550572,0.004034478755429294,0.004604795186500254,0.03432803874037312,4.445760789411521,6.77717638422544,5.372259952797788,5.164145717628716,3.0982992512723637
0.0065037154778370505,0.0523831182986506,0.0034334726952515338,0.0026564436926295497,0.0007826380447732609,4.203499475775672,2.4610893545953645,4.954147113720995,5.1764120837992245,6.729179361139816
0.04101196788747893,0.0018909857666711434,0.003147461552581901,0.012620061841550968,0.02944845179954178,2.2117870516618834,4.466119299461459,4.135154299028782,2.9469480563834365,2.4161503112960956
0.008189064242600965,0.0031843651099147043,0.013361333170720089,0.0025134654013690347,0.009263261849841305,5.312420421820377,6.778104236433947,4.665044821476487,7.119057401788794,5.147904858909554
0.0065547208157894984,0.0025491450193612787,0.0016185456234702334,0.01863500627697817,0.006592719293588573,5.176877650085076,6.537826146966759,7.356539433044489,3.934647630724028,5.182369504381035
0.007905566958470651,0.007437613066720285,0.02790822892962213,0.0012708822224976938,0.002462744964489112,4.437046917150408,4.5052370121529055,3.2154826860543704,6.710845087295075,5.9226354061613
0.003773904048320207,0.0004494930934798418,0.005903672869773888,0.0004787712880954858,0.018262532929657467,4.592269855638899,6.954522577744275,4.132096237948064,6.411214045276829,3.1324911124637755
0.0017508148063595898,0.017185527359038937,0.0003814020756837349,0.0031124827571437745,0.00011739245805170555,4.380232114546938,2.6437897431238593,6.216507162287336,3.9658423387531334,6.8835486886321755
0.007236155133385389,0.0036130831842855955,0.0025331016107149836,0.012744947351571391,0.006696634415933595,5.808916133709532,6.943584387308629,7.650840993202357,4.9951621989357005,5.939162327573278
0.010768203157439624,0.007388671125220853,0.018891859369328037,0.002912189700427506,0.005195059294929848,4.856079311785967,5.358920641717658,4.207933087690886,6.742129611200573,5.868984760628004
0.00690042505428024,0.00531342461219203,0.0015523326019424362,0.024263081081089845,0.0030785317546361828,5.002686639658295,5.327815687381626,7.275290095970157,3.6226925412888336,6.137436535763238
0.04241185392157607,0.014140159681733572,0.009730352358553103,0.012390982199942594,0.008725445478092989,2.7909999694587797,3.7168661369868725,4.12625575173887,3.814888613089472,4.214767820266984
0.002119353328026872,0.00019557497088413582,0.000642343756600836,0.0015854628998055852,0.02374627865852356,4.964603548285042,7.572276283197272,6.262342007924587,5.1066279832264945,2.820497947919295
0.004443008394934239,0.01142804191131698,0.004377472360465566,0.0024353498949739494,0.0014641445091949394,6.502201533512275,5.093419943619324,6.5860490123259545,7.561825703628659,8.637958256599743
0.020218064001489386,0.00798090613769322,0.010996696918902753,0.008127500121199893,0.011537103841730406,4.051018497002133,5.1712396453239124,4.779278293501756,5.09705804551702,4.698912880309344
0.006477023985555745,0.0027663843042326406,0.024271864002194075,0.001209687680734504,0.005183779874249747,4.960092845997913,6.131896632682477,3.5166183355514495,7.269005266465467,5.25403518906532
0.004056309146553432,0.0034294961717604685,0.0007313240883433788,0.026677554226973408,0.001498005942830424,4.965563200559684,5.137625318420594,7.461914006140031,3.1037840070591747,6.238464705761247
0.007700067433309016,0.042462143725749656,0.007548023375133119,0.0011311452312578768,0.000684728505389215,3.6213039397426097,2.349230704802272,3.6702204693458005,5.362570853087703,6.058778717167751
0.011502153330402366,0.003855666803515324,0.0078108165488365985,0.00569554025751953,0.014763348632072654,4.997796166207698,6.636992983725196,5.537867452540126,5.940366749285558,4.680412072873847
0.009581950179623789,0.01819685824965751,0.0037119670448674015,0.009166591669257958,0.0025535061817707917,4.853762547782208,4.105233542629767,6.247143191169376,4.908281133913638,6.801843816273195
0.009252224787574096,0.002219537638457791,0.002199904784758513,0.015475806573400922,0.014427927197672304,4.439216498858416,6.298193499701543,6.364570970441824,3.8607671011966995,3.9681286380094565
0.0036130019189213073,0.002403911919463319,0.029466356196238677,0.00034139267495144964,0.0015557819339954524,4.930211545227298,5.379056681547907,2.9054155861218685,7.494833689502736,5.973250453319355
0.023058527484928953,0.011426619635190064,0.001698839628641751,0.04157252314820803,0.002373953461695884,2.658829402027171,3.14942231431719,4.998160202939606,2.270934205105697,4.49665282896615
0.013485853197313392,0.008927037006409866,0.01464606554452437,0.0044565709448791185,0.0064695363271979585,4.722857103312405,5.2746121193704845,4.642299449282317,6.249785137091514,5.726187687004932
0.004684816087772492,0.0011036284881939828,0.003578681899087359,0.0024948064691043105,0.01767966109268169,5.712440322205121,8.05076362172702,6.100071534546684,6.637249139735766,4.055755660365493
0.004834434945078502,0.02525681190858349,0.002351978013017861,0.0035785248071034644,0.0009043635468985642,5.132835018382949,3.3570160149822423,6.179332721016837,5.523390061805092,7.577759175840134
0.026568496184196284,0.004730438013414479,0.002958652729196881,0.03405147957941988,0.011910048650486046,2.9170419524342375,4.483231158197954,5.067605414462113,2.708808385219776,3.5942879526668046
0.021112579941687037,0.0015456544219884752,0.03490764551658973,0.000709349656248623,0.013457366784619477,2.5945936629473643,4.581354691360287,2.288392556700955,4.922102402231074,2.911189060085987
0.004701760052547623,0.0026368401590341223,0.0013819808479235375,0.01404364707253587,0.003984035450253156,6.127577372512925,7.072928757636183,8.35642306562251,4.611355815874211,6.408438788165796
0.006650666776099238,0.010848425149047523,0.012881733044710955,0.001804857780339214,0.0019946496237611866,5.133931207059673,4.5280275021197,4.355821962349933,7.05275225071407,6.943447718366577
0.010770677288255148,0.0020016487874701524,0.013663782651037052,0.002266019622695183,0.02067643221632154,4.086483944432818,6.124687838241639,3.8273515242670566,5.894920047456543,3.447738525513407
0.017041345834415307,0.06280160725315294,0.005690406431474344,0.005023693863693183,0.001599017889652257,3.177643144774402,2.2654112795587062,4.2219026984893535,4.286066905165132,5.573396060348815
0.009761001044052767,0.0003608971264093014,0.0011504767925664462,0.004592990862087665,0.0763726890843242,2.986308065711956,5.533477644304983,4.688114294324484,3.4434947495274364,1.7935152317863237
0.004154788638759022,0.0026104277960995177,0.010265183956590632,0.0013556125771084931,0.003592802190828011,6.788028771887685,7.644955215783048,5.335826807030156,8.926568293657335,7.05048430709704
0.005376720429575731,0.005973962186888911,0.0016733423558517155,0.013030160444363021,0.002375282825095023,5.931039770034053,5.755474377552144,7.999418663052456,4.729034421598054,7.29581936432036
0.020212983542240104,0.018795601428103333,0.007707271772940136,0.010487293358668357,0.005136742782851507,3.847327617851327,3.92642955147318,4.994870301167114,4.54479155437099,5.494270704605048
0.006328380756718302,0.0010574655487717755,0.002087049120150613,0.005869937729780755,0.026305423902433633,4.665986197114149,7.003785625069255,6.10340561091861,4.721365727406291,3.238802448651782
0.0030105382367129974,0.033648351367700724,0.0018004915545987263,0.0014219068920414497,0.0003541888824912883,4.858523381973238,2.66628159909449,5.5554621851553865,5.6874720936168,7.4900895415670075
0.013346296210900206,0.006905813964201998,0.00619238074681667,0.010191770730942655,0.008931992702528214,4.941340328724322,5.881098453812285,6.083427341155766,5.274997656249077,5.499669941471172
0.010213371280487958,0.004514972292602731,0.017668173700359054,0.0027890127684228132,0.008088435960711404,4.921433150272014,6.0874991333402955,4.259704397816096,6.804111032928464,5.232911503816378
0.007214529240724572,0.0033868679569432933,0.0015900374783865193,0.025181446768177764,0.005079921038588207,4.938481919068449,5.9538195583180675,7.217406649685276,3.5617760433540386,5.415647698744928
0.01685179776898114,0.0131359406492835,0.029255793541617583,0.0025554391156173664,0.003785836783226784,3.5495764718207505,3.7849073256837973,3.10405888226883,5.618167380384361,5.1839620749569555
0.004292546160024621,0.0003691555758571377,0.0032306588396234267,0.0007959307676643312,0.04304441037628059,4.269247240833344,6.827823152714284,4.538225837481541,5.644240449763034,2.415320890065135
0.006463115318543571,0.009780325943774378,0.0026051181022209483,0.00909154500057092,0.0024026530985460535,5.91444967486236,5.302278066887695,7.523894999557121,5.417788658539415,7.6057397545775025
0.005711393617777386,0.0021520487933752975,0.0016965335530598,0.012737821729779076,0.00737514611751012,5.633847445610833,7.1791602189393435,7.661713345044319,4.558357456277557,5.2858426605064786
0.0048765332581871355,0.004881937970622548,0.018788499638131385,0.0009531181077797399,0.0019670530321003058,5.33304427408836,5.329927983081837,3.7731033518755455,7.658094642588248,6.668927211623656
0.012586007259540155,0.016214984914748223,0.002203000628449569,0.0220681798348572,0.002358019171334337,3.7487264975842756,3.4988489037631876,5.798765024211282,3.2373175471931788,5.644816831042092
0.027835403721736884,0.02226926456742227,0.022883444368389662,0.0021553823672206085,0.0024851039346197633,2.6173717835583528,2.7760214368243785,2.785084170905142,4.684503844347711,4.689880071923628
0.006747554192139696,0.0020407557099567535,0.004804511754028556,0.0039787595736876635,0.015342709329519309,5.742394881951834,7.778009103316499,6.262147483033188,6.537255300298003,4.631713759426298
0.007908064306313713,0.020797875652864922,0.006224973528805101,0.003724240533088061,0.001989976461835848,5.094858815430435,3.962591980307732,5.474920661154759,6.159579243130098,7.2258589452008595
0.022621813856924154,0.004343802273937494,0.0077587859036574395,0.00948924073132389,0.02424278130764895,3.5177535323821245,5.3652404824465725,4.661018466460984,4.361661000637661,3.458811124460297
0.005780457431454525,0.001206980706594412,0.020884278636345677,0.0006343758244704781,0.008298370260004472,4.39900415744596,6.199122499498627,3.1678185144770463,6.683367490553703,4.034024713690232
0.0014707067074705485,0.0006518584181716008,0.00016232287092202147,0.029681853116164454,0.0007008114272624153,4.919234797831231,5.658400297212781,7.625087987616251,2.50115476800171,5.690364493500364
0.007269762798355476,0.012504985628768877,0.008971232279053127,0.00283308628122712,0.002413542313585013,5.551694079734594,4.827690622744049,5.300729790414661,7.038812257684589,7.371296871039007
0.013699152564228755,0.0034725978441875463,0.010692725900129372,0.004631519699001564,0.019484821244802743,4.333047238918454,6.158510748170874,4.624398432667916,5.671466819557017,3.952637361820773
0.01205621031835482,0.0322091426212426,0.004146027489360768,0.008140242600001416,0.002137086368704281,4.064795753544768,3.145908930801264,5.376811767690589,4.487206731463924,6.256867110237839
0.01164356976532036,0.0014997613966456322,0.0019427091429761092,0.014947136625455716,0.024459764423909104,3.5993158039122917,5.744207465422799,5.538587171541724,3.3517459115838455,2.985670629317063
0.0028270931629707837,0.0007221098227423026,0.06646795353044256,5.277539215070474e-05,0.0014952455164965993,4.077491757106594,5.228140285557104,1.918370653205295,6.7506838242851455,4.681711995956107
0.009517433268135696,0.005759016459883284,0.0035289794885098543,0.013117878676725543,0.006389037843482199,5.466672423486498,6.23010765750664,7.121551242341279,5.005249511675004,6.079043785604165
0.015896930310448865,0.0065971504363847265,0.01320283151267602,0.005522255649876106,0.01086214144041581,4.439637343264164,5.595246236296262,4.677146329186622,5.791809880752949,4.910598643202669
0.0026288412685599454,0.0005871122489303237,0.0018448277348010376,0.0017131853891718448,0.01216735060663195,6.4328106175237165,8.924355428414666,6.991402135421578,7.062747416032539,4.3724118137679335
0.0024107208676209307,0.015616741606892106,0.0015559076556768139,0.001606065581205059,0.0004327788420380004,5.9021696496578615,3.6985025157043108,6.614681476686062,6.474349551010597,8.484827180798304
0.04360699324149958,0.012418013302140995,0.004125436021604296,0.02609039996648929,0.006160168005014425,2.4756475344628117,3.4115702640993883,4.5144843019880385,2.806615919018342,4.076622347347915
0.010073204747443842,0.006249360816125443,0.013973730837283434,0.0034067723006468245,0.0063130068152705745,5.306328093292329,6.027749617587434,4.872595711220188,6.969364870798877,5.998372297132062
0.006188211568628805,0.004262604473352996,0.0017005922365840212,0.017935051522081826,0.0037069694857988253,5.604260599039385,6.1487077262486265,7.795549100035291,4.247927489120966,6.403816598018795
0.012427159505715313,0.017484736582767106,0.014868780081404232,0.0032746056183883257,0.0030805315420751626,4.267766928586356,3.9088836084342997,4.112179081604362,5.95966880911065,6.094940364694678
0.010790938619400005,0.0015128687465676353,0.006838955888883267,0.003257187877886383,0.03989881879556567,3.9605582512125443,6.278393491607973,4.440218151963952,5.2589453396537,2.8202514935782186
0.02138177463541919,0.036601304005196775,0.0030392508461808826,0.013287039634861355,0.0018853320580004516,2.8866638177363884,2.5074396090570636,4.70532903739883,3.244308037635798,5.135990907331184
0.006462889414153007,0.002242998250640335,0.002766878469787057,0.007583345799163611,0.011252252502995535,5.875215102416191,7.69020445519921,7.325215299672277,5.601564586146069,5.088915447966571
0.004294664765898282,0.002723179649612627,0.015050235798576521,0.0010516978957308782,0.003081606187980911,6.028479793958207,6.755022380120996,4.337802282998758,8.358744439563608,6.561616408811874
0.00696828655126124,0.008123713755028968,0.00161059608743892,0.019481408587527938,0.002214832806833005,4.875005083542193,4.668423077986412,7.035545028215535,3.7459918960238183,6.460431494416478
0.03275143050440482,0.02824284178956262,0.010489604128734243,0.007846964868445185,0.00430694804269031,2.8997530058078858,3.0172394057933865,3.9338429185100043,4.164374488668427,4.869640783210945
0.004744509036103286,0.00032893067862173445,0.0011901214340580939,0.0026313544013358585,0.0599008150196074,3.9870115088928104,6.577088533377892,5.319412253078013,4.415469943946053,2.129419631776813
0.007356559718332175,0.015972351232765008,0.004483051512170732,0.005278058327053471,0.002243404953492542,5.608840043793237,4.5872804212221405,6.452654520489151,6.105851530534294,7.607564104941152
0.014563510018548496,0.0043256291722955495,0.004616281006377514,0.013496253556609498,0.015074536483539864,4.326811578140295,5.9137145793033525,5.850837161466109,4.3829557806878485,4.297740887954134
0.011398396791555358,0.0026107525086420977,0.016527978451718165,0.0024795780370593643,0.016174154788036216,4.1884548852556,6.038256593191804,3.793083800342239,6.057955425324974,3.8243647794658293
0.0034428053551712337,0.0009566231323197584,0.0005674962016075159,0.02107203556978495,0.0038800371446448194,4.96092672090962,6.461455293651739,7.431884155354554,3.160488215744536,4.844706735047032
0.002347538534001014,0.0038562719830003925,0.017315898567307298,0.0001228397864812174,0.00037684688579442394,4.460156401301725,3.985821417520412,2.8347727643994824,6.910141360519655,6.316582768853828
0.006408625479648,0.002264754229660903,0.009614589918432495,0.0021867262241761685,0.00986115439934327,5.724175815163794,7.444906492217645,5.122739852651875,7.435718790262609,5.109378127321147
0.006430153361462024,0.020743781546925386,0.003179892790875419,0.005164030357523846,0.001545540947998661,5.26619481192601,3.8902432382635794,6.361473248505989,5.56751952873589,7.505439570168915
0.017685694498714214,0.004270500986676752,0.0033416576800686364,0.023849756119845304,0.01381309608265462,3.658623479652737,5.239597034909464,5.608421631216804,3.3640241286637713,3.913780070916167
0.005246388506225347,0.0031788858584414106,0.04527149662391836,0.000428585717869878,0.0019118383839657885,4.351189351119807,4.864911793478975,2.516952429082837,6.894247457723781,5.4953007906998135
0.012076081201104991,0.006280281946323218,0.000821975750754134,0.06852712300017513,0.0014768605173061816,2.9696764277688796,3.431576648845363,5.477130327497375,1.9076161948622605,4.675707205802294
0.012630882340132895,0.00873792638962147,0.010783625201644694,0.005469984230455243,0.0066193631947192855,5.054851662125879,5.583451638907429,5.297625618914143,6.248056774231334,5.994006877554901
0.004811318761289168,0.001322744557202048,0.0032614914762192034,0.0031389892565943153,0.015063386300729583,6.036754613015971,8.290505400900331,6.655001988217707,6.678005769116822,4.48913496268286
0.006346499161521073,0.01895782304029908,0.00677096805665046,0.002399210375562485,0.0015143249718597828,5.158838463013365,3.8892042957752024,5.122307807097882,6.5566143171820235,7.3553598498411965
0.027864414828087575,0.004533799921587351,0.01298363413550855,0.006294096598911163,0.024016459260776207,3.1595907547746527,5.0161714654838425,3.865329229726829,4.585330677403138,3.286951673538965
0.0029459644530394607,0.0006609270700671453,0.021106850626872786,0.00016821985884560655,0.0037146494139625574,4.727531838609979,6.339967380453512,2.93949773514584,7.2151554131019635,4.528126343746111
0.004129188009619871,0.003696406378815854,0.0013808898478235147,0.011045132804080558,0.002472259554311265,6.693525874614528,6.868454462648137,8.86383829459886,5.199898840888264,7.6440114182801455
0.009738975940959006,0.01846722024349796,0.008064833646711032,0.004230941639139419,0.0026963537472609565,4.957941169093734,4.197645217761757,5.261069724703421,6.122377530355192,6.895080557773849
0.01592505113969343,0.0032490223216993584,0.00704565235325044,0.007185875523941526,0.026487008852106354,3.983580305199974,5.9644466174698385,4.929494841594506,4.841270980088534,3.48757804834628
0.009438536610960342,0.02245338688002055,0.0021856713018775353,0.012446366540472435,0.001641422157176482,4.09290172590393,3.2679929872629576,5.912751445901889,3.8135363397770146,6.230883638057677
0.005072748435303906,0.0006579043325158934,0.0006532351817419248,0.017309495510733547,0.01024952513686185,4.064245867096193,6.092018939708546,6.3293137799171655,2.995993326389036,3.4530412935048025
0.004584993999077335,0.004137748895552135,0.01195617399514665,0.001406015382821478,0.0026089447531542718,6.400078438297206,6.5743646823539255,4.98361874606505,8.549008844689695,7.395927058599955
0.013153186488378873,0.012548463474728785,0.004050047699276702,0.015344220226378465,0.004396878757076759,4.514839982035447,4.568070626187152,6.167415149877441,4.3278806009216435,5.991685145344153
0.018950578285193587,0.012946367432972535,0.022508456192783383,0.00387392850635819,0.005356276102414076,3.731178447813462,4.13180934440862,3.5928060774710566,5.561935787883782,5.174121834699387
0.004840953229551015,0.0006215306195723974,0.0032937606630321315,0.0017182391799291403,0.03484520387341146,4.676206315240137,7.189139588189474,5.11730414739151,5.791978010012912,2.8372668163058545
0.0018387096024775839,0.027993597722192256,0.0008946418800578218,0.0012353725978693894,0.00016099548205575237,4.9091908382596445,2.5802554026635733,5.973216066737441,5.340505518485545,7.58568331990799
0.01320767619795161,0.006931282283224626,0.004702676509172128,0.013994040031660764,0.008106555489194306,4.794535396635742,5.675543990912399,6.31664930927816,4.698412587542928,5.455578772816342
0.015353538472267099,0.005822036955316638,0.018775921764045477,0.003934588887683288,0.010400204911492747,4.249996455287448,5.472966879107833,4.038352638155863,5.984701137885779,4.708670011808049
0.004515197642466186,0.002334433012609025,0.0009338701047285487,0.023934889146833786,0.0030897267916814427,5.284764481877982,6.167807912135132,7.742889355198185,3.45038196305811,5.815119673475463
0.007925188664124002,0.016927242679772143,0.015865083616385493,0.0012042842928198618,0.00131978807580142,4.040834784305145,3.332886321612958,3.4183737398514604,6.080412196783599,6.127688004076746
0.009845957914721181,0.000571043987964811,0.008589921141279565,0.0006923144307285316,0.04445059109831022,3.2076572167477586,5.63342852671133,3.3135074203542936,5.059525493123341,2.200593709602699
0.011372596851405077,0.016633780093027097,0.005919007073763609,0.007588893991535795,0.0035063242709958632,4.9146593743835325,4.452252366370214,5.884039526429331,5.448470646323532,6.669722812724881
0.009925812035187892,0.002450444472721308,0.0034592656107981772,0.009479592009862519,0.019187036530944425,4.678580377725494,6.650147019813767,6.139258266805373,4.699759210335985,3.943827242227798
0.004669091971468732,0.0019493475495578137,0.023864201030470832,0.0006749471046294272,0.003771052361371142,5.100878058744624,6.246676289928019,3.3397107687965675,7.542164538191201,5.386738277400877
0.004941288563582618,0.004003727395707766,0.0007230726245588522,0.03777750200565434,0.0014288148353043479,4.408334669951171,4.60175651289818,6.915734586476421,2.653195102890251,5.804366125649396
0.09566265425382967,0.016211319065036787,0.005564579331489387,0.009994886897816732,0.003884442099152259,1.73272601816166,2.7224537759874523,3.5678625387815024,3.0454943461428945,3.8200686310118024
0.004743180188836916,0.0015893133187911159,0.002624435002512666,0.0044143514452784595,0.011054106034927482,6.50822090505212,8.569306922032732,7.577438638743095,6.579992581606615,5.223108037741207
0.004276885861156867,0.013402502833331793,0.003950586617496519,0.002326998973481673,0.0012274004703748864,6.2142132554947,4.627607414423668,6.399598513774373,7.230354875939971,8.474558536437351
0.026752660437832865,0.009133138486907007,0.011024720924167395,0.009761347670553892,0.012080978474465872,3.5251085291417117,4.678820450301248,4.483094715517185,4.555726292936964,4.354471205358707
0.007247706598502551,0.0027034052214439147,0.03487489864562719,0.000959721095849577,0.005100418862928973,4.442237949154846,5.6449194261306905,2.956105447428298,6.83581718432461,4.858172564485051
0.012261022902412063,0.0030754122878676,0.0012314572270448363,0.06810137162200433,0.005507670214532034,3.3876192719971243,4.67223970755191,5.8531037517874145,2.1663575731685545,4.13788651115372
0.007631333909111829,0.007217159557345584,0.01321470124443948,0.0025287904708111916,0.0036543823700360472,5.675220746606133,5.764430305085989,4.931969490297317,7.48945511984642,6.869323423978782
0.005691024295755346,0.001621867115022826,0.006557047865433025,0.002204898767138696,0.013526432973165442,5.674243318992694,7.738490171169372,5.444865756561999,7.123728755313819,4.528779565951678
0.005768608368830301,0.01552867137562061,0.0019406938270328255,0.007898369614062244,0.001387539528065118,5.1729798557083235,4.003393608839395,6.828543002561536,4.784395639712096,7.313841725648164
0.00767961739665839,0.0020020928373790485,0.0012691158808720523,0.028917555585065813,0.0076813110220983844,4.286161306847642,5.857071385489216,6.601044692464915,3.027964079165497,4.293841203621674
0.004373571626053285,0.003943664907707007,0.03846530005295453,0.00026353133024932394,0.0009826906856415742,4.177436105141991,4.248734581685378,2.4468179395857304,6.701867411073516,5.731509336944201
0.0081007852810949,0.008702459087523389,0.0028729584366321993,0.012645091917311063,0.0034163072783004855,5.5243612260138395,5.4167852376453585,7.268582416826377,4.919841822739089,6.906198056832542
0.017407424933432628,0.015023165663997284,0.012510977668833152,0.006065073148848939,0.005444809738643398,4.171533019404215,4.346418037181176,4.587891068892702,5.45478056423298,5.649072995636136
0.006927768398283751,0.0012910645833360593,0.003599030644097749,0.003979976954891229,0.029016570675847397,4.815818607017543,7.165782409780336,5.672080651496019,5.496518788680457,3.322014474242323
0.008879081968217725,0.05087752396613203,0.004566616048328567,0.003484503208200209,0.0011658674298935467,4.022257172687542,2.560684219906761,4.7892296460279775,5.041863239327252,6.465292093354582
0.02865049965454584,0.0016765147710905313,0.0032935514091913948,0.010731806234965231,0.04084767752385085,2.5391912896573285,4.84692789125044,4.305693158826099,3.21807259597751,2.3242794212318505
0.007263406224648653,0.0028037618023053217,0.011346103943801299,0.002411146279303559,0.00930025298309791,5.579522831293831,7.130424901021367,4.955391965400183,7.328454169816823,5.2363337155640375
0.0032357644716983582,0.002156427705110346,0.000864130192760141,0.01350310764188817,0.002303235050330763,6.334114392436666,6.969478468392775,8.763851830191799,4.408731265499236,6.9042291496992
0.006327549138182304,0.01847366005051213,0.008568980200138817,0.0018121262527226586,0.0013516855554754972,4.831168463884523,3.6687164482985315,4.511941469572548,6.5055946406163505,7.01576061983649
0.024098031949461134,0.002845917504400925,0.015500549396932841,0.003646969243136447,0.028607215156013843,3.024254622710956,5.0923544987794305,3.390704418662598,4.774448197565778,2.8913937304936637
0.006572589851912673,0.08406948183554756,0.0016371927548090208,0.0035405270621335426,0.00040865442300645527,3.525420358618634,1.8538525414486133,4.955514798130462,4.037332101206871,6.117222258876163
0.010739345507895483,0.003768264626672746,0.0038844731554309392,0.01184046807848218,0.01235689595784004,4.968876472608019,6.50880792520235,6.492426737584191,4.819529215304843,4.797383265166345
0.006310448397137275,0.0037283544538810496,0.02207515215322711,0.0013632458556020748,0.0038997160207162045,5.235912933752289,5.979657023913711,3.7696139226754273,7.5245982865293595,5.9222690225983845
0.01635726638968225,0.007558788408366152,0.002713536486807974,0.03486383286547344,0.005914554236641361,3.70635946568967,4.505644968806987,5.857480955400463,3.027229399126487,4.81387207898996
0.04401439920425209,0.007512293922430449,0.027210348199469117,0.004070771767948563,0.01074954768614085,2.508626899266394,3.940001482540062,2.8634812566224275,4.515184706345676,3.614250428100958
0.000621372306856634,2.717096088823447e-05,0.00026743612508081405,7.063834698290817e-05,0.018276943171677846,5.172679933821602,7.915408209759133,5.830631785527108,5.959611428366977,2.6190739333587016
0.004397427751068251,0.011586928252617491,0.003238803420845851,0.003235437045704015,0.0014445060713771318,6.632709474069048,5.160488846757416,7.245118601327582,7.175926866092469,8.795170538272862
0.017068137797961902,0.007888992729861627,0.006059444883338099,0.01353905561785666,0.009560952359818456,4.31833150132312,5.287008964631006,5.699142818753585,4.562427538283608,5.034233816436275
0.013340774370716148,0.004926541294691555,0.024445276417040338,0.0028052255347459413,0.00902626938827673,4.219038165323476,5.456319871845106,3.600813559047508,6.215682407740263,4.6721664714584366
0.006000089685289246,0.0026353878580249314,0.0010311900041871935,0.035310550381631486,0.003739043786373531,4.650299881885378,5.640802666032653,7.111163197101107,2.946512509242254,5.237549356884881
0.019572337090527196,0.0162560758103243,0.031130784846971567,0.0016897498505453314,0.002518996510241714,2.983884135253608,3.1246754911418826,2.6795990166988757,5.160123852674737,4.903420453142233
0.0064180062728197386,0.0020547519149201046,0.0052701051742579785,0.0034251517018468788,0.013736302212266583,5.920525176324766,7.910709034118665,6.217928759201423,6.887858787205691,4.850352492809584
0.016400856424490306,0.013821077037021812,0.005950968188375091,0.012529704183601928,0.00547875307838083,4.302012508303672,4.500692491474477,5.647575505505683,4.595597257464446,5.723494591627372
0.005169925553374153,0.0011434377988930146,0.0018059266456558318,0.006160414365345784,0.016410167331344334,5.274461592522691,7.499035473904438,6.822102014270738,5.009871683873466,3.9248384862458807
0.0015755803908163051,0.0009696140741730478,0.011919323285734685,0.00015316074572347958,0.001013543415655435,6.117134498604818,6.726930138522923,3.771445161933872,8.75299207920172,6.75182048483773
0.004251762694375717,0.01101116349400851,0.0007122596742195036,0.012784067341597675,0.0005431716156618158,4.20524504809091,3.331154070681838,6.395959907345109,3.234172025823639,6.3459896301811
0.010772892314906581,0.014827202166628646,0.008224358690672753,0.005261765088216073,0.0036118508381932845,5.102602649770048,4.702735586468161,5.5311937551171155,6.122009739148905,6.779187680441262
0.010801929315890066,0.0026913349575120567,0.005319367070682891,0.0065755678142009185,0.021521894269295794,4.708734772272668,6.702090570640636,5.662425897453258,5.3180164786384525,3.927639022892676
0.005158924534401937,0.02535062606259651,0.003223208076597369,0.002968050588891558,0.0010251421541123084,5.183256377902016,3.440087755093546,5.87663239835361,5.932746835382794,7.609079418390856
0.03845304377074548,0.0061049943043307575,0.0054947267373506355,0.019387183552683002,0.01601960922683029,2.735012715098391,4.372072540809353,4.525736354605799,3.237020165537922,3.4417395022576285
0.010764309595959759,0.0013905326264702519,0.0512935915870995,0.00043223763142712286,0.007993079827837058,3.215833721083854,4.964169310033248,2.1626175932522322,5.657407373406653,3.4698985726738583
0.0063925010368029835,0.0033987590256227907,0.0019516245105719984,0.01511628568200385,0.0053208041093869285,5.7650907663896325,6.764605249676375,7.832584353549779,4.595994498903276,6.059097202180604
0.0072075667564435505,0.008989249027730116,0.015617453241799282,0.0018896307889292754,0.002499493921087654,5.138654827811426,4.857576838846146,4.225187911026542,7.138580670924335,6.724246733537136
0.00749246479903328,0.001515580510290634,0.01014569782507359,0.0018411133475632322,0.01833134693587981,4.604224611706142,6.7123639835464886,4.240124650581521,6.357602653328696,3.6526618105799322
0.00538950268496669,0.030866654567905914,0.0015970966703706734,0.005404740738360069,0.0007121717601720968,4.403044401532677,2.8256834067496834,5.951960352569227,4.398609776415782,6.840256814517712
0.009784558592620349,0.0009959437767674193,0.0007132485544607872,0.0440368988933284,0.008627472396697464,3.1648782041961256,5.028002329690651,5.602572571365478,2.1550147742822108,3.27903959528042
0.008204655630540693,0.005687637645386784,0.017634081388093047,0.0022700579739998064,0.004555550470216557,5.3107675535317265,5.842539863303539,4.348557313753584,7.314270524412598,6.186536346050169
0.009568459879168156,0.006782127142641386,0.0022334203242998455,0.024176095084878318,0.004155214361515034,4.702030185210479,5.1246785393328125,6.825874621157547,3.691288580089383,5.827164455699075
0.03757220919659189,0.012524040647733712,0.01467438945223151,0.008262738482952689,0.009550484713152264,2.9597980545805265,3.947190578048283,3.818011830568915,4.352424003866481,4.235622219741061
0.0024127229632860355,0.0002489399155173493,0.000974184971501608,0.0013544976778798736,0.026631425167080877,5.056582000955691,7.684763960889768,6.059634038470304,5.515331212591878,2.842964285774257
0.0019452335339693629,0.030418293515499024,0.002330006940508088,0.000286352922827469,0.00011738296538129126,4.305154043132251,2.289792383497099,4.296774634615435,5.882723043754595,6.915602179902674
0.012379984789826905,0.005642584432373213,0.008838553001169364,0.00620075655071387,0.010350790081950785,5.10612064421777,6.28075891309298,5.597653284387741,6.067224552824538,5.356958422670169
0.005385643988632834,0.0025726090328404543,0.01356903310466949,0.001525921413001,0.005413367461649662,5.896930358884869,7.12852851683254,4.622593995775677,8.011192175032049,5.8933569805147
0.005888974140362738,0.0042513853841813784,0.0013892057567263395,0.02185033569701569,0.0030455188982027796,5.306732773582649,5.739711197326362,7.616774880598662,3.782534319568512,6.275232332887664
0.012024701446605454,0.023318161185783788,0.013877432242858085,0.0027299486408906767,0.0022450775617792497,3.9650645015969004,3.342345743185162,3.8612066360996242,5.703907109779048,6.022640445573667
0.013178341451653018,0.0011709887614086674,0.006721523296767467,0.002772805582059502,0.05816427099632291,3.378890303509983,5.790777574297303,3.992168984565035,4.785016840616609,2.3023237068933256
0.009639290990221044,0.012491993856188564,0.004632802730450703,0.008608693586073465,0.003569634521140831,5.389424777949112,5.038286106527182,6.583630513107403,5.545052582367893,6.9790738628502025
0.007453392849294035,0.0023083208157054593,0.002700814567493048,0.009458364647078606,0.012881301273073131,5.339998233803104,7.1777904161197075,6.938818758715392,4.988382153337886,4.637939953934356
0.004283280908823929,0.002741422135334287,0.019094117681824653,0.0008206196771453158,0.0026826335573302135,5.613920051117661,6.2600206970686,3.8053983106837315,8.034372432102412,6.31223712743387
0.02582139423248639,0.010542426212944671,0.0038730643183319136,0.029214551250665608,0.006743633379268946,3.179464541626111,4.000372205316186,5.181865543590377,3.060434451359199,4.496110737276073
0.02780684315874479,0.00583835035220279,0.05117174551582495,0.0017540786125856745,0.006956368901733742,2.7026540820176943,3.9830878427825462,2.3195706845818895,5.022775130674488,3.8397512173019352
0.0037265931399561,0.0011750877807834923,0.0031969669420982656,0.0022454779454582964,0.010589771621870818,6.7854351835279,9.01495684808309,7.032178399110507,7.657201069764342,5.178302259130537
0.0043318774741138225,0.01396429822075502,0.002256206027750123,0.00418309700729753,0.0011880400553721101,6.0539459343038855,4.478075558631656,7.2030605156513055,6.116898066734006,8.321499987510355
0.014927518314822297,0.00573920757043454,0.0030103672817813447,0.027699468565981,0.008213330148677955,4.0060669300081875,5.110590792434039,6.051092876307459,3.388424338495929,4.688177284158405
0.03102823630553557,0.005284597801060551,0.021585472921686593,0.004503904169261246,0.016898248133084253,2.9485635854019043,4.629282869282363,3.254921396974913,4.774258176285731,3.458004417360556
0.0012778594000649808,0.0004908509650391902,0.00016409910136786434,0.019931329537654675,0.000853643603324932,5.279697752804718,6.231666169642467,7.972043164840237,2.863030649480795,5.737312391013404
0.005851983814059282,0.01022476285234691,0.00831420202719393,0.002274514879930625,0.0020728351445286207,5.958294050041095,5.160076505471311,5.4783998741597175,7.549150335787267,7.770208905247864
0.012933497998656493,0.0037484133424785294,0.013038082647429698,0.003927257925738625,0.01539197974780533,4.480908593348984,6.153887392874307,4.4635717032125966,6.019436127593459,4.276301392526046
0.010900499348131405,0.03302812113758572,0.004923409900929131,0.005997062583278138,0.0020160239558791723,4.259038655948145,3.18644327068777,5.268976995433723,4.951434334343067,6.490408294430312
0.01724786711878387,0.002233449431293008,0.0031604420304877532,0.014124710666309895,0.029585071324798616,3.345923284621563,5.465883253207135,5.113828728600058,3.4984512269989145,2.917965989427445
0.0020599086546406855,0.0007385478015214612,0.04165669358195007,5.2524408549913796e-05,0.00106963802733637,4.557477374053232,5.487981759516996,2.24943881606569,7.244392662107105,5.2367218980219885
0.005853480743496626,0.0064726534165294,0.0018893212465349188,0.012889318362749319,0.002588842621146345,5.88797985253755,5.723319951078481,7.887771610243494,4.808292057728293,7.251222119433609
0.0195426876319666,0.017946957823085148,0.008547238953892566,0.0093265615230353,0.005274759910244665,3.950162832681591,4.0445689003762295,4.948308192656103,4.76674090337314,5.554190779898321
0.006662788042249174,0.0011723096757769128,0.002434729685145187,0.005553285107695224,0.027114409201404392,4.711323212509646,7.044003425935454,6.0342246652634675,4.897067031866157,3.2825521413793273
0.003306542773427039,0.03175890631708735,0.002162696294135635,0.0014681714783521254,0.0004524479253865591,4.910154374541413,2.7844669249083567,5.486592262757253,5.840936338114687,7.514384599403185
0.09032938760087832,0.0047179197533395835,0.004434099263655699,0.014925464434155789,0.012277846610792688,1.7835118469973377,3.6730397832213777,3.8088484503367637,2.802588535466265,2.9783565548189097
0.007913311436841104,0.004200042950904212,0.012779851161208387,0.0026954938798363776,0.006694734617282471,5.725745138246527,6.764697391278304,5.044194953680914,7.49162279119601,5.983910425527775
0.007564364881155227,0.0039855033519255074,0.002170419236150233,0.017497740838366055,0.005682954857060049,5.397921739715989,6.351122321112582,7.454869698959366,4.324353823143346,5.825664209209325
0.012848887004807337,0.010712339709218904,0.02161052396846058,0.0029406182396505475,0.004285165684035494,4.308384986034896,4.519739315955462,3.7858998456890354,6.228268197034674,5.7180695074114185
0.005595904741727256,0.0009027129816768826,0.005034825945449643,0.001770981692928243,0.026353480858807808,4.782430624421596,7.169670260226397,4.896512275532068,6.145522995675376,3.21544922435983
0.00642606281394894,0.018489682944178056,0.0012083339085965544,0.012145885827685098,0.0008565308248700491,4.030324505810542,3.084928739184594,6.050368969610608,3.4467472457154513,6.242615310783369
0.005820290423935175,0.00251535360268069,0.0021288108096180814,0.010170513194872695,0.00724042715435802,6.125953574875359,7.580715241446872,7.951357719355323,5.2754644176512935,5.795461226783548
0.005418633743814064,0.00495131173232194,0.015392572726145262,0.0014473295171058419,0.0026829633721091053,5.777608730155286,5.915011891434367,4.405777837309004,7.959311963091406,6.911885386905891
0.012579043334406641,0.012706346836991147,0.0030255763676386364,0.019630263606331983,0.0036155777685509156,4.263526013834732,4.243404214768031,6.163241643922448,3.790746704794596,5.860787388344664
0.026481325444393633,0.01727434355316709,0.02227873400484308,0.004220461916911197,0.004921918900148344,3.1377255115413454,3.5129493750564738,3.3145962363227777,4.97032137408736,4.832166125025621
0.004154370489825165,0.00033026337699570914,0.0020049593247574186,0.0012096474004108964,0.05613514749137264,4.262662201973262,6.879858111962083,4.964357884513626,5.262673169666769,2.2378852641573475
0.007948740387412724,0.014868357618239403,0.006464756051383224,0.004205848519234813,0.0025652465694899567,5.569588459178039,4.733359950334473,5.93907850931338,6.5397230575484135,7.458949979037802
0.014865231827518885,0.004104546224506276,0.006896917012691093,0.008215326368510153,0.018520194535240078,4.372619556453759,6.0967900789653,5.357748879333002,5.053130763889818,4.131434896497104
0.00615358798956985,0.0017586445121133092,0.014571629496699373,0.0013292806269310346,0.009310710639419411,4.996642078794193,6.7590048240648,3.985653856699332,7.0744206449525775,4.499857543903169
0.0019600000675107335,0.001261733713580754,0.0003816838045300327,0.01610000282359416,0.001096670126229029,5.802947066810715,6.3223536536595155,8.426918318606887,3.512184074324953,6.586063589009169
0.006176220180640257,0.044930220284642094,0.0058320951611886595,0.0009951961439087196,0.0005316727997301371,3.781807475914287,2.2949282152787696,3.8696458244237,5.443342425686868,6.271956637005694
0.012550513653892132,0.004309005140538388,0.008213168202053396,0.006150008914510699,0.01439773279468278,4.866696695966117,6.427754749957063,5.448867871903249,5.803388008361631,4.696109276354144
0.008513735590834128,0.018266607471636234,0.003370775928297403,0.008380278425485672,0.0022326049126975872,4.982782836663819,4.0843165174410565,6.372701697872044,5.0044902502294715,6.998186063549699
0.010012233113678201,0.002479512993704802,0.0022298211614875003,0.018083084731393372,0.0133823932633764,4.327715954347788,6.1032211712728675,6.312341946342848,3.689524348133964,4.026033047251279
0.00870162806924433,0.003288822282486046,0.05359460542288342,0.0008173356913992253,0.004208185434973251,3.9559740899560305,4.98363130167422,2.469736787550409,6.418711880200503,4.739502194300559
0.008510003997108682,0.002591257473084684,0.0006554972174651614,0.10979715039041554,0.002394463234512013,3.359607510458065,4.3238911638907025,5.959413494756038,1.749090062624591,4.458462790186813
0.016793145046947358,0.007681048618652762,0.01067201258532297,0.007227560398017506,0.010221598898125286,4.441735325774356,5.45937281596928,5.028915649990493,5.492543381143598,5.064906106209601
0.003078299992763459,0.000723789560853608,0.0018634353159480519,0.002344990445367212,0.013084623873672156,6.309435493874205,8.749364648792438,7.1206242349375835,6.701840270219727,4.366528454639961
0.002283544670094863,0.013599877074841173,0.001693662067756427,0.0013885040543889847,0.0004433027215547607,6.1230971124690825,3.917966882918633,6.634824093508983,6.853009977057319,8.69679090250003
0.04812158612210096,0.01654874821613851,0.00606124905282184,0.01736957532887878,0.006189719077991925,2.4816980085682405,3.2685834729004806,4.245083137247724,3.2088812956103823,4.199287093322505
0.010102782005304662,0.002663689144511625,0.1255226775524383,0.00025336389354400294,0.002282995076497459,3.073674650960662,4.079087574471944,1.6256429588642403,5.679105271978273,4.272703626476435
0.006670455897090964,0.0050531119932365675,0.002291858285311664,0.013433222735980091,0.0040828212325963184,5.986418416032669,6.422686918594941,7.9252900514327935,4.9864003553957215,6.8134795552155
0.008810430193923286,0.012011582329667586,0.012066594830669387,0.0029362127954553692,0.0029847805515202095,5.164255586438396,4.76968596777632,4.793316810197092,6.809051731423572,6.825625780316266
0.01038361712039928,0.002344534724233792,0.008895817546756777,0.0035183595450289464,0.022225038277670046,4.535879791399624,6.581887314276682,4.713161263548987,5.910543280260818,3.718490331602152
0.018963113546967045,0.03275616539991435,0.00540751298103271,0.010079412930755743,0.0029533577963490472,3.495542035934228,3.031183182028801,4.861715285467894,4.098945319593108,5.590130299639908
0.007598501552525454,0.0007597631612754609,0.0014080744299119407,0.008245020045220106,0.0331634499614138,3.821256647160596,6.183682267724204,5.5993568459932375,3.7217210586188143,2.6393329344308443
0.003641971761539051,0.002653004280985208,0.010231040393665833,0.0011299913783025055,0.002716336129082292,6.882724968021539,7.46153427096542,5.239850288325299,9.126213613914123,7.420870049668214
0.007689649100498728,0.009472889092068363,0.0023863469336996928,0.013893521627891833,0.002781023111792591,5.2818479527000814,4.994121467039739,7.158303228652508,4.533710453651309,6.845041005234148
0.020127737277278047,0.021107037606790797,0.012052711117547217,0.00627922481110832,0.004543384566862123,3.7464374198732644,3.7075317179760474,4.325796341976221,5.035779253481871,5.506886165725134
0.008044361442408566,0.00109627441208444,0.0032587366062295925,0.004370661987868641,0.042696857689564605,4.237448434356867,6.658275602531928,5.288291143497586,4.8934563704269305,2.753053662461923
0.005746651701508301,0.0722501688267625,0.0025875658701520685,0.002194437880277955,0.0005103486180713392,3.9691344807430404,2.0863641853434878,4.8519954955216775,4.8955282415571855,6.569257304944194
0.012626900043963787,0.004942273519832251,0.005605722585134612,0.009899452165248991,0.011991173273893896,4.915439941403889,6.279100530480142,6.105957329790418,5.200036992356497,4.989588776965626
0.009119709321521981,0.003119737869484984,0.014821395180419443,0.0025432108643271604,0.01071320294082478,4.94756387791974,6.512342792504876,4.351193716108514,6.784090941098167,4.748280531424214
0.0058780845367854525,0.0021158613740677374,0.0012899828748508366,0.020652769107050696,0.006018946917490201,5.04790354880963,6.452578769864115,7.328956709168682,3.6399250035270074,5.032582606859885
0.005009271434076596,0.006189039202444987,0.02256186559034239,0.0006377769808423173,0.001326933413496099,4.645602103686446,4.404852791599151,3.1854714636758312,7.00114343273003,6.305593524474365
0.003284096956312212,0.0003143521939717572,0.008189267896848203,0.0001609903817897437,0.013133015230923315,4.261370235037579,6.530471051663409,3.472494658529323,6.3451031044904065,3.1099036003572005
0.0051554108746121735,0.012569198177252678,0.002643591136200684,0.00527686798675642,0.0016203294807639753,6.132045140304787,4.865182462443251,7.3430697642474945,6.106003737541059,8.217904526861197
0.011435196448168266,0.004540216429396122,0.0029351945119300443,0.020476544005389005,0.008760565058684793,4.593276218273084,5.816603465438362,6.538364911088752,3.930159936204831,4.935939318970262
0.009142173434308025,0.006658629622638796,0.030641555925128062,0.0015764538255785105,0.003402033801274929,4.407550370295594,4.777850603582741,3.2267418386399753,6.666418651731675,5.659076262362055
0.008426707547992554,0.006781642622426901,0.0012162596504680212,0.04031743006493892,0.0021607276091943056,3.9870103469301186,4.185669582302595,6.376471744690982,2.670788479496867,5.5020608103548305
0.08283041455105061,0.01740779676967551,0.011918660072325149,0.005308940238336906,0.004473113825293115,1.8689898172237558,2.7898688050225795,3.0967073924628497,3.6601433304227466,3.899086806488676
0.005226072393465109,0.0014996750639633568,0.003041611332285382,0.004018834142693219,0.014684931380134976,5.999960132739765,8.182691077725302,6.886895430122914,6.369435965883106,4.587222461953189
0.006270353343333601,0.020711655843368936,0.005259555535084446,0.0029307869119528747,0.001497569674691695,5.271517954787817,3.8688545396397696,5.56744882297174,6.370346670228493,7.523946281467553
0.030482993666840055,0.005592067004684981,0.009428577674368378,0.009984976484547783,0.021089257907863573,3.1531875687547255,4.877334560152391,4.299245285610226,4.171531332934816,3.478044173934792
0.005780486792124373,0.0012470291951159115,0.030587239317953614,0.00045963361738310794,0.00623832412400705,4.209326102486068,5.850717346757131,2.755481401224894,6.621493390591341,4.148006629996667
0.0012061264690337674,0.0006267971728410236,0.00010220649694379212,0.032548462156586,0.0004120911422842894,4.739695514114648,5.264781243492792,7.4564216847763864,2.308939754916422,5.762942442121344
0.009445049006346342,0.0125873235533665,0.008427190179013022,0.004505020324018811,0.0034939201961589604,5.44245058436145,5.053725655909504,5.66454874383076,6.569126597592556,7.049850616944633
0.010333629054437639,0.0028695444305224882,0.006072359720441582,0.005666442020236272,0.018792820560759316,4.936612838134693,6.852494992503431,5.6718889053813415,5.707010502205564,4.21706118108191
0.011959754197081585,0.016909151801809574,0.0034253779517265243,0.014042340484163359,0.0030488993395675523,4.370042857055774,3.9882374682777777,6.056007743690032,4.185608600117161,6.187771088334929
0.005661102250005832,0.0011446834432851686,0.0012755881997171823,0.011471271968088021,0.01281049527364383,4.725004872107826,6.767651087266535,6.725842667941727,3.926115445192603,3.8536010229271898
0.0019120120784378429,0.0013440666751609433,0.02227536012101295,0.00011086535628457575,0.000759632916450933,5.15611417303922,5.497964189554148,2.8861973687210036,7.800057145920137,6.240466048398312
0.011803144357588039,0.010339549174679137,0.004919662605931637,0.011273904135945494,0.005102293254082542,5.068821565352504,5.249501990456687,6.41991835812236,5.115716215527276,6.3109930260583
0.013132201155928655,0.009124707705105406,0.018222745415667676,0.0036049126804315055,0.005660048388490869,4.562675875630644,5.034778733882416,4.204015240572885,6.321572442767276,5.682167314763716
0.004744289923893613,0.0009769372912420457,0.004060518933830474,0.002072474916179364,0.019902345607722662,5.406049442796776,7.7732247489521855,5.604858330788022,6.560206113204276,3.745359549923598
0.004021893340828061,0.0292031699952096,0.0021574608855039344,0.002453799478078613,0.0006180373962932496,5.028352805915846,3.0368939891379054,5.893441908618561,5.642340502952825,7.572710134440746
0.04425646603921804,0.005084497755003937,0.003310271073921672,0.02892982455318942,0.011817986279716352,2.3512198073637824,4.016627243061849,4.506649920436792,2.597417113154263,3.3050226558032763
0.01029676160857328,0.004777211318221391,0.013893856219573071,0.0033909115533250814,0.00857238524723784,5.168650520352485,6.32350177475847,4.778068695373321,6.8264160395754905,5.426160862682427
0.0058303151389964124,0.0030780104451659895,0.0015252270687130484,0.01841202426417134,0.004508372259902675,5.549811684142162,6.503411292967453,7.790582761474594,4.111890039324567,5.941924016123492
0.007945639926047257,0.011640274129920006,0.016891146021967562,0.0017768749856151792,0.002156006936390504,4.650904900469328,4.218000921755709,3.854480478675072,6.663693647364951,6.4397438621801735
0.00888567922141009,0.001249097439640347,0.010559535244378322,0.001612907752287705,0.026112918059024836,4.006717109798317,6.235468230000025,3.822723989325089,5.787429938870936,3.037515423592368
0.023877836044621667,0.06733423814795679,0.0051648350217044555,0.005219026425268994,0.00143500800229842,2.664194218323844,2.0365252526206215,3.92875874944478,3.8419677711508053,5.103765919528335
0.008400671789858555,0.0025987297311362203,0.003999132926020238,0.007043268410601117,0.015216860928213165,5.373935414220169,7.252265354665924,6.523015380016496,5.586468833215456,4.600327259873121
0.004137992437336311,0.002047171577898106,0.014529633448650226,0.0009508145843999729,0.0038027607067979575,5.929474765457005,7.038572909271881,4.261754584586821,8.255591429397171,6.064308154212382
0.004464730669251666,0.0047419268683169934,0.0009871841046879518,0.019075017613818485,0.00163762684524884,5.283518613015213,5.179300677718589,7.641511703055892,3.6658473454600142,6.708649816314767
0.035696596283151194,0.024629770597095937,0.005720241514713173,0.014740658208170847,0.004278621461313954,2.730015507594543,3.004869034502401,4.389014716186537,3.4121135919707295,4.677256827340358
0.002484718566382716,0.00015517249791195027,0.00043851480777255456,0.0025302356406240656,0.028110746223183353,4.274657969540652,6.820236115123051,5.951176320450104,4.138707759195952,2.4555612081734064
0.00403538845283822,0.012912619375631255,0.0032088536630692404,0.00260349998777672,0.0011818494030023754,6.407516209785644,4.745672355984911,6.8540382692958595,7.15085221217439,8.694315490420864
0.024076976282631203,0.009884474796655844,0.00784836181872876,0.013286631702752261,0.010168223828807364,3.6946581143639015,4.66715195600007,4.99053188885461,4.289007884161007,4.638824181155691
0.01147742183094666,0.004212662916876374,0.03641198980800634,0.0017310961936253374,0.006712394325308698,4.045599743255191,5.212039212021854,2.9925107464467935,6.307030521382736,4.644179348130253
0.0074663030028053355,0.00272964952761926,0.000908677780013385,0.06173425255843388,0.0034895686043768127,3.953958211869292,4.9653281088421295,6.480725777562221,2.295161100763465,4.7553220557559985
0.009816599200968765,0.010345703698836462,0.03584904180441287,0.0003603191951563595,0.0008620505249085665,3.047727628548619,2.995998673520134,2.233382657294261,5.439603781686163,5.0597706809600345
0.00647097968944054,0.002200660811212392,0.006061236048911518,0.0031481780619716584,0.012369792648562507,5.989429482025043,7.888428014549747,6.0750270163653015,7.130257904924146,5.05165660942708
0.006443471697598309,0.01229046993399028,0.002480125648967835,0.008642473200660788,0.0020193204688331028,5.5800927552738395,4.715104125974612,7.171428180365217,5.181263182736697,7.4861647988897735
0.007033768576693292,0.0023460206064434665,0.0017064229386262986,0.017848597780727657,0.008206217854322717,4.980599957200772,6.524401456199505,7.101524924667831,3.896292546980811,4.800514295956053
0.006892636359515899,0.005460008340218243,0.03283837375335623,0.0009402460150433179,0.0023982072118061254,4.476315696345521,4.739779246758845,2.9993359046116743,6.8613984404059964,5.797352595684752
0.009636700044221519,0.00850529947167136,0.0011413726058518206,0.04158492264896228,0.001705738245301876,3.578686935716169,3.668423026416714,5.961827875491442,2.463860538006233,5.306286165199423
0.013578774940601198,0.010687118488749524,0.01031357249702128,0.006078803315407763,0.006001423198918688,4.86311735986446,5.192966824403995,5.264943990420945,5.964912881959007,6.027679194538279
0.005829890291853964,0.0015034181890916703,0.003480564589178878,0.0038975775790923146,0.01801250243252223,5.612291349795266,7.8410123609900575,6.395378979761454,6.172094951894282,4.184991462927333
0.010981530095122323,0.030130080408272752,0.006159565264469416,0.005148639029039006,0.002187754028417768,4.356840645479456,3.344838304393229,5.114967867706258,5.27268665222353,6.540349955290428
0.01912869098237218,0.002588725052220417,0.004426603697230069,0.010897273322854877,0.0339079567667825,3.362808746835308,5.493726622875682,4.880845406145441,3.846337668080255,2.9044677875113467
0.005105511991037908,0.0005659882179990493,0.014295540180281974,0.0003048785331735849,0.012895214592083986,3.969514960634925,6.107066826920445,3.0991210958813515,6.157072882342075,3.1965345011335056
0.0033411893719886196,0.002239839796762028,0.0010686392067953434,0.010395676328419777,0.002695413051668841,6.914578431536068,7.621768287764474,9.215104811631575,5.167652569820478,7.3165181568390425
0.005711835422754421,0.012597534195881258,0.008197120942055096,0.0020090050362429066,0.0016718330089074056,5.551471428104357,4.5293993674916875,5.099895112047301,7.185314181038578,7.5579237495415335
0.017785417498277983,0.003917117124256623,0.016509981762877515,0.004007322059200175,0.01858329395355684,3.765932146105427,5.52680153514779,3.834797699909148,5.445990861074958,3.717385458790693
0.00897073431577464,0.050698209554762806,0.0033907857753541,0.004783314780326553,0.001153512594403396,3.9874829051193994,2.5466708504797806,5.11871333115613,4.647452384982918,6.427636223103754
0.01934311925559267,0.0013413958790218304,0.0018432690610249995,0.017223721253430514,0.027898067554358478,2.7824356864353894,4.999412717297883,4.834923777105338,2.8473511845010977,2.547502537863024
0.005280437368437474,0.003601038354860258,0.014446057561980176,0.0014996175335943555,0.0035835318191147444,6.040090123036338,6.663447645911117,4.631475100764748,8.216739972750654,6.675615541581452
0.015346981050528284,0.00865782408506699,0.003914843522008193,0.020761956292084334,0.006613476614937479,4.226737186181454,4.899630118556771,6.050698962386875,3.888400255718106,5.265381200200951
0.024862985786107388,0.008252962574697022,0.025043230288412245,0.004361145084713008,0.009717918479891579,3.369554612603805,4.490170710742049,3.381254547210753,5.222539062717076,4.306525695155364
0.002026407483339554,0.0002366090204908537,0.001300250547889048,0.00073268672563882,0.020083478753914637,5.419851444533537,8.052899544373139,5.898059599551314,6.32158780068466,3.1464882472145694
0.0007824900639218732,0.015135797352442045,0.0005126686393464305,0.00048493804252128215,5.6135006866795093e-05,5.3895991393027485,2.8464762754862423,6.235370825206776,5.934282470265974,8.123615609926398
0.015205888910722963,0.00952675897260811,0.005405425878526974,0.013876969987517892,0.007011141771061817,4.5212972249338845,5.115021365292095,5.967204737144108,4.612670031271976,5.542635981642226
0.015165120188419756,0.007129805920435522,0.023594016976539105,0.0033628806045139714,0.007533066581544251,4.153759204291815,5.063763142674171,3.708429942627007,6.062588425343205,4.986555312976338
0.005320894652421061,0.0031737385684795214,0.0009953129135555343,0.030736130618942634,0.0027302396502158236,4.909495228812563,5.541962401696892,7.374256456867001,3.134745366345084,5.787308488550154
0.0153410922290149,0.027102922195250297,0.01722532127611135,0.0020295950234254395,0.0018576745157187608,3.275394600471212,2.8293250636063876,3.2152850592195787,5.207529314900809,5.426908812762625
0.0068811559851152,0.0002530603952634573,0.002746828740282053,0.0006306230660250428,0.11582094861905434,3.2481711139625697,5.87317229263733,3.936216094443858,4.648379720827767,1.6146449740295408
0.009955811476501068,0.011293662139875038,0.004720852342526145,0.009117171829370645,0.004001670955359666,5.4141525891291575,5.2420232424149145,6.63581250433809,5.531011564263645,6.866388340512773
0.0064142509759282105,0.00203431862637133,0.002478420884086248,0.008143051247424288,0.012051493855025637,5.6374650840317715,7.524190232575744,7.199673967713155,5.265616764063658,4.790468295622723
0.003390626463422563,0.0024254091596364997,0.014782427344688664,0.0006882935756214312,0.0021354882173903935,6.063810899659385,6.577909650930568,4.1421526562707,8.507771542878046,6.802257704457427
0.00686716914231111,0.011152482340706055,0.0015045655326186998,0.016646692930539976,0.0016336339127999751,4.591182214791769,4.039651918066523,6.687737987518797,3.6649786996841525,6.468316677444138
0.024863347189186008,0.043834247460625655,0.010277378912817579,0.0044255595788551694,0.0023982579767205425,2.8732569936959025,2.482358940243607,3.638107247654674,4.390374375632147,5.133137987180694
0.007819938418028409,0.0025981476026187165,0.004602621858615933,0.0055846048583672704,0.014008151548944405,5.679161258623213,7.538304811063189,6.52429494492663,6.159490293400779,4.866179793060998
0.006267549598037419,0.018029870471248877,0.0041669870326440156,0.004018163241007804,0.0016988934563289247,5.590749362337222,4.248748930891057,6.272783125312099,6.2582065104746984,7.775672921824851
0.02149332091580439,0.005729567310605069,0.00589584958234562,0.014963703842096176,0.0156468668751224,3.7067437085151926,5.215554105994633,5.211968146360496,4.039218474229571,4.03458711749746
0.011728513808868057,0.002648893582158376,0.02654029954267005,0.0017317031560042217,0.011979491450676073,3.885300954364034,5.587869530025665,3.1390380496857477,6.0280649577280805,3.8687001857697507
0.004124793763263318,0.0009879535728836747,0.0004906644956592153,0.0391269778785784,0.00349698634425306,4.316601899249932,5.7431695567375955,6.8679564723270285,2.4692666537734453,4.503566070990712
0.00717586749093622,0.007637494226505184,0.01256388497377201,0.0023892816110734423,0.003204014166505055,5.728624734326884,5.642229401064602,4.968525820527221,7.546392109096758,7.0568782106003285
0.006554467429735391,0.0018600202175372378,0.007807020775723947,0.0023596961791776047,0.014040237533194095,5.429509627751627,7.427237220663572,5.16546373655695,6.948174866971207,4.449190585228384
0.007564382087322005,0.02154479646495304,0.002645416247172047,0.007881393330624934,0.0016440079289567083,4.778309261264949,3.6410517808998346,6.268487813770313,4.729750450202828,6.957529785878528
0.010363327990514879,0.00213360583124258,0.001693048181312355,0.02536927151671796,0.012150222996094567,3.915509680395745,5.694111115779435,6.093131335011798,3.0880710239311084,3.7735302722653037
0.008158147492624866,0.002684059734290732,0.09051538986395209,0.0003698349426230154,0.002742520683130084,3.540804675914419,4.505069340333645,1.9145925140197886,6.116284085228074,4.558392890563583
0.008167771164520075,0.005719363075894496,0.0025737145786280564,0.01599863212427251,0.004716838478576429,5.470373917342179,5.99212525119399,7.404804880284057,4.584631531104396,6.320159536362874
0.02208773982179471,0.009369364964110179,0.011742379217125338,0.008263348181039347,0.010431977418513571,3.8820909407509703,4.870099687828417,4.616287244651818,4.983086615681734,4.735334114414216
0.0031010669813791697,0.000582276273589684,0.001642250097152228,0.0023218415135728685,0.01674247065112088,5.809351917056334,8.310383701129478,6.732115631984774,6.178653454434749,3.799297584082321
0.004331607236279121,0.023866206948753674,0.004980587276070698,0.0011407622540765465,0.0006412452271479305,4.737131191309523,3.078399212203017,4.614217256226997,6.292044418127717,7.1696779661058
0.05167548908525385,0.002804648497923346,0.014752067278668984,0.0033102598316988438,0.02362779129127344,2.144031265196816,4.27781094940189,2.96324017984709,4.051289642672159,2.625656796586373
0.004904921366219369,0.0024286717031342243,0.012369282708190972,0.0014428756927858885,0.005011734389922104,6.131181548920857,7.345804946033857,4.807144975604507,8.250704912622647,6.100977304209519
0.004648830724299624,0.004081692167287679,0.001195083584390665,0.016953872053918958,0.0022937719821116156,5.73993406557769,5.907330455468645,8.055051321639798,4.124298044529201,6.855445502974338
0.010109058898721424,0.02810002567945384,0.009222610581598489,0.0030062733640713575,0.0018808033750579163,4.240160102483697,3.2550475256575564,4.387402391518212,5.719144660199581,6.43137473601871
0.021344788364906334,0.0020684456829201544,0.007558609697720683,0.005153404238627929,0.04852753744451735,3.0754530921365224,5.361105771032091,4.007753373858053,4.3422040875796695,2.4850288440319175
0.007184787893261986,0.03897849719405231,0.001108671020418971,0.00770330136458636,0.0004625779918962962,3.378000372918485,2.217239749761207,5.271844049377192,3.3210590717301525,5.822853332426784
0.006942116187070655,0.002871220365038111,0.002773038275126172,0.009587751805544846,0.008893910223101525,5.92524268880132,7.435081248805818,7.538122273885129,5.421597036514598,5.562065143994909
0.005273569105577483,0.004095127385972849,0.015322698710272854,0.0014281211902606068,0.0030694037856588154,5.909421204350031,6.305541839702502,4.46871108918497,8.11622690307749,6.788421027647352
0.015128966336873937,0.010964193394198579,0.003651897154481529,0.02113976207845452,0.005091255791882648,4.134945867242505,4.489832788541811,5.993636202755936,3.7778141456489283,5.4805981590503965
0.02668271290670475,0.01142568705463474,0.026652468788961794,0.004153489658709696,0.006993096738128023,3.2033751710535987,3.9986373050363806,3.228133117734883,5.109048986575545,4.531459442146287
0.0027074598255760716,0.0002583865052556941,0.0015943716103290582,0.0008299917985818737,0.032671165621445175,4.84331993525533,7.4734130404129475,5.380549439217996,5.827965659011238,2.657742184236292
0.005088939761448839,0.01236931008759211,0.0031114505921440634,0.004388453363437586,0.0016641776515808552,6.34625881371202,5.040822963438692,7.281951967879501,6.59720981921379,8.434459420289135
0.01373590112066356,0.005736422700184995,0.00416515257654268,0.016471816259695148,0.009713558345403245,4.5391276308573945,5.692560191512521,6.220035089485673,4.303315324722681,4.980172463322234
0.017182311082349654,0.004727021252328943,0.01862590413362434,0.003965798724709634,0.014367018568262656,3.912096939625967,5.456439408302591,3.8370552072630093,5.646770073810118,4.103202884769918
0.003352059623836261,0.0014054140567120287,0.000617513269732012,0.022645637412904724,0.002677438326883832,5.284364723556569,6.372986843328487,7.817977904029928,3.2753996023749528,5.588744023293623
0.005324526108393208,0.012525954118263355,0.015223268649107424,0.0005330093268083994,0.0007285499389903029,4.054631118428705,3.2859018468094843,3.1574728528040974,6.237822712843479,6.171135719314139
0.008560248330026133,0.0030362245354350103,0.009135594037987799,0.00339703396318137,0.012130982133587695,5.459947808183603,7.129853727468129,5.35480762596442,6.851868024494573,4.978679138193855
0.012542744852329334,0.020552997715190927,0.0067127698353527275,0.006936029834276747,0.003302284136846324,4.575557391370582,4.02265233035996,5.438422368895368,5.3193056897447075,6.4567576315439865
0.011769018876671599,0.002359978822314549,0.0038194472907271244,0.009287418627869705,0.025463165011751242,4.233424812347919,6.311462480098739,5.647648306677027,4.466300469929686,3.4654310909195543
0.0032876894936362776,0.001304959764839383,0.02388940309616339,0.00031745948365060944,0.002572410040691783,5.134700660856705,6.240552102110843,3.110069125283953,7.684905450892683,5.457637878610535
0.005000102357563216,0.004016798073330718,0.0005559145254684134,0.048313305531175715,0.0010196166905242728,3.9624433548416254,4.125656037968639,6.501353373493092,2.265903571122806,5.511885062030051
0.015585289098087785,0.011314520623004086,0.008773589895655043,0.008220651542137731,0.006627966655830797,4.595036422870266,5.0101004777818146,5.386495280564087,5.405033584305427,5.755659185318322
0.005238548928237129,0.0012914318093980497,0.0026149168193886534,0.004313653903771083,0.017428083609944536,5.624722889343297,7.892459776174617,6.698567951082571,5.865509574498559,4.121176269618973
0.006137508483150342,0.028171763773939134,0.004364693454546252,0.0028442238105297183,0.0011889501582489428,4.907456986436415,3.3104033036138762,5.39390552984287,5.922166097179111,7.294346997152624
0.04056706488421545,0.004911177559955549,0.007171810607250681,0.012552548876989544,0.02310350402624594,2.661728845438644,4.541707065868613,4.174831322475123,3.5693674960923945,3.0890933655555615
0.005520860094538953,0.0007243817480288229,0.03942285520202873,0.0001689291182517616,0.005941702656379481,3.6685979497321473,5.446795407298344,2.2663539826319057,6.146613820549192,3.640005717659177
0.007469662378576348,0.0034716907969463582,0.002299822585975811,0.015171027469883532,0.006836619624100557,5.493031443515398,6.678666480208343,7.4584798501463565,4.551688390461115,5.634021913787628
0.012614561402109575,0.008084295776840682,0.023327895217883424,0.002879423815641304,0.005332560365361411,4.405301847275185,4.9502063135471905,3.7676975641006334,6.373211419424469,5.505345237542315
0.0038991589460693416,0.0006907613059893986,0.0038251740096033812,0.0013523406494631023,0.019080656457352966,5.346710549626347,7.76864457606529,5.3581253814876995,6.6682171379783854,3.5808921868359427
0.004482086381362618,0.011413620073916057,0.0009217008564640144,0.011533207532392847,0.0007408644360501874,4.538887012268202,3.590650237641276,6.648077935854888,3.6063902144767077,6.656592333258856
0.0016860272844932578,0.0002244295795369224,0.00015223164247779572,0.01807580313416386,0.0026296253355181662,4.472137314882366,6.241630608163729,6.994911752664232,2.659179177634768,4.1282044132479925
0.004800156346718083,0.005362971258329889,0.01020963465336404,0.0016416296732570054,0.0023844769151695096,6.501294517516786,6.323384185368112,5.350017944009543,8.480033538009359,7.781289947767278
0.008657305493389198,0.011763437044069538,0.0030095289630941973,0.011894550167121272,0.00291003623351237,5.201391632308368,4.79531586938123,6.869360544341487,4.787570943300941,6.863956259924416
0.015724916168076114,0.01878483649473404,0.013945170818911553,0.004529779492991152,0.003913043125075355,4.070025108204439,3.895170140388372,4.246419325767999,5.576569884128878,5.827337156905884
0.009439129995712035,0.0013877049624110517,0.004886402463655054,0.0038903974771317233,0.041009315571416155,4.170046066580538,6.5317070437389555,4.918291394333863,5.1564501505618265,2.8487491096231228
0.004981755253966284,0.05123341353282682,0.003229726085366384,0.0015799729009067234,0.000522029338701718,4.248376390005514,2.354747731967011,4.756762109997595,5.428684751503239,6.822944160779038
0.013173188974342607,0.005486246165509315,0.006975821089725672,0.008344535381693129,0.011519427287083554,4.925788786140151,6.19888673572749,5.845922708944234,5.509262928230802,5.108874002062479
0.007511401724147899,0.002994936418616479,0.015289338969386316,0.0020692108077523482,0.007984265594808054,5.287058501415893,6.691969505367974,4.381522347770605,7.260043878019946,5.208024513576452
0.0036833123478171403,0.002643231098066327,0.0008674051421713287,0.017818497706750647,0.002129716423350511,5.800126142863679,6.2619224106700875,8.255027136176423,3.8906880531921697,6.638618400616887
0.0063199499211378215,0.022707607052305918,0.008185101103035133,0.0015515204959888238,0.0010866343417972922,4.5093350752619,3.2513041216987815,4.262797895772095,6.204575710052661,6.789493880268175
0.027279316722693504,0.0020211694536109697,0.013356142867356853,0.002893970677226935,0.035399992741843876,2.6783929528386996,4.906865715227076,3.2162812722709906,4.472483918056153,2.504046020415979
0.007731560551227238,0.014640960313251046,0.004123918782930977,0.006458516316293915,0.0024870535884473667,5.594958017537096,4.735960280416187,6.65221838248907,5.861322464058753,7.495184497951034
0.011292408232336886,0.003533430274891199,0.0035296921266520383,0.01364972854044844,0.013396976727730823,4.6816407086992395,6.301602252736499,6.340311289598178,4.431249507948488,4.4861262241499755
0.006774444961209758,0.003657400008219191,0.028205234069915347,0.0011938883359169526,0.003922687873962026,4.854605469800756,5.6591776929541515,3.343996878648208,7.207778673796101,5.577463256213254
0.015747637483934335,0.006522819613110531,0.002061262701131718,0.047540636050981154,0.005109983690506273,3.488819191747376,4.342024811990082,5.793509988553755,2.6036437386742257,4.635788955234279
0.06211709488089116,0.006285303117606632,0.0250288047992197,0.003252819176818135,0.01021898945684819,2.086977833086121,3.7018189120609604,2.6611479560320372,4.198719389015202,3.317753712060841
0.003597185682039451,0.0010719027007495233,0.0025756446870407457,0.002530463333030783,0.01128746355952057,6.699480489269528,8.994314441616387,7.276166856768547,7.267975889108954,4.9868211695966265
0.0033656605656426273,0.01361640011547533,0.0025797297432373504,0.0021515442120958422,0.0008643100758142064,6.288788872932148,4.393661306657804,6.772568940144385,7.016412254679878,8.705944595447896
0.03161648553026661,0.012410959210061582,0.007518154793178014,0.015613377153565896,0.008911464220762827,3.1903880905780095,4.074387932496784,4.67233710925577,3.8113538637176454,4.444830178142757
0.012436688083002518,0.004211498563014679,0.05628190809409487,0.0011606514970492659,0.0053051982409861665,3.591542975645845,4.689126621083195,2.425834325190184,5.992803160337498,4.450893553352059
0.005096304797418261,0.0017566286270594897,0.00042138796841656434,0.09945841283035271,0.001636855559176275,3.734613198596416,4.610670828414545,6.380486247008784,1.7843953424039392,4.757771116633107
0.00931900151994785,0.01089830467327201,0.012949886954170722,0.0030846039489713425,0.003438184766273755,5.165306366185658,4.965682860200303,4.772524719163758,6.825231682374384,6.686013269881321
0.008584149022499678,0.0020386908137643577,0.0076174773144831905,0.0031915988807858058,0.020757156036673427,4.846551712270059,6.937820016251753,4.991893345366284,6.169208038954715,3.8528924746886193
0.02219731885914311,0.027010928187031016,0.006271998878359494,0.011292173891453629,0.003832141392645394,3.4293812275724247,3.2599326533601922,4.792532634589803,4.068530711994691,5.375327925216124
0.00627147266260258,0.0006995628813845348,0.0014011582150575729,0.006538953298284949,0.03199579167135718,4.12890394241552,6.525413376390722,5.7955926831179125,4.062856259182567,2.7412909000341217
0.0006187928562112035,0.00021980488228111333,0.01637416625570847,9.96854466138505e-06,0.0003872149086182575,5.228999706524654,6.127175251662557,2.686413603130336,7.966684242179184,5.756960942813813
0.0055748886114052095,0.006894695434146173,0.0020971974771492783,0.0101122565523708,0.0024756354810032384,6.258859722890897,5.912140947081469,8.091196341301728,5.373936343887725,7.706700946805609
0.014354720826801556,0.016785728642025675,0.008136379958844845,0.007329892793701836,0.0043811555086476555,4.530911909323071,4.356135322053683,5.306282056774546,5.376029779869504,6.171094758310515
0.008793803289666467,0.0018981282968296568,0.003572863161272267,0.006646124178442149,0.02427916830903294,4.711533802965608,6.878369694713446,5.929532076464616,5.023718832414126,3.617337680646194
0.0062066540442688055,0.035129481642495484,0.0028242793368786624,0.003953285803089667,0.0009997979152084275,4.630387472572057,2.962453248414099,5.6726594991472234,5.167389137566403,7.07847773488518
0.02711677062237875,0.0031010728997687667,0.0027373298122820096,0.026488560382340893,0.017434380904049855,2.754704105909144,4.6465796539676765,4.8641860255914375,2.7416206394514853,3.0961406527415742
0.009547976807481352,0.003960981804892583,0.011444387488006693,0.0034943491351768076,0.01001701707080774,5.343316409618223,6.724582120066326,5.094730077940836,6.866278900504677,5.280346183450005
0.0048911114389566905,0.002377187328237242,0.0013730572421618117,0.014709943520091093,0.004644390763882209,5.898705386994575,7.048824150239626,8.122668732265046,4.428510263169927,5.991955322273043
0.005702994172239774,0.00853400091724115,0.014478258978134366,0.0013289308295610777,0.0017622133434085638,5.163022303464562,4.659899422861157,4.083277449667519,7.255373448774483,6.8991982129058504
0.007897342300230639,0.0013811077253320068,0.013877756908273737,0.0013074210613220369,0.01662116863597603,4.240715603998448,6.301444185722176,3.651487038484462,6.215623868588882,3.501305305485374
0.003397959731565808,0.035794612772558375,0.0011204037294520917,0.0029337343831657655,0.0003219328000138653,4.440031545497853,2.485789785467124,5.858568779360657,4.594010460102664,7.017735346427608
0.010359338246149387,0.004786330106323292,0.0036062622075545667,0.013919843497591221,0.008595547554310735,5.16336399480184,6.3081110597388275,6.826610366326228,4.766345181792787,5.4340031600683405
0.007494465573563177,0.005807121302391104,0.019925093442008664,0.0018410908056863088,0.0036188885236387944,5.187000146070772,5.541080632980194,4.022509813473204,7.3232066631488815,6.253508331287985
0.010763661245759166,0.008699665940845192,0.002198539028762074,0.0268934224050941,0.0035509668660647677,4.311862151847597,4.540152145535212,6.453336166547006,3.3968754399606693,5.707129657583013
0.042735561981348695,0.016240916462502128,0.017671476371481233,0.006313248519851818,0.006785787448932634,2.6685165485858424,3.436345955344915,3.3923010428524236,4.328308535076417,4.293423763773807
0.002328766614675382,0.00015295301267688488,0.0008299104174801252,0.0008282600047230002,0.044490894690489745,4.523644136184832,7.198438434288713,5.493943519862021,5.17139218607958,2.260353213423489
0.005991863709625956,0.014182411274330663,0.00571920392686132,0.002985693715562517,0.0018656747231590824,5.8704102978740575,4.694475360358549,5.996628550423816,6.9974195357298345,7.930027441425285
0.019989764197956214,0.005739193960746335,0.010131492580548074,0.007930188646018434,0.016378000639468766,3.946974953640728,5.460921148941966,4.733897075811092,4.974679994226929,4.163599737531552
0.005738192068941618,0.0018975218842821558,0.020717338395089612,0.0009685565437106036,0.006227865629806888,4.928123334614393,6.418419959626509,3.528583734901271,7.219549572385521,4.83494409732003
0.0037801272448498005,0.0022422914468683023,0.0005850046019869006,0.03526814050354984,0.0016574765977933673,4.795991059003498,5.352755006138738,7.377350003242333,2.75277449235191,5.7750389020628825
0.013370867685716692,0.03920080967449175,0.011763980776494154,0.0011179528721796555,0.0008732322286268358,2.9563825364660956,2.2488486579336975,3.0817679775663214,4.897254489639087,5.33132958252941
0.009671206876034148,0.0028097250089655448,0.006459143493888768,0.004972735040101972,0.017505565135797572,5.098971901817476,6.99880730600288,5.664798668486726,5.992418957028897,4.360702375132815
0.013089067085322228,0.017778930727660253,0.0041235758215847134,0.01283899933103279,0.0034037938344182567,4.342076251720442,4.007447772462173,5.892523521590497,4.357226055532583,6.1357652092055535
0.0064088504973233654,0.0013051705038934064,0.0015868642577221035,0.01060148467096704,0.015393791052511336,4.68892595035106,6.771905544807875,6.571724825184904,4.096887349903539,3.756773672707947
0.0021636547636951498,0.0013349581113263863,0.0231531692931926,0.0001458648984238778,0.0010124418276157613,5.20690973110191,5.714127558467212,2.940541258213028,7.8471036060724,6.129646330845937
0.040333587164376024,0.011910562984925082,0.001968423602914629,0.02970914656793947,0.0025450286382000618,2.148514422845017,2.894422438758031,4.464164641493426,2.3029247716731844,4.10542899053925
0.010435916032302286,0.0071067235244834884,0.013432661752316537,0.0036694812811721264,0.005946533437298563,5.2801697973677655,5.857339565409738,4.952391154135055,6.872714749974302,6.119800600800254
0.004248720271467869,0.0011731518806521583,0.003792750292030347,0.002220060512062488,0.01338090567417297,6.1847195930065135,8.446635827728393,6.34271825260845,7.229898896683474,4.599549552072723
0.004093243785608715,0.017734451725444553,0.002211099864242619,0.0033163903947643764,0.000933430476613265,5.720907574122366,3.92478416570608,6.7177269180820485,6.027413375352413,8.127338813899918
0.023378668811559093,0.006830510347791152,0.003483605812707954,0.03183463337104299,0.009236592484376575,3.274430983707518,4.479253532616452,5.334257499846684,2.9982483985582253,4.168942830583145
0.028328639680460403,0.003859835194301915,0.03740711999987124,0.002005335076773452,0.012150636086989176,2.7029441651094332,4.39481373538845,2.5242118177045456,4.923430614800921,3.361164463491676
0.00456741675149833,0.0029493279492895062,0.0014780905678734061,0.01230134948147033,0.0035837413909518495,6.470842035228087,7.218206112058373,8.643801973876583,5.002827273268272,6.902252807134255
0.008445141935779873,0.012906192891854571,0.011810926645141938,0.0027258511766681936,0.002649488980692897,5.101159472343387,4.573750918035151,4.711547220853243,6.770892017321454,6.864725665627864
0.011819315121301771,0.002466998217307552,0.01006774224597023,0.003571636628179889,0.0237509074779452,4.265431481181563,6.305389907473616,4.438928734057278,5.716968001945625,3.5538527763596712
0.017288168640613718,0.039829046954730746,0.004815842223706183,0.008915236711066142,0.0023512582168020127,3.4565239233844682,2.780973933672659,4.820323432726432,4.081616992046998,5.671093302538015
0.008334805227054192,0.0006794102153035265,0.0012612560811668817,0.009010940559867616,0.035213996277704426,3.5493878218396717,5.920395169524418,5.405501605431218,3.4607600629526543,2.4789572114741065
0.005391317062368589,0.0029822612183369114,0.0131970831033828,0.0016117498732194436,0.004678456854803888,6.093345148720906,7.088613885775663,4.804527253671234,8.195988535351399,6.325287612533493
0.005910976316860197,0.005200323081322309,0.0015660691007234045,0.018000052729556376,0.0027937633246175398,5.515383781546323,5.681530666876306,7.722262916194484,4.1479599767422926,6.675262226821694
0.029769333245898595,0.015251480478510559,0.008293568425045764,0.013257210086755329,0.007424561099028838,3.285345011066205,3.914139876053993,4.619600790561803,4.030666473341098,4.718738466386883
0.003433807085537772,0.00045282341491524743,0.0011034236822657112,0.0032910898322816777,0.022783818466829812,4.998107219033341,7.494981091850614,6.392310124572194,5.0100421971474685,3.12848365485712
0.0014952617059883415,0.022174268977053973,0.0014361917890198532,0.0004396119915416019,0.00012599005645290513,5.0058615168688005,2.6878499851247786,5.240894986507625,6.2169380560317045,7.674161941840995
0.016762815229376254,0.008433475525808887,0.009250945053342138,0.008468284727252428,0.009442345080411004,4.458567803207902,5.358300247180636,5.255520043027922,5.304447453687901,5.200603058556596
0.00754542262997577,0.0036721269474984967,0.021751023983188355,0.0017235751639426424,0.005523616297680341,5.067723690451016,6.0976261571663315,3.8414607642090903,7.253056321479867,5.493869497263098
0.012453686635865583,0.004904363413440675,0.0022058754926309967,0.034930441792416056,0.006694577814159131,4.040428019909006,5.103577388076781,6.259219900438313,3.0777074919635594,4.754325926147996
0.008637646045010583,0.008172147542073445,0.03622836257963514,0.0008931540410194635,0.0019451013040880786,3.8956269825331926,3.9451260848964185,2.7133039082180224,6.244181377549033,5.548675458913703
0.002529121625080873,0.00015678844722345902,0.0036013323920056663,0.00010013097527066699,0.023357488856375765,4.185806373894729,6.676507463119762,3.8781976283296347,6.000127761564238,2.542872016909542
0.007696673036726299,0.014469860523360434,0.003301996793637789,0.008124576072454336,0.002369433491972154,5.4075055369266005,4.586571026157639,6.7837907718174035,5.335017809528731,7.310649662362091
0.008945279443696021,0.0027334617017845016,0.0023628185914368084,0.01601265612875027,0.011264413132881478,4.7664163429630735,6.417235313375147,6.695577584622699,4.075130711674047,4.500726657074602
0.0047993001672249685,0.003756967457860725,0.0259150513678736,0.0006913280767684704,0.0020457070753614848,5.014103247891025,5.31696176024819,3.2537054493425037,7.462966140211379,6.165418104320347
0.017004219141454672,0.01307918175145165,0.0020022863773727366,0.034896029643332806,0.0026879586924288177,3.1981176141212835,3.4027973015454873,5.426886936550306,2.646660296563435,4.987673111993244
0.03985261768441095,0.010989109203473076,0.03324303687184362,0.0011144268164972626,0.0025463925073438416,2.127199452817524,2.922792736474189,2.2542085958819493,4.468612606882171,4.062909997003142
0.005173791197451239,0.0017187044852027158,0.0039630624186867336,0.003278372011586704,0.01207670326051074,6.406496929586695,8.469215397177564,6.850767484290938,7.152159862152797,5.134081843311225
0.009429554666639818,0.01736650547189822,0.007620424130236743,0.004377332780667808,0.002749948798380539,5.103306873650067,4.3532022470650285,5.450810126892701,6.194848751491195,7.00978689329683
0.015238767042895717,0.003407436069459909,0.0067888829236723985,0.00753840068897696,0.023899903908092587,4.129148962037955,6.051707740346834,5.103997891538011,4.903972657404789,3.6710455904039736
0.004932166570766846,0.0011703359304288984,0.01315526134616313,0.0008358276915998604,0.008969878597571602,4.939321345283828,6.829118350308315,3.8381182904432634,7.075495649953985,4.261095312409137
0.0012388028064733688,0.0007466662278751185,0.0002081157142471233,0.014308248533513791,0.0006604078464907937,5.767512783949728,6.299186359678738,8.451205676238414,3.3324960681091094,6.545888681614163
0.00552745421611524,0.011258345296572577,0.0061619859907236195,0.0026333577161455997,0.0019133548703683544,6.218554083896446,5.1722941372229565,6.096098908050899,7.4952256731836275,8.160159504981467
0.015968022304488478,0.005323160751003324,0.011368508148267802,0.005955837439529183,0.014162792752680283,4.373403211717851,5.820269243474607,4.790824144966244,5.594757842528708,4.5141751448068055
0.00730393622046348,0.02365481850589921,0.003123836081339582,0.006058620687370697,0.0015996120624140824,4.913872461236708,3.621773488471524,6.144042698322157,5.1519922798656435,7.153673317171103
0.015531520583189561,0.0031625776453954855,0.0026218460749158528,0.024704358755952657,0.014931819470652067,3.6167529417611406,5.358980233673121,5.6583878701072186,3.185035383618088,3.666488038788141
0.00535754979984933,0.0024834217469434042,0.06377880399634811,0.00029695906671165184,0.0019145099771379517,4.052886767835668,4.7676330734155155,2.166950837714005,6.645006122850864,5.110915493634132
0.009343898270501196,0.007041497150142762,0.0031861330287612476,0.014607068819929174,0.0049135310838328596,5.35306963368054,5.760382860112942,7.12059808309544,4.754765182959402,6.33472164431733
0.019348439340324118,0.009852447366353236,0.013960976334276894,0.0063860861883661395,0.00866494774516916,4.087239459000514,4.888644930236571,4.481787844877744,5.4152221103042235,5.0509606548154675
0.0038260063406655846,0.0007526444175127243,0.0023133910501762136,0.002426726124501114,0.01926455659938971,5.640855310554521,8.104272833511637,6.366590756380338,6.253400627658101,3.7362091897038585
0.00258614512585228,0.019988181577551757,0.0014899248285793058,0.0017305867902667,0.00039734368997973663,5.5094186235226354,3.309746793236965,6.350368654896638,6.0316005409296105,8.108820093151268
0.0451904631709192,0.008041259959998118,0.0029944390330653202,0.03436888049762309,0.0065769436904214214,2.303032570003066,3.545610800875628,4.539909782771453,2.4489053067209263,3.746540015227909
0.011409894192276436,0.006056833443951461,0.01508758526776125,0.003648012813588883,0.007551439728966123,4.9964188620444965,5.907475352843351,4.648048686872413,6.65763068174044,5.5704701637775935
0.005717945652493232,0.003540055427493322,0.001456898267294704,0.019484086806165625,0.0036841177426079406,5.53382974323058,6.227323457854371,7.812887081955272,4.025585510052334,6.202175892812422
0.016019908054108883,0.018851292244447843,0.017257469621435925,0.00363885878383301,0.003541200923525128,3.841651419582605,3.6852731402065144,3.809140571209535,5.568394684999221,5.651135562100285
0.008566256958393206,0.0009825320775403207,0.004858771139537415,0.002650469128861792,0.04997719089764657,3.985914454905031,6.432505981095865,4.579532032512456,5.177153121826134,2.5294060343898264
0.024871950454632506,0.026677065079910342,0.0023243750965216054,0.017900239406551725,0.0017394915331748985,2.593071832978997,2.5369002558682685,4.646116540052954,2.8038623643510903,4.797101224047042
0.00571300592014616,0.0018534908775932493,0.0023409710639012526,0.0071395022586340584,0.011349845234419346,5.895765543315593,7.819115000155038,7.4132153649981944,5.528502567210177,4.937767035598715
0.0030598044300583515,0.0022413235599929608,0.012752839784099218,0.0006571205009449473,0.002000241101492843,6.33642819359144,6.833410346460195,4.37942533809765,8.78187213600319,7.043092186104887
0.007873497562167769,0.012871813711213884,0.0018161230014765958,0.01604122597041318,0.001879742877591592,4.53494020101124,3.9814065451869367,6.546295587997716,3.7785419579590984,6.424933242877965
0.02277594018222208,0.037349754293931246,0.01242635579509049,0.003996185702253173,0.002520469798213091,3.024378756803617,2.664479120312479,3.573304282681342,4.639529095994675,5.2148139704718925
0.0069740558807117005,0.00030248480545864867,0.001732979591716186,0.0017060838150760415,0.12357277907354955,3.3602978215753936,5.992566247804623,4.499619029989261,4.2821293166282555,1.6347332091327613
0.0058059100535249476,0.012949701646722872,0.004423908669788313,0.003809369568991693,0.0019382767665478838,6.21171619154374,5.0425082103207055,6.731876839888086,6.917562453722534,8.230671117073115
0.016017968318050264,0.005860730741525334,0.006523787673682674,0.010962814562630027,0.012818586966002148,4.423106504243881,5.750826794593648,5.624051228816536,4.8474519153279125,4.696353210135796
0.00969358592791705,0.0031991969802190627,0.0195400536529256,0.0022225686763354263,0.0098793689264731,4.624199211615413,6.128460058522288,3.8448189500295347,6.632028644306582,4.605259385583642
0.006705995120259942,0.0022143167078417067,0.0012040129580252622,0.029230762246056564,0.0058660119623535605,4.573675666999761,5.942687579649996,6.935106437141761,3.121108283819439,4.745680409012505
0.00590410529580518,0.00658841520580957,0.03193946870600853,0.0005007240287260762,0.0012189467845144769,4.085997886990926,3.9697697617848813,2.6843815402075437,6.494986775319992,5.799283188757643
0.005765619450563546,0.002065829265147588,0.007090449663850736,0.0023831619065174886,0.010183117321920652,6.133458867478866,7.9592510687130025,5.784736513731734,7.6010169599080015,5.280999695446042
0.005390344682877638,0.013441295150044887,0.0023649607621719225,0.0062173496973999,0.0015704921101461489,5.796207374244435,4.5723764865308025,7.201363194972974,5.597535885064048,7.892110814979182
0.0099594975908082,0.0035101019991655336,0.0021918158064656826,0.023966635930825073,0.008379181376057174,4.513976897607653,5.861165490594551,6.631208992795713,3.5747786166609634,4.732727961349009
0.011915204334105436,0.006938980476917344,0.04209738438623341,0.001539496843234947,0.0038474864691659077,3.8491797793488245,4.411363181196419,2.783246949352561,6.155152830467769,5.115881627938662
0.005764819298557483,0.003879490954810657,0.0006692289616984292,0.05513779081195319,0.0014356936677892562,3.9772207708141285,4.32255103205099,6.5212223888551435,2.2605814903880557,5.380717674707118
0.015112255613152485,0.0099698181970258,0.008607723703049451,0.008222146439791389,0.007249754626042318,4.694612663727021,5.2509253559713205,5.484594586737447,5.4770428466447605,5.701452361536462
0.004589171940672677,0.0011869280650070608,0.002407110058928754,0.003866990410800147,0.015287648070959645,5.915937671432916,8.1974272933953,6.955073082581953,6.133807584241798,4.335760929070702
0.005041957839265195,0.021510292932111166,0.004492115054271669,0.0021791424072857457,0.0010824505642174156,5.264997038560454,3.6251774765514106,5.465591884288933,6.4473012172920585,7.6353438623028005
0.04377820301093361,0.006370436898454483,0.011295315971614516,0.009287638512199136,0.019143459002030686,2.6753771331200893,4.387029449585887,3.826679626949438,3.958763524325979,3.327049476234144
0.004234011472222801,0.0008299289306768414,0.043221377430719056,0.0001575687900069036,0.0037349661855243183,4.054131952713875,5.584893655549249,2.2924121327189337,6.6043030210457685,4.204870347137587
0.004777763217139896,0.004002332607884927,0.0014879226051580938,0.013239989263035898,0.00280061455251963,6.269907628000273,6.5427466448102205,8.449270289151404,4.820094906552712,7.198329644378385
0.010588738320194807,0.01915563137879182,0.009768311571096653,0.003869631993459301,0.0027741500963651892,4.694886995085857,4.025471718670043,4.842904498897356,6.052289137823172,6.624160719324393
0.015216672943327632,0.0026714670844884634,0.007440005453677335,0.005721439644141071,0.031943207945294254,3.875100068297439,5.987113316713784,4.664921645801363,4.926591835860926,3.1917511199130324
0.011888996128153051,0.028800133194055832,0.002402464941604077,0.012784190286550395,0.0016518734005665343,3.6654368967967788,2.913207029113128,5.473417473966723,3.593404575673902,5.863794001695853
0.004462411387142709,0.00038904831102848847,0.0004913286448141003,0.012793623711633187,0.012966198690092506,3.8585467219680294,6.050322059390875,6.061731381286095,3.005358260233184,3.0282616447177455
0.005366945833405599,0.003895481402247033,0.014894320286505008,0.001501219692943651,0.0033756247060189727,5.970875886358171,6.483520628000018,4.565183097848892,8.152411973379518,6.728051572846719
0.015019224857523281,0.00960051581665418,0.0037546163899028913,0.021040772516991317,0.005794412470494514,4.215030191169765,4.730051016437679,6.060841126183901,3.8469681397307047,5.39996077826887
0.026128543701699734,0.00976661393325574,0.025386853807842218,0.0044121782244265564,0.008401970495723426,3.291632921427357,4.2553985784790544,3.3369891020390274,5.15113563320959,4.422813303444679
0.002402167649637843,0.00026126635349060627,0.0014705757836827261,0.0008393711943645561,0.02541836320117623,5.144586029370914,7.772194146607649,5.665752176422346,6.069001820939108,2.920022084614183
0.002557873631440621,0.05202430003424077,0.0008657783274294712,0.0017352587863550361,0.00015410079318591377,4.182486980325136,2.0430796656747963,5.512389582647864,4.538717414677173,6.8419456414739726
0.010273370834723449,0.004910528037109924,0.004054543021316611,0.011796684835036715,0.008742654468769406,5.33201182769129,6.463589867636331,6.83058745894294,5.118962319358391,5.57518665914143
0.012583973986991154,0.004397540534545166,0.013059573522999253,0.004123093847462888,0.01258695290096942,4.700521839318754,6.173266240407137,4.653473304841736,6.207656347201452,4.698999366766786
0.003942726325146934,0.001876953682077872,0.0009650811184106185,0.01612715847908097,0.0035998075299870083,5.806265231284725,6.924539599950743,8.188430982231317,4.0466072111444165,5.956188647177467
0.00508957227066424,0.00983684987577246,0.013275450575630524,0.0009596595118821339,0.0012123690093625938,4.872706801693518,4.125708542444201,3.8456847145005892,6.978341653086144,6.816529334884687
0.009278641437125399,0.0010869028918843013,0.017275874512644125,0.0008553860219251024,0.018778960319871398,3.6331660947834137,5.757148768346812,3.095036115086593,5.728921642933966,3.042208047404107
0.009408414854659224,0.014478729418919164,0.006782451142160214,0.005302846729595691,0.0031919303100772334,5.384654718131502,4.812649449555985,5.928881588687715,6.23196405431799,7.129335042111583
0.01167784623035486,0.00321227142969946,0.005277843084860202,0.007967364776833488,0.018666657388744755,4.71440868498138,6.5619664892858305,5.806557761836656,5.170607842073329,4.170359012308833
0.003332950832565919,0.0018173320954611436,0.01550752764827252,0.0006010893052903228,0.002621489604221886,5.910120311743416,6.81395213686089,3.969045127626175,8.372916157076403,6.279259548317229
0.005187634778216995,0.006721121722767576,0.0010149963662525008,0.020585909234874418,0.0013757407655672937,4.744949150571956,4.426647826430603,7.0539416395221375,3.3572298445657225,6.436914936814395
0.03751847206883641,0.04065152276383585,0.006812768642274589,0.007573979083115121,0.002637126757138705,2.4666030881755145,2.4148428518213993,3.8289704021056448,3.675220707521238,4.726181925212049
0.006812952400284712,0.0021583299093548623,0.0034771639328411456,0.005889047074119459,0.013969346709448506,5.768520813423721,7.725919637555471,6.86921023508817,5.946899654102569,4.781404658030951
0.004368018115296172,0.01578408105266951,0.003381306171136533,0.0026256353820920874,0.0011451863210995687,5.986997852865082,4.298879782396329,6.4445432690708415,6.793831660668074,8.319129713913966
0.030012075416016807,0.009178060519543712,0.00806539329136433,0.014181317906771306,0.012093533996279191,3.297999470745151,4.4921811260218325,4.679543620812164,3.98189308231484,4.192124729666785
0.010783487035007474,0.0031454679741469995,0.04472846805414798,0.0011684649408762865,0.006690713411657443,3.824310633968129,5.1570252327965065,2.6419714511068375,6.186330940201944,4.319235395120711
0.0062259597294263965,0.001626730747399101,0.0005614868257437353,0.0844045955156662,0.00288528578523426,3.7193416609984786,4.901559143790809,6.321862185495548,1.9238147754083008,4.4318983226602295
0.009755169368880089,0.009230833403775125,0.014213027259547859,0.003159710742429013,0.004123035508337765,5.177853903240594,5.26009670622232,4.71973976801654,6.8807266047134075,6.47701510943095
0.006551335936477746,0.0016275478574156942,0.0061198778170296455,0.0026540319037371865,0.018108480254320915,5.293561298888586,7.452979552317631,5.368509755315465,6.574396204767759,4.061610301705139
0.007274219648131296,0.016815298080847963,0.0020153056265502433,0.010904799812380059,0.0016102466008992551,4.682879427661459,3.767653574431885,6.479793573957466,4.227409928896104,6.757477784728595
0.00572199174130477,0.0011547220691945257,0.0009011089201768793,0.02171340349279672,0.008184002141398283,4.35631990626017,6.157113245284655,6.661022555591408,3.0960983132419626,4.005621392006177
0.0020569750449946594,0.0018186683790219291,0.030207711496800082,6.980630167125258e-05,0.0004703466415164004,4.486484537495872,4.55277174493048,2.4194162930222993,7.099543070609355,5.960650673285741
0.009990172294424577,0.010892670913618988,0.003462234007361032,0.013153262461265832,0.0037286698379589804,5.082533488653163,4.965234731787702,6.7331238021301,4.725392808196044,6.558257191114945
0.01720486141706085,0.014724127562838252,0.016137330055200995,0.004717010697743215,0.0050722937349772425,4.046074970966968,4.225967181110381,4.14811589466214,5.615565854464002,5.557215735019533
0.00672523634873935,0.0010897055806145756,0.004045057581827303,0.0030470874061504557,0.033399768438262985,4.6473486016557874,7.053551703724538,5.269471051586551,5.606101398219206,3.072963783305732
0.00790146405634644,0.05360562641719833,0.005124317763454955,0.0022105958350932546,0.0008790030238955452,3.9185153499765875,2.394102625625662,4.393406020842666,5.235218107397981,6.401390295394945
0.034031832428203734,0.0011473498586242845,0.0039075049740470965,0.005315525507034696,0.05378813763050697,2.249534934413627,4.7014932651062615,3.786950576711439,3.432174263034956,2.0041895919436112
0.005889517397101335,0.0026116786543089487,0.010060697413150329,0.002074438014141028,0.00719788426893798,6.142055506710659,7.578597760461602,5.323416800341285,7.9442384949643605,5.832199214717879
0.004275843702751347,0.0028490999619827533,0.0012223816920188127,0.014319351389622054,0.003030628865059347,6.208988138359511,6.85584222472985,8.510271061734137,4.547345803915591,6.789734515736935
0.00835383294219842,0.016759278675012663,0.011138594516429012,0.0024812398411942736,0.0021024537203374236,4.774941862345871,3.989708681539211,4.4728718921982065,6.449306676965312,6.758872998808068
0.01603788993781375,0.0024641342987382154,0.01135822675757668,0.0037714593641640934,0.030866127327279405,3.6196549996165692,5.734655574459741,3.954965085157676,5.153838938857343,3.052462952243035
0.012955262507401668,0.05805332953707372,0.002916711197481629,0.0071846216216201984,0.0011888320364962129,3.3323669685935715,2.26081049117981,4.839658448663328,3.8453927402839745,5.753092659580439
0.008383104614078948,0.0030750275096475253,0.0035259166603925233,0.009130849995700803,0.011560007750279978,5.529125024753754,7.158525313895317,6.944219262021927,5.377756587990949,5.089004068482983
0.0062036858391491785,0.0033308079222345785,0.017667267513274323,0.0015750418942545026,0.004719662057101675,5.533561657744956,6.477671836165647,4.195783070307209,7.722435734083749,5.939728682614771
0.014613574822591506,0.005947280131958204,0.002998311810405534,0.02749010637786821,0.0077857450641661335,4.0551406232445455,5.099638761078955,6.099691320474949,3.4179082409419506,4.78351496862688
0.031857523817448115,0.005744386611189045,0.021459773457239942,0.004750654691845078,0.016040402261186755,2.95210588157227,4.57643374494715,3.2879068113521983,4.755999061384579,3.5335693639910595
0.000774994361230119,6.446075819658585e-05,0.00040322697227156205,0.00020336760599208969,0.011739979843383878,5.802951244406698,8.518786679891997,6.411160467685797,6.499654432929901,3.2831021599117456
0.0029025279937236266,0.00920743436739598,0.0022244714075024814,0.00221118357177335,0.0009213245650166714,7.177457452834443,5.332741116066501,7.740664177802264,7.688557020728024,9.518070348737249
0.01816145490559497,0.012622131007374745,0.006004089780077632,0.014051685217473457,0.006356952494901139,4.121783232211894,4.536297609697503,5.542961011313265,4.387912630596384,5.422194945124988
0.014694393239043214,0.007759619400506361,0.03056955400953623,0.0026476372328462527,0.005757197107799327,3.9595697539833514,4.683349046753893,3.2782382051322863,6.050581752503688,5.042085578368237
0.005562036480760275,0.0035772943844883257,0.0008708099734127131,0.0399072952036646,0.0021552300664610343,4.506658335992046,4.978730484436734,7.011162544690683,2.731947745960679,5.642001548925128
0.008977680446773967,0.026786951138981028,0.013236797664277457,0.0008353701864186249,0.0007973472560967802,3.3888669842148955,2.5746599741832843,3.10872701290127,5.413377433050597,5.686823796350828
0.009767289200205781,0.003055726591977361,0.007683359989704472,0.0044584000439818906,0.015577608637069902,5.161897597372418,6.961056530325373,5.491655883532104,6.255564664231801,4.5644348602135585
0.01292872017131471,0.019940741457924283,0.004934308366976778,0.010015802418552546,0.0033055137208783006,4.4300565271297305,3.9571131230245786,5.737270792695438,4.725941759947252,6.292221976274846
0.00864045204181326,0.0017616355214054105,0.0022766702240593325,0.011074801174465288,0.019416108693013766,4.444781641559081,6.51583409416292,6.195183006951883,4.139066947109688,3.613318936881351
0.0025817619088512214,0.0014151095347757561,0.024744863344126965,0.00020235558634872414,0.0013840929587406083,5.182944612108909,5.85060609000219,2.9699253919933484,7.80418944352139,5.957871942565301
0.0033521947362836254,0.0059771562404789145,0.00040943416120416506,0.019696457132296126,0.0004116128775546032,4.061966508844395,3.550632257485446,6.458821344490871,2.698660904577712,6.032591019624226
0.01384906426512701,0.015598519947161401,0.008639575909857937,0.006778906338017073,0.004488350687378956,4.641820237110459,4.507835321885388,5.30062540537047,5.567437520012016,6.226749628663326
0.008656175962585201,0.001949073583300443,0.003862419767648783,0.006113567120713256,0.023536155719751373,4.818108111649748,6.9753076360689,5.924325588899473,5.227876994325814,3.711255169520022
0.006675535073567916,0.03416734534529285,0.0032932173765594626,0.003952842830177365,0.0011434477126870796,4.652387070395673,3.0508488191424794,5.595172127674591,5.2899394861626785,7.06977597865071
0.028904067690439923,0.0034438733549157483,0.0034224640000069,0.021942343251452116,0.020073543529968853,2.791217410593494,4.7032472148873,4.773413207763953,2.965858326748792,3.07591529500657
0.009662161134646595,0.0006486772619001518,0.0278214221151169,0.0002258202735658213,0.012670432805175727,3.025388885885232,5.1136370919971865,2.341130125180214,5.368897983632157,2.855988710241398
0.005088942193012046,0.0027139734699282636,0.0017427171186147367,0.011466643306398532,0.0049449866388676,6.3732944905814914,7.472443461392678,8.409790294272659,5.149096283204479,6.434310689082601
0.006435726173124324,0.007931398243523397,0.013341895757270477,0.0019016191118949566,0.0025061335312268253,5.557800585704524,5.270136870818252,4.618243260565331,7.513329747000194,7.071347259451843
0.007303264846399365,0.0018143826891105941,0.010361844568965904,0.002039418302956786,0.014914040581555689,4.926814335230822,6.9155882936452375,4.47725990874651,6.6709176802898,4.089209891955757
