RSS0,RSS1,RSS2,RSS3,RSS4,D0,D1,D2,D3,D4
0.002773464907023322,0.00800732864915043,0.0022137712366932165,0.002143523791868554,0.0009520428958316551,7.54983443527075,5.744562646538029,8.06225774829855,8.06225774829855,9.848857801796104
0.0027791337077867494,0.00211554732739065,0.0009707993423488052,0.008115234214456937,0.0021602893187483755,7.54983443527075,8.06225774829855,9.848857801796104,5.744562646538029,8.06225774829855
0.002740482690266009,0.002114678279813395,0.007735915774638466,0.0008922040019184765,0.002121385437883922,7.54983443527075,8.06225774829855,5.744562646538029,9.848857801796104,8.06225774829855
0.002742339393350524,0.0009195549787943672,0.0020942247636635573,0.0020537278361273744,0.007923578806244108,7.54983443527075,9.848857801796104,8.06225774829855,8.06225774829855,5.744562646538029
0.0003275842708972471,0.007360694426011128,0.0002604931745428819,0.00018229967545993326,1.8229952257540675e-05,5.852349955359813,3.2015621187164243,6.5,6.5,8.616843969807043
0.0002708249053695715,0.00012333605838029264,1.8775367897626137e-05,0.007723404110180837,0.00014105874232884922,5.852349955359813,6.5,8.616843969807043,3.2015621187164243,6.5
0.00024449263224413147,0.00011114540546071112,0.006798463330200633,5.361775658505628e-06,0.00013853423105280119,5.852349955359813,6.5,3.2015621187164243,8.616843969807043,6.5
0.00023338197964089597,1.0064098209886503e-05,9.247424671259738e-05,2.425189723340335e-05,0.00710583793829579,5.852349955359813,8.616843969807043,6.5,6.5,3.2015621187164243
0.00819451604111258,0.011369752111586102,0.010242034534669492,0.0031215268216624125,0.0029843429851383937,5.488307275326982,5.045007496899648,5.216589676507107,7.002158641717113,7.126775768399097
0.010606880606470494,0.002772823264821876,0.008668670048825941,0.0040551228695434646,0.019172385269793767,4.743025580084961,6.670347983079556,4.992085344954256,6.005969298570673,4.061901167102302
0.01560650056484163,0.026919504713597144,0.005166786087887759,0.0100700965117671,0.00305953144722207,3.9098173631282993,3.3920708420189243,5.243002386873773,4.3685546348048545,5.921756414170046
0.008740074137352479,0.0012383614158616345,0.0018848604907754105,0.010345648189419791,0.026121934119774114,4.0174575587641534,6.247087696470521,5.803076837811914,3.821548074719636,3.0420101553987484
0.0012177609081224462,0.0005848995334778117,0.022133499788625905,3.435032205171295e-05,0.000613413246626415,5.132061867041859,5.8215861347861155,2.684609448235699,7.840216203953431,5.897902414380589
0.0067602693992169565,0.008473685911105523,0.0023421707946647183,0.011822015923034558,0.0026805283697437184,5.702876233194633,5.368085709958972,7.5266941928582884,4.939075742430533,7.226980730070247
0.016849956622330655,0.019135378596392333,0.01027604887519559,0.0065446480165722715,0.004440921451715324,4.132558975584822,4.004779296251276,4.747599936988213,5.255129133682908,5.84104700902933
0.008910295214555435,0.0015401755489746307,0.0037112177257465316,0.005428423685137855,0.03309225352241575,4.412292461346978,6.715296341645858,5.501210736992041,4.9672255793473115,3.137107676315322
0.006090868957071432,0.0502341837422289,0.0028683376140795883,0.0029473618783054643,0.0007425762881748632,4.287865248124383,2.496976331477305,5.192163419249023,5.08065111968514,6.821780264138366
0.0363849832692596,0.001997968806713706,0.0025000103653741285,0.01803892545067898,0.022667306573091923,2.2922888086722395,4.446386967293304,4.377292987887862,2.710808378125563,2.595923516171508
0.00923760672455374,0.003533855721911471,0.013398469186313183,0.002898899507995804,0.010105396814925982,5.157397407692899,6.616735129056916,4.673134630380235,6.881809992152925,5.0414593396812215
0.0057451252016601185,0.0023994405059128707,0.0014248582431383367,0.018189560530871646,0.005579640321908009,5.366581390847399,6.648673085212586,7.603776223374079,3.972779731375783,5.4217651973456915
0.005742800353529285,0.007495075769629933,0.019278147303315146,0.0010033083810214562,0.001674022381470306,4.82407635969017,4.510325637936674,3.5527824431020623,7.065490949695489,6.49618257810033
0.005260111466707297,0.0006858656267077691,0.010437812842180632,0.0005750508678707062,0.015993521421875725,4.280125615373425,6.485172826235991,3.606017052178452,6.295680391041917,3.2529193012741295
0.0031815628254671666,0.05628362496193886,0.0008600296859662851,0.0023815503777935977,0.00017780868705443448,3.9240593278156815,1.9690032127276897,5.416768830650109,4.17792994815997,6.551298311380925
0.00949304134884345,0.004261454309108128,0.0036629523979110536,0.011740647760339288,0.009050213093480987,5.417585462302185,6.670504549996901,6.973285347034538,5.1062467577986625,5.495892423543842
0.007118098526963034,0.005021548777765819,0.018165768070127788,0.0018719920274973198,0.003994460285887521,5.4168940808087545,5.929148915278564,4.237045091316928,7.532126649197354,6.287342531296738
0.011790044949910906,0.008053613569526158,0.0025998342173772604,0.025595924378715267,0.004567934446861701,4.364273020601169,4.804286273466383,6.436960959900021,3.5579898253673394,5.568894989068926
0.03764400771967865,0.012154524819090323,0.019158817115008917,0.006302356670182968,0.008922023273656007,2.8869210256289852,3.877533658648967,3.4720647664583937,4.5401973827087785,4.1992092996755686
0.0021966752591885534,0.00019527782442751453,0.0009638196233717231,0.0009008339498120336,0.030118646304417105,4.945379837819578,7.6042358375260815,5.788871721493645,5.603795827179644,2.6625478038729744
0.006563704315354061,0.013075465796654173,0.006492577482155094,0.0031995621997388934,0.0021773322765946917,5.88493445444021,4.921615251894779,5.955206577309613,7.056941383324883,7.812977049654739
0.01615871445692617,0.004805315619414196,0.009430921826552663,0.006864884989205376,0.016635152588366075,4.304583694582984,5.8979615635372005,4.969386879925652,5.325793424923857,4.274684896267467
0.0050470749431560215,0.0017242260345647852,0.0157056314758601,0.0010191058859168828,0.006314471263296309,5.291109312469751,6.849745560563784,3.9363099812571885,7.51645789214995,5.007260854853177
0.0026249783269293382,0.0019978563589401832,0.0005066620829718677,0.019666498322876192,0.0012009252093247167,5.507490060369265,5.812260508977451,8.081113556058575,3.370533670536287,6.548474731257172
0.013041019389063118,0.06909048727330085,0.00664677537183022,0.0023849576357420545,0.001006703660612868,3.193794765642816,2.0777192136731766,3.8086228323671296,4.6792138368391205,5.6642504251867445
0.010470662460065483,0.0033992268988692906,0.0057979372632837615,0.006657718614019079,0.015366748124419759,5.130208079332736,6.863111082427325,5.996469890257515,5.716678994813053,4.640665485117945
0.008968621555425734,0.013811211516182637,0.0029448559576365405,0.011970996401061366,0.002661802623211959,4.953084014175383,4.420240068841041,6.629437022611468,4.595285330225736,6.747411373020887
0.005936961155171204,0.0015814087825557967,0.0014436414979542562,0.013551561728446751,0.009979095923416444,4.98265782311024,6.819019479630225,7.041065707748145,4.009632360151797,4.376611851744096
0.003165847350017807,0.0026715365576631313,0.023285350908883132,0.0003189395751021088,0.0011921546643673692,5.103919054647697,5.280985141470983,3.1037155746547374,7.646367050072688,6.3412282223836085
0.01873302343587406,0.018021527476357095,0.0017158609231817605,0.02657541512516272,0.001676500468418753,2.817015080315239,2.827827882489871,5.029553895969283,2.5641247108881324,4.88615773307205
0.01236018879481139,0.010153210845361173,0.014080571676065272,0.004144669731502831,0.005235020766466381,4.841067098707283,5.115039969649945,4.704264280124556,6.382927141297832,6.058731502324212
0.0060005392153412475,0.0014191830663428141,0.004605803537436823,0.0029446752100412985,0.01996171406722379,5.37668404761439,7.635646747425399,5.739010057864862,6.3938428391279745,3.93882741996575
0.003617482643314341,0.020200857316521163,0.00196035985149799,0.002682773777540647,0.0006939939581001666,5.530484665445059,3.5667031386226546,6.4709369484167585,5.941337919952096,8.028147357291418
0.031138903746726856,0.007076699559317766,0.003337577781762568,0.03526078949958141,0.008863478816750809,2.8099118381693735,4.086242999295172,4.9513333787253675,2.6973147479092625,3.8850775059553144
0.024783212582531283,0.0024856345393813976,0.0542597063423761,0.0007679041742205233,0.00833476529116757,2.504866895479291,4.212220571354158,2.056158842696004,4.931625202885876,3.2872350366831045
0.005058275498043538,0.003141390892138795,0.001474141235493436,0.015084292894060445,0.003733892670951555,6.0267091220939015,6.783206398321014,8.249389773943072,4.537622069126422,6.529207964403993
0.00796676835885068,0.013375150926411516,0.012773172026519237,0.0022484882298462326,0.002243510813993846,4.911709031654057,4.299095076663461,4.380573905902292,6.71270016298896,6.765172041054983
0.012368555482122496,0.0021437705119073127,0.011674979184346896,0.0029313719911228434,0.02606405097687363,3.951353246440571,6.052866429336028,4.001383253942291,5.587066941730972,3.2541040156900025
0.017154797562077065,0.05788894461166014,0.004407150846237477,0.006847075757837425,0.0016517040020496327,3.1849991159366104,2.3217323540765538,4.507756938108812,3.996068833737209,5.558596730566818
0.007606743287370723,0.00032931746033427035,0.0007955769924378564,0.0064061962268257685,0.04672351955629904,3.179786903797159,5.658969267956441,5.061623388938019,3.25608018569498,2.048940294748578
0.004889262623457049,0.002939842367017826,0.011263175826943573,0.0015912054902812237,0.0042151977469955535,6.499548219963067,7.40430159788263,5.204464139067813,8.5674854626318,6.757556657168541
0.006262408566368515,0.00573467985674466,0.0018600643247874994,0.015554781991960313,0.003022262727436697,5.689069020615538,5.803947118198991,7.7760584804774,4.501547195226367,6.858951121841042
0.024141531424502347,0.014773093667356279,0.009020520630387005,0.011022481514441016,0.007121687139436911,3.661328261501436,4.170406111478681,4.779146068313828,4.468826706716063,5.041662636698287
0.004434622777232516,0.0007287864460129467,0.00168576311319831,0.003928011952612063,0.023229378247352106,5.077418406811974,7.512243795344326,6.3677644047952,5.1973004377935785,3.335648140163584
0.0029637553090943137,0.030274326620953276,0.0023201508496155845,0.0010385457892822276,0.00034014189970985547,4.855102814835928,2.729079465260447,5.2074991077818975,6.002166252921211,7.462986798698579
0.014001735463386919,0.007011920000535589,0.007840024721268244,0.008303742261352047,0.009529569936455744,4.866271017988023,5.850052279446343,5.706132715663475,5.549886185522668,5.397969578347495
0.007725302355995643,0.0036575952270623004,0.017545908223344328,0.0020515160642658983,0.006438641069122834,5.281985886067365,6.41159571550068,4.25582720304796,7.327119803785569,5.539872758665403
0.010290253507952797,0.004220994664397795,0.002212852568766786,0.026601716360235717,0.006996972482093266,4.49583245183896,5.6252925591156915,6.648531980397949,3.496003629237585,4.978062122390024
0.011370530687028039,0.008827074187538414,0.034923562843129176,0.0015929208973373063,0.0031267482819582228,3.91706560879844,4.176299389523243,2.9440116128050136,6.166003696960634,5.40789509664627
0.003237311553242434,0.00030256151984991265,0.003762450264368187,0.0004010270765841061,0.025400834290043067,4.513949213768017,7.010026945628974,4.362668017453255,6.141547262575147,2.7588035867943757
0.005685238614311973,0.010113780190394904,0.00244485068579845,0.007607372248253975,0.0020330518700758275,6.099385052194182,5.2485698244833765,7.634093648062106,5.667945853876646,7.928272877959121
0.006695145906884274,0.002675566587229121,0.0018900429096361609,0.015442489204747414,0.007228095673241017,5.39938737044347,6.794485840026362,7.454099886766352,4.32933745858633,5.30487795541897
0.007620295956106646,0.006616938638864363,0.024718675007974488,0.001482889733776314,0.002874388047156893,4.75121776858326,4.924671644422829,3.5096473845131975,6.987883499700195,6.074187168965105
0.009233344311581246,0.009172265540084327,0.0015113052679801664,0.030594608233286913,0.00222834979213635,4.044009662048439,4.031694047152426,6.314692898600686,2.9719828212565953,5.69679483601419
0.053288113139255425,0.02349905202299246,0.014381318318445649,0.004648402049840012,0.0037980329501572656,2.2029136044467306,2.7239746251436223,3.1156851475857814,3.9997703382102245,4.276168721985445
0.0059533596317293,0.001787045021836241,0.0036199981677841543,0.004287075703976233,0.014749300305052768,5.921171842869794,8.018363428358095,6.726683797857421,6.393142972688049,4.671873277001159
0.009540024819040153,0.022644169792176493,0.005678380456206494,0.0053383649044827786,0.0023429848185048453,4.845179721860961,3.864177122725019,5.607275919595354,5.613375974918427,6.929622517747553
0.017508624484064504,0.0034094767232690994,0.004854272366005262,0.012017813015478114,0.024155848459018133,3.7528834220887766,5.675112240750325,5.232900153305368,4.096953007432985,3.4585212178709206
0.007665219666899966,0.0012557850274222248,0.016235015665638987,0.0010080218687634973,0.015008900731502968,4.094131305254765,6.1279150431985565,3.3755524751772135,6.174906296994244,3.4601270948731075
0.0007151118372716661,0.0003075243093270708,8.060415402549462e-05,0.013496647259612752,0.0004337784384247019,5.577056833295,6.374459608040142,8.306338877572337,3.0351046595686406,6.129713741201106
0.005524094943822239,0.011405422583888457,0.0071928207527177535,0.0022526758985541113,0.0018092271908078605,5.951968259087268,4.936878082005045,5.603656138431662,7.4465354492261575,7.904371392956105
0.016423960527123832,0.004645809234182548,0.014237622976607758,0.004718717440755524,0.01565938808329216,4.13174070509748,5.7170610421986545,4.287149466497904,5.635859469524197,4.178250297444285
0.008440710848460122,0.03398553497047021,0.0036166714080046384,0.005402836441538691,0.0014935352401161208,4.443722286600747,3.095544489862896,5.552730394332485,4.965936033490618,6.77576119946267
0.01960458548904023,0.0025315708154993186,0.00272694777908203,0.020787089892647666,0.022029790948330873,3.1417417742277567,5.13545869138121,5.127379621304896,3.074257791871529,3.0607428479002827
0.002232577515647112,0.0008762048263891994,0.05961717266433039,4.556053612243164e-05,0.0008369723662695494,4.257043394616221,5.029063503801408,1.9685609469924714,6.954826002515613,5.19166227734662
0.01007768706699823,0.007272546535979094,0.003844480941031208,0.01278355956495161,0.0055648560268387205,5.37766541967954,5.857522415651608,6.960594578207612,5.038719465286895,6.287129860450888
0.015826778920128126,0.008271506729242387,0.01481614018869226,0.0051226355920482875,0.008304348763772394,4.438049934628212,5.268229054697989,4.5343370046505,5.901894812072142,5.257217616928452
0.003659678713932915,0.0008042451776155428,0.002612082016671291,0.0021395216705937465,0.01632831376641585,5.921006992118151,8.353618414668539,6.423050831461229,6.697840369693003,4.041498111286801
0.0032210494035081597,0.02114998673775364,0.002107455349173287,0.0018747133021136048,0.0005611375530528847,5.492071096016319,3.4100150265967875,6.133462510342741,6.221440948977647,8.0434748315501
0.05528858829228091,0.00907211449418946,0.005147402535871595,0.021654341379598735,0.00964024028964553,2.3154750510495683,3.6733430191880623,4.260431373399686,2.927725044572606,3.6372242833578925
0.009187820150669553,0.005091623921087764,0.014005229475514717,0.003033695000179945,0.006742718501345367,5.426458600467742,6.343906039171897,4.854857057765861,7.164026021298476,5.886234963993452
0.006996887088184149,0.004107416380818019,0.0019023945257919512,0.018824047607464544,0.0046610934285114146,5.416835523891788,6.1937888409574935,7.565914946615674,4.176259714908733,6.026706727510677
0.013377744081231045,0.013897476331054325,0.01923584069277256,0.0031021893401540594,0.003696718302793199,4.176506778633534,4.138935690743707,3.8311230849232243,6.017384286557747,5.8099594741987355
0.007431997551290066,0.0010618494636939165,0.005707922971358539,0.0022385814473819634,0.035008649620509265,4.338289020255559,6.721234861993502,4.624757310006985,5.679183310131556,2.9097259624341
0.03532609424746326,0.029695892597026735,0.004231831116504965,0.01427322163701021,0.0028912696764405183,2.524353126183891,2.636062854846882,4.3264032448033864,3.1665363371834996,4.668606862506766
0.005807988192166546,0.0019212560679038268,0.002698780667045598,0.006197725692191998,0.011841207135106247,6.029482456686559,7.974822507817135,7.350741347632577,5.888626243122139,5.011139926183982
0.002915581132215703,0.0019957764444483972,0.011069800294324571,0.0006937297769632476,0.0021668337368831326,6.6278706045026095,7.269007549342086,4.6840945493945085,9.050778737345876,7.142749242950319
0.006327586751657165,0.010163629710291897,0.0016139413589525526,0.014258676647312563,0.001760162917854525,4.9866655203175325,4.3996456593078515,7.021300384941598,4.054011214521541,6.810050227096789
0.02130881566144362,0.03937084534330538,0.009463226653695386,0.005457484938325266,0.002726014124424553,3.234324573058765,2.7599947511727487,4.0281527852456644,4.549252249161517,5.41332983119285
0.009139611431991008,0.00057961804682483,0.002058687846107089,0.003981004649141852,0.08200360885526177,3.411731612903046,5.955106619344279,4.768480402518814,4.067114437504562,1.9535942130355513
0.005743541673701211,0.014932458457037813,0.0038822137390039763,0.004019404605643117,0.0017302827609774244,5.970959845680829,4.658107550307429,6.672977746646138,6.540343335806697,8.099799812787634
0.01816423569614681,0.006078500918812662,0.005658228621714233,0.014511968716000903,0.012946452782174354,4.075038300659467,5.414629099948261,5.551174741771032,4.289094693522925,4.460231609869233
0.012838293740495055,0.0034582413924129675,0.0235560318642795,0.0024364084836020566,0.011986285823809196,4.04708815658525,5.635411285079748,3.4528046197752076,6.06926563531406,4.123103775354316
0.004724858978890724,0.0014962451461641034,0.0007131670560672072,0.033716639598315806,0.0038265435478833116,4.595097048977548,5.892035040338437,7.1018048313417035,2.7918097923347096,4.8490985618430535
0.005854653460474029,0.007748455433363413,0.030866270205271443,0.00030342862301640025,0.0007471702042241725,3.650932953146591,3.405457109125317,2.4460907045020255,6.056010495540126,5.573283119907979
0.006886574270817678,0.002171792402731538,0.007704470794241854,0.0027136320928384267,0.013030481342132588,5.604506114230175,7.506329472174171,5.421980304654038,7.0301569786762625,4.740885510540862
0.006819206946382877,0.01736217687267234,0.002635722807436317,0.007512200393896909,0.0017307537274391202,5.178647680800682,4.0612345294245396,6.6381497949906505,5.056851876710466,7.289935370134252
0.01010619043613048,0.0026735271261877887,0.0019555164690396964,0.024102983531452037,0.010633187119308865,4.217519845574004,5.842035126187202,6.353538217404223,3.347760358150672,4.176789781640444
0.01048554394922499,0.004351446359021019,0.06325730829401865,0.0008556321565667471,0.003693305335652659,3.658491351087368,4.515874931886653,2.30170948026024,6.121376593581079,4.730326789083378
0.005416764309384135,0.002224370082139859,0.0003941075842273269,0.10765748909464806,0.00118681049938907,3.544579385521617,4.218392190983223,6.185073028152649,1.694980140576354,4.8304506377336445
0.01377174358731496,0.008147975829760488,0.00872021638182981,0.007399736910217315,0.00802369868881181,4.930026731261589,5.674735226801681,5.5972834703634335,5.76894660178996,5.692776760738447
0.003877835160583513,0.0010788015792023995,0.002274273150426009,0.0031786372318461376,0.012728332663137365,6.364935850412404,8.664671451929486,7.271187000060464,6.644897017251797,4.684899720362038
0.005192756274436573,0.01762159880561154,0.005514539690742159,0.002094709280330257,0.0012400425715492645,5.4184669093293865,3.9555187851578393,5.384729652940672,6.761971151945012,7.685924696174077
0.03330479685435901,0.005897187955654594,0.014619792457202812,0.006830666728739922,0.019160524988881877,3.0075815824225494,4.690262130609864,3.743582521599019,4.480701268086613,3.477432256136943
0.0033303198571665495,0.0008312987473319748,0.028565230088550306,0.00018542758600484767,0.0033140624257787716,4.588106365874631,6.055608852142915,2.711626168742105,7.123799798573204,4.629367287114621
0.005676812560374274,0.004561930174450685,0.001869288869988898,0.013317803343773046,0.0034022892193636186,6.152812810645929,6.49750142509886,8.210880659011893,4.92906175343358,7.035388134036075
0.0096661544314873,0.014994952806442538,0.010931621475647647,0.003388504588589772,0.002912845060985632,4.955140310059563,4.4249860390013565,4.842334616628373,6.454349420767125,6.747320174661748
0.012701204163639592,0.002592493097532669,0.008391104696064767,0.0045114591228965365,0.026532354963574516,4.216179132120448,6.282508980795358,4.690872930967277,5.4358112636270155,3.4759766763431448
0.01545496686924958,0.032040211573826125,0.003704420852868689,0.011578803481700954,0.0023242141569658503,3.5930896415821,2.970903568666139,5.188081854652639,3.8606208068538925,5.744068099402719
0.006462740748371405,0.0006331909793911027,0.0009438759239656203,0.010780766190423459,0.02204928779622779,3.8225073803347787,6.098705123323239,5.826731173151767,3.357428954013642,2.833535100219965
0.004406534619899425,0.0032216010799784377,0.012221223245857579,0.0013161457237554353,0.0030420863538079745,6.454317255930742,6.993391124154811,4.932623851967977,8.659425178117038,7.099922750636334
0.016457584809385608,0.009900807539767536,0.004852220353505686,0.01701356237250148,0.0068387788320066175,4.243809122783535,4.84576580821287,5.870286234349786,4.190414211989661,5.34213304525417
0.0190489389771278,0.007838129506119292,0.026987972710485794,0.0035557728603889437,0.0080160577058897,3.715523329442405,4.684368759579204,3.404231418035491,5.658748596264161,4.654773522690435
0.0024331704427281516,0.0003256651899239307,0.001895253245185033,0.0008375266949145973,0.019249642488396567,5.448426018114131,8.030579668094981,5.727334226680463,6.524441340499623,3.2985576157019745
0.0018450598305475398,0.02418442069854952,0.0007420529353521951,0.0016690811895865387,0.0001637857269149147,4.8769968348554045,2.667716407180597,6.1947849377713435,5.019445769120387,7.513553448617951
0.011304819352395183,0.0058937199772977735,0.0037221300345524244,0.01538785934631825,0.007529786225471029,4.9880353675138105,5.9058256151181965,6.6935859192925165,4.577870814711379,5.557177112433168
0.017908324504546214,0.0060403863372331034,0.01575674993687312,0.005068637344270614,0.012667638664330032,4.073576626279401,5.409156363561154,4.2250391116397505,5.59795476629225,4.464199871744724
0.003220718538652185,0.0017010131596529102,0.0006982234016075316,0.01816025384121938,0.002405518854376918,5.723080204493822,6.606119533022055,8.233368312517214,3.7039087845916954,6.153574470952845
0.006263264423743008,0.01767168347739029,0.0116319411627241,0.0010483210589460122,0.0010046396033810644,4.2703318736005516,3.2847479712851557,3.688329484538448,6.234396060153858,6.456152057264114
0.01433992576285422,0.000819154537381383,0.012178002617614696,0.0008735332933170467,0.03678269301152575,2.9176732603276143,5.266243333237705,3.035488537812482,4.879697105853045,2.3005033499629945
0.009905370080262946,0.01731169176820288,0.005355011826738733,0.006785064059582162,0.002944699010388062,5.087717504247728,4.396315868552981,6.030258749835424,5.604080496931745,6.960039194571155
0.011794058793042794,0.0029775715990761654,0.0038261047867433682,0.011279888560471206,0.018448181733274085,4.465027532377512,6.328179939336263,5.979043015831255,4.485976632197042,3.978326329646741
0.004861433897447833,0.002292077898677909,0.02657164944892012,0.000690471796523685,0.003349923676793029,5.036474540685371,6.011832744294146,3.2422050602293115,7.4980169341878184,5.530824409848549
0.004395809981665658,0.004505147441474223,0.0006841090500041227,0.029254907648717646,0.001118572189782943,4.516586293789993,4.462773760385769,6.986030980615211,2.8274502005141913,6.073117310090059
0.06616507270450657,0.02612220592950485,0.004953398015392287,0.008601633313009248,0.0024636510544144194,1.8992383060613764,2.406360466973654,3.653151596828157,3.14144802551525,4.174163579617852
0.0054931905454393085,0.0018471579232292664,0.002927664244748779,0.005103581018401959,0.011773938123820889,6.256837357914329,8.246098771168207,7.363406650655858,6.330582117298678,5.128146107797917
0.005418532939759076,0.01645039115822159,0.003936821483121624,0.0033830478225784864,0.001499776470092799,5.839534869261804,4.378643732026635,6.399194406066502,6.576522328101391,8.063982517753422
0.02369701717498706,0.006984888686996062,0.00693107499227455,0.014154252227547978,0.01400507417989807,3.6368221188318333,4.996548331937038,5.04076680820152,4.128391967023334,4.181800451320715
0.011306073554240695,0.003006343243180372,0.03141150875272937,0.0016261198138000936,0.009386343933566433,3.9588120037388332,5.4843303380605795,3.031234188399452,6.177054658732725,4.155298509724865
0.005565588674317039,0.0014563313712403138,0.0006463883915086749,0.05144042824207592,0.003818305315416511,4.087546153131186,5.416266477217011,6.63340030118267,2.3268148942760303,4.481085198445833
0.010347259897118375,0.008401111433712517,0.013581024818405105,0.0035891097889989326,0.004988472396392882,5.232741336949332,5.538606103012938,4.8998858389256785,6.837710330536982,6.331430030767488
0.005478663445709826,0.001458020172244947,0.0048274606889305086,0.0026048968237038297,0.016066940510765564,5.717241686082656,7.915054947924353,5.886211444171938,6.835657966038221,4.327309806970225
0.008231648960990856,0.013754002546088051,0.0022092769603073727,0.013810188092522139,0.0021294156075976935,4.7191426306280935,4.119743953273399,6.594709932657398,4.129214845528473,6.600630583201134
0.004584565093312288,0.0010284732585791251,0.0008867497657362715,0.01482573712631954,0.00787861204046377,4.838607338455037,6.691843596105553,7.068616996044062,3.5859302439867538,4.247760732052004
0.0020494200750457384,0.0019446458444181069,0.022434885480795058,0.00011099463888441693,0.0005689301418535368,4.878844490065966,4.892053757257954,2.789880311517398,7.471466721059638,6.298734567561361
0.010010266891473045,0.011256591736196387,0.003922163866948695,0.011313830717714534,0.003819029347643225,5.217266819246651,5.056793617608783,6.706560924597287,5.045967369205722,6.698401632877445
0.014095713518801317,0.01290468604141062,0.015977142375164205,0.004074635007056925,0.004678778625930574,4.40021193938341,4.514401444935511,4.295728671244123,6.0224949486102375,5.86036772028418
0.007059719665636195,0.0013201407951708084,0.0049392883833691385,0.002994999585178221,0.028186961181839738,4.782273714666986,7.110187328277994,5.224451638285553,5.86901941070269,3.344476030828236
0.007384018666065118,0.03855388266365101,0.006033892176275365,0.002126138558644282,0.0010249505184548758,4.198290646091403,2.7445379451723695,4.452883915579449,5.605632304431943,6.61201937123797
0.03693358555069113,0.0018871150647872374,0.006789014449947971,0.00537120934548852,0.045759171085100435,2.3690588084890494,4.710196438385412,3.626058988486051,3.75187626237575,2.2447558415071516
0.0056155257286192115,0.0024081112152586053,0.011427234867422009,0.0017591838654086008,0.0067734821853946406,5.953697453626844,7.395045022586982,4.931096313453736,7.910582525079206,5.675062629835641
0.0036166224930610077,0.002793077274136804,0.0009529326528111417,0.014681687514612388,0.0021547059972385125,6.153702217645571,6.533641818603313,8.55318663149063,4.310348061792923,7.003401070416433
0.006484715054540793,0.021360025920981997,0.00759252311542356,0.0020024066769782052,0.001321290623922534,4.789416515613196,3.5249966889404454,4.643360255570937,6.34950601677336,7.032170323805859
0.028998366305076857,0.0032144325966013405,0.013683127060963236,0.004648651617442242,0.030101367067507268,2.871985677858282,4.9398440762338245,3.4934107932139584,4.5047402253073825,2.8450912059446845
0.005326901676720928,0.0639717839393006,0.0012678912024162916,0.003741748751746197,0.00034244595837175314,3.6813916904797375,1.9820758725726915,5.223604099932509,3.9773420477292114,6.259126519957216
0.010251693990503267,0.0037606175781452244,0.0035070768661864,0.012903452850097759,0.011199811044879238,5.020883706186234,6.5001476786004355,6.654021456117962,4.705586556808261,4.915956319830173
0.007347784769535357,0.0043518650225179275,0.023733571962697236,0.0015818998953610064,0.0042280499241770485,5.024909089285278,5.74099509447767,3.694559924584649,7.26977645287781,5.791407258719329
0.013589858166832884,0.00700129270910768,0.0022629271673410864,0.036954827520472806,0.004982352331533333,3.879804419373576,4.580875230133192,6.101698271066313,2.9791010177648936,5.012119989698335
0.05331149954211536,0.008816192885937714,0.021738886198059894,0.005184540155510851,0.010625835974028882,2.377786841927727,3.7751917135118314,3.0273822119978293,4.259424547256167,3.6132627993990236
0.0006840487720883737,2.886643477228145e-05,0.00025069642505365483,0.00010506447253839228,0.020877818533895334,5.061733193375641,7.802948916641143,5.870745186612202,5.725088365755693,2.5211652159528013
0.0034043259592677504,0.009760636672765768,0.002718896373841297,0.002465672969199613,0.0011272375984465908,7.07266511917424,5.387782614723346,7.558198017547092,7.675859984621602,9.328289354026964
0.01779187232494297,0.010654609567605895,0.00677610746183825,0.012414726172286642,0.007577580273334799,4.263989652090707,4.884043819964607,5.533417250753715,4.663100796179991,5.339413026816599
0.012441279166116832,0.006079968082013248,0.027353491261431696,0.002510132677436937,0.006356152253567984,4.287048324956406,5.168919257386019,3.4855724625442837,6.372468225842796,5.102924689983874
0.0071807950475863925,0.0039269031890935965,0.0011955448601484533,0.039734537380284554,0.0032675374503298564,4.436737994231191,5.123066386505384,6.872616230982774,2.8524435490542723,5.3966173533397646
0.011121329400763264,0.018852061363346703,0.02121386653748552,0.001126717488301219,0.001389979980187469,3.4319538000019785,3.0010229461137765,2.9427623158513208,5.558485740118563,5.527248415585699
0.00792494540980342,0.0026259187842750404,0.006904335086130375,0.00374657234692472,0.013747939006380347,5.596681555481217,7.430837297228604,5.791176126577708,6.716246566191842,4.840283662043331
0.014283581423121887,0.01734014030371817,0.005965249487181244,0.00992716026329822,0.004133744945628238,4.449652576831757,4.232744828258346,5.638445027475502,4.8792165130426195,6.138622592069268
0.007705649373319646,0.0016750159289382037,0.0024806374774624333,0.008416183855652109,0.020005648248176095,4.755618298511735,6.884714430856853,6.3199598897327425,4.6140998899513,3.7192093256269807
0.0025287380420884725,0.0013134966463240884,0.01938187253048616,0.00025082542977556706,0.0016621335619012505,5.508857921111781,6.308531497501748,3.3176552767007617,8.104825393243932,6.074328072718859
0.0062165358859016156,0.007980656792312212,0.0007801374229388266,0.02988554304197697,0.000942001269692731,3.828099594630436,3.5840119010859968,6.21071064417699,2.595335490283686,5.697679501840495
0.013653210970881076,0.01283159662987456,0.009493473295761355,0.006401965376179785,0.005175842022278506,4.7861576974795375,4.874911996387796,5.306526080003716,5.801326742437944,6.168455563409662
0.007183988389172372,0.0017634801688709025,0.0037820982560607445,0.004900039161597265,0.020600014295320317,5.221186695196578,7.401683500403638,6.151913309861256,5.716252587154232,3.966946227521628
0.008599526392376431,0.032372852789780804,0.004578553146049491,0.004575176935294669,0.001625747198738052,4.538591476336438,3.216389737787645,5.381620316670609,5.3137357805357315,6.8448858451256775
0.024368286204680956,0.003168583010401526,0.004178456535043999,0.015311128578228859,0.026811396880725643,3.070963384436132,5.083683028227272,4.809072060762746,3.4255595355337207,3.0029650490155304
0.007258211367445203,0.0006873860707959085,0.020927813496695948,0.0003229668180594418,0.013507613292348312,3.507275203094747,5.60184461046971,2.7075211283825764,5.768126909131642,3.0366586341961552
0.005416238792002464,0.002481847542390253,0.001721334170989081,0.01247510684965422,0.005866322467202978,6.003733782848642,7.303884257512952,8.053091854902103,4.820513483763482,5.894311955053839
0.005399893079360643,0.006408635570708169,0.014907472255606655,0.0013596584180893584,0.0020966873799652262,5.521667999960019,5.287474830226296,4.257889139384483,7.671245992684408,7.001445916615248
0.005581195186780299,0.0012441923195698225,0.010546070640675578,0.001190337251852725,0.012237416305110582,4.949725647368658,6.9738815038241,4.180181783015936,6.893884843060543,4.045311451428467
0.0037954114047721024,0.02723118005770814,0.0013493557183490588,0.0036024677042698003,0.0004996348039988397,4.7701414097900035,2.9102809534707137,6.176417886659898,4.833255655159823,7.282771650316405
0.013891389773927277,0.001651494136512935,0.000873199496858432,0.06882096935126185,0.006702169363609552,2.8961641859810365,4.557402749106877,5.395830720727948,1.913255032024459,3.4649118555529643
0.007522153435077306,0.0062316217327102325,0.01664525895328936,0.0021086368140483852,0.0037126428348736567,5.422874893186018,5.697051131877056,4.412270120365806,7.439557553996181,6.5083602093824595
0.009359861582578786,0.00832492471915272,0.002264669873588319,0.021538727962207817,0.003459625770814013,4.72157417606336,4.854307820314344,6.792024439426863,3.801963889145319,6.0845888099173795
0.03372266768197789,0.017173075631124544,0.014939727709868535,0.00733432430555519,0.00674885962335889,3.0396478190038683,3.630036810355818,3.79619882021631,4.479708946409157,4.615381943307802
0.0037247487021806343,0.00036305107276226353,0.0014278747528872608,0.001945911032280635,0.04060129382237562,4.588239286404292,7.187232763514321,5.6175563817084955,5.152372249453033,2.5392055256859063
0.0022433957014603226,0.0473368983887968,0.0020073837771888126,0.00040040808244341114,0.00011828571483652581,4.161043907401564,2.0349161332044696,4.426857139040237,5.570593206219229,6.818188111915915
0.012611764784218387,0.005671770076517497,0.007824767593857883,0.007146907930592461,0.010621641343729395,5.071673843650732,6.262199255284825,5.773905665998724,5.840014084990705,5.313060477714531
0.006392053273997148,0.002868395429918856,0.014382146811420951,0.0018189835867887295,0.006473151985162095,5.631880210270859,6.919393420382023,4.54615431982407,7.666070069209257,5.617663580142108
0.004706722295259522,0.003461168610610918,0.001132972984187375,0.019399742752442464,0.0025790924816588593,5.604660394144077,6.026017713018563,7.976272424495104,3.899168434116878,6.520087943406976
0.014090002159949721,0.02866033124918685,0.01209694731454107,0.003477433039272966,0.002414828482172349,3.796436384299534,3.1591560946914634,3.9943668095757583,5.373164080002231,5.903015433610217
0.013682764808548168,0.0011622191842305162,0.005149847060367026,0.0037025600626583036,0.06713847444292262,3.3334601060462132,5.774596172535461,4.241146849773309,4.498509303742874,2.2086085215225593
0.00908553856524415,0.011566231666745919,0.004009808348672656,0.009443429977495353,0.0034456595773644494,5.468495792771143,5.134264614824354,6.823312563269684,5.4084469244911215,7.03194278532426
0.006548202273001338,0.0021186623572703274,0.002264833617991243,0.00977657958082482,0.01102939748429312,5.511623337333794,7.314429942161656,7.236330095185961,4.938776202541573,4.822354015052612
0.0039295225905227,0.0029723632854465718,0.017645608706073908,0.0007537920743486588,0.0021694653831911452,5.722424523263855,6.126638773199108,3.8814890430911224,8.15023482221627,6.629976032508446
0.024629232814495767,0.014900057291190014,0.0039691248545808315,0.024590424165836896,0.005007079519396375,3.212459119351463,3.6512567765827866,5.139794367332903,3.197233342835915,4.8278474642916205
0.024072591895717758,0.008109967545419133,0.053480664157778995,0.001531949851751902,0.004433513044306658,2.7946587289563545,3.6726783868228856,2.2893324987052313,5.136067711103111,4.258129670363261
0.004549275707104939,0.001430880389521096,0.003962288430577174,0.002571182752007453,0.01194966445023431,6.43765428330706,8.590023775272826,6.64888350650025,7.394534025870217,5.0098180488927
0.005424656065908412,0.017717378665111923,0.0033222223599207287,0.003884942379864939,0.0014192030961748924,5.702195504634939,4.195341476231741,6.522158541768783,6.204153052769598,7.964243657998385
0.022051471184504467,0.006328342387895377,0.0049749702984972196,0.01950512854352616,0.01291811814791946,3.60611776333015,4.9756013223311335,5.325498767930301,3.69421622523416,4.153499985220556
0.016403800093352638,0.003333170209586691,0.030497824767493048,0.0021268347420665126,0.012966363908454029,3.468615976892484,5.143003661052416,2.9532155242564078,5.5983132868390415,3.6894588942972453
0.002846118751995903,0.0007778580595662636,0.0003154426275498142,0.04074183106297439,0.0020179871610267555,4.477559343676059,5.717512550122453,7.107496084520469,2.362324016896867,4.838091110290691
0.007711527739321405,0.00924432714974449,0.012150025585757682,0.0026068277156855446,0.0030696036844701873,5.535538592748482,5.2868011370905075,4.944035169825778,7.269174042705367,7.0238243685669
0.008190463756446829,0.0021660182404472997,0.0086438392270397,0.0028701947446210085,0.016884387200210342,5.030924589446471,7.020323898702784,4.944171498511842,6.494272295084142,4.163587012024228
0.0204610458322757,0.027294230807066163,0.007764972460824412,0.008670748763779197,0.0038081772052504063,3.605294167995573,3.3459099925140565,4.680871008429986,4.481711579073938,5.549880935439999
0.008265728942331577,0.0010023572157329633,0.0021930466096633317,0.006527012063053736,0.03916129190835888,4.01804420946195,6.403773385753114,5.512750671153332,4.230713719466244,2.6983411500960193
0.0014120054029796002,0.0003228930351970888,0.02110902333463982,2.9509179079174576e-05,0.0014378958414700046,4.847405591945112,6.247210733309434,2.6601531909393636,7.477851760123131,4.895614363822469
0.004624944095350087,0.004663890744410908,0.0014481138137868782,0.012555312590601398,0.002323759277531442,6.2459653180133605,6.2129631731443205,8.398370622734147,4.84680682417275,7.444679584562653
0.019504796590711818,0.015074362403770462,0.006333915623075106,0.013459759328885048,0.005782685148153378,3.9479574652765175,4.223963003072002,5.332939887523965,4.328104487107612,5.415798449346515
0.004789506523321436,0.0008988336811798676,0.001573205409409906,0.005563786104186726,0.01849998556270063,5.101660343815692,7.4127660312474974,6.649372248062709,4.882594109079391,3.620051973840502
0.0019989339625289836,0.01812640733056881,0.0015345593412307834,0.0008862094489350215,0.00026558849429016444,5.512951608830438,3.2073384033936088,5.9251688793424915,6.455822537359857,8.15464599162519
0.11240115176566057,0.010416846401752904,0.005675837556474877,0.011757558562648224,0.006089333062238347,1.676819631282295,3.061498805339912,3.586090938139979,2.960304027477196,3.5000961724800757
0.007665309455134569,0.004857272560309072,0.01357042754051758,0.0025365088537544424,0.005396393868780785,5.759662880466485,6.51163835163887,4.955337926994768,7.602108853636218,6.320284722282123
0.008544649410817746,0.005317950771340133,0.002430614634318788,0.018406321757477768,0.005095836825903053,5.221886239975142,5.892201256862721,7.240685820770628,4.2554271996327975,5.984827161673829
0.00973368716913276,0.011660750322194463,0.017717850454867585,0.0023834521965219535,0.0029516900932693335,4.620825849188654,4.412327950564149,3.9805527397247817,6.546698629334454,6.263818732508985
0.00802811413528512,0.00132167661975944,0.008077984135647935,0.0020846323554281508,0.026642066781534416,4.359963661091752,6.617594442658664,4.339975235479385,5.931541216876675,3.1978133223461227
0.004467210663083454,0.022008492629705206,0.0010889330034393391,0.006524983097944976,0.0005511880241780541,4.37350491505437,2.941353270896189,6.181658872810578,4.005269537023908,6.753038680460652
0.007134801896287277,0.0033161800469022535,0.0025160455100547434,0.012213514697364656,0.007262611662884151,5.800926371657532,7.059846121429664,7.620330785505192,5.023151626047682,5.784467674775111
0.006100602872524789,0.005797188004769267,0.015943465232876167,0.0016401997469803794,0.0028178255930261693,5.594028461136136,5.670141231004871,4.364078627667106,7.716289689970267,6.814382383493078
0.01055750039080458,0.011459812836277816,0.0025188773731272904,0.019757821443094466,0.0031218118326680365,4.453203739169533,4.348631154779174,6.431238540498321,3.7816951120253,6.062297762795142
0.028723849077061592,0.020841376645099375,0.017923459342035906,0.00504736704327603,0.004772885091526806,3.0639021836020377,3.336724836589097,3.5000907911441574,4.745983315932594,4.862227940589801
0.004703142829171699,0.0003622582698466674,0.00186580284348648,0.0016339971102691375,0.0637044388351985,4.130406077013661,6.743378757872588,5.02560709267403,4.986359601164686,2.155771706358425
0.007750143190366736,0.015284642795604615,0.005772109613766255,0.00449323491655282,0.002453511537681671,5.599500145698948,4.689299181647576,6.109717828866113,6.432740614621472,7.53122015003973
0.01524846745672167,0.004311067782490885,0.006257767779934805,0.009595978155768936,0.017552748141268653,4.336090194005552,6.008616294167557,5.487190681083203,4.847070741234943,4.183286575237984
0.00745973449611092,0.002041552828803303,0.01582240275474845,0.0016290815738971213,0.010915135772556836,4.747327056527904,6.519629778468507,3.8958992434341098,6.774673235536406,4.309136330518039
0.0023365322007812676,0.0012636141197954972,0.00043011755519638056,0.01958739011553253,0.0014617895905280492,5.562645954800334,6.297001590110065,8.175769444588342,3.323078997834491,6.183351114975144
0.0038865214760080906,0.020033684779516614,0.006776450025421966,0.0004809334347681148,0.0003953188580843567,4.186610150458704,2.8113289074711063,3.709611014360538,6.106897348570932,6.56900592767772
0.011848942771142575,0.004267358312391686,0.010520470291139571,0.004640910302153318,0.012854895622331268,4.935967505475842,6.434773310369131,5.092211491521921,6.22871837185138,4.829207271839541
0.009180419851646504,0.022060328916284982,0.00447060770991776,0.006459500826044837,0.0022574293288245366,4.875021741253953,3.8769306855612515,5.925407784680392,5.331155272607095,6.9642718510086175
0.014778158393501209,0.0031344842028201794,0.003493232852699037,0.01572956106315219,0.019351471924849074,3.9023863775139938,5.758475550787828,5.6485903736943435,3.8145334798663364,3.646532354140355
0.004680482145056601,0.00214269474757543,0.0399355307375129,0.00040757294790057854,0.002483302971463292,4.585033301224439,5.442482730300403,2.652134513378993,7.142215571488874,5.331457819120023
0.019924584805784063,0.0049035255686261745,0.0012587472241015365,0.07834017434425301,0.0036223324748110275,2.7161406568918998,3.767987551269834,5.212147824987112,1.8942954327465493,4.069042878800602
0.015048380834703714,0.007395643071091793,0.013820854529035559,0.005176537911044162,0.008987807396486221,4.562223963208074,5.504622082908138,4.683618868492614,5.974235455323126,5.227514773322025
0.0032739231008232536,0.0007602852139854033,0.002371446945180065,0.002014757011338101,0.014052456794817767,6.20126059081063,8.637666141208378,6.701594173277311,6.9281961120466,4.2780824516720575
0.0027475167314401847,0.016344482808382778,0.0016024224189502914,0.0020396754715868324,0.0005198075832091313,5.844883364902453,3.7278079235296295,6.711046578879973,6.267948381626183,8.392185125692627
0.03326846148098774,0.009781665584471539,0.0033931389994346565,0.03413928456370572,0.006555123273896911,2.7252446521943097,3.718536734576815,4.861663952005544,2.686659719130282,4.126306021398578
0.02516375954244151,0.003320808396322074,0.07212696529465432,0.0006409147898434155,0.005148627173267131,2.4452842373712222,3.878999703568737,1.8765836785994834,4.943406082883173,3.5933537681093926
0.005063117141367361,0.0036599638186870322,0.0017020317988554396,0.01234858470741499,0.0035168061774645118,6.421064248866118,6.965594878331571,8.517628494310737,5.090200095186732,7.066867776256621
0.011957865638949197,0.014392952893832897,0.011778424636103395,0.004310761747088913,0.003871030354905324,4.760169108740528,4.540409951914769,4.828299116269467,6.164896392596284,6.3798979111086505
0.009743225339328877,0.002063069025323464,0.005987338117652274,0.004373690910896427,0.02647679849814353,4.600181493351193,6.766420695321608,5.210399746417262,5.5834643391067305,3.5410295843815067
0.018160400275666157,0.02174717753569156,0.00371007212044778,0.017295463165593262,0.00326194236512473,3.530335922600004,3.3627776023590954,5.312969532179913,3.563551347031215,5.442267013834589
0.004052213488400231,0.00047015455349537656,0.0007218470875715078,0.007568118826129819,0.016429909540305678,4.409563478722328,6.7049174652695305,6.367256625084865,3.787683093406363,3.1515999000011274
0.00357701177016041,0.002871196760426039,0.010118978163753897,0.0011112830164066315,0.002440028743060258,6.902957791254102,7.302681772999357,5.2518441006921,9.149851697032965,7.613966867407187
0.0068103340558342456,0.01008880757222442,0.0022291380862650098,0.011696774109663686,0.0023063252669668862,5.443547981241953,4.904211473283486,7.267909883417742,4.7372898554643434,7.15633558977507
0.016463330970286634,0.024678431045197832,0.010484774017346302,0.0055168775269455695,0.0034872167574649567,3.9413063700585176,3.552412999628922,4.478563238963489,5.197139898052828,5.86925495147341
0.011274043818002916,0.0014955251214913848,0.0041209880273983795,0.005576919470963703,0.0453623197407917,3.879672911917521,6.229307408324135,4.990874474431429,4.603791457853185,2.7017499920479677
0.0037389203706391385,0.05329023776762037,0.0019373971798382213,0.0015571187820695679,0.0003429138474756255,4.369201565507128,2.250456270667691,5.169590526712183,5.239768928701678,7.00823024834889
0.013784292005269722,0.00598000129712377,0.005995221272693153,0.010615090536939048,0.010699564178460299,4.794460716217328,5.968932176878495,5.9962430559915525,5.100860352153884,5.1327922017676615
0.010153679456160417,0.0037859997551249604,0.017391527190764866,0.0026701394820888478,0.009619315646128045,4.80286350013142,6.194793155577155,4.167602231667954,6.690746388885591,4.874375176512751
0.006530904500246209,0.0026050589944512023,0.0013659715184222733,0.02488863748628985,0.00544619903153984,4.905243867490868,6.131199235163535,7.2208452232300075,3.4615356507293003,5.150847574704926
0.007103478824938661,0.008739534833218232,0.025670771711611255,0.0009281139056042476,0.0016697523972274326,4.249709788281872,4.031982962885456,3.0777516073001943,6.530506229458676,5.988587475877674
0.004178486368643502,0.00034034481961187774,0.006885786240991138,0.00026637428192981895,0.022183558451455202,4.029327582476133,6.410850237055101,3.602962083044515,5.957316993576004,2.715135497881546
0.006651988828825673,0.0138026654951569,0.003189810162947529,0.006676367717772181,0.0020969410569816214,5.730623400992344,4.73754211588544,6.9889311649360115,5.730177161291638,7.696478664182331
0.010321926345874931,0.003492296904810401,0.002796169675492136,0.0171950256731138,0.010665658860964256,4.706169913651846,6.1983032080252185,6.594428167302145,4.099949714156957,4.677297067079226
0.009411251892167754,0.005079009559373532,0.03421226105355625,0.0015446050260242814,0.004379456886641222,4.363158766369246,5.096542797786099,3.1159164545000606,6.6607337050557245,5.300901843217268
0.009990175062026024,0.005273274882647998,0.0013041235488059485,0.05433093943838075,0.003171252104951431,3.8045451411622224,4.431069850779139,6.238919973825461,2.454588564807523,5.031376296779867
0.10510538788092855,0.008515056015871889,0.013721910110044972,0.005209367710243149,0.00822272740990672,1.746205218192456,3.2978349901188224,2.971889080371795,3.6422988100994695,3.350037269349867
0.003975150517446713,0.0011418419499351438,0.0024682245970768083,0.0030971908299931967,0.012561148588662465,6.423319471983802,8.703572982622848,7.237075266603917,6.792849745419251,4.7713607508225735
0.0059890658837959115,0.01803272015118053,0.006255715362367717,0.0024056655770572956,0.0014813732889448134,5.321404005933145,4.0040869672448,5.311435187165799,6.665083453435498,7.523427991777617
0.028348302059085936,0.005145370000226792,0.01306380527854885,0.006801761430707129,0.021509733607703165,3.2066825174942952,4.9663720442158334,3.93829268267844,4.5886246612213295,3.4497498828811555
0.0035216282346926626,0.0008612343598591942,0.023633311438086106,0.00024635158239925736,0.004025799527290428,4.694299166421756,6.251811724940193,2.932083641991874,7.174662002080633,4.581237767638385
0.001118918919794866,0.0007734206231957648,9.649963037812119e-05,0.026616839860121394,0.00030404966883846674,4.779128858283842,5.046684529262092,7.4713115013543305,2.42067134032965,6.017567660630789
0.008250854260671955,0.013035863803717998,0.0074708483173925345,0.004069088311893411,0.002911514375560925,5.63137503583939,5.000800291428731,5.833193039305018,6.737850440218577,7.376772060582901
0.012417249302908898,0.0035584766528945606,0.007057479029583096,0.006434344105064146,0.0181062081426139,4.696813052772165,6.482463905016073,5.450425893959639,5.514794944495782,4.254147085556132
0.009905115605934225,0.018463724315160406,0.0031037633522170717,0.01134840304832181,0.002410436910122238,4.576480571709269,3.889560652901542,6.19427491913823,4.418065987805057,6.539087610199524
0.007149051304995033,0.001509376452593258,0.0014604284618083363,0.01578595913477079,0.012586386367051157,4.446387410040516,6.373502594037359,6.521392618462154,3.607237213741418,3.862536301982503
0.003858857087427223,0.0020967302968946783,0.04640841952289256,0.0002267399384853816,0.0014525477250282503,4.424269479170934,5.009191691982275,2.380271925982961,7.034388843888589,5.482364402483898
0.010263137172489296,0.008036974487935089,0.003712217735957755,0.013587019992224326,0.005078844572716883,5.2501615829385315,5.595020987618067,6.887198882132024,4.86773919308406,6.310636532239881
0.017301188378566035,0.009726411112504685,0.015589651570782022,0.005278452445833269,0.007645687682930754,4.2371053166801005,4.935563932949149,4.376723271244034,5.722797946479369,5.248459925830536
0.004177090145179143,0.0008382185465777698,0.0028138138615374357,0.00234060308468845,0.020020235054588633,5.564010334689912,8.001975227579283,6.1232499104870595,6.3578481063007874,3.7262332812479393
0.004627027579829055,0.028688231589006182,0.0018533348796785844,0.0038352253619143334,0.0007174579292156962,4.8447465724294885,3.0472457449415495,6.104654541583018,5.067181823268668,7.325123348590806
0.0198011593672367,0.0027654579592424323,0.001645611574105685,0.04759318073024175,0.009948271502160627,2.883272810686008,4.560051101304125,5.238495314036028,2.2769916658839495,3.4398340301789885
0.011974322969465276,0.004778566147836484,0.011571938758536026,0.0044908407012044715,0.011207186882384102,4.96542055548544,6.308951727915485,5.011716839617627,6.339834138616544,5.050537662517416
0.0038804532779530454,0.002071329293842345,0.0010546020665871995,0.014016088537065294,0.0034271387931496325,6.142624887408612,7.148533649774919,8.483603165687267,4.414992450952133,6.353121096977375
0.0054999267412134045,0.01082046993756453,0.011659637910408017,0.0013350619803077159,0.0014546408866003095,5.096251837084665,4.287556680465945,4.233178272382288,7.0727482132625195,7.0399164260500635
0.01199634066984998,0.001857514355079071,0.0181271534717441,0.001727364466303637,0.019542229354550845,3.7070795108448515,5.7289147896972334,3.3202089289440373,5.697463441533583,3.265641182346847
0.011742683202024791,0.09866145976048633,0.0041042171745262765,0.002843518222676786,0.000808531875369774,3.1731026845027896,1.8354370151293735,4.138563429052477,4.359983261035187,5.72436304371854
0.010926910662229125,0.003514867459516797,0.00510484813237393,0.00824319956226775,0.015201273699931583,5.008916209885548,6.712388297352075,6.122230111722307,5.35693771239027,4.5959032344991035
0.00391089669880595,0.0023078045119249413,0.015106464214812662,0.0008711227966312637,0.0029767514183292776,6.002336570130987,6.830931563452628,4.213530298655781,8.384643762532393,6.433852856390972
0.007938811613479962,0.00829017132749758,0.0016330057595329893,0.02387451732142019,0.002405002715727204,4.559176199546737,4.49003453023423,6.765437173925359,3.4352634662709245,6.1165157691557654
0.041489982200941335,0.025200290483795018,0.012176437009427938,0.007224529171529954,0.004684116839478502,2.6136114443175367,2.9785825341454872,3.626203338344203,4.063567264450849,4.559602575994825
0.00303502033301041,0.000158885290606657,0.0007630030036809042,0.0012626185702393556,0.06355144397097498,4.076411003253228,6.732368265696672,5.31684548110328,4.578799784327724,1.9772381925120612
0.005148237731308364,0.014646343455571295,0.004477682900308971,0.0028403496289386436,0.001500295859440865,6.005260058569591,4.581814748632804,6.284317413316534,6.973783147674517,8.193489510050854
0.023940219189965216,0.0073704483379659095,0.00949327716174841,0.01026019067284724,0.014141603647600517,3.691047110935615,5.02198899456686,4.731454225578182,4.567384203409065,4.2458549302515785
0.007768061659696102,0.0025585369354879,0.0292451356873444,0.0011714515344981129,0.0066175745092669986,4.455072266693692,5.840452059090499,3.153384300777832,6.763985899936106,4.645907612985012
0.009874979748239327,0.0023644088795154927,0.0011500446106534764,0.0531849247783047,0.006263571146053079,3.6730271836959356,5.096720736656335,6.112697450134098,2.3700606041750696,4.123796202151108
0.008238654688546907,0.004187519393320196,0.08535856642641233,0.0002076717110996433,0.0011303188720362537,3.1502311164428787,3.616083009136408,1.7695284244806226,5.719849764544959,4.771986572177763
0.004853613839231505,0.0016642490680947104,0.005151683740586197,0.0023470957123785455,0.010645365146191613,6.4300052502360225,8.435860028870177,6.315502799416376,7.668400056510455,5.246541776202309
0.005650636795450565,0.010909772678805139,0.0021298677697724816,0.008394071426925054,0.0018113003436097345,5.764331292726966,4.855206600355074,7.432454128515775,5.216670981778655,7.673460716814232
0.006254166017424433,0.002245199474746662,0.001488325762314364,0.018412145789248283,0.006827540258587553,5.122913832626503,6.576961964539767,7.320617363995277,3.8596701520988534,5.023152754001132
0.005055436763037678,0.005664968952146017,0.022416557009159926,0.0007308051734831589,0.0015589900535543223,4.823376105534674,4.684421657856636,3.308395811007104,7.182230243357304,6.3707227095745855
0.008200423360604154,0.01339669386515994,0.0011610754258875448,0.02235629268757255,0.0011388016056717392,3.711540477030074,3.267507329449826,5.935809656420674,2.8839606703296656,5.733625491541711
0.011798945098166412,0.012329525657135538,0.009967765891212305,0.005176946691922865,0.004542866749005691,5.039729016284309,4.996659550101485,5.3094731806023505,6.2134717879475705,6.467699007802979
0.008039327735530087,0.0020533376538242705,0.0047862168362176345,0.004731410027964134,0.020279068682246416,5.15699160409881,7.268353814548013,5.892328286512606,5.871081005526551,4.044769169685284
0.00741654548916668,0.028086527370284577,0.004924303951490079,0.003579984557093126,0.0015103631390835687,4.809502026617119,3.4041058642418034,5.388326062248175,5.7644220642632895,7.1186152272125875
0.03060338380454327,0.004224354357665445,0.006264537657750043,0.01274786381125635,0.025680228468811933,2.967410000273016,4.8917088800661706,4.476784945931887,3.6836721851052694,3.111627942431802
0.0063670613151874875,0.0008538932731732699,0.02841626782946333,0.00031869138434237104,0.00864615652988798,3.7607039497451336,5.6509162550769805,2.5908123964046594,6.129720998699145,3.5146740778291314
0.00369699159531155,0.002800130487597025,0.0011690662204932292,0.011346139799346688,0.0025621784422986352,6.730099066657238,7.198953709534877,9.006825599622504,5.046341200516069,7.400238670611596
0.007683864343972429,0.016851725239116423,0.008484451967332211,0.002863549836198329,0.0020794118638188977,5.134184635344304,4.190133601864923,5.051916382733736,6.572506721295728,7.152795547066442
0.01906743742783607,0.003647891478378967,0.011044317196093953,0.005542265914229054,0.02528140097788687,3.6838908629074005,5.606700124685759,4.250457915504394,5.0075654052794265,3.421551912725271
0.009438124543735833,0.03892671696851123,0.0025865544526702216,0.0076683522179869,0.001279722473733526,3.9141819312642254,2.7215945347527852,5.44003111852078,4.128886267699345,6.263749960724363
0.00928841155220826,0.0008060016986220839,0.0009140539319844761,0.02014334622923645,0.017045851697814668,3.318213183260077,5.455589978800508,5.533262188106887,2.721045206678589,2.873606695832507
0.007106833109973949,0.004257778087736018,0.01625881182331918,0.002015589405973258,0.004919552408795224,5.583655832902743,6.371562007404703,4.485197599483728,7.631345059306586,6.144723143186729
0.011388834038431347,0.006163192237727232,0.0027378086920494594,0.023617989979654915,0.005976238341254322,4.560790358439018,5.3331623704652715,6.596845573265594,3.7527650965317227,5.399907084155602
0.03180608813990977,0.008093301614044448,0.01693425275787472,0.0066861370978750735,0.013435219626201353,3.150905500470726,4.498520236219883,3.7388636816703498,4.677318603182788,3.9521799845292422
0.0016427324087041762,0.00019211075599096002,0.0008263308577369658,0.0008154220695462762,0.016647512203591442,5.638872846091253,8.292890478225011,6.417251472782993,6.197794566120682,3.289641540492746
0.0008456436865823111,0.015516659452192515,0.0006530660505786383,0.00034102947066549694,5.519907849225778e-05,5.357833716239962,2.8146524440982486,5.90337792121487,6.209902847957305,8.09261984036611
0.017212307158333447,0.010374337890786933,0.007217934096700726,0.011256154185380491,0.007683955764709923,4.365104072326668,4.993664634224053,5.525482390288261,4.85564738002051,5.401072175539379
0.011108102663588214,0.005669127135604061,0.025435075496128272,0.0023716021425423694,0.006062606265530214,4.496500638922474,5.363556430145401,3.6095253721654825,6.588502301688456,5.260161443559158
0.00820706066743582,0.004413668526238641,0.0014196653366556928,0.037945596138352154,0.003785888226942762,4.39153776496182,5.104610244360673,6.7730006005713435,2.9491813689279827,5.339865366780307
0.010487254078922027,0.016199118804434764,0.022939551050008427,0.0011673469038868845,0.0015483990066541338,3.5929062947969754,3.216688377136411,2.9715723398192733,5.743492762736319,5.6098901210967576
0.005112754129536652,0.00020869557644283304,0.00398337768850194,0.00022540501794951012,0.058362333303137226,3.4341175456760116,5.991488834722071,3.6121687638370976,5.151559322826365,1.9205176850111079
0.010731132339270377,0.012133617381927355,0.0059098875569525144,0.007799778604386128,0.004236559987837676,5.310167935181922,5.150231146379342,6.263406512316809,5.758950065865815,6.772804894468215
0.007348519235097145,0.0021960837230321243,0.0031456025253148666,0.007320966840827154,0.014710182482116954,5.448852878604895,7.394840209270864,6.786435637705006,5.415190367904821,4.54932233027212
0.0031745072657264053,0.0019781796462247547,0.01381124743633996,0.0006397810208410589,0.002336968359287932,6.169762939753009,6.908422788696756,4.214856941595377,8.623626292191972,6.663756000793751
0.005445619738005546,0.008339916958876764,0.0012045590524143266,0.016395179454744634,0.001429863885842608,4.87328267860612,4.357689946957867,7.061705279703142,3.6918947268059608,6.671454598315665
0.026543762372826022,0.047508526627869925,0.007562613700864561,0.006179329454154172,0.0023965791586118565,2.833144793511357,2.435970791262158,3.9343157151045505,4.071188855344638,5.110720609279931
0.007559698463883479,0.0025487994732514975,0.004038814963515356,0.0061537783106326875,0.013437212396960111,5.736408965426087,7.5815762714734545,6.759574829608164,6.010068532069275,4.932796050626079
0.006196059867431642,0.01758435569281427,0.003674442785066314,0.004535172225961662,0.0016919832727758802,5.616926452591449,4.2832226112580605,6.489461041569692,6.08166267870821,7.794467884984247
0.018671650404945048,0.005328451676436821,0.004646380336423261,0.017867674507441842,0.01391350649447041,3.8527251874433444,5.320365701753761,5.544372510890923,3.866124183261291,4.169015655946008
0.015119831554719966,0.00304316296955117,0.02367198937219648,0.002398947871923093,0.015468940875829763,3.646954851423496,5.42491900266036,3.2450251449283525,5.663070826453213,3.629161499743057
0.002838602684027459,0.0007716584483435208,0.00036474364274611507,0.030224324005878933,0.002462928628164566,4.69479646264041,6.032644738831157,7.283460723192965,2.652060999477054,4.867178351601119
0.006222943874489769,0.007865393395569353,0.010842010246480337,0.002162255213022394,0.0026112965737372885,5.9518492332215915,5.6073937511997,5.173541234880365,7.7513540546793145,7.44353101081788
0.00787479271707139,0.00233725811634002,0.009990065941577371,0.002595001865262258,0.013572375989389934,5.186241495929611,7.041457441947787,4.855044160606838,6.79873134538804,4.495784559055578
0.005771726968479784,0.020583477507251792,0.0023113996326982076,0.005793010766248696,0.0012654634630538304,5.119426005303493,3.6924633264499827,6.4916973766787125,5.125905814310098,7.401537666618828
0.01338890196982122,0.0030945195838347995,0.001990520309262466,0.03389616873889061,0.01049118654207496,3.6766366957799876,5.254530126740454,5.8978473134431795,2.8724052382668863,3.9274963949937525
0.007121487811001485,0.0035494683607735387,0.07602376926047999,0.0003508157484018859,0.0017927571897463437,3.6702071649917145,4.269603817766966,2.0175974591634436,6.234592349198964,4.971048632554583
0.008101961238333531,0.00672278526967642,0.0026208996437921024,0.015108041665029931,0.004065275949879715,5.489418257264626,5.7545661132831,7.383208615109981,4.664295890286781,6.569048215246578
0.021414202014423248,0.01188400459336428,0.01208664816516198,0.007820403950149648,0.008047128149400515,3.9218013479661673,4.585685426251114,4.592593580678202,5.06647173371488,5.072725184482857
0.004308904909767845,0.0008019568339650213,0.002199890050970941,0.003032181698177619,0.022020991889816464,5.372952963208455,7.821973870267006,6.317701074169403,5.815831860287899,3.543158458573541
0.006270120607158799,0.03926991517666059,0.004881768404536563,0.001964585280286315,0.0008492341911105003,4.338127874000831,2.7122365965554103,4.652080668547296,5.656576027571315,6.803122779038422
0.04820730531539374,0.0022980538650301,0.0067103877361179565,0.006537083166117951,0.03605386570062849,2.1876859239028708,4.470963014029632,3.597471908224522,3.553890160489057,2.3627164727204533
0.006176693118184711,0.0026871270911175225,0.012587176168904387,0.001884275468451007,0.006922020100265025,5.7839358566917705,7.16408551262264,4.7898937103530725,7.743690737120743,5.619938323191805
0.004596612458268576,0.0031498075230181662,0.0011570186336582102,0.018047849664129985,0.0028167869464653644,5.760033809349622,6.307847292336451,8.11950839067644,4.05333966790797,6.5243422278621415
0.016671503739589554,0.025380913937130992,0.013380034827109666,0.004187522878963848,0.0031348840663833737,3.7310558046495723,3.3463998659247993,4.000317208941938,5.276269237127832,5.71341953405813
0.010819808894694074,0.0010872711967812477,0.004412864341754313,0.0036964783013183886,0.06101591535493383,3.6639297649095353,6.11299130001908,4.565027383299155,4.691405720475363,2.3409613431817125
0.014045421513848053,0.022605173041398724,0.001341196499524142,0.018867288759283393,0.0009796470516416206,2.8892728869832722,2.5523325311561167,5.053787617353495,2.674888100388087,5.116775770083688
0.005380464571595763,0.0020868595220066223,0.0022819432709813587,0.007408407745610378,0.008706028356399246,6.3369050981339425,8.061608798717769,7.917232535548526,5.799151784835757,5.596712965835227
0.0036660697230347828,0.003032417543224628,0.011945899232804471,0.0009970625669343664,0.002255107865743591,6.490216700650484,6.809754010893266,4.7678560122897995,8.804168029341383,7.339828060242827
0.019546170951132053,0.014589182762144798,0.005501739732602778,0.015808513835067907,0.0056615003767313205,3.8703303795371053,4.177501207236753,5.419111842089176,4.0733452267717905,5.339231981949384
0.01654761389525782,0.008837919995423013,0.03567085688527417,0.0024495338434799277,0.005124595383740687,3.634344220187167,4.283361258074228,2.9881611660759715,5.786865184810446,4.906091331645234
0.002611938138356982,0.0002653429161865983,0.0023098116195905834,0.0005259382666931476,0.02530776506184012,4.891701472603385,7.465529835189204,4.998272288905447,6.234962768140653,2.8501492722382276
0.0039789032179601,0.010864609991831243,0.0026647983254683752,0.0033184392288541855,0.0013028911929275626,6.771075038054436,5.21853394236103,7.571076068456425,7.097444716767729,8.970051161189305
0.015360868404220466,0.007919715594560978,0.0047695911353565785,0.016339205078878993,0.008023785554754545,4.414328261191656,5.247723315956387,6.024397313779895,4.321946899353611,5.237746461435339
0.017890850513038466,0.006359161656274613,0.023225544248265305,0.003762338724695065,0.010058454100698378,3.877923483820826,5.0751613980555,3.6302469442760286,5.73566807061851,4.507695406349618
0.004155098795538127,0.0021153630022455764,0.0007405777314780626,0.02932515467884239,0.002504285384786057,5.03603458085633,5.856862572380081,7.5683435709153,3.0730219966258976,5.693895802296962
0.005967142508484225,0.01710663079012425,0.012857750785037375,0.0006774558391761675,0.0007430530045460397,3.9592123575167077,3.046838369645738,3.305582540654599,6.035217398797288,6.169886622384605
0.009399334972691412,0.0033185618492800857,0.008993113827022252,0.0039004975325888304,0.012805071858287515,5.331863708073139,6.978774880089384,5.386429000364553,6.621474445088994,4.9146965700812375
0.01167372472264322,0.020368831759131133,0.005737112774050288,0.007430291858830838,0.003081155189917452,4.66881433415144,4.036654274829507,5.671018589200406,5.237862420348527,6.580355373310515
0.011621787604728148,0.002453711498011915,0.0034321625398156005,0.010931377860752604,0.022299346388213265,4.253721381902076,6.265585583905064,5.81292555263379,4.289310866472487,3.5959322129960754
0.004196677038314966,0.0016593151139944866,0.02971083541551533,0.000423110156564356,0.0030208381226726,4.864061304624571,5.957279257866027,2.9476064177721164,7.391197545472641,5.275320710069803
0.0036440879588861357,0.0032494394162417327,0.00044213239563762366,0.03792104473844863,0.0007911498610534899,4.261764937805117,4.3282172897049085,6.815511049313147,2.4236521835652294,5.795844706624703
0.015129345212930473,0.011674992028534857,0.007722971635298691,0.009062748157613617,0.00624062043457688,4.636752090124807,4.973626557527101,5.578651607406098,5.279922928768836,5.853373280153474
0.005371488044187905,0.0013505444405151443,0.002472525659129831,0.004889589673007158,0.016685660263989512,5.597568749704706,7.825403105450831,6.8035279857249,5.690128185093856,4.1747596400921
0.004067573113857395,0.02058477924892817,0.003282706102317492,0.001953960422099263,0.000814421654126678,5.461674891222964,3.599482281490824,5.793348560208022,6.488212210984347,7.918554952771646
0.05352095469724831,0.008436513439136898,0.009577715634452621,0.012081088479355956,0.014143905148441457,2.4782487966965374,3.991837151280788,3.8997493963471745,3.6159907138079763,3.5140674942735735
0.005629801326556195,0.0011012516028875408,0.07274918869236952,0.00017184891049418886,0.0034880865032716,3.6560499588302284,5.081969570171279,1.940711954613093,6.242358505576787,4.111810780030882
0.00876333191482114,0.004653351233666734,0.0026517745928002208,0.016831317362435462,0.006316271980668378,5.277981048735013,6.207980314378624,7.213495915150946,4.436174543873642,5.759787176441451
0.010228603698229581,0.009126058032498479,0.020613425035540176,0.0024478894424711955,0.0037502176794185285,4.659619665000476,4.802151363923506,3.9016442845146604,6.648404524548155,6.030211698015743
0.005525720534842447,0.0010072403601568444,0.006008233974362391,0.0016392202662848696,0.021055963392143856,4.9196384893947815,7.226210060091976,4.800723789189988,6.431075868979814,3.491070595117588
0.00778645389219005,0.025794791857330013,0.0016548420902041036,0.01036548794109726,0.0010450322591847847,3.973779007084316,2.923513178373694,5.8218798416115884,3.6996694857952725,6.2477924013337205
0.004137885614889175,0.0003741574977290646,0.00035892786059254556,0.02024188013119099,0.007998512742718499,3.7574260140282183,5.791452894096894,6.1282092716591094,2.584869750015132,3.270408824176066
0.005628766250970036,0.0046516662873046935,0.012397829313075691,0.0018242750450782436,0.0033629812334036034,6.244397307656695,6.563675858555491,5.075680219985909,8.259689205786387,7.1346446789981215
0.01095138581834933,0.009147783520955344,0.0033845213655990824,0.016289222798765303,0.004585855715935646,4.891989552027657,5.122804606822708,6.669285682485911,4.4026982680719735,6.13351420595172
0.021740602064315995,0.012247962576195889,0.01758944274174541,0.005501812065333335,0.007160734292106821,3.7424284457609165,4.357063529585417,3.9858391516012786,5.303265748653685,5.002753116278836
0.0043708257751842675,0.0006703129925838202,0.002584134155798597,0.0022269300325547256,0.028133368183565044,5.056803762096706,7.564136625169123,5.725883398436076,5.861466359557558,3.150613542230444
0.013400270975074718,0.06315547627116332,0.006644335772046519,0.0031165662448855167,0.0012535053184547667,3.333991603428501,2.2321784941674134,4.013446672579567,4.703535460674608,5.7661407538873
0.00997845097705161,0.0034671634874874316,0.005529291373336172,0.006783698032168302,0.013979814830726077,5.305069317828486,6.976929693763842,6.202366321187969,5.815339452837093,4.859009465128338
0.005665069463179394,0.0019284961692136776,0.009909669165332117,0.0017802613583526616,0.009238436697506826,5.691830314092372,7.456365500419487,4.904676663450485,7.532463838336428,5.019609364581648
0.0023546858328035033,0.001602242870389344,0.0005931630065731872,0.011917997644834862,0.0016227325985724516,6.4705697084904275,7.042405517651791,9.000024679400351,4.328521742471948,7.08103588677641
0.004942953550525627,0.02128510948731991,0.006139952169875557,0.00135212091099064,0.0008532495398016223,4.804577050405825,3.3132809151310285,4.587969686473655,6.412367380505542,7.154725071168086
0.038428328394644225,0.0030092659948490956,0.01662108508798929,0.0035120029066594994,0.025433279748092657,2.4589234900889068,4.539475871294267,3.0569827075335527,4.329834429405222,2.736013207965044
0.006598638069114397,0.014193144468435054,0.003662129223845954,0.005634923832003491,0.0021003132450380106,5.838359006602038,4.782174669347115,6.867536109245955,6.083569640280712,7.829666481517401
0.01252762095493756,0.0042573044885973995,0.003738767443986868,0.015592038930676457,0.012031238885490186,4.563255253140494,6.022684106787857,6.263644958047478,4.291077819167935,4.623188635614341
0.00681596304606986,0.004300922598585434,0.0278778454626715,0.0012192419891471366,0.0034102464145921788,4.855799583269445,5.449301019799431,3.364828759591241,7.199687951875909,5.784695115680025
0.014643580449599895,0.008073807564420128,0.0020043547732518877,0.043406462297535225,0.003951665699623079,3.563607773708915,4.127664545305035,5.849817187836642,2.679223693267925,4.935684970812967
0.06359108111229052,0.009565982744505295,0.02478106649101501,0.0034283323594081917,0.006990314411601543,2.0803464184896083,3.3664257189664566,2.679969276041473,4.180125251869712,3.650049358642463
0.004306603163830453,0.0012799852470534805,0.0029948827790275286,0.002969402328262814,0.012744468032923395,6.407051983496675,8.644186641106938,7.016982439208875,6.990177943821719,4.835149175792381
0.0035790293665678196,0.014294619839173097,0.002380303568977446,0.0026045462861833753,0.0009171350689419467,6.201754928006144,4.344439261268614,6.921614759522868,6.7093052915225275,8.605194703157204
0.026547549712222875,0.010329320501468165,0.005348234719409329,0.02125516560401783,0.008653874968262693,3.3487509574811907,4.277053652890217,5.0984755565522555,3.5261612200382366,4.48721272069431
0.01918455505538926,0.005114856878363722,0.04763031936964362,0.0018850666153023075,0.007633224259437595,3.2217482033262796,4.486132312669025,2.54819835265999,5.501455091771007,4.078472734308652
0.002845942120984849,0.0010526780417064484,0.00026452303676138345,0.06415034970700284,0.0011532459139341057,4.235995983181423,5.090344372720612,6.916291860973618,2.013015358333958,5.096637921823554
0.011150789056100514,0.012522876733871775,0.012264121343294684,0.003962934939163669,0.0039602751884621114,4.935081161283224,4.7947509422782835,4.855902649191669,6.4132878929982935,6.4591342715898605
0.008810504544905413,0.0020126909238201564,0.006193819474674727,0.003854727671400146,0.023342511712767577,4.825594038001771,6.970483126461953,5.276784591292851,5.893068811433548,3.739663169712703
0.02026430329175509,0.02177862573383304,0.004649592456205107,0.015676673985349013,0.0038672445522512635,3.5208040609483007,3.452471673237138,5.17029368766178,3.7496914079034354,5.373319441153229
0.0046207823328059255,0.0005755870187106874,0.0009618332003247389,0.006934445055658057,0.020094184894607518,4.450383298689476,6.7820408131207595,6.28292292008049,4.01705147973432,3.100926542127813
0.0006707868548933056,0.00029309297928776395,0.017698681291645493,1.1300751934503095e-05,0.00033858232692183507,5.196247858757376,5.9040515378753895,2.6464191008592137,7.9371562641722475,5.928250927330294
0.006757871108651176,0.008166311744801607,0.002613056093625879,0.010529079884312545,0.002901294891465678,5.957822878981122,5.66508843269898,7.665341151202733,5.313553608490252,7.409323853383792
0.014438067882651302,0.015605494969918983,0.010150467717013795,0.006049372209139231,0.004593820365403549,4.528841646500112,4.446869327822596,5.010543034384428,5.649360301727036,6.102963747182045
0.00860144248633399,0.0018183045891930045,0.004206527156358545,0.005241966284428594,0.02616977598112292,4.745149584898142,6.960413163698059,5.696043605585969,5.3467725226889184,3.547610147231063
0.007000311553523692,0.03850672696379237,0.003792867139486485,0.0034579076521607404,0.0011155558657074606,4.498255935469321,2.8961069575430747,5.285882368388512,5.341166586947968,6.934059230525836
0.034565663794497464,0.0031574926037436692,0.0040613393440215575,0.016318258369104284,0.025559461010565974,2.5920769478332737,4.640976041599413,4.445046927567533,3.1111547082554023,2.8105279198537705
0.007986323330738718,0.003416497766064286,0.011582840612040316,0.0027852247045653585,0.008786894459143102,5.604700472658156,6.992791271737798,5.077950374544518,7.282839746286632,5.470484896820099
0.00609522640689839,0.0026935754811575627,0.0017207590525460136,0.015613211857246945,0.006039212529180523,5.581118924394937,6.845259166192269,7.700621977745649,4.3586922410671844,5.607156484720156
0.008548864804762735,0.008283574267107777,0.022641380712710865,0.0017915115460933552,0.0029299268622235987,4.661472541642149,4.701561179783835,3.6350171919424343,6.800389880532613,6.111789834877919
0.005060823128955507,0.0008032314266709135,0.00680527438544667,0.0010684953618742485,0.01942271498356152,4.732107951214803,7.030993073484263,4.382944526744211,6.447905752985513,3.36909894846041
0.0034897484661234246,0.02078831764419497,0.000857259102287482,0.0052316900775922276,0.0003740336118359427,4.424879186879958,2.8638820976948423,6.230302237248999,4.042579086362691,6.85253901612168
0.0074673571416095826,0.0034616748291902916,0.0024890337529143514,0.013469640712100031,0.007210455958313014,5.632132365656839,6.856372692755226,7.5027567244712845,4.811493687199386,5.694908556473851
0.011275430523979259,0.0071149182912774115,0.021339737479437043,0.002786360045362641,0.005438264692166774,4.671361075992456,5.270409138448769,3.9655253268577795,6.627053454337326,5.644999213281654
0.00713684188576724,0.005051989441963605,0.0014640016807998654,0.02828614102590369,0.0031407170019437367,4.798400221966535,5.215598249169275,7.120828553167066,3.367950429673455,5.903119877115776
0.05116469703252818,0.01285027243635609,0.009890119483261814,0.0122082596129612,0.009482318342473964,2.549194731028819,3.652790830302343,3.9386903538447022,3.671989358636661,3.9565018265469445
0.0014242268958751067,0.00010294804911409157,0.00040570623968244537,0.0008920069967340538,0.02160460260031871,4.996341420025649,7.646867419104791,6.269900226124931,5.158992762678232,2.729885317291089
0.00447418531137136,0.012049140484099675,0.004561656962123606,0.0023134575866927474,0.001400279249761628,6.337754810801695,4.90795395291813,6.362439396938517,7.473529086312885,8.499780001842128
0.022266676089920105,0.007923942727283867,0.0122410495957428,0.0077577134370585155,0.012299762632185357,3.844696134822279,5.036787765819473,4.519792112512038,5.0134674625361555,4.4937896858137485
0.00580432513140066,0.002357759340509797,0.025546088647245294,0.0009329685906091276,0.004710837332531432,4.924114176033791,6.123814964062431,3.3506814416113824,7.29840631330395,5.1954490781027705
0.0040938840616048956,0.0033108026574284774,0.0006575493068346637,0.03179851726553127,0.0013711377006146582,4.724116065648708,4.930742605117305,7.249599821060572,2.842155456325179,6.026800358857217
0.006523816931086048,0.03902231916452458,0.007315404615960987,0.0006973317556232827,0.0004697012854930804,3.527498633748332,2.2593944573628053,3.4664109548971447,5.373126493389279,5.981774812564489
0.012015921571578313,0.003733458160795543,0.008359871757000637,0.005448507748035102,0.016107119602786674,4.824155357437682,6.5269256378655625,5.308348758621894,5.862284817562754,4.46589202099229
0.010432723400543404,0.020829775920633127,0.003879811535048966,0.009260996992146468,0.0025306937020106897,4.612721316598121,3.850675724642754,5.996754735091672,4.753244001348237,6.612616150423703
0.009692785122568921,0.0020268572590734207,0.0021411549447076348,0.01543300029574093,0.016484630726804065,4.231696639022645,6.1744982551731695,6.158283785787609,3.7269362354535285,3.7000113765088036
0.0028270240827358794,0.0017862631028160983,0.029199027786889462,0.00020206361433942608,0.0011940907987042265,4.93703380503462,5.409079562840822,2.7793594346480233,7.551408260526129,5.957387335650333
0.026457964691468758,0.01071089494358011,0.001452270265279467,0.03931318827257336,0.0020033072369269405,2.4019479086894036,2.9791634569736622,4.785150740441469,2.154307290840204,4.320103309962337
0.011240281416345352,0.007837593323387144,0.012742416754671563,0.004158773889937821,0.006080808157322858,5.18435728715865,5.714043077794525,5.033806478892337,6.664526486922497,6.09137362726491
0.0046178452877056264,0.0012637127489833664,0.003766667363441272,0.0025457409654849397,0.014511731047351206,6.06182991711206,8.317762705477838,6.367162826828886,6.996484933496105,4.506260918250475
0.005328987748267263,0.021706162917891507,0.00288111049325017,0.0038745563284301172,0.0011880108527954028,5.359253828467969,3.7285032947997405,6.306809127963573,5.802358298082989,7.7163117081002275
0.024777961553195164,0.00557000042430744,0.003953628464447875,0.025755103441179022,0.013093965965851011,3.2289884284253705,4.719445747008386,5.178217780554845,3.1684054599996423,3.8183195757891117
0.019120296377714136,0.002458456745864865,0.03386260796872497,0.001444612795177885,0.014246445101039187,2.9969635743671503,4.847190858714024,2.5889567612005915,5.221195669652766,3.235478652590101
0.004891156082813993,0.002839044545034051,0.0015994535531712259,0.012316439711512283,0.004242538320676365,6.3629756923958505,7.295419826093625,8.484464855551053,4.998877417876932,6.61451199145341
0.006310812817623448,0.009394015054021206,0.011817317208307544,0.0019271468922674652,0.00218934547449204,5.506567477859283,4.972388041155247,4.7068357677543196,7.381752355086406,7.205548413869092
0.009688790494641155,0.002294969594628036,0.012822855024819432,0.0024909608941075627,0.016902885838118872,4.4951099012301,6.424565131929919,4.167896821403339,6.248252726515606,3.89062834435057
0.016986178254763524,0.04394603803119831,0.0072812353546842495,0.005554892462771085,0.0022757508082877002,3.476630068352481,2.7162847723807646,4.362348599055047,4.5982418340782845,5.726753905981776
0.012368074340094456,0.000861085455254616,0.002332470864275773,0.006386036059580393,0.06461014912863672,3.232522666062903,5.692724812053726,4.767144301093549,3.7646700766165595,2.119266332353889
0.003952833481580718,0.0023912714592032288,0.011086020285969365,0.0011805506514034319,0.003423752438279499,6.607076186428493,7.501868793780577,5.026256168107839,8.834232303890296,6.857760280692385
0.00581686616129622,0.00645433951654341,0.0016247451390292485,0.015294572904648291,0.002346287792194549,5.54952415625381,5.385354671723413,7.669860936251448,4.332166887396329,6.970824325819431
0.024749207531602525,0.02171704835212336,0.008429195436891739,0.010360737118599896,0.005089702868766807,3.453791493103463,3.5777323717557663,4.614277563363365,4.308804233648721,5.201651894519524
0.005790853794436153,0.0007412777980493334,0.0017282703173904452,0.004938960184357742,0.03327473733305963,4.428760291215291,6.8667370438795245,5.857485194544105,4.5735875010528995,2.841787783122341
0.0021755541697756086,0.03883387692953428,0.0013941046549702269,0.0008411831376040323,0.00017458364286395214,4.65811107402211,2.33631781076368,5.307729424430303,5.587844478230545,7.344223351925187
0.015845079516238297,0.007282398178269738,0.006843766745009385,0.010874836968983942,0.010115872585712827,4.537409795870044,5.5691234909353815,5.6916969221864395,4.9780278682715595,5.114786296027097
0.010323269892039506,0.004162999727887645,0.02109035681258655,0.002438687483325643,0.008135111461366392,4.679584162680449,5.91542250426013,3.8780365479598253,6.690130671661592,4.980440991248884
0.007726549456145391,0.003182504640114245,0.0014532265405733707,0.03171033612054912,0.00523779701784617,4.575214618309234,5.678778609358727,6.917443611123315,3.1645144167960813,5.06128947137691
0.016304067439210815,0.011772188853451862,0.03760355291612269,0.0017248635377607475,0.003121877355212247,3.3235141570424016,3.6094806702969993,2.701391677427555,5.549231992739867,5.006310217602866
0.002637153854069209,0.0001451089042214179,0.002043229675825701,0.00020024714303659081,0.0434052441880674,4.169948425670784,6.785111708484049,4.355866601366619,5.639447304178604,2.1769701074891175
0.007139242720182346,0.01135206564866646,0.0026579547516673045,0.009991890908914476,0.0024080478789050733,5.526831969233464,4.892431234134502,7.168698267576007,5.069665509748631,7.290806529564972
0.005986528154103166,0.001986498739436214,0.0015993598985895204,0.014086960623416616,0.008197629727265471,5.293499631312971,6.933816898214939,7.361985799731625,4.224149829015425,4.895350847023131
0.004198076307216034,0.004110222159349947,0.02070266071641767,0.0006374292919290871,0.0015934828620592803,5.193322631586865,5.214781400373314,3.461449097968244,7.613118287119901,6.538138485671986
0.013802276921374302,0.01802266556338152,0.0019251959253981392,0.023530310186426453,0.0019294526750273143,3.383514524228809,3.14543126706286,5.498816073985194,2.9426795367176273,5.385406504203553
0.02527549762277781,0.017759222404255853,0.02540096372193152,0.0009416129745009431,0.0014724037708025294,2.3984610705570293,2.620085779854089,2.423789702132084,4.650857393405393,4.543168665167686
0.006231115171716002,0.0020989851186702024,0.004764240832686608,0.0037522850929310177,0.012849721575867048,6.1121267393036005,8.07074927939115,6.54320774726184,6.921171788851419,5.057587628882703
0.007574678551124533,0.016922818481563105,0.006432759408629036,0.0037047321708701584,0.0021850046901581302,5.40963266214295,4.389219567876359,5.700647126740866,6.483122196521421,7.433908976011133
0.018925150452295036,0.004524090476861463,0.00815473544206639,0.00848759933707153,0.02068284083473454,3.907417785619401,5.65116831228255,4.882058910849318,4.764591094075798,3.821010888364914
0.005807283086765657,0.0015295748939490054,0.018170880312670484,0.0009226608472117173,0.008028890113973612,4.756297056077138,6.477408269878185,3.5386834383156955,6.9801463376269055,4.391799799240602
0.002624635453630666,0.0012699018361217664,0.0003806654719162499,0.03132006756521886,0.0013780232394810204,4.958873746112651,5.71538500712457,7.599316211351277,2.7260320577103125,5.702212893264011
0.006724915675970153,0.01057399696552472,0.0084809885596849,0.0027918943639462473,0.002505840379158715,5.913178875954548,5.263795972060539,5.608760629817378,7.380594355164139,7.630453512248759
0.011763887856144567,0.0035142963507087373,0.010107990556089519,0.0043802955030112735,0.01607351297298155,4.744097415252673,6.474178756299476,4.932778628956987,6.05645239133599,4.370117847643787
0.011930297538515372,0.026356236247030377,0.004852114846403254,0.00787526595834621,0.0025459360851974922,4.333793201037055,3.5231400787776743,5.51229407815117,4.814368184371607,6.41490537763578
0.012277402977949462,0.002041465416492398,0.002659628931579179,0.013515531948340449,0.02403422650915839,3.847214303134869,5.92439676813148,5.633650124230674,3.7234529762368065,3.2409317676008382
0.0037704924921918488,0.0012230106328544555,0.04633384359734699,0.00018951745005729077,0.0022810147741037096,4.386938653703543,5.4963002638162095,2.3485144054679257,6.99820988467952,4.927590172963897
0.010638139779246462,0.006033834632028876,0.003722355753133552,0.014295737654440518,0.006941814657942406,5.176195342856076,5.998275276135219,6.84405327028617,4.769164632123222,5.797127751439916
0.016994011422259148,0.006454044409740593,0.01493221168738474,0.0051946308394574875,0.011464338944738833,4.235265145541207,5.458062438319386,4.395323779368183,5.705792721488659,4.699414444957947
0.0023734504416968493,0.00047808643909163454,0.0016860640894274849,0.0014242250438489545,0.012399852542775,6.335276489695588,8.868786252645458,6.844739717963439,7.030006727956461,4.197152225815287
0.0018413102406133666,0.013811923704949705,0.001182823601798796,0.001259118041320663,0.00029329675774647523,5.9666950200876165,3.646460454654569,6.718675470516276,6.485545377788949,8.596872982551103
0.04197879675146869,0.013284905467722595,0.0031191019254272197,0.02845831258038198,0.004318187060303146,2.3557107250278277,3.1482160140782978,4.519054875604325,2.5839676993528857,4.145778813289877
0.011186790284258277,0.007077066263866792,0.015354244068978342,0.0035519581899421952,0.006266176177592899,5.028846052476267,5.684879096116355,4.636281904883648,6.71442293406222,5.853267028040968
0.005865102708380542,0.004231415480899892,0.0015057194301066868,0.019347112836548615,0.0032532320577547034,5.5081038922889825,5.965734525473443,7.766775621071607,4.044207391866277,6.410025627723514
0.012295891527231009,0.020948801199821565,0.013849726382860179,0.00310824411197099,0.002629201803162804,4.12147170756546,3.5922104118642633,4.0377540080370276,5.802551218481921,6.088438422897869
0.012672458251276594,0.0014471215971001443,0.006921833123267173,0.003348727056778589,0.048573565059442964,3.6212450285086044,5.974740900659075,4.2146977688783505,4.946024042603151,2.555249945306359
0.01639584700929129,0.04163187117265412,0.0021146024960988115,0.011415277067265311,0.0011196926990965893,2.8897291148721815,2.270874248625916,4.772690421723119,3.1499991830272465,5.248256745016159
0.0069595213606306735,0.0023191469241266305,0.002718007311038586,0.008688782184465936,0.011776443960057167,5.608607288453544,7.411442361544292,7.156664624927955,5.262613692690471,4.897292471733252
0.004474602618640954,0.0028810409867399116,0.01732953705067981,0.0009868342412071933,0.002946993772009233,5.772336494182464,6.438908093080409,4.05149043846891,8.13788439529196,6.417180048354963
0.006038877741133998,0.007849185870816369,0.0013250992172414502,0.01883551147855914,0.0017580606354411449,4.85700221561724,4.524475670430466,7.067137748247472,3.6382008042873624,6.535293486348134
0.03220877100338857,0.03630109002170747,0.008648870975850098,0.007493365885893122,0.0032930984812963096,2.7711150270899614,2.688150801171113,3.9199970990921282,3.998972334217492,4.91243343536487
0.004451068020977534,0.00021799585107578378,0.0008449240154415569,0.0023137150285621644,0.07111383060048845,3.717723925527425,6.327338626119105,5.180936525696804,4.098882663553424,1.8994020857362657
0.006372694477352151,0.013177928263520638,0.004063700885126376,0.0049307356777178275,0.002153390616522692,6.071036652270752,5.029259504000252,6.903324989297033,6.485296921388939,8.026301820131915
0.013070729347478893,0.004740612491206731,0.004595510468731925,0.01288501042917987,0.012215056278904674,4.672643496438459,6.077518328794845,6.161602101140577,4.658524877773788,4.767700226815857
0.012071714197684384,0.0033294984236062006,0.01577483455604539,0.0030744329907657184,0.014555384695181499,4.3772557817226785,6.076978413432117,4.077431142267065,6.1396491461092415,4.170260150150024
0.00399402937601797,0.0014111004334167966,0.0007810021583705012,0.020355927909207084,0.004048626198027066,5.20446967745026,6.563385201587422,7.637365968878385,3.441460490026982,5.205284232641064
0.0038519555232858194,0.006513135838768596,0.017531896997452983,0.0003770071905169954,0.0007395990605397798,4.532052421801707,3.993455458815451,3.1409690871408626,6.871194328611506,6.413369769970737
0.00665966885940153,0.002558798103608137,0.00897320741412021,0.0025165310610762116,0.009529294520828306,5.918897671738838,7.556997000314762,5.449116500338799,7.508250705907889,5.381309843733639
0.0058900530543918314,0.01632437006102377,0.0030305504775828837,0.005224937780966042,0.0016313910287920135,5.668790019907775,4.353248791971074,6.78630684060295,5.8494786130729315,7.8306823160446495
0.014788889437028533,0.004617862377004738,0.003346222557108868,0.022089607697225337,0.011402548302639762,4.077597046575259,5.487172231295237,5.989900771513748,3.657141519807178,4.375446977461959
0.006859260286054267,0.00463171799646688,0.03710815170270544,0.0008649359974285703,0.002623759490134464,4.4348949853288255,4.880289091766973,2.87293237695735,6.861694150807052,5.614211025831663
0.01122589646272177,0.007475046925462182,0.001174839331017277,0.053377502655060895,0.0020683792190526176,3.3967513432253935,3.729486559601829,5.822468924533332,2.274795594828398,5.016649218069402
0.014232404537079956,0.009832917397049985,0.010961825314998147,0.006082400463702723,0.006757379547476179,4.775216396445037,5.276410580128442,5.14774219009302,5.925042920527358,5.810755084811584
0.005037815799399907,0.001279818039178673,0.0031291117843369565,0.0033678624509962687,0.017093375949522812,5.7856090414297565,8.073274157623676,6.519445017514394,6.359511036562029,4.215304062151774
0.0062163740441472425,0.022330921553662942,0.006051179272652333,0.002348633362681237,0.0013246303437802487,4.999992919413113,3.5953629942307628,5.080117944307843,6.3397365923423035,7.285137152317625
0.0345222188616924,0.004551632872043356,0.011852745739539133,0.00709365072805624,0.0255277713602182,2.854650251798987,4.768899306219981,3.7802156720651032,4.2435864069045905,3.091222335472915
0.002882103147107716,0.0005317156667475858,0.025855772421468786,0.00010036473543409134,0.003540796183095169,4.404405368291274,6.054653239258963,2.6216640610110455,6.922748792760651,4.258960841425632
0.0041348021959269985,0.003596016802813069,0.0013039025850238792,0.012027110577631539,0.002446436474444491,6.514809034190145,6.729266146095116,8.737094805422979,4.954659207754033,7.456705079252445
0.010641395596529447,0.0207824346890182,0.008520340915975299,0.004309996215711378,0.0027051671785329177,4.6968356933611926,3.9455314357022537,5.028686483640508,5.901935556248872,6.67482679556172
0.01631212647364779,0.002882720583699762,0.006682812014517215,0.007005629231325251,0.031179198571914195,3.8121332979212728,5.891178127290819,4.805529714274013,4.687387836254833,3.2184997801414372
0.009532167101608655,0.02334684575683663,0.001925852290897627,0.013263347493793383,0.0014302812878481284,3.8861290119956133,3.0818566427473337,5.782778919282851,3.572599245149932,6.0585606400614775
0.003803450455121955,0.0003837731113014125,0.0004088566182026791,0.015113035121472983,0.009035051577930634,4.006571098468232,6.092218011719497,6.302735805334253,2.8949516925709595,3.31513252100763
0.004699916880702562,0.00411624541227425,0.01326560892604839,0.0013460034077222478,0.0026254002647880742,6.185862437123063,6.4026610946477,4.71912005453399,8.382105588270484,7.178838282696225
0.014343259221720072,0.012965160708289781,0.0039387029283390685,0.017309314770124738,0.004435176048676756,4.274442705179558,4.384319521201682,6.004484841827424,4.0605273874202785,5.772301379496336
0.0213408650207431,0.013011885536318843,0.025389594007980194,0.003729769777773305,0.005440690918187881,3.478024144512284,3.9641790878572194,3.348576273435669,5.383339190558634,4.947584062854952
0.004042535624280151,0.00042793686820579444,0.002620044356329436,0.0012379183114775878,0.038110815771385864,4.607193091458214,7.1771135381461715,5.067136531071522,5.7250837320899555,2.634672204377528
0.001382020846384585,0.03031448039253516,0.0006516535649426767,0.0009084024220609644,8.850279303581616e-05,4.743158240318772,2.350110931616925,5.848628368643573,5.175774955589295,7.447958028513747
0.011364102789925968,0.0063418045692186205,0.004572382878399596,0.012024569112961821,0.007661742953683119,5.1979866408784,6.058977065777562,6.637868796073191,5.096746813764489,5.772947873823403
0.013343300099131955,0.005597280540594437,0.015588484651527117,0.004042790917136756,0.009914737627405069,4.630447525133934,5.813763747741544,4.451585633398974,6.2502379086362625,5.008217212889647
0.004718510391117035,0.0025622335874595534,0.0011152496877824593,0.01977034882794958,0.0034541805052428257,5.5632454865667915,6.444433815127813,7.943742725570153,3.8466026825710533,6.030644533551014
0.008867350636080764,0.016114547859685684,0.01607974657649906,0.0017531843223480626,0.0018525919536685656,4.245471252004063,3.643037149414848,3.675691449396866,6.207845413025091,6.227064527622082
0.010905739193705464,0.001022158503824292,0.009518870384090085,0.0015273046999856087,0.039694254183257074,3.4968998493812125,5.843172831920405,3.6122463052112,5.2352930905244195,2.5127571250544625
0.010368904319476022,0.013875981808793523,0.005776160659043993,0.0073068563297392095,0.0036657549751214135,5.255547913347182,4.874152878070252,6.182117473825236,5.746563432069685,6.89087813418401
0.008943724018354431,0.002548974130519494,0.0035225212836763804,0.008660704705596023,0.016214773084070003,5.0596032248602105,6.95721451940323,6.444432536464058,5.066404925486623,4.335474105220393
0.005015139623832762,0.0022611502507446806,0.019915105406393983,0.0009587255577342985,0.004259735315811567,5.3505386821109875,6.488311023017617,3.727294386833436,7.704791037491667,5.581966360174526
0.005729120732474133,0.004594005044425089,0.0010001438328626165,0.032180418514370424,0.0020207748531838716,4.635161385576562,4.8677898017197405,7.071664555601698,2.9934933695812176,5.939197301568063
0.07029016859524226,0.016527077127321134,0.007244091542012561,0.012524764171449597,0.005926574229573281,2.0977904866708497,3.0459888502783565,3.7759471362710277,3.247102258325115,3.9399748445787535
0.004645247244087322,0.0014670690594034818,0.0024934103009194744,0.004342037893792903,0.011763877321722167,6.373878711100144,8.495311627040861,7.471058493084873,6.437075783345699,5.008227231974964
0.00441207978307547,0.01501540380424126,0.004007428086604396,0.0023058500001727385,0.0011816465471769777,5.977632364480551,4.358704018837203,6.1806352137901746,7.0188265204254465,8.274410954620462
0.030921076698828487,0.008837386649627615,0.011196072659174935,0.010101021763189512,0.013255579712997914,3.2751176744130546,4.545247461564846,4.304403800254325,4.35027579434473,4.097989394281527
0.006927079368047463,0.0022625710614056064,0.039500031128911935,0.00072527516341561,0.004947640192087035,4.280346084120117,5.560657152901802,2.7306029055076557,6.7220929011817425,4.660667036762748
0.010946604103327097,0.0022074535678101265,0.000891787040460584,0.08292256059232789,0.004837829936359466,3.2629801159003273,4.633444380939379,5.7930688449442,1.9324678085957092,3.9780989985498256
0.008164839414932927,0.00745436658037267,0.014815295563592146,0.0025118475176598046,0.003768381549523673,5.429987075847333,5.565356583816849,4.661619931172491,7.2964936034395,6.632972590227147
0.005526564342496265,0.001446781044415412,0.0063687092383942975,0.0020513518304447085,0.014614818940252119,5.536969360868765,7.668971940946881,5.313878411797577,7.00562314366328,4.301503083268492
0.005815918792295238,0.016528073221445918,0.001792695590819518,0.008302082719541038,0.0012747565976891364,4.963892722246624,3.791514051059862,6.6812617159157615,4.543259160490887,7.1347658067074375
0.006890914493524506,0.0015565710711490175,0.0010122949394277434,0.030358109205339275,0.007340701000854065,4.175649944335923,5.817049678807173,6.539756337169954,2.846698432519791,4.127231269211184
0.00362985875411109,0.002981243298209325,0.045438436787752605,0.00013661868713594292,0.0007101655010344532,4.016386660235096,4.147293452272112,2.19021816944562,6.5928497616174395,5.573390407083441
0.008576056228143804,0.008965573266695477,0.0028045935815293977,0.014156462744901736,0.003466865502997603,5.296042304332479,5.228667850059535,7.105739630208269,4.6480740620439995,6.690079273993123
0.019875849354665572,0.015923691616946182,0.01347296056070887,0.006235482390457183,0.005669389351779322,3.90116185638069,4.144470278975737,4.3584250327435985,5.238535949414991,5.40938940787646
0.006410722398592228,0.0010461168161294016,0.0031862240900559138,0.0036070900628124595,0.03276308964692083,4.71103473690252,7.128680454516281,5.594996564967841,5.392931486919006,3.0934788769283577
0.009036666713425994,0.06358304047326686,0.004239227260873262,0.0032069732726463835,0.0009744336836936382,3.797203699983162,2.2946056070027145,4.615915075761612,4.850859706452898,6.2906515550174396
0.025750452208049324,0.0010058431354627822,0.002311406647116777,0.008818338978416098,0.046670498745699035,2.423233154342954,4.83582304675182,4.2536229617959505,3.106575210661421,2.087805858100258
0.006728216800552246,0.002813913752672525,0.009819867829759625,0.0024870042008911333,0.008592764950424459,5.9376447525656335,7.445496457156233,5.367514128701889,7.596120226373857,5.574570200635597
0.003355584994511858,0.002280752496410257,0.0009856902937616732,0.011919368873054493,0.0025098377355610153,6.609656164179593,7.253143293446907,8.972257050602192,4.7826470322692485,7.125098005086016
0.006779088193280439,0.016592274249084504,0.008845233488363958,0.0021967323971501997,0.0016879815051819484,5.04672104781086,4.007067884086862,4.755688030259546,6.657493374212276,7.133175565002864
0.020755545431296204,0.003330012990644556,0.014274566533386322,0.004313249068092133,0.02585735868976056,3.3939481389495643,5.364023707051368,3.7415762199839415,5.0038360614441695,3.2039066169208676
0.008800673472422388,0.060611044459651826,0.0024108128376622477,0.005264669233090445,0.0008446987241622334,3.680660617155158,2.241283373611891,5.079916239124902,4.158001462340905,6.170184275734792
0.00942039040576157,0.0036652725469015456,0.0038236904937518114,0.01031079183498428,0.010970752199408166,5.3697046522744225,6.853939254288468,6.813614885201453,5.219397312092303,5.166330690522898
0.006301722124260876,0.003832223994445658,0.018257026958746245,0.0015927992546877967,0.004178237303790651,5.518841878407135,6.266341643602416,4.169240789805135,7.7157412213180026,6.1358123963640665
0.014765176860912653,0.007342090539319524,0.0030405876489343463,0.02765460600950437,0.006379888457273322,4.052446448721678,4.8429295222483475,6.0930331594411395,3.423388870324931,5.038916359898155
0.03506566360085989,0.007856166150659838,0.023615674678529517,0.004945892521675919,0.011906267024078498,2.88539591988314,4.245447022264275,3.2189398581060713,4.721169920565517,3.8245521058163057
0.001189373628735127,9.822168336865476e-05,0.0006046615674348112,0.0003417983964352581,0.018376544307390684,5.388179816173716,8.086869555177877,6.033396991776757,6.137025680446744,2.944062543557936
0.004596346807253767,0.012896313763800977,0.0032821240167977316,0.0033186840881247797,0.0014248075662195224,6.388029766546128,4.890055471061768,7.031044096469431,6.941056656594954,8.584940657133144
0.01888790642514685,0.007808676652082045,0.006027816526002329,0.014793889934297073,0.010363120278336916,4.080004856014203,5.139924562048347,5.532488567240883,4.322551272518105,4.78268279803826
0.014057967776306099,0.004589966509149605,0.02725787064641261,0.0026252712144809853,0.009578867974564703,4.010812221251675,5.340942446727626,3.3737128106919125,6.065582512772939,4.432557177186407
0.005470069951170317,0.002162260855845014,0.0008385264646600993,0.039926736796782096,0.0034214514198168456,4.52711949554819,5.581763582803359,7.040448292519107,2.724281500563001,5.082670278469301
0.020651484775478166,0.014917357528390646,0.034380016049317154,0.001218694547300242,0.0020990107362224447,2.75911638836301,2.9900942591392172,2.453397197872651,5.020586487506943,4.7206760967608625
0.006417348486243459,0.0019128495530504061,0.005178067234260093,0.0033511037952540976,0.015154258406727088,5.762990356951536,7.8234688569065725,6.078801341847401,6.743314463599264,4.606240414225659
0.018418300836799205,0.01446323973425736,0.005966117358394437,0.013816036573245113,0.005687730927635883,4.0439407808777155,4.309325511276529,5.4654371020397825,4.340035871065897,5.489683753765149
0.004718414388382171,0.0009302025665050458,0.0015487623302482612,0.005751004955771969,0.01709730315364634,5.181742356345735,7.4655173857614825,6.760276093325473,4.898936092368114,3.7372393364605276
0.0012296205700320123,0.0007248603766415711,0.011398738230866816,8.613908862169635e-05,0.0007752106363964755,6.049719940181839,6.672651198051636,3.627440378339465,8.720085952033955,6.683857321817063
0.002628216241117706,0.008421458894742608,0.0004113552282414803,0.009651400423012844,0.0002743932755928355,4.294167771928623,3.3002709708280062,6.5170806521057285,3.22605230597553,6.479812128916303
0.011051297253993677,0.01706339803731695,0.007873016141358238,0.00541786973392771,0.003341543657790639,4.931174020569647,4.4085207853913175,5.44814408097425,5.911910056422313,6.722938265896449
0.01220262562771044,0.0027723250578634527,0.005262603594423414,0.0074672012662698834,0.023936001477765076,4.413819886564676,6.423943566983348,5.493717869556178,4.978220159031412,3.700886519508654
0.004421341989285726,0.026340706006610926,0.002602450347347055,0.002633208918313792,0.0007873169189042675,5.166511375429947,3.2711323689851195,5.930408721957694,5.849438603440693,7.660637872231782
0.04339037371030422,0.006154582249899299,0.0045214162321800064,0.023590283816594008,0.013438468258414287,2.517277712303186,4.124417647438264,4.4885329709401205,2.9200078648010837,3.415048056941006
0.011708299644993965,0.0011366778573319064,0.0641839863889625,0.00024875409826424387,0.006691615888055285,2.9079535917018866,4.668725158734491,1.8973056093269258,5.414113002865787,3.3339756410602965
0.0058510509066374405,0.003465895796210765,0.001968310590019251,0.012914327463862016,0.004765105050506609,6.156269053493674,7.03297031115123,8.17441135008957,4.9978291685025225,6.506660120251649
0.007047943467673839,0.009204626895646962,0.012902273419365447,0.0021527446278350668,0.0025908224368307977,5.436722570920459,5.078153376804736,4.670400187131568,7.300908622791641,7.023408211684594
0.008540962084608751,0.0020533835740256063,0.010461237356979729,0.00246882103930137,0.017253783424457395,4.737083761612227,6.7332249803785915,4.47526328752468,6.391552521601797,3.9425380775163354
0.005251071506936236,0.023351414724674998,0.0017653894554932811,0.005669199216411532,0.0009111697441133089,4.810206845697819,3.282557952421092,6.3233984601473106,4.721314616820505,7.176419238435933
0.011078691339785047,0.0018912850263269586,0.0011640807482748044,0.045435400175796586,0.008600544350176806,3.443347696595421,5.114724512514867,5.834145599861006,2.382442410410049,3.681423621423856
0.007971347589153618,0.006020931533508854,0.014666258595027461,0.002513154206524826,0.004461560014305542,5.590873957899788,6.01899507883668,4.7719824462359375,7.466185556163211,6.502879475062099
0.008310701288015697,0.006608126495520086,0.0022650600137306717,0.019121315972629477,0.003862252719063076,5.137723650467023,5.439564015316718,7.189431614558125,4.135756481797319,6.26127398700998
0.02906989430631363,0.013229381972942973,0.012497707710878592,0.008926144551700658,0.008618784834078562,3.371192075595777,4.150211445864749,4.241461066157835,4.554105844772031,4.6374149022631945
0.0035086905865388384,0.0004865968477607724,0.0015045546312434444,0.002451862210229018,0.02552733623685717,5.124690472094246,7.6673618759171145,6.182300682859082,5.504912636569922,3.120331189678408
0.0028893932585484917,0.030338969517966694,0.0028759378718579095,0.0006711320041285233,0.0002785987402739615,4.570530152489804,2.5764226746662446,4.650366969509243,6.012784612684406,7.151331201329063
0.014880842088705767,0.006341440509568961,0.009492084864525421,0.007052739340026193,0.011195720099185895,4.679238948541822,5.857486809881294,5.288173365838928,5.6414339248043435,5.047811659240884
0.005972137565285328,0.002684382416346749,0.016797460825682845,0.0014809336086848567,0.005644212639531749,5.481146942247151,6.717478177080632,4.1768176337321785,7.657684902080689,5.5642996455489415
0.005165236303431246,0.0038802429466752715,0.0010969485359693966,0.02424585098118393,0.0024280578306945856,5.180854452426134,5.537466465362447,7.583096060279979,3.489865306142011,6.246516698083319
0.01150579784347445,0.030467702737527694,0.011993769282352828,0.0022823786544043257,0.00165283852666782,3.7366040039124795,2.9070875711803748,3.735991945601347,5.47419246524192,5.955943318870499
0.014676726448733926,0.0008004506712053394,0.005516829086072751,0.0021177544734629723,0.07997693475972491,2.979132772990836,5.480040821949356,3.7688183490299405,4.421139266097753,1.9286307961828169
0.009889154038850293,0.014298817190146737,0.004294025236266153,0.00924999353449417,0.003249131535804664,5.143729555350587,4.6728782663292945,6.447052906967774,5.229858152180867,6.861495185835345
0.007901737649039628,0.0022392114808101587,0.0024650409617864716,0.011215406707689573,0.01351414128850762,5.014528378039052,6.869497730851299,6.751693538227781,4.550343291903497,4.370468010882447
0.004323772936079402,0.0027443261801047914,0.023713017059387075,0.0006563029967478635,0.0024051632520398357,5.269134067088538,5.871536826388118,3.3966127142013316,7.7453579454814,6.087084928787681
0.02594401930319653,0.01067371618958717,0.0029164820387072173,0.03691795082237048,0.005136433724479893,2.9528168057857633,3.6949316904960394,5.125437442758399,2.677339201041198,4.448115778577459
0.034018955846316035,0.005410699800000767,0.055153362795411706,0.001070572476730984,0.004996767921106763,2.3153501775851084,3.6001258617458283,2.060379011074332,4.7409420182502915,3.7095534325947703
0.004018692249699356,0.001143557934733529,0.0032733496941051493,0.0023559585499084274,0.012736118466894552,6.3780284448548965,8.65713424209262,6.700514562415617,7.243037918277977,4.734186350487669
0.0044418370215117105,0.016663134019156027,0.002194722043873369,0.004106757381897357,0.0010763980542752352,5.720055961333861,4.070136798266822,6.881601691828465,5.837948146104562,8.054319763020112
0.017210309359535266,0.005399587531905784,0.0028230311173938626,0.03327761211873977,0.008861448651487332,3.6342943908900702,4.87049645746061,5.760106830361195,3.0393026736632125,4.3237085583065955
0.03327146861424846,0.0040687959288502155,0.024491719980189352,0.0032756061570823067,0.017626168891748593,2.678210402627329,4.511442967597977,2.9115080751379083,4.676402746758371,3.1610922592662885
0.0007146567638150308,0.0002129758179678314,5.2573512733247644e-05,0.019966129554493894,0.00046102905338981764,5.059147513184948,6.08255723125855,7.789532697716547,2.552082967212404,5.494765204155245
0.005591187168655839,0.008910618853813692,0.00790896109801533,0.002310140621079825,0.0021946299592318836,6.285758854173471,5.574940354017886,5.781517430120167,7.848285478425021,7.996347215746907
0.011027566332029864,0.003681844503505703,0.011622711326475098,0.003783602816786635,0.013210384003998273,4.904061873044338,6.5027444282664755,4.826834947451962,6.387590320249936,4.670541789765251
0.010852219628666627,0.026000251338464616,0.0055649970904196365,0.006079631362024394,0.0024036428848746064,4.522303438091048,3.592953221668199,5.429320299931138,5.236882455535534,6.6327327640456275
0.016107864943680404,0.002710166478969636,0.0038901815789519887,0.012580976706327834,0.02697873055294286,3.669987109856871,5.709076678422531,5.275265799267668,3.887053063711381,3.2162173827219993
0.0028487918386472253,0.001180477816773517,0.03255238406034732,0.00017060596962965955,0.0016948821199702494,4.832055552152033,5.756750703247658,2.6536235714253413,7.460281741284467,5.436666539233778
0.005924431973307571,0.006354683845705493,0.0021087563891171103,0.011585758934554309,0.002819212267576424,6.125655781484518,6.004649639590519,8.029687117953904,5.1547494889892125,7.415625409379499
0.016837640283592546,0.015029641387894643,0.008614894721180856,0.008506686167377521,0.005497631007947206,4.318499587319529,4.4551390430990425,5.189892915852159,5.134577771671733,5.783650532147705
0.006658555587649089,0.0014141380418350258,0.0028136806903088455,0.005411164234405661,0.022739340784349134,5.020358885612204,7.284881276635782,6.230801430475234,5.25215386433781,3.6521926928917954
0.00414599983410211,0.02782611925129456,0.0028931102491426977,0.0019601412339827528,0.000670665658125342,5.062506958889294,3.117160696107587,5.570066212555029,6.01932851781309,7.585595732191845
0.06557591962422189,0.006147826572361426,0.006453644465015237,0.014640767641361676,0.015451693158320097,2.15918037273117,3.926377547461475,3.923270844431397,3.1515179906212794,3.1476466000435064
0.00797897965238312,0.004018490207119454,0.013952379192338963,0.0025342349420274485,0.006860264637766323,5.569138811108474,6.666059895266727,4.804022758845547,7.412960240503348,5.79605552660652
0.00813618936997827,0.003954583010209024,0.00216152403054053,0.019625886248983013,0.0061090474094738535,5.140187766312688,6.169667732144218,7.22929011873501,4.0719067922855965,5.547815842368928
0.01311026771712811,0.010275789352735959,0.025355025873753528,0.0026245492392119683,0.004161565696937795,4.13418800212041,4.4047073405226325,3.5022777043088276,6.157683960358307,5.5481144651222465
0.004823906679059982,0.000670862748961543,0.004565846362553367,0.0012779582656285472,0.027006794027081567,4.722664139341721,7.161016656765195,4.776120663004651,6.147827629209245,3.054006153821565
0.006322754651880222,0.020050177954379775,0.0010377224836188147,0.011874802675561322,0.0006617013397123692,3.786842862864285,2.838577565297663,5.8401378529826795,3.251637678802976,6.051680356879497
0.006069979410091808,0.0024455668741363286,0.0021232261841025667,0.01070137827532232,0.007924162853641205,5.898514434503883,7.428087433983418,7.739046268190865,5.068738297338141,5.5143868327493095
0.0052085129395962075,0.004612023278933777,0.016806692979989393,0.0012686539706466228,0.0025465362489269327,5.654819131926093,5.833322935884464,4.172610376644218,7.908431037463483,6.776894742821303
0.014212087770008921,0.013613938426916935,0.0030288608218172635,0.02178593170143049,0.003657872774894001,3.978277554707241,4.012429636022047,5.919304690632747,3.55179061658032,5.617276299110347
0.028430983986283374,0.016237654459084847,0.02625683716997684,0.003549670501102257,0.004656518103871881,2.9369133267859047,3.4007390134292725,3.0282451916325064,4.9072039734924315,4.6568115637896925
0.00295888196013431,0.0001763016503357243,0.0014101699034192007,0.0005774966900430202,0.06000081913724749,4.225282499199325,6.889067049544082,4.871463289707331,5.289127509628976,2.0607715989323463
0.0085094978237266,0.016349866957942875,0.00700934107722648,0.004154049045156427,0.0025712298458169117,5.325838064345265,4.493662862846418,5.658663380192603,6.380331568572676,7.248178823010148
0.01582206302592623,0.0038572033232158816,0.0071681924749793,0.007922727201729386,0.021329255267010776,4.1673279106802825,5.98846753511261,5.133797367560593,4.937344267832424,3.856358439145936
0.0054877517301802105,0.0014288587891938638,0.014562703480689025,0.001009084868095441,0.008857803607957668,4.933999641757493,6.745823940445863,3.829744024635798,7.072606707253878,4.37979043953402
0.0017478441848747571,0.0010360091683380656,0.0003025589438564976,0.017914929369140995,0.0009444286075073845,5.593104642621747,6.166429649929258,8.247736626439233,3.2466104828769757,6.367164554109404
0.005207638600831443,0.04387578970605503,0.005435576069042787,0.000595377214444834,0.00034136617291814146,3.634993763182319,2.1498561368730567,3.6453878953409014,5.397916858312171,6.148534614645832
0.01070443231535212,0.004118101568952574,0.0076810298398842965,0.005574503915846286,0.01239381901916425,5.289449456668812,6.786283516933039,5.7781729064740635,6.210416167391445,5.089489870027342
0.008466898798524301,0.015907012409671892,0.0037409070625007436,0.008005878617312303,0.002516901301602378,5.240438979903226,4.445198684182119,6.530619041279616,5.31746333714248,7.15294415344646
0.009815932966644066,0.0027616409405672162,0.002630085662843344,0.015159601021383003,0.013209089277815852,4.617898432500147,6.347380817259924,6.468779144974373,4.099374127756487,4.284942079708356
0.008457939600387335,0.003608707096244967,0.038562621019112044,0.0011584251488574748,0.004725823300904965,4.306988464798541,5.308584897032946,2.898896456034447,6.68555896010246,4.991916031225793
0.011156665336887162,0.0038957281726345787,0.0011808264279651365,0.0713912785975733,0.003942774561422081,3.507050429554961,4.48915904271195,5.9942165059431085,2.1605957305249106,4.521753699630355
0.0139182583839629,0.006949077305379156,0.009855619604718693,0.006505557078841882,0.009396545421485254,4.869651990335709,5.85092500114025,5.355191186595771,5.894823862420999,5.4031192514133
0.0031582726162551556,0.0008506911789545669,0.0020524188493202776,0.0024044984743411524,0.0114999644679188,6.614775786127723,8.996762652721022,7.35208502209322,7.03259292362325,4.750660919502408
0.0028297685923527574,0.013699942665807882,0.002139101179970887,0.0017661898910913904,0.0006423176094336487,6.2170553595172,4.162811263160565,6.705142211311155,6.953029743406572,8.716338513040132
0.03902079833760183,0.014630335953891524,0.0070986041280891015,0.016525337789764435,0.007680078946515431,2.8337375931689937,3.6570419307140543,4.435150145246227,3.5198836178204496,4.322751648068349
0.011721887352541732,0.0036920565775273315,0.08091338475188137,0.0006579596182143428,0.003850823438868543,3.336767878171792,4.375451231076325,2.0267810118685343,5.844672657688138,4.373038562609623
0.007088329022590545,0.0050382854514017545,0.0022743053648336363,0.015017725861198839,0.004332219561655639,5.7430921100281145,6.262258602869866,7.728823077242532,4.71502999027765,6.538373739647858
0.00951613589468186,0.012448375675087994,0.01375246814673325,0.0028659026436519096,0.0030599041264431897,4.911547147146771,4.585055928804219,4.4953562580766,6.636140660825592,6.574484990250449
0.009769277682035029,0.001976303347190564,0.008509285133054208,0.0031258476070589836,0.02491100320023477,4.436276563205476,6.576219195216199,4.593344705872008,5.853399345980931,3.4805804956878097
0.022375224284807118,0.03574424177751618,0.005421444687552645,0.010421188056038765,0.0029130585654406137,3.198670890981608,2.8319298807207587,4.628988992026991,3.8775574591898816,5.333213298594671
0.005972742317323967,0.00045358081090142454,0.000983645516685997,0.00627661715041094,0.037032733894316563,3.77720377447818,6.222721784002953,5.54947252509277,3.7064661607931746,2.4108650536186222
0.0035586964862130144,0.0024764280098183416,0.010833446396227426,0.001036212436541234,0.0027035500727889904,6.736974351017937,7.382986395769189,5.024891411009219,9.029070446071009,7.229464620041668
0.00835673052593318,0.00983486100520064,0.0023600130889681443,0.015930001497979,0.0028660616094222154,5.009897398306571,4.791813581113006,6.944137202488072,4.23994131989336,6.575459412617407
0.023537701903282134,0.021839866958294804,0.013359570039780957,0.006230277706264265,0.004731293033746785,3.4630980001693366,3.5386607466700757,4.055656622241347,4.851571382554689,5.240608327048502
0.006846287260908338,0.0007764472312015924,0.0026883130306641456,0.003497853738585747,0.049602656453894944,4.191158348024682,6.690407094200651,5.230147656644462,4.8761841727041455,2.523899663279734
0.005555578713553416,0.09872553581758589,0.0023276038633432868,0.0017439147965605782,0.0003649548898223997,3.717789999948627,1.7999787481672274,4.624756909674535,4.717578668538942,6.35641419934088
0.01344569517882057,0.0047048767800354375,0.0056750377493468025,0.010145278907254654,0.013615654844124662,4.706164665805549,6.183252666556573,5.920112599003024,5.024762535531303,4.697164909269668
0.00890275555521818,0.0027680155228957492,0.015272596578540921,0.0023120763686141277,0.0113944406887428,4.818809463120275,6.47859699204438,4.177799097418225,6.7072978154638765,4.524337553541793
0.00562112305862839,0.0017909314712636366,0.0011309497973701445,0.02134736308986597,0.006163961919635007,4.901702562320291,6.403140212048188,7.213705458622919,3.4663856645140503,4.801371829359407
0.004611562741197875,0.005285275595511809,0.026350741808914144,0.00044718211259253297,0.0011285988228147187,4.483152141145412,4.328837760070775,2.90565739348238,6.910460285177433,6.120332498181681
0.0020102422685533954,0.0001405938881913264,0.00566095496156284,4.268912241409151e-05,0.0110083627130812,4.281225892379226,6.605735768300367,3.4650281734141446,6.375842692586042,3.0036719598774035
0.004839436531291911,0.010605740733237539,0.0025887607188893242,0.005142351129604872,0.00168213928529708,6.503129794043748,5.303234483633308,7.7098296510339015,6.414040925064123,8.512173532533364
0.009907768100656104,0.004506295984631098,0.002913006029521479,0.01733228928126278,0.007780565814750398,5.009393841199539,6.131418448706016,6.897690636681472,4.313921324402253,5.34731344876689
0.009600369060464938,0.007351976926393464,0.024470037629692777,0.0020552652524593283,0.003835183393237046,4.624363163348925,4.954963861633076,3.6334800760410384,6.750354944007742,5.849598487331177
0.008029873321961412,0.006855168573438637,0.0014318690117097938,0.03134154558721981,0.00250725550759122,4.36550270880938,4.521810293056924,6.6822776412573965,3.0761003440062784,5.802452884328189
0.06033970363804514,0.01944190379658816,0.011774389921801005,0.007905062246459081,0.005640440399273056,2.2505825200225744,3.0200898615556686,3.463188644441851,3.759862733115577,4.124233333237947
0.0051336275785148515,0.001643849911305997,0.0030382683005951523,0.004185304835794205,0.012511989721296737,6.29765023643442,8.389450891421282,7.205712021816836,6.587754644760941,4.993787214264907
0.0061681652840516665,0.017635921557561676,0.0050555350982082504,0.0032282488635255015,0.0016659376664806271,5.575307954870729,4.2460297659076645,5.9265271289614265,6.560822644529716,7.75495640286364
0.024773705690497156,0.006000042337811096,0.008667111819533627,0.010594344189516453,0.017877095379449436,3.5418737712113195,5.114317790203345,4.681652289865082,4.378569567700213,3.8643878122154045
0.00734461332805864,0.001930550475853767,0.02751100545613918,0.0009479512533349348,0.007620215663645634,4.32797187525136,5.9168728115136275,3.072079464842077,6.635134427246307,4.295730117023692
0.0018742335144347898,0.0011289658196523453,0.0002559023096667552,0.027074547205395177,0.0007654169437639491,5.031178619395512,5.507407952536807,7.699243420288735,2.7105658736997467,6.02444804483028
0.010177742208954876,0.014226421752982407,0.00851231907376012,0.004772404281845955,0.00346444739617147,5.20246819518497,4.769814047107179,5.510408297017686,6.306088410732992,6.883329470528151
0.011134441951355116,0.0028200554894867,0.005911787257463629,0.006125886564282336,0.02125159741673801,4.697177236999049,6.6645023358476285,5.5403728761740885,5.425054505211767,3.963755366700314
0.011608985748609817,0.017288262014437727,0.002962392517074497,0.015234515563337278,0.0027178606153560048,4.247122069578234,3.8226150060995145,6.037224632473087,3.9532278564303867,6.120760268376781
0.004985480478288135,0.000903880578168318,0.000983117053454663,0.01191454886449365,0.011533049983440156,4.638357798433392,6.689945391698891,6.7273866983147705,3.710929040538667,3.778009633214625
0.0016138412793732853,0.0010992162300257195,0.02540942440135887,5.9453329500056825e-05,0.0005614940219833181,4.928000369028949,5.262400648130232,2.6195208899448446,7.596610137518016,6.072685953748755
0.012349434896792631,0.010893833874477413,0.004665866224932214,0.01258250287696106,0.004995240804180562,4.878777691939314,5.043051351501287,6.336951285977387,4.842312663787723,6.178395956949543
0.014951640494049291,0.010092268656161538,0.019706415718267846,0.0037756713868774133,0.005775507483581547,4.27539088277257,4.751371279291456,3.995845388314455,6.049062244156174,5.475619176614997
0.004755784386178041,0.0008601890545319405,0.0038009277284443087,0.0020062475869059453,0.02326221514486678,5.189821514835279,7.6090390888531205,5.473152095091051,6.317681604488685,3.459916018633916
0.003458331468501131,0.030848833921581272,0.0017294954894711955,0.0021743196155347894,0.0004568395051318398,4.942106086881723,2.8510317105535155,5.891079555854348,5.490355800363188,7.53129758629979
0.042862090235480634,0.003992344224312993,0.0022990324349787122,0.03544258937234233,0.009469906634824074,2.2172586541092265,3.9098429439655566,4.531001548440176,2.302715103193891,3.2473989640891476
0.011643887791766547,0.005045708181352446,0.01516924183142407,0.0035938361463893156,0.009321597699937874,4.870349407041897,6.062805119793561,4.546138556264173,6.540124686930289,5.165559095853197
0.005412499886009971,0.0028205985326745283,0.0013156984977563588,0.01994427572495477,0.004088642158036275,5.472631256427091,6.419440603741625,7.789386565877886,3.9019024417541046,5.889835997095241
0.008337699113043233,0.013194445557122018,0.017424984956823212,0.0016739804340904377,0.0019785995247876163,4.411266552793243,3.9224308869122124,3.6766093261294204,6.434367805977749,6.2875337881383855
0.009230354488399555,0.0010303091157362419,0.009991556723852593,0.001381470452153503,0.03159568173502102,3.7589970641095496,6.05994365134375,3.677169536274742,5.544235029060495,2.7453962917048975
0.021717557747429155,0.0818868326257631,0.003624626117705,0.004487758972418604,0.0009118396744549094,2.5340977452009197,1.7990919192558845,3.948537201361151,3.640378652548636,5.060293571575957
0.007712131631970612,0.0027032939749798797,0.0038418992606699975,0.006905611125698964,0.012638659438461724,5.7319631377864555,7.505807646836471,6.881717038252637,5.861123905131921,5.037226855580027
0.004557716433331806,0.002386361942997113,0.013431240570765987,0.0012283473329516635,0.004155377943798292,6.090754036396095,7.158610089738656,4.57528644423959,8.32233881892032,6.240903063406974
0.005000806635369395,0.005007182518471477,0.001225472639393303,0.017911059119301045,0.0020722513858918204,5.467250237822348,5.442378685977441,7.755420012117686,3.9541257898025375,6.794274395721407
0.0316076232967024,0.02031889237662687,0.006758529470722028,0.014597645898122095,0.005464561780551484,3.0403192549846345,3.4115785843960866,4.564273097323454,3.695198700680385,4.779980534160222
0.0033969565087546795,0.00033335961471409075,0.0008054124866807652,0.0035836811718517082,0.02632062020062123,4.557964666790907,7.059535100533227,6.13982271501124,4.455632484357377,2.7772374712595242
0.004275950507192988,0.011741335150220425,0.0034910926519081467,0.0028129630153633624,0.001373974215046268,6.597080855826224,5.07993031177372,7.015813186234387,7.336301314182607,8.788473113353668
0.019612545890834825,0.008724309782413791,0.007703939604743282,0.01169680850527454,0.010143584137358365,4.102132990081065,5.07724116909436,5.278350807541706,4.668404747785549,4.886370048151918
0.010603443076617486,0.004236165575045128,0.02760268622491241,0.002060231824875702,0.007157384850650806,4.399906139968918,5.565673681418817,3.4243246856912206,6.556855079078543,4.872537793905172
0.00838125663840022,0.0032933439493966665,0.0012819206715760168,0.04435732123263669,0.004618175752609779,4.181878017676924,5.227607049545098,6.6055058129567445,2.7098893823279213,4.862955073307315
0.012523420966474713,0.011308048230945422,0.039059250043511407,0.0008708992895710636,0.0017623944532153706,3.241916099388255,3.3191050558642394,2.4470301630919797,5.570644789596942,5.099370708144483
0.006312041278762836,0.0020049406536879998,0.005963108432669636,0.0029664122953335526,0.013326943614860708,5.871884410343775,7.851887134408883,5.940563650478025,7.047535496292,4.827620685739592
0.007013095345777789,0.01346020829351533,0.002493440678047032,0.009556718953467996,0.0020509454916421725,5.294614765591308,4.466183079522793,6.935666855625298,4.8951421123207135,7.2193559084048005
0.006824844092945019,0.0020315204193153994,0.0015383961776705174,0.018177966413243055,0.008679464578005364,4.832646370143335,6.475722615224067,6.982716769882241,3.7350513235194533,4.557845816654473
0.006522057413930269,0.004658738134649521,0.03978128230430353,0.0006987356451636429,0.002201447423027223,4.320790924000352,4.681496910824075,2.72147571949343,6.7773179301295405,5.605537894956405
0.009535815931281671,0.007157513766890877,0.0008964044374138935,0.05263163605213867,0.001429827100793052,3.3528575327698125,3.5652566491635675,5.810045378110012,2.174092908411467,5.076637892906832
0.015243519125478545,0.010945913300431336,0.011392213950110096,0.00622672748747468,0.006520070979040391,4.594189985039153,5.024206367642006,4.995486824385951,5.766998753654667,5.741995612381956
0.005435867255997133,0.0012864092278564196,0.003220458527835935,0.0035468317364229563,0.019452835317686743,5.532365678842918,7.83644081692232,6.307829288412297,6.11763268569846,3.975466681001361
0.012311089159119569,0.03509000324735994,0.006506828588913851,0.00516883782590029,0.0021626507396391914,4.068096743277535,3.094247567272955,4.848590436173793,5.0586552568419405,6.286847717080156
0.01811331865505217,0.001961351273635571,0.0038577066911620467,0.009678768080456035,0.041949508153412064,3.2447523814597647,5.497275832497838,4.777150767498639,3.773018231941743,2.614726459003472
0.003476703120667635,0.00029142677975591073,0.011224511527933462,0.00010163616509218142,0.011418802345024605,3.9664952594872167,6.17182103368019,3.059275962591789,6.173086737749374,3.061828606452673
0.0033300948512498913,0.002115291877695541,0.0010095143567203366,0.01114536397876002,0.0027359730458418135,6.726037590733811,7.505905184649462,9.062280380951634,4.935001280744278,7.080999272912044
0.005432895972649029,0.012408002565583285,0.00855462196799436,0.0017469925207684934,0.0015081513623121194,5.438454619408314,4.399341431738811,4.879260677778302,7.165639715546246,7.469897741047971
0.01764754060717551,0.003495691447247652,0.018763040064591032,0.003382103073045739,0.018799336829059377,3.6216323261767127,5.436938822382028,3.560891763827065,5.4362203099511035,3.559794608357542
0.008711384756883727,0.06496470509699959,0.003275789045044443,0.003928871311860056,0.0009142016609732286,3.8050774008117787,2.2682414555570274,4.8805861586114405,4.597510935354854,6.3096995769711235
0.02015238589791219,0.0008808118109170932,0.0014840341122734392,0.013359445939035262,0.032529712230181355,2.5488359310343136,4.881550629107227,4.601239524533139,2.7967345323675543,2.2723539913767725
0.00479945827092586,0.0034192097288477195,0.011957468578464988,0.0015100350878591664,0.00342058867923408,6.46202850981925,7.05389616237644,5.0760207203915675,8.587760975340958,7.05394739517134
0.01420530156395568,0.008542889759940511,0.004389812375500048,0.016639019998114724,0.006763064056900317,4.530550735172928,5.17182277287906,6.189656019027346,4.328965037288988,5.504909548201629
0.019455571746571133,0.007834323670203005,0.02225584336617471,0.00423010631973486,0.009105485346178391,3.8168131381926114,4.8432003911299075,3.6996415414359487,5.607920963123579,4.656128760581967
0.0025870276438368827,0.0003959391259499349,0.0019056131771581653,0.0011139007821061022,0.017953050991224285,5.641292056967599,8.208493786038554,6.023022032881657,6.585708597822526,3.5027106515637128
0.0014270107471818427,0.017127920885127036,0.0009373337152044126,0.0008547534986257606,0.0001580142661014884,5.510683819784975,3.0827061550929566,6.264184510742946,6.123337712281431,8.199524076715175
0.01342984431196132,0.008911313126843649,0.005656139123122968,0.011525050780254136,0.00683138030238358,4.876368060564659,5.43884851836948,6.163170468064338,5.057001157382692,5.828967122777447
0.012530686206289995,0.006622233088224236,0.01978413120745638,0.003259143058865284,0.006999773436145001,4.598275102119552,5.441774372859829,4.084503887185219,6.450201223614189,5.354937861864614
0.0062451364509047225,0.0038545758846500744,0.0013322541781112338,0.026295513432513826,0.003378547313433723,5.037759496529988,5.66303958819305,7.395663365264434,3.4730685103294054,5.889653989184293
0.01412049858550488,0.021777566355818432,0.01813755131297903,0.0024772697554861084,0.002391555180515862,3.6354983621333172,3.251847419591567,3.4448508736727246,5.528715867206809,5.644394125310859
0.008778825342573127,0.0006074866199834523,0.004821659410996099,0.001465362017667744,0.07055595955251559,3.5034948671993527,6.0248490645317565,4.032115923258562,4.928589428060444,2.0615882999753485
0.011505600361136938,0.01324722289520105,0.005155316391735252,0.009700176514711665,0.004124956125774396,5.012810999498833,4.834751938291734,6.2361474027300945,5.231349138111093,6.5484136955889785
0.006861946617396374,0.0019045247746352894,0.002471792981637442,0.008384917413338038,0.014439913585338717,5.287761395773563,7.271426231037419,6.859665751612634,4.986564642458677,4.364309994013639
0.0028034494203558994,0.0019338401478603703,0.015000413063201165,0.00044675694669690287,0.001724958607040354,5.98208296553484,6.508855669623856,3.9004158220745615,8.506314691333412,6.723498426049461
0.007039602256499766,0.012551382444464477,0.001328859727919631,0.017675223263666242,0.0012795006769267805,4.241733057890942,3.6486882021622646,6.378047159766974,3.362307704032767,6.218655246290115
0.02460846449498872,0.048474713397550315,0.01022171264169721,0.002685299687052356,0.0015247078384014352,2.6175355734813426,2.1997239388842025,3.2972734265723807,4.339466892061769,4.986401462937012
0.008453379587102138,0.002499520197266131,0.004904353074038214,0.005507119014126668,0.016634369716082353,5.345623529084141,7.295865302363016,6.158696600675453,5.9347989022564684,4.463376672338039
0.006407049606860098,0.02159157104793507,0.0042702507419027326,0.0037084570086905397,0.0015361404927514053,5.298231286366839,3.8661914827883566,5.9332019556128035,6.077797634142258,7.562742422302084
0.02673684852712674,0.005564586469219402,0.006260022918191571,0.015060989043710778,0.018266884571203075,3.3043770061257565,4.9458827203066695,4.835687274234877,3.8018342129856353,3.657329478485242
0.010126776854698408,0.0018950888405698534,0.03154614857237659,0.0010015970634949883,0.010514727456392101,3.7359153504343525,5.492411005805481,2.784844852865036,6.013215957929099,3.7077686490029125
0.003319063340288672,0.0005694539865407044,0.00027629070908080823,0.048512762019518436,0.0027354454529580473,4.001121206842931,5.517309877571914,6.601897154496112,2.105444320126421,4.192521143482029
0.007153324813786174,0.00760962715465636,0.014406858177756679,0.0021233870757676925,0.00301573178533612,5.497919678829909,5.415304685318843,4.597448124220015,7.43758780350432,6.865035815995
0.006281595101027486,0.0015954837514181987,0.008213578173404188,0.0019897561532526615,0.01474690844891691,5.22051112369319,7.281401451591722,4.847316596423905,6.856456417074496,4.181945203606407
0.007806544102840229,0.027577360263936746,0.0025229862757652636,0.007448172306475965,0.0014025736792838352,4.452256909851177,3.2137832905620756,5.943449557617117,4.507836569652454,6.731773922521397
0.010940151696115197,0.001636616701089473,0.0014017869666781866,0.027154306493608883,0.01348401742725471,3.561706107883308,5.464268341962937,5.789739612874499,2.8018593849403612,3.3931213189168683
0.004837971260703282,0.0013075073293996125,0.13290135643583526,8.158395546047057e-05,0.001432360305047572,3.497649682825768,4.480256475301719,1.5499100048258978,6.169674674120425,4.51601688693249
0.007984691259331456,0.005752296921514419,0.002843291029647684,0.013443914991157898,0.004837691825423581,5.7343588254261295,6.240531879709978,7.538522178504786,4.993638517321468,6.543814188667687
0.017832969809805175,0.008625785104080491,0.011349119174584253,0.007259071662652595,0.009558313954309951,4.310695064267362,5.225909069884365,4.8848613867231006,5.413161101121937,5.084688610672076
0.0034243871589598527,0.0007649985430970711,0.002019152611782562,0.0025193566955371365,0.015148723721781556,6.041130168079286,8.478794374434669,6.863553443473019,6.471641333073473,4.135281534721709
0.004746974231299702,0.01943155705240827,0.005843129710662513,0.0014417775507335278,0.0009004671138382745,5.0126715611361155,3.4991139933292175,4.797683411953442,6.575407686091589,7.3491464552921535
0.03900368739581264,0.003915594725595249,0.0181109752610959,0.00420918829656298,0.022152076767503998,2.553146386112628,4.505790240798633,3.121342618772208,4.392531524539829,2.955497799654695
0.004503686763735144,0.002403675531965946,0.01052018846245317,0.0014608184094933706,0.004605546338177248,6.545869884915173,7.700562865275646,5.235071074819948,8.619214345986661,6.51138669243476
0.004433260940366168,0.00423504152050515,0.0012892124767846394,0.013690143884146447,0.002253883463056221,6.118154250059321,6.169088288372896,8.355464382384634,4.588010223369127,7.266771810460146
0.008858314375632538,0.023664731157976997,0.007956315514068672,0.0032244211378999205,0.0019552793469434513,4.6694541461778645,3.6188820887319624,4.849650397128672,6.007370062859871,6.819919095881584
0.023031052558745584,0.00318987162012297,0.008672074962687827,0.006725966772435804,0.03406982809133034,3.262758490329705,5.348342283527916,4.206451384559739,4.426844551344966,2.947273443483747
0.007228169407930658,0.03371751145059076,0.001490185535301026,0.00815094388579776,0.0007460989581423174,3.7978100899314233,2.569971968127508,5.5901502252988395,3.687403343405923,6.184008978115141
0.007500511416524391,0.003045842354142559,0.002747025891465992,0.011098269161790655,0.009021540019292756,5.661319922126321,7.134325782097934,7.362764063598769,5.088299506230672,5.403932101370395
0.005394491763805981,0.0044142845087826,0.016804606892490033,0.0013591654172584692,0.002847651583294731,5.69855833802428,5.99902449594729,4.238708749224988,7.936024344908201,6.705135297721923
0.014822125100145979,0.012080983798191685,0.0032352960372981727,0.02271019138044294,0.0042999936168064,4.012208846375169,4.223123230532466,5.947157500318901,3.581474182548713,5.510069857415544
0.029612409244644082,0.013699991678387554,0.027007694045568922,0.003941747291536109,0.005831713628098423,2.980461588269735,3.645101910667222,3.0801537492717586,4.927368003219349,4.525431981496669
0.0026488504464895375,0.00019088075598141458,0.001358619806932692,0.0006360106152450651,0.04468435487374299,4.514689768255817,7.173054233048773,5.130297542728748,5.517689238282536,2.3048080998054097
0.004672597799541365,0.012730131398471702,0.0027790914053631567,0.004103282648641337,0.001445845254096396,6.319736278003204,4.8734064770872205,7.2894344812271905,6.537757887144161,8.492823002753791
0.014911585332063989,0.006274963836879184,0.003995334720787205,0.019283854473902063,0.009115706804030612,4.309394650972309,5.389672809355063,6.091059351521392,4.00509182065796,4.9084815904469075
0.02068011719554824,0.005281805690832461,0.02130059592540672,0.004091310656795724,0.014134339378935792,3.590710426137136,5.102701124415299,3.5716461839928533,5.387925970641129,3.968481317031833
0.002858225004050173,0.0012082295327180046,0.000475295102342211,0.024832160409526387,0.0020354520158234073,5.192392875290659,6.190922660987669,7.784739985921672,3.0528201542722164,5.620886420166108
0.0039435103052957625,0.012843200032826357,0.010973883016129669,0.00032033890662847627,0.0004142773233424086,4.031318331536086,3.047092676602896,3.197826402503862,6.1868377447454534,6.262450095653521
0.009891850612414035,0.003326329750523663,0.010323261411689134,0.0036394742204643384,0.013176426150353268,5.1177708435861815,6.774325897368356,5.049700778379452,6.548563114436295,4.742537870293293
0.012021684368375397,0.02395302095114521,0.006086547238812902,0.006712426582328663,0.0028246725155388875,4.481335459052229,3.7422590336688137,5.400744839190411,5.195833924893659,6.493091121957389
0.013585642295398506,0.0024354899919026263,0.003712176970793307,0.010920629382811334,0.02700613493872406,3.920671449172869,5.996704633175036,5.458083479315393,4.117360071398049,3.2837269629455528
0.003096881581706796,0.0012071388585677795,0.0294349148655271,0.00022182479945750751,0.002115403602674465,4.908727515902869,5.945676945246208,2.8014192498681125,7.506214880832568,5.3703014173816745
0.0032726756712620317,0.0031077910883737605,0.0003131548395158553,0.040134463525348815,0.0005222644040155745,3.990907888081164,3.9904329368803486,6.55278177712011,2.2171473843070344,5.650764241990404
0.012808413567961387,0.01069259388898318,0.007695181598294092,0.007625340498266149,0.005750611283888303,5.043268816258722,5.3007014886999055,5.812013156711703,5.752358105360392,6.226691291030087
0.005759963896471051,0.0016186274288878364,0.002936656332715053,0.004901151174603119,0.015383786940921504,5.772351784426265,7.915149253747114,6.855531710760638,5.970073300144102,4.47107398029206
