RSS0,RSS1,RSS2,RSS3,RSS4,D0,D1,D2,D3,D4
0.002773464907023322,0.00800732864915043,0.0022137712366932165,0.002143523791868554,0.0009520428958316551,7.54983443527075,5.744562646538029,8.06225774829855,8.06225774829855,9.848857801796104
0.0027791337077867494,0.00211554732739065,0.0009707993423488052,0.008115234214456937,0.0021602893187483755,7.54983443527075,8.06225774829855,9.848857801796104,5.744562646538029,8.06225774829855
0.002740482690266009,0.002114678279813395,0.007735915774638466,0.0008922040019184765,0.002121385437883922,7.54983443527075,8.06225774829855,5.744562646538029,9.848857801796104,8.06225774829855
0.002742339393350524,0.0009195549787943672,0.0020942247636635573,0.0020537278361273744,0.007923578806244108,7.54983443527075,9.848857801796104,8.06225774829855,8.06225774829855,5.744562646538029
0.0003275842708972471,0.007360694426011128,0.0002604931745428819,0.00018229967545993326,1.8229952257540675e-05,5.852349955359813,3.2015621187164243,6.5,6.5,8.616843969807043
0.0002708249053695715,0.00012333605838029264,1.8775367897626137e-05,0.007723404110180837,0.00014105874232884922,5.852349955359813,6.5,8.616843969807043,3.2015621187164243,6.5
0.00024449263224413147,0.00011114540546071112,0.006798463330200633,5.361775658505628e-06,0.00013853423105280119,5.852349955359813,6.5,3.2015621187164243,8.616843969807043,6.5
0.00023338197964089597,1.0064098209886503e-05,9.247424671259738e-05,2.425189723340335e-05,0.00710583793829579,5.852349955359813,8.616843969807043,6.5,6.5,3.2015621187164243
0.0032514494297588518,0.026500977900565235,0.002877078269833022,0.0010862929928277375,0.0004267587008613685,4.9379060435396935,2.9241543812458475,5.133026967033426,6.198214770831944,7.497676529718548
0.10399643656211147,0.004542697052328618,0.00931650112494004,0.006396251169664237,0.01479371448206676,1.7233755558926247,3.715434392348805,3.204435424446573,3.4163782319655907,2.8522962485422316
0.006685262552649567,0.0033489775193467916,0.015805137403389326,0.0018600080771865024,0.0057679851122279194,5.585260451464445,6.6855239431595495,4.4527351961267625,7.652673904888383,5.8046565985272585
0.011514589218922008,0.004632803846566447,0.002665222148753086,0.023885996344050125,0.00799631198652995,4.462334675389821,5.624566566525406,6.505530335729545,3.6746342078192473,4.918242821282553
0.009612719571313308,0.007480396493276262,0.032832677244332815,0.0014763287989856295,0.003072681186516142,4.2044560388651355,4.479669134601928,3.0692471568763935,6.4756947932639,5.593519965995815
0.003168958439005743,0.0003584683184185729,0.0043170384156983235,0.0004363719020305556,0.019502666272063932,4.737459314604702,7.176362058658774,4.418108375550843,6.431746255641402,3.0637997842732
0.0017553115510062182,0.01302554221590242,0.0003183825577914284,0.004103330956433426,0.00012142569589791088,4.3337231230819135,2.8030906100432262,6.311719872345191,3.704659831632657,6.7605469635937885
0.0062468759984534465,0.0031468638507230343,0.002251736234887818,0.011517860586332963,0.006208842196179642,6.116970859053483,7.291101426928158,7.987948263682307,5.1987832728200765,6.137956090040494
0.006882661474295853,0.006726411465375496,0.015191179266758111,0.001978625250513617,0.0030965389073381684,5.541477052686077,5.578302799181608,4.5200980333987655,7.548817763024709,6.8042981806748735
0.008628935215518193,0.009597663548804222,0.0021978420663392975,0.01835551531663776,0.0028407776355276505,4.815992907070443,4.671777402347637,6.833365478651029,3.961400206629725,6.368835942683687
0.028174772773458992,0.022508432273028168,0.013844982457232907,0.006498104042865758,0.004937333624940214,3.1799930340974356,3.377978504920967,3.8661072300323407,4.6128002644497945,4.9813625258666265
0.005546246488707324,0.0005168461733450881,0.0019759926240104377,0.002723328203828113,0.054996005783454226,4.175208340320974,6.737760342617743,5.253582343089264,4.823339292912366,2.3382290169312507
0.007338110208698601,0.014249697398526162,0.005087261838185407,0.004816427906085376,0.002424618563276983,5.788882765067111,4.8681039059761035,6.438688080346979,6.447140694864647,7.702200445067777
0.013927091438960336,0.004387084144715368,0.005439501929948047,0.010626745729810063,0.015192561947450257,4.539349201635315,6.12042725736877,5.821045012369493,4.829784396092915,4.4442943799923675
0.008934878336461232,0.0024785274993964056,0.015339200966553924,0.0021754623072069465,0.012622724754255738,4.658671715554287,6.420578436428265,4.039236233285128,6.56437468143978,4.2641079780281625
0.002049130906196069,0.0012189847141509265,0.00042210172996765645,0.01492338428775267,0.0013250063867444035,5.957403385713978,6.6145295483412285,8.56516909082089,3.6904184919706884,6.574899927326158
0.0035945733094903103,0.02035462339160684,0.005441199447533382,0.0006080265031515787,0.00042169573799889456,4.493449311028919,2.935830278339634,4.110460618757557,6.283811496473758,6.911083417117519
0.012230774035380386,0.004929947937715327,0.01053754378127751,0.0049929871117772905,0.011383424233484011,4.993880634516947,6.327205004652494,5.1939365526262655,6.2370434238427075,5.083715610919558
0.007574104601609293,0.019468463530930437,0.003936661580009035,0.005739194955569562,0.0019902985450864275,5.244397004550929,4.1012926672771295,6.270535131870673,5.629190798210801,7.361168272769232
0.01569535452384031,0.0039217905223516165,0.0037487445884771494,0.017824477383015964,0.01583904909865367,3.9514217214666414,5.6211477376834225,5.723895339093241,3.8032209229629896,3.9535003924235714
0.0053202535337638435,0.002971823408542869,0.03730429194696895,0.0005779809480431167,0.002514958583307088,4.623544246315401,5.2940906992880254,2.803522598978743,7.134044002687954,5.54318739201414
0.01771965074609195,0.006984579500375526,0.0014528911371405541,0.06423193540676567,0.0031421731088109497,2.9461842660082187,3.681366442796525,5.379624250112682,2.102295504002313,4.450566769794656
0.014320630562877835,0.008275410265111265,0.012771014416481244,0.005333231848487105,0.007767851686037326,4.716248437004858,5.457299986540175,4.8822830720893435,6.053867412083898,5.541107785994616
0.0040161774664337,0.0009911624375132893,0.0028202741052056773,0.00250143698391907,0.015347090083771721,6.044170411400506,8.41057586924086,6.5923454075042285,6.7531454857907995,4.280911757072562
0.003361108390019658,0.018241317113319486,0.0022021396455141956,0.0021492590220479092,0.0006810592352103498,5.7418975362863005,3.730404609175621,6.415268395497001,6.386165206769921,8.24759698859387
0.04177484898665527,0.010127995527012492,0.005327572549898754,0.022767629588207817,0.009288257846783738,2.663630449140015,3.835117347252953,4.540323972138017,3.0944001950621267,3.9346828680302997
0.014776341508265694,0.002593089778369497,0.08440774388177796,0.0005443809865138568,0.005257389598925357,2.9535521824039614,4.3592814841972025,1.8911420966976138,5.465393175103193,3.8004744348438715
0.006413002421756982,0.004072344942935375,0.0019143930748711803,0.016087414547334453,0.004349826379020455,5.74460115741341,6.442245667797765,7.850552093404126,4.513282258430008,6.363831838700007
0.012686685449705429,0.01385232631359151,0.01617704834736322,0.003463158058158248,0.00380707971498378,4.4219786211458985,4.326967573144225,4.185445492740425,6.131055038004604,6.032009737450789
0.008335293827389009,0.0014297728617563398,0.0061113497603430145,0.002932029182378268,0.03110273666667775,4.456276219132908,6.759720250206098,4.812046354865316,5.7062251411109255,3.1659086565112036
0.028337244233166907,0.027821012657975052,0.004442563895813816,0.015392833519864525,0.00329131550380746,2.870587826017616,2.880610492402553,4.616865237888302,3.3414224978203038,4.9175839723202905
0.002708133008047108,0.00016455906433454482,0.00039881432628921905,0.003544355548874768,0.02433825954479545,4.1259296892624295,6.614197215797468,5.952461616172873,3.822929807027978,2.50977823562389
0.0033138137851806107,0.0024640961357172662,0.009085167399842126,0.0010701756205120968,0.0025341628252569174,7.173027150692099,7.735844761883377,5.494920866506955,9.418624192521882,7.685137788561343
0.005813438222680635,0.008441699553611829,0.001970788952223481,0.010846830701114646,0.0021402002611848447,5.795075411750196,5.249201998098799,7.664495347959903,4.941792095671815,7.457323678029471
0.015568803303958684,0.023939170425760832,0.008660077235826303,0.006448196279177981,0.0035213259838492396,4.104470157557462,3.672133511995331,4.8313143676064385,5.133395760110374,6.017373681153631
0.011374736360966106,0.0017494567659717122,0.00379587986209917,0.007021900118436059,0.03676984586669432,4.001486285483191,6.270282961335646,5.276376509556916,4.492620161466593,2.9508196438623657
0.003927676241612382,0.04411388293138294,0.0018392279964892066,0.0021238363096513094,0.0004229620993929509,4.535434838185584,2.469199731887998,5.493287133119769,5.1927001469327845,7.144465762175589
0.012280047522392108,0.005812447730975837,0.0051857395676339945,0.011107131300093435,0.009470495141382314,5.037736280173497,6.129619208382461,6.349657826795186,5.141927570451691,5.402345973499046
0.011292861184988054,0.004305726421970449,0.01586373990226412,0.0032468672179550647,0.010318435158808521,4.777188089027615,6.138537082710255,4.369694160932286,6.522946038088076,4.895039791471129
0.005499753578283562,0.002477855322465647,0.0012471973562112133,0.02142704365341039,0.004561238030535153,5.269098241024123,6.391066419123442,7.603543586610106,3.703095660882573,5.539048887081579
0.008803341475122904,0.011546481764245378,0.02291160776510818,0.001401993387563967,0.0020273201668955946,4.172557961125652,3.89348690837706,3.2854302720043473,6.326644276842468,5.971703238792309
0.006175722363594501,0.0005612515611141746,0.007392356841170322,0.0006869126497018758,0.031098814284058467,3.9029397432018893,6.296713878880157,3.734981138593295,5.702262110117527,2.6109905410873604
0.0059511673903435945,0.011786324285516295,0.0028135835797431907,0.006674827361356691,0.0020105660693612096,6.016502181181286,5.035345695214686,7.36034667811247,5.849948185267719,7.939892362116836
0.008849255624044467,0.003380299814235889,0.002482228420419493,0.016800466183337803,0.008804105857782227,5.0153305380749815,6.401297903313987,6.961557186816964,4.224192508275641,5.0329381046584425
0.011400170652766313,0.006288022583975147,0.030833708133490623,0.002107584578171758,0.00504462940514865,4.273426776412347,4.975129899897012,3.3023094654902923,6.451287082501387,5.269955911188136
0.007817408627138504,0.004739182020126833,0.001190854342662229,0.04460149200907639,0.002837068907053432,4.2008970900164115,4.728583264638766,6.638402332729984,2.688249837835355,5.379179587185661
0.09318029318428041,0.010547971639923437,0.01026516627327272,0.008792748436108984,0.00865748225733855,1.8932248312436142,3.311031600274684,3.367266363871039,3.439493822936383,3.493661441132682
0.00402856431177361,0.0012233731738491,0.002371716553135778,0.0034393126637317774,0.011645396756391988,6.534966492231516,8.760769584781663,7.46949147476198,6.754129937870271,4.965932982989389
0.004744523253069614,0.014938241964015529,0.005020501288451479,0.0021121460373967255,0.001256016471695158,5.789817075709326,4.30575204295885,5.7564985351258695,7.064466586759704,8.03146704437653
0.02982135106124804,0.007117979033194125,0.014595674118399555,0.007247948117922237,0.015552947795968835,3.261089566639514,4.724287323351615,3.9475729391246737,4.656831349059226,3.866590178659928
0.00430746056543975,0.001345191408873039,0.029713545139289473,0.00038199591754235263,0.0037583036336250432,4.6904618136530125,6.029202620905973,2.877914575996786,7.1915555858200415,4.863083364156403
0.002861005890996261,0.0018512855308215328,0.0002963012137688933,0.04901732564683365,0.0007428211833274689,4.2795466971727185,4.626674063798423,6.917784289347192,2.1847884091199794,5.587747934001571
0.008419795368610166,0.013614975994261392,0.009405765280455539,0.0033051716100290633,0.002740167197207168,5.327725833022049,4.705626650921239,5.221035857551711,6.746118119174926,7.115223322274624
0.013177061495819698,0.003152582573736581,0.00897458711028722,0.004956582848692809,0.021816632364842208,4.362840083895039,6.281663783610015,4.821022692848982,5.552160605594699,3.822230671344267
0.013003078995279003,0.028842500540757342,0.003833485571750103,0.010221678423677322,0.0023424225508710335,3.96847199048003,3.2242702203945584,5.452928930797273,4.214629990179823,6.091110032196585
0.00860826943473553,0.0011407616881292406,0.0014533017731887894,0.013802105545287371,0.02084522699473505,3.8570713635521225,6.0158802086726375,5.847734332369121,3.3997061909963833,3.0924398655379743
0.0011775204084964524,0.0005797702393957054,0.030263585711925178,2.2382160731826324e-05,0.0004575191217134719,4.7745490339471175,5.364401208503827,2.334234163346381,7.492929188628257,5.7285108561766185
0.011345535311725302,0.008644015605903102,0.004715961393700326,0.01157252973162098,0.005707276245311939,5.20482673152982,5.594007988526793,6.596993992326595,5.163343187867874,6.235985666660339
0.013538165188895073,0.008002230890833876,0.016917149322335075,0.003976669411824137,0.006852154655923003,4.615752686214614,5.307969818811924,4.36676248760756,6.288221616436422,5.516865244246643
0.003943418003728015,0.0008701616650464465,0.0032704050996035117,0.0019584481407772182,0.016618619768009244,5.802720516065691,8.198024322442402,6.063690335413093,6.824572535430861,4.016905274434805
0.0036195739382589476,0.021468268371055057,0.0016758242651003312,0.0030391440178519015,0.000633779808082123,5.326847825582817,3.389925083874888,6.472390280224811,5.555067918062223,7.826814386424952
0.02337531468404188,0.0048044839826643605,0.002142041773501524,0.05034434332781703,0.007830179757928,2.8921016103376913,4.2599533692931795,5.2167147938605405,2.348273878522757,3.8185469409820567
0.011954972990010393,0.0056348406310667625,0.011878830235960586,0.004582119991521171,0.009350422496835072,5.057956216135285,6.16705267814721,5.076033484290707,6.434261902894743,5.3975275296787935
0.0041784299321744895,0.0025180975704260605,0.001171503161586721,0.014375515624665042,0.003255632033759611,6.173111932880365,6.98420724268641,8.489304068234723,4.488467256067856,6.590559237496211
0.006568041732257954,0.013335076768656239,0.011171050135732736,0.0018116912943497033,0.0017191053213365544,5.010559897652376,4.176627470525973,4.40454497631392,6.841886035849486,6.983351913542106
0.014655377100807854,0.002349935081406201,0.015396724787740955,0.0027199765602837767,0.024026424897147226,3.643297602245338,5.681442653480126,3.5918319437676876,5.444812037599029,3.2044413260769757
0.012260880879267922,0.0803931100626704,0.0035579443599446175,0.0045234968752127696,0.0009833764072296317,3.2996293658763847,2.0285338007123968,4.504772027936031,4.181164536421963,5.801737543501507
0.009840087752887633,0.003436834700371047,0.004370025690052974,0.008844358146473401,0.013190172621093494,5.2507048404225465,6.889409511444526,6.504510106540784,5.3694646768912,4.86578248857172
0.004887571731517161,0.002841581171998516,0.016394147087027508,0.0011902762279669288,0.00365378829251937,5.812978657069191,6.659688403322948,4.226441127678193,8.106703221985752,6.2633850357238705
0.0063549631879436545,0.006614177897383252,0.0014221526715252723,0.02113091320685184,0.002221477414190649,4.967925250536664,4.897116579934843,7.211908505546005,3.6536198895715377,6.432636457345216
0.03784121107975769,0.02452997351899384,0.00913861135746832,0.01014063450343082,0.005021378151188129,2.777094421531523,3.1113324469302754,4.046841948591751,3.879120660062166,4.663058787628768
0.003456696216207515,0.00024422269701367176,0.000819498552048902,0.0023510584178947596,0.04378781802774994,4.230327000304522,6.821324604898359,5.647448644619901,4.4606789691023225,2.293657274664015
0.005215786212147527,0.014228074973717248,0.004100328247884862,0.0032361498106381606,0.0015757455980789695,6.110343740949995,4.710979270881511,6.565979597475022,6.896413066999053,8.275220575577322
0.021064065510173122,0.0071905507626568105,0.007594385587335751,0.01203904236655249,0.013004304048647764,3.910784097145896,5.178602512190372,5.138419312367769,4.492784379342551,4.446407598243109
0.010053381886518453,0.003227579588998368,0.02738897250230195,0.0017737803801089547,0.0084131559549358,4.301763283658682,5.7180001521577255,3.308719005475091,6.4855773251173074,4.507195242852486
0.007439861085857285,0.0022266614670113484,0.0010266816343322332,0.04525844550130289,0.005090273805320939,4.10445828049135,5.4091735403810155,6.562530736128399,2.5741689707472752,4.520397898706477
0.014475779939516402,0.007499017958464451,0.0630776386318391,0.000590320508718273,0.0019136621495329724,2.9259907747560012,3.4118425072514653,2.028543130827265,5.385894242768601,4.6348867012718316
0.005379866308367042,0.0015855737971022291,0.005051830599612016,0.0025668384777045197,0.01371647312045893,5.96293874854024,8.080999471961377,6.03684827305153,7.118268045377334,4.670195346218961
0.008517673953644814,0.01402175538285285,0.0026130223674044497,0.012319095832209664,0.0023831824031796305,4.885751878377674,4.2845333590496315,6.634510473978681,4.441217581340631,6.736758621869484
0.0055994981112991475,0.0014172816945406312,0.0012356628410823474,0.014817085501879703,0.009185624611986095,4.883032788322534,6.708004961703424,7.02306915510791,3.790055153455918,4.32327281783467
0.003008306294341238,0.0025957313544844158,0.02546276997409382,0.00024658215955489406,0.000984695603005469,4.912604492597806,5.045163121422698,2.906287559692031,7.471335785638578,6.23006379418547
0.014556995486724414,0.015980592082419608,0.0011528444286342569,0.026442722493883415,0.001050104053368686,2.813997697278087,2.7314452737662682,5.099920126530677,2.4141211203210338,4.937243441131161
0.010884619197755657,0.00952528822405147,0.011572596233038853,0.004287470964281549,0.005008713935794391,5.2430213741495555,5.449600906465487,5.187794205616557,6.638172756094064,6.424982196070952
0.006237615779161244,0.0017041162189034892,0.004715014552492967,0.003356683938783618,0.016959026462238246,5.630352909677512,7.783085343495924,6.038057867467568,6.553137032303007,4.338816694778312
0.008893019274459912,0.023852343976287473,0.007499537155836817,0.0034463060639821678,0.0019933635563610104,4.712314859409019,3.6474206136743126,4.974028350879976,5.972509073501379,6.863537392289619
0.023094536447025114,0.003371631422850219,0.008134515725215148,0.007501457036825744,0.03247399031406834,3.300913602391086,5.353546775359904,4.331790697267651,4.362069529015605,3.021853428764302
0.0035306583196625524,0.0006021884182889993,0.016986948724584533,0.0002193762654769303,0.006218433194893814,4.509895049656496,6.385158767885006,3.088829345679942,6.865671124595087,3.988490218959247
0.003457195975815127,0.00282188700897047,0.0011448706052296868,0.010154813649480236,0.002328386252682559,6.9836437066710975,7.330015520113367,9.243713746019552,5.300595723605304,7.733914359388189
0.006920255892361426,0.01618176388342748,0.007171248543821673,0.0028923876052397704,0.0019536037359160177,5.398275245375997,4.331961495083025,5.399043744478887,6.71811565060337,7.450963753421204
0.020646747117852977,0.004506639353014688,0.011099133215648925,0.006537921017377298,0.0215424189892901,3.708075897642059,5.480967825063681,4.369377292700256,4.940465139982601,3.6686026530498803
0.0076589397588602195,0.03196983365568109,0.002353437847071512,0.007046456564092796,0.0012067847276101946,4.276375749492873,2.9666130873071896,5.779861450927623,4.3781252505818395,6.616191192213172
0.010768154446384265,0.0012776098467683784,0.0011455992795173593,0.027835594459337927,0.013684733866261522,3.3725894068510516,5.343634496557765,5.64155133643271,2.6308966404635052,3.1928496647361424
0.00737325410344271,0.004825918436188874,0.015329744259979813,0.002208927835221768,0.00475725674100094,5.642471540094761,6.299541417678293,4.650114040377338,7.619147562099335,6.323823850212342
0.010155730961587485,0.0064248800045542355,0.002623775078564411,0.02146563421898588,0.005119925114963832,4.812383188302329,5.406291812836411,6.835414050119258,3.9490731400598302,5.752397129594563
0.030316418647424393,0.009758842210680085,0.015249978755404656,0.007521076486530348,0.011380049489489154,3.282304632137124,4.416916297520546,3.958624801240329,4.677214671073224,4.247104639280157
0.00234250464038696,0.0003070578785967417,0.0011434955327536843,0.0013766455696594035,0.01989802209643484,5.4808262531725065,8.089607466699817,6.345862933411383,5.984056856789166,3.2614665213128475
0.0010584096911887928,0.01661748718837228,0.0007370167386081683,0.0005933901314040839,9.333690736047574e-05,5.421438196775248,2.921476580432376,6.15481692115147,6.07471916305724,8.139346339411565
0.014928596427608678,0.00949086878740469,0.0059370592382665295,0.012213976317337843,0.007130916895834045,4.626167957461808,5.216428847964306,5.935026749343131,4.855750964153147,5.620652098770969
0.012983862384842122,0.006553276158590615,0.02247480506541473,0.003054351653449119,0.006968599892420313,4.421867181639594,5.294268220817284,3.8352777279053414,6.3558212289173,5.203512539637697
0.006376014203385498,0.003768965214112058,0.0012397278613328407,0.0305354509521289,0.0032713093514860087,4.828865907671384,5.47873478080366,7.22856622091506,3.222378360526232,5.711335842878987
0.013706345683499519,0.021970816038622512,0.019231589971159122,0.001976312763691052,0.002028467227494996,3.4961885674551967,3.0965448503110427,3.238964570417683,5.4731871437022726,5.555004859441709
0.007418073377032235,0.0003769822970309586,0.003991133270731496,0.00080288962502197,0.08140242250815932,3.3918687167047135,5.961266272262141,3.886600534388632,4.88915975079667,1.8635587497876214
0.012526636313651729,0.014623224471603401,0.005353372680452395,0.010087352597903393,0.0041464595055145,4.777605946043327,4.591259410591047,6.016991497085254,5.044487136998255,6.369566247084352
0.0070665732562508075,0.0017943911631822446,0.0024121188976314236,0.008514570573028032,0.01604011812554013,5.087384002249361,7.12757231129097,6.6778347853180495,4.81346803798277,4.118332784028478
0.0034418628257953496,0.0018582255092862634,0.020724858967577812,0.00046637875808482705,0.0023105296173082696,5.463837736128255,6.280207045929677,3.44947207174279,7.9880027566185,6.0221296128307875
0.00611146350231556,0.007349280941598659,0.0009297864171650202,0.02828703759617965,0.001254358688766605,4.166465515017289,3.9607642395849147,6.531770733429175,2.838105153368118,5.918717463613372
0.05311290509341431,0.0344185983048861,0.007825131378922252,0.004044897870423361,0.0019331037914365739,2.001234364236543,2.2360286494171504,3.2623406229558856,3.6560923977676336,4.360052045582506
0.006272004276012172,0.002070581975664037,0.0036285001082922035,0.004979817938244778,0.01308904417487788,6.03670625006687,8.006458277957622,6.957951066407172,6.361647715543208,4.977978559869126
0.00796005120055474,0.018963248082013773,0.004659218062295226,0.005350379571052358,0.002179350252741173,5.279250510331843,4.213580422887519,6.133475721117439,5.841356647230244,7.347565033501717
0.016388397222499643,0.0040876431816385585,0.004592619204242057,0.014284297719324362,0.017695268562696445,4.000143689213266,5.705400093798972,5.575259755238685,4.113244185593814,3.9307389684872382
0.010919746141022927,0.0020980619780875446,0.01773817856959318,0.0019170066521409066,0.01696810343239815,3.9855760675326004,5.924687667103127,3.5072099634115665,5.955594970506632,3.559172548142807
0.0027862332966733286,0.000621107181438205,0.00037550043657238953,0.022067137816414496,0.0033270030204920124,4.746164108880983,6.3218196220144955,7.260823414983491,2.886622738302929,4.592030505514148
0.005146546902449521,0.006197632068844689,0.01055358760425628,0.001731911583103193,0.002343423164288523,6.268143712308548,5.980854608638915,5.214541384113184,8.2090078176158,7.668678461549228
0.006331415907763088,0.002027051615488776,0.010049967777015195,0.0019815800825077143,0.010544095855199772,5.509015533162875,7.314158534159665,4.856377428334728,7.287942272193205,4.816802801282094
0.004532958791179376,0.018218527974031572,0.0020078552763075196,0.004443870391064008,0.0010046340330806271,5.472520191065161,3.830977300035455,6.753027462541879,5.503959899325843,7.824357316089597
0.015613568601849755,0.004262739366374645,0.0022046757242351915,0.04027256176893006,0.008630880500438904,3.5539633127568644,4.901554011419183,5.798179992892943,2.764492580358913,4.151635669225325
0.006172784316831101,0.004524132601633508,0.053546502209995364,0.00034797571407339475,0.0013399960133641808,3.828018718926259,4.088394608835385,2.230537300146634,6.350760425142349,5.347194044295142
0.007685515649892316,0.007515307714575662,0.0025861831076010753,0.01371500651931696,0.003490839001515413,5.5831349364526,5.608463346226327,7.434429556550452,4.803337236335193,6.847476201587776
0.019555586593983598,0.01434427576865009,0.011659949638805872,0.007303508661842075,0.006341791740172784,4.031884881315958,4.382491043935799,4.657121014338247,5.179132673544625,5.413498281351062
0.00580454571237157,0.001080810091651724,0.002818637915670521,0.0038642381107911222,0.02641563243318692,5.011709952297023,7.398245424870209,5.990262967958341,5.509194393612644,3.391229559509806
0.004442271711745405,0.031079046767163512,0.003674982041572856,0.0015382317459493357,0.000630886696070203,4.749230016722662,2.897275736726093,5.009887953722854,6.00094944109861,7.260589838908224
0.07349851510742728,0.003904386054906381,0.008537600573272956,0.007611360403792048,0.021514005332348964,1.9735362221218278,4.049757132171724,3.4310304735571857,3.466658380858395,2.7183005004005802
0.006579961907866485,0.0031489194268221397,0.014086107537448895,0.0019502443021307844,0.006283495406872295,5.70800403648565,6.910402619005059,4.66816541098545,7.705248331932721,5.780048079758589
0.004604881680869814,0.0036382812927199097,0.0011792524448424183,0.017342014544074292,0.00249974335851487,5.780371500263511,6.1094835868520745,8.116798147305524,4.116184786670163,6.745339106679692
0.012624335533657771,0.027662697984070297,0.010743443927898,0.003576283260728153,0.0023621573965671343,4.028125054717735,3.287180119809025,4.24603842102516,5.515681339605079,6.1356360528328135
0.016095827343062957,0.0016228804410968096,0.006013022071880347,0.004722683235655649,0.05514815044412668,3.332032199582276,5.687606432352953,4.270693471646439,4.468339113064572,2.419919467412812
0.009645066712944033,0.031166341140616238,0.0012384022216191115,0.011657268605117397,0.0006693988197485045,3.188187801757256,2.373434648728626,5.203720148774524,3.0414436591503016,5.5403872506136205
0.006725629462428182,0.0023330706284085036,0.002374592998402457,0.010100265920232032,0.010295294203422156,5.594435540820952,7.309789754813684,7.317458867750617,5.005018857065285,5.01621289233443
0.00408783072135656,0.003297913727839608,0.01644613258831286,0.0008716246999953706,0.0022077791906778685,5.821248725788969,6.139130283138227,4.058049447906538,8.20402999344498,6.788589899357198
0.021317119535378033,0.015626548313498013,0.0039900264689543994,0.022253603249720876,0.004658630042938232,3.4435481396111105,3.7258864606810693,5.311932808474875,3.391079093428301,5.082697872365794
0.023513990305780986,0.01006082441538376,0.044183653504185044,0.0019836664070422764,0.0044296235359915954,2.9352532125332456,3.6478191041251993,2.5115037581004542,5.1888121681576385,4.46372474811706
0.0013174918523664834,5.544241585617132e-05,0.0008259354376176956,7.896078596890609e-05,0.03614646815033044,4.488857318491707,7.17686418202109,4.814053703935579,5.75539459873754,2.18913237707907
0.004798330666699749,0.01169698098308127,0.0032909202354309227,0.003768632901012316,0.0016140543636937058,6.552511202809897,5.19939258616722,7.295199473681838,6.975017617546973,8.6508452107761
0.014956034829887577,0.0066638873535873515,0.005163952578923154,0.014116935605816793,0.009743388534094006,4.524722629832195,5.589102051825828,6.0075769248597615,4.566754782744929,5.070322278525051
0.014331299272693844,0.004794394187347354,0.0206326515385417,0.0033085181982179675,0.011073914309062093,4.199860731393859,5.574086804004665,3.8196896637854483,6.057031550072935,4.495243778442877
0.004852495485540695,0.002116443650614271,0.0009070227611966742,0.027825549216432266,0.0035324314168427968,4.992438976828635,6.047998238678211,7.4601222295389205,3.1930346373089575,5.410232081866798
0.007519768607704808,0.013086853627165832,0.020851415547046427,0.0008267726768717955,0.001185650749767216,3.8907604243341503,3.3850434419558812,3.033204041142171,6.088982394778992,5.900636766926193
0.007568366353407417,0.00270181852294235,0.007770474929803161,0.003283280127768447,0.01191830349248685,5.7335941063607025,7.474039768928481,5.680646511222456,7.034092547551852,5.087920231829883
0.013559714769209934,0.017883425386271277,0.0070113117559311555,0.007781190967439083,0.003943754824504509,4.57386760114966,4.2578933929936635,5.485771232889136,5.267527280052671,6.3016564107855
0.009427352262716128,0.0020439662990873186,0.003385899667357725,0.008005136771989472,0.02317465874284921,4.595155941673186,6.707571550733813,5.968434689964796,4.754861050358213,3.6385986517305215
0.0035823875574004928,0.0013306692856551278,0.021046413685932498,0.0004178556554384284,0.003255401257343362,5.210714492367092,6.457110047656794,3.315363234153773,7.701393228991124,5.3487214242637995
0.003012304980509988,0.002856525996826756,0.00043222372859499805,0.028609587038636735,0.000775489225371009,4.651216973974821,4.6644175305345055,7.203725444436743,2.715507024324853,6.1246100103455845
0.013700319834249202,0.011112184234009082,0.006560185038383184,0.0097035964141627,0.0058451348294886974,4.842951317842331,5.122871820944144,5.920080382913561,5.278352318084079,6.055125039184407
0.005247458888942229,0.0014280446061082038,0.002317650442730868,0.005398328551991019,0.01451051368363443,5.742156968179491,7.901181654709108,7.063913522525089,5.660906203136716,4.417698694310514
0.0034558280168077203,0.016866196820931496,0.002809014795444706,0.0018405867110656271,0.0007493436166379007,5.822382188871321,3.88312521933142,6.172877751710649,6.759870484632652,8.289849651083204
0.04811804969853247,0.01119029199756423,0.009338380264567264,0.01313684498738179,0.010851013514627653,2.6261839333957604,3.8395358878924912,4.053943853784568,3.655027131830129,3.8796453793662216
0.007538408572375692,0.001897020565689859,0.08087589218015812,0.0003297757673863512,0.003592663123415505,3.608538931893111,4.851124990354638,1.972943302260168,6.1766172920169895,4.302289248055418
0.008351491280106189,0.005042216978597129,0.0026273706742448045,0.015842174499019267,0.0055239369986974625,5.4388712164644755,6.189943681534025,7.364105508343055,4.575214779719419,6.070192537144808
0.009549814811236467,0.010072783106123025,0.017244154035191056,0.0025313927461061724,0.0033718717913696294,4.841842668216981,4.779559578215387,4.174386611925472,6.742505265975729,6.327929446969413
0.0070231510979226084,0.0013844051959251307,0.007349930027388391,0.002149897636074189,0.021903817459554324,4.755955328371948,6.977573151897449,4.683429040869409,6.269267468379388,3.5428371513320993
0.006234466000185174,0.023163543421296357,0.0015628895568676018,0.008422671921864652,0.0009469686230755756,4.340642887439047,3.1063382658085548,6.116848570213575,4.033178017596856,6.635738386262968
0.00557165672322852,0.0006790317174514196,0.0005224846617571911,0.030698134221843948,0.007300255503039111,3.7220148505688044,5.597161598513367,6.145029181040293,2.438320212743335,3.518319362399715
0.005922567322343932,0.005278823166875268,0.014549317646230603,0.001718676087833326,0.00305671962957179,5.846448302102438,6.026810750956192,4.628420915438853,7.933450404952509,6.931050978781777
0.011105381947936727,0.010670949789916203,0.00293192397210935,0.0186640355742333,0.003760591467604126,4.587636039115147,4.627106734050447,6.485792521078764,4.0034115736825,6.056623822434512
0.026185459241828832,0.01653050328462697,0.018707729661878753,0.005299666542535448,0.005802308461619511,3.3107612855215627,3.7405239281793037,3.648777031024895,4.960716355253738,4.891907738514173
0.004656640354412348,0.000492509473519261,0.0022546290186497577,0.0019327353934189022,0.04460449060296659,4.489133226386902,7.060408115575974,5.27618081475708,5.335405350907378,2.5407226314595377
0.00790754948232075,0.11089560229393886,0.0035403026173197677,0.0014989549883149263,0.0004371400140957557,3.3083532322866147,1.6924742142921176,4.050771007242802,4.634830791522353,5.918271137175017
0.010427358416917965,0.0039611193898465395,0.005689699042667266,0.007309706655945162,0.012531073239364792,5.327950109248613,6.853684183690652,6.259706889584625,5.795703097103181,5.07948007610161
0.00641813670874402,0.002332319408984297,0.011002832511913429,0.0020326915657283427,0.009145099915936133,5.6160440874271575,7.265848359394882,4.865199122557039,7.443771885389913,5.127119074307694
0.00348874169636742,0.002078348966025977,0.0008656552011089878,0.015705884691945178,0.002580933733852341,6.022377500089287,6.801644851366336,8.465134453926009,4.108474191730817,6.5019757630312025
0.006530729030481248,0.017296989622469647,0.010509946062863939,0.0015232063965042863,0.0013172189004157567,4.6104263775155845,3.593889255346447,4.120538227621278,6.444627799934969,6.752482712698219
0.018410720688665675,0.0018014201693936404,0.014926700813918798,0.002222939977797144,0.031652033105912844,3.0857599371748723,5.277176295495851,3.2523916778278164,4.946289230700456,2.6823942898096913
0.00842256816897555,0.014230519881933513,0.004918130110755805,0.006234509181407112,0.002838307332777378,5.56613397091177,4.850849911946368,6.466510836304689,6.012315058962737,7.3778689264614865
0.011105741232682365,0.003399682431977718,0.004021733356331215,0.011007059468292314,0.014881644776073313,4.798150571630548,6.499062475526549,6.260151536127527,4.780690385372941,4.450470172384018
0.005462271721930867,0.0029400874890313953,0.022585081301838526,0.001047253435528414,0.003687722216489306,5.258663759089499,6.126644705757523,3.6268617580128293,7.625808996466322,5.811309122025425
0.02011763130087406,0.006954215665026144,0.002867285486416233,0.03762445664626042,0.007248751295346046,3.3756794553874085,4.41584248215131,5.538372616922503,2.849009007913496,4.392124627543829
0.03900705467878765,0.004956825172977774,0.03311773903019548,0.0025860298178426717,0.011627087741553653,2.4580755281654576,4.100396933283433,2.5795015204204885,4.6293025943958535,3.357233324309112
0.0032353824040382137,0.0010096102912354283,0.0025557818330627403,0.0021707476188357906,0.009825929911837046,7.0108451495543225,9.305360610207984,7.422733717172429,7.69460353663594,5.264424311930833
0.0034561503168729466,0.012835598124624268,0.002176518132859455,0.0027953538908416925,0.0009337366444890446,6.387408929691642,4.556701458432283,7.226151810537208,6.736521036950667,8.765526652114529
0.02124043114294895,0.009678632964953969,0.004444258963264288,0.0232428333302425,0.007609567336281156,3.6381650376411994,4.457291425737813,5.4761168110508525,3.533360207218593,4.754476083468478
0.024156184349142545,0.006547481962884667,0.03721159507484259,0.002858573144343176,0.008810537765310251,3.130734789046698,4.370282485017984,2.808281349836512,5.264651602799084,4.062466201685816
0.002413207815286473,0.0010671754786279468,0.0002778265851132681,0.04247366634818987,0.0010717572383749639,4.620723259425343,5.3731903318163114,7.2947793001889,2.3427253022760244,5.461775584776845
0.011237706219930938,0.01304800858173612,0.010699299438905222,0.00451016179355912,0.004016771899871329,5.0103291291037335,4.825987520740388,5.128299222310336,6.317225898315017,6.551079331953536
0.009206996698679804,0.002213765019886931,0.005733835780522691,0.004601981994269771,0.022433542459267913,4.870278529090363,6.969435930258764,5.499909200691894,5.761095788648358,3.8556696844848295
0.01651961891272474,0.018616668414594143,0.003877311533670901,0.017003703762169853,0.003622863149015823,3.811789967176111,3.688548388072187,5.553099026361675,3.771283165071264,5.608395162306146
0.00447613927009808,0.0006751456477023962,0.0009494643598191641,0.008130929718946153,0.015156146923445293,4.650212494215313,6.882353475760188,6.577611695547561,3.9979966064653354,3.4470513656463058
0.000862230369945485,0.0005119121658513974,0.016583513790446404,2.142186090214607e-05,0.0003696923638865896,5.317820985799321,5.782577265167017,2.828966727692084,8.034636726550023,6.254617513996267
0.0065104363687013755,0.009626468526249321,0.0023487719545729237,0.01040843222106232,0.0023545687125948287,5.711665145180883,5.150032937956195,7.4569572011186045,5.063598203060124,7.397526491964366
0.014316297889037611,0.021509529313865575,0.009918302295345934,0.005389730910053005,0.003501800888179969,4.269472906608575,3.846399108034799,4.748139025159064,5.469183997479962,6.136938300344763
0.011898289733970216,0.001939471063124496,0.00479308718361902,0.006102049592357583,0.03635399993572155,4.044764522450894,6.292310696935609,5.099988105612064,4.765538941900516,3.0211034701553223
0.004215288843403726,0.04159996007925721,0.0023423169253380025,0.001959233882599762,0.000514502889706876,4.604522796333777,2.5800981122570765,5.350623009990735,5.456564282483304,7.1934938725936455
0.06177976349340504,0.002978984384266642,0.003126413493123882,0.01781190659732048,0.015811340929941343,1.9524010454536938,3.991718000544433,4.070962980512953,2.655371931739591,2.7730717784988737
0.008268189596130616,0.003997223749262067,0.01218380625644285,0.0028962965981511658,0.007719366894532486,5.643268279892614,6.828988673229044,5.093199383353621,7.331594219478501,5.74959715620092
0.006596598157118513,0.0032952080805851635,0.0018963795348615644,0.01645897572070862,0.005568293367837,5.573892766803191,6.639210210431026,7.677256113570152,4.3813582047456,5.8358760210743235
0.007314618696081004,0.00888260927723579,0.017457505966392454,0.0017398310203018503,0.0024307712021968486,4.964582375627674,4.724889043515228,3.9815062922536737,7.031483767565011,6.555118599633083
0.0068542578379389455,0.0012299507104417571,0.0096954189336923,0.001479870127755202,0.01898542618133546,4.527193478048749,6.696241166765957,4.12724221628476,6.321141768975848,3.4858737515697746
0.005248668786982263,0.0354782673883262,0.0014334656647145578,0.005121579042325949,0.0005772958227975506,4.200369273314445,2.593840347582875,5.7828201438104045,4.224357377015923,6.675192605135779
0.008686426218594478,0.0038609880962900585,0.003183480242914338,0.012212839015428042,0.008612181026787192,5.5015577598871825,6.783709174823629,7.1692662038847095,5.013571348708052,5.524089554140436
0.008381107595069784,0.005511375546416953,0.019657103415969473,0.002147657146746346,0.004610996245102325,5.144315087139185,5.73430176792658,4.114432058728129,7.211061244064282,6.003810345596352
0.010155487901223507,0.006697827430984445,0.002147479257715387,0.027800040025716073,0.00423935359247325,4.486565626922311,4.9769199709038,6.661202770714947,3.447741274629098,5.6114890940445115
0.04388912836774953,0.011865720884213223,0.015595075600498018,0.00787842060127762,0.010014249358634245,2.7325334304619737,3.8436788220868867,3.611429565951042,4.229781836851545,4.0199018656958945
0.0017867095093675592,0.0001493591903331637,0.000680044486275759,0.0008344222422883741,0.026005162580134397,5.032956163600672,7.700937757842198,6.019939006276756,5.515580644878617,2.712351957119942
0.005492485794090452,0.01234793714169093,0.005777849554394475,0.002674713747878629,0.0018008774922474947,6.112494282164009,4.955663747384759,6.086820353996975,7.326376367423636,8.13428358995627
0.018358254088320407,0.005848762352971818,0.01135195331901888,0.006794923969013059,0.014696249416578846,4.123228548618175,5.555510521856876,4.6926690347623525,5.289696083752114,4.374737725831965
0.00498107239504397,0.0018763856737344276,0.01859781546811012,0.0009115448770715284,0.005210738735611892,5.245707240307488,6.636775919978283,3.7243666293781046,7.560686616439249,5.195006668910563
0.00320714483905184,0.002639677083699698,0.0005826551104915936,0.023645283961410343,0.0012556438394396201,5.176445848425419,5.376354591751756,7.718083119992382,3.1658136704882347,6.378557403293581
0.008949489905128585,0.05784361993124007,0.006618833633731051,0.0013827921974995973,0.0006931829468206255,3.431102515793494,2.132774768961911,3.7254547685683086,5.066153937171721,5.915758677688632
0.011631564733318413,0.0037711900182738284,0.007050492697724935,0.006296081294215892,0.015523286363175844,4.949280512691753,6.628597740187066,5.651129062887131,5.749390880885826,4.588294583547092
0.009234890215324965,0.016775919773006503,0.003275132077375265,0.010237532089262778,0.0024991702050605096,4.861895413536619,4.159709081449494,6.391845342469061,4.73501500972208,6.780329961148161
0.0078041661148465355,0.0019249307532135547,0.0017952573300039376,0.015673537770510358,0.0123356194304635,4.591074899205286,6.435043747085522,6.605222322777727,3.811426967279378,4.092205937305842
0.004467591888315001,0.002775399663889708,0.03734562927767711,0.0004005844581693886,0.0018215772291801362,4.626310609738549,5.138213290749789,2.6994585372480078,7.1776335460399325,5.6924743209189055
0.01716371024126747,0.008267149655807887,0.0012202122348453075,0.05678201926471805,0.002067813233332371,2.8121848194484484,3.3360293230750893,5.250760685182269,2.0606501751672552,4.548370617381104
0.014988238410954879,0.009395268630366166,0.013966500014189117,0.005128051037136801,0.0070465020769748775,4.563062248909329,5.168066557211572,4.670864452654804,5.985490743436888,5.561848814474757
0.004577132866922683,0.0010468337745618724,0.003186379911582147,0.002633839123931222,0.01829060212935172,5.695651127687584,8.061915609043716,6.226492812917636,6.489350567456093,3.9857747363988065
0.004780419789362241,0.024482273065041086,0.00209871302447105,0.003983384071094711,0.0008796642868701601,5.093351171603902,3.3521647359629347,6.287309153964375,5.324865812115217,7.526449621004862
0.020853115768304033,0.0038891841519588326,0.00224875414530193,0.04119548419161325,0.010473542662792101,3.0655625989470128,4.62159312082793,5.321563456508011,2.5448596178343594,3.66554567856431
0.026832929043457708,0.0014620997149257305,0.02495656852486696,0.0008770266366341256,0.017713401498458955,2.3939769027851776,4.512121563539358,2.4465940239404182,4.634266770931175,2.6651472413322623
0.004066926690002652,0.0024838219366251756,0.0013807326793113352,0.010598167089288573,0.0036017638150607446,6.782390480351298,7.671450869507675,8.946132980939291,5.288510749092799,7.0107405324009635
0.006167922272325415,0.009974213538154423,0.010300064884303763,0.0020536438711766937,0.0021221888544255326,5.646207614971271,4.989655791067796,4.974481726711109,7.417132357814332,7.406932965093092
0.011331153960230936,0.0028335131567139415,0.013454877061278936,0.0030240866395328156,0.016799821034411414,4.424168993732772,6.265536085104765,4.215733938054316,6.113438470594919,3.986176129633882
0.014111333556117458,0.04185874683949971,0.006095686484347795,0.005739633260821144,0.002111589287608656,3.7539500902510956,2.8280796754974795,4.697771855808931,4.702682442070901,6.0155006366245605
0.015039809347716268,0.0012877562844084678,0.0026774872759947996,0.00921402429431573,0.04764380921954546,3.203790044987595,5.553091993645883,4.855360245628457,3.5991690971520085,2.3857306249510297
0.004316020203095013,0.002743538094123371,0.011385413431061768,0.0013334258249606016,0.0035279878717386004,6.569111358612308,7.3751237783543875,5.079055998672409,8.746978806767986,6.9219937400759175
0.00723557419628149,0.007180572924270515,0.0020691780777077795,0.016510111167529217,0.0030289231120837123,5.345477319814361,5.343603205851789,7.380851768712736,4.321027970470628,6.677885917841808
0.025648403863190096,0.01776063707762196,0.010938631221623299,0.008885298629976838,0.006231061757196907,3.5009718409341564,3.8604971108162167,4.415085754479457,4.584825562943519,5.060649140121002
0.0052258792360378266,0.0007288925157370653,0.001988785261005372,0.003759813176863572,0.032590765906655446,4.686781503078662,7.160951168376545,5.876685509649734,5.039485007009487,2.9415336270944032
0.003318697016860883,0.04335803388815667,0.002306101034842182,0.0010354234125947348,0.0003057152287802793,4.478852141121004,2.3655104105709515,4.940385207808076,5.631414298603819,7.108065383881105
0.014814946474459386,0.006420762951100988,0.0075671481015657065,0.008910971151057838,0.011025407117696433,4.696581945109561,5.853210369898823,5.633693708391245,5.327030986796597,5.0848492897987745
0.008056009575290268,0.003331080366766897,0.018061307502396914,0.0020419568521820907,0.007437463389256869,5.0911217805564455,6.386577903563451,4.115030637872282,7.134813579785033,5.201025346085862
0.009259754394506856,0.003362553706888763,0.0018649439624953972,0.027693085644202788,0.007196181505039446,4.476702455321207,5.756035391615468,6.6957149593921645,3.353972410370996,4.790593524546621
0.013509007073020515,0.008146377195025596,0.04417566154950279,0.0015272835291281143,0.0035674874182788944,3.601237708666921,4.089823744006843,2.6634527049690604,5.902867587625708,5.021072376654912
0.002077697097276663,0.0001529559356634411,0.0021326511990189378,0.0001755361640293368,0.024772098940803254,4.619037945545852,7.1944369780947195,4.560034227175078,6.1544383116395505,2.6288970411577948
0.006161032295808758,0.010240442392821405,0.002407404020189375,0.00892260643411492,0.0021667464063462433,5.844292930209763,5.114725667820739,7.48558037503675,5.317669241036368,7.625686923230938
0.005912176304741561,0.00218419939800997,0.0016087885593259622,0.014702940523676962,0.007179441222620026,5.425947825264901,6.9362983840178085,7.526778649121133,4.269592811045107,5.173933158909743
0.0057142580364430385,0.0055498417788898465,0.022944145384085023,0.0009882172654379295,0.0020854880542621247,4.944226108994837,4.978289259691931,3.4626856889657773,7.2732765280280685,6.3330387398600685
0.010571616553918138,0.012842804451253378,0.0016143525827483926,0.026700055937266022,0.0018750108697986414,3.746134679070583,3.5487658970768,5.946101510671948,2.9514279412269757,5.610107902279172
0.03766598666478647,0.024925756103921403,0.0174551184278896,0.0022057018923554764,0.002194309332153499,2.274905926158947,2.530232795230471,2.7984153458138388,4.303401619423849,4.466353764278686
0.006788187361658938,0.0019152922222552581,0.004351921512254746,0.004235237474428651,0.016932692977307696,5.592123014046915,7.691904022807781,6.265868224945349,6.267581271598041,4.402078158367906
0.008580234445165189,0.0245587954009772,0.005834295847901027,0.0041826303836659095,0.0019641911500836184,4.8433903753673375,3.6843181516091357,5.406058907755757,5.804428287288642,7.024433102687032
0.0230691635069407,0.0038643168016798206,0.006247625109824,0.011111450326170143,0.02656630991390331,3.376545832367678,5.308813270291375,4.743568032329385,4.037410784007716,3.258623202724929
0.006326132572986517,0.0010347980799544543,0.020811409643586264,0.000562406860930379,0.010259427832092957,4.089217120694416,6.0142164832660665,3.0257901303248707,6.347281891297192,3.6431570667171895
0.000708007389532005,0.00029139306314141433,5.530183468019185e-05,0.019924021458848435,0.0003411751642242587,5.134478835715834,5.878155910025141,7.877553010057384,2.5826158062250557,5.845770173917561
0.007382654182346481,0.01174304979692927,0.008064906092784265,0.0032848329780466585,0.002676146247667018,5.787630505473822,5.133534603244387,5.702891259096111,7.104249786058166,7.525965467172623
0.012387841305044932,0.0036177967802817593,0.00877998493425709,0.005242020448769092,0.017239474765190537,4.694197050837419,6.44660090850781,5.137618235194954,5.803089760944055,4.302593244847544
0.01111916054620699,0.023172575899533098,0.003988499284553053,0.009292797961309768,0.0024933476693820254,4.431351437540549,3.6581792064766208,5.81156506625259,4.636751298775676,6.472362475888342
0.009935205977942986,0.001847000102367481,0.002062985410349855,0.01520761181261252,0.018265266718302416,4.080957383471526,6.088208223778377,6.010404267213552,3.630904415718302,3.498877956622505
0.00577229768356595,0.0016782593698685933,0.05925445971887935,0.0003225485923577769,0.0033053350723111384,4.017143869175096,5.216912663893236,2.22295400056153,6.582808309732984,4.588977226857038
0.0091492300018151,0.00536110490621637,0.0030946327598712214,0.014707420089821373,0.006213571717159963,5.40042485168082,6.2020596319216885,7.193500259219501,4.752129120500893,5.988625341377688
0.018426738005127903,0.006743539812676343,0.012650095967343223,0.006423356037906858,0.012376283114600805,4.1634658845858965,5.413138640201087,4.609733062356559,5.423952197248615,4.62242646303683
0.0023683891670762455,0.00048315299376036104,0.0015048300521339011,0.0016285450265345507,0.012200646975645222,6.366376421308408,8.897473639769087,7.055442778819594,6.876207142777607,4.2304208189254116
0.002302839783216341,0.01654146380020574,0.0017957136365468896,0.0011242855895192759,0.0003795941215297777,5.724390044692455,3.4982024751447613,6.1131149760526515,6.645833887264181,8.3246538793177
0.08022709527962509,0.01308308488905142,0.007134352076261459,0.012956213001208562,0.007059377496861943,1.9972443914883489,3.181891104254385,3.731467783504253,3.170823000316036,3.7220342985160872
0.008188891323439525,0.005020944980966358,0.015708783583761956,0.0024533698133239372,0.0054189295811592495,5.470653738550034,6.223356396172378,4.6039387833075365,7.393230169133087,6.09310592558863
0.009092492067656005,0.0055115898672198705,0.0023049221078900706,0.021926472058236217,0.004998180310749295,4.9314719741722515,5.598548969236294,7.026051067502709,3.9081246219813375,5.7701890006442556
0.009692945137336612,0.012419234178411202,0.019318101659045593,0.002075371799746141,0.0025833753707543605,4.399806498397934,4.129079633393109,3.7064279741804795,6.401483118692243,6.1373688033055025
0.00794701078273144,0.001044977700580192,0.008146497070827827,0.0016035493355646322,0.030513061684960627,4.093605252325293,6.412119152362109,4.058355381141663,5.748474538874549,2.8982642908543537
0.03128593345264634,0.05210375464851442,0.004882572128110513,0.007096666468985403,0.0017661304200605884,2.4662246752676222,2.1592022678167178,3.9462243175537957,3.5484985463354577,4.847924696656594
0.0074031034883983125,0.0022676958608934864,0.0034643956685633196,0.006695522756683187,0.014732775886409765,5.53545475330961,7.4758154255606515,6.742775012917555,5.640700645934917,4.625440776274767
0.0028334542441839127,0.001820479983283348,0.011644927944843344,0.0006115548791676312,0.002167691033170977,6.487120816872401,7.210822429548418,4.498869344059677,8.940114518868231,6.940425986560187
0.005260737436255972,0.008704840176398724,0.0012711784910395144,0.014085194411618991,0.0014235807673681974,5.051232900532275,4.427613400422038,7.176103379079944,3.9412495383566877,6.886664447121159
0.021706620741619106,0.048372484915194025,0.00736692039104506,0.005916913112998913,0.002302466784970871,3.0879117141039325,2.5081212149623187,4.104879776468065,4.268531308183654,5.36467384649398
0.008050816431616504,0.00039179743560869895,0.001314240865487545,0.003970470022332487,0.08046142520561117,3.2959269811394627,5.855362892811472,4.8488459682168354,3.7702734790083237,1.854991839198398
0.005606193737527042,0.01582287168894401,0.003482550749465506,0.004181766752539029,0.0016044356535984759,5.870580474683316,4.484203081202462,6.699975033237088,6.327540183473009,8.051046698783974
0.018528163241232427,0.00600611068319485,0.004906999501644014,0.017484315457426496,0.012419205422899026,3.9453985272915473,5.279886208011839,5.596914615103127,3.975787452763746,4.388067992722421
0.01573332799567805,0.0036470179283031538,0.02483825584794603,0.0026724520319171842,0.01375902452640488,3.7101721578382114,5.361256656593102,3.2951471050215435,5.716009135565114,3.8454755159449214
0.003437991166472868,0.0010776828887832143,0.0004772345112092269,0.03289702633059472,0.002684894549861461,4.7030369467639215,5.942934817235902,7.279351022126786,2.692241025969764,4.991857249895903
0.002475678806376747,0.0057755077088362475,0.014225359396590935,0.00010074067037148463,0.00025425400767121336,4.064049432098307,3.373882359018088,2.7785294492921415,6.427501044145653,6.13595252593953
0.007207078355169766,0.0028173461509035567,0.00867686927235257,0.0029008658228950393,0.009982368711722714,5.890090562947471,7.498427694680026,5.588401228177994,7.359083189660544,5.399992202503751
0.0053638129637952545,0.013977537827894817,0.002681068185885767,0.005332831811146991,0.0015816023261579519,5.918001380619107,4.614838256577575,7.128748911811059,5.9351848862838255,8.046660707874253
0.012451610890399274,0.004494765310043802,0.002932022452204352,0.02237927998204306,0.009441703354127487,4.360245514104737,5.652645345614693,6.335723714244612,3.7258672686100143,4.697987067164141
0.0086341048562763,0.006058141535824183,0.03507337589193856,0.0012670242260653351,0.0031024977926108785,4.306362809001762,4.706600234718174,3.0012910582044388,6.6394106116016935,5.562143068643409
0.008614322177842781,0.006567853417404176,0.0010738014291753917,0.047104913761558544,0.0019167242398772817,3.7699428956572207,4.005248654632344,6.2010672136011,2.443707078484285,5.327562490257482
0.01366656465240017,0.009961740798300867,0.009449185778484541,0.006725255257948927,0.006518179015042869,4.904540748073965,5.343288684424831,5.443217654469956,5.872003190147502,5.963078561777751
0.0052047139261138355,0.001395731752894567,0.0030114487034882138,0.0038488958012086625,0.01607413398511775,5.849998591003395,8.086121703078238,6.7178802707766785,6.270171584334266,4.3657305038779635
0.0062920408705809915,0.02263867249727533,0.0053827218870781965,0.0027246257817720235,0.001401601687192754,5.102978289989415,3.664081103438719,5.359626575017134,6.273370532064617,7.392921244246411
0.03405951848462407,0.005183942574846141,0.009834316962358288,0.009305349554017326,0.023274772542583415,2.9473495740827236,4.768504910659701,4.087225518699151,4.082686196976897,3.261150094783364
0.0046476280868973565,0.0008792506356719511,0.031080094180889237,0.0002506523331998906,0.005235794920566252,4.174937732207528,5.843675325137158,2.604223748068397,6.63914368014557,4.087990806007691
0.004655565099738386,0.003615077232970482,0.001497054412179608,0.012599660260749396,0.003008609183917153,6.424929296104932,6.836584925128546,8.595978826253583,4.966747521114285,7.198648448243597
0.011923244684811075,0.017468572801285987,0.010526867412007817,0.004432148880992017,0.003371313561912068,4.647877026211914,4.210534941786214,4.852548784461043,5.971456438424603,6.440257541866967
0.012113785622115621,0.0023140648438837188,0.0062292760143587474,0.005331383735719402,0.03033253641868616,4.217372474521523,6.370144496063854,5.006399182743121,5.148633644058645,3.3156779513352905
0.014190960989210305,0.0231525398942636,0.002735767685656577,0.01656433693501528,0.002293368911257008,3.623082358523958,3.184565639259232,5.49384252982778,3.4743554525624694,5.666744501258592
0.0037851193547338534,0.0003925664833125444,0.0005271539521144236,0.009692027820570189,0.012873116198418261,4.217666894531781,6.439729282663911,6.3385824387207945,3.376359094349866,3.179200344813087
0.0038659972593159436,0.003279591376620446,0.011261288562452823,0.001147077582688428,0.0023921793223913913,6.617996806353746,6.90260440676885,5.002012431159286,8.864289881109752,7.479960953205039
0.016643897359553003,0.013441359268849413,0.005231541522341715,0.01476744338951112,0.005422005495933129,4.192685428076246,4.432707884404461,5.7077697491353225,4.310288469286189,5.613227503775729
0.01633692517851947,0.009613446912957508,0.02892413423049811,0.0029398668983324897,0.005394953635247638,3.822547755898604,4.398730055646824,3.308357461006927,5.854785530013094,5.086739288561996
0.0034807346995043725,0.00043619480643865434,0.002990227743816839,0.0009777830308841692,0.02606974816388022,4.9449795313701985,7.4737168790811275,5.110725353868892,6.227851273807215,3.0081890137885803
0.0012325540685903652,0.0203337416534803,0.0006434566009364575,0.0009050243893136931,9.989822043962873e-05,5.142982377816984,2.7265612179278516,6.20779444746392,5.5103378821183195,7.8400509821023405
0.01339246632071338,0.0076295365521153475,0.004547954152704836,0.014912044380105871,0.007335437163436656,4.729603399695374,5.479022113630212,6.307846369020984,4.577048265164884,5.542437488611956
0.016976957916112697,0.006775503734498211,0.019871960704687493,0.004157878487085399,0.009717969668306155,4.089670457445962,5.20025058246348,3.9342744287353373,5.828575608192087,4.733730324025733
0.004223057691236103,0.002372710762162656,0.0008512228879840294,0.02452000321434715,0.0026171542229187173,5.288945372023342,6.04254640365921,7.778420903764427,3.3826106102202855,5.952606089446824
0.006850660614047698,0.018983227899998237,0.012436830945996074,0.0010645432167108954,0.0010282724529847385,4.10531560739998,3.171704083794114,3.566207814691606,6.081890684249123,6.296628119681793
0.012968390543493306,0.0006344470306345151,0.009861670393632643,0.0007219433185510377,0.043657868325479035,2.914803914365224,5.326240614604252,3.1134606362916775,4.826854730014141,2.1501917667356505
0.00889043991245227,0.013350854400274776,0.0051545798779257124,0.006624347137003638,0.0031726873047133322,5.559128955424443,4.9998894178493325,6.471417757752561,5.994045519573716,7.266975663600036
0.009768213335973107,0.0030371031629958523,0.0037826695853566588,0.009762708110608288,0.014597866783283057,5.03786650124772,6.7927715255809895,6.4566837672325255,5.007138154549351,4.540754647637768
0.0054885100680249635,0.002784509072392106,0.020639383240042542,0.0011332122720962834,0.004113123582472851,5.352597698591932,6.330767323475746,3.7805160814305543,7.681686169324301,5.763851953507744
0.005281283165660961,0.005099913824778425,0.0010301659986647117,0.02489772829311648,0.0018026934530247108,4.872207724896582,4.889525706681506,7.255319916639415,3.291982554069703,6.29041768031222
0.05029449651868874,0.02292554869008822,0.006852792278516051,0.012530883720401698,0.004693670312746462,2.3765287580831376,2.9126635793411157,3.9852830827398145,3.378357089832305,4.337299707141779
0.005247371427270254,0.0017346083896426093,0.002751708367370641,0.004989452530373968,0.011727493493558871,6.281295937437804,8.304039108094527,7.417722312043096,6.315596013739586,5.09433919155193
0.004374023199629271,0.014560907748605655,0.0036488996465410656,0.0025340562569499273,0.0012081745029162484,6.110803432380756,4.4795677990749665,6.45659523370356,6.999729649529998,8.403410588081694
0.027927441519165642,0.009184783324592832,0.00920052850784558,0.01201676443373437,0.012121818208499424,3.4400012940973475,4.607047280783105,4.6381726638205105,4.260818248572802,4.294453767292396
0.009180586971758189,0.003053497189404245,0.03935473897695058,0.0011479125990516378,0.006094504594117576,4.113642265658091,5.383307078409596,2.8168107460676852,6.473768809623561,4.567724847138058
0.008596116976840573,0.002300214670722788,0.0008528636438131339,0.07559142672115314,0.004054543570445944,3.6118986646473323,4.829697360761815,6.151094197849089,2.062926100603133,4.331933440256523
0.008721932609911852,0.00825052496234173,0.013581326782551473,0.0028957529284122452,0.003942506799300942,5.427601478887052,5.514135391260542,4.856165052186939,7.164871011619961,6.67173339650812
0.006179633679897725,0.0016591426846431522,0.006309069494564249,0.0024871372738664204,0.01574218215543804,5.489035533750429,7.598882092582873,5.439331358225298,6.8317418391634686,4.303023718802055
0.008011437124346408,0.018222619247572437,0.0024109755016614937,0.010395379278617353,0.0018281771261687157,4.688895344662282,3.7868163752865236,6.379797280968502,4.389722742968872,6.755109240142093
0.006970841815290139,0.0014586590283705446,0.001200076631212213,0.02086970131217746,0.010081654816118708,4.300341386475046,6.124854399399167,6.522449169339759,3.231644923849049,3.933450224246001
0.003838882640408936,0.0023425917493660187,0.05337637538050661,0.00017104722123848916,0.0010678773382529335,4.170465733822404,4.591334934119129,2.1852974389567588,6.783070394538355,5.450248838054183
0.009715510160347695,0.008503822275065005,0.0032794999088129554,0.014467482473331942,0.0043526761772196285,5.212298086525131,5.392387746192927,6.951875256381939,4.691218722815175,6.423259069996745
0.019428391867855395,0.01212160634022662,0.015155398400248314,0.005833134358520128,0.006950274246024154,4.005810756959042,4.541253213567103,4.305853154881623,5.436236588829954,5.2411886906887855
0.004906765469126375,0.0008817936808581813,0.002895330794669376,0.0027557707830401057,0.025457034020919308,5.170365487135917,7.614184583157782,5.878763830494878,5.908087200304143,3.3896241199777313
0.013178557967440547,0.05271905136063186,0.006675382177681394,0.003881242464383197,0.0015756494943864096,3.567420715793374,2.4883408893327617,4.281524640290893,4.808484988177187,5.938109189415269
0.017296215946565215,0.0008594169120923077,0.0026878443881658875,0.005740142585889811,0.07401748967999629,2.8091223775385235,5.293692946961317,4.339293093035705,3.5990099356222958,1.9388532815216764
0.0059156390646800784,0.002148851270947258,0.009586871207323116,0.0019982226821335554,0.00911387949622766,5.82407227742976,7.5311686373439315,5.117758028799222,7.59264041978236,5.2077955740734385
0.002651592683574203,0.0017990815568220985,0.000710306789129544,0.011745192363893457,0.0019112964889438876,6.566464510041358,7.1761679346709775,9.044879136653263,4.519632034424918,7.123168262554624
0.0049151827077152915,0.017371667774095278,0.006633423423008234,0.0014612840631990438,0.0010092127709143493,5.067992446831152,3.671531584062911,4.739120510126717,6.701479812158767,7.340909392541479
0.03145475970614902,0.0036723528574873704,0.01975662041132192,0.0037275162091709806,0.02201295300883589,2.7698774872595444,4.704730033990027,3.1273423854970988,4.643723957421221,3.0347912442417986
0.003921048803580957,0.0786128339472274,0.0011972307636892916,0.00214832180440018,0.00022398848772749318,3.832176442986294,1.835772837445273,5.154745693984942,4.3358677805834756,6.480824844852413
0.010123208502388329,0.004445334249992903,0.004186371279885961,0.010859818637945322,0.009765036817917155,5.3528472952240325,6.633560616529911,6.77289704475107,5.237729847288488,5.413115727452886
0.0060153296455225875,0.004320617438986776,0.01671538321480013,0.0016071556236587538,0.003571753738465889,5.691518745907599,6.197677354370243,4.352686432671379,7.863898021266154,6.509651809518041
0.01401223057260745,0.009188766733539768,0.0032027115421702328,0.023750964663859706,0.005223584534467516,4.20192513175428,4.679339268416703,6.163314541445202,3.650466201589403,5.423664226036664
0.03155933871204628,0.010887029921881647,0.023710314219914312,0.004969233757155666,0.008517700211151422,3.0500556020205796,4.026108172685146,3.3115621438638465,4.862019592531701,4.289071150339209
0.002235707912413982,0.00020992090364565637,0.0011732249300772444,0.0007744542755521826,0.028820725418931454,5.000719399265294,7.653794419737174,5.6572195026158,5.831831317828038,2.7265032552294097
0.0037411814967306905,0.010710437818767921,0.002823829804496625,0.002770852321651452,0.0012127424430594684,6.848558377464706,5.216978732915674,7.426907101841897,7.392330796149103,9.087829036650591
0.018007025982286366,0.00958893545373639,0.006241391644236173,0.013841981924281216,0.008252712792693918,4.211846435257306,4.9719646329201455,5.597247625161013,4.4888884827993625,5.17289749341417
0.013952246566719817,0.005853192019986741,0.027627890881791625,0.0027374824465452767,0.007560933931333296,4.113794162456304,5.154682433918244,3.44182601645897,6.164449569470523,4.824505552652398
0.0061513466428694714,0.003082298084856415,0.0010058774936901288,0.039566912294942955,0.0031354852028621883,4.54197988776308,5.338469078916941,7.023547749900783,2.815837283394105,5.362826726189869
0.014617915014661085,0.019991266482753164,0.023606093383042155,0.0012949743804949604,0.0016300421160563182,3.1407033386222154,2.898336580455653,2.810336721615062,5.275418697469175,5.227588353041782
0.007569818744438853,0.0024007623023260235,0.006188873953509777,0.0037770247584993453,0.014586010997570661,5.616452340120349,7.533096377180147,5.908624649595035,6.646595258317197,4.7266830600117515
0.015319519176639247,0.0162860985445725,0.005703276615257147,0.011540936774480367,0.004520780916782793,4.327829994434495,4.260908215626148,5.645812483554812,4.645968824905135,5.941791489059789
0.006423155300170141,0.0013721814464594784,0.0020373548095681438,0.00770897371833089,0.018363488480437767,4.9218383239249155,7.093404367071302,6.534746510686229,4.6632684905317445,3.759334975620799
0.0019017859699726075,0.0011179356207119803,0.015637793505863615,0.0001721853236690484,0.0011577580470176914,5.755831028527279,6.394384295892314,3.4556249267477703,8.385573207810797,6.43203164904842
0.006493141570759489,0.011644775272746113,0.0008393814138426352,0.021261421546338897,0.0007703791834374262,3.707337559713392,3.200570608032144,5.9845938748025365,2.7700793701623874,5.7658521786743755
0.012643461543512948,0.013681917120414467,0.010077272921695033,0.005426867403936978,0.004480125454153174,4.841682188030267,4.754771657177011,5.181334944576087,6.003127602499702,6.346331169099615
0.008518954097430002,0.0020166758377575906,0.0047038051048433885,0.005004816356688035,0.022657239191566897,4.9470449856798036,7.09266436954482,5.7628927477152265,5.6334337094715705,3.8263063549157637
0.0070904158767621924,0.03157458456584959,0.00440779825996833,0.0034438808347061305,0.001318292767706448,4.708989806652524,3.1983497291651095,5.3563085710463145,5.626644514277628,7.079528869088975
0.03396676220978478,0.004002914223721753,0.005539295795121911,0.014143560044087004,0.025490018818826732,2.7720878770569346,4.733497000705276,4.419644899826931,3.440302509327609,2.993818388039963
0.006202830103810807,0.000661366704836698,0.031007466352526093,0.00019268679573307155,0.008275065211695761,3.5413430883376567,5.470767788303885,2.392328164171966,5.9463423794416155,3.3395990096253185
0.006533002198969778,0.0029880184612437713,0.002005348086358035,0.014372494900168056,0.0064355146620114255,5.6695209899279275,6.91041820743738,7.687871565575522,4.6025609503494955,5.703775653791498
0.007547326004716601,0.007403326420638256,0.019543247574090337,0.0017812005231183869,0.002904739399725478,5.013284839548091,5.040843490484317,3.927627677024307,7.130202703679476,6.391865664211612
0.005114641579538752,0.0009880546447399584,0.007390201449678001,0.0012398411805668735,0.01600368796579507,4.982155562040827,7.194832793342482,4.521995318948517,6.7227454528753645,3.7253361143113386
0.003702853264836653,0.01979233097647494,0.001048694795315469,0.005134109865091123,0.0004988856476067765,4.709061127419473,3.1057608653514563,6.424568106168515,4.367543709311748,7.1207276910999555
0.0056017756098780186,0.000719029075806239,0.00038094026442878146,0.06333043917391251,0.00414956989779617,3.4759161930132265,5.12046422685421,6.042776295976001,1.9101940735154859,3.7342780913061944
0.008780023510046869,0.00666972652473488,0.013705103888366972,0.002972675717542734,0.004838687591203669,5.539238454982072,5.957095755941897,4.944658529852529,7.2743850149315685,6.471424532268253
0.006820502211294296,0.005623578283552914,0.0019485457560393803,0.017252956660569363,0.0034316631626693066,5.510860004895097,5.778894998188097,7.610114393819673,4.338814918855539,6.5835802256083555
0.026623433661031957,0.013048066693243513,0.009836566283035142,0.0109286712338399,0.008447361753750727,3.52941732632619,4.260223320034902,4.618915791630524,4.424837876868394,4.771170777720478
0.0036136798977202296,0.000566082182110296,0.0014428325814962153,0.0030762371079252663,0.021596025619384913,5.253730703548942,7.743453302324307,6.466267552889265,5.421324242772904,3.352954453246945
0.002680713364455139,0.026424770010642203,0.0025053883564826107,0.0007806992572532976,0.0002981628585245162,4.860300542845766,2.7756307983724025,5.011110546046682,6.175258199368948,7.452577836205421
0.014452342938767926,0.0069997011255055076,0.008992733590295494,0.007402493171856282,0.009818362160040088,4.791579848791704,5.8058168310841465,5.457222582834008,5.668967858093743,5.3113996101398255
0.006580853503540487,0.00320194151247112,0.01733118968151676,0.0016993357403931022,0.005611377004399844,5.452101345364814,6.56813119353966,4.228567521597463,7.58749200167939,5.684230008075756
0.004723907588781456,0.004027064983606745,0.00108628344341112,0.02015625110770822,0.0021714589302930893,5.431881740690185,5.626812444093376,7.805124772140595,3.7537588869031104,6.5840458844606164
0.010027351039892853,0.03200719153607876,0.009533074093743205,0.002471980062297742,0.0015552042625896847,3.9912804602661125,2.9584903946657293,4.083905790989156,5.584116126597779,6.253636862632397
0.02092693466609888,0.0013638493048007201,0.006793193805196652,0.0036255078041130995,0.06235590590145055,2.8444200687280583,5.251641447859603,3.764575096593101,4.24375133541975,2.1451604037668033
0.008473163917433144,0.013373675231595617,0.0038453171399203422,0.008397134265753647,0.0028667512702187283,5.447607288876105,4.836078966014954,6.747999931987245,5.460526281003715,7.208688548002325
0.008251695886668988,0.002583545774964166,0.0025569153817907187,0.012484956954865718,0.011921230308636517,5.060765703647566,6.781537492751796,6.841327411316651,4.51873193115041,4.607976589440595
0.004768010463199869,0.003394835160334038,0.022823626307099474,0.000819627185471062,0.002443722478158796,5.279813041229494,5.737681907825369,3.521671524331523,7.703939328381719,6.231521309061497
0.020982471709064584,0.012166761816696086,0.002811235627744593,0.03341688095903745,0.004287527018460408,3.2217792691103075,3.694137491504709,5.355687071851491,2.84189009395872,4.807605590270191
0.03670762513493884,0.008735417902639406,0.043320026829852996,0.0016986894929303165,0.004672943389346209,2.374880625001827,3.401986889590771,2.2971533838798504,4.690757113403708,3.963155456081763
0.0046148442199269194,0.0013619272589869733,0.003624623004587677,0.0027563665849609058,0.013293562782362947,6.268145116329982,8.478783325452802,6.652806341594975,7.0936206678942515,4.763351731582113
0.005394346603221981,0.0186835218161679,0.0028953925651863457,0.004299857014451618,0.0013349912235215643,5.559672783531105,4.031231286007085,6.568059815393787,5.889016316948217,7.846597812975422
0.01994025576508207,0.005480067236552473,0.0037708802632198217,0.024800724628970292,0.011959110222145138,3.5861388659915825,4.986774794813567,5.515720585577454,3.3611918056231023,4.105223633148735
0.021351337999650204,0.003244460154863017,0.027132579806682208,0.0024290994973371395,0.016725612005407047,3.1076640656024095,4.932724754059937,2.924669364211506,5.173148074365904,3.314118041041588
0.0014506056453143334,0.00038307199935669594,0.00013894953947153298,0.02902439384439363,0.001070882783240186,4.754419161696048,5.958264960708272,7.434944134840635,2.435284139890855,5.070313776109045
0.0066782416355939,0.009665175958450447,0.01107865500646879,0.0022284486742304463,0.0024269464129875492,5.6144961328539695,5.107411601721584,4.9527560895186555,7.383450465019741,7.277326458409306
0.00996851286184094,0.0025574626680909154,0.01147236978431145,0.0029453955728780522,0.016874726605026254,4.65316669538434,6.548413044797093,4.4712995521212076,6.269880453825953,4.05243225542381
0.01653568148200198,0.03619283724735155,0.006912435455275231,0.0066719387058856725,0.0026592143601515245,3.6848585586965004,3.005022118064323,4.657952314605841,4.632477245497898,5.8417640542170055
0.012084893368295633,0.0011896196790039718,0.0025742752803866874,0.008034388199270642,0.04707431480176564,3.490858717467554,5.857024550438799,5.063374871189729,3.8385445268282123,2.463219963014998
0.0009493530115695224,0.000234507009889405,0.024712832262462726,1.2783971534141359e-05,0.0007218604546682049,4.791975132475313,5.978991080111432,2.397504849728469,7.495199919685403,5.116416422113384
0.005113704736607564,0.005492079906604981,0.0018109406360217457,0.011011108096220882,0.0025387676860721686,6.380529664205625,6.251137046584282,8.361573758356581,5.244654600178973,7.6384293684263005
0.0162066237784478,0.014732194307148653,0.007244460172069986,0.009859928024652248,0.005365586099157697,4.375337209413664,4.491747760295199,5.448088283980223,4.960391662169122,5.840492569128273
0.006292793034949941,0.0013971467680697334,0.0024361725258569902,0.006049379702924857,0.019872266527349775,5.112111458934926,7.337068384666837,6.481134712060067,5.12467169497497,3.7993150245629708
0.00417463023881393,0.028190574395194245,0.0025297233629498705,0.0022932510281517284,0.0006803426158618364,5.0812708682459515,3.120965358893149,5.785197922418807,5.845520701478273,7.609086837561974
0.0529238208086989,0.005946015484405166,0.00464912000705872,0.02130318705390443,0.01355401912685138,2.299552136286002,3.9844344428149725,4.274397586316085,2.88191001405149,3.2711102436183306
0.0090910345791751,0.00444970711229,0.013712839904677919,0.002989238354518927,0.007670758589237422,5.397078636700811,6.5102152252434555,4.841934101417828,7.12829501206226,5.645707514782614
0.006766360630608289,0.0034997215624778953,0.001811812836382956,0.018666685364184244,0.0051631018375521325,5.410260957037306,6.3833839234158445,7.573940152441171,4.144547962531483,5.813282801718887
0.015694977332220323,0.012307794344410568,0.022885753843967134,0.003296204399774942,0.004599002618468169,3.9601878276156963,4.222134648154157,3.620782618833562,5.852871815369258,5.435048690936193
0.005412910056030949,0.0007377939228216616,0.004182945716724393,0.0017113099179341478,0.03279821001564378,4.6185145863113855,7.081008191478527,4.908257273223977,5.879656835886427,2.919019862925922
0.0049128329501162485,0.013516258715454636,0.0008137303419029493,0.012744124572259681,0.0005874156000226866,4.050703906603042,3.1557792862500467,6.199013943718262,3.223139836172929,6.233575328366013
0.005321796927942578,0.0022585904421045183,0.0018339408327856237,0.010509708085337568,0.00674712476118748,6.121819388288191,7.595661923364124,8.051681668545946,5.111141511838973,5.767084635376771
0.004684846217043489,0.004895302331267922,0.014386648807851165,0.001190246594571839,0.002111663715207047,5.830678191309672,5.766791332145049,4.365552264344705,8.058260964283997,7.123042473039536
0.012144160470844417,0.01627963683365483,0.0028969885868091036,0.017032490036163445,0.0028672218038288204,4.163263587026209,3.8489037419984404,6.014297953622441,3.8070654729291955,5.987609487512281
0.02157292216570777,0.02119976036266951,0.02187435361634853,0.0031212520970965644,0.0032846661078475277,3.1722497142644888,3.1954860720129976,3.1992995737931764,5.088302146731173,5.090697915106847
0.005104131681331672,0.00030064591808013583,0.0023635449738610044,0.0009602202980745525,0.08225533664285013,3.804768557542777,6.425799049916729,4.470117070393297,4.99705722699978,1.9135396842034789
0.006921253821673697,0.01562214084372292,0.005946036522987463,0.0035608086609673546,0.002082116074665867,5.636827079839244,4.561871480398788,5.920918860476151,6.670109362197582,7.664004674603363
0.018825738461946677,0.005020871807460069,0.008357807529720715,0.008743493641659305,0.018252287183478138,3.99517628814331,5.6271619947959595,4.957643344474174,4.831629085068104,4.032110493402812
0.006341885461146716,0.0018437043372079506,0.019240146590613776,0.0011123843852171417,0.007917220692701711,4.782342636292208,6.421914535393511,3.5806323997163068,6.994331547753399,4.527760581335784
0.002930226395888829,0.0015925464355691736,0.0004634678784007591,0.02948395747644577,0.0014884296462573925,5.042557507529974,5.704236335083584,7.657465165902226,2.866705367924614,5.858025287330707
0.004010926572886849,0.0209476696053729,0.0074302794295500775,0.000357529412417214,0.0003237047094577364,3.8811010527528405,2.6154422184569026,3.4067088612430103,5.875391518706372,6.267802865859108
0.011903508652233915,0.003840711896211987,0.010249979458853416,0.00455893985237516,0.014704380383691625,4.816044538969062,6.4527935256296525,5.007028881308705,6.108865016057234,4.555219612516997
0.010638590870493363,0.02438631249261558,0.004653088810698594,0.007323646655033177,0.0024248808000023217,4.563773320379831,3.673487229473815,5.69928573722307,5.017389353549035,6.645415368095083
0.013268982866399732,0.0024684392490059285,0.002969704075591898,0.014690353880581907,0.021714609876126438,3.877002339176983,5.862106729661864,5.658472538240394,3.747530228023105,3.4202337589733083
0.00432618386410827,0.0016224493010564014,0.04495069945787635,0.0002841710255693591,0.002454694926428751,4.440246215400566,5.4512018208839805,2.456885043047248,7.02817819865211,5.07109175767401
0.01754832877267595,0.0028811872553378844,0.0008430674867702646,0.1001313387032201,0.0033475634586814028,2.620832416228641,3.884687840072463,5.192979683486433,1.6644780307372222,3.82710406091902
0.012007433364324685,0.0062635663394592,0.010989344683641766,0.005017976801044337,0.008608226315793735,5.139722049261871,6.107818470713362,5.277153732472645,6.401963290365488,5.614983438635414
0.0031317371369274268,0.0008827929039747737,0.0023572146206375026,0.002104186124913824,0.010875982056821621,6.757948351741424,9.122786653155382,7.241188302386516,7.40978567969344,4.910651232842676
0.002803725271557913,0.012713503719589968,0.0019887060862848085,0.001945223064665195,0.0006738098592700848,6.379187143448747,4.339313991739635,6.991332047855844,6.964864206781591,8.863318300917339
0.03107330316330549,0.014197720883453167,0.005782989080364739,0.019499554215575757,0.006979314447231024,3.093493693642676,3.791040385835959,4.8049694856653105,3.4715522042797016,4.5571284004485495
0.016357918508058362,0.005359827289103201,0.06448640543365403,0.0011881510720414368,0.00482439662814378,3.188593941895777,4.199533541644043,2.2401993628236605,5.596049451835944,4.324139299929587
0.006084557450384434,0.004577431746452704,0.0020229355415090867,0.01355046663412048,0.0038085015331604448,6.074380847026025,6.526045934410648,8.094889888775231,4.926353929432776,6.870729932939837
0.009918561990784103,0.013570810864483845,0.012087116563037879,0.0033262078856825653,0.003173818676997731,4.952758313497901,4.5703013513236055,4.742603491958269,6.524365252031064,6.646200070862656
0.010859258131430962,0.002282876540024032,0.007990917008519671,0.0038956161435797607,0.0253661484828442,4.425432464330549,6.5275538062129534,4.783331349561338,5.682309934613319,3.544001453117124
0.018661940875333214,0.030821002760289533,0.004484220491526901,0.012042131322146666,0.002840959308392385,3.453921627204602,3.0292413284101976,5.00031585882282,3.8543469648889133,5.539209888422264
0.006079150278511668,0.000593641757187055,0.0010167670200318876,0.008445587967754879,0.026083754638092115,3.9322678837813667,6.27503990388601,5.819763579757774,3.6132828972226556,2.7476054346057457
0.0041091631746383896,0.002891800675157213,0.011470186143588874,0.0012444959381370908,0.0030291367932474274,6.607316750579414,7.2274958591961385,5.039532259076956,8.827025767193462,7.146787592357652
0.007015421154443623,0.008403272872990357,0.0020717695379925613,0.014620038692440274,0.0026031330104485297,5.347946548701559,5.091299910702539,7.321204975604641,4.427304177568974,6.876025726742022
0.022150337806861826,0.022337977214723886,0.010755240146813122,0.007417386195768944,0.004690352874509321,3.6038847196899058,3.6021457816740043,4.395546429421143,4.759741771612386,5.385212708259252
0.007386483280934877,0.0009598563769710359,0.002628819604286625,0.004636150716903234,0.04185214824929714,4.249485713599009,6.686723013282828,5.452000137912505,4.732013541439435,2.7210279314622956
0.005622237337196533,0.07822641289876565,0.002126057971976872,0.0024543191194583308,0.0004465123958117771,3.886708926268748,1.9957114836677892,4.954842149759247,4.654304655482223,6.498472761274824
0.012303612626976289,0.0047139891659544126,0.0049956028099908244,0.010882824114176225,0.011966080258234299,4.900379013231872,6.289414852631075,6.2282423088822085,5.023587034032193,4.946785800714479
0.010171737635364815,0.003205590840690849,0.014538101961434522,0.0028426519501135485,0.012442185803077307,4.751855450382703,6.386690974453942,4.323280159727351,6.5168634405802495,4.513362254405483
0.0048640536692715125,0.001777038247511724,0.0010512239017325372,0.019457003977756453,0.005084758245662148,5.213825488629788,6.604232720759281,7.554626074255679,3.646310097886291,5.172239613728639
0.004554294063473389,0.006420865993151669,0.019878734509349242,0.0005568499009052765,0.001096199111576125,4.661715997279071,4.281375516118172,3.2331607242076688,7.000704522404595,6.413502613124833
0.0035846950684902466,0.0003116933078474226,0.009710672269048695,0.00013710094689427723,0.013044950069910207,4.05699658343913,6.302734978993799,3.242574107193475,6.197108657707396,3.032156714393496
0.006396151074245839,0.015279755171771393,0.0034438571487370906,0.0055012064358709875,0.0019100290246287601,5.737419917887208,4.574273165466271,6.79943469238678,5.966880465729544,7.804613996606937
0.013617280940993256,0.004416398229715416,0.003626428537032704,0.017927230787491345,0.012067156467853921,4.333376946769642,5.78366753086631,6.11766408999317,4.016279074914641,4.483915857595006
0.006809483394288213,0.0043786316606517755,0.03172489919112331,0.0010516641362185593,0.0030775523304243275,4.676520427480512,5.216240439254291,3.1386039567255426,7.063204076062917,5.7035534798205605
0.01374673253434353,0.008009974492137046,0.0016594440205906355,0.048719149359626825,0.003181966891419834,3.452126739436216,3.9343007331445863,5.803098163174479,2.481614345304691,4.935142935259222
0.07500871583438913,0.009729338412590043,0.02260627407810874,0.002549657294251354,0.005139658610786867,1.8648376509758104,3.1154180080456544,2.563146906468454,4.0479027736415745,3.6399738411338625
0.004489318172634426,0.0014749152521950101,0.003170721802413637,0.003194693316374063,0.01140794304835518,6.625902955830673,8.76341637417226,7.233811299243354,7.174758117672713,5.196894593222073
0.006600399381841003,0.01513439457717157,0.006757544625594159,0.002917889421364607,0.001960650405605071,5.5792536074436,4.499463257480773,5.597435531287998,6.850172049329819,7.6164934206579185
0.01994223015585361,0.004854627591159785,0.010928521542698548,0.0067966957848706044,0.019435431466390974,3.834699564017972,5.521656110461186,4.499051876825371,5.016809115582668,3.862791126939935
0.004414778090657132,0.0013163646725471829,0.018070532345706523,0.0006227438094530691,0.0054703871199154016,5.050101399834367,6.629777995618665,3.517585041762124,7.3914574862600295,4.801363559034938
0.0019941522530324855,0.0014807444919956744,0.00031418271818898277,0.022321960926891003,0.0007632716797234708,5.206624371872083,5.485081443656619,7.839136990511044,2.9607103781940873,6.334963003522478
0.008798968701688129,0.013856567412738694,0.007337271509089237,0.004484918637582947,0.0030205827492787276,5.494286105969415,4.881703347673744,5.819247765287888,6.520024162124635,7.248677952137761
0.012384651928251797,0.003426028486038438,0.00639906306163333,0.006953899761349152,0.018898165255692836,4.6564322937144675,6.480191056832671,5.54005052132558,5.354676800055641,4.1679548076772415
0.009495553802306891,0.016909442512972488,0.002749659194810322,0.012519562712924193,0.0023309761792409626,4.577238247133037,3.934951920970177,6.303862769896576,4.2618697915758625,6.512938915857275
0.006009710834103408,0.0012715290648265618,0.0011894683417265175,0.015450817452485357,0.010752529725876607,4.574364478398551,6.490316918088861,6.711610802574775,3.578253931351224,3.965527337598168
0.0026012143593232818,0.0018729746057459158,0.031787798130522925,0.00014072662238871205,0.0008513784423787356,4.711672113743019,5.006588068743653,2.57955357082595,7.331139856126488,5.944222751946709
0.010656145127717048,0.009876183166059474,0.00402513919762554,0.012536740642393266,0.004540412967695209,5.157424015396923,5.2618736852453845,6.695598761104789,4.936294377311572,6.442882139982695
0.015640218851744915,0.011109773316702161,0.016741482894154894,0.004472706346325301,0.005924861389037031,4.309175660790657,4.724823144531674,4.25844437606023,5.916387516644104,5.551039182351265
0.005347838974618013,0.0010312036638320367,0.0037928565113751317,0.00256282390400101,0.024149337013567848,5.169299589763635,7.559317679985988,5.623197063104959,6.1500383158927345,3.507140246769757
0.0033808973561347097,0.025251918648634065,0.001598926493277555,0.002525553351998891,0.0005044498098888798,5.141751958415822,3.098383365697657,6.212532448439521,5.502696337326996,7.6990419483799375
0.03025611563763858,0.00441594293155039,0.002051688896138714,0.04840450272674037,0.007836984694751591,2.53511731186732,4.031854750676797,4.890613390905451,2.221607577983802,3.549336112472827
0.0123464642995543,0.005534528078278582,0.013675667636956271,0.004183785903871957,0.009528846568415551,4.87936120411351,6.025268904580142,4.757392000657053,6.401839803720519,5.226133001361114
0.004630482497142146,0.002629999123291556,0.0011961929501526425,0.017093464476090597,0.0035057090347611927,5.8168408882581195,6.674845298119355,8.150952618240211,4.151294647917209,6.254415726892237
0.009336552475524248,0.01587426506473373,0.015246313262202885,0.002162290018361118,0.0021820551394854605,4.397245152434499,3.8367112781378165,3.907875244864845,6.276945191077417,6.3206942996341375
0.01159245840307705,0.0013903817867048668,0.009636482180067114,0.002240961741617237,0.03661849565635219,3.6747699896222197,5.962817257343711,3.843564986933382,5.3136500773457005,2.72995958006345
0.018904738070937212,0.06974102076269745,0.003088892003521618,0.006611395338417196,0.001066518711267861,2.754941617862405,1.9654975726010029,4.317005724777327,3.5415911971740095,5.226492698527399
0.008296600575719026,0.0026020671498386237,0.0034707264811255838,0.008304802329365923,0.014208741631734712,5.33535165686089,7.1698062288394535,6.696726494760815,5.299604594599962,4.639594081989444
0.005337225445548169,0.002514541947532571,0.0180871457534091,0.0011911892621397336,0.004610423633291998,5.49000769253818,6.61415113128902,3.981668775868348,7.773460148964026,5.703803445134215
0.005801999878831689,0.00470888607251738,0.0011387173460960906,0.02760669133918939,0.002286672429866417,4.8683091277281605,5.103722683225011,7.257630108994061,3.275312615196526,6.111700442510017
0.055179858660742126,0.016275824773638262,0.007615922776612684,0.01405842284744945,0.006841529815491069,2.3877643329604403,3.2734747044339394,4.000938999653352,3.3756960971877885,4.08499698640613
0.0012595644761323466,6.437269186348886e-05,0.00026677766223668183,0.000824906354061494,0.023580874298474636,4.678150727436742,7.318878262827879,6.1257262370383,4.716531196344877,2.4908250502874365
0.004190452309892525,0.010637214929918043,0.003966766238981278,0.0024753772204823502,0.0014149715342432736,6.7374495941855335,5.295878968961673,6.896407217855619,7.695844434101469,8.873562983068926
0.018597126525454265,0.008453828342553038,0.009840898974124,0.008654828581113229,0.010275457015486449,4.232094194552886,5.218275094122065,5.0409483319313875,5.13907408566316,4.958915968757873
0.007389876327921591,0.003370109789905717,0.02383854713960207,0.0015330213330203121,0.005502526715940831,4.9396122298382785,6.032098253029451,3.6378071867726605,7.180939829451362,5.33041542735037
0.012996867832161934,0.004523238800522515,0.0020396859575569433,0.039913282823449595,0.00689346773017965,3.847526701194293,5.00121228220302,6.116789324567893,2.8621341323666742,4.538149307939057
0.008048052511731747,0.007050674208620222,0.042960613976100716,0.0006272615026784481,0.0016469009819838794,3.762431869086962,3.8770120984391023,2.4699953092261633,6.181497416600865,5.411151848506864
0.005463390800642972,0.001879168506716164,0.006188173774296773,0.0024063642477220133,0.010813912141142908,6.198393073197407,8.121703798985175,5.974813242376114,7.559216897169324,5.184407466748054
0.005813897576530587,0.012877833817950433,0.002333706835645512,0.007431898993159498,0.0017312773722164086,5.665511705493871,4.6065459627856695,7.19695022651395,5.329160647536997,7.679569002419289
0.008130341116920193,0.002766925696673381,0.0018298294875275984,0.021592279489627213,0.008074996943451915,4.734652207476035,6.181087365067188,6.888275149623609,3.6586238553031434,4.7568920564715516
0.005831577802767222,0.0055535749786071046,0.028382398005704895,0.000763734373366208,0.001830661586932498,4.586364799724235,4.635765118257365,3.065856881957688,6.976389161425252,6.048071256247508
0.00861032950083621,0.010469805056519272,0.0010541914108681697,0.030999015435908883,0.0012368846008739632,3.5923869695831816,3.4033869184909706,5.920114716921168,2.6005249502659007,5.497949232350787
0.013167082130020089,0.011956639427861881,0.010423499729911068,0.005694089416530864,0.005232953107590357,4.857720729996877,4.994188195796439,5.203200759748781,6.010125059849628,6.1848998089096225
0.006956445510639649,0.0017296832930601739,0.004076325300994167,0.004328746947691464,0.020249189058482983,5.3005020794519035,7.4904241539002125,6.074907660468281,5.940213927572955,4.010510015349195
0.008990823939242401,0.031340034333531816,0.005419657531608627,0.004215743500416521,0.0017386043207358762,4.522707890683881,3.269287475541762,5.200177423047627,5.465155816418616,6.798641976981451
0.025338895441632245,0.003200598933650264,0.005144694992559856,0.012102002372863775,0.030920857175181116,3.0710383889826796,5.1314030621801665,4.620775766758076,3.675729163928157,2.9208314204449866
0.005509025948613543,0.0006117456486129162,0.02037644716765992,0.0002474162168439963,0.010373120248670003,3.792020619798717,5.826328831055793,2.7627967015988215,6.0930940537293505,3.2882720560144243
0.003507134535250339,0.0024848242226189836,0.001093436378194386,0.011211282232730303,0.0025994430571448903,6.760278701311403,7.349067704597546,9.067207542129525,5.018812969892249,7.307115717713148
0.006340898183961254,0.014684637144107891,0.008232455971904926,0.002246037121665696,0.0017440102459449027,5.34021486153923,4.300231324176083,5.036279638124131,6.904467897052254,7.38537745097593
0.019696551600686715,0.0038909852964738134,0.014661179998222354,0.004600473604583475,0.021657930104683698,3.6098853920694673,5.447204226441665,3.900105601543263,5.1818646628953875,3.5200157958721063
0.00879694331650227,0.049713447574679125,0.0028306801428236404,0.005447134826905257,0.0010755261727748138,3.930592957937894,2.512477773812254,5.23515901745891,4.415000799988668,6.3707595652387745
0.014568681977441354,0.0009979891037859517,0.0012401172686585936,0.019712030659078183,0.022193348383515932,2.9054186094230148,5.096185585863004,5.072683665122958,2.674097048642372,2.629031583379189
0.006035146114173974,0.003936832536023702,0.01596167723550672,0.0016677376919313023,0.004020047730680179,5.773326476841092,6.444192385740615,4.467134899681387,7.918794289816937,6.4136558772630945
0.013970243496129752,0.0077757089785059665,0.0033196641096534187,0.023255076609830196,0.006225017522279051,4.279581901004768,4.973264558202465,6.222266036496866,3.7300198211099036,5.281693111961581
0.02958225426981032,0.008584936779375454,0.02234477283042211,0.005144883377074547,0.010874885270445816,3.1706449711594837,4.374722313275525,3.4333797121796894,4.931316540060145,4.119196978539274
0.0018222063461855963,0.00019736003037915635,0.0010205782833638188,0.0007042985465219205,0.02021058022373858,5.405908692448706,8.06075190307275,6.02430816270997,6.177006454820246,3.0776576059227216
0.0012336676405232134,0.03155425833078549,0.0007583048331381611,0.000561657597673602,7.319469702396932e-05,4.773242243786598,2.297053484446576,5.577772030598747,5.518708382439514,7.502748051569482
0.012930902744636897,0.007168775238347957,0.005777867947726099,0.010706367415896026,0.008209666732570531,5.002149446957679,5.846433010725851,6.219528256266154,5.230723319857869,5.644662897861403
0.011134839500341833,0.00508581579930607,0.017626636526166348,0.0030925693621504475,0.008144447033929815,4.8327895701914585,5.931424917810553,4.283715794013273,6.660442106619043,5.246895129872405
0.006582053967983569,0.0033773667091612117,0.0014768851211562452,0.024354438590714116,0.004420721243964077,5.0835093568221845,5.990846027815563,7.390142835751139,3.6152349341354704,5.638607863010505
0.017457670531470577,0.01567565416908738,0.024891386920346578,0.0028745944620891897,0.0036264384183969153,3.541144936947589,3.6406789036155067,3.262695902119608,5.51672279340108,5.274928629821268
0.00539582331483096,0.0004658994210500887,0.0035635971781691716,0.0011417371447433391,0.05152004653917237,4.096983389673749,6.645808827877215,4.497119446249396,5.4172375318690555,2.324601216087283
0.012620488972406387,0.011224423751639357,0.005736590073851921,0.010137613687169651,0.005244591337473874,4.975484684782853,5.134118439631004,6.162145409259536,5.247748055324216,6.25713381228645
0.0054288173628932145,0.001536914056949784,0.002244272007362293,0.006188489457085723,0.01347940038845817,5.724991860065857,7.813189026776285,7.164178482387446,5.497782304542199,4.52826024290823
0.0023977533978278088,0.0015743033620903115,0.011889433993252851,0.0004107635546092362,0.0016853888932783015,6.369217359003311,7.0002848087212,4.236765821855798,8.89852093907818,6.937569612569335
0.005872255885256054,0.011226390066958126,0.001248389089289974,0.014833096765695978,0.001197512415694914,4.579556166540225,3.871645545896543,6.691438009272197,3.6289567003562526,6.554008707038209
0.02099065677640584,0.05842223578564703,0.008199403048873129,0.003461603249607208,0.0015485043263626667,2.8437165021076964,2.1841920157326453,3.6363532318971745,4.353203677935393,5.234763827254199
0.008842202331076148,0.0027903805585451145,0.004901797339240179,0.0061710663874668835,0.015426358707589915,5.372957220976628,7.226292768933608,6.272028692101752,5.865065616200909,4.6387532176811925
0.005699432782833678,0.01900833010083045,0.0037274396701418694,0.0036610524872490243,0.0014489649489981356,5.573217498405868,4.0784327125327025,6.269625641010624,6.230032174126941,7.841421629935344
0.02500286579930317,0.0063423642463360875,0.005862987341913872,0.01697368865909026,0.01488268837706438,3.447078710610063,4.911402896314585,5.046101204331417,3.78174112148456,3.9551011193590204
0.012933308115391808,0.002695512037894457,0.033033139845202834,0.0015101401346970487,0.011123807846443642,3.6298351838571294,5.299235501600202,2.8442613316139393,5.853339593891673,3.777500499340046
0.0034819707677601597,0.0007974729009324771,0.000343286394538005,0.04966077908730799,0.002502558622558696,4.1835697681714805,5.53449832115192,6.796628049517151,2.193253101407456,4.513739064620741
0.007175480929180371,0.008295025552093441,0.012844568913577346,0.0022987167725595113,0.0029469502177053163,5.591988975847761,5.391235761339379,4.826548547115337,7.432705465329875,7.033865109430318
0.007332591439879224,0.001944802929040697,0.008841594422479039,0.002416077870499365,0.015424678384906305,5.125514805516574,7.1226856603796564,4.861014865906216,6.701666846134474,4.220089220213387
0.006568111452241928,0.022748461326181534,0.0022534391874260862,0.006964557037735612,0.0013089327673345174,4.7779931802252555,3.468675333038273,6.280687987356952,4.712896780752595,7.044624127271088
0.010864340551664683,0.0020663129299092298,0.001480363662155678,0.03213663390376395,0.010826166776210825,3.696799068886802,5.434655440608735,5.968038157829299,2.777618990815356,3.7144537893621097
0.007164377416234749,0.0024091571988295816,0.11349104040329665,0.00020777602833157988,0.0017231730222288105,3.4073372269835316,4.259785211424431,1.701304325893921,6.027060440004752,4.590656152371398
0.008306925213409828,0.006108182761872497,0.0024560459576518754,0.017416008974446368,0.00437199012102473,5.313497450221768,5.74380539754072,7.300378234188182,4.3784686757835685,6.282930037984552
0.02500576830967627,0.010824692394015664,0.012214094615501865,0.008604525056587846,0.00974878413069489,3.649196030593211,4.554266530152643,4.439845967117092,4.787591370163978,4.678880177107114
0.0032833793996809957,0.0005459258706711585,0.00160197268934763,0.0023962615816924865,0.01998972218882016,5.507512973938733,8.026461099559473,6.485494046984043,5.882496517869048,3.4987598565013673
0.004394327871338725,0.03170333922675085,0.004321490245594763,0.0011092106538467853,0.0005322167025955929,4.486688972848202,2.7283655887615,4.542806356451639,5.968556465841459,6.986900392321148
0.06289389266708269,0.0019982162132909514,0.009398730419900223,0.0032455789880759573,0.02671447949954883,1.9039338081988069,4.195858846473426,3.076525464298242,3.712804729517741,2.3758569890621604
0.005301055998089288,0.002699509806671396,0.01110405281684949,0.00174554682440924,0.005489141266881744,6.292516708690521,7.499513364835278,5.173890687766395,8.27178265003034,6.2408999630626845
0.005617707418751052,0.004143519288008939,0.0015707354053696935,0.016795632581349845,0.0032946607186485396,5.772117749033651,6.2213357271283485,7.9843585144816105,4.345653659651631,6.627946015755937
0.012166304351336808,0.01932698436910709,0.012959703209436308,0.0034873937338270023,0.0029235456236204518,4.313953131726494,3.8294298805871616,4.286742648577339,5.902899347806449,6.209335716091687
0.01256718126243582,0.0017822035333078504,0.006991271639161193,0.003969466474025659,0.04060279756380894,3.834183783281465,6.117350205623854,4.449749378303337,5.059808399361206,2.8248817726961475
0.01688275594480043,0.03530425596671298,0.0025697605355630895,0.01338747803033151,0.001627196951083244,3.094833425749583,2.5536688136143977,4.945207372461445,3.271224833243164,5.351145994704969
0.006520691344714903,0.0023514458586218387,0.0026964818532809525,0.008180789799164732,0.010537814705015483,5.885133136378578,7.631820829661667,7.4057550182101375,5.515829645307919,5.198547382658413
0.004731858870183255,0.0031033265581728907,0.015926873709112277,0.0011774623267744823,0.0032026278720595704,5.909651945959901,6.572712524689546,4.297410244852643,8.208546609005204,6.5304993922796175
0.019929505692448543,0.009462804836305913,0.004221930517277807,0.02366231543664373,0.007321214017996603,3.7237412576123954,4.512763564124556,5.58460163499594,3.5418529734716775,4.8339903725182705
0.025520680733459335,0.006967765198853533,0.034600597479726054,0.0031682331431878313,0.009108215821162705,3.1115612036644467,4.341343780773624,2.887329722327822,5.1987453604559075,4.06403253252698
0.0011657813619133273,9.294567814574007e-05,0.0007597948933953928,0.0002100279884182524,0.01797281553399291,5.331985396348808,8.01636997850372,5.6937036629507,6.359392670079094,2.932225929477163
0.004502899839429022,0.011759914727967098,0.0024731259882981972,0.004491345257139864,0.0014298839861375365,6.399402223061797,4.99600351964496,7.5342523820716085,6.414026712472036,8.540763809914878
0.012228253235557193,0.005446378321292958,0.0031792263630851768,0.020759124857440227,0.007966741610757128,4.554807368558499,5.605411598367957,6.472419458149446,3.9497248875229296,5.106065132979755
0.024164794652108777,0.005665220394360618,0.01703250595732115,0.005376527547617828,0.016472872982972436,3.4658252969593746,5.035174344365191,3.8067337442922966,5.052986065501609,3.8302623017142894
0.0020481956426427776,0.0009261180221303425,0.00036858336588374574,0.017582034278176797,0.0015376800836190356,5.616270340091979,6.565496968572065,8.234048039795782,3.3593805893838495,5.998269302195822
0.002801292406452274,0.01240251137381538,0.006959316763759792,0.0002791914226438622,0.00029791377594569346,4.379647095214238,3.0981822503876826,3.5998884150234054,6.434548994033482,6.690581746053158
0.011087791043595372,0.004025019359245952,0.011805227021826304,0.003890136755308344,0.012010343422656137,4.9838839185647155,6.474811978613235,4.893906432397594,6.459711886639638,4.8739109213302765
0.00955662458153788,0.02394640247469836,0.005279350789201497,0.005595102717867218,0.0022539009747361304,4.773514757469603,3.7540320465690957,5.628094008889015,5.467855530888481,6.890582680215979
0.017472878750255907,0.003280226587695471,0.00436269622442949,0.013403490118189825,0.023786709876394287,3.6895590486409193,5.620126876411459,5.275905452133666,3.9230745094839103,3.411724760272105
0.00317278134131668,0.0015105086587390935,0.03092607733199305,0.0002411369135598802,0.0017745192153653083,4.91955464491028,5.730764757384421,2.785261855559959,7.526377096882624,5.61803979195923
0.002824105909773872,0.003982664813139805,0.00031727946217237904,0.023997800635395708,0.000394461783713524,4.159943444329627,3.8321687072704385,6.642292858573709,2.547587977083968,5.993725212174754
0.015004916166130632,0.015025820505238551,0.008196195075620057,0.00792714697479318,0.004988692451449392,4.532376296794851,4.537564225812811,5.356369403627741,5.3286186393263515,6.041140677729612
0.00742958527759396,0.0016832253957402648,0.0031734621385449114,0.005974836840925615,0.021946158834784867,4.990573652767465,7.184674401668588,6.195757985057335,5.236815230461342,3.767240967790848
0.003805875032463587,0.023282882082931704,0.0027717572117432064,0.0019096796189502685,0.0006766513895352837,5.32230521101365,3.3560208366010404,5.795369027306696,6.250405055330442,7.835240242817431
0.061725584587753415,0.007934416857966663,0.007224464044072095,0.014995945384878707,0.01319475895320214,2.273508690471747,3.8433646104467534,3.9700811707654786,3.252097635194018,3.400916347466752
0.006046171771942101,0.0008610976919548501,0.09501931960446237,9.704080991945738e-05,0.0032539883711629573,3.3045429705694986,4.815524963510304,1.687021136349411,5.915569978809389,3.827626916836287
0.007157575387895501,0.0042826935629206855,0.002499148576851226,0.01322976184572502,0.005436290359479376,5.894106943823238,6.725473612861637,7.774593913070473,5.003666937087056,6.344209802107151
0.010133383728942893,0.009329093742995192,0.015818095194757603,0.0030226252156830024,0.004126191855381883,4.9990732428554745,5.113599378732467,4.475252000579859,6.778907441924036,6.311304775456025
0.006303054969758774,0.001446529980964254,0.0060495501263559005,0.00240151058332699,0.01923066107123894,5.184847659947592,7.3964503136484465,5.220452640476479,6.520135331591685,3.8804398296401708
0.0075563571736934594,0.018598367264016397,0.0019306280332281856,0.011248278043239596,0.001492944222796398,4.465133736348469,3.5359570146742687,6.290243163609044,4.0382767995302356,6.585730525714692
0.005320355327370376,0.0008942325147334989,0.0007359654487716745,0.02159890798748697,0.008249349471806913,4.203079164467909,6.0743817673568925,6.5290847421342795,2.950051076777799,3.799162416898054
0.004889121951023357,0.004701009322017869,0.011455188480495973,0.001577755581900588,0.0026596969542059855,6.407983253572336,6.477743082088371,5.134068154843996,8.471472300464882,7.494220661188408
0.0109368355882554,0.011719111676809257,0.0035407003047525833,0.014252005992736225,0.003808038256089069,4.836873702101665,4.745152841772871,6.51686515345992,4.507900064529509,6.346197202134534
0.018509899953817736,0.01504380958666747,0.01813698898318714,0.004463645482259062,0.005055893482253863,3.848061119593921,4.0737414410464945,3.9006527571371015,5.513624654299527,5.38700096823467
0.006202325373552026,0.0008779772078595348,0.0037485005967102156,0.0025693604112923727,0.03724591766859796,4.551372597623754,7.012093420472677,5.143524414967287,5.565441728868986,2.874113934304724
0.007460879568402674,0.06129298734360441,0.004893430704881226,0.0017277108430170847,0.0006860090544256884,3.761303319531454,2.196380317426009,4.203097824731218,5.160307548855627,6.282572627853998
0.012191337240106473,0.004408682103786096,0.006883817042715381,0.007251920108698516,0.013592216110462848,4.979463148001683,6.491409996775087,5.800604730403729,5.65182194042165,4.842695813117124
0.006100910581533608,0.0022361644516841763,0.012751385784262327,0.0017143803726388607,0.008054350941942262,5.512371846611724,7.099032366872891,4.535585817149332,7.496729156499448,5.135779026080287
0.0029146605102252005,0.0021172711899797737,0.0006915703527996846,0.015245642206261296,0.0017359550035362695,6.0505916609653525,6.496146821917981,8.556559347282752,4.000576337468776,6.85706900676753
0.007025017365384121,0.02982903187288859,0.007325761877566547,0.0018147664907577745,0.001077839583808952,4.313197706874032,2.9766768735322433,4.3060487930056155,5.887723898878216,6.65933508000199
0.031819436385713745,0.0019022689811522926,0.009623351245119932,0.003751982983136974,0.04329401887617606,2.5124901998108498,4.820394633393672,3.403574898050668,4.128061521059312,2.3214240428324624
0.007506420226893618,0.014238052950264334,0.003637056829626603,0.007093479315081711,0.0023983498443009375,5.583836026076506,4.724938561064794,6.799170363094507,5.668309439845097,7.485546414683613
0.010122837629134305,0.003234542906058607,0.002932272179180495,0.014975786847585696,0.01198452980346022,4.760533145582598,6.362009284540882,6.560907103731671,4.275494080990452,4.5662007756773795
0.008482651332200788,0.004232657270040475,0.0323613467694769,0.001426921886134229,0.004587072005575668,4.517620611726205,5.3747603634537935,3.181989239207597,6.833208358052165,5.284859791747833
0.011809689834982469,0.005167333175682543,0.0015232922051950793,0.054862565097364355,0.0041344606821773315,3.6854218232865166,4.503743910441538,6.089028766582877,2.4674676716908053,4.783404521914678
0.08777649516464835,0.0063923235802477345,0.016571185957044397,0.004448799445999422,0.011082602021165656,1.8583748465737298,3.5807260342460343,2.877642734675125,3.82443282492023,3.1757700181890582
0.0035556563849940977,0.0010361959866035636,0.0023437739951032485,0.002701849806770818,0.011455698200473074,6.6483144493489155,8.95738765187918,7.372970160580165,7.073858992518698,4.91582917612131
0.0029116036700344472,0.012449475136782228,0.0021954147836002755,0.0019326595631980535,0.0007310145524592922,6.4381362489732075,4.441288960391972,6.95481571222315,7.108427050318488,8.897985676038482
0.03129270476090774,0.01444000945813057,0.006849057216837707,0.016559192636990665,0.007448543975540048,3.15413309758212,3.858843289547588,4.711873529843464,3.700724122828727,4.583278265743801
0.013571648452260658,0.0049897779801430595,0.061122295545296204,0.0011470911513065552,0.0046522905354864875,3.44336554934346,4.411977890821251,2.333087268773984,5.8540786131632645,4.499775961502444
0.00401083615241154,0.0016368132124868445,0.000313275449965052,0.09472797225029572,0.0010803893554550282,3.804430843424889,4.506073553251763,6.468230184330969,1.7633452206856635,4.964140330156899
0.007966899925097472,0.009963147486295145,0.010029342835730709,0.0031730012280313997,0.003229903995202118,5.709695228211706,5.3942831859889,5.412786769076028,7.204372185738502,7.218237188364242
0.009062883054901211,0.002628974723898702,0.0078063405043669685,0.0037978746034128775,0.016591982448946597,5.132030767537026,7.035771312172701,5.326228885496847,6.348760938733823,4.378744299533942
0.015937970470807063,0.022172837684959697,0.005850353891810536,0.010214455884828047,0.0036933519319430927,4.068865224733141,3.7339288420523746,5.325825413640101,4.5548778356296875,5.930354444430346
0.00820850352749776,0.0013989345907372687,0.0021848942625035603,0.009012601324038635,0.024505850353829725,4.332586171727498,6.5440453835971315,5.992778019275347,4.19871617075731,3.273847260992753
0.001695150585285116,0.0008260677598898424,0.020508620109171493,8.96315057976169e-05,0.0010008821599216382,5.319912458261717,6.08451824529843,2.9625811971601683,7.989120713656133,5.965029325138895
0.006921664012544833,0.00798539608454412,0.002561572847181868,0.011350545446259328,0.0029959633586523816,5.858039689218991,5.637132556096842,7.619140833842287,5.155768706507975,7.270212826728179
0.015816860072316755,0.015743204534103224,0.010435592945963527,0.006489495577652626,0.004952800617877889,4.367386449693381,4.381936275457918,4.913458637228638,5.4777781099798135,5.911578746811777
0.007893862233858562,0.0015994572230944883,0.003761596515493633,0.004984102506947908,0.027002185220193556,4.777728620766149,7.044193251293106,5.764376417776054,5.331542559294012,3.46882155577549
0.007672475404645991,0.043200924411870935,0.0038195933047235147,0.003729905825253104,0.0011377584902166938,4.311800149440852,2.7582259767494945,5.174045131096231,5.1393091013107695,6.750957748247326
0.03044576328980012,0.002457613460047055,0.003377139789345348,0.015924516500010286,0.028203007208956264,2.6120423847938095,4.744009074266568,4.509459085433099,3.05127999317066,2.6720607671224696
0.008081470894879018,0.0032678978028690873,0.011445441211793321,0.0028019175471883755,0.009450437400292454,5.526003773381151,6.991869638862956,5.038105483214086,7.189640362831343,5.309161361269013
0.005726962514474749,0.0024365839879743616,0.0015869691193271232,0.015324566461959347,0.005993329233573324,5.596951493049733,6.920810037936653,7.742701915345736,4.3246154836244965,5.545639769214958
0.006118092568854566,0.007064157992034769,0.019204870813293258,0.001241916918266394,0.002069444889304566,4.998443281791197,4.81900897214389,3.733809784786014,7.213011505162273,6.538044280131772
0.005109200229304891,0.0008343900267176399,0.00936316066560762,0.0008145763506516218,0.014934013064799953,4.62542355849577,6.804382557916193,3.960401077732058,6.5653872311139505,3.534043604216174
0.002771477066896335,0.02695410670998127,0.0008327813625542784,0.003084473762708057,0.00025237980624153643,4.507990726360759,2.6090814861788587,6.08538964047397,4.428543067592464,7.0595080973385045
0.009407970721731744,0.0044064813076725865,0.003071455927052348,0.014942934480012257,0.007858051321925274,5.242842130322821,6.374902829276795,7.037806023488755,4.630774620160357,5.507758266686602
0.009041836891898974,0.006795613732280415,0.021544924008835595,0.00215603332932369,0.004058216595664961,4.881477439796637,5.258087213154945,3.899419873435472,6.960759200054513,6.000846844349846
0.008758745157931855,0.007137359249557715,0.0017331966196217439,0.02842557415791446,0.0030467497400045096,4.481604582648808,4.7037921938943095,6.7260100183613,3.306107757369841,5.834714925949387
0.05030594155697451,0.01726871522248943,0.01335510070453822,0.00821320680083448,0.006890301340743839,2.510221289148209,3.317944989791392,3.576167695411387,3.9766124346335037,4.194480049506017
0.001954678648692448,0.00011462874396155615,0.0005664480934639458,0.0008371666096516716,0.03977363263768989,4.529109534774933,7.203266472888864,5.6862932545317815,4.969077920444072,2.2668521073359953
0.006306587309379702,0.015712792183325604,0.005359590151178063,0.0033466874550310737,0.0018540926880415962,5.732522556219317,4.523079899939979,6.038268827560219,6.7277737239922875,7.827220319748605
0.020903690331285266,0.005721036814090803,0.008640747178412539,0.009559278777402608,0.01702233331790003,3.8533045082861133,5.3954665436755835,4.876491007192941,4.6814257148781655,4.07245037332975
0.007031609138239092,0.002078543219797603,0.022768899340369787,0.0011511101275334342,0.007725394534981773,4.6090508656137805,6.1784399437743405,3.39247581049652,6.854035865008751,4.507058866356642
0.0026438652640475213,0.0015927652849087308,0.0004152171056166292,0.027959645615826634,0.0012107404836321936,5.075473270360594,5.6063303430940215,7.699690280809546,2.8697782868885056,6.007488486913061
0.015763159024367007,0.057135199589521214,0.008574740356070122,0.001382619985836387,0.0007978732612373852,2.7560627716469854,1.9831943086034194,3.2332672077698636,4.553871667677625,5.220986912149841
0.00854552308922943,0.0029372240475870844,0.005480788986149219,0.005366493546219217,0.013791806730865917,5.58872965311387,7.364627856631962,6.27896227927108,6.248394271065126,4.9224033565433345
0.010373160387501603,0.01300484996316268,0.0036831215721117804,0.012109422459526033,0.003421534258825762,4.953215437430768,4.6648054324816055,6.519477672045135,4.7502733840180085,6.580902416560746
0.005806432202457741,0.0015953504136349303,0.0016930276480353905,0.010309382363172833,0.01126774653626635,5.2531124220272325,7.175508576988178,7.1342672643014104,4.504732049570864,4.438744968849047
0.0029226510019287346,0.0023101389404904435,0.018488407500289458,0.00037246315904426795,0.001382268493190225,5.547049514198596,5.837735708270085,3.486498376068764,8.086027807249467,6.592447074215319
0.02922595317264473,0.01998966172742312,0.003185382757593869,0.023168177151461807,0.00325053265012629,2.7206500195868357,2.9889059265792937,4.750329138092946,2.8702345092240855,4.676570797092125
0.010391628525227228,0.008018093029971104,0.013689186866974186,0.0035854418048092834,0.005244352147232226,5.237055412030021,5.623614332811469,4.891193424221055,6.850527400441704,6.263262776951266
0.005069778326952851,0.0013598235427888746,0.00451787930632996,0.0024777163707796214,0.015327778160733559,5.845216788151679,8.064211972827012,5.999743024354786,6.952424198988907,4.393359063210509
0.004581005400069973,0.02119852999092427,0.0027823011733220486,0.0030061159562340483,0.0009870967846913581,5.481968299130379,3.6956288525239493,6.25632422031766,6.079667763587701,7.9022958847244755
0.0330819278795804,0.007165187028122396,0.004970177795595757,0.023197682667093558,0.012524614161446719,2.937401837400575,4.347492657149405,4.801174773402917,3.1945860301403672,3.788926853973372
0.01589969850904519,0.0023965171682368874,0.051439019742255676,0.0009036993149922509,0.009099894143291895,3.0600549256966523,4.722601578002397,2.2627901210695525,5.441291497847797,3.524898102358416
0.005783978270810402,0.0034045496664168694,0.001828417571998503,0.014050294546872675,0.004575766716738355,6.027022315897085,6.891026754759705,8.11535943491284,4.773985466548266,6.415897930752082
0.007355009126551994,0.010164100706510068,0.013480132986182386,0.002130990201029125,0.002483820430114514,5.225217368326034,4.809450587272451,4.49113467189493,7.101795720197487,6.890208860484331
0.009271129513994612,0.0019878250479815713,0.010957317586967998,0.00246546506529873,0.01964209212934779,4.478639596006008,6.523250547291496,4.2730480993182045,6.152843667991151,3.682883049879119
0.02094292665249448,0.04336679682844898,0.007154112095797899,0.006714094410793408,0.002559886257311078,3.228881732280194,2.6725427096869585,4.290009609197232,4.2950171169741465,5.450584367478829
0.00874786706100269,0.0005585482882677106,0.0015612834638676885,0.005347922867594033,0.06404299517256647,3.414602735931089,5.919711631907665,4.99713421708015,3.7878322699062204,2.0678582841948447
0.004173566589020721,0.0023375862168952847,0.011592839085158414,0.0012220790652615369,0.0038263723188919395,6.440163776226939,7.451566955480379,4.9113013893716735,8.650464588217625,6.589807951469005
0.004964576998150474,0.005342650676190521,0.0013446279902017083,0.01522109299914212,0.00209636903408782,5.7005743690098996,5.574355364989526,7.912962216391387,4.286971569206813,7.065384528674834
0.02539227223187913,0.020869716107425915,0.006864156124963266,0.013072152580814417,0.005094627440707438,3.3769103821625084,3.5562733295401405,4.780719607330612,3.9939663862379358,5.114681560362811
0.004771714583538468,0.0005930438541849705,0.0012534874196903315,0.005051348574222437,0.026976477268928704,4.533838362130203,6.96174642067863,6.110710258391838,4.44641436731123,2.9403175614234667
0.0011930491765693421,0.022694595979510974,0.000940932124715506,0.00045867507289426324,8.834055486590906e-05,5.062704130629909,2.600657276233761,5.585144623030515,6.005672798981609,7.7780799661720295
0.01720170355363763,0.009058130875544926,0.00753263136345241,0.010772989288550536,0.008820290551020562,4.389242772686675,5.20236138098646,5.491962563308774,4.93652220073802,5.240833931425902
0.010272959353676536,0.0047667760912825175,0.024342501692638595,0.002257814570664528,0.006595701746598866,4.6207565044145635,5.640670984958553,3.6852306149854037,6.7172804512357,5.185133767380133
0.008829406304175275,0.004077247385137132,0.0015437735285922115,0.03724708641753529,0.004658634436640248,4.347931155367103,5.2528569408939685,6.701627945665582,2.9828163774355834,5.120205525379415
0.011805540271455438,0.013080869719387964,0.030478783479846106,0.001233759062372052,0.0019924706602092736,3.528098359008394,3.4354250693604733,2.790720902291204,5.753853743986756,5.393775176486783
0.003549818564836683,0.00016526482383611874,0.0031046650778355288,0.00017111697467746801,0.04766262287966833,3.7758609716309404,6.346531345554444,3.8640787432538684,5.439039218474629,2.0581039901002076
0.00596582933685415,0.0102293041155071,0.002704320005077047,0.007429516448335014,0.002189903001547925,6.136700538585561,5.331150746699667,7.588961142113999,5.8073966442836,7.9307640688975365
0.007050449283239666,0.002822804329872422,0.002127624002916194,0.014257250412729638,0.007819538642139166,5.44614402640996,6.8621590047759495,7.41127895885549,4.515962102014105,5.313355183495089
0.006914578616089637,0.005907096574033418,0.022435064986815946,0.001456690289640541,0.002886618157504853,5.003888779963808,5.209060475684757,3.6930755888763303,7.241477648887768,6.240472322280922
0.01089229949166021,0.010314936515035929,0.0019022502875097318,0.028784411436393893,0.0027292730963625333,4.011820944771122,4.051214340444099,6.202611502713079,3.1172143224712525,5.637116013848624
0.045956493734299,0.02052822379139013,0.01826939899524845,0.004512569957833755,0.004396699296512816,2.3945501748281606,2.952654322089176,3.0732533305582304,4.245333325635561,4.330077774565632
0.005707343579731631,0.0017931023697305532,0.0037334559308605424,0.003974993619085953,0.013661705686237032,6.1037905172816265,8.179683511695675,6.804454974956343,6.649203700557389,4.858528069920778
0.009523486474238032,0.02049635130812029,0.006215448006452936,0.005099006452461723,0.0025069096201134036,4.958061653167743,4.056545482486749,5.603971980813363,5.810357024442101,6.9791969066462975
0.016731803786314732,0.0034936398631295077,0.00543158432260764,0.010416814316818632,0.023853375338316166,3.904004110425411,5.812151121207739,5.234186472860957,4.368728436943223,3.5639017288192205
0.006855420109974773,0.0013160447145181082,0.015428413044150081,0.0010428937860044736,0.012990656361928244,4.365704330809265,6.3455412324128275,3.542339280170977,6.447525186631791,3.7219423794360704
0.001149469507508149,0.0004966067439136744,0.00015641979961964866,0.017262501272668485,0.0007275109406062165,5.4545398517279,6.300735271619742,8.154756742242073,3.00065867153082,5.983706629267727
0.005759700689014109,0.010724102133732047,0.007631178632978944,0.0023560353664951695,0.0020017640747424367,6.006600546953963,5.117926998920519,5.626778473963205,7.516506120950051,7.871805605771505
0.014228127826015822,0.004213074049999226,0.012981341144790793,0.004443968067779145,0.015335498244597028,4.390342870732841,6.0046401911249685,4.4933094396353415,5.861773735387037,4.300525226099257
0.009629525319115399,0.03138685579708506,0.004241470188319632,0.005972915078395502,0.0018354988604428544,4.423369901702116,3.2510024318331454,5.5007906943259846,4.987354440160137,6.675581305233526
0.01762688606564581,0.0025111362802344244,0.0030005549631665724,0.017225980894201857,0.02434553582023428,3.352697450968361,5.376807825178174,5.22172485933166,3.348843067224448,3.0937191221185936
0.002649868942484637,0.0010163865364400258,0.05097139864591676,8.302450961338945e-05,0.0012078584945781963,4.393487021193704,5.257268973833439,2.159141460757807,7.067076097172839,5.19293552314713
0.012011135905896765,0.007537886884823689,0.003975921946321205,0.015473672309389877,0.006373672423501185,4.892033020349085,5.521807507713591,6.562692168015302,4.560158511745198,5.776990219147804
0.01879177458206427,0.007909290528534698,0.018067625729468097,0.004922822422243217,0.009604616248345082,4.005014104016625,5.026447624326265,4.063300718215307,5.618706543333185,4.776515490045964
0.00286599017645659,0.0005108900837181721,0.002026642148065257,0.0015063682863658567,0.016780213593346086,5.821810701730229,8.353752705231964,6.300562509283666,6.640020463836715,3.7418946315190236
0.0019363115459627071,0.017602640050843166,0.0011404664353738354,0.0013100776755371748,0.00026306058654208754,5.586552061011055,3.2682587500620017,6.436841236461942,6.0816282981909415,8.230286301424568
0.04521490525249187,0.00825690132333867,0.0022958306279828276,0.03660093705577749,0.004486881694261626,2.1645917037918743,3.289996236739679,4.499127887767581,2.2646771817990414,3.814031889023474
0.012519464784377531,0.006724343616882607,0.01669294987544092,0.0037157908617385656,0.007399132429346725,4.757755558042528,5.60727408019154,4.418853447420639,6.461130714541215,5.461771991742356
0.0055564080322222115,0.003571344550062522,0.001325360191917195,0.021320032563997386,0.003297361507394334,5.410348623214515,6.024896605523179,7.742071934708026,3.8215267377377757,6.184202886564579
0.015607432792563524,0.022189857771992342,0.016285846170715337,0.0033455766327530074,0.0029669260146342595,3.7296183657577733,3.4064977180955043,3.729771052625816,5.4689042964189705,5.675903417519144
0.009637909122595196,0.000894633504258821,0.004871119110900925,0.0025211064260535366,0.06192128526138524,3.6830570767907447,6.158388559254543,4.347341913749081,4.922442193338307,2.2812429101346323
0.01903046896226996,0.030006067300053504,0.0016202279897408092,0.014526995436076717,0.000973109771303089,2.587728808749437,2.297695111565689,4.669966857436003,2.7539227160021875,4.910527257795307
0.005802293046904628,0.0021220355819316383,0.002525214663480858,0.007220111039721998,0.009983257096625195,6.147277436951338,7.939694515004892,7.631160022047975,5.774377584779052,5.342217777487479
0.0037619336104129414,0.002748195799078111,0.012843031014669498,0.0009776337360491473,0.0025267614454828656,6.365866044619731,6.887717057883321,4.615535421446577,8.70317952069569,7.04328437070576
0.007069523557303701,0.010145574897236265,0.0018531834789092285,0.015191314219235277,0.002104109895157684,4.979192073772261,4.522111256887833,6.987884493561792,4.093186743806305,6.718274867505895
0.02291644102048517,0.031853937681272135,0.010937747627230467,0.005871665511264557,0.003386740549650424,3.282792284753102,3.0167081999517817,4.018486593981952,4.626577121766838,5.334128045520905
0.00825205481357489,0.0006547192912722931,0.002303697890931229,0.003851005728033806,0.0706135799872672,3.675090153230898,6.204575527774901,4.920480696932589,4.336063304411411,2.125045361606715
0.0061322460024068725,0.014340619808814327,0.004237824717918356,0.004227700242048455,0.0019377404435618694,5.984880771414102,4.799113451019154,6.655931060364999,6.583021906066619,8.03779234493723
0.016421894026857307,0.0055458816800872,0.005695946925273816,0.012852087129416772,0.013407507877843646,4.280523194201964,5.674701538449257,5.669112151097702,4.528457248388061,4.52145110354227
0.011330118090098356,0.00319822203115023,0.02020293069797611,0.002421396173259969,0.012040612906639613,4.29955965842805,5.91880381981241,3.6926278387264926,6.271915668870714,4.235585892806081
0.005092346127617676,0.0016115652768201717,0.0008499902711747681,0.028792436746326047,0.00462082943563644,4.690209814832195,6.063523375927112,7.136184763855402,3.0118106232654336,4.819732407912495
0.006937311178970576,0.007473158640524445,0.03718030041324775,0.000445946342538694,0.001121722967632744,3.705765036189926,3.6287199937968015,2.44807939281282,6.121461940858627,5.504341941914109
0.006166179286200012,0.002033894562335336,0.006970083960822311,0.002563687479844384,0.011902957258506609,5.884625081895142,7.792970762877852,5.67649045607141,7.282518850718411,4.95249749095038
0.0075278533547582715,0.016843191937351898,0.0029835525273966914,0.00803765379778759,0.002025249364924967,5.169868280217007,4.191641651207113,6.601555031767409,5.086702982496059,7.203139339028061
0.009722613945585691,0.002622085935209785,0.002114351203813991,0.020075786238780646,0.01150732423195291,4.387154564828117,6.062682041778143,6.436881955705354,3.613973026974495,4.211666749837311
0.010234495795292748,0.004107001148751609,0.05387900998824517,0.0010150540521569132,0.004347254511725727,3.828117215265573,4.7780892043249175,2.484781455810343,6.2557832398898165,4.741184069738167
0.007059251357599186,0.002653580378288449,0.0005966953906193026,0.09975091325416492,0.0019371411781457482,3.551031677768183,4.3597824750105385,6.156887299895721,1.819997453132563,4.712955412861151
0.016842534993800007,0.00828005302825803,0.009964444859559085,0.00783173274250335,0.009575727697248876,4.453701721955803,5.375872296447773,5.144533760078704,5.40413642016138,5.1740617611881605
0.0033583314751168434,0.0008025257980354733,0.0019264069945923977,0.0026770556320706365,0.013698327974493253,6.207576752003416,8.617727062180753,7.106202294178238,6.524561841092665,4.336219383954652
0.004590244610834695,0.018280364276795736,0.0054760258411308965,0.0015333714862375435,0.0009346890540329681,5.195173681026581,3.6494194585553927,5.010659564127244,6.698727482476261,7.527376486371585
0.039706572937108706,0.004841381204809376,0.018408055633063795,0.004924836132926938,0.019789221599607873,2.629999657492562,4.462286148772747,3.219799873174243,4.412106659355496,3.1498886842701084
0.001446958164345007,0.0002869413577076881,0.024748582003060262,2.308010081645149e-05,0.0014986348595208687,4.623658756116516,6.086048507430557,2.4822906057164507,7.252218552608416,4.6600916462263
0.004933017107210269,0.004571043396753851,0.001477261952881295,0.014003510811713164,0.0025583427981491196,6.063741714499406,6.1653042613909355,8.24452927854557,4.643884595414191,7.178227533646112
0.008830327801020142,0.02055412847802037,0.008775064690576522,0.0031362975222972147,0.002124858207593643,4.776489583375153,3.837125546828387,4.832337479735831,6.186939466499009,6.848808145806075
0.020133978511000534,0.0031384420215685212,0.009411054958059488,0.005880044689281605,0.03190962001251108,3.4734589744582736,5.535364815072543,4.2349596643352285,4.711151784430543,3.08051470675703
0.009126502432396745,0.03777902755175641,0.00199140430672795,0.008629180901342634,0.001030759050235508,3.7287890554294325,2.5887132770569456,5.4361394122087905,3.775728264959081,6.091494004673216
0.0054143678112023325,0.00034998029438478153,0.00041035207052648895,0.017721267130533347,0.01217095438261202,3.4106378942306703,5.576440273431563,5.710825515455271,2.579025711998521,2.858009021674873
0.0047592383570767465,0.0039949902182715045,0.011302676617158284,0.0015542371548497487,0.0029693633475507165,6.5546514927581265,6.8625329242030055,5.222821722714879,8.639967918677144,7.404900691249169
0.01244390523649637,0.010285120880132859,0.004129032220965511,0.01484660214180599,0.005037068548055023,4.757998418059921,4.999167241925084,6.382063716368285,4.532809351024688,6.023738438858759
0.01840267695404862,0.01084079192081044,0.020232204639550305,0.004369060727753934,0.006589213414460716,3.9381863798801278,4.53090529539254,3.8645612467045383,5.664255493515115,5.146797171982837
0.004308225592615967,0.00068850073084249,0.0030322619433085225,0.001901377260917091,0.02587093191176759,5.123501337104169,7.611617663224926,5.568583388214522,6.123023023892503,3.2502012939968394
0.0032675509883133254,0.0334981360149646,0.00140614961659124,0.002277394070411728,0.00037198925160513346,4.763789224563337,2.668498832043211,5.891672261380087,5.1648401249812155,7.366579228890133
0.0113510712775764,0.0058336096260233625,0.004440696065916661,0.012288439311889525,0.008268953205276874,5.15913757275159,6.1408928831069876,6.630848217789356,5.026455301879651,5.614520067410951
0.013375762349703803,0.005097554871723714,0.015198484301694456,0.0040376677289934255,0.011052436724786553,4.585242759692314,5.897879512095372,4.439508091154608,6.191903603835766,4.823268558915959
0.004446907808026431,0.0022500608299325063,0.0010378066392822641,0.019215993844528448,0.0035247498151423132,5.580594379812003,6.567022721758703,7.975311425636213,3.831510789244249,5.929610428677717
0.006043806104856207,0.012170430767828122,0.014050464281808452,0.0011261951718155058,0.0013174381891130796,4.6105672281175405,3.8609261360150238,3.7487627561929036,6.667941071107625,6.603628525456214
0.010486660751066966,0.0010386932341215824,0.014534058278782966,0.000994988684186688,0.025233563950841597,3.466091505783686,5.685936814272995,3.1848101508609137,5.466677689045233,2.774473499067294
0.00985670101537233,0.014960092143601689,0.0063448276256286166,0.005982932000419493,0.0032862498311639296,5.282791401829445,4.737741481645495,5.9845541307253445,6.000073486792012,7.026348670794937
0.011108412560545032,0.0030183580715715734,0.004575682107347307,0.008670178427234018,0.018425394361138655,4.736967772239536,6.606348438703789,5.973206857033163,5.019813462028643,4.151371780135814
0.0038959834117726724,0.001990825631967455,0.018142532432295293,0.0006862604757764984,0.0030623739983637347,5.627620407636882,6.598617592908818,3.774093436503188,8.068236587845313,5.983182160644655
0.007301004220132828,0.006700575324939784,0.001217069800294025,0.03228179792360665,0.0020466559533403573,4.299892745529723,4.370521827973697,6.657477502577364,2.942133332939645,5.820368905604157
0.06534481332828865,0.022256985769750635,0.010247792645514417,0.007240255120788629,0.004386120570659293,2.095436227889265,2.7694589864363155,3.399575766584519,3.636563017129342,4.136641499181277
0.005498238372838776,0.001672029914928813,0.0031023112845551936,0.004467581835496905,0.013793719586898201,6.052002547873279,8.159194298368767,7.009017804257308,6.334598574379706,4.762459247111299
0.005834914052078879,0.018879359069230484,0.004683121739229548,0.0030369592202295673,0.0014803401284752837,5.509503347641791,4.064795950471201,5.884895976683458,6.486698206250008,7.758008001825284
0.028741288313007866,0.0063916417410097084,0.008726968402890747,0.011442961728745179,0.017788440509598727,3.3016832056556398,4.871931612663105,4.528997553824784,4.158173293462663,3.750534140965907
0.00755356071663572,0.0018289848331792678,0.033010063549662856,0.0007804540326252966,0.007190894559327613,4.1209040653190545,5.699396690017935,2.8152958105568264,6.483657157051675,4.180978115338422
0.006569636316599291,0.001083045155158961,0.0005561743156513011,0.060996516626145095,0.0047158465439187626,3.594085886337905,5.161486984893001,6.135085274185421,2.04832502187027,3.897942896134679
0.009923658114199999,0.007387975661372046,0.01646111784546602,0.0029561459135065042,0.004902003382765095,5.115255745996134,5.527748415988163,4.4967758053335585,6.936186996503168,6.146192328867791
0.004610016933862213,0.0011342224545268513,0.004708197920457986,0.001916218978807371,0.015073530893545916,5.735092777169504,7.996756657103032,5.6815291773044665,7.035822946388124,4.223086701994403
0.005587580060798062,0.01258630604873859,0.0014910459510715465,0.010738922667577734,0.0012814989258396363,4.954178930811169,4.015901607343806,6.885174256118725,4.205015246092048,6.997164571247416
0.004128221780060334,0.0009328054516143799,0.0006305422125597284,0.021959638825155912,0.005308631191227561,4.635431394318703,6.303766153616056,7.048566748169127,3.0483036626089866,4.38599825620069
0.002036392399127576,0.0024030214908155956,0.024221629817911646,7.029496442578365e-05,0.0003613515569692687,4.3922337498674615,4.20816200830973,2.513984812756073,6.94718036243348,6.0724630207822745
0.00754870898107123,0.00919836080996874,0.003081957136840315,0.010131744323452546,0.0031486596917282444,5.8175182721473915,5.521109602579683,7.392543469594206,5.388630507252987,7.294133701121741
0.013300050004562183,0.014332798694796204,0.011482525120700717,0.005021521911216552,0.004440725009550935,4.653474634125734,4.57827754008504,4.877944198825582,5.9594725214608655,6.192659130523507
0.008616602028056598,0.0018536737257034434,0.0049496660723000515,0.0045149759511303915,0.025803933510932412,4.778736701928317,6.986328806792511,5.505376575321127,5.600310500018627,3.5866221903198245
0.006925809439201792,0.03545884969415461,0.00456553963287095,0.00292490362679662,0.0011530493628067375,4.552126501180462,2.986058210288917,5.0963202637064615,5.609922560538055,6.9661443948762
0.039961512610724836,0.003480509300739265,0.00590189404241624,0.011603909578468501,0.02935238624649899,2.526236825234936,4.6090375477234,4.1189598660368185,3.4348092547220337,2.7423562638763848
0.006911690911049596,0.0031200724997157117,0.011470671156403846,0.002360429635184429,0.007562915588499064,5.8509399504540225,7.194547907244528,5.113784265883848,7.636504900125229,5.718870257140059
0.0038140563013149805,0.002815905853225412,0.0010855864861060425,0.013519429903984586,0.002497028377813713,6.341737434365863,6.818093260802154,8.682982446134442,4.58705605077982,7.067451567565134
0.007488501321514811,0.019076227670776054,0.008817111863769512,0.0024372581700114184,0.0017559801230888083,4.86502524355832,3.8215048493603683,4.709390027087858,6.415495835372727,6.980905523442828
0.021976405262824593,0.0031870738816721133,0.012300896991720153,0.004813473887011677,0.02982650144405136,3.2962820099627845,5.3355009557768875,3.835191289794097,4.798151513770285,3.04358008426138
0.00845823245217566,0.054780132191868,0.002025745696880011,0.00596924850415224,0.000774206312571314,3.643964927456245,2.258937355183893,5.186470409673344,3.9569540652685373,6.11998062173543
0.008930968453781895,0.0034497498384997516,0.0034507660882645372,0.010758554786149023,0.010655647302043554,5.4009775874182555,6.903734000421438,6.93721032916068,5.120178771153893,5.165227453947565
0.0070991297830290375,0.004087143473648618,0.01973140939295506,0.0017464346466249518,0.004657543020484416,5.30022178632929,6.103277963498548,4.047222821742375,7.470253636907316,5.910558355082227
0.01319503241924521,0.006483028542619952,0.002602713772622282,0.03019299419654682,0.005983348699259156,4.124086622478402,4.938417115572041,6.250882324283169,3.307967821393503,5.062431958262328
0.04054667922673452,0.0077957515016883,0.020310303900428588,0.005730104862025769,0.013249073019597192,2.7372222137979922,4.187950005915234,3.300175471603435,4.482589960284725,3.666857734269623
0.001002203070138319,7.543102188461225e-05,0.00045219143769708887,0.00029843193186357127,0.017049738772854497,5.4172752743362835,8.127735100809952,6.1708165932016135,6.051013581949569,2.9383098759205724
0.0037657988212468183,0.01156663019171852,0.00292941039852574,0.0026122185921904303,0.0011583931952890898,6.665726675701167,4.988572874770676,7.171002538237627,7.310304154198905,8.943040025819547
0.021034676752715174,0.010224177592242697,0.007044510688875112,0.013692799049218314,0.008880826843150148,3.9266959743856873,4.747584138661164,5.2672231675567405,4.369695945219423,4.9293333623164965
0.012863500147276025,0.005182871660873966,0.0326503295407944,0.002205919908496343,0.006916230588772855,4.054654597814912,5.121279571811969,3.177775300820472,6.227534982050168,4.759510832270964
0.006834102871623023,0.0030589241797148873,0.0009626713789404102,0.050548801351279114,0.003199557199745347,4.21893980816762,5.08025155600002,6.725716529682338,2.522626284696293,5.0783806806542415
0.01161296195922952,0.015486437847897286,0.027055035530811386,0.0006944915176859966,0.0011213154226129532,3.116932768088654,2.8967981142548846,2.5464510493663415,5.380160482248709,5.1999135037824376
0.007596525629200892,0.002269096309229016,0.006604313772337241,0.0034622097552018897,0.015489178040377163,5.4699376160839694,7.433912403605715,5.65885977235855,6.61949704467665,4.536229868868845
0.01748849421711944,0.018493262153363072,0.006371245006842744,0.011243933736254482,0.004601015078836522,4.055396824394497,4.001412466387802,5.322264328314991,4.534974005015213,5.734211809870144
0.00661996332362025,0.0012210456383219717,0.002033544107494145,0.0071906747634402765,0.02230023296568436,4.70008021685727,6.951437192006736,6.269317471254081,4.5691538094503334,3.4436941001447368
0.0019409183113645648,0.0008552217332300868,0.019320867643755932,0.00012831123137110705,0.0013688750235475071,5.398475858628934,6.327869566638324,3.1129507609358886,8.03720229634588,5.851935572100168
0.00238911551647621,0.003857135804404956,0.0002708346911219599,0.019610482999054553,0.0003112884647349691,4.2399165458751655,3.802042988414823,6.703996289245517,2.647681700234059,6.1235817742737515
0.011535639525086438,0.012332475815093162,0.007121702453536006,0.00700947856922673,0.004541085450635208,5.1827307950656225,5.099608193827888,5.9296463433906865,5.878834172738379,6.611761736306485
0.007550759894771751,0.002132005503948739,0.0035777106213208116,0.006297303538818871,0.01672002724164113,5.374700458674819,7.395902711879122,6.520793327301337,5.590533465026478,4.367543144306379
0.006996208486929131,0.024044385953895714,0.0035070635955288393,0.005031260024494897,0.0015615679354658118,5.035420126740594,3.6591870651974245,6.063544691635445,5.472141946085476,7.302140900274411
0.020008685333061892,0.0040352157074198605,0.0035845578467244006,0.02190823202581425,0.016599185999898514,3.4439339275979948,5.15378906142375,5.348376632742874,3.3341009567274806,3.6276466346200262
0.015050535908063701,0.0017538048218731874,0.02240975068741969,0.001410029238755057,0.019948493863693732,3.224927815433868,5.269505372747643,2.911690995985296,5.321876959627709,3.0054337384314174
0.0045123279479405524,0.0024270882111429746,0.0015233503062754403,0.01099081907376781,0.004467878898717327,6.529021697326697,7.630063827062145,8.630393220664011,5.174220859708466,6.5603639108881255
0.005725032019586692,0.007952683504553465,0.011979462504867252,0.0017168987370641436,0.0021331104690873602,5.681840184589611,5.223956760039598,4.714043278934889,7.6383513751832215,7.299102104757214
0.008197323701474264,0.0020613667426949197,0.012635033363906896,0.0020770835866839913,0.014253021463713548,4.739989018031219,6.643837663976245,4.211855336647234,6.57231058344547,4.0980986904714465
0.004919345935079877,0.027647484490079706,0.0018768956840092752,0.004331503557630166,0.0007880371178531844,4.8152597296468285,3.098475434614894,6.14151569313349,4.96540406401251,7.2644960258097
0.01695843620378408,0.002502366717030107,0.0015270108386013933,0.04747354114901569,0.00996798728182127,3.0343792580483804,4.7210113220892,5.391871619396557,2.3114141565921105,3.482379511204093
0.0068282019247473446,0.005575521601200736,0.014469689435850643,0.002088573533154879,0.0037313853356116134,5.77337451726564,6.089253682094309,4.746578633955768,7.754592052770997,6.751643964867032
0.00975026707944419,0.00830419353155579,0.0026614208387153184,0.0188964170167669,0.003970400487940573,4.881609613431836,5.079320006502759,6.841494398699823,4.105384175501629,6.1531075975836025
0.02768214053423294,0.014512667513587062,0.015513577900477736,0.006911347413307139,0.007355084719438206,3.3778122544639246,4.0057036340176735,3.964704547533262,4.806282253840529,4.772166138058369
0.004107950780973248,0.0005261214898466773,0.001919592128722805,0.0022961162922445705,0.03267362508592554,4.858941222847362,7.410264668075481,5.766446883761526,5.474185779723576,2.8821167851499387
0.003680254336831697,0.04124288288305401,0.0033196240956665356,0.0007669808369865357,0.00031511773486527606,4.2325983778315255,2.3323430052388705,4.39718849515886,5.70039572258687,6.811017116551494
0.01468854291501394,0.005622962260448932,0.0088886261829883,0.007199630617399951,0.012660802570765219,4.6562535634584306,5.989348777617699,5.332392353764682,5.561203671863729,4.846555035743228
0.005971348688885153,0.0024289331727980795,0.015987747472010733,0.0014757607058265639,0.006343229939426788,5.425786893957302,6.8042216026549855,4.186431382363847,7.573118189889604,5.346110288727766
0.004863592893254773,0.003249267649458729,0.001001761909123637,0.02534781199978639,0.0025115502704073796,5.191334487623697,5.705169822409312,7.6351985777877776,3.406413099218869,6.111541934917284
0.014917238131579517,0.031085558542686305,0.013982147888401752,0.0026213816547059334,0.0019849155988352846,3.4403457338888543,2.846340523460362,3.5377416047362584,5.211174711664598,5.6187456929355575
0.0102968237111942,0.0005081978637350959,0.0036671579767507284,0.0016154110525674298,0.10274120242122901,3.1703594626170557,5.743128189034051,4.008010647282948,4.476405801050385,1.766022890206544
0.010872649634872202,0.013734981376658835,0.004349073231821005,0.010648981023518952,0.0036451548265407003,4.975994386811173,4.681354999705807,6.367987762384759,4.996976299050313,6.603480570266111
0.0067198500022841905,0.0018428447656412576,0.0021208574276701344,0.009887425601800347,0.013202955004014,5.1720633222741075,7.1113620475949615,6.919127137670775,4.650393281430507,4.350747964115155
0.003235321991654247,0.0022602390570250807,0.019174760998839215,0.00045628070304378306,0.0017557624055309347,5.576377739861431,6.048461500799163,3.5430782334849025,8.101763636804623,6.450433386106277
0.03325263750548842,0.01497891768468947,0.0036969893308519816,0.026817983894640508,0.004809819618933812,2.7223644824107676,3.3348745743043255,4.758829774623361,2.8593838368329383,4.438597562726524
0.02008054566680419,0.004658266025440278,0.08488077855810586,0.00052297464562719,0.0029431289891650035,2.5814258149071745,3.611169610498189,1.7978556727258994,5.1083493866204615,4.035712145328591
0.0042392702762270714,0.0014068841599523519,0.0038524140133189854,0.002416299486307001,0.010632332012016814,6.700234301639676,8.828170426620233,6.840687013179727,7.680578141094071,5.277280200281749
0.004323074258945716,0.01384306478408057,0.0025888408236362554,0.003619725982239286,0.0012260158733755032,6.200945674870607,4.590798139851053,7.125541345366899,6.490771530477705,8.47514170763729
0.018175666499769906,0.0072498303501216535,0.00419523591235487,0.022086669275801458,0.009091392836899446,3.911797609542889,4.959085349422363,5.740827995437192,3.6942137191634594,4.691672790508243
0.02286589471750874,0.005393673880298491,0.027843065256294094,0.0034504632899487447,0.012515953269639288,3.307090456213232,4.7847550529858225,3.15041682227605,5.286640560608728,3.8703764227888637
0.002561116325334649,0.001016574271538401,0.00034864356354900964,0.0324657938863208,0.0015544844676412728,4.876283040482019,5.8272971560245255,7.519587285029254,2.6480331653156304,5.4404853126512185
0.007454658284225256,0.010418483455052764,0.00977250603986212,0.0028988965012491734,0.002833788200688323,5.710420344813706,5.239735015709085,5.3580118042121425,7.246344632630157,7.332324187737246
0.010308831877343059,0.0029070458378570867,0.009173982264578497,0.0038924299543153028,0.017133070133271058,4.861923153727771,6.719440894881543,5.007096969872055,6.181065720392113,4.257429690047966
0.014806158842314229,0.026380468340470916,0.005599300136291172,0.0089312506175255,0.0030659853526630518,4.049244675265856,3.482986340691475,5.254225302639238,4.602812330460953,6.054879935299658
0.010071930323317631,0.0015306593753126934,0.002355867518157738,0.010460746495381642,0.027513858903784792,3.988019207197896,6.189165959393923,5.696326151216955,3.9192426274626717,3.082664289383158
0.003074147081072242,0.0008353870778918179,0.038039185168303964,0.00012779637321505988,0.0023247442425754867,4.470736074855235,5.7494022118494925,2.421703699547938,7.078863842003167,4.787414365647094
0.005701781473149082,0.005149567420909291,0.0018427076530830176,0.01357592240012284,0.003032985159032652,6.051279156855795,6.198940628651476,8.108909078960549,4.845776761010144,7.128049799969751
0.020338623022986137,0.012768545998665896,0.008031124991797364,0.011303134481869743,0.007243929882489346,4.005332804288127,4.529706725950571,5.149024298164785,4.644666890437014,5.250441764565278
0.004399902465627572,0.0008770039588500508,0.0017865368051402358,0.00422607461697017,0.018587036523466948,5.393291507441261,7.760786822282902,6.700051266039397,5.411515462504005,3.7343506085471034
0.0031384427312092307,0.02360960798592227,0.0025968833488293677,0.001260029672134585,0.00046423340466112615,5.187769075475688,3.1268816765854774,5.476661340776673,6.311265841284616,7.749097169448693
0.09559540784497551,0.00691559268872794,0.008758924063482065,0.00950164204615088,0.012406119286620335,1.8537445644186867,3.601038269122202,3.4424662241685144,3.3199644750633435,3.1472624937461173
0.007260046279936417,0.003875075787931357,0.015508527069114906,0.002116789922898523,0.005826154306573838,5.580634267893211,6.583407415937544,4.570669202616455,7.576010870122973,5.911489191375261
0.010357885364760344,0.004850379623437819,0.002544705172593152,0.02269950581722936,0.006778814929849018,4.7008284816010475,5.702436760534157,6.754487716990233,3.8173907984238786,5.260968714882453
0.01020789842111342,0.0091194593151278,0.02715316574443678,0.0018423060035282733,0.003123630779171185,4.268605973713468,4.394048272373513,3.328610250193908,6.43135660027872,5.756243019339607
0.004556020821354672,0.0005736113294644775,0.005463631287809762,0.0008366526526398992,0.023804016642761747,4.574208221259195,6.976869697738967,4.372112009503209,6.2234554934721125,3.0282091941677667
0.005773760257530846,0.03186124146848182,0.0009814641210692558,0.007429594215485983,0.00042635527977490876,3.628948358060648,2.3797766395199433,5.533580036191518,3.423159995385088,6.056004913879885
0.007538341103396825,0.0028353234285668767,0.00251581651530625,0.012195251802560553,0.009442114029944902,5.44672643043145,6.9876724410322035,7.24233415224402,4.7835398653257775,5.14840669263415
0.005710187894984577,0.004464693502889344,0.020181823308048605,0.001255257255098733,0.0028446348558144497,5.370989929256264,5.716199508593039,3.868519266890772,7.6635255804387645,6.404695841201604
0.015277583482450877,0.011644237417335489,0.0027474382690733717,0.027946001735754858,0.003974077941343014,3.7742988903310217,4.036701417945511,5.843031609487036,3.217086544941447,5.309962889650422
0.03748876627283801,0.01361905040951238,0.028334917483848112,0.003580913334597666,0.005551841099773256,2.6159188073761346,3.3999006011264736,2.841135480055148,4.649087178956763,4.2575507414507925
0.0015336637452086186,6.578322479393152e-05,0.0006493264615142192,0.00019553477659752042,0.048675459695028296,4.422773029699421,7.137498219240355,5.1110932504518,5.385031878239834,2.0440062903068448
0.008720959661566219,0.013644986649283115,0.007053321145431422,0.004638088627868645,0.003038992730769585,5.545398046733627,4.935242777854196,5.923813823633577,6.512396546307818,7.290147990066612
0.012106025116818917,0.003449231058326861,0.00611186607505142,0.00720459459548788,0.01818136500180965,4.722610303707905,6.524944178075366,5.654777814766601,5.350662017638529,4.246316007361738
0.005442090305053862,0.0015851553324066335,0.011325934251248114,0.0013648235089593732,0.009511855986671479,5.3046121570649465,7.146847224466144,4.375580821319956,7.289177782840766,4.604388669943386
0.0018318545071171284,0.0011891692736726535,0.00039249415861595285,0.013041047075480318,0.0011317074386027507,6.1412957733589275,6.686744839779694,8.755785715710047,3.842817202563812,6.835091147851072
0.004529898686853066,0.030695191838260444,0.005109139100747462,0.0008934320187495134,0.0004990568238957134,4.290016971527757,2.6585625926629968,4.205454633316758,5.926435906943312,6.76317500682079
0.012670446438245126,0.005014682690425886,0.009208950588259195,0.005887885991603683,0.012063468030624537,4.954469356509168,6.314835129626572,5.400157682402515,5.994316492675861,5.0215924261941955
0.0072753276151110114,0.017648222154592497,0.003381536858675922,0.0065429539895834,0.0019772016323750846,5.3168571770833415,4.221559969194129,6.531591261668395,5.465917678990631,7.397051568665919
0.012673497434521716,0.003474863746053988,0.0029272949004785984,0.019595214084844204,0.013126861505928872,4.194417030841513,5.8148430096847585,6.1089427669562415,3.7238537467628476,4.168197359764408
0.007494281266274755,0.0038633755331236226,0.043948091734080964,0.0008564361205591172,0.0033053556308009456,4.2711318538469705,5.012833428140145,2.702211714061878,6.721843979019395,5.230357124290198
0.01151805410310746,0.00501838059681833,0.0010495016152893175,0.0773354832256831,0.002592887387459561,3.3047700573503276,4.003705660948934,5.8102206278595,2.0209766251776733,4.670476554314778
0.015196625368491807,0.008549200554296576,0.011114880716459444,0.006429462618639989,0.008268863122326194,4.654086014440508,5.425434285292989,5.0824215267516735,5.7870566511857,5.466781143926361
0.003933323397245117,0.0009811300813327884,0.002481613643429788,0.0027724199108818542,0.01490926532200565,6.0961991092716445,8.461981493762142,6.831359224853851,6.607557665338455,4.326910717705625
0.0034202431079410674,0.017923391680417906,0.0019795135951362597,0.0025180584376857025,0.0007027177403145413,5.742964592933446,3.7634917666067174,6.613979653284239,6.182115962784631,8.234039977681546
0.03147683968970297,0.00855924639064778,0.0038442415502335926,0.03124676966335435,0.00840124911208003,2.8846685209287797,4.021219604042215,4.941429990128509,2.8679077049189408,4.0586226539728285
0.023968019547150093,0.00333944229832163,0.059552062751041,0.000988278073091244,0.0074952744136161644,2.635381586755487,4.178611899036872,2.091647033523393,5.0512854703305505,3.5255743947401266
0.005262134263236328,0.0034339315792812665,0.0015871246658969009,0.014666079209956821,0.003738079515610452,6.064564218371922,6.746608234953466,8.245390720976912,4.644503221652658,6.636351078836333
0.014726252582235403,0.015820002548663094,0.014489700136763524,0.004373554719585807,0.004217527610049216,4.268301410918399,4.1979574936270545,4.331196053123946,5.803234840871042,5.90033446090952
0.008569235907696916,0.0014572626688016958,0.0051016297209100095,0.003613832973191789,0.033964794210252516,4.442637736453555,6.768171607449044,5.06075347224531,5.464689781486171,3.1090051796101847
0.0231846527431952,0.02154156635888483,0.003289833753355387,0.021162477777933352,0.003148847723420692,3.0456943823054727,3.0934759322075793,4.992817611095631,3.102302506711354,4.998291227776417
0.0020798401830762116,0.00014758210713704392,0.00029492260745990614,0.004024946801701899,0.014423632183241481,4.390148734591894,6.799515545334529,6.344975387850745,3.7799602049817813,2.8832967541395575
0.0031097195525956285,0.002469573862737223,0.01038510501765855,0.0008505510179929191,0.0020890366769049326,6.805405565233356,7.210207508344187,4.967802331135505,9.16231574512595,7.525954922880907
0.007760526267300352,0.012593080686877188,0.0022771170754894003,0.012804671334207223,0.0022127607429763456,4.970445671814796,4.372598577879856,6.806622108626858,4.368129556603941,6.8037520552742015
0.017533634672667508,0.028685733111636604,0.012422906058759462,0.004410783517326627,0.0029994842363087124,3.615577892950571,3.1864334785891995,4.0038120818179905,5.110214850030678,5.656098362520909
0.01092844043971278,0.0009867129289886617,0.003878795843645475,0.0038899464393543776,0.06717869787584857,3.563747016238045,6.037210802671496,4.581673691523407,4.517615718041256,2.2254597986927833
0.0022106803732406064,0.06407341060572573,0.0013537286831629568,0.0006361204527621689,0.0001185401194332613,4.1960499098230075,1.891210868225893,4.865804521695832,5.24762956467925,6.901955602824145
0.012475817670082314,0.005874555138816733,0.006363097525060984,0.008916722010456396,0.009950985454342847,5.093311816961227,6.211146080542108,6.11100461428071,5.526234987207258,5.413438361684756
0.008557687405315836,0.0036324698154003828,0.015339790787150245,0.002478323462280181,0.008170949069644587,5.230573730604538,6.531621436289282,4.4827209388480656,7.11498531881786,5.296765476740204
0.007627503590023577,0.003161776446048177,0.0017924537904874462,0.022060257134802672,0.0063957354229493045,4.95571787517905,6.171267205063703,7.146523833336284,3.747729501484169,5.199398080590053
0.006384341311386269,0.0075825091915497,0.022252365500393265,0.0010520005823255435,0.0018546421944148443,4.654115291962706,4.455654281412931,3.392312740047534,6.914751808667711,6.28241380571901
0.0046761358634937085,0.0005655466113597892,0.008570790226100473,0.0005030517159141403,0.01717227725480117,4.337879658095099,6.608776930671379,3.741327282777638,6.295781922793562,3.1557039368192163
0.0049999071293509445,0.010838613336540372,0.0025820708166610076,0.005439067162974605,0.0017194915349676787,6.398272486612381,5.232291115542042,7.651011293162609,6.271985954845578,8.396362980963946
0.009620890834300162,0.004224015412197623,0.0027588148618213617,0.017669556297353152,0.007866939664124608,5.001285137892497,6.174018075938086,6.924324469505923,4.251992086306163,5.282727217924327
0.010263864614041022,0.007366959601447969,0.026178588717915792,0.00210640130368463,0.004076499849199618,4.494679837907252,4.896372094057241,3.531132468078397,6.628378171427947,5.6947198357002105
0.007733182712242228,0.0062052652815730745,0.0013231671500502325,0.034008058769747954,0.00247124588688472,4.343868584593139,4.567683148009498,6.701770043788464,2.970634080564275,5.73364275306898
0.06855977014858133,0.017647350424204105,0.010975397341416155,0.008402012587534619,0.00596976579067283,2.1368910801721546,3.0376808942976123,3.456033023779995,3.631589557697943,3.988120078615725
0.00491781847630468,0.001546928264289572,0.0028642380887708447,0.004092488662180192,0.012493112281101166,6.31595694958774,8.439145725888004,7.252758530057207,6.57115804731356,4.956152115837202
0.004822877054282606,0.015183315536344564,0.0046033563263709176,0.0023820664153636154,0.001311952320642856,5.881816196959886,4.37559737530431,6.007056988148968,7.007623697857211,8.126848784053346
0.028785937111347127,0.007683399086627001,0.011965694157018203,0.008894331184628438,0.01478201440201184,3.3657399593350226,4.748153615510086,4.260341616730698,4.528344096519334,4.013906848850325
0.005920275989511243,0.0018998605934030203,0.03284454826053293,0.0006499423892788012,0.004880307076036176,4.494916867432767,5.838467401160621,2.891351966787848,6.931712565767225,4.724495073110772
0.0024415880766098037,0.0017619106232797793,0.0003083713288013465,0.034156255611657985,0.0007379707138370316,4.656970628393304,4.930673394551936,7.2871306591616385,2.5044914900518838,5.921419656103891
0.008472167188321306,0.013995106266829569,0.008357332041720986,0.0037029841752007873,0.002788674428679197,5.412668238481049,4.7526633392817335,5.48135098339547,6.674484722924504,7.211528693915771
0.01350861506240403,0.003425933339100648,0.008059913461981332,0.005870443870534345,0.02075895956512736,4.423393359540546,6.286804183095343,5.0643828143091305,5.429994874452932,3.950811409048738
0.011131310730489698,0.023602184843593034,0.003287907473413441,0.010935086586056027,0.002271389916365425,4.237111945911454,3.4832223425680837,5.814848226446293,4.253677866007896,6.306615367739307
0.007829097490753176,0.001280739586950908,0.0013807322496420574,0.015872869490479988,0.015608059153557586,4.086693958944065,6.127597769625265,6.1557893971304205,3.392402087948379,3.4430626775914646
0.0021383056218541034,0.0011061760459192991,0.04185802358378529,6.529102780259747e-05,0.0007733972933614016,4.533067454348821,5.105071412290897,2.2527115809093776,7.212675760395013,5.570964635210246
0.012224650437257898,0.00921426824858667,0.0041528279465627115,0.014740282278426869,0.005479254690608923,4.849562049993115,5.220491152934647,6.4669961168689385,4.605916345079328,5.981887350627553
0.018120674824526416,0.009647939488724874,0.019287128179187225,0.004554675966576687,0.007438262237936502,4.022977621036255,4.752503698805578,3.9776210190962593,5.705017870888811,5.077637883066925
0.003833980964834988,0.000662458660565048,0.0027461316212819965,0.0018314909330041718,0.021877777395671656,5.395485314057101,7.885421416048395,5.837954705180319,6.335677423028629,3.470252532559702
0.004250306797848377,0.03671772019836841,0.001724494923328642,0.002990236780742145,0.0005263838483761815,4.6238577139270465,2.6813075231782397,5.79739361984617,5.015012216720137,7.18127497617471
0.02535260291883137,0.002111318168183423,0.0014055916160931356,0.04289125580743829,0.010250329814592122,2.4786117492190116,4.315035659788082,4.868938504591148,2.1402033186692258,3.1092603077726206
0.010108257394698237,0.004525411763704597,0.010921894291008684,0.003981077207751526,0.009590046658887194,5.367841739872053,6.629962907351407,5.264038776051115,6.776233884161285,5.44711315613782
0.004494193938494139,0.0024444061245183224,0.0013177777802337463,0.01362237345865441,0.003978359190644094,6.172234819520698,7.17365932408759,8.41252873614935,4.628425822897978,6.382129522074789
0.0058992621427949275,0.009906054802620173,0.01227344869788631,0.0015817254945602686,0.0017910914574047942,5.266448429648135,4.6116213157169685,4.3866809166739635,7.226893430760904,7.085471541450966
0.010493506720237848,0.0020037485895631943,0.015412281932332506,0.0020178304357066417,0.018205666306651012,4.091099860652406,6.077444926441423,3.684823171568981,5.991349959226935,3.541025177223636
0.015273283719413087,0.06601741789238705,0.005973519178404904,0.004073546290814279,0.0014074234566363326,3.2403745886733515,2.218217406216233,4.137466493954882,4.458859266812609,5.663882633723912
0.00944194756455876,0.0032903810888373327,0.004919777534510222,0.0071990202403108584,0.013608991129440348,5.394431250940672,7.084279509880499,6.407169684668729,5.7574259590647525,4.9002817131403775
0.003831178315487758,0.002275681192684584,0.012847216458133802,0.0009849493343328994,0.003147687718405048,6.303995371552308,7.175942583675467,4.585370849222439,8.628736261133895,6.632236675880838
0.005680656721469588,0.006834459161057316,0.0014023277140401184,0.01695989211689338,0.0019706253378128946,5.234954510826207,4.973810406886647,7.42359548986779,3.9622881600981414,6.787540607405998
0.028738646974616287,0.028792202155054354,0.008126774390508344,0.009665665320217587,0.0041376938425230604,3.0736080051262955,3.073723160773816,4.2994674983392445,4.050766787791835,5.044438350230432
0.005339625079310558,0.00044551437591112074,0.001224331538414344,0.004117597942032418,0.045600616314264354,4.031153628944878,6.551150597164063,5.533704682542055,4.228298906974654,2.362800248346835
0.004491252018712241,0.012441183903598645,0.003567147178912206,0.002957986417359705,0.0014141188590329691,6.460643661477676,4.962813043968258,6.920215475821679,7.182649289042414,8.65160792753589
0.020062050596683565,0.008341500389597802,0.007450755652796269,0.012279824954834947,0.010714133117182001,4.039501014988015,5.086632668627221,5.272605380135396,4.564511956994492,4.77088094534256
0.011021708677775438,0.004082808808551078,0.02808979050026514,0.002072475215542014,0.007712002460206996,4.305676352422341,5.546330225827894,3.369715303951627,6.459312383987331,4.723972769786656
0.007724418910843026,0.002881533146294177,0.001148254129098866,0.04518270695011529,0.0044878289428164206,4.202611898194257,5.30161287828424,6.652507566511936,2.658577930245662,4.8183808922187294
0.013844554390338715,0.011003759069217496,0.04251688466902063,0.0008363213667535965,0.001811014464357956,3.0955530704677336,3.2702091405740785,2.347273375870431,5.445659310229961,4.946779740504945
0.006182087472918847,0.0019059953750569763,0.005691233789894765,0.0029428486599487173,0.013807542672108424,5.855013853488539,7.87779619577845,5.961691374674137,7.001472016813422,4.743701249748344
0.0071810992179579,0.013301539587987436,0.002430722903431214,0.010264720218660442,0.00208319007654318,5.21102245278338,4.435536204545282,6.904678927002548,4.75761693727353,7.115864570450527
0.006284259909125509,0.001813434003738323,0.0013958740015266296,0.017475092759019838,0.00843765601729183,4.873183056868433,6.552389349759038,7.042803598046977,3.727565383844484,4.534536362260583
0.004167874694073557,0.003800325653222592,0.027984169099216843,0.000422573847861791,0.001281775672284661,4.73639421385708,4.825555916245465,2.9359722235242693,7.228203608145775,6.130323841144613
0.011061192021473754,0.013137732896202176,0.0010754058951878847,0.02998330124129299,0.0011120684705356277,3.1622804708039345,3.012440829294902,5.473965500626849,2.4567737482322127,5.188953247241003
0.013628498260689442,0.011914570601852616,0.012544780184179151,0.00497544898311713,0.005245586761410054,4.6917636757519805,4.873817295482813,4.8280700335086335,6.05929307178217,6.022557409312431
0.006770666428045495,0.0015471678807340973,0.00436833325903641,0.0036538689594639425,0.022388164134440273,5.175400221664575,7.429191258926779,5.7806327203081675,6.012804691798501,3.7916555944728683
0.009092354397561571,0.034221863214547635,0.0062573489954729465,0.003448154013406622,0.0016352178452126909,4.34145481244175,3.0787282143775205,4.822546511848597,5.517200822700239,6.64965355179825
0.028209823408870745,0.002697516512757331,0.006008721552945023,0.008831160413650212,0.03968107981406248,2.845851273747831,5.03943187953656,4.223852243639085,3.7890382907130116,2.6080385879229104
0.002840631251154202,0.00028166740178375545,0.01789507096112206,5.218002113655786e-05,0.005948354892037271,3.999142099042355,5.99639961903781,2.6586705635465644,6.396698045960649,3.4683521541892204
0.004108348608742229,0.002901387319407287,0.0013893492013611376,0.010967202152705358,0.0031111312874138606,6.7852945773970035,7.398961691052186,8.965203477805094,5.263608230639684,7.303137058719941
0.008039408389686824,0.013605571816403386,0.009823853382126824,0.002952268032360539,0.0025341571892626225,5.2874652202610735,4.618264471177651,5.062141116681674,6.803624344843106,7.11239834269701
0.013691055265414863,0.0031029837179953794,0.010148182936574173,0.004521262908229554,0.022406276674141908,4.219492350225319,6.1515738336256645,4.561297321669793,5.550026858542934,3.710306019275502
0.013365719665789559,0.034720021703819964,0.003995667120801464,0.008993573338417942,0.0021309004870951123,3.8274749789661646,2.984883896196338,5.237237826894235,4.227347794276245,6.032379095800582
0.009660002601611454,0.0010487033960843639,0.0014661899297046795,0.01338425078116475,0.025144312488000923,3.602070303487991,5.8225032672465655,5.575602132993639,3.2958279380296727,2.836948474231285
0.006003962533087098,0.003523707114754741,0.013233223394801557,0.0018734515132819193,0.004830956561499059,6.049475295027687,6.941862274465249,4.903255383177262,8.071579110536167,6.403346847755227
0.011675736973702153,0.005753755855038919,0.0032627482172676277,0.01906844605064203,0.007369117852539309,4.72598767965503,5.670139527645407,6.59988631216746,4.136595189641704,5.340359241992564
0.02290264704349491,0.006311366379182777,0.01653261247255843,0.005638798748493549,0.01459566334265344,3.6164142870597535,5.055753324385231,3.9541529325846128,5.149910598935899,4.073851115869048
0.0016270502133359384,0.00024411954569650377,0.0009940943813473617,0.0008561836058412098,0.01236297627738066,6.130478041333392,8.759658501523901,6.743364699259697,6.759626806512322,3.799197937357544
0.0008727415511209525,0.010715757143725246,0.0006736652890818738,0.0005288047598172767,9.353240442063092e-05,5.927406154266111,3.399963049339546,6.576290838944798,6.559015645420757,8.643410131330647
0.013518011178671826,0.010722591117312967,0.005844683085914119,0.010934250902868132,0.005843382563978051,4.83188405018162,5.141923293895846,6.0657970859970565,5.08923497790274,6.021198534219777
0.011969273592818973,0.00763943577429503,0.020721059541639702,0.0030117716412325843,0.005616554999662689,4.610740524404895,5.197871346615396,4.00487856630057,6.5175765462298445,5.61248517421772
0.00649235760981065,0.0047287189343932345,0.0013598437329664184,0.026692761479457663,0.0029249774744156,4.930076292814759,5.318534838446784,7.270732712607174,3.427499136071687,6.026980311746179
0.010014924524534733,0.023177567047852548,0.013928228857873488,0.0018545145121356185,0.0016199005182933645,3.91046015265245,3.1527013570821034,3.6308310156240964,5.779313397536713,6.053418155391044
0.013049433587850223,0.0008130928840385719,0.007217657059087801,0.0015659164603471984,0.061755166163481416,3.1133354790663583,5.568424527040366,3.594082135550323,4.740072701272073,2.0924540370297198
0.010421279486323164,0.014967097747272616,0.004964410721014112,0.008413518170149348,0.0034072670558325004,5.1009525656387655,4.642890609011837,6.246764238111048,5.386777395368246,6.81784430348355
0.008734010859341614,0.0023912848655269535,0.0029182094277226964,0.010349209246275538,0.015527057654414443,4.918881457724505,6.811664817955022,6.521585274925544,4.675437422548422,4.241699187604619
0.0034815403956886485,0.002277818918176077,0.019178387771387875,0.0005366488754170515,0.0020608310149285956,5.604306886058027,6.186946349921289,3.616250642506751,8.107974015548173,6.366962086382366
0.005528629736654439,0.00903893658322507,0.0010110407341386068,0.018753905553619315,0.0011103569037181236,4.425288423916353,3.8979440528663,6.6716901854343025,3.264185248921353,6.322371978175627
0.029339411482269234,0.056649256738295226,0.007251407245505239,0.0037028539360862717,0.0014961382028861343,2.4472488707109656,2.0655468782601956,3.5000903794190443,3.9657813109512783,4.869452758175373
0.00819846718592378,0.0023849984559629308,0.004256330953776032,0.006046400601068597,0.01681901656132212,5.339930329860712,7.311564775444949,6.333229420288303,5.737588079108447,4.4238820497392695
0.006582351264297953,0.022608656110690944,0.003815977161074072,0.004261124130563859,0.0015341015483229352,5.208353340201088,3.7806468066148513,6.041494952112482,5.809838876971295,7.480681703989323
0.02380805600299109,0.004978525454395736,0.004789354377856332,0.018660391461844825,0.01715462418219318,3.364242620185499,5.015091308652564,5.101389857756677,3.5513488049081423,3.6722085971282588
0.012976053198664655,0.0019856278328056623,0.028387815857096522,0.0012695902243574375,0.01420997785638182,3.45006387923232,5.32941083649029,2.818212940405143,5.644781427486818,3.376871581429623
0.0019031465423885725,0.00034585095074599726,0.00015210931661389584,0.035896658886090185,0.0016680674348099156,4.332053256424699,5.7869324112208735,6.970211374195266,2.2247526226613674,4.4771401699032225
0.005768928908279415,0.007018031041829167,0.010364696193283179,0.0020534497918154194,0.0025852187772061014,6.18437846441171,5.885159723685058,5.328886516794469,8.006000404277081,7.606442598802273
0.007098075257789121,0.0022703239070717292,0.009575061662740315,0.002412496438190202,0.011892867243478657,5.447557603654233,7.261619550348474,5.015945742954058,7.084635205428941,4.756117029285438
0.006326349308350041,0.020843315573824774,0.0027148807806699708,0.0057801234747472995,0.0014476151643621192,5.145386601384992,3.7776948880666708,6.420131648813701,5.266110155259293,7.394526887374156
0.014772400769528128,0.003468979055034915,0.0024690545087475116,0.0283986336412464,0.012182509123222057,3.7068710986006046,5.310700085480255,5.815265581670447,3.1087735359655877,3.9087403706770965
0.006517646774163982,0.00342585263485566,0.0627414582960932,0.000416791294186505,0.0020304264057424315,3.9365105109463308,4.5415221815749325,2.214919587670113,6.4874001900404705,5.134861855965041
0.008457308758900241,0.006904286133736016,0.0029142939114943805,0.014068553493329949,0.004360057199709649,5.532264715326027,5.827305022530552,7.334404163616357,4.839258344582338,6.576809403903457
0.019184393421135874,0.010872886430383599,0.012593294630703113,0.006965147858888798,0.007986431883499972,4.127952268996139,4.80189416240565,4.643366755197707,5.340330050375675,5.1982489670345045
0.0043439205788692575,0.0008772667701986354,0.0024460703979930945,0.002911439706318714,0.020394113643046847,5.521308084322192,7.94793729470127,6.351302321847059,6.052325564648959,3.714832255095759
0.006578534974295289,0.032704287893055586,0.005804469895804728,0.0020430746075730875,0.0010195917466094162,4.4464596803806495,2.9458598388203674,4.626335449200243,5.842861258833275,6.845722546855578
0.041556292566780305,0.002655162673223149,0.008730715549482782,0.005954177771248404,0.03637080882818266,2.3862890090390416,4.611738110739938,3.5580450485160937,3.8378465188242186,2.473989100070954
0.005545835696028689,0.0025388096203855888,0.011412408031490868,0.001769266143388797,0.006278650582780606,6.067452412033612,7.4198651339731105,5.011249488723864,8.032143929633595,5.879928480707498
0.003819141920248914,0.003108714532502115,0.001043054092048832,0.01427730942929012,0.0022074005176850224,6.186618075394549,6.488059028587526,8.543572962359542,4.422199391528622,7.103068102106371
0.013295687524531226,0.028848691098873853,0.009125119526048999,0.004523550906760808,0.0025758431834633296,4.07498439184247,3.3305902191749692,4.545022208906743,5.343572653952033,6.173990960428719
0.016063665276932426,0.0018686580953914504,0.005067767299282044,0.006410563729001344,0.04818394536419911,3.4426538054156928,5.74507313312146,4.608354114320238,4.297301805192886,2.588023404641516
0.008063494628651068,0.020731786177619393,0.0011176772387584634,0.014836743434439609,0.0007678321472688166,3.494464278188963,2.7545422296148994,5.601260642779052,3.0080625649630064,5.73018832922144
0.00586826777852705,0.002219401646264112,0.002084831585539507,0.009875377477412626,0.008531458287652557,5.898980425483766,7.539287700446271,7.700269059609597,5.128527715641245,5.362376440570063
0.004326492475313513,0.0038226215503370186,0.015538897725087892,0.0010101606782110027,0.002209419258408205,5.865795158419682,6.051207191715239,4.211538875994538,8.190118801157052,6.942477742421169
0.017358066784734952,0.016241329522695636,0.003685420540268872,0.020100280178992378,0.003981107437583998,3.7296551302009284,3.787097206170284,5.569345745371303,3.5781339758291293,5.429415210820171
0.023109736176654953,0.013334046459564198,0.03405002908247479,0.002502874954294779,0.004117873610738246,3.0501410343911592,3.52161963520936,2.782800442766501,5.182927971242906,4.7122092275557375
0.0024367580926432496,0.00013289575627229076,0.0014435133821216035,0.0002910080330272451,0.05066201198906356,4.266990654002146,6.9262053415577896,4.688407037497881,5.516634656511491,2.1076285368298797
0.004356141438216979,0.013479309886490855,0.0027817249648983662,0.003455497090755599,0.0012717599205709642,6.284370122642031,4.690326190274889,7.108200785398023,6.667840525325913,8.543269626175512
0.018889072176681624,0.007730075485027745,0.004825674958406839,0.019310248398798448,0.009455149528297914,3.940774030555068,4.970132650079537,5.647675969848821,3.8939897353982125,4.728338118240681
0.019409063073631223,0.005265006032097493,0.02889046212314184,0.0031264399958475186,0.011169377549897452,3.529832935658697,4.929392033488204,3.1874123968361574,5.5461557244470665,4.076829072637804
0.003452519147927905,0.001390440889856954,0.0004874805476602921,0.03706421397146296,0.00206144184813393,4.73349604576674,5.698016523639403,7.340547651702226,2.6321720695402235,5.3239625587442925
0.004422453749995325,0.013027729078946726,0.013347998056559628,0.00023503362435902902,0.00036001935173835654,3.651448837800078,2.8392169290345715,2.85378116891022,5.875550209990253,5.882601844424505
0.008382349361034073,0.003062584846429991,0.00825042372707648,0.0036408072565018335,0.012003135107892776,5.598051618516564,7.2617437813026395,5.6109271606272255,6.86977876247027,5.09347043791012
0.012081896337261328,0.01836854776721751,0.006194139609369767,0.007532620571066994,0.003457554680937372,4.729674181939299,4.241082516438112,5.6825977618840255,5.33364025888858,6.538566725465859
0.01049676089882598,0.0023614656415559326,0.0034961789234253084,0.009503379917875598,0.021618069667744,4.485854597546168,6.5120289603875845,5.947968078236935,4.568091360834042,3.72011582611692
0.0041415784517066945,0.0016555535617778674,0.024803603266137876,0.0004998803751872161,0.003318511226563034,5.0611556655146686,6.210120212027977,3.1943798761737847,7.551591259320013,5.353970516663688
0.004771788513000678,0.0037894756813593067,0.0006177625379653182,0.04281025723021971,0.001208974090280846,4.228010595236944,4.423472698168689,6.7619596993347955,2.455208384525391,5.673185743074866
0.014405932491204193,0.010432238987850508,0.007816075501235992,0.00861247571030866,0.006615854278872495,4.786915750100218,5.222285532526168,5.665326214251298,5.452816124098825,5.878508196292912
0.004959023790266386,0.001318159595158249,0.002455772045737477,0.0044274188820162,0.015155100581633892,5.848471907763722,8.076446873919416,6.97992232797473,5.974105088399659,4.37952659594164
0.004639402299340889,0.020516377280923887,0.003881676200589557,0.002213118524272376,0.0010364782950604923,5.428833187740515,3.7038928782939062,5.724045737653514,6.4945946720235215,7.824681278285356
0.04475031140362307,0.007543557555470369,0.010153079440396293,0.01118305741111853,0.016297788671937354,2.690875239801216,4.260759192492037,3.983291693555106,3.8229578073012256,3.511061123926085
0.005741495459861995,0.0011984113756900749,0.05365608553822951,0.0002588328954542001,0.004283061807409179,3.8604426953731465,5.3369414284922305,2.2050293189350287,6.398740603521657,4.162101848509125
0.008561497164925146,0.004435905953978352,0.002765469057321715,0.015199507778633716,0.006674506647179438,5.416636055894845,6.414210348214276,7.285386773047882,4.647906183556107,5.791182774952024
0.009928205919496376,0.008181452272021184,0.019922580463651203,0.0024923527402724768,0.004062262811110923,4.808573182725123,5.058773660622594,4.024005921695136,6.78617185528107,6.054218459705391
0.004987785767269775,0.0010032765256737452,0.005543097435147374,0.0016222801317018229,0.018201743353332328,5.202876011635161,7.497026100721603,5.047127869392277,6.68328795241541,3.7328859117305244
0.005269678016413459,0.01700227198525132,0.001281811679705269,0.00905929113891255,0.0008756031133171504,4.551766629781855,3.381465352185097,6.445301659035289,3.9868841753966566,6.782540156605271
0.004000694773157481,0.0005838398548216648,0.0004001694784815527,0.029925988717294665,0.005038750845913017,4.035922897076983,5.802677724451837,6.515008901640195,2.476288810670021,3.8608649922589864
0.006932620056083726,0.00616087726518546,0.015074962930518312,0.00204195310366664,0.0034211248139106093,5.629795244058801,5.808929014835096,4.602672612804559,7.629193522214064,6.75614776930324
0.009278084250200254,0.00898826116066838,0.0024205602913884854,0.01905109871741926,0.0033788992250613345,4.824923694280939,4.85295504689893,6.822585076350858,4.001513487072334,6.245686881684468
0.028790343357663242,0.018110312975359973,0.014927464015266092,0.006794848145522276,0.00608165803534425,3.2431666354859043,3.6682530615790125,3.888346901611805,4.681561494179458,4.8559426610364875
0.004722259291393459,0.0005133414685525425,0.001930673302839429,0.0024736693052243674,0.042906171641861106,4.501909258042249,7.0619971914868405,5.4956011593569105,5.131543805967948,2.5811953825165994
0.00822752991496068,0.12258721288671162,0.002817812026504533,0.0021529386142700737,0.00046076633194257286,3.305806397893231,1.6598781664614863,4.317473665606785,4.383620994964727,5.924653268606366
0.012216337950426825,0.00388198747984919,0.005200871359888413,0.00939688696206274,0.01531903342482789,4.784221474909779,6.432906137570973,5.99452511606862,5.083622613333753,4.5161121406778095
0.007840956103443736,0.002230263861429894,0.012826979758576204,0.002105459500093746,0.012427755961963858,4.930109456578647,6.742859347066588,4.322599777144437,6.776952831053442,4.375592112316816
0.0022736679518738463,0.0012713444254459296,0.00048778010901740393,0.01475670976866399,0.0016307694876377832,6.006915073158921,6.781146094677628,8.586103745874844,3.800642032257398,6.494775980349595
0.003817614879101483,0.01684566527335519,0.00658268987074204,0.0006644988252037376,0.0005303900100111689,4.61260968744619,3.1966777217303135,4.077088458794827,6.475313579789546,6.952236172688466
0.024713442887762033,0.0011140504449436127,0.019794136942568395,0.0007555349529950505,0.021718985182582924,2.4063938671130938,4.626011071996115,2.543726980068493,4.594661678320901,2.486259127510319
0.006948289042847973,0.013346660766534863,0.00441041507183393,0.0052337589416510425,0.002377044961648302,5.946142104601854,5.018772274659643,6.768618707782675,6.395233587985064,7.843796065129792
0.012430319379778955,0.004295389000204754,0.004546175001955634,0.01198663709500858,0.013056972885804123,4.745179423540753,6.246187929051973,6.189317763546684,4.767158602882285,4.692397242151875
0.005360165540522882,0.0034561166584409896,0.020914788687690505,0.0011162756398187608,0.003183572158282169,5.406355629469111,6.032701197838249,3.7885275691468405,7.7527041245232,6.169593069415978
0.01949101866951939,0.009525802225723969,0.003149758697717877,0.032138112699527696,0.005791476782194739,3.5002908356350306,4.199888177839917,5.5815834367768495,3.0577766769925323,4.78173725352007
0.037291258513682285,0.007855062003272236,0.03588153137121376,0.002967878111415499,0.008076723045562199,2.5805628762436514,3.835752363910174,2.6257714712539872,4.735391609702674,3.8217291007149274
0.003937051875364293,0.0012686592915356022,0.0031203315643929617,0.002557941025056163,0.010783186612096585,6.78031275640626,8.982928207458173,7.17923014459233,7.5102554337617375,5.220371918649398
0.00402377027870942,0.013893861051103325,0.0030330551418068386,0.002640881701795399,0.0011172021370522026,6.2638273184478495,4.549355066571147,6.787009380347915,6.957554816294052,8.589204493370186
0.02603275361895046,0.009938806665484908,0.007226691485020415,0.015168251217895114,0.010241233631096013,3.522947726215743,4.531989209466229,4.957061394473445,4.031111967524386,4.5037090457287565
0.01293520852019452,0.004224563015068177,0.04114001750023354,0.00168178787488159,0.00707519582737343,3.7888543334609723,5.014962546213312,2.8017936184611583,6.071308494873432,4.422780231986399
0.005916468404622818,0.002049348603344817,0.000647060662735438,0.06904663972013282,0.0026812775799474097,3.977720655583844,4.983865569597248,6.5646530534293905,2.1330385640716636,4.775521669084941
0.009481656246955308,0.009751981432831578,0.012399566435738507,0.003381440749112973,0.003962248356706771,5.32519401110553,5.295376504512158,4.996341930581712,6.910278563454545,6.683888852104663
0.00737244089300477,0.0019348865266690287,0.006397961800167639,0.0031535756481592034,0.01801359965379753,5.2642456463573435,7.352704941753349,5.445305959255217,6.463219589375261,4.166808669701595
0.02196756033462345,0.0203022344470523,0.006628498286463832,0.012541015744724928,0.004875908494435488,3.6166695122672454,3.694930083029649,4.979673774801849,4.166946822132182,5.339296620665432
0.0055107326248052925,0.0007967041065480079,0.0015247374277795075,0.005960347235543123,0.02529930421419941,4.5731179570135705,6.939184712409718,6.161460356488485,4.456817471351136,3.1103908475590663
0.0007587622580182063,0.00036912032278719884,0.011765013678619053,2.1100353515092465e-05,0.00047344758226434334,5.740056731211702,6.4694508706980836,3.214307154999555,8.459594084137619,6.32793078238703
0.005652217497257448,0.008229792361272208,0.0020816506982033792,0.009756377554059743,0.0021820881976478326,6.029321892963307,5.457564910379673,7.823649578484827,5.243658288924583,7.675964449300544
0.013644612513109713,0.021024591187560178,0.008355373865669228,0.006112051928402769,0.0034901221175812716,4.412295090554599,3.945542661642341,5.065417212572396,5.410937478370983,6.2745030908769746
0.011895139943395354,0.00215608660772821,0.0043710998617491744,0.007384363011960019,0.030964634363111747,4.149673410705957,6.323402170579868,5.361270961268963,4.657934360947371,3.2332899375320223
0.00424826845834782,0.035958703899652306,0.0021551787022516563,0.00241737375122626,0.0005692466016065502,4.762239446182322,2.768893706947112,5.655098515956952,5.4201208344806595,7.327419513387951
0.045453800217591676,0.0035870454010475134,0.002756178928762843,0.027023971276700313,0.013221663639853486,2.2156002596770996,4.0698155971670635,4.420795463083331,2.5048625700713205,3.042099608234116
0.01047280835019417,0.004446588527790677,0.014566544676450214,0.0032709855275114105,0.009293051180518834,5.035407080942886,6.298928926550886,4.617705687880079,6.737020344465311,5.19943682718427
0.005804975484050244,0.002817133599256465,0.001435565644038477,0.019578923952813892,0.004710568459997186,5.41291193861155,6.468618015334914,7.684092319982334,3.9438504698220243,5.723304314992475
0.008378311565215438,0.011291699339236199,0.019847409554944316,0.001629694184426447,0.002175413484229996,4.443818999611764,4.117960337488587,3.5814130956218766,6.532115648174726,6.2078544813399
0.007372601929379735,0.0008856008394475535,0.008978585487964234,0.0011470796819425355,0.027520619431629458,4.019508705324541,6.327178434236311,3.816906604266665,5.808969309495882,2.8774491352054308
0.0026670026087953955,0.027084980914729034,0.0006399759450187468,0.003636758049344611,0.00019398345337157035,4.159868550487895,2.4335126472990214,5.914058793257997,3.953848922830043,6.684835742941799
0.007707545309815129,0.003703295032690659,0.0028400663419527825,0.01194749080033703,0.007452063324560263,5.767836537392862,6.967932436237939,7.501523625783723,5.124745841110247,5.8295620940334265
0.009364747865203797,0.006293741381394324,0.018382450453517895,0.0025603950692156823,0.004989459503669075,5.091211649504676,5.645462500151027,4.2730185793526285,7.0414618042428865,5.997468239139976
0.0083043649616514,0.005953984503759855,0.0018929486369119095,0.02475645462668315,0.0037297890127775297,4.833985618135407,5.247899575937171,7.034447132046581,3.6402455218187604,5.932485478579646
0.040575349307356276,0.01278470891002727,0.012208879008171471,0.01002228835406345,0.009712917548884951,2.8662222676942757,3.8800682670894813,3.9578520586775676,4.094614421074929,4.16839662440827
0.002182155616733944,0.00021545954149417715,0.000778692217924572,0.001390352150067749,0.02444218795492573,5.06940422451547,7.694493194983683,6.203350333120029,5.377375105723071,2.8622531082034612
0.004809164456533416,0.01127628470380286,0.004959062118985717,0.0025172179654916506,0.0016355162340043006,6.432708150483504,5.158325572085775,6.437406938431013,7.570948435145628,8.49418304435216
0.01840379585018723,0.006878718835808358,0.011244805492952719,0.0072099567420622615,0.012384553262526795,4.199747822372696,5.434439897222896,4.7991341975944355,5.314515452656809,4.662898942344814
0.0056329640433557876,0.0023699155042144894,0.02040417634529503,0.0011147194056117565,0.005108370614163984,5.211972550385671,6.459611424663575,3.72717030390392,7.512490749255148,5.348152575824968
0.004980991777385233,0.0036990051459224026,0.0008860048699416939,0.030922671531820406,0.0019936994883803603,4.814467671714359,5.1460432950368675,7.291467536070599,3.0319464201060518,5.989694176631346
0.009268344021528324,0.03347589887603972,0.010756328121160933,0.0012494394883008745,0.0009389552494129488,3.5462122597651646,2.5583101239659425,3.448964278190029,5.408871249196697,5.882711287512831
0.010146193698937118,0.0034112775437010064,0.007510134520707284,0.004984155975174717,0.014464856762175033,5.216900247067892,6.917517195757563,5.645273662287107,6.209909955353748,4.751847243137398
0.01092832178763394,0.017969709372291212,0.004343251775076311,0.009563691794952069,0.0030147073944620704,4.7442270685726875,4.167242333503604,6.077708021138481,4.906816296351899,6.6067747267642645
0.008830394741193497,0.0020705551904340136,0.0023376419310645736,0.012646146748764011,0.016162334795973638,4.558655972240569,6.5043238793803955,6.367536565942214,4.1251868597529056,3.9059517941996114
0.0033717408935596245,0.002054629381245909,0.02652151007622207,0.00033886298069942954,0.001689734285330099,5.111108610471277,5.68462687863801,3.0366004358053966,7.682832827110956,5.994320620948927
0.030957162318904878,0.01071485603327281,0.0022539444733531313,0.03998181390786317,0.003708319222966512,2.527337076935554,3.2865188945106465,4.823144353731373,2.347795549867041,4.239535228881914
0.012578319901159254,0.007691527299247684,0.014778255413164612,0.004137259655341099,0.0068348599288362965,4.858881044670748,5.539780267885153,4.670904312450824,6.434291174360211,5.703357309170776
0.0040408390268452665,0.0009936140796674912,0.003314918410351733,0.0021557363594864915,0.01508983640441577,6.005109637990839,8.355145052070977,6.293115062306966,6.965585857711189,4.279513370400284
0.003976756311133369,0.01946076752495472,0.0018826186362498796,0.0034780858557186965,0.0008007256762919763,5.475026840251732,3.6473651985937434,6.6285464025713035,5.658110143140798,7.915084643327636
0.020852084145242006,0.005207742050141707,0.0024529721434421413,0.04334375606127819,0.00839216078732203,3.1703449496601874,4.47717631514981,5.417206747276061,2.59923936122444,4.007126956153658
0.036492430788970645,0.0027510593542345576,0.029971811636238358,0.0015730394575546095,0.014254559464687346,2.3226889095221224,4.249184756419319,2.4542328631667836,4.557028482924625,2.955367396221294
0.004060175851446712,0.0025243449632166436,0.0012261143556063247,0.012686008415366599,0.003259023683230506,6.43314744823115,7.229681572287566,8.705833621468509,4.793665939202941,6.819272435142293
0.006859271008679888,0.012978421189520039,0.010819688359316449,0.0020842409381912922,0.001953144933500442,5.159874683413608,4.378799260207165,4.62209833688927,6.919885870532173,7.076350085734492
0.014309603356113086,0.0026856634878617293,0.014061845103117055,0.0032163278850405796,0.022774245420285357,3.857257822580004,5.839065061221653,3.8666856001658365,5.550280919843556,3.4149956120806126
0.01320803364632192,0.06045685273151612,0.004094077960584618,0.00567884308396766,0.0013935463417059793,3.465605342825302,2.3342847927719315,4.675576733481363,4.26143438219648,5.879792112878843
0.011755544930625446,0.000571772622573272,0.0011677485817174987,0.009431268423649997,0.04257738248559488,2.9568682879120183,5.371052209788455,4.891523362291758,3.091785784991166,2.1535873104766527
0.004895806144521069,0.0031360702623905072,0.011706245454427217,0.0015647515153551419,0.0039020775064983995,6.46295019113736,7.248553207916928,5.1270838922570885,8.558765162568886,6.85550339057914
0.0061233074339590255,0.0062430902408021705,0.001834091494630893,0.01476601273528331,0.0027305629774822355,5.688553312448115,5.645544966093665,7.75475093816322,4.536861852005802,6.989070010591061
0.023083017111269602,0.017440317740450816,0.008927362171192018,0.010271666561243618,0.005984305242358691,3.6813937782453614,3.966341638436031,4.760516443435092,4.521371859600958,5.23196467000838
0.005442424731464214,0.0008593355312701527,0.0019474060593165918,0.004639099866628634,0.02734577280347555,4.78346082712769,7.192174218803348,6.10939338033742,4.943511656061868,3.167905455614276
0.003584408550978772,0.04211237406507497,0.0021730755211348354,0.0014366621533236869,0.0004110917929819147,4.589768443665096,2.47670529083308,5.223690470853654,5.553828102997119,7.210955528588931
0.013671186825830923,0.006386986346199199,0.006572116172594468,0.009626023268777583,0.010049000125223017,4.875167867791211,5.958357419372155,5.94319466628013,5.311587393330473,5.294572725093176
0.009211361081598587,0.0038389134431279968,0.017302711830145267,0.0024782128086969224,0.008203158335483051,5.013905270749149,6.2881375723306245,4.245807402548556,6.94633800131811,5.170862403848716
0.007747384519239756,0.0032037026701430735,0.001672059661577132,0.02532769353335758,0.005994703853185492,4.800237227517372,5.9720957566984705,7.050368050939714,3.518076921725259,5.139905364275831
0.016499065363208734,0.01041674265229653,0.035951513075893525,0.0022251176683361486,0.004110137853102629,3.5250508377701997,3.9643789377736405,2.902538364167736,5.694491887979406,5.013548289930547
0.0029937839961883023,0.00025070246981180876,0.0025246845220052343,0.00046253699302721817,0.033204135287816704,4.517997590139609,7.097132226792231,4.663087078796812,5.9228560124802,2.5407319032990836
0.007411028382920969,0.010423406317371256,0.0029152622440593435,0.009975393017261119,0.0027216574613042094,5.665628370339849,5.1765885669624225,7.258834821787413,5.244807593382817,7.307641238456736
0.005695951669731032,0.001987235616993363,0.001721580410770201,0.011725064206909257,0.008286284833784196,5.587325554889322,7.251385928482376,7.559290861505881,4.614491887932214,5.084664770547447
0.0041451785629907905,0.003928092754984076,0.018083044632783398,0.0007567887098658143,0.0017929872299445352,5.493080616443606,5.563721088703862,3.765891589598519,7.884537389909955,6.737423614751329
0.016195651482323385,0.018862767201602654,0.0026708161668423853,0.021825216144419977,0.002712636975300984,3.4670528907243687,3.320201148039383,5.459508982565956,3.1991675735169043,5.386759306922704
0.02393178543222364,0.015924796105153054,0.03236902952190211,0.0014565032179249813,0.0023723297437480877,2.671416246738876,2.967559830293051,2.501115887021616,4.9007498249113794,4.633197403555338
0.0063072966062903855,0.0018806176472391917,0.004922932585024914,0.0034565293209850995,0.01516911474841955,5.8009155546191895,7.873197223588268,6.172768464969969,6.722958576513619,4.616709653219239
0.008184665231159703,0.020350904267992655,0.007213915549452308,0.003420586333171166,0.002067121830159247,5.00564852614058,3.9516265814434886,5.223671524448678,6.2310745573432795,7.106172084556915
0.02187311186083195,0.003929771138361401,0.008795011969814128,0.007658498359582671,0.026793591946509467,3.511817289417877,5.436760323284298,4.460540442106794,4.557334781737938,3.332770399483029
0.004283613391432515,0.000901530898391335,0.01799355893724187,0.00041008868366394785,0.006575670028901403,4.650573368250146,6.4436015906268,3.244183464020921,6.980754898915175,4.211373154711748
0.0010191313348139402,0.0005656058680624263,0.00010826156643042462,0.021430638199571816,0.000410071985342938,5.141963670301931,5.649088962437738,7.858526399260483,2.668921805811455,6.080080153079722
0.006658928017738489,0.013654281575500584,0.007492816040698556,0.002800912282745037,0.002076304269574832,5.638364125680188,4.682972602872555,5.517348106496423,7.010076311942328,7.592895865758971
0.017195584302472516,0.004370699264036488,0.011404194210847199,0.005705589803919197,0.018935087996166604,4.048516939020009,5.761617694510479,4.5137349117297125,5.329838267498953,3.9477513033836917
0.008940683377120834,0.0310074776334785,0.0030920640696724933,0.007138526262092284,0.0015837093808969923,4.342233469518745,3.1437179864287006,5.711049179390971,4.59280962790701,6.620197899566317
0.012935749604011792,0.0017917649318179448,0.0017757423805113406,0.022533310144894524,0.017743929524337426,3.4543956655400585,5.44311375548547,5.57021309942885,2.9729488483919693,3.1997205304602385
0.003561113224319144,0.001037534737899598,0.10036181198091829,6.417091091187103e-05,0.0012890442813381984,3.7996761600980293,4.774813454925455,1.6927187639703913,6.4814952772749255,4.69853533709149
0.009002863356034311,0.0061653878113574435,0.0032053806816112586,0.013758257406883004,0.0053959072652005535,5.5127835098063604,6.080650364552711,7.252331879888761,4.917849769557322,6.309299104975992
0.01771467247665395,0.008178981154474074,0.012922207467420484,0.006354618606914438,0.009792137181363328,4.280302200432443,5.250826641933207,4.675452484029547,5.548163473045433,5.007074338415404
0.0032403057571178716,0.0006992466903484683,0.0020602565553435913,0.0021800564138568014,0.015174687317819626,6.052851212468626,8.517855831343844,6.74605144784766,6.615497370837534,4.089027712917523
0.0025610923152222876,0.017405952444661543,0.001766358085379047,0.0015083197059024957,0.0004466548189516226,5.742233613739378,3.5539904021781705,6.33282784155248,6.468522650402838,8.325601838350321
0.05764588797896821,0.012010352232056353,0.0052162997698373004,0.020309556797894868,0.007294762509420446,2.2640253880844736,3.3837964667772016,4.194115626351785,2.942960419131367,3.8472773993056735
0.009264208373218749,0.005584740764123664,0.014549814149657416,0.0029861658072140086,0.0061299957791888,5.385422456339514,6.163903736318034,4.775029140842643,7.155742223598851,6.000986651867878
0.00723066010972823,0.004612009103366589,0.0019343593681286778,0.019547267724116905,0.004325580746355308,5.337445646145326,5.97507175564674,7.487605229042461,4.1124712746872065,6.10533943085755
0.011801810553957643,0.014991168058803427,0.017380320987728726,0.002811841342028629,0.003062728554273364,4.282784167387973,4.027662268694766,3.9053142764943662,6.118251453697165,6.038411802634093
0.009098487776909624,0.001256099245153838,0.00702620969666533,0.0024391839858706873,0.03649071204658223,4.08335245484941,6.420300387320654,4.349291893816701,5.516447639870222,2.850838030758616
0.027935419957512506,0.04031185028794893,0.0038614122062633253,0.011300557905333701,0.0020957253767750917,2.6484882376429866,2.4048288837379928,4.36289358451544,3.3157411630072273,4.924000195959174
0.006623817911955646,0.002182552150068478,0.002970336422889634,0.006986461500374755,0.012497379741362672,5.795645523110208,7.682765498916476,7.13744988407999,5.677660011953985,4.914684969329516
0.003635139384392821,0.002272599016628609,0.013536342972666428,0.0008595119679819747,0.0027536670272535545,6.231090254031291,6.994893215935775,4.417409071551234,8.610427898910967,6.687633393467613
0.00855502588633882,0.009419618961914183,0.0018835900615203397,0.021562742021830433,0.002499876000614649,4.576358195165638,4.4481277431815105,6.699950055131631,3.60510442562501,6.172541473433642
0.035022733071694075,0.025185939936999278,0.013616967682824364,0.006411838930067883,0.004567151208407817,2.8114536412988556,3.06817931891873,3.6309614871690097,4.3156299462582055,4.732316432922104
0.004075129728942673,0.00025575190001588747,0.0011818507202150546,0.0016674712204635474,0.06853444296097211,4.031290710939576,6.665390027495945,5.183073207429453,4.651705248469897,2.018708838236223
0.007945413876105666,0.016762420340756846,0.005151157043279081,0.0050846289054743594,0.0023749870482837514,5.455995951927605,4.490682962780529,6.177265793431064,6.113687183051429,7.441071843672356
0.015357903578701353,0.004174457356175286,0.005200017461414809,0.011787147419223723,0.017408402633653564,4.229591418199168,5.912229010815431,5.6225881721392765,4.490588978778575,4.1017600190016585
0.009263448473690762,0.0021645468747644877,0.01643235927192316,0.0019221000327079517,0.014222338916092921,4.362295700039133,6.225857270502604,3.7532667499779024,6.322360022386429,3.9112592341200916
0.00396979398321618,0.0009574239278287033,0.0006236499443838424,0.021878292957336377,0.004904860516086419,4.725695223247198,6.34713262373915,7.153136419970538,3.08172517323233,4.514232840994018
0.002373130748461934,0.0029296616353088546,0.024487390874650353,9.434236335713454e-05,0.00040999394428214064,4.335250849788367,4.112780543327091,2.542223153779314,6.864830755202191,6.0558926727289055
0.005580482970297708,0.0018948524783428265,0.008401840155783446,0.0019407089891561083,0.00969994154198439,5.889166846932371,7.711648117273839,5.261569928962418,7.594764919643869,5.088718465130644
0.00457545576879718,0.015557385374699707,0.0020565227458451333,0.004882551990035039,0.0011505151353972255,5.681343256634364,4.152165064607662,7.007418224685978,5.608155866570432,7.9570627542869845
0.01308791241012412,0.00421852952791702,0.002216148737999835,0.03450057741094926,0.008127813860649159,3.9150788126857248,5.19204413504459,6.122697478957327,3.0279134400195327,4.43828366813461
0.008482488510368503,0.006232148613010269,0.047879910021890626,0.0007183653130814851,0.0020749922221076087,3.8150825176657426,4.104997134466199,2.4592214742112715,6.249955117756904,5.315892000334643
0.00426650449829214,0.003703105433136595,0.00034780355840814166,0.04971553753365793,0.0005755400052211515,3.6668393607760463,3.73685428901578,6.222250743753206,2.04328595094657,5.3784144334680395
0.013312562356638698,0.010649593138875759,0.008709796589756404,0.0070300175830186286,0.005995227422689027,4.953143307265915,5.2648517898017735,5.580112487759303,5.824912176898373,6.111349513491051
0.005714707402894143,0.0015495356620928184,0.0031090538873098142,0.004417916685072862,0.016407972531031243,5.729046386189588,7.916670695945641,6.690241593707921,6.073270322325893,4.355487353004197
0.005678165296032575,0.02203256935503719,0.004589598941802846,0.002692938634805372,0.0012909125741745913,5.259325540965158,3.705999160955538,5.601396523251478,6.320234748884186,7.588582246420852
0.036730570525691585,0.006119633923020777,0.009210448941816024,0.011106367110904455,0.019800398611118247,2.9029928586143354,4.600865009863601,4.1804113117424775,3.9215935968668654,3.4185927273286683
0.006041613980263599,0.0011809829678704666,0.03928453045548133,0.00035146674405387264,0.005700139437994496,3.9639448029337427,5.578540702477079,2.46873711282052,6.428923227819217,4.0380193699656015
0.0042687392644835285,0.0035356814238965448,0.0013918332587695293,0.01176214694112859,0.0026797147047222924,6.588837019799791,6.896431829773492,8.77803150280605,5.076584430767696,7.434028151968179
0.011186093319735208,0.018518865229181183,0.009182586573545403,0.004540561214407619,0.0030842331978978,4.742257950797314,4.159768725277377,5.046127980541605,5.959413842635514,6.608656829946982
0.013750802572052767,0.002668164721269318,0.006335788235749122,0.006335913726637057,0.029238809213313125,4.097909286152967,6.18661398182405,5.01004899925905,4.94824514955563,3.3632615828948844
0.011396201500697742,0.02192607099378998,0.002335444958676812,0.015246772352004355,0.0019260792410302212,3.851957709101871,3.246711021556071,5.737864274094065,3.5710040545333555,5.927396049525036
0.004017472593194135,0.0004636604512589187,0.0005328158131960695,0.012511936924919316,0.010688932325683447,4.197612030293679,6.323777960073963,6.406152380752054,3.193916903790269,3.3540610944667097
0.00467553889615993,0.0038841101323515118,0.01265391435663084,0.001393275031476553,0.0028081806411047296,6.321559204974301,6.6331740803414005,4.869731582323369,8.497642960263333,7.205915846294464
0.014508169241771184,0.011674109201520334,0.004221236134065439,0.016848302763319903,0.005096442147456587,4.361787207013281,4.61349081061235,6.046084709870085,4.1827305626354425,5.724166124329798
0.020463169630147996,0.011165320110716397,0.0249235585252998,0.00387228498019039,0.006275044572821653,3.619489355442608,4.245760200620014,3.4588999995888567,5.498855988400578,4.916800454274689
0.0037026408815544476,0.0004593331683555472,0.002581154727519048,0.0012875644081349056,0.02995115302417596,4.905306791759531,7.460192884567757,5.3158869502284345,5.988774112867791,2.910256271809919
0.00227976444464725,0.038782224085301006,0.001001596669401544,0.0014256137830673359,0.00017970306498072485,4.592661392908412,2.329318047052699,5.7051220210874956,5.0632657509087355,7.2635635039213
0.013335096022660099,0.006223140520332638,0.004687478163402754,0.013978442714305898,0.00915108370767845,4.746201104768722,5.790187862927114,6.270218247065025,4.6623184134064095,5.2465773953909425
0.014715151194166174,0.004988899130263116,0.018208406773072845,0.003747196070197905,0.011711928426829143,4.258982053980322,5.63963166916721,4.032551724203814,6.0013650833684276,4.524644837816462
0.0043971025846545305,0.0020347038216643877,0.0008918326365304084,0.023482187367389648,0.003351145089668638,5.2578983163741375,6.287625478294609,7.716593662708985,3.427122941375098,5.635313234893023
0.00917947585171166,0.0155032570102712,0.020485750142253463,0.001201468789725973,0.0015244513308787994,3.837163160535022,3.3584560793917344,3.1555471005724094,5.957362229813065,5.845375522918176
0.006717544720442469,0.00035669574414106325,0.006060160823348219,0.0004177002259273681,0.04781412280339916,3.4206225779127504,5.909545803513948,3.5025203121785924,5.208998858113651,2.116267005182386
0.012904811121140485,0.01636831722159048,0.006446384369585969,0.008271635017084514,0.00402220702227062,4.717797006212622,4.438682642108338,5.709849042339361,5.283260460866363,6.388529845457694
0.008693058589565419,0.0020556759488597667,0.0031460826699196195,0.00821286539643473,0.020104826316125705,4.796766078339307,6.864395565707035,6.219892735257974,4.830203306538804,3.8597931470630553
0.004293185565171821,0.0016179456490815038,0.02178808447281278,0.0005914615396555126,0.003953644008907289,5.1417071703867725,6.419873905682662,3.383576035372687,7.577975881781701,5.2592322906626165
0.0029208576487932065,0.0027209895482777314,0.000464954195284484,0.025452969678468346,0.0008698791552038514,4.886745493208399,4.923226256006446,7.4371680606904365,2.9067325759056764,6.286684838844233
0.05736442272834282,0.017609099143290296,0.002873727150963845,0.01635641777066963,0.002442177922301236,1.942374229241603,2.607174632725478,4.066612623218075,2.647318844704436,4.092465727079042
0.00478970895145849,0.0016824466409556755,0.0024147343990482055,0.005144306612827778,0.01008846195532774,6.533484904281439,8.50750454482661,7.7964273169639355,6.370916031486009,5.384720643515452
0.0035504162750887576,0.011804011175148016,0.0030745957813167785,0.0021701499079019313,0.001038137414940259,6.56682146593152,4.81913633065233,6.869226729219584,7.420243424134629,8.889443928470712
0.025735390896744457,0.01160516151514722,0.009377026641428867,0.011432735245106419,0.009270433464138271,3.5947259683025976,4.437302363131222,4.724248068479064,4.418776953168141,4.706852165994612
0.009430577589411722,0.004003064213323581,0.03930240807636824,0.0013230410950820137,0.005069758242205858,4.2044136191841694,5.20685682754086,2.8994641297753256,6.553418613403913,4.923700817459748
0.009762618466767257,0.003664026584591532,0.0010786538690782004,0.07012816738753012,0.0035809435179991753,3.6428066984714915,4.574552109876827,6.14634987442783,2.182307152070609,4.649037994991975
0.007639944935149394,0.008498195488062263,0.011636498067962315,0.002728483948808713,0.0033159310789586606,5.710794244230795,5.562043143500057,5.143353027911183,7.400828428639324,7.091545520528169
0.0073793697424540715,0.0021205964026619678,0.00770766719822812,0.0028526753380018707,0.015173764049699683,5.34705942408279,7.319895093616826,5.269277681788035,6.739198890191302,4.427327047755732
0.006489872690171945,0.017378937939603076,0.0022666171691987317,0.007923999061404391,0.0015463254826877323,5.065881742375639,3.9234829253303345,6.640531596951482,4.819715319949787,7.206427505367067
0.008820599883578665,0.002192017287167221,0.0015177056553122342,0.02695721256788772,0.00936000294210571,4.180618928142627,5.82020633024594,6.422181095083967,3.116205902477387,4.1328377076838985
0.0037656524483493936,0.003233595830966816,0.035492349337289925,0.00023840420557872657,0.0009622138395718193,4.394718372851233,4.514138162222481,2.532531995004015,6.943585590142413,5.852320548783962
0.008775201685203902,0.009172774391468885,0.0032251314345157016,0.012369172661146554,0.0037069498049484176,5.444428856166438,5.3784683287193555,7.107724817174508,4.976329878840145,6.8085012724298135
0.016481823376448643,0.013707361218351102,0.01364859183561731,0.0054276685108239795,0.005507733476677706,4.264606588562195,4.487722363856095,4.516431024089931,5.654696235436006,5.677507084571716
0.006629251775895065,0.0012759203442055662,0.0038494933333827535,0.003546627866786373,0.027513313673692846,4.917341671348514,7.2663400993411615,5.632482781710733,5.7127607983612725,3.4001176135933706
0.009313405688465398,0.04664973651144063,0.005480928796505181,0.0032720632543989537,0.0012872207884021582,4.022724250189288,2.6502795969097144,4.637316179033517,5.182655636041808,6.429668641876191
0.028796555896053868,0.0017401908514293417,0.004163540643471045,0.008516425175724776,0.04766985755972062,2.5795752885217387,4.9155413623072715,4.160520755115926,3.463882847983405,2.2684511133701775
0.006500432017462125,0.002594804896934978,0.010867351812609964,0.002167671658180174,0.00842324328903944,5.782149681343892,7.321766168045354,5.0420543982980774,7.57919503110545,5.40908957731308
0.0037066320047749526,0.0023905966431573386,0.0009888245436414553,0.01467624937938389,0.0026597632717165957,6.174548829783276,6.858629518656554,8.565825712012181,4.3447366288633695,6.723786703083984
0.006080173851393515,0.015838634543780726,0.009325140298383302,0.0016811683168627177,0.001389848932470601,4.927757215845544,3.855541916228316,4.456954272689158,6.685891187253463,7.049849564979535
0.020159104740332716,0.0026556229712438495,0.01706307740798837,0.0030435067816295277,0.025831898661824823,3.2080643866247223,5.247928740452962,3.3476350835459203,5.037528517524462,3.0070913109826747
0.007894172873499994,0.09539878922860996,0.0021428531356569793,0.0034317785473806143,0.0005116816401829931,3.443874994238956,1.825260571619557,4.749003716315644,4.143369842810191,6.0323273947606495
0.010967062994299134,0.0037849899238289624,0.0042575967413061525,0.010790687212773339,0.013107237076432562,4.975730996032133,6.549493628510998,6.3862346965832435,4.973108111624576,4.756041536808071
0.005512684059959546,0.0032947358759704776,0.019892402799979402,0.0012197098242264527,0.0036140472937802315,5.4657465172680375,6.219245895020198,3.9030517520691137,7.779136006185107,6.08849328482259
0.01883459705506669,0.008079816190024477,0.0032444319880802074,0.031241098498585775,0.0068372729690344995,3.6088560570270705,4.477800662631277,5.671071133958808,3.144302191943565,4.690094381397974
0.035418489785384644,0.006671555419189279,0.0321150085180794,0.003384563379869179,0.010560161455835309,2.691076639564965,4.11526631952284,2.7771266768776437,4.771934029363678,3.680811062717763
0.0006437823992886573,3.208219710793824e-05,0.00032325131986142845,6.766485363006504e-05,0.016384126568475054,5.282826979175616,8.016760627532745,5.806215060144802,6.172875218175014,2.7473752609813435
0.0036222979371845917,0.009941490400780599,0.0025965931816568093,0.0029207002075181737,0.0012156690831503518,7.019783694233934,5.405349211167242,7.713688393563671,7.419820590463514,9.237798770973466
0.015510395626069127,0.008994005601072327,0.005274723860524558,0.01462509529419693,0.0074479181132876444,4.4633487390137185,5.150590802379445,5.9563781628230235,4.512706849946685,5.414275419532605
0.015908835323195526,0.006781772854586086,0.023879551559493728,0.0034385356525658828,0.008272676882364896,4.064693013070027,5.078927013126625,3.6622426839756606,5.969207410089496,4.821613731556402
0.005021509446481911,0.0028061664245665114,0.0009174098704359027,0.03116618762454277,0.002719298665169045,4.91906451143507,5.629670345948261,7.40710912780895,3.0869281987194346,5.718496579632681
0.017731681852138644,0.02673231037975932,0.0185726294920055,0.002109255574121532,0.0020036505645997602,3.1069140051864035,2.7956347827782073,3.1071398315118492,5.06473210927087,5.24311505047977
0.00773338358708384,0.0025417885785668456,0.005743533157020319,0.00427110277538433,0.014197095802246726,5.676658873915986,7.553395384893585,6.128555506894468,6.5490243044694605,4.836851258937627
0.013284800228449974,0.014511719355586206,0.0048285643823389995,0.012161066713869387,0.004240723919348513,4.58133103257858,4.476621730949841,6.008419795430634,4.677187148491318,6.15930563766101
0.006010121436077047,0.0014431925969081753,0.0018809094774387592,0.008394307691199854,0.014810594332901156,5.127396450809293,7.211685595086853,6.836376387031381,4.673793600746959,4.070869637455889
0.0022298039244815623,0.0014952018257627885,0.015999019356453526,0.00024362580615188914,0.0012365152326486968,5.768044320137733,6.257412940213497,3.5425296546105307,8.366071611237338,6.586763534073089
0.005507753690087322,0.01226714412744108,0.0008795629785595631,0.01578919685132583,0.0007347039368348277,4.030087606047656,3.296547933587167,6.227362719996324,3.114990494116767,6.133187095336324
0.011122661992055968,0.013852461467962108,0.008828500015332034,0.005229809549608152,0.003922401729419214,5.093087241371573,4.819940505951029,5.459973563629804,6.169907939419151,6.681859682418985
0.009734357007019832,0.0024586769844256464,0.0051837009867893415,0.0058321304982095964,0.020971341201846117,4.8762819479852775,6.909202641086693,5.743103049475507,5.529287353321341,3.9773320375466343
0.005892983310794432,0.026425328518932586,0.003774643012105212,0.0031933004478618206,0.001192253525995018,5.060899774984649,3.4342225108478517,5.709254882282382,5.8847108471032055,7.445235309301191
0.03600182240981369,0.005425276332400368,0.005912866603084933,0.01663642364685527,0.01910071400086423,2.8159923719682527,4.558251575683872,4.499558995139664,3.407872492806107,3.3289590941827845
0.008971287609589807,0.0011984799657786362,0.0420238220352436,0.0004097843460262076,0.008394793347345771,3.4209717943516162,5.217045051814015,2.313568555898341,5.83553738507921,3.4912085246861917
0.006510168602036287,0.0033025651927542157,0.0020450675191492247,0.014411445248115724,0.005786338657521404,5.775672644033824,6.862588998925308,7.796519974572671,4.68306152726725,5.968388493882636
0.007202247876531768,0.008130616612058902,0.016486888893868443,0.0018704233894359984,0.002675811930277564,5.181368320803407,5.0249355836290865,4.196098215250501,7.217057234054735,6.666571662558533
0.006445017606477931,0.001353078957519924,0.009050757499963143,0.0016543718329169834,0.01673081503590599,4.831422890343153,6.957924529325906,4.408700832997002,6.576370675060457,3.7779068986501576
0.0066742344757372155,0.03430659136425795,0.0019298785342113575,0.006186565001598843,0.0008993981579103983,4.23573080465792,2.7842813795900936,5.770153429357313,4.311398879799005,6.643087241510829
0.01007347527887467,0.0009748624992796648,0.0008261684468216944,0.03297434761222505,0.011361826373053389,3.2053124853766217,5.172185432366284,5.564226506086943,2.3637765644793935,3.1299447456848983
0.007780477256136892,0.005118558722747508,0.0170797621463876,0.002178659253642207,0.004687423302441894,5.423263033038016,6.046149403550504,4.408140621733758,7.442570799801243,6.186084483821675
0.010294729391897874,0.006641770180072225,0.002437008290403511,0.024088656099263164,0.004753952901190413,4.652285308398679,5.197126272999515,6.741027976798683,3.7210292927497672,5.6813198892495524
0.035527635067743854,0.01070919120597295,0.015710980771512426,0.00767026727949428,0.01082141272719176,3.034306883106282,4.152113658643326,3.7865619217754585,4.480623319839825,4.144151141963798
0.002152340069118364,0.0002360570301351808,0.0009538836283901512,0.0011615750702047615,0.022723061314725342,5.264845097741465,7.9005246751912175,6.179236211953656,5.7666478688493985,3.003147958912342
0.00252558831927125,0.030505951974434623,0.0031555339771628943,0.0003446754751001448,0.00017089167205788157,4.186634712903264,2.334486813327888,4.0951256704735455,5.855404869144558,6.753220843195594
0.012171517873658487,0.005205872309112267,0.009027113418098472,0.005849771425421893,0.011033181766175387,5.095588268703752,6.368171239306711,5.5263457343139,6.114698883275706,5.232249485180293
0.004938190454976419,0.002278274316109753,0.012781691881414821,0.0013881371326276955,0.005310920433194499,5.980505199164885,7.281599702873453,4.6556689252555,8.11527151319577,5.8746225956728235
0.003962635155071279,0.003510007496277823,0.000981965654276672,0.016520184650844802,0.0019419153375196429,5.810067779251785,5.96145018987341,8.193836057223614,4.046581997975787,6.926390606416723
0.010605242433605298,0.03486170603950104,0.008174207322088385,0.003167050755009023,0.0017287238295771931,4.050080354108234,2.9752005492474094,4.372475950902974,5.448647153949509,6.320955896161977
0.02275914086118764,0.0017654387508397155,0.005954568374793984,0.005685549711831968,0.055929361506377506,2.893229509940302,5.242719818697608,4.052098887862206,4.040055519094344,2.292475277296164
0.0075382390318385305,0.011676114752412618,0.0033622402320459487,0.008438772723980515,0.0027126230827191375,5.711290636187011,5.094742098810785,7.10248878271553,5.549084118428458,7.435138492899774
0.007310434643388663,0.0025373597876848296,0.002289118853443631,0.012543544620269643,0.009872584859521654,5.325503297527087,6.954509929609421,7.177800838899593,4.6044702041642145,4.935257073639397
0.005924781199758323,0.0042742359253650115,0.02383649957335894,0.0011369063092311119,0.0029046248368212366,5.123444951657872,5.560627467147872,3.569714416719873,7.46702854744773,6.130154852606719
0.015920228510722226,0.010530144072067567,0.0024019770364487885,0.034563761881495396,0.003848711010116223,3.5668349511261837,3.9516355407006327,5.7439761655687835,2.907122451244251,5.082243568604546
0.04675179058117636,0.01172303163086329,0.0294265978647244,0.003051401933971123,0.005581064544714714,2.323597039137921,3.3104201764897208,2.646391345903094,4.449136910110795,3.979864904198482
0.004776338695769551,0.0014616221364065077,0.003472142274206997,0.0031083556097743384,0.013008132581679379,6.319787205612853,8.49506654097037,6.8467019515195435,7.000149500940268,4.869626794010145
0.00504233892792094,0.016150410504359777,0.00260158936512049,0.004561916993942555,0.0013345738142050258,5.7732660570455705,4.277591251798334,6.894017516180778,5.927370784543653,8.022681285792636
0.016134367986681004,0.005258599754890841,0.0032236393588999856,0.026201068434297706,0.010001562997434895,3.884359893116042,5.169342743322623,5.883745546890575,3.39971203162007,4.4107141327175885
0.0259277311100102,0.004060646084217735,0.022097803066908388,0.0036370959308710295,0.018843042988445514,3.0499231244876714,4.858245604191405,3.1883497737739157,4.943529897820494,3.3168526919241046
0.0013258590965353476,0.00042691496049071374,0.00015693186963946926,0.02152609940090772,0.0009891060786485662,5.120365628851673,6.224217676199015,7.8012476672352165,2.7526029827616387,5.449348829497237
0.005641959651009148,0.009289629228485306,0.008979533058979116,0.0020579206435149496,0.002054515874624106,5.969507469412178,5.251135839189187,5.325380151042593,7.675308795196265,7.726293500322029
0.011418722348723133,0.0032872963666053722,0.013575559634394574,0.003271797646887056,0.014603912472576521,4.590384864490632,6.299024372477114,4.373742203563062,6.2460904208201065,4.297157009375928
0.012075426726709554,0.03484397115258567,0.00598017355368795,0.005499459259290316,0.002140235586446646,4.102001705763224,3.107203736033839,4.966103445453605,4.9990651683312395,6.324406765139807
0.017707524346116946,0.0020069812874514274,0.0035669900297998053,0.010923623560695359,0.03816325695711156,3.277430440052059,5.498773865070715,4.889851639832739,3.6840808241927507,2.6919484689672144
0.0013165856774100503,0.0004575076693944612,0.028861780176010567,2.3159440069900665e-05,0.0007759988388452002,4.833711222435354,5.790198146727714,2.4222296103850094,7.540711642701175,5.403992393168768
0.006837538244956773,0.007263280681417249,0.0021645394801170737,0.014042211707319927,0.0029317073600358297,5.611264223769415,5.512590799811544,7.5662393268877155,4.660965010184788,6.970216284430654
0.02104797965004613,0.017449951416913807,0.010275749112576858,0.008303410648960242,0.005671569202338615,3.839282506712519,4.03845613696964,4.672805887523018,4.862619198562411,5.401023269943371
0.006356392177519365,0.0010536341518445022,0.002561079649562956,0.00458368421754956,0.03018439345837703,4.7108608678207835,7.101261478533996,5.883924553001979,5.075810485677222,3.1553931047366413
0.003442139985734107,0.033226821958520565,0.002517660411822233,0.0012759559137163598,0.0004182430258861797,4.78470629248432,2.7113356483672257,5.205722823256266,5.889590690201393,7.378040906132954
0.10457634148806079,0.0038432743412587012,0.005629935690686031,0.009523190666091308,0.014948121694569954,1.6804918248756795,3.7347886329628515,3.516180017297103,3.0470614750786575,2.7747899765638944
0.007114119899735035,0.003731227448793054,0.012798401713936924,0.0023525494728625605,0.006321074460101161,5.846541125984761,6.926276284117776,5.005481556426909,7.701249292415637,6.032477361062365
0.008630487102350334,0.004171088097948986,0.0024532563208969804,0.017993461764307113,0.006662837385881244,5.174009743110636,6.2276688311219,7.170840750810211,4.256735435768497,5.545889881117399
0.01155375322437387,0.008997397123807895,0.024160620151376048,0.002481019300892785,0.0041492506663953505,4.386663356775792,4.682196527343716,3.6368570209302113,6.423309257747874,5.706370693417084
0.004649857184056773,0.0007447046309929687,0.004873886528681351,0.0013006046287746432,0.0221183631917275,4.940811354097358,7.332014212918175,4.871228156750678,6.410489054544444,3.3263796017773744
0.004107870637422491,0.01478495607340079,0.0008655364199972062,0.008632513998856332,0.0005384955281683884,4.404265580076154,3.2131943288697227,6.4136226350329135,3.696018843983422,6.668620007513288
0.00586901903886315,0.0027220705790573394,0.002028803151001922,0.011500791213047827,0.006433814946451543,6.071000551084695,7.379076964849624,7.995460026125263,5.078062066691814,5.938292560102356
0.005666005315969925,0.005944160990368517,0.014897415485875469,0.0015318864065704551,0.002481660148962827,5.664931332652674,5.599271634082448,4.415327131153439,7.790236218000089,6.987921806595982
0.009951858852796954,0.01275234734813586,0.0024429258798374996,0.017639184481547766,0.002723150000998186,4.488495295250848,4.198715049426617,6.428688393809147,3.868481041220386,6.218036021502001
0.024919289157802706,0.02441067373724643,0.01682181697214838,0.004487951839558397,0.0038203370303823963,3.149379284503037,3.172991426889787,3.5260980786412666,4.837748659770998,5.076347620110115
0.005948823679315381,0.0004217712687707123,0.002248349324617209,0.0018452038976973805,0.0778828202170395,3.8586144808787184,6.457929784085054,4.768334806609227,4.800082769721042,2.018156170349819
