RSS0,RSS1,RSS2,RSS3,RSS4,X,Y,Z
0.002773464907023322,0.00800732864915043,0.0022137712366932165,0.002143523791868554,0.0009520428958316551,-4.0,-4.0,0.0
0.0027791337077867494,0.00211554732739065,0.0009707993423488052,0.008115234214456937,0.0021602893187483755,4.0,-4.0,0.0
0.002740482690266009,0.002114678279813395,0.007735915774638466,0.0008922040019184765,0.002121385437883922,-4.0,4.0,0.0
0.002742339393350524,0.0009195549787943672,0.0020942247636635573,0.0020537278361273744,0.007923578806244108,4.0,4.0,0.0
0.0003275842708972471,0.007360694426011128,0.0002604931745428819,0.00018229967545993326,1.8229952257540675e-05,-4.0,-4.0,3.5
0.0002708249053695715,0.00012333605838029264,1.8775367897626137e-05,0.007723404110180837,0.00014105874232884922,4.0,-4.0,3.5
0.00024449263224413147,0.00011114540546071112,0.006798463330200633,5.361775658505628e-06,0.00013853423105280119,-4.0,4.0,3.5
0.00023338197964089597,1.0064098209886503e-05,9.247424671259738e-05,2.425189723340335e-05,0.00710583793829579,4.0,4.0,3.5
0.0019363115459627071,0.017602640050843166,0.0011404664353738354,0.0013100776755371748,0.00026306058654208754,-3.2880859375,-3.8439262307575066,2.628864
0.04521490525249187,0.00825690132333867,0.0022958306279828276,0.03660093705577749,0.004486881694261626,0.7119140625,-1.17725956409084,3.328864
0.012519464784377531,0.006724343616882607,0.01669294987544092,0.0037157908617385656,0.007399132429346725,-1.2880859375,1.489407102575826,0.668864
0.0055564080322222115,0.003571344550062522,0.001325360191917195,0.021320032563997386,0.003297361507394334,2.7119140625,-2.9550373418686178,1.368864
0.015607432792563524,0.022189857771992342,0.016285846170715337,0.0033455766327530074,0.0029669260146342595,-2.2880859375,-0.28837067520195125,2.068864
0.009637909122595196,0.000894633504258821,0.004871119110900925,0.0025211064260535366,0.06192128526138524,1.7119140625,2.3782959914647153,2.768864
0.01903046896226996,0.030006067300053504,0.0016202279897408092,0.014526995436076717,0.000973109771303089,-0.2880859375,-2.0661484529797285,3.468864
0.005802293046904628,0.0021220355819316383,0.002525214663480858,0.007220111039721998,0.009983257096625195,3.7119140625,0.6005182136869385,0.136864
0.0037619336104129414,0.002748195799078111,0.012843031014669498,0.0009776337360491473,0.0025267614454828656,-3.5380859375,3.2671848803536045,0.836864
0.007069523557303701,0.010145574897236265,0.0018531834789092285,0.015191314219235277,0.002104109895157684,0.4619140625,-3.5476299344612103,1.5368640000000002
0.02291644102048517,0.031853937681272135,0.010937747627230467,0.005871665511264557,0.003386740549650424,-1.5380859375,-0.8809632677945438,2.236864
0.00825205481357489,0.0006547192912722931,0.002303697890931229,0.003851005728033806,0.0706135799872672,2.4619140625,1.7857033988721236,2.936864
0.0061322460024068725,0.014340619808814327,0.004237824717918356,0.004227700242048455,0.0019377404435618694,-2.5380859375,-2.658741045572321,0.276864
0.016421894026857307,0.0055458816800872,0.005695946925273816,0.012852087129416772,0.013407507877843646,1.4619140625,0.007925621094345026,0.9768640000000001
0.011330118090098356,0.00319822203115023,0.02020293069797611,0.002421396173259969,0.012040612906639613,-0.5380859375,2.674592287761011,1.676864
0.005092346127617676,0.0016115652768201717,0.0008499902711747681,0.028792436746326047,0.00462082943563644,3.4619140625,-1.7698521566834327,2.3768640000000003
0.006937311178970576,0.007473158640524445,0.03718030041324775,0.000445946342538694,0.001121722967632744,-3.0380859375,0.8968145099832343,3.076864
0.006166179286200012,0.002033894562335336,0.006970083960822311,0.002563687479844384,0.011902957258506609,0.9619140625,3.5634811766499004,0.416864
0.0075278533547582715,0.016843191937351898,0.0029835525273966914,0.00803765379778759,0.002025249364924967,-1.0380859375,-3.251333638164914,1.116864
0.009722613945585691,0.002622085935209785,0.002114351203813991,0.020075786238780646,0.01150732423195291,2.9619140625,-0.5846669714982475,1.8168639999999996
0.010234495795292748,0.004107001148751609,0.05387900998824517,0.0010150540521569132,0.004347254511725727,-2.0380859375,2.0819996951684194,2.516864
0.007059251357599186,0.002653580378288449,0.0005966953906193026,0.09975091325416492,0.0019371411781457482,1.9619140625,-2.362444749276025,3.2168639999999997
0.016842534993800007,0.00828005302825803,0.009964444859559085,0.00783173274250335,0.009575727697248876,-0.0380859375,0.30422191739064086,0.556864
0.0033583314751168434,0.0008025257980354733,0.0019264069945923977,0.0026770556320706365,0.013698327974493253,3.9619140625,2.970888584057307,1.256864
0.004590244610834695,0.018280364276795736,0.0054760258411308965,0.0015333714862375435,0.0009346890540329681,-3.9443359375,-1.4735558603871364,1.9568639999999997
0.039706572937108706,0.004841381204809376,0.018408055633063795,0.004924836132926938,0.019789221599607873,0.0556640625,1.1931108062795301,2.656864
0.001446958164345007,0.0002869413577076881,0.024748582003060262,2.308010081645149e-05,0.0014986348595208687,-1.9443359375,3.859777472946196,3.356864
0.004933017107210269,0.004571043396753851,0.001477261952881295,0.014003510811713164,0.0025583427981491196,2.0556640625,-3.745160798658741,0.696864
0.008830327801020142,0.02055412847802037,0.008775064690576522,0.0031362975222972147,0.002124858207593643,-2.9443359375,-1.0784941319920747,1.396864
0.020133978511000534,0.0031384420215685212,0.009411054958059488,0.005880044689281605,0.03190962001251108,1.0556640625,1.5881725346745919,2.096864
0.009126502432396745,0.03777902755175641,0.00199140430672795,0.008629180901342634,0.001030759050235508,-0.9443359375,-2.856271909769852,2.7968640000000002
0.0054143678112023325,0.00034998029438478153,0.00041035207052648895,0.017721267130533347,0.01217095438261202,3.0556640625,-0.18960524310318583,3.496864
0.0047592383570767465,0.0039949902182715045,0.011302676617158284,0.0015542371548497487,0.0029693633475507165,-3.4443359375,2.4770614235634802,0.0035840000000000004
0.01244390523649637,0.010285120880132859,0.004129032220965511,0.01484660214180599,0.005037068548055023,0.5556640625,-1.9673830208809635,0.703584
0.01840267695404862,0.01084079192081044,0.020232204639550305,0.004369060727753934,0.006589213414460716,-1.4443359375,0.6992836457857035,1.4035840000000002
0.004308225592615967,0.00068850073084249,0.0030322619433085225,0.001901377260917091,0.02587093191176759,2.5556640625,3.3659503124523695,2.103584
0.0032675509883133254,0.0334981360149646,0.00140614961659124,0.002277394070411728,0.00037198925160513346,-2.4443359375,-3.448864502362445,2.803584
0.0113510712775764,0.0058336096260233625,0.004440696065916661,0.012288439311889525,0.008268953205276874,1.5556640625,-0.7821978356957784,0.14358400000000002
0.013375762349703803,0.005097554871723714,0.015198484301694456,0.0040376677289934255,0.011052436724786553,-0.4443359375,1.8844688309708886,0.8435840000000001
0.004446907808026431,0.0022500608299325063,0.0010378066392822641,0.019215993844528448,0.0035247498151423132,3.5556640625,-2.559975613473556,1.543584
0.006043806104856207,0.012170430767828122,0.014050464281808452,0.0011261951718155058,0.0013174381891130796,-3.6943359375,0.1066910531931109,2.2435840000000002
0.010486660751066966,0.0010386932341215824,0.014534058278782966,0.000994988684186688,0.025233563950841597,0.3056640625,2.773357719859776,2.943584
0.00985670101537233,0.014960092143601689,0.0063448276256286166,0.005982932000419493,0.0032862498311639296,-1.6943359375,-1.6710867245846672,0.283584
0.011108412560545032,0.0030183580715715734,0.004575682107347307,0.008670178427234018,0.018425394361138655,2.3056640625,0.9955799420819993,0.9835840000000002
0.0038959834117726724,0.001990825631967455,0.018142532432295293,0.0006862604757764984,0.0030623739983637347,-2.6943359375,3.6622466087486654,1.6835840000000002
0.007301004220132828,0.006700575324939784,0.001217069800294025,0.03228179792360665,0.0020466559533403573,1.3056640625,-3.1525682060661486,2.383584
0.06534481332828865,0.022256985769750635,0.010247792645514417,0.007240255120788629,0.004386120570659293,-0.6943359375,-0.4859015393994821,3.0835839999999997
0.005498238372838776,0.001672029914928813,0.0031023112845551936,0.004467581835496905,0.013793719586898201,3.3056640625,2.1807651272671844,0.42358399999999996
0.005834914052078879,0.018879359069230484,0.004683121739229548,0.0030369592202295673,0.0014803401284752837,-3.1943359375,-2.2636793171772593,1.1235840000000001
0.028741288313007866,0.0063916417410097084,0.008726968402890747,0.011442961728745179,0.017788440509598727,0.8056640625,0.40298734948940673,1.8235839999999999
0.00755356071663572,0.0018289848331792678,0.033010063549662856,0.0007804540326252966,0.007190894559327613,-1.1943359375,3.069654016156073,2.523584
0.006569636316599291,0.001083045155158961,0.0005561743156513011,0.060996516626145095,0.0047158465439187626,2.8056640625,-1.374790428288371,3.223584
0.009923658114199999,0.007387975661372046,0.01646111784546602,0.0029561459135065042,0.004902003382765095,-2.1943359375,1.291876238378296,0.563584
0.004610016933862213,0.0011342224545268513,0.004708197920457986,0.001916218978807371,0.015073530893545916,1.8056640625,3.958542905044962,1.263584
0.005587580060798062,0.01258630604873859,0.0014910459510715465,0.010738922667577734,0.0012814989258396363,-0.1943359375,-3.9097698521566833,1.963584
0.004128221780060334,0.0009328054516143799,0.0006305422125597284,0.021959638825155912,0.005308631191227561,3.8056640625,-1.2431031854900167,2.663584
0.002036392399127576,0.0024030214908155956,0.024221629817911646,7.029496442578365e-05,0.0003613515569692687,-3.8193359375,1.4235634811766493,3.363584
0.00754870898107123,0.00919836080996874,0.003081957136840315,0.010131744323452546,0.0031486596917282444,0.1806640625,-3.0208809632677944,0.031584
0.013300050004562183,0.014332798694796204,0.011482525120700717,0.005021521911216552,0.004440725009550935,-1.8193359375,-0.3542142966011279,0.731584
0.008616602028056598,0.0018536737257034434,0.0049496660723000515,0.0045149759511303915,0.025803933510932412,2.1806640625,2.3124523700655377,1.4315840000000002
0.006925809439201792,0.03545884969415461,0.00456553963287095,0.00292490362679662,0.0011530493628067375,-2.8193359375,-2.131992074378906,2.131584
0.039961512610724836,0.003480509300739265,0.00590189404241624,0.011603909578468501,0.02935238624649899,1.1806640625,0.5346745922877609,2.831584
0.006911690911049596,0.0031200724997157117,0.011470671156403846,0.002360429635184429,0.007562915588499064,-0.8193359375,3.201341258954427,0.17158400000000001
0.0038140563013149805,0.002815905853225412,0.0010855864861060425,0.013519429903984586,0.002497028377813713,3.1806640625,-3.613473555860387,0.8715840000000001
0.007488501321514811,0.019076227670776054,0.008817111863769512,0.0024372581700114184,0.0017559801230888083,-3.3193359375,-0.9468068891937205,1.571584
0.021976405262824593,0.0031870738816721133,0.012300896991720153,0.004813473887011677,0.02982650144405136,0.6806640625,1.719859777472946,2.2715840000000003
0.00845823245217566,0.054780132191868,0.002025745696880011,0.00596924850415224,0.000774206312571314,-1.3193359375,-2.7245846669714986,2.971584
0.008930968453781895,0.0034497498384997516,0.0034507660882645372,0.010758554786149023,0.010655647302043554,2.6806640625,-0.05791800030483163,0.31158399999999997
0.0070991297830290375,0.004087143473648618,0.01973140939295506,0.0017464346466249518,0.004657543020484416,-2.3193359375,2.6087486663618336,1.0115840000000003
0.01319503241924521,0.006483028542619952,0.002602713772622282,0.03019299419654682,0.005983348699259156,1.6806640625,-1.8356957780826093,1.7115840000000002
0.04054667922673452,0.0077957515016883,0.020310303900428588,0.005730104862025769,0.013249073019597192,-0.3193359375,0.8309708885840568,2.411584
0.001002203070138319,7.543102188461225e-05,0.00045219143769708887,0.00029843193186357127,0.017049738772854497,3.6806640625,3.497637555250723,3.1115839999999997
0.0037657988212468183,0.01156663019171852,0.00292941039852574,0.0026122185921904303,0.0011583931952890898,-3.5693359375,-3.3171772595640907,0.451584
0.021034676752715174,0.010224177592242697,0.007044510688875112,0.013692799049218314,0.008880826843150148,0.4306640625,-0.6505105928974242,1.1515840000000002
0.012863500147276025,0.005182871660873966,0.0326503295407944,0.002205919908496343,0.006916230588772855,-1.5693359375,2.016156073769242,1.851584
0.006834102871623023,0.0030589241797148873,0.0009626713789404102,0.050548801351279114,0.003199557199745347,2.4306640625,-2.428288370675202,2.551584
0.01161296195922952,0.015486437847897286,0.027055035530811386,0.0006944915176859966,0.0011213154226129532,-2.5693359375,0.2383782959914642,3.251584
0.007596525629200892,0.002269096309229016,0.006604313772337241,0.0034622097552018897,0.015489178040377163,1.4306640625,2.9050449626581303,0.591584
0.01748849421711944,0.018493262153363072,0.006371245006842744,0.011243933736254482,0.004601015078836522,-0.5693359375,-1.539399481786313,1.291584
0.00661996332362025,0.0012210456383219717,0.002033544107494145,0.0071906747634402765,0.02230023296568436,3.4306640625,1.1272671848803535,1.991584
0.0019409183113645648,0.0008552217332300868,0.019320867643755932,0.00012831123137110705,0.0013688750235475071,-3.0693359375,3.7939338515470196,2.691584
0.00238911551647621,0.003857135804404956,0.0002708346911219599,0.019610482999054553,0.0003112884647349691,0.9306640625,-3.811004420057918,3.391584
0.011535639525086438,0.012332475815093162,0.007121702453536006,0.00700947856922673,0.004541085450635208,-1.0693359375,-1.1443377533912513,0.059584000000000005
0.007550759894771751,0.002132005503948739,0.0035777106213208116,0.006297303538818871,0.01672002724164113,2.9306640625,1.5223289132754143,0.759584
0.006996208486929131,0.024044385953895714,0.0035070635955288393,0.005031260024494897,0.0015615679354658118,-2.0693359375,-2.9221155311690294,1.4595840000000002
0.020008685333061892,0.0040352157074198605,0.0035845578467244006,0.02190823202581425,0.016599185999898514,1.9306640625,-0.2554488645023625,2.159584
0.015050535908063701,0.0017538048218731874,0.02240975068741969,0.001410029238755057,0.019948493863693732,-0.0693359375,2.4112178021643036,2.859584
0.0045123279479405524,0.0024270882111429746,0.0015233503062754403,0.01099081907376781,0.004467878898717327,3.9306640625,-2.03322664228014,0.199584
0.005725032019586692,0.007952683504553465,0.011979462504867252,0.0017168987370641436,0.0021331104690873602,-3.8818359375,0.6334400243865268,0.8995840000000002
0.008197323701474264,0.0020613667426949197,0.012635033363906896,0.0020770835866839913,0.014253021463713548,0.1181640625,3.300106691053193,1.5995840000000001
0.004919345935079877,0.027647484490079706,0.0018768956840092752,0.004331503557630166,0.0007880371178531844,-1.8818359375,-3.514708123761622,2.2995840000000003
0.01695843620378408,0.002502366717030107,0.0015270108386013933,0.04747354114901569,0.00996798728182127,2.1181640625,-0.848041457094955,2.999584
0.0068282019247473446,0.005575521601200736,0.014469689435850643,0.002088573533154879,0.0037313853356116134,-2.8818359375,1.818625209571712,0.339584
0.00975026707944419,0.00830419353155579,0.0026614208387153184,0.0188964170167669,0.003970400487940573,1.1181640625,-2.6258192348727327,1.0395840000000003
0.02768214053423294,0.014512667513587062,0.015513577900477736,0.006911347413307139,0.007355084719438206,-0.8818359375,0.04084743179393335,1.7395840000000002
0.004107950780973248,0.0005261214898466773,0.001919592128722805,0.0022961162922445705,0.03267362508592554,3.1181640625,2.7075140984605994,2.439584
0.003680254336831697,0.04124288288305401,0.0033196240956665356,0.0007669808369865357,0.00031511773486527606,-3.3818359375,-1.7369303459838439,3.1395839999999997
0.01468854291501394,0.005622962260448932,0.0088886261829883,0.007199630617399951,0.012660802570765219,0.6181640625,0.9297363206828226,0.479584
0.005971348688885153,0.0024289331727980795,0.015987747472010733,0.0014757607058265639,0.006343229939426788,-1.3818359375,3.5964029873494887,1.1795840000000002
0.004863592893254773,0.003249267649458729,0.001001761909123637,0.02534781199978639,0.0025115502704073796,2.6181640625,-3.2184118274653253,1.879584
0.014917238131579517,0.031085558542686305,0.013982147888401752,0.0026213816547059334,0.0019849155988352846,-2.3818359375,-0.5517451607986588,2.579584
0.0102968237111942,0.0005081978637350959,0.0036671579767507284,0.0016154110525674298,0.10274120242122901,1.6181640625,2.1149215058680078,3.279584
0.010872649634872202,0.013734981376658835,0.004349073231821005,0.010648981023518952,0.0036451548265407003,-0.3818359375,-2.329522938576437,0.6195839999999999
0.0067198500022841905,0.0018428447656412576,0.0021208574276701344,0.009887425601800347,0.013202955004014,3.6181640625,0.3371437280902292,1.319584
0.003235321991654247,0.0022602390570250807,0.019174760998839215,0.00045628070304378306,0.0017557624055309347,-3.6318359375,3.0038103947568953,2.019584
0.03325263750548842,0.01497891768468947,0.0036969893308519816,0.026817983894640508,0.004809819618933812,0.3681640625,-1.4406340496875476,2.7195840000000002
0.02008054566680419,0.004658266025440278,0.08488077855810586,0.00052297464562719,0.0029431289891650035,-1.6318359375,1.2260326169791185,3.419584
0.0042392702762270714,0.0014068841599523519,0.0038524140133189854,0.002416299486307001,0.010632332012016814,2.3681640625,3.8926992836457845,0.08758400000000001
0.004323074258945716,0.01384306478408057,0.0025888408236362554,0.003619725982239286,0.0012260158733755032,-2.6318359375,-3.712238987959153,0.7875840000000001
0.018175666499769906,0.0072498303501216535,0.00419523591235487,0.022086669275801458,0.009091392836899446,1.3681640625,-1.045572321292486,1.4875840000000002
0.02286589471750874,0.005393673880298491,0.027843065256294094,0.0034504632899487447,0.012515953269639288,-0.6318359375,1.6210943453741802,2.187584
0.002561116325334649,0.001016574271538401,0.00034864356354900964,0.0324657938863208,0.0015544844676412728,3.3681640625,-2.8233500990702636,2.887584
0.007454658284225256,0.010418483455052764,0.00977250603986212,0.0028988965012491734,0.002833788200688323,-3.1318359375,-0.15668343240359706,0.227584
0.010308831877343059,0.0029070458378570867,0.009173982264578497,0.0038924299543153028,0.017133070133271058,0.8681640625,2.5099832342630686,0.9275840000000002
0.014806158842314229,0.026380468340470916,0.005599300136291172,0.0089312506175255,0.0030659853526630518,-1.1318359375,-1.9344612101813747,1.6275840000000001
0.010071930323317631,0.0015306593753126934,0.002355867518157738,0.010460746495381642,0.027513858903784792,2.8681640625,0.7322054564852918,2.3275840000000003
0.003074147081072242,0.0008353870778918179,0.038039185168303964,0.00012779637321505988,0.0023247442425754867,-2.1318359375,3.398872123151958,3.027584
0.005701781473149082,0.005149567420909291,0.0018427076530830176,0.01357592240012284,0.003032985159032652,1.8681640625,-3.415942691662856,0.367584
0.020338623022986137,0.012768545998665896,0.008031124991797364,0.011303134481869743,0.007243929882489346,-0.1318359375,-0.7492760249961896,1.0675840000000003
0.004399902465627572,0.0008770039588500508,0.0017865368051402358,0.00422607461697017,0.018587036523466948,3.8681640625,1.917390641670477,1.7675839999999998
0.0031384427312092307,0.02360960798592227,0.0025968833488293677,0.001260029672134585,0.00046423340466112615,-3.7568359375,-2.5270538027739677,2.467584
0.09559540784497551,0.00691559268872794,0.008758924063482065,0.00950164204615088,0.012406119286620335,0.2431640625,0.13961286389269922,3.1675839999999997
0.007260046279936417,0.003875075787931357,0.015508527069114906,0.002116789922898523,0.005826154306573838,-1.7568359375,2.8062795305593644,0.5075839999999999
0.010357885364760344,0.004850379623437819,0.002544705172593152,0.02269950581722936,0.006778814929849018,2.2431640625,-1.6381649138850785,1.2075840000000002
0.01020789842111342,0.0091194593151278,0.02715316574443678,0.0018423060035282733,0.003123630779171185,-2.7568359375,1.0285017527815876,1.907584
0.004556020821354672,0.0005736113294644775,0.005463631287809762,0.0008366526526398992,0.023804016642761747,1.2431640625,3.6951684194482537,2.607584
0.005773760257530846,0.03186124146848182,0.0009814641210692558,0.007429594215485983,0.00042635527977490876,-0.7568359375,-3.11964639536656,3.307584
0.007538341103396825,0.0028353234285668767,0.00251581651530625,0.012195251802560553,0.009442114029944902,3.2431640625,-0.45297972869989334,0.6475839999999999
0.005710187894984577,0.004464693502889344,0.020181823308048605,0.001255257255098733,0.0028446348558144497,-3.2568359375,2.2136869379667727,1.3475840000000001
0.015277583482450877,0.011644237417335489,0.0027474382690733717,0.027946001735754858,0.003974077941343014,0.7431640625,-2.230757506477671,2.047584
0.03748876627283801,0.01361905040951238,0.028334917483848112,0.003580913334597666,0.005551841099773256,-1.2568359375,0.43590916018899506,2.7475840000000002
0.0015336637452086186,6.578322479393152e-05,0.0006493264615142192,0.00019553477659752042,0.048675459695028296,2.7431640625,3.102575826855661,3.447584
0.008720959661566219,0.013644986649283115,0.007053321145431422,0.004638088627868645,0.003038992730769585,-2.2568359375,-1.3418686175887822,0.11558400000000002
0.012106025116818917,0.003449231058326861,0.00611186607505142,0.00720459459548788,0.01818136500180965,1.7431640625,1.3247980490778843,0.8155840000000001
0.005442090305053862,0.0015851553324066335,0.011325934251248114,0.0013648235089593732,0.009511855986671479,-0.2568359375,3.9914647157445504,1.5155840000000003
0.0018318545071171284,0.0011891692736726535,0.00039249415861595285,0.013041047075480318,0.0011317074386027507,3.7431640625,-3.993903368388965,2.215584
0.004529898686853066,0.030695191838260444,0.005109139100747462,0.0008934320187495134,0.0004990568238957134,-3.5068359375,-1.3272367017222986,2.915584
0.012670446438245126,0.005014682690425886,0.009208950588259195,0.005887885991603683,0.012063468030624537,0.4931640625,1.339429964944368,0.25558400000000003
0.0072753276151110114,0.017648222154592497,0.003381536858675922,0.0065429539895834,0.0019772016323750846,-1.5068359375,-3.1050144795000763,0.9555840000000002
0.012673497434521716,0.003474863746053988,0.0029272949004785984,0.019595214084844204,0.013126861505928872,2.4931640625,-0.43834781283340973,1.655584
0.007494281266274755,0.0038633755331236226,0.043948091734080964,0.0008564361205591172,0.0033053556308009456,-2.5068359375,2.2283188538332563,2.3555840000000003
0.01151805410310746,0.00501838059681833,0.0010495016152893175,0.0773354832256831,0.002592887387459561,1.4931640625,-2.2161255906111874,3.055584
0.015196625368491807,0.008549200554296576,0.011114880716459444,0.006429462618639989,0.008268863122326194,-0.5068359375,0.45054107605547955,0.395584
0.003933323397245117,0.0009811300813327884,0.002481613643429788,0.0027724199108818542,0.01490926532200565,3.4931640625,3.1172077427221456,1.0955840000000003
0.0034202431079410674,0.017923391680417906,0.0019795135951362597,0.0025180584376857025,0.0007027177403145413,-3.0068359375,-3.697607072092669,1.7955839999999998
0.03147683968970297,0.00855924639064778,0.0038442415502335926,0.03124676966335435,0.00840124911208003,0.9931640625,-1.0309404054260023,2.495584
0.023968019547150093,0.00333944229832163,0.059552062751041,0.000988278073091244,0.0074952744136161644,-1.0068359375,1.6357262612406647,3.1955839999999998
0.005262134263236328,0.0034339315792812665,0.0015871246658969009,0.014666079209956821,0.003738079515610452,2.9931640625,-2.80871818320378,0.535584
0.014726252582235403,0.015820002548663094,0.014489700136763524,0.004373554719585807,0.004217527610049216,-2.0068359375,-0.14205151653711345,1.235584
0.008569235907696916,0.0014572626688016958,0.0051016297209100095,0.003613832973191789,0.033964794210252516,1.9931640625,2.524615150129552,1.935584
0.0231846527431952,0.02154156635888483,0.003289833753355387,0.021162477777933352,0.003148847723420692,-0.0068359375,-1.9198292943148911,2.635584
0.0020798401830762116,0.00014758210713704392,0.00029492260745990614,0.004024946801701899,0.014423632183241481,3.9931640625,0.7468373723517754,3.335584
0.0031097195525956285,0.002469573862737223,0.01038510501765855,0.0008505510179929191,0.0020890366769049326,-3.9951171875,3.4135040390184415,0.675584
0.007760526267300352,0.012593080686877188,0.0022771170754894003,0.012804671334207223,0.0022127607429763456,0.0048828125,-3.4013107757963725,1.3755840000000001
0.017533634672667508,0.028685733111636604,0.012422906058759462,0.004410783517326627,0.0029994842363087124,-1.9951171875,-0.734644109129706,2.075584
0.01092844043971278,0.0009867129289886617,0.003878795843645475,0.0038899464393543776,0.06717869787584857,2.0048828125,1.9320225575369605,2.7755840000000003
0.0022106803732406064,0.06407341060572573,0.0013537286831629568,0.0006361204527621689,0.0001185401194332613,-2.9951171875,-2.5124218869074837,3.475584
0.012475817670082314,0.005874555138816733,0.006363097525060984,0.008916722010456396,0.009950985454342847,1.0048828125,0.15424477975918283,0.009184
0.008557687405315836,0.0036324698154003828,0.015339790787150245,0.002478323462280181,0.008170949069644587,-0.9951171875,2.820911446425849,0.709184
0.007627503590023577,0.003161776446048177,0.0017924537904874462,0.022060257134802672,0.0063957354229493045,3.0048828125,-1.6235329980185949,1.4091840000000002
0.006384341311386269,0.0075825091915497,0.022252365500393265,0.0010520005823255435,0.0018546421944148443,-3.4951171875,1.043133668648072,2.109184
0.0046761358634937085,0.0005655466113597892,0.008570790226100473,0.0005030517159141403,0.01717227725480117,0.5048828125,3.709800335314738,2.809184
0.0049999071293509445,0.010838613336540372,0.0025820708166610076,0.005439067162974605,0.0017194915349676787,-1.4951171875,-3.8951379362901997,0.149184
0.009620890834300162,0.004224015412197623,0.0027588148618213617,0.017669556297353152,0.007866939664124608,2.5048828125,-1.2284712696235331,0.849184
0.010263864614041022,0.007366959601447969,0.026178588717915792,0.00210640130368463,0.004076499849199618,-2.4951171875,1.438195397043133,1.5491840000000001
0.007733182712242228,0.0062052652815730745,0.0013231671500502325,0.034008058769747954,0.00247124588688472,1.5048828125,-3.006249047401311,2.2491840000000005
0.06855977014858133,0.017647350424204105,0.010975397341416155,0.008402012587534619,0.00596976579067283,-0.4951171875,-0.3395823807346443,2.9491840000000002
0.00491781847630468,0.001546928264289572,0.0028642380887708447,0.004092488662180192,0.012493112281101166,3.5048828125,2.327084285932022,0.289184
0.004822877054282606,0.015183315536344564,0.0046033563263709176,0.0023820664153636154,0.001311952320642856,-3.7451171875,-2.117360158512422,0.9891840000000002
0.028785937111347127,0.007683399086627001,0.011965694157018203,0.008894331184628438,0.01478201440201184,0.2548828125,0.5493065081542454,1.6891840000000002
0.005920275989511243,0.0018998605934030203,0.03284454826053293,0.0006499423892788012,0.004880307076036176,-1.7451171875,3.2159731748209115,2.389184
0.0024415880766098037,0.0017619106232797793,0.0003083713288013465,0.034156255611657985,0.0007379707138370316,2.2548828125,-3.5988416399939034,3.089184
0.008472167188321306,0.013995106266829569,0.008357332041720986,0.0037029841752007873,0.002788674428679197,-2.7451171875,-0.9321749733272369,0.429184
0.01350861506240403,0.003425933339100648,0.008059913461981332,0.005870443870534345,0.02075895956512736,1.2548828125,1.7344916933394305,1.129184
0.011131310730489698,0.023602184843593034,0.003287907473413441,0.010935086586056027,0.002271389916365425,-0.7451171875,-2.7099527511050145,1.829184
0.007829097490753176,0.001280739586950908,0.0013807322496420574,0.015872869490479988,0.015608059153557586,3.2548828125,-0.04328608443834803,2.5291840000000003
0.0021383056218541034,0.0011061760459192991,0.04185802358378529,6.529102780259747e-05,0.0007733972933614016,-3.2451171875,2.623380582228318,3.229184
0.012224650437257898,0.00921426824858667,0.0041528279465627115,0.014740282278426869,0.005479254690608923,0.7548828125,-1.8210638622161257,0.5691839999999999
0.018120674824526416,0.009647939488724874,0.019287128179187225,0.004554675966576687,0.007438262237936502,-1.2451171875,0.8456028044505413,1.269184
0.003833980964834988,0.000662458660565048,0.0027461316212819965,0.0018314909330041718,0.021877777395671656,2.7548828125,3.5122694711172073,1.969184
0.004250306797848377,0.03671772019836841,0.001724494923328642,0.002990236780742145,0.0005263838483761815,-2.2451171875,-3.302545343697607,2.6691840000000004
0.02535260291883137,0.002111318168183423,0.0014055916160931356,0.04289125580743829,0.010250329814592122,1.7548828125,-0.6358786770309406,3.369184
0.010108257394698237,0.004525411763704597,0.010921894291008684,0.003981077207751526,0.009590046658887194,-0.2451171875,2.0307879896357264,0.03718400000000001
0.004494193938494139,0.0024444061245183224,0.0013177777802337463,0.01362237345865441,0.003978359190644094,3.7548828125,-2.4136564548087183,0.7371840000000001
0.0058992621427949275,0.009906054802620173,0.01227344869788631,0.0015817254945602686,0.0017910914574047942,-3.8701171875,0.2530102118579478,1.4371840000000002
0.010493506720237848,0.0020037485895631943,0.015412281932332506,0.0020178304357066417,0.018205666306651012,0.1298828125,2.919676878524614,2.1371840000000004
0.015273283719413087,0.06601741789238705,0.005973519178404904,0.004073546290814279,0.0014074234566363326,-1.8701171875,-1.5247675659198294,2.837184
0.00944194756455876,0.0032903810888373327,0.004919777534510222,0.0071990202403108584,0.013608991129440348,2.1298828125,1.141899100746837,0.177184
0.003831178315487758,0.002275681192684584,0.012847216458133802,0.0009849493343328994,0.003147687718405048,-2.8701171875,3.808565767413503,0.8771840000000001
0.005680656721469588,0.006834459161057316,0.0014023277140401184,0.01695989211689338,0.0019706253378128946,1.1298828125,-3.7963725041914342,1.5771840000000001
0.028738646974616287,0.028792202155054354,0.008126774390508344,0.009665665320217587,0.0041376938425230604,-0.8701171875,-1.1297058375247677,2.277184
0.005339625079310558,0.00044551437591112074,0.001224331538414344,0.004117597942032418,0.045600616314264354,3.1298828125,1.5369608291418988,2.9771840000000003
0.004491252018712241,0.012441183903598645,0.003567147178912206,0.002957986417359705,0.0014141188590329691,-3.3701171875,-2.9074836153025454,0.31718399999999997
0.020062050596683565,0.008341500389597802,0.007450755652796269,0.012279824954834947,0.010714133117182001,0.6298828125,-0.24081694863587888,1.017184
0.011021708677775438,0.004082808808551078,0.02808979050026514,0.002072475215542014,0.007712002460206996,-1.3701171875,2.425849718030787,1.7171840000000003
0.007724418910843026,0.002881533146294177,0.001148254129098866,0.04518270695011529,0.0044878289428164206,2.6298828125,-2.0185947264136566,2.417184
0.013844554390338715,0.011003759069217496,0.04251688466902063,0.0008363213667535965,0.001811014464357956,-2.3701171875,0.6480719402530104,3.117184
0.006182087472918847,0.0019059953750569763,0.005691233789894765,0.0029428486599487173,0.013807542672108424,1.6298828125,3.3147386069196765,0.457184
0.0071810992179579,0.013301539587987436,0.002430722903431214,0.010264720218660442,0.00208319007654318,-0.3701171875,-3.500076207895138,1.157184
0.006284259909125509,0.001813434003738323,0.0013958740015266296,0.017475092759019838,0.00843765601729183,3.6298828125,-0.8334095412284714,1.857184
0.004167874694073557,0.003800325653222592,0.027984169099216843,0.000422573847861791,0.001281775672284661,-3.6201171875,1.8332571254381955,2.5571840000000003
0.011061192021473754,0.013137732896202176,0.0010754058951878847,0.02998330124129299,0.0011120684705356277,0.3798828125,-2.611187319006249,3.257184
0.013628498260689442,0.011914570601852616,0.012544780184179151,0.00497544898311713,0.005245586761410054,-1.6201171875,0.055479347660417844,0.5971839999999999
0.006770666428045495,0.0015471678807340973,0.00436833325903641,0.0036538689594639425,0.022388164134440273,2.3798828125,2.722146014327083,1.2971840000000001
0.009092354397561571,0.034221863214547635,0.0062573489954729465,0.003448154013406622,0.0016352178452126909,-2.6201171875,-1.7222984301173603,1.997184
0.028209823408870745,0.002697516512757331,0.006008721552945023,0.008831160413650212,0.03968107981406248,1.3798828125,0.9443682365493062,2.6971840000000005
0.002840631251154202,0.00028166740178375545,0.01789507096112206,5.218002113655786e-05,0.005948354892037271,-0.6201171875,3.6110349032159723,3.397184
0.004108348608742229,0.002901387319407287,0.0013893492013611376,0.010967202152705358,0.0031111312874138606,3.3798828125,-3.2037799115988417,0.065184
0.008039408389686824,0.013605571816403386,0.009823853382126824,0.002952268032360539,0.0025341571892626225,-3.1201171875,-0.5371132449321752,0.7651840000000001
0.013691055265414863,0.0031029837179953794,0.010148182936574173,0.004521262908229554,0.022406276674141908,0.8798828125,2.1295534217344914,1.4651840000000003
0.013365719665789559,0.034720021703819964,0.003995667120801464,0.008993573338417942,0.0021309004870951123,-1.1201171875,-2.314891022709953,2.165184
0.009660002601611454,0.0010487033960843639,0.0014661899297046795,0.01338425078116475,0.025144312488000923,2.8798828125,0.3517756439567137,2.865184
0.006003962533087098,0.003523707114754741,0.013233223394801557,0.0018734515132819193,0.004830956561499059,-2.1201171875,3.0184423106233798,0.205184
0.011675736973702153,0.005753755855038919,0.0032627482172676277,0.01906844605064203,0.007369117852539309,1.8798828125,-1.426002133821064,0.9051840000000001
0.02290264704349491,0.006311366379182777,0.01653261247255843,0.005638798748493549,0.01459566334265344,-0.1201171875,1.240664532845603,1.6051840000000002
0.0016270502133359384,0.00024411954569650377,0.0009940943813473617,0.0008561836058412098,0.01236297627738066,3.8798828125,3.907331199512269,2.3051840000000006
0.0008727415511209525,0.010715757143725246,0.0006736652890818738,0.0005288047598172767,9.353240442063092e-05,-3.9326171875,-3.9609815576893768,3.0051840000000003
0.013518011178671826,0.010722591117312967,0.005844683085914119,0.010934250902868132,0.005843382563978051,0.0673828125,-1.2943148910227102,0.345184
0.011969273592818973,0.00763943577429503,0.020721059541639702,0.0030117716412325843,0.005616554999662689,-1.9326171875,1.3723517756439563,1.0451840000000001
0.00649235760981065,0.0047287189343932345,0.0013598437329664184,0.026692761479457663,0.0029249774744156,2.0673828125,-3.072092668800488,1.7451840000000003
0.010014924524534733,0.023177567047852548,0.013928228857873488,0.0018545145121356185,0.0016199005182933645,-2.9326171875,-0.4054260021338214,2.4451840000000002
0.013049433587850223,0.0008130928840385719,0.007217657059087801,0.0015659164603471984,0.061755166163481416,1.0673828125,2.2612406645328447,3.145184
0.010421279486323164,0.014967097747272616,0.004964410721014112,0.008413518170149348,0.0034072670558325004,-0.9326171875,-2.183203779911599,0.485184
0.008734010859341614,0.0023912848655269535,0.0029182094277226964,0.010349209246275538,0.015527057654414443,3.0673828125,0.4834628867550679,1.185184
0.0034815403956886485,0.002277818918176077,0.019178387771387875,0.0005366488754170515,0.0020608310149285956,-3.4326171875,3.150129553421734,1.885184
0.005528629736654439,0.00903893658322507,0.0010110407341386068,0.018753905553619315,0.0011103569037181236,0.5673828125,-3.6646852613930805,2.5851840000000004
0.029339411482269234,0.056649256738295226,0.007251407245505239,0.0037028539360862717,0.0014961382028861343,-1.4326171875,-0.998018594726414,3.285184
0.00819846718592378,0.0023849984559629308,0.004256330953776032,0.006046400601068597,0.01681901656132212,2.5673828125,1.668648071940253,0.625184
0.006582351264297953,0.022608656110690944,0.003815977161074072,0.004261124130563859,0.0015341015483229352,-2.4326171875,-2.7757963725041916,1.3251840000000001
0.02380805600299109,0.004978525454395736,0.004789354377856332,0.018660391461844825,0.01715462418219318,1.5673828125,-0.10912970583752513,2.0251840000000003
0.012976053198664655,0.0019856278328056623,0.028387815857096522,0.0012695902243574375,0.01420997785638182,-0.4326171875,2.5575369608291405,2.7251840000000005
0.0019031465423885725,0.00034585095074599726,0.00015210931661389584,0.035896658886090185,0.0016680674348099156,3.5673828125,-1.8869074836153028,3.4251840000000002
0.005768928908279415,0.007018031041829167,0.010364696193283179,0.0020534497918154194,0.0025852187772061014,-3.6826171875,0.7797591830513637,0.093184
0.007098075257789121,0.0022703239070717292,0.009575061662740315,0.002412496438190202,0.011892867243478657,0.3173828125,3.44642584971803,0.793184
0.006326349308350041,0.020843315573824774,0.0027148807806699708,0.0057801234747472995,0.0014476151643621192,-1.6826171875,-3.368388965096784,1.4931840000000003
0.014772400769528128,0.003468979055034915,0.0024690545087475116,0.0283986336412464,0.012182509123222057,2.3173828125,-0.7017222984301177,2.1931840000000005
0.006517646774163982,0.00342585263485566,0.0627414582960932,0.000416791294186505,0.0020304264057424315,-2.6826171875,1.9649443682365488,2.893184
0.008457308758900241,0.006904286133736016,0.0029142939114943805,0.014068553493329949,0.004360057199709649,1.3173828125,-2.479500076207895,0.233184
0.019184393421135874,0.010872886430383599,0.012593294630703113,0.006965147858888798,0.007986431883499972,-0.6826171875,0.18716659045877115,0.9331840000000001
0.0043439205788692575,0.0008772667701986354,0.0024460703979930945,0.002911439706318714,0.020394113643046847,3.3173828125,2.8538332571254372,1.6331840000000002
0.006578534974295289,0.032704287893055586,0.005804469895804728,0.0020430746075730875,0.0010195917466094162,-3.1826171875,-1.5906111873190065,2.333184
0.041556292566780305,0.002655162673223149,0.008730715549482782,0.005954177771248404,0.03637080882818266,0.8173828125,1.0760554793476604,3.0331840000000003
0.005545835696028689,0.0025388096203855888,0.011412408031490868,0.001769266143388797,0.006278650582780606,-1.1826171875,3.7427221460143265,0.373184
0.003819141920248914,0.003108714532502115,0.001043054092048832,0.01427730942929012,0.0022074005176850224,2.8173828125,-3.8622161255906113,1.0731840000000001
0.013295687524531226,0.028848691098873853,0.009125119526048999,0.004523550906760808,0.0025758431834633296,-2.1826171875,-1.1955494589239448,1.7731839999999999
0.016063665276932426,0.0018686580953914504,0.005067767299282044,0.006410563729001344,0.04818394536419911,1.8173828125,1.4711172077427213,2.4731840000000003
0.008063494628651068,0.020731786177619393,0.0011176772387584634,0.014836743434439609,0.0007678321472688166,-0.1826171875,-2.9733272367017225,3.173184
0.00586826777852705,0.002219401646264112,0.002084831585539507,0.009875377477412626,0.008531458287652557,3.8173828125,-0.306660570035056,0.5131839999999999
0.004326492475313513,0.0038226215503370186,0.015538897725087892,0.0010101606782110027,0.002209419258408205,-3.8076171875,2.3600060966316105,1.213184
0.017358066784734952,0.016241329522695636,0.003685420540268872,0.020100280178992378,0.003981107437583998,0.1923828125,-2.084438347812833,1.913184
0.023109736176654953,0.013334046459564198,0.03405002908247479,0.002502874954294779,0.004117873610738246,-1.8076171875,0.5822283188538337,2.6131840000000004
0.0024367580926432496,0.00013289575627229076,0.0014435133821216035,0.0002910080330272451,0.05066201198906356,2.1923828125,3.2488949855205,3.313184
0.004356141438216979,0.013479309886490855,0.0027817249648983662,0.003455497090755599,0.0012717599205709642,-2.8076171875,-3.565919829294315,0.653184
0.018889072176681624,0.007730075485027745,0.004825674958406839,0.019310248398798448,0.009455149528297914,1.1923828125,-0.8992531626276485,1.3531840000000002
0.019409063073631223,0.005265006032097493,0.02889046212314184,0.0031264399958475186,0.011169377549897452,-0.8076171875,1.7674135040390189,2.053184
0.003452519147927905,0.001390440889856954,0.0004874805476602921,0.03706421397146296,0.00206144184813393,3.1923828125,-2.6770309404054258,2.7531840000000005
0.004422453749995325,0.013027729078946726,0.013347998056559628,0.00023503362435902902,0.00036001935173835654,-3.3076171875,-0.0103642737387597,3.4531840000000003
0.008382349361034073,0.003062584846429991,0.00825042372707648,0.0036408072565018335,0.012003135107892776,0.6923828125,2.6563023929279064,0.12118400000000001
0.012081896337261328,0.01836854776721751,0.006194139609369767,0.007532620571066994,0.003457554680937372,-1.3076171875,-1.7881420515165374,0.821184
0.01049676089882598,0.0023614656415559326,0.0034961789234253084,0.009503379917875598,0.021618069667744,2.6923828125,0.8785246151501296,1.5211840000000003
0.0041415784517066945,0.0016555535617778674,0.024803603266137876,0.0004998803751872161,0.003318511226563034,-2.3076171875,3.5451912818167957,2.221184
0.004771788513000678,0.0037894756813593067,0.0006177625379653182,0.04281025723021971,0.001208974090280846,1.6923828125,-3.2696235329980188,2.9211840000000002
0.014405932491204193,0.010432238987850508,0.007816075501235992,0.00861247571030866,0.006615854278872495,-0.3076171875,-0.6029568663313523,0.261184
0.004959023790266386,0.001318159595158249,0.002455772045737477,0.0044274188820162,0.015155100581633892,3.6923828125,2.0637098003353147,0.9611840000000001
0.004639402299340889,0.020516377280923887,0.003881676200589557,0.002213118524272376,0.0010364782950604923,-3.5576171875,-2.38073464410913,1.661184
0.04475031140362307,0.007543557555470369,0.010153079440396293,0.01118305741111853,0.016297788671937354,0.4423828125,0.28593202255753614,2.3611840000000006
0.005741495459861995,0.0011984113756900749,0.05365608553822951,0.0002588328954542001,0.004283061807409179,-1.5576171875,2.952598689224202,3.0611840000000003
0.008561497164925146,0.004435905953978352,0.002765469057321715,0.015199507778633716,0.006674506647179438,2.4423828125,-1.491845755220241,0.401184
0.009928205919496376,0.008181452272021184,0.019922580463651203,0.0024923527402724768,0.004062262811110923,-2.5576171875,1.1748209114464254,1.1011840000000002
0.004987785767269775,0.0010032765256737452,0.005543097435147374,0.0016222801317018229,0.018201743353332328,1.4423828125,3.8414875781130915,1.801184
0.005269678016413459,0.01700227198525132,0.001281811679705269,0.00905929113891255,0.0008756031133171504,-0.5576171875,-3.763450693491846,2.5011840000000003
0.004000694773157481,0.0005838398548216648,0.0004001694784815527,0.029925988717294665,0.005038750845913017,3.4423828125,-1.0967840268251794,3.201184
0.006932620056083726,0.00616087726518546,0.015074962930518312,0.00204195310366664,0.0034211248139106093,-3.0576171875,1.5698826398414871,0.5411839999999999
0.009278084250200254,0.00898826116066838,0.0024205602913884854,0.01905109871741926,0.0033788992250613345,0.9423828125,-2.8745618046029566,1.241184
0.028790343357663242,0.018110312975359973,0.014927464015266092,0.006794848145522276,0.00608165803534425,-1.0576171875,-0.20789513793629055,1.941184
0.004722259291393459,0.0005133414685525425,0.001930673302839429,0.0024736693052243674,0.042906171641861106,2.9423828125,2.4587715287303755,2.6411840000000004
0.00822752991496068,0.12258721288671162,0.002817812026504533,0.0021529386142700737,0.00046076633194257286,-2.0576171875,-1.9856729157140682,3.341184
0.012216337950426825,0.00388198747984919,0.005200871359888413,0.00939688696206274,0.01531903342482789,1.9423828125,0.6809937509525987,0.681184
0.007840956103443736,0.002230263861429894,0.012826979758576204,0.002105459500093746,0.012427755961963858,-0.0576171875,3.347660417619265,1.3811840000000002
0.0022736679518738463,0.0012713444254459296,0.00048778010901740393,0.01475670976866399,0.0016307694876377832,3.9423828125,-3.4671543971955496,2.0811840000000004
0.003817614879101483,0.01684566527335519,0.00658268987074204,0.0006644988252037376,0.0005303900100111689,-3.9638671875,-0.8004877305288831,2.7811840000000005
0.024713442887762033,0.0011140504449436127,0.019794136942568395,0.0007555349529950505,0.021718985182582924,0.0361328125,1.8661789361377839,3.4811840000000003
0.006948289042847973,0.013346660766534863,0.00441041507183393,0.0052337589416510425,0.002377044961648302,-1.9638671875,-2.578265508306661,0.014784000000000002
0.012430319379778955,0.004295389000204754,0.004546175001955634,0.01198663709500858,0.013056972885804123,2.0361328125,0.08840115836000617,0.7147840000000001
0.005360165540522882,0.0034561166584409896,0.020914788687690505,0.0011162756398187608,0.003183572158282169,-2.9638671875,2.7550678250266714,1.414784
0.01949101866951939,0.009525802225723969,0.003149758697717877,0.032138112699527696,0.005791476782194739,1.0361328125,-1.689376619417772,2.1147839999999998
0.037291258513682285,0.007855062003272236,0.03588153137121376,0.002967878111415499,0.008076723045562199,-0.9638671875,0.9772900472488946,2.814784
0.003937051875364293,0.0012686592915356022,0.0031203315643929617,0.002557941025056163,0.010783186612096585,3.0361328125,3.6439567139155606,0.15478400000000003
0.00402377027870942,0.013893861051103325,0.0030330551418068386,0.002640881701795399,0.0011172021370522026,-3.4638671875,-3.1708581008992534,0.8547840000000001
0.02603275361895046,0.009938806665484908,0.007226691485020415,0.015168251217895114,0.010241233631096013,0.5361328125,-0.5041914342325868,1.554784
0.01293520852019452,0.004224563015068177,0.04114001750023354,0.00168178787488159,0.00707519582737343,-1.4638671875,2.1624752324340797,2.254784
0.005916468404622818,0.002049348603344817,0.000647060662735438,0.06904663972013282,0.0026812775799474097,2.5361328125,-2.281969212010364,2.954784
0.009481656246955308,0.009751981432831578,0.012399566435738507,0.003381440749112973,0.003962248356706771,-2.4638671875,0.384697454656302,0.294784
0.00737244089300477,0.0019348865266690287,0.006397961800167639,0.0031535756481592034,0.01801359965379753,1.5361328125,3.051364121322968,0.9947840000000001
0.02196756033462345,0.0203022344470523,0.006628498286463832,0.012541015744724928,0.004875908494435488,-0.4638671875,-1.3930803231214757,1.694784
0.0055107326248052925,0.0007967041065480079,0.0015247374277795075,0.005960347235543123,0.02529930421419941,3.5361328125,1.2735863435451913,2.3947839999999996
0.0007587622580182063,0.00036912032278719884,0.011765013678619053,2.1100353515092465e-05,0.00047344758226434334,-3.7138671875,3.9402530102118574,3.0947839999999998
0.005652217497257448,0.008229792361272208,0.0020816506982033792,0.009756377554059743,0.0021820881976478326,0.2861328125,-3.928059746989788,0.43478399999999995
0.013644612513109713,0.021024591187560178,0.008355373865669228,0.006112051928402769,0.0034901221175812716,-1.7138671875,-1.2613930803231215,1.134784
0.011895139943395354,0.00215608660772821,0.0043710998617491744,0.007384363011960019,0.030964634363111747,2.2861328125,1.4052735863435446,1.8347839999999997
0.00424826845834782,0.035958703899652306,0.0021551787022516563,0.00241737375122626,0.0005692466016065502,-2.7138671875,-3.039170858100899,2.534784
0.045453800217591676,0.0035870454010475134,0.002756178928762843,0.027023971276700313,0.013221663639853486,1.2861328125,-0.37250419143423263,3.234784
0.01047280835019417,0.004446588527790677,0.014566544676450214,0.0032709855275114105,0.009293051180518834,-0.7138671875,2.294162475232433,0.5747840000000001
0.005804975484050244,0.002817133599256465,0.001435565644038477,0.019578923952813892,0.004710568459997186,3.2861328125,-2.1502819692120108,1.274784
0.008378311565215438,0.011291699339236199,0.019847409554944316,0.001629694184426447,0.002175413484229996,-3.2138671875,0.5163846974546562,1.9747839999999999
0.007372601929379735,0.0008856008394475535,0.008978585487964234,0.0011470796819425355,0.027520619431629458,0.7861328125,3.1830513641213223,2.674784
0.0026670026087953955,0.027084980914729034,0.0006399759450187468,0.003636758049344611,0.00019398345337157035,-1.2138671875,-3.6317634506934917,3.374784
0.007707545309815129,0.003703295032690659,0.0028400663419527825,0.01194749080033703,0.007452063324560263,2.7861328125,-0.9650967840268252,0.042784
0.009364747865203797,0.006293741381394324,0.018382450453517895,0.0025603950692156823,0.004989459503669075,-2.2138671875,1.7015698826398413,0.7427840000000001
0.0083043649616514,0.005953984503759855,0.0018929486369119095,0.02475645462668315,0.0037297890127775297,1.7861328125,-2.7428745618046033,1.442784
0.040575349307356276,0.01278470891002727,0.012208879008171471,0.01002228835406345,0.009712917548884951,-0.2138671875,-0.07620789513793635,2.142784
0.002182155616733944,0.00021545954149417715,0.000778692217924572,0.001390352150067749,0.02444218795492573,3.7861328125,2.590458771528729,2.842784
0.004809164456533416,0.01127628470380286,0.004959062118985717,0.0025172179654916506,0.0016355162340043006,-3.8388671875,-1.853985672915714,0.18278400000000003
0.01840379585018723,0.006878718835808358,0.011244805492952719,0.0072099567420622615,0.012384553262526795,0.1611328125,0.812680993750952,0.8827840000000002
0.0056329640433557876,0.0023699155042144894,0.02040417634529503,0.0011147194056117565,0.005108370614163984,-1.8388671875,3.479347660417618,1.582784
0.004980991777385233,0.0036990051459224026,0.0008860048699416939,0.030922671531820406,0.0019936994883803603,2.1611328125,-3.3354671543971954,2.282784
0.009268344021528324,0.03347589887603972,0.010756328121160933,0.0012494394883008745,0.0009389552494129488,-2.8388671875,-0.6688004877305289,2.982784
0.010146193698937118,0.0034112775437010064,0.007510134520707284,0.004984155975174717,0.014464856762175033,1.1611328125,1.9978661789361372,0.32278399999999996
0.01092832178763394,0.017969709372291212,0.004343251775076311,0.009563691794952069,0.0030147073944620704,-0.8388671875,-2.4465782655083066,1.0227840000000001
0.008830394741193497,0.0020705551904340136,0.0023376419310645736,0.012646146748764011,0.016162334795973638,3.1611328125,0.22008840115835948,1.722784
0.0033717408935596245,0.002054629381245909,0.02652151007622207,0.00033886298069942954,0.001689734285330099,-3.3388671875,2.8867550678250256,2.422784
0.030957162318904878,0.01071485603327281,0.0022539444733531313,0.03998181390786317,0.003708319222966512,0.6611328125,-1.5576893766194178,3.122784
0.012578319901159254,0.007691527299247684,0.014778255413164612,0.004137259655341099,0.0068348599288362965,-1.3388671875,1.1089772900472488,0.46278400000000003
0.0040408390268452665,0.0009936140796674912,0.003314918410351733,0.0021557363594864915,0.01508983640441577,2.6611328125,3.775643956713915,1.162784
0.003976756311133369,0.01946076752495472,0.0018826186362498796,0.0034780858557186965,0.0008007256762919763,-2.3388671875,-3.8292943148910226,1.8627839999999998
0.020852084145242006,0.005207742050141707,0.0024529721434421413,0.04334375606127819,0.00839216078732203,1.6611328125,-1.162627648224356,2.5627839999999997
0.036492430788970645,0.0027510593542345576,0.029971811636238358,0.0015730394575546095,0.014254559464687346,-0.3388671875,1.5040390184423096,3.262784
0.004060175851446712,0.0025243449632166436,0.0012261143556063247,0.012686008415366599,0.003259023683230506,3.6611328125,-2.940405426002134,0.6027840000000001
0.006859271008679888,0.012978421189520039,0.010819688359316449,0.0020842409381912922,0.001953144933500442,-3.5888671875,-0.2737387593354672,1.302784
0.014309603356113086,0.0026856634878617293,0.014061845103117055,0.0032163278850405796,0.022774245420285357,0.4111328125,2.392927907331199,2.0027839999999997
0.01320803364632192,0.06045685273151612,0.004094077960584618,0.00567884308396766,0.0013935463417059793,-1.5888671875,-2.051516537113245,2.7027840000000003
0.011755544930625446,0.000571772622573272,0.0011677485817174987,0.009431268423649997,0.04257738248559488,2.4111328125,0.6151501295534221,3.402784
0.004895806144521069,0.0031360702623905072,0.011706245454427217,0.0015647515153551419,0.0039020775064983995,-2.5888671875,3.281816796220088,0.07078400000000001
0.0061233074339590255,0.0062430902408021705,0.001834091494630893,0.01476601273528331,0.0027305629774822355,1.4111328125,-3.5329980185947263,0.7707840000000001
0.023083017111269602,0.017440317740450816,0.008927362171192018,0.010271666561243618,0.005984305242358691,-0.5888671875,-0.8663313519280598,1.470784
0.005442424731464214,0.0008593355312701527,0.0019474060593165918,0.004639099866628634,0.02734577280347555,3.4111328125,1.8003353147386072,2.170784
0.003584408550978772,0.04211237406507497,0.0021730755211348354,0.0014366621533236869,0.0004110917929819147,-3.0888671875,-2.6441091297058374,2.870784
0.013671186825830923,0.006386986346199199,0.006572116172594468,0.009626023268777583,0.010049000125223017,0.9111328125,0.022557536960828628,0.21078400000000003
0.009211361081598587,0.0038389134431279968,0.017302711830145267,0.0024782128086969224,0.008203158335483051,-1.0888671875,2.6892242036274947,0.910784
0.007747384519239756,0.0032037026701430735,0.001672059661577132,0.02532769353335758,0.005994703853185492,2.9111328125,-1.7552202408169486,1.610784
0.016499065363208734,0.01041674265229653,0.035951513075893525,0.0022251176683361486,0.004110137853102629,-2.0888671875,0.9114464258497179,2.310784
0.0029937839961883023,0.00025070246981180876,0.0025246845220052343,0.00046253699302721817,0.033204135287816704,1.9111328125,3.578113092516384,3.010784
0.007411028382920969,0.010423406317371256,0.0029152622440593435,0.009975393017261119,0.0027216574613042094,-0.0888671875,-3.23670172229843,0.350784
0.005695951669731032,0.001987235616993363,0.001721580410770201,0.011725064206909257,0.008286284833784196,3.9111328125,-0.5700350556317635,1.0507840000000002
0.0041451785629907905,0.003928092754984076,0.018083044632783398,0.0007567887098658143,0.0017929872299445352,-3.9013671875,2.096631611034903,1.750784
0.016195651482323385,0.018862767201602654,0.0026708161668423853,0.021825216144419977,0.002712636975300984,0.0986328125,-2.3478128334095416,2.4507839999999996
0.02393178543222364,0.015924796105153054,0.03236902952190211,0.0014565032179249813,0.0023723297437480877,-1.9013671875,0.31885383325712446,3.150784
0.0063072966062903855,0.0018806176472391917,0.004922932585024914,0.0034565293209850995,0.01516911474841955,2.0986328125,2.9855204999237905,0.49078400000000005
0.008184665231159703,0.020350904267992655,0.007213915549452308,0.003420586333171166,0.002067121830159247,-2.9013671875,-1.4589239445206523,1.190784
0.02187311186083195,0.003929771138361401,0.008795011969814128,0.007658498359582671,0.026793591946509467,1.0986328125,1.2077427221460137,1.8907839999999998
0.004283613391432515,0.000901530898391335,0.01799355893724187,0.00041008868366394785,0.006575670028901403,-0.9013671875,3.87440938881268,2.590784
0.0010191313348139402,0.0005656058680624263,0.00010826156643042462,0.021430638199571816,0.000410071985342938,3.0986328125,-3.730528882792257,3.290784
0.006658928017738489,0.013654281575500584,0.007492816040698556,0.002800912282745037,0.002076304269574832,-3.4013671875,-1.0638622161255906,0.630784
0.017195584302472516,0.004370699264036488,0.011404194210847199,0.005705589803919197,0.018935087996166604,0.5986328125,1.6028044505410755,1.330784
0.008940683377120834,0.0310074776334785,0.0030920640696724933,0.007138526262092284,0.0015837093808969923,-1.4013671875,-2.8416399939033683,2.0307839999999997
0.012935749604011792,0.0017917649318179448,0.0017757423805113406,0.022533310144894524,0.017743929524337426,2.5986328125,-0.17497332723670178,2.730784
0.003561113224319144,0.001037534737899598,0.10036181198091829,6.417091091187103e-05,0.0012890442813381984,-2.4013671875,2.491693339429964,3.430784
0.009002863356034311,0.0061653878113574435,0.0032053806816112586,0.013758257406883004,0.0053959072652005535,1.5986328125,-1.9527511050144795,0.09878400000000001
0.01771467247665395,0.008178981154474074,0.012922207467420484,0.006354618606914438,0.009792137181363328,-0.4013671875,0.7139155616521871,0.798784
0.0032403057571178716,0.0006992466903484683,0.0020602565553435913,0.0021800564138568014,0.015174687317819626,3.5986328125,3.380582228318853,1.4987840000000001
0.0025610923152222876,0.017405952444661543,0.001766358085379047,0.0015083197059024957,0.0004466548189516226,-3.6513671875,-3.434232586495961,2.198784
0.05764588797896821,0.012010352232056353,0.0052162997698373004,0.020309556797894868,0.007294762509420446,0.3486328125,-0.7675659198292943,2.898784
0.009264208373218749,0.005584740764123664,0.014549814149657416,0.0029861658072140086,0.0061299957791888,-1.6513671875,1.8991007468373722,0.23878399999999997
0.00723066010972823,0.004612009103366589,0.0019343593681286778,0.019547267724116905,0.004325580746355308,2.3486328125,-2.5453436976070725,0.9387840000000001
0.011801810553957643,0.014991168058803427,0.017380320987728726,0.002811841342028629,0.003062728554273364,-2.6513671875,0.1213229690595945,1.638784
0.009098487776909624,0.001256099245153838,0.00702620969666533,0.0024391839858706873,0.03649071204658223,1.3486328125,2.7879896357262597,2.338784
0.027935419957512506,0.04031185028794893,0.0038614122062633253,0.011300557905333701,0.0020957253767750917,-0.6513671875,-1.6564548087181832,3.038784
0.006623817911955646,0.002182552150068478,0.002970336422889634,0.006986461500374755,0.012497379741362672,3.3486328125,1.010211857948483,0.378784
0.003635139384392821,0.002272599016628609,0.013536342972666428,0.0008595119679819747,0.0027536670272535545,-3.1513671875,3.676878524615149,1.0787840000000002
0.00855502588633882,0.009419618961914183,0.0018835900615203397,0.021562742021830433,0.002499876000614649,0.8486328125,-3.1379362901996646,1.7787839999999997
0.035022733071694075,0.025185939936999278,0.013616967682824364,0.006411838930067883,0.004567151208407817,-1.1513671875,-0.47126962353299806,2.478784
0.004075129728942673,0.00025575190001588747,0.0011818507202150546,0.0016674712204635474,0.06853444296097211,2.8486328125,2.195397043133668,3.178784
0.007945413876105666,0.016762420340756846,0.005151157043279081,0.0050846289054743594,0.0023749870482837514,-2.1513671875,-2.2490474013107757,0.518784
0.015357903578701353,0.004174457356175286,0.005200017461414809,0.011787147419223723,0.017408402633653564,1.8486328125,0.41761926535589033,1.218784
0.009263448473690762,0.0021645468747644877,0.01643235927192316,0.0019221000327079517,0.014222338916092921,-0.1513671875,3.0842859320225564,1.9187839999999998
0.00396979398321618,0.0009574239278287033,0.0006236499443838424,0.021878292957336377,0.004904860516086419,3.8486328125,-1.360158512421887,2.618784
0.002373130748461934,0.0029296616353088546,0.024487390874650353,9.434236335713454e-05,0.00040999394428214064,-3.7763671875,1.3065081542447796,3.318784
0.005580482970297708,0.0018948524783428265,0.008401840155783446,0.0019407089891561083,0.00969994154198439,0.2236328125,3.9731748209114457,0.658784
0.00457545576879718,0.015557385374699707,0.0020565227458451333,0.004882551990035039,0.0011505151353972255,-1.7763671875,-3.982929431489102,1.358784
0.01308791241012412,0.00421852952791702,0.002216148737999835,0.03450057741094926,0.008127813860649159,2.2236328125,-1.3162627648224356,2.0587839999999997
0.008482488510368503,0.006232148613010269,0.047879910021890626,0.0007183653130814851,0.0020749922221076087,-2.7763671875,1.3504039018442304,2.7587840000000003
0.00426650449829214,0.003703105433136595,0.00034780355840814166,0.04971553753365793,0.0005755400052211515,1.2236328125,-3.0940405426002133,3.458784
0.013312562356638698,0.010649593138875759,0.008709796589756404,0.0070300175830186286,0.005995227422689027,-0.7763671875,-0.4273738759335468,0.126784
0.005714707402894143,0.0015495356620928184,0.0031090538873098142,0.004417916685072862,0.016407972531031243,3.2236328125,2.239292790733119,0.8267840000000001
0.005678165296032575,0.02203256935503719,0.004589598941802846,0.002692938634805372,0.0012909125741745913,-3.2763671875,-2.2051516537113245,1.5267840000000001
0.036730570525691585,0.006119633923020777,0.009210448941816024,0.011106367110904455,0.019800398611118247,0.7236328125,0.46151501295534203,2.226784
0.006041613980263599,0.0011809829678704666,0.03928453045548133,0.00035146674405387264,0.005700139437994496,-1.2763671875,3.128181679622008,2.926784
0.0042687392644835285,0.0035356814238965448,0.0013918332587695293,0.01176214694112859,0.0026797147047222924,2.7236328125,-3.686633135192806,0.266784
0.011186093319735208,0.018518865229181183,0.009182586573545403,0.004540561214407619,0.0030842331978978,-2.2763671875,-1.0199664685261394,0.9667840000000001
0.013750802572052767,0.002668164721269318,0.006335788235749122,0.006335913726637057,0.029238809213313125,1.7236328125,1.6467001981405271,1.6667839999999998
0.011396201500697742,0.02192607099378998,0.002335444958676812,0.015246772352004355,0.0019260792410302212,-0.2763671875,-2.797744246303917,2.366784
0.004017472593194135,0.0004636604512589187,0.0005328158131960695,0.012511936924919316,0.010688932325683447,3.7236328125,-0.13107757963725053,3.066784
0.00467553889615993,0.0038841101323515118,0.01265391435663084,0.001393275031476553,0.0028081806411047296,-3.5263671875,2.5355890870294147,0.406784
0.014508169241771184,0.011674109201520334,0.004221236134065439,0.016848302763319903,0.005096442147456587,0.4736328125,-1.9088553574150282,1.1067840000000002
0.020463169630147996,0.011165320110716397,0.0249235585252998,0.00387228498019039,0.006275044572821653,-1.5263671875,0.7578113092516379,1.8067839999999997
0.0037026408815544476,0.0004593331683555472,0.002581154727519048,0.0012875644081349056,0.02995115302417596,2.4736328125,3.424477975918304,2.5067839999999997
0.00227976444464725,0.038782224085301006,0.001001596669401544,0.0014256137830673359,0.00017970306498072485,-2.5263671875,-3.3903368388965096,3.206784
0.013335096022660099,0.006223140520332638,0.004687478163402754,0.013978442714305898,0.00915108370767845,1.4736328125,-0.7236701722298431,0.546784
0.014715151194166174,0.004988899130263116,0.018208406773072845,0.003747196070197905,0.011711928426829143,-0.5263671875,1.942996494436823,1.246784
0.0043971025846545305,0.0020347038216643877,0.0008918326365304084,0.023482187367389648,0.003351145089668638,3.4736328125,-2.5014479500076208,1.9467839999999998
0.00917947585171166,0.0155032570102712,0.020485750142253463,0.001201468789725973,0.0015244513308787994,-3.0263671875,0.1652187166590453,2.6467840000000002
0.006717544720442469,0.00035669574414106325,0.006060160823348219,0.0004177002259273681,0.04781412280339916,0.9736328125,2.8318853833257114,3.346784
0.012904811121140485,0.01636831722159048,0.006446384369585969,0.008271635017084514,0.00402220702227062,-1.0263671875,-1.612559061118732,0.6867840000000001
0.008693058589565419,0.0020556759488597667,0.0031460826699196195,0.00821286539643473,0.020104826316125705,2.9736328125,1.0541076055479346,1.386784
0.004293185565171821,0.0016179456490815038,0.02178808447281278,0.0005914615396555126,0.003953644008907289,-2.0263671875,3.7207742722146007,2.0867839999999998
0.0029208576487932065,0.0027209895482777314,0.000464954195284484,0.025452969678468346,0.0008698791552038514,1.9736328125,-3.8841639993903367,2.786784
0.05736442272834282,0.017609099143290296,0.002873727150963845,0.01635641777066963,0.002442177922301236,-0.0263671875,-1.2174973327236702,3.486784
0.00478970895145849,0.0016824466409556755,0.0024147343990482055,0.005144306612827778,0.01008846195532774,3.9736328125,1.4491693339429954,0.020384
0.0035504162750887576,0.011804011175148016,0.0030745957813167785,0.0021701499079019313,0.001038137414940259,-3.9794921875,-2.995275110501448,0.720384
0.025735390896744457,0.01160516151514722,0.009377026641428867,0.011432735245106419,0.009270433464138271,0.0205078125,-0.3286084438347814,1.4203840000000003
0.009430577589411722,0.004003064213323581,0.03930240807636824,0.0013230410950820137,0.005069758242205858,-1.9794921875,2.3380582228318847,2.120384
0.009762618466767257,0.003664026584591532,0.0010786538690782004,0.07012816738753012,0.0035809435179991753,2.0205078125,-2.106386221612559,2.820384
0.007639944935149394,0.008498195488062263,0.011636498067962315,0.002728483948808713,0.0033159310789586606,-2.9794921875,0.5602804450541079,0.16038400000000003
0.0073793697424540715,0.0021205964026619678,0.00770766719822812,0.0028526753380018707,0.015173764049699683,1.0205078125,3.226947111720774,0.860384
0.006489872690171945,0.017378937939603076,0.0022666171691987317,0.007923999061404391,0.0015463254826877323,-0.9794921875,-3.5878677030940405,1.5603840000000002
0.008820599883578665,0.002192017287167221,0.0015177056553122342,0.02695721256788772,0.00936000294210571,3.0205078125,-0.9212010364273739,2.260384
0.0037656524483493936,0.003233595830966816,0.035492349337289925,0.00023840420557872657,0.0009622138395718193,-3.4794921875,1.745465630239293,2.960384
0.008775201685203902,0.009172774391468885,0.0032251314345157016,0.012369172661146554,0.0037069498049484176,0.5205078125,-2.6989788142051516,0.300384
0.016481823376448643,0.013707361218351102,0.01364859183561731,0.0054276685108239795,0.005507733476677706,-1.4794921875,-0.0323121475384851,1.0003840000000004
0.006629251775895065,0.0012759203442055662,0.0038494933333827535,0.003546627866786373,0.027513313673692846,2.5205078125,2.6343545191281805,1.7003840000000003
0.009313405688465398,0.04664973651144063,0.005480928796505181,0.0032720632543989537,0.0012872207884021582,-2.4794921875,-1.8100899253162628,2.400384
0.028796555896053868,0.0017401908514293417,0.004163540643471045,0.008516425175724776,0.04766985755972062,1.5205078125,0.8565767413504037,3.100384
0.006500432017462125,0.002594804896934978,0.010867351812609964,0.002167671658180174,0.00842324328903944,-0.4794921875,3.52324340801707,0.440384
0.0037066320047749526,0.0023905966431573386,0.0009888245436414553,0.01467624937938389,0.0026597632717165957,3.5205078125,-3.291571406797744,1.1403840000000003
0.006080173851393515,0.015838634543780726,0.009325140298383302,0.0016811683168627177,0.001389848932470601,-3.7294921875,-0.6249047401310777,1.8403839999999998
0.020159104740332716,0.0026556229712438495,0.01706307740798837,0.0030435067816295277,0.025831898661824823,0.2705078125,2.041761926535589,2.540384
0.007894172873499994,0.09539878922860996,0.0021428531356569793,0.0034317785473806143,0.0005116816401829931,-1.7294921875,-2.4026825179088553,3.2403839999999997
0.010967062994299134,0.0037849899238289624,0.0042575967413061525,0.010790687212773339,0.013107237076432562,2.2705078125,0.2639841487578103,0.580384
0.005512684059959546,0.0032947358759704776,0.019892402799979402,0.0012197098242264527,0.0036140472937802315,-2.7294921875,2.9306508154244764,1.2803840000000002
0.01883459705506669,0.008079816190024477,0.0032444319880802074,0.031241098498585775,0.0068372729690344995,1.2705078125,-1.5137936290199665,1.980384
0.035418489785384644,0.006671555419189279,0.0321150085180794,0.003384563379869179,0.010560161455835309,-0.7294921875,1.1528730376466996,2.680384
0.0006437823992886573,3.208219710793824e-05,0.00032325131986142845,6.766485363006504e-05,0.016384126568475054,3.2705078125,3.8195397043133656,3.3803840000000003
0.0036222979371845917,0.009941490400780599,0.0025965931816568093,0.0029207002075181737,0.0012156690831503518,-3.2294921875,-3.7853985672915713,0.048384
0.015510395626069127,0.008994005601072327,0.005274723860524558,0.01462509529419693,0.0074479181132876444,0.7705078125,-1.1187319006249048,0.748384
0.015908835323195526,0.006781772854586086,0.023879551559493728,0.0034385356525658828,0.008272676882364896,-1.2294921875,1.5479347660417613,1.4483840000000003
0.005021509446481911,0.0028061664245665114,0.0009174098704359027,0.03116618762454277,0.002719298665169045,2.7705078125,-2.8965096784026825,2.148384
0.017731681852138644,0.02673231037975932,0.0185726294920055,0.002109255574121532,0.0020036505645997602,-2.2294921875,-0.22984301173601596,2.848384
0.00773338358708384,0.0025417885785668456,0.005743533157020319,0.00427110277538433,0.014197095802246726,1.7705078125,2.4368236549306497,0.18838400000000002
0.013284800228449974,0.014511719355586206,0.0048285643823389995,0.012161066713869387,0.004240723919348513,-0.2294921875,-2.0076207895137936,0.8883840000000002
0.006010121436077047,0.0014431925969081753,0.0018809094774387592,0.008394307691199854,0.014810594332901156,3.7705078125,0.6590458771528729,1.5883840000000002
0.0022298039244815623,0.0014952018257627885,0.015999019356453526,0.00024362580615188914,0.0012365152326486968,-3.8544921875,3.325712543819539,2.288384
0.005507753690087322,0.01226714412744108,0.0008795629785595631,0.01578919685132583,0.0007347039368348277,0.1455078125,-3.489102270995275,2.988384
0.011122661992055968,0.013852461467962108,0.008828500015332034,0.005229809549608152,0.003922401729419214,-1.8544921875,-0.8224356043286085,0.32838399999999995
0.009734357007019832,0.0024586769844256464,0.0051837009867893415,0.0058321304982095964,0.020971341201846117,2.1455078125,1.844231062338058,1.0283840000000004
0.005892983310794432,0.026425328518932586,0.003774643012105212,0.0031933004478618206,0.001192253525995018,-2.8544921875,-2.600213382106386,1.7283840000000004
0.03600182240981369,0.005425276332400368,0.005912866603084933,0.01663642364685527,0.01910071400086423,1.1455078125,0.06645328456028032,2.428384
0.008971287609589807,0.0011984799657786362,0.0420238220352436,0.0004097843460262076,0.008394793347345771,-0.8544921875,2.7331199512269455,3.1283839999999996
0.006510168602036287,0.0033025651927542157,0.0020450675191492247,0.014411445248115724,0.005786338657521404,3.1455078125,-1.7113244932174974,0.468384
0.007202247876531768,0.008130616612058902,0.016486888893868443,0.0018704233894359984,0.002675811930277564,-3.3544921875,0.9553421734491687,1.1683840000000003
0.006445017606477931,0.001353078957519924,0.009050757499963143,0.0016543718329169834,0.01673081503590599,0.6455078125,3.622008840115835,1.8683839999999998
0.0066742344757372155,0.03430659136425795,0.0019298785342113575,0.006186565001598843,0.0008993981579103983,-1.3544921875,-3.1928059746989788,2.568384
0.01007347527887467,0.0009748624992796648,0.0008261684468216944,0.03297434761222505,0.011361826373053389,2.6455078125,-0.5261393080323122,3.268384
0.007780477256136892,0.005118558722747508,0.0170797621463876,0.002178659253642207,0.004687423302441894,-2.3544921875,2.140527358634354,0.608384
0.010294729391897874,0.006641770180072225,0.002437008290403511,0.024088656099263164,0.004753952901190413,1.6455078125,-2.30391708581009,1.3083840000000002
0.035527635067743854,0.01070919120597295,0.015710980771512426,0.00767026727949428,0.01082141272719176,-0.3544921875,0.36274958085657616,2.008384
0.002152340069118364,0.0002360570301351808,0.0009538836283901512,0.0011615750702047615,0.022723061314725342,3.6455078125,3.0294162475232422,2.708384
0.00252558831927125,0.030505951974434623,0.0031555339771628943,0.0003446754751001448,0.00017089167205788157,-3.6044921875,-1.415028196921201,3.408384
0.012171517873658487,0.005205872309112267,0.009027113418098472,0.005849771425421893,0.011033181766175387,0.3955078125,1.2516384697454654,0.076384
0.004938190454976419,0.002278274316109753,0.012781691881414821,0.0013881371326276955,0.005310920433194499,-1.6044921875,3.9183051364121315,0.7763840000000001
0.003962635155071279,0.003510007496277823,0.000981965654276672,0.016520184650844802,0.0019419153375196429,2.3955078125,-3.950007620789514,1.4763840000000004
0.010605242433605298,0.03486170603950104,0.008174207322088385,0.003167050755009023,0.0017287238295771931,-2.6044921875,-1.2833409541228473,2.176384
0.02275914086118764,0.0017654387508397155,0.005954568374793984,0.005685549711831968,0.055929361506377506,1.3955078125,1.3833257125438188,2.876384
0.0075382390318385305,0.011676114752412618,0.0033622402320459487,0.008438772723980515,0.0027126230827191375,-0.6044921875,-3.061118731900625,0.21638400000000002
0.007310434643388663,0.0025373597876848296,0.002289118853443631,0.012543544620269643,0.009872584859521654,3.3955078125,-0.3944520652339585,0.9163840000000002
0.005924781199758323,0.0042742359253650115,0.02383649957335894,0.0011369063092311119,0.0029046248368212366,-3.1044921875,2.272214601432707,1.6163840000000003
0.015920228510722226,0.010530144072067567,0.0024019770364487885,0.034563761881495396,0.003848711010116223,0.8955078125,-2.1722298430117357,2.316384
0.04675179058117636,0.01172303163086329,0.0294265978647244,0.003051401933971123,0.005581064544714714,-1.1044921875,0.49443682365493036,3.016384
0.004776338695769551,0.0014616221364065077,0.003472142274206997,0.0031083556097743384,0.013008132581679379,2.8955078125,3.1611034903215964,0.356384
0.00504233892792094,0.016150410504359777,0.00260158936512049,0.004561916993942555,0.0013345738142050258,-2.1044921875,-3.6537113244932176,1.0563840000000004
0.016134367986681004,0.005258599754890841,0.0032236393588999856,0.026201068434297706,0.010001562997434895,1.8955078125,-0.987044657826551,1.7563839999999997
0.0259277311100102,0.004060646084217735,0.022097803066908388,0.0036370959308710295,0.018843042988445514,-0.1044921875,1.6796220088401155,2.456384
0.0013258590965353476,0.00042691496049071374,0.00015693186963946926,0.02152609940090772,0.0009891060786485662,3.8955078125,-2.7648224356043283,3.156384
0.005641959651009148,0.009289629228485306,0.008979533058979116,0.0020579206435149496,0.002054515874624106,-3.9169921875,-0.0981557689376622,0.49638400000000005
0.011418722348723133,0.0032872963666053722,0.013575559634394574,0.003271797646887056,0.014603912472576521,0.0830078125,2.568510897729003,1.1963840000000003
0.012075426726709554,0.03484397115258567,0.00598017355368795,0.005499459259290316,0.002140235586446646,-1.9169921875,-1.8759335467154399,1.8963839999999998
0.017707524346116946,0.0020069812874514274,0.0035669900297998053,0.010923623560695359,0.03816325695711156,2.0830078125,0.7907331199512262,2.596384
0.0013165856774100503,0.0004575076693944612,0.028861780176010567,2.3159440069900665e-05,0.0007759988388452002,-2.9169921875,3.4573997866178923,3.2963839999999998
0.006837538244956773,0.007263280681417249,0.0021645394801170737,0.014042211707319927,0.0029317073600358297,1.0830078125,-3.3574150281969213,0.636384
0.02104797965004613,0.017449951416913807,0.010275749112576858,0.008303410648960242,0.005671569202338615,-0.9169921875,-0.6907483615302548,1.3363840000000002
0.006356392177519365,0.0010536341518445022,0.002561079649562956,0.00458368421754956,0.03018439345837703,3.0830078125,1.9759183051364113,2.036384
0.003442139985734107,0.033226821958520565,0.002517660411822233,0.0012759559137163598,0.0004182430258861797,-3.4169921875,-2.4685261393080324,2.736384
0.10457634148806079,0.0038432743412587012,0.005629935690686031,0.009523190666091308,0.014948121694569954,0.5830078125,0.19814052735863363,3.4363840000000003
0.007114119899735035,0.003731227448793054,0.012798401713936924,0.0023525494728625605,0.006321074460101161,-1.4169921875,2.8648071940252997,0.104384
0.008630487102350334,0.004171088097948986,0.0024532563208969804,0.017993461764307113,0.006662837385881244,2.5830078125,-1.5796372504191436,0.804384
0.01155375322437387,0.008997397123807895,0.024160620151376048,0.002481019300892785,0.0041492506663953505,-2.4169921875,1.087029416247523,1.5043840000000004
0.004649857184056773,0.0007447046309929687,0.004873886528681351,0.0013006046287746432,0.0221183631917275,1.5830078125,3.753696082914189,2.204384
0.004107870637422491,0.01478495607340079,0.0008655364199972062,0.008632513998856332,0.0005384955281683884,-0.4169921875,-3.8512421886907484,2.904384
0.00586901903886315,0.0027220705790573394,0.002028803151001922,0.011500791213047827,0.006433814946451543,3.5830078125,-1.184575522024082,0.244384
0.005666005315969925,0.005944160990368517,0.014897415485875469,0.0015318864065704551,0.002481660148962827,-3.6669921875,1.4820911446425837,0.9443840000000002
0.009951858852796954,0.01275234734813586,0.0024429258798374996,0.017639184481547766,0.002723150000998186,0.3330078125,-2.962353299801859,1.6443840000000003
0.024919289157802706,0.02441067373724643,0.01682181697214838,0.004487951839558397,0.0038203370303823963,-1.6669921875,-0.29568663313519306,2.3443840000000002
0.005948823679315381,0.0004217712687707123,0.002248349324617209,0.0018452038976973805,0.0778828202170395,2.3330078125,2.370980033531473,3.044384
0.00699275996941123,0.01532333396309236,0.005357514740939394,0.004068474546749143,0.0021674244399219407,-2.6669921875,-2.0734644109129707,0.384384
0.017135134237994433,0.004965424880745435,0.006839358168259677,0.01017205850526231,0.016655390324659434,1.3330078125,0.5932022557536962,1.0843840000000005
0.007992033354984567,0.0022674845200781027,0.018694057185855976,0.0016204315436514885,0.010088875124515577,-0.6669921875,3.2598689224203623,1.7843839999999997
0.002367331331974854,0.001390473022183811,0.00042683149879395153,0.020751906340466048,0.0013176967543529782,3.3330078125,-3.554945892394452,2.484384
0.005827829908454632,0.03361576813708496,0.007197759615723352,0.0007289582144152795,0.0004976737507495483,-3.1669921875,-0.8882792257277856,3.1843839999999997
0.012020784939872256,0.003987491784671881,0.00884177436710842,0.005336143908680083,0.014763016026763633,0.8330078125,1.7783874409388813,0.524384
0.009757283044566346,0.02057042213438613,0.003972790119369432,0.008264438639974931,0.002435592896717497,-1.1669921875,-2.6660570035055633,1.2243840000000004
0.010960175611991007,0.002412170849944695,0.002498062606230608,0.01603670376802756,0.01665115200632482,2.8330078125,0.0006096631611036685,1.9243839999999999
0.006564544439800763,0.002410610179795335,0.050200094012493,0.0005541479002600663,0.0035929577299834703,-2.1669921875,2.667276329827769,2.624384
0.011597341773577467,0.0026837258891173527,0.0007620866545932692,0.11243124688000977,0.00306483021377392,1.8330078125,-1.7771681146166745,3.3243840000000002
0.016457152382640828,0.007125433252559391,0.011984919640774208,0.006303002341506634,0.010651229151350512,-0.1669921875,0.8894985520499921,0.664384
0.0028477196467422417,0.0006509159709019983,0.0018598144264726309,0.0019989928651578796,0.012731174325329681,3.8330078125,3.556165218716658,1.3643840000000003
0.0027286140274968822,0.016905231403372054,0.0020193053351909196,0.0015284480896895496,0.0005050201611326853,-3.7919921875,-3.258649596098156,2.064384
0.05839447181169875,0.012687780294905783,0.006704704211673384,0.01661805849438727,0.008140947549947503,0.2080078125,-0.5919829294314893,2.764384
0.008228224740695912,0.001619534186504363,0.1365810830959258,0.00015450430275900417,0.0024544412483659852,-1.7919921875,2.074683737235177,3.464384
0.007106288728893391,0.00485576144289294,0.002395538709729863,0.013934402991737573,0.0046417879994195355,2.2080078125,-2.3697607072092666,0.132384
0.009487576601910522,0.011146379698523685,0.013993090324347793,0.0029266867353417722,0.0033486950208957834,-2.7919921875,0.2969059594573986,0.832384
0.00855409454844703,0.0018846562761936692,0.007820915536550543,0.002954172907657058,0.022166018959477615,1.2080078125,2.9635726261240647,1.5323840000000004
0.024298177769118873,0.03005591635790819,0.006368181359098933,0.01088888422507522,0.003633497818536379,-0.7919921875,-1.4808718183203782,2.232384
0.00583480810945524,0.0005332924854280072,0.0011853249089984646,0.00574061976521709,0.03666032447044579,3.2080078125,1.185794848346288,2.932384
0.003444201816821626,0.002350459426112193,0.009926709036196121,0.0010540611855410415,0.002766153194087736,-3.2919921875,3.852461515012954,0.272384
0.006157514393944312,0.00808100664030614,0.0018777065426153288,0.013062793190301547,0.0022518066820529296,0.7080078125,-3.752476756591983,0.9723840000000002
0.01970940108691048,0.024693497358538662,0.009224490289749098,0.007499805811026679,0.00406171443017016,-1.2919921875,-1.0858100899253165,1.672384
0.008789061513400028,0.0011689089143103674,0.0028024419704667054,0.005846505429289244,0.0408336710498259,2.7080078125,1.5808565767413496,2.3723840000000003
0.004413161355744927,0.06245158087410358,0.0017270984190318713,0.0022629818857897877,0.00037272642600230405,-2.2919921875,-2.863587867703094,3.072384
0.012454006077862767,0.005147040779202171,0.004862672994458573,0.011788356505528398,0.010801685984373833,1.7080078125,-0.19692120103642763,0.412384
0.0115310792834487,0.0037486349819517077,0.015477225394754043,0.0031991060485162363,0.012350693379088517,-0.2919921875,2.469745465630238,1.1123840000000005
0.004733601056474986,0.0018984136223622941,0.0010191243433904794,0.020490597284496516,0.004441789592158021,3.7080078125,-1.9746989788142053,1.8123839999999998
0.006006762830257036,0.00885643877789032,0.021122444626268853,0.0007905068994791048,0.0013235560751333766,-3.5419921875,0.6919676878524612,2.512384
0.004893299373230036,0.0003846984604378781,0.009029907929828397,0.000260002329153388,0.020690055332042823,0.4580078125,3.3586343545191273,3.212384
0.006044477083248822,0.013913764561688323,0.00300458005327322,0.005955387036084031,0.0018611520661701094,-1.5419921875,-3.4561804602956867,0.552384
0.011450875169909544,0.004003923229009171,0.00296314640505875,0.019078644282455988,0.01025974053906673,2.4580078125,-0.7895137936290202,1.2523840000000002
0.008889365380557497,0.005471295028787722,0.03408766782446797,0.0014227259827478158,0.0037207389555685487,-2.5419921875,1.8771528730376463,1.952384
0.009903572024635848,0.006165648747763543,0.0012837511727925746,0.05075983415278833,0.0026765008607413463,1.4580078125,-2.5672915714067974,2.652384
0.10130868669675272,0.011176741266700655,0.014078146139870937,0.004475752261734266,0.005853338948048026,-0.5419921875,0.09937509525986865,3.352384
0.004523170088725976,0.001274252712537515,0.002761830546889313,0.0034135773922257034,0.013986036869832795,3.4580078125,2.766041761926534,0.692384
0.007379602007157885,0.022090510133861506,0.00635210709477411,0.0031179470164489683,0.001719966895781582,-3.0419921875,-1.678402682517909,1.3923840000000003
0.02707341329984739,0.004393128685720111,0.009219962617801286,0.00848201048039981,0.026133335362873888,0.9580078125,0.988263984148757,2.092384
0.00445409022052999,0.0008674147449660953,0.02297662199323509,0.00031806667534240693,0.006068987035473511,-1.0419921875,3.654930650815423,2.792384
0.0012294233430024005,0.0004953630356646157,8.895266235281624e-05,0.040630953327014774,0.0004721248033357523,2.9580078125,-3.1598841639993904,3.4923840000000004
0.00996003469521389,0.01160990396314451,0.009224021906453723,0.004561487584103354,0.0039439106613721325,-2.0419921875,-0.4932174973327239,0.025984
0.008835000293811353,0.0024698009608803773,0.005604578813355993,0.004905476330308503,0.018281945625875463,1.9580078125,2.173449169333942,0.725984
0.013957665475235439,0.015941519452340316,0.003932652934924377,0.015287877941995064,0.0037452505946763146,-0.0419921875,-2.2709952751105016,1.4259840000000001
0.005079701295413347,0.0010100673237776001,0.0012677739064654188,0.009001277306986901,0.01365624070374805,3.9580078125,0.3956713915561645,2.125984
0.0015822193663762414,0.001076633989172636,0.01762852206132886,9.553227211659963e-05,0.0007163283106346921,-3.9482421875,3.0623380582228306,2.8259839999999996
0.012445795569715439,0.010326239884828179,0.005599278504835004,0.010429288430791482,0.005553733668280498,0.0517578125,-1.3821063862216127,0.16598400000000002
0.011608816772763821,0.0078030420081425765,0.018837361659695233,0.00314375638714143,0.005518180865993283,-1.9482421875,1.2845602804450538,0.865984
0.004210177209756795,0.0009090737400418209,0.004050753714702357,0.0017548702500315347,0.01683180966615058,2.0517578125,3.95122694711172,1.5659840000000003
0.002671514079183527,0.018232076673326023,0.0014260769051565056,0.0020494083576212897,0.00044568549330755667,-2.9482421875,-3.9170858100899255,2.265984
0.03166669330071709,0.007419673228907576,0.0025141610874399156,0.0446433483233065,0.006095080457315568,1.0517578125,-1.2504191434232586,2.9659839999999997
0.012048557335327573,0.006415485145389965,0.013610008913521357,0.004200265235047986,0.007938570871675368,-0.9482421875,1.416247523243407,0.30598400000000003
0.004848766780004569,0.00314888176875833,0.0013001868257856968,0.016814936802045898,0.003253566596987477,3.0517578125,-3.0281969212010367,1.0059840000000002
0.007406961483154688,0.015527157505953156,0.011531699031913726,0.0020002242898890512,0.0018029161813262068,-3.4482421875,-0.3615302545343697,1.7059840000000004
0.01565330752690758,0.002192137917495291,0.01339890887290803,0.002941333175368172,0.029223189053699552,0.5517578125,2.3051364121322955,2.4059839999999997
0.012365187324005667,0.08026218446287796,0.0029243811032195503,0.0051752348362181675,0.0008937841389108467,-1.4482421875,-2.1393080323121474,3.1059839999999994
0.009452382564572396,0.0032305266590214135,0.003941462764552017,0.009306034784961758,0.01314304939202734,2.5517578125,0.5273586343545187,0.44598399999999994
0.00546927966352187,0.0029917898842046686,0.01821648304031809,0.0012847754226809017,0.004089955210624832,-2.4482421875,3.1940253010211848,1.1459840000000001
0.005588916640164515,0.005610927241098998,0.0012121771763827815,0.021703121585713952,0.0020258033143541326,1.5517578125,-3.6207895137936292,1.8459839999999996
0.04063737499347096,0.023327303911941887,0.007638286358660341,0.012239145955610726,0.005060153553983765,-0.4482421875,-0.9541228471269623,2.545984
0.0026432231590066834,0.00017036367307983949,0.0005552972947017745,0.0020592987037087187,0.03516968183375107,3.5517578125,1.7125438195397038,3.2459839999999995
0.004234131424367079,0.01283038999859183,0.003629689340787624,0.0025385966023982434,0.0012635966822324084,-3.6982421875,-2.73190062490474,0.585984
0.023843407760324623,0.009326694121602568,0.009158535135884714,0.011191780442716567,0.011057360945200817,0.3017578125,-0.06523395823807343,1.285984
0.009177745731726623,0.0035104871917650826,0.0334878255200948,0.0014359528772038138,0.006096022890692785,-1.6982421875,2.6014327084285913,1.9859839999999997
0.00979979469940425,0.003160208396630447,0.0011868177007540903,0.06005110998059799,0.004726998103935879,2.3017578125,-1.843011736015851,2.685984
0.008167321316402378,0.007187167396904386,0.04747333285841565,0.0003010689783391355,0.0009391284244972674,-2.6982421875,0.8236549306508145,3.3859839999999997
0.005830815907291484,0.002039285195855375,0.005976938973038351,0.002757404631767574,0.011254049429838507,1.3017578125,3.4903215973174806,0.053984000000000004
0.007313236690127113,0.013503692723985408,0.0029289965598001573,0.00871708975703854,0.002273430471486852,-0.6982421875,-3.3244932174973325,0.753984
0.007820136988294087,0.002453912968598083,0.001989381337158094,0.016483522144506404,0.009845467836256621,3.3017578125,-0.657826550830666,1.4539840000000002
0.0057887140351362614,0.004379279167826728,0.030408513696247277,0.0008034925929935823,0.0022963256080838317,-3.1982421875,2.0088401158359996,2.153984
0.013431251055572377,0.010269490027073691,0.0015388983856530493,0.041427671620068225,0.0023126701015480536,0.8017578125,-2.435604328608444,2.8539839999999996
0.012929067745423956,0.009711895894156261,0.011173037450178065,0.005388917967439327,0.006115335800571769,-1.1982421875,0.23106233805822196,0.19398400000000002
0.005450859145280043,0.0014346276237575334,0.0036132348041803,0.0033975772268015026,0.017033552300293256,2.8017578125,2.897729004724888,0.8939840000000001
0.01154687280380992,0.028056978939112413,0.007416875493176158,0.004757534529591482,0.002389397678579021,-2.1982421875,-1.5467154397195548,1.5939840000000003
0.018354193955076085,0.002495968086387446,0.005195115428564749,0.008581734850461858,0.03780341482268348,1.8017578125,1.1199512269471112,2.293984
0.003868368771194385,0.0004947652032875512,0.012820028769058883,0.0002350443399101691,0.009864176698858983,-0.1982421875,3.7866178936137773,2.9939839999999998
0.0030484014146592436,0.0022535918726107836,0.0009937586810417006,0.009577919567401465,0.002294028277966179,3.8017578125,-3.81832037799116,0.333984
0.0055958595025975425,0.013938284549619618,0.006876494293176333,0.0021947104479469203,0.0015873828231038447,-3.8232421875,-1.1516537113244931,1.0339840000000002
0.021753629362082843,0.0049523161072335155,0.015326398617687214,0.005290041520567865,0.01825738292361528,0.1767578125,1.515012955342172,1.7339840000000004
0.0069950990164521325,0.04053208928526376,0.0025409748596086044,0.004857918290454737,0.000981118478917984,-1.8232421875,-2.929431489102271,2.4339839999999997
0.01814794115457298,0.0016882778656897128,0.0015977231536958721,0.028114003249481916,0.017076535853438102,2.1767578125,-0.2627648224356043,3.1339839999999994
0.0061364281578977055,0.004427370121507455,0.015084776741112707,0.0017787898965283377,0.0037957896341659528,-2.8232421875,2.4039018442310613,0.47398399999999996
0.012545238712581125,0.008443379208291595,0.0032223729802061825,0.02107142307358055,0.00528529108403765,1.1767578125,-2.0405426002133824,1.1739840000000001
0.02822101625316952,0.010662017355495742,0.02036471461458391,0.005586163258691097,0.009068031005753848,-0.8232421875,0.6261240664532846,1.8739839999999997
0.0027123255914913093,0.0003235500460675342,0.0014885443325505356,0.0012147342883874574,0.025690695494862758,3.1767578125,3.2927907331199506,2.573984
0.0011490433394640682,0.02157369026490451,0.0007436665985175785,0.0006181839944243813,8.801559800395455e-05,-3.3232421875,-3.522024081694864,3.2739839999999996
0.015619156053603943,0.008759364201610543,0.0058792376345070336,0.012969622902692742,0.007967626597015704,0.6767578125,-0.8553574150281968,0.613984
0.013548158599515183,0.0059676574654596685,0.023144401133602426,0.0030653319165329733,0.00790730432734379,-1.3232421875,1.8113092516384697,1.313984
0.006089248089874985,0.0032213553001147087,0.0011391913936926433,0.03206243251130554,0.0034023886937049673,2.6767578125,-2.633135192805975,2.0139839999999998
0.016500402641611418,0.0206530035142312,0.022791011183223964,0.002009397693394574,0.0022901925047919764,-2.3232421875,0.03353147386069111,2.713984
0.005038516816857614,0.00021966795844987242,0.0025957783417578898,0.00046312031259852023,0.08909758234899547,1.6767578125,2.700198140527357,3.4139839999999997
0.01108419022238323,0.011321065961841669,0.005264705828115422,0.009394158107630458,0.004534348661673736,-0.3232421875,-1.7442463039170857,0.081984
0.00607360850726351,0.0018306588007553784,0.002451906053091816,0.007159876599831015,0.012931525004596768,3.6767578125,0.9224203627495804,0.781984
0.003039389307143824,0.0020261907182893783,0.013849067700538968,0.0005850216268150919,0.002072102831761349,-3.5732421875,3.5890870294162465,1.4819840000000002
0.00843670422743263,0.012016792684996176,0.001695683829461455,0.019939308258302424,0.0019418002673662982,0.4267578125,-3.2257277853985675,2.181984
0.029851234699070122,0.03469885110722029,0.01339157780523657,0.004028752524312766,0.0027084998248914473,-1.5732421875,-0.5590611187319006,2.8819839999999997
0.007224314049258831,0.0023178127752813103,0.0044905075558679475,0.0049233020445885066,0.014400433573686663,2.4267578125,2.1076055479347655,0.221984
0.007155808266588838,0.019442532014136406,0.004864489205716193,0.0041926864111897265,0.0018928856966066033,-2.5732421875,-2.3368388965096782,0.9219840000000001
0.021237839190244797,0.004982274035551359,0.006182207512929021,0.013018867447648502,0.018722526757548354,1.4267578125,0.32982777015698694,1.6219840000000003
0.009380697617443558,0.002012865541146649,0.023562046221837638,0.0013303341902919713,0.01167141030080849,-0.5732421875,2.996494436823653,2.321984
0.004211863889647864,0.0008289594041250821,0.0004793301723274512,0.03467862087709927,0.004270459401305171,3.4267578125,-1.4479500076207894,3.021984
0.007135518184695074,0.006919017489710463,0.013616030346991064,0.0022625651652355603,0.003362408310273609,-3.0732421875,1.2187166590458762,0.36198400000000003
0.005583512749762173,0.0015639719931910543,0.007043725964446425,0.0020041199689764515,0.013072429941683693,0.9267578125,3.8853833257125423,1.0619840000000003
0.005862255595563732,0.017937801902770487,0.0019989380972104025,0.007278398835792576,0.0013008067005026338,-1.0732421875,-3.7195549458923947,1.761984
0.008998901675722025,0.002104923270989666,0.0013469147773784865,0.032447896575537524,0.008511101115037166,2.9267578125,-1.0528882792257277,2.4619839999999997
0.011370044055285381,0.004032008624169776,0.09312188716354158,0.00048761987305387627,0.0026930927765688372,-2.0732421875,1.613778387440938,3.1619839999999995
0.0070071181621651395,0.005424045352742259,0.002156637971487064,0.015866902799652187,0.0038751811382259265,1.9267578125,-2.830666057003506,0.501984
0.023106406944088023,0.01093888961862149,0.010008216850305698,0.010047059888035765,0.009294506109755544,-0.0732421875,-0.16399939033683886,1.2019840000000002
0.0034615405882254635,0.0006356389943213886,0.0015868359895210757,0.0029122956177047624,0.01811822768275922,3.9267578125,2.5026672763298263,1.9019839999999997
0.0033518159787495907,0.02342572308279299,0.0034079550153081825,0.0010125500100372081,0.00046698055769186885,-3.8857421875,-1.9417771681146165,2.601984
0.08443392738226944,0.00421341841005566,0.013093671243455672,0.004573019422944667,0.01604124913514631,0.1142578125,0.7248894985520495,3.3019839999999996
0.005772628929242893,0.0029627845615982236,0.014573333820659654,0.0016334086317325149,0.005186041496497419,-1.8857421875,3.3915561652187156,0.6419839999999999
0.005540583314160539,0.004576591084572357,0.0013621246954719933,0.019691921727159507,0.0026714680312371953,2.1142578125,-3.4232586495960984,1.341984
0.01002218302042997,0.02470024340496877,0.011050489831808277,0.002595232041189189,0.0018923916431248914,-2.8857421875,-0.7565919829294314,2.041984
0.018142782760262658,0.0016893165407283056,0.008338337919062687,0.0036848199057029347,0.05014695904863955,1.1142578125,1.9100746837372347,2.741984
0.009329527055063104,0.054782839076690217,0.001357127840966967,0.006899871657338703,0.0004941160629681277,-0.8857421875,-2.534369760707209,3.4419839999999997
0.00734462153305823,0.0028596329240812564,0.003025276738520706,0.009137395854107224,0.01002425424946883,3.1142578125,0.13229690595945698,0.109984
0.004594537596988499,0.0034720665193830637,0.01460205617173698,0.0012151431605243262,0.0028299725564675665,-3.3857421875,2.798963572626122,0.8099839999999999
0.01809619739669329,0.011674073826194033,0.004338465048295288,0.020400184065821468,0.005872829081520855,0.6142578125,-1.6454808718183203,1.5099840000000002
0.02333912073941115,0.009342961106733839,0.03265833813088561,0.0032966586942390734,0.006871912431465995,-1.3857421875,1.0211857948483454,2.209984
0.002149370131972319,0.00019759578408983547,0.0014692308342170474,0.0005085535723787446,0.026640785422132343,2.6142578125,3.6878524615150114,2.9099839999999997
0.0055288811346436186,0.01342887704177296,0.003526073098811264,0.004346155379204248,0.0017661721516531832,-2.3857421875,-3.1269623532998017,0.249984
0.015190411395112548,0.005744962173763769,0.004760605683254794,0.015255262235248706,0.011216528164812218,1.6142578125,-0.46029568663313514,0.9499840000000002
0.014763306172390467,0.004038033234414504,0.019990842389252986,0.003220218078368935,0.013639138621859608,-0.3857421875,2.2063709800335305,1.6499840000000003
0.003962142913817944,0.001474863628847046,0.0006898820794638726,0.0261041829620999,0.003291029761281579,3.6142578125,-2.2380734644109133,2.349984
0.0044439234509026536,0.008807418918172782,0.017501184017740957,0.00036754589192580296,0.0006453153669476391,-3.6357421875,0.4285932022557528,3.049984
0.007757661891379671,0.0027306555201640176,0.009233303284161384,0.0029290183991558076,0.011499487938801928,0.3642578125,3.095259868922419,0.38998400000000005
0.013516733818537567,0.02075687276994489,0.007939101119126078,0.006397216750039351,0.0035082207544744346,-1.6357421875,-1.349184575522024,1.0899840000000003
0.01166733022914459,0.0021838300139748247,0.004178981878922801,0.007748038818778183,0.02934335086157567,2.3642578125,1.317482091144642,1.7899839999999996
0.002443174458162756,0.0009587310092965387,0.01881952072976368,0.00021042198167916208,0.002069878585750054,-2.6357421875,3.984148757811308,2.4899839999999998
0.0023149195753960797,0.002973900058874924,0.00030931966977038256,0.021359494406210947,0.00043239673755406414,1.3642578125,-3.9719554945892392,3.1899839999999995
0.013966773567730113,0.013756766840085618,0.006797136134290716,0.009107702637859481,0.004985911194233077,-0.6357421875,-1.3052888279225727,0.5299839999999999
0.006712454414728904,0.00167186750673259,0.002711619608469916,0.006521539741564487,0.017886463208236832,3.3642578125,1.3613778387440938,1.2299840000000002
0.004129183667796733,0.02316948375330766,0.0026173458192166195,0.0024438934961967204,0.0007845270162865259,-3.1357421875,-3.083066605700351,1.9299839999999997
0.04494843618408209,0.007493480876465946,0.005327144856542237,0.021526319678351155,0.01248861565032436,0.8642578125,-0.4163999390336839,2.629984
0.011750953536107792,0.0015176600774888188,0.0738056248034352,0.00033795271675138034,0.0059993371297723756,-1.1357421875,2.250266727632982,3.3299839999999996
0.0065896172275531975,0.003712538692023397,0.001917850835568799,0.016606149916449816,0.004926868099551355,2.8642578125,-2.1941777168114616,0.6699839999999999
0.014147119491964377,0.012344497308941538,0.019314960486404926,0.0034751817198653947,0.004464183717934083,-2.1357421875,0.4724889498552054,1.369984
0.00638091940641391,0.0010392896880394775,0.004937129701481748,0.002278519885774465,0.02980285803345541,1.8642578125,3.1391556165218715,2.069984
0.005234625341501009,0.014057558918206816,0.0010287492115987514,0.011996464941195084,0.0007846588316715235,-0.1357421875,-3.6756591982929434,2.769984
0.001839026522147058,0.00020159329824046834,0.0001509680306896358,0.017794272982692805,0.003231156754733468,3.8642578125,-1.0089925316262764,3.4699839999999997
0.0050684902188905855,0.005183277107366629,0.011216699376006584,0.001670679330342294,0.002617416780146416,-3.7607421875,1.6576741350403905,0.13798400000000002
0.009651506269862286,0.011436007220939145,0.0031630576029421133,0.013553097582333836,0.003340407145871597,0.2392578125,-2.786770309404054,0.837984
0.018089918884753902,0.017232855737152157,0.015745678983910796,0.004768285042117438,0.0046162897091577655,-1.7607421875,-0.1201036427373876,1.5379840000000002
0.007432344739611066,0.0010561858418688666,0.004016723071791658,0.0032210880366196856,0.04038001297942295,2.2392578125,2.546563023929278,2.237984
0.006401199523983661,0.062395759387936185,0.003879609592557469,0.0017719956710231797,0.0006065055331585564,-2.7607421875,-1.8978814205151653,2.9379839999999997
0.012677124278990837,0.004825470144809788,0.006720658041831773,0.008007827943157618,0.01276684923339974,1.2392578125,0.7687852461515012,0.277984
0.006976074702106327,0.0025890768341666273,0.013957383874110527,0.0019443768016979008,0.008476315485223243,-0.7607421875,3.4354519128181673,0.9779840000000002
0.0036751441041060736,0.002368485993486415,0.000842276346880121,0.018632896302930312,0.0023051523954713657,3.2392578125,-3.3793629019966467,1.6779840000000001
0.0076277165311670544,0.023503908344822563,0.010231274325910563,0.001658880957269319,0.0012681215389993077,-3.2607421875,-0.7126962353299802,2.377984
0.020291160555628934,0.0013655245463293898,0.010530159203899032,0.0022469066081137164,0.046017277096736434,0.7392578125,1.9539704313366864,3.077984
0.008826571342286456,0.015052221503244204,0.004491927267816114,0.007242410131398613,0.002834440989431971,-1.2607421875,-2.4904740131077583,0.417984
0.010295302696367805,0.0030033748296619932,0.003286268850337311,0.012298988050290916,0.014546303614246497,2.7392578125,0.17619265355890867,1.1179840000000003
0.006627916203768078,0.003142884585682697,0.028329661508085826,0.0011194900955431408,0.004325187177525536,-2.2607421875,2.8428593202255747,1.8179839999999996
0.01596411519677737,0.005281057059255754,0.0019852208259965123,0.05028357539059895,0.006082240574277039,1.7392578125,-1.601585124218869,2.5179839999999998
0.057278033073406696,0.0042342552433855575,0.02315845984326246,0.002802734311608445,0.013670975991052959,-0.2607421875,1.065081542447798,3.2179839999999995
0.0031000580852601363,0.0009118573221961868,0.0022543666794361842,0.0022127405271675582,0.010257945122177568,3.7392578125,3.731748209114464,0.5579839999999999
0.0029728591591597956,0.012535435657356125,0.0020196585649498943,0.002200023527343153,0.0007521469375262519,-3.5107421875,-3.873190062490474,1.257984
0.026545818078198967,0.012652274295857444,0.00518689319669554,0.021226707731401177,0.007026175563927307,0.4892578125,-1.2065233958238073,1.9579839999999997
0.01974272634010141,0.006229311945478918,0.052110996103381595,0.0017687001385173914,0.006010560522650211,-1.5107421875,1.4601432708428588,2.657984
0.002528642373846629,0.0011212055035143156,0.00022117388153306493,0.063700192049255,0.0008183132889866254,2.4892578125,-2.984301173601585,3.3579839999999996
0.010328848318625291,0.013642293942312374,0.011345253323514383,0.003733367132073273,0.003412702134602127,-2.5107421875,-0.31763450693491846,0.6979839999999999
0.010604332342640532,0.002355731781112009,0.00719061379712165,0.004304363404010836,0.02447995266404812,1.4892578125,2.349032159731748,1.3979840000000001
0.017394747725369638,0.025746322945680855,0.004184023999933941,0.013667628063467923,0.003050917073613107,-0.5107421875,-2.0954122847126966,2.097984
0.005653831500791861,0.0006702331180473967,0.0010272529312804694,0.008998759677435872,0.02089420887839236,3.4892578125,0.5712543819539713,2.797984
0.0010197076995913444,0.0003483954371072235,0.03349127725527842,1.3883289188117982e-05,0.0004999396879876707,-3.0107421875,3.2379210486206373,3.4979839999999998
0.0058906157699987775,0.0066096915453295125,0.002205788209470175,0.010724885893380874,0.00277577253176754,0.9892578125,-3.5768937661941775,0.004704000000000001
0.015267166788397983,0.014905415685675343,0.008592933696452271,0.007713292577012093,0.005096835450415105,-1.0107421875,-0.910227099527511,0.7047040000000001
0.007353878764729729,0.0016472075077301432,0.0032307493272614863,0.005688839867932239,0.02245780408299256,2.9892578125,1.7564395671391564,1.4047040000000002
0.007847522816352223,0.03670899751979699,0.0034178524038662875,0.004842489929407761,0.0013042639114613115,-2.0107421875,-2.688004877305289,2.104704
0.022148510546113002,0.0025439360419384307,0.0027084689809267638,0.021546557796338007,0.021882693537128114,1.9892578125,-0.02133821063862218,2.8047039999999996
0.008730424848525037,0.0034945619911620008,0.010271462416687225,0.0033296213901672423,0.010259007578583702,-0.0107421875,2.645328456028044,0.14470400000000003
0.004663931998812844,0.002167042785482809,0.001367882138470313,0.0130935386790038,0.004904723375393747,3.9892578125,-1.7991159884163999,0.8447040000000001
0.00523320048315342,0.0073158796657221414,0.014308936432369112,0.0012306616512515627,0.0017512233920551283,-3.9873046875,0.8675506782502671,1.544704
0.0067374826988671754,0.0013070245854980658,0.01342090405825865,0.001154491335762164,0.013894212498112265,0.0126953125,3.534217344916933,2.244704
0.0041398268932390046,0.04331509265583213,0.0014374460441855536,0.003046226562352589,0.00041216540971316144,-1.9873046875,-3.2805974698978817,2.9447039999999998
0.01072954976288127,0.004860892800387971,0.0039761500951773,0.012765264639373474,0.009175109029664766,2.0126953125,-0.6139308032312147,0.284704
0.0066465929757952525,0.0051093647247888105,0.01861515573168512,0.0016762296551983975,0.0034469887766380865,-2.9873046875,2.0527358634354522,0.9847040000000001
0.012401612788708874,0.009523614612223738,0.002620732429256523,0.02559871536422345,0.004093533198717468,1.0126953125,-2.3917085810089924,1.6847040000000002
0.037468392366612355,0.014321075332862728,0.021123773180496363,0.005415632851244195,0.00704790164723454,-0.9873046875,0.27495808565767366,2.3847039999999997
0.002402591768690585,0.0001766155683802093,0.0010170505031644678,0.0007842096056209805,0.04113918500463563,3.0126953125,2.9416247523243397,3.0847039999999994
0.005916006032378749,0.01312358505594325,0.0061088898233648764,0.0028255471038982505,0.001900880914348948,-3.4873046875,-1.5028196921201036,0.42470399999999997
0.018445607407920738,0.005452219194403288,0.010916420428748252,0.006882549882044048,0.016032262154880416,0.5126953125,1.163846974546563,1.1247040000000001
0.004929342183043932,0.0017310023295051104,0.018169890894509617,0.000869644799115797,0.005508419225348242,-1.4873046875,3.830513641213229,1.8247039999999997
0.00299439815340866,0.002291339175337548,0.0005249557909289648,0.024493819658826157,0.00121053445407904,2.5126953125,-3.7744246303917084,2.524704
0.01017481020096529,0.06252324461987845,0.006848123190441691,0.00140080859988236,0.0007012134970791293,-2.4873046875,-1.1077579637250419,3.224704
0.011353037642388918,0.003520180295972486,0.006700818102622818,0.006262672178040086,0.016400027352474277,1.5126953125,1.5589087029416246,0.5647040000000001
0.009753208803344016,0.01665177311855213,0.0032528328360286957,0.01123898228054905,0.0026130030923915107,-0.4873046875,-2.88553574150282,1.264704
0.007065682513341996,0.001673518095556563,0.001613648699549098,0.014630038669884014,0.01220561557632854,3.5126953125,-0.21886907483615303,1.9647039999999998
0.002829295970203789,0.0021562942355156972,0.025086178470913226,0.00023356442612837064,0.0010817124156285473,-3.7373046875,2.447797591830513,2.664704
0.021573227045149506,0.0156590646476427,0.0015482779150036675,0.029310442464615248,0.0016044028868092898,0.2626953125,-1.9966468526139312,3.3647039999999997
0.010610080238852791,0.008478813685125678,0.012081685654873693,0.004055905237283283,0.005323708507299171,-1.7373046875,0.6700198140527363,0.032704
0.005429633045357603,0.0015180884320308175,0.004408582009521981,0.0029064966397218516,0.015384973945829354,2.2626953125,3.3366864807194023,0.7327040000000001
0.004415385497779802,0.01847414041190438,0.0025417829247507467,0.003298288867944007,0.0010277795905480611,-2.7373046875,-3.4781283340954126,1.4327040000000002
0.025900951112056248,0.007134810627528351,0.004221005178371189,0.02654151798729812,0.010650546752989163,1.2626953125,-0.8114616674287456,2.132704
0.02198210540857268,0.0035053235304408044,0.04097141949367414,0.00171972443226806,0.011330163222912226,-0.7373046875,1.8552049992379214,2.8327039999999997
0.0050106241721862696,0.003152942246512761,0.0016537286540975896,0.012478156290258618,0.0039826731520422876,3.2626953125,-2.5892394452065233,0.17270400000000002
0.00789905711182021,0.011323105377097036,0.01219463311720724,0.002514704441650817,0.002651617669463103,-3.2373046875,0.07742722146014369,0.8727040000000001
0.010501591441938176,0.0023481469134448633,0.010319512487057694,0.003140847639691066,0.020977066971209504,0.7626953125,2.744093888126809,1.572704
0.018662989879118366,0.038739324938073,0.005926353798985209,0.008141894834068781,0.00263868232569811,-1.2373046875,-1.7003505563176344,2.272704
0.009080262547675895,0.0007683837340268608,0.0016109908079617204,0.007768869400211003,0.04333795928644532,2.7626953125,0.9663161103490321,2.972704
0.004801738090001304,0.0027074041462248977,0.011987521314770136,0.0014706558844207512,0.004295979316469291,-2.2373046875,3.632982777015698,0.312704
0.006711545424645655,0.005718198539045722,0.0018112000268833625,0.018369602586840183,0.003168278656931317,1.7626953125,-3.181832037799116,1.0127040000000003
0.029438991226659852,0.014584065878369619,0.009692953207597345,0.011413564691017617,0.007913260068029447,-0.2373046875,-0.5151653711324493,1.7127040000000002
0.0035745852292881027,0.0004903453617143855,0.0012900740510964233,0.0030408122597723403,0.02416878328914637,3.7626953125,2.151501295534217,2.4127039999999997
0.001979860248199252,0.025152880974860452,0.0019077454902228026,0.0005434254707456191,0.0001804410321681795,-3.8623046875,-2.2929431489102274,3.112704
0.01596921984051684,0.007605656606632448,0.009390262347733182,0.007869915754847166,0.009973117937345401,0.1376953125,0.3737235177564395,0.45270400000000005
0.006905993941656941,0.0032973690055565284,0.019664739353033683,0.0016452834630194249,0.005558233352888188,-1.8623046875,3.0403901844231056,1.1527040000000002
0.012961926430072978,0.004707192964506731,0.0024174739454526895,0.031453910747491765,0.007791283237213138,2.1376953125,-1.4040542600213382,1.8527039999999997
0.00861963641442439,0.00706194119171078,0.0394935551734933,0.000927496627404534,0.002241416636357245,-2.8623046875,1.2626124066453288,2.552704
0.0021900048372436158,0.00015817081982081693,0.003281903040389129,0.00010598895126677134,0.01921273668194152,1.1376953125,3.929279073311995,3.2527039999999996
0.005458009727751121,0.011258856121102709,0.002328701793744463,0.007067754018302189,0.001779983728354871,-0.8623046875,-3.939033683889651,0.5927040000000001
0.007685171051011807,0.0029538580105282607,0.0019315215874654364,0.019147472572796073,0.0074559840981372055,3.1376953125,-1.2723670172229844,1.292704
0.006515540045351972,0.0064284929882016464,0.024752726530512838,0.0010929179084670083,0.002184777106715611,-3.3623046875,1.3942996494436821,1.9927039999999998
0.008611723044952955,0.010627275476322444,0.0012930214270393224,0.027772705550338606,0.0015940463736298085,0.6376953125,-3.050144795000762,2.692704
0.043482854488312,0.029456159361806896,0.012847429068726275,0.002570200200724519,0.001989785161806289,-1.3623046875,-0.38347812833409556,3.392704
0.0063633549807746445,0.002109195992373813,0.004082112209030352,0.004492511353106764,0.013239308924660522,2.6376953125,2.2831885383325705,0.06070400000000001
0.007947292660364376,0.01856249809037605,0.005345098328942568,0.00465652821599264,0.00220806826383531,-2.3623046875,-2.1612559061118732,0.7607040000000002
0.017988641943461222,0.004353312834014836,0.005813233508447185,0.011750654931910551,0.019433366485470116,1.6376953125,0.5054107605547937,1.4607040000000002
0.008584993374749274,0.0018951844240231509,0.018831367691119094,0.0014511826250103853,0.012650202522375118,-0.3623046875,3.17207742722146,2.160704
0.0013805769361950233,0.0007268361543995808,0.00021794976024524357,0.01701500527874402,0.0007889803627456298,3.6376953125,-3.6427373875933546,2.8607039999999997
0.005906560969873986,0.011142121463208966,0.006988443050121361,0.00263851318092846,0.002072055902266973,-3.6123046875,-0.9760707209266881,0.20070400000000002
0.014656285299927165,0.004599906376623121,0.01143965236111718,0.005254188551494146,0.01509743659630206,0.3876953125,1.6905959457399788,0.9007040000000001
0.008737659330069585,0.026203119700346465,0.003693538339466434,0.006540627793388233,0.0018472434704387354,-1.6123046875,-2.753848498704466,1.6007040000000001
0.015256148013235752,0.002729545993841575,0.0027172871458070098,0.020126540204083207,0.018628346363081184,2.3876953125,-0.08718183203779928,2.300704
0.004419607247681561,0.0017743877691169649,0.06046769933081818,0.00021685879979252775,0.0018807131076471104,-2.6123046875,2.5794848346288664,3.000704
0.010211111899277522,0.006905143417050734,0.0034651361821902613,0.014898275311183177,0.005641306038360326,1.3876953125,-1.864959609815577,0.340704
0.018995317890242207,0.008546319573448563,0.015101287935103147,0.005839140390307938,0.009594276597428024,-0.6123046875,0.8017070568510896,1.0407040000000003
0.0032218947513691517,0.0006251438323774688,0.0020936499646304696,0.0019592163918592097,0.0170256706683022,3.3876953125,3.4683737235177556,1.7407040000000003
0.00309191589115558,0.024981792334388624,0.0017843326489748687,0.0018592948751610585,0.0004543615820816545,-3.1123046875,-3.3464410912970584,2.4407039999999998
0.05431655039171105,0.006510132392179536,0.0033769355936252342,0.028544766689969032,0.008865811463683137,0.8876953125,-0.6797744246303918,3.1407039999999995
0.010687273230788323,0.005281524998754676,0.015310662984272042,0.0033244559949001267,0.007857257368391405,-1.1123046875,1.9868922420362747,0.4807040000000001
0.006232552822095584,0.0034790877152367713,0.001560041586988009,0.020456797459300544,0.004285262545410988,2.8876953125,-2.4575522024081695,1.1807040000000002
0.016730807159364734,0.01592593636277744,0.02089463082373951,0.003408783441499757,0.003943372872264986,-2.1123046875,0.209114464258497,1.8807039999999997
0.006644403756911434,0.0007535470280050011,0.004314461871142888,0.001933174208704945,0.04519856248634059,1.8876953125,2.875781130925163,2.580704
0.03598480992361058,0.023451507371281426,0.0028010567371936834,0.018097289289300267,0.0022498946785437578,-0.1123046875,-1.5686633135192807,3.280704
0.005381902227379418,0.0016802659334751834,0.0023146870962567115,0.006279282367394406,0.011888949349478742,3.8876953125,1.0980033531473863,0.620704
0.0025805452882721653,0.0018484525324546724,0.011089866622486387,0.0005326442555288438,0.0017820493981213208,-3.9248046875,3.7646700198140524,1.320704
0.00583065447180197,0.011507222822800011,0.0014348133159607463,0.012654077857450605,0.0013520320586571826,0.0751953125,-3.8402682517908855,2.020704
0.01757382025062202,0.051821512286771204,0.008404829770849932,0.0039506821287174304,0.0018487963049950693,-1.9248046875,-1.173601585124219,2.720704
0.010672569432414743,0.000419587534090736,0.001846804991361188,0.0030167728225978605,0.1120038436563035,2.0751953125,1.493065081542447,3.4207039999999997
0.004990679198804432,0.012325559909660487,0.0036670549784087463,0.003550555273936739,0.0016454919983892654,-2.9248046875,-2.9513793629019967,0.088704
0.016677285660538096,0.006895158033172487,0.006132137249387677,0.012770945254901677,0.010888720176183675,1.0751953125,-0.28471269623533013,0.7887040000000001
0.012085235983690197,0.00413836910112716,0.022432153858595615,0.002635302897046816,0.009825024627059966,-0.9248046875,2.3819539704313364,1.4887040000000002
0.006103832724607396,0.0023745103009650183,0.0010651952593411262,0.032886243513456814,0.004399243640972002,3.0751953125,-2.062490474013108,2.188704
0.005769451124902471,0.009018250492798599,0.022849745073410324,0.0005359477303263263,0.0009787693300538534,-3.4248046875,0.6041761926535596,2.8887039999999997
0.006972897682128778,0.002494628009416285,0.008098957050796633,0.002821976961778942,0.011127993271453739,0.5751953125,3.2708428593202257,0.228704
0.006111457765669343,0.015376883703381207,0.0027464780174374565,0.0063228751479739425,0.0017151790502766594,-1.4248046875,-3.543971955494589,0.9287040000000001
0.0113875333242449,0.0035887622168190316,0.0025136786306299897,0.022736906099870648,0.01019903174455017,2.5751953125,-0.8773052888279227,1.6287040000000002
0.00967255747705631,0.005388775690604734,0.0446348059355751,0.0011706280347064568,0.0035461227765741883,-2.4248046875,1.7893613778387447,2.328704
0.007776992713884767,0.00449304992404342,0.0008082853942059929,0.06707453609590787,0.0018067232733775024,1.5751953125,-2.6550830666057004,3.028704
0.015387397277551033,0.009524625147298947,0.009754461358472214,0.007396483043483228,0.007667545735911215,-0.4248046875,0.011583600060966148,0.36870400000000003
0.004390936311181064,0.0011092482955580125,0.0024886202178374074,0.003382362819821587,0.015619359277469614,3.5751953125,2.6782502667276322,1.0687040000000003
0.005149817702724482,0.020484162175231326,0.0051828170065659806,0.00199248913934657,0.0010896289235842538,-3.6748046875,-1.7661941777168115,1.7687039999999996
0.04072433512071497,0.005555828430956571,0.013706371896446606,0.007111032106043188,0.020791180910220627,0.3251953125,0.9004724889498554,2.468704
0.002838252460062477,0.0005719844852617763,0.03280889243049185,8.598822068637856e-05,0.0028306444287319915,-1.6748046875,3.5671391556165215,3.168704
0.005522409555647311,0.004390216756074214,0.0016902911964490161,0.014585231895365246,0.0032221753449834436,2.3251953125,-3.247675659198293,0.508704
0.010522893240565854,0.01744020014249697,0.011288507844808386,0.0034663803684757966,0.002824662382317869,-2.6748046875,-0.5810089925316264,1.2087040000000002
0.013683105428096462,0.002374112378928927,0.008016369361736709,0.004595770551043619,0.032150884919972846,1.3251953125,2.0856576741350406,1.9087039999999997
0.014951183636342829,0.03442304174967745,0.0029907328977057733,0.012113578952671449,0.0018831778156087999,-0.6748046875,-2.358786770309404,2.608704
0.004797286027412019,0.00035136953762355763,0.0005427213868034715,0.00992684884627585,0.018567934367424262,3.3251953125,0.307879896357262,3.3087039999999996
0.0046851633363931425,0.0033306930590108774,0.014030778688552977,0.0012937504535085616,0.00311711794868983,-3.1748046875,2.974546563023928,0.6487040000000001
0.017562501211690215,0.010052782326566253,0.00444527205700278,0.019980489857508017,0.006699639279261706,0.8251953125,-1.4698978814205153,1.3487040000000001
0.02261238206457643,0.008123364436504295,0.029979434242980954,0.003559862578200898,0.008269105036757568,-1.1748046875,1.1967687852461513,2.048704
0.001986174509757944,0.00021385198676697145,0.0013954350345604725,0.000569912061826192,0.021008042351021085,2.8251953125,3.8634354519128173,2.748704
0.00145181741296957,0.02898553352051611,0.0005283687745780444,0.0012577217564908396,8.734457232566933e-05,-2.1748046875,-3.74150281969212,3.448704
0.010186784290925444,0.00543053449527143,0.00379600217979614,0.01296492851381583,0.00753763790980252,1.8251953125,-1.0748361530254535,0.11670400000000002
0.014787966862893276,0.005477748802057698,0.013678269662002692,0.004849733432880362,0.012024997572952901,-0.1748046875,1.591830513641213,0.8167040000000001
0.0035944489214867702,0.0019228878120033806,0.000869702895259841,0.016226994629931876,0.0028982476743327546,3.8251953125,-2.8526139308032312,1.5167040000000003
0.005644777455803155,0.013486251297730845,0.011469260912971214,0.0011584403968789754,0.0011839658276084908,-3.7998046875,-0.1859472641365647,2.216704
0.01405712497087952,0.0014120946077404598,0.017346639922468463,0.0013518030313527235,0.025145469957052583,0.2001953125,2.4807194025301014,2.9167039999999997
0.008913073339522947,0.014898630804462257,0.005662522932843332,0.005771428847264362,0.0029289166469128837,-1.7998046875,-1.9637250419143424,0.25670400000000004
0.012012534635249419,0.003420353364179372,0.004650531752456438,0.009915669724514685,0.017084965222165183,2.2001953125,0.7029416247523246,0.9567040000000001
0.004313849334828215,0.0023563003540674433,0.0199191081962645,0.0007762016388821439,0.0030660671217106117,-2.7998046875,3.3696082914189907,1.656704
0.006187585444438538,0.006694223416667858,0.0011076383959508103,0.02649589669654136,0.0016874934037461773,1.2001953125,-3.445206523395824,2.356704
0.05198640455441015,0.029725122684071115,0.008392734154927767,0.00764522872274166,0.0034658844038553205,-0.7998046875,-0.7785398567291573,3.056704
0.006074931784939433,0.0018750831479342933,0.0032597477205704227,0.005091202235237476,0.013976950801755412,3.2001953125,1.8881268099375097,0.396704
0.005131327765978805,0.01764737915861875,0.004016554505877437,0.0028696629692127225,0.0013167149626137399,-3.2998046875,-2.556317634506935,1.0967040000000003
0.029889298253540107,0.007546868183530221,0.008404397468075621,0.012903540790695247,0.014971923601044367,0.7001953125,0.11034903215973202,1.7967039999999996
0.009086634199170067,0.0023604017360575867,0.038966080238942345,0.0009564810708424602,0.007128906061253692,-1.2998046875,2.777015698826397,2.496704
0.0063795823656462285,0.001290101337585547,0.0005503595145344281,0.0742883757803321,0.00369780219593176,2.7001953125,-1.667428745618046,3.1967039999999995
0.010010824736536703,0.008271631229113969,0.015525391994539804,0.00308524841759412,0.004569974476640613,-2.2998046875,0.9992379210486204,0.5367040000000001
0.00543027323720857,0.0013382081809830706,0.005301091202054338,0.002239635876212268,0.016691839826617927,1.7001953125,3.6659045877152865,1.236704
0.009019904455329828,0.01778466547730256,0.0023005736888297612,0.013132576769605107,0.0019495229767454302,-0.2998046875,-3.1489102270995275,1.9367039999999998
0.005182762098352101,0.0009251592293863285,0.0008492501135485125,0.016645232538658197,0.009468538792243233,3.7001953125,-0.482243560432861,2.636704
0.0018760488080126784,0.0013082433712188154,0.03574776404916114,5.0591331522632626e-05,0.0004978124340403526,-3.5498046875,2.1844231062338055,3.336704
0.011274006554039017,0.010600029334765629,0.003789189460343915,0.014276881119031614,0.0043766381198521165,0.4501953125,-2.2600213382106387,0.6767040000000001
0.018233305766995084,0.012613403063495988,0.01834288354598295,0.00460317635734034,0.005893423031369162,-1.5498046875,0.40664532845602785,1.3767040000000001
0.005279032666809499,0.0008461965325873393,0.0034456266795354342,0.0023848146305986417,0.029767768187279327,2.4501953125,3.073311995122694,2.076704
0.010061510419257264,0.05337855947378189,0.006695861415066414,0.002345782789052812,0.0010717140894751656,-2.5498046875,-1.3711324493217498,2.776704
0.0221963398586901,0.0007136064135623837,0.003341625045816596,0.003298519253130574,0.08293819375978044,1.4501953125,1.2955342173449171,3.476704
0.0052097551819031045,0.002284375982363142,0.008828072165799448,0.0019123117948875625,0.006950632223640715,-0.5498046875,3.962200884011583,0.010304
0.003211264673478367,0.002454472460839995,0.0009657309594662446,0.011184500174498183,0.00218952021509927,3.4501953125,-3.9061118731900626,0.710304
0.008131010386901791,0.020858324191091845,0.007954220769825819,0.003008105230182002,0.001931698954173194,-3.0498046875,-1.2394452065233956,1.410304
0.02267351848866242,0.0035412895781345706,0.009938138430858869,0.006383827258546734,0.02989588522586182,0.9501953125,1.4272214601432704,2.110304
0.007736785830615396,0.03702229820732076,0.0017922392966760639,0.0075634522148034355,0.0008752665756008411,-1.0498046875,-3.0172229843011737,2.810304
0.007796860940745797,0.0032557509620167488,0.0029897927403643677,0.010729532203620946,0.009095505258149849,2.9501953125,-0.3505563176345068,0.15030400000000002
0.008382113125051955,0.004776721502448364,0.019138724865657476,0.002180471109872219,0.0053830937231849,-2.0498046875,2.316110349032159,0.8503040000000001
0.010330263644993856,0.005608568360364064,0.0021990111592569235,0.028129528534517854,0.005192954265593187,1.9501953125,-2.128334095412285,1.5503040000000001
0.041371464718968354,0.008526320268233476,0.015044264037234484,0.007878945199587156,0.013932892196522799,-0.0498046875,0.538332571254382,2.2503040000000003
0.0012452809148891391,0.00011353990112117318,0.0005153060229786073,0.000580983060380049,0.0167318201775357,3.9501953125,3.204999237921048,2.950304
0.0030915292650107278,0.009444925990325623,0.0025114474500605964,0.0022069864756502767,0.000996236450431011,-3.9560546875,-3.6098155768937663,0.290304
0.01892254140387941,0.012239489258267651,0.007045794433736774,0.012345613744267495,0.007013578974996675,0.0439453125,-0.9431489102270993,0.9903040000000001
0.012185447735733266,0.0063963813495531135,0.03030731802842743,0.0022721039729491793,0.005527577858568383,-1.9560546875,1.7235177564395672,1.6903040000000003
0.007304955725826738,0.004272585367906132,0.0011312433112669747,0.04379915678868813,0.0028636112834409568,2.0439453125,-2.7209266880048775,2.390304
0.008508990867089812,0.01871041184215513,0.017646953850647247,0.0007612532664841187,0.0009280004584060934,-2.9560546875,-0.05426002133821051,3.0903039999999997
0.008708918509091817,0.002825504472184317,0.007767700854244831,0.0038419642345682552,0.014361795606226366,1.0439453125,2.6124066453284547,0.430304
0.013998584367573763,0.019754889703080074,0.005899610999259018,0.00925805201725748,0.003681728572222807,-0.9560546875,-1.8320377991159882,1.130304
0.008904993492727224,0.0017921984473342444,0.00263869425054523,0.009391907888350984,0.022224201108037592,3.0439453125,0.8346288675506779,1.830304
0.0021501140006344945,0.0011808386717995659,0.018978530038978526,0.00018045331480449672,0.0012903541821735786,-3.4560546875,3.501295534217344,2.530304
0.005277961497849536,0.008580679690854482,0.000637733206643738,0.02364246479857863,0.0006428959670414494,0.5439453125,-3.31351928059747,3.230304
0.013627942013240003,0.014242387186724166,0.009707525499247756,0.006083459493398793,0.004715622873319116,-1.4560546875,-0.6468526139308031,0.570304
0.008190361378020712,0.0018895005238354276,0.004172417765596925,0.005220823778726411,0.023144077038321505,2.5439453125,2.019814052735863,1.2703039999999999
0.007440014606526733,0.0342249514249611,0.004107720031589067,0.0038462539714478046,0.0013211782167517408,-2.4560546875,-2.424630391708581,1.970304
0.030500221387296064,0.003482336932393797,0.004396203363586275,0.016262578399562005,0.02523876752536283,1.5439453125,0.24203627495808533,2.6703040000000002
0.006917862403486101,0.0005908569315463223,0.027028262143365997,0.00018833112915602474,0.010392103045943674,-0.4560546875,2.9087029416247514,3.370304
0.005545626474160489,0.00284291991029419,0.0019638490982992426,0.01124925835297584,0.0055964820935138935,3.5439453125,-1.535741502819692,0.038304000000000005
0.005833537159184676,0.0067287788001338476,0.013210545547910093,0.0017231365419542201,0.0024689942344722814,-3.7060546875,1.1309251638469746,0.7383040000000001
0.0061553108415510266,0.0016366129904438183,0.009748195064275296,0.0017374770928267477,0.012457322903864443,0.2939453125,3.7975918305136407,1.438304
0.004537103128251822,0.02158083819752348,0.0016976664558435444,0.004696119820092172,0.0008192747060946395,-1.7060546875,-3.807346441091297,2.138304
0.013324977302598273,0.002643475700726126,0.0014072020761843613,0.05196413275600822,0.007980355083751507,2.2939453125,-1.1406797744246302,2.838304
0.0074569663795505505,0.006235643859646239,0.013734982608035982,0.002418848247057127,0.003975849555880804,-2.7060546875,1.5259868922420354,0.17830400000000002
0.008155331379773029,0.007292585815608269,0.0023320243791817947,0.017411169380753058,0.003554185583641865,1.2939453125,-2.9184575522024083,0.878304
0.026273023276856766,0.01513879532850745,0.012479855130905526,0.008281140528691895,0.007228067341815248,-0.7060546875,-0.25179088553574136,1.5783040000000002
0.004506531785088115,0.0006483451192497388,0.0019416555667500415,0.0030434493601785117,0.029729965842666878,3.2939453125,2.4148757811309247,2.2783040000000003
0.004195049393857456,0.0464469224544013,0.0031087403908673095,0.0011571226067694255,0.00040422151988304527,-3.2060546875,-2.0295686633135195,2.978304
0.014023974014123516,0.005749347852859504,0.007772401258622213,0.007999221301804546,0.011780650934877027,0.7939453125,0.6370980033531479,0.318304
0.007005294204568751,0.002856206388112294,0.01611115093303016,0.0018376743429237106,0.007219346642155936,-1.2060546875,3.303764670019814,1.018304
0.004090643184385248,0.002933852013406555,0.0009171404443665434,0.020361239211365102,0.002216984975341825,2.7939453125,-3.511050144795001,1.7183040000000003
0.015784254639317322,0.03554352061417039,0.011429596776182528,0.0034980075917726045,0.0021943318717772154,-2.2060546875,-0.8443834781283339,2.418304
0.01238968796723334,0.0007509547319102867,0.003628555720009687,0.0030598635235385904,0.09127771797698082,1.7939453125,1.822283188538333,3.1183039999999997
0.009499198215130901,0.012109324040345384,0.0037651219733689846,0.010656137498247495,0.0033939575157909945,-0.2060546875,-2.622161255906112,0.45830400000000004
0.006169076841603556,0.0018750915450033731,0.0019525499458257942,0.01025480539609225,0.010908082737457558,3.7939453125,0.044505410760554476,1.158304
0.003442985123983924,0.002755450436894515,0.017894126727323934,0.0005570379454802239,0.0017353728974209579,-3.8310546875,2.7111720774272206,1.858304
0.02605644116305756,0.018289673596999654,0.0036121908373744215,0.023504464006747446,0.003945249607824619,0.1689453125,-1.7332723670172228,2.558304
0.02059725012148431,0.007778862612642595,0.06178580406599765,0.0008333102046468771,0.0027298176710285897,-1.8310546875,0.9333942996494438,3.258304
0.005007739829919119,0.0014660932251938843,0.004402295248967272,0.0026233903290249776,0.013735109373649149,2.1689453125,3.60006096631611,0.5983040000000001
0.0048185088772948964,0.018791844783587808,0.002970300963740359,0.003332921191661348,0.001160932241226733,-2.8310546875,-3.2147538484987046,1.298304
0.027078471424958152,0.00718127804947717,0.0050909056134630605,0.02164582422588209,0.012265062593252392,1.1689453125,-0.5480871818320376,1.998304
0.01709097652427885,0.003179860437870151,0.04080790055789834,0.0015569512663345414,0.010709299687392244,-0.8310546875,2.118579484834629,2.6983040000000003
0.002244020004526077,0.0005564165819080994,0.00018089776352429683,0.055719166214529894,0.0012902277347279004,3.1689453125,-2.3258649596098158,3.398304
0.006709691441230738,0.008460443870645382,0.01021325086965527,0.002514313503661665,0.0028363177044699525,-3.3310546875,0.3408017070568503,0.066304
0.008353279324414318,0.002550882394285108,0.009096763058035981,0.003070870144406869,0.014239138313534377,0.6689453125,3.0074683737235164,0.7663040000000001
0.01625251616320929,0.02428463110093707,0.00758093362252315,0.007658578672489611,0.003613622078118126,-1.3310546875,-1.4369760707209265,1.466304
0.010277530556157603,0.001599412664964432,0.003072929449768897,0.007777956539439791,0.03335004866410851,2.6689453125,1.2296905959457396,2.1663040000000002
0.002197616256865557,0.0006765285293044464,0.02263144180437108,0.0001118485019354146,0.001955950114097096,-2.3310546875,3.8963572626124057,2.866304
0.005249017133753332,0.005249153467907554,0.001794132566741982,0.01188428445814702,0.002699653122634943,1.6689453125,-3.7085810089925317,0.20630400000000002
0.017669118264117482,0.013833749960838145,0.007400163807478365,0.01070945489563951,0.006056371112733642,-0.3310546875,-1.0419143423258648,0.906304
0.0053886135797564984,0.001159978003512477,0.0021160435039980973,0.0053002236330646395,0.019015345027657404,3.6689453125,1.6247523243408013,1.6063040000000002
0.0033054594487595098,0.023419842924485703,0.002438200159956425,0.001574433422811315,0.0005316266005020895,-3.5810546875,-2.819692120103643,2.3063040000000004
0.0770777898672813,0.007991618214183161,0.006960142249793785,0.014065599045149629,0.011690575188407295,0.4189453125,-0.15302545343697593,3.006304
0.008081607423284587,0.004355209590414608,0.014878438069554556,0.00248781543452868,0.006296265363202067,-1.5810546875,2.5136412132296897,0.346304
0.008684543189921136,0.0045071384589590755,0.0022472745887178154,0.020947364526626804,0.005788915358978644,2.4189453125,-1.9308032312147536,1.0463040000000001
0.011764205453908742,0.011033977211586225,0.023690199814620002,0.002381905577151661,0.003466856717448338,-2.5810546875,0.7358634354519129,1.7463040000000003
0.005721090710106672,0.0007720072060667134,0.0056326812806082645,0.0013545710982126359,0.028908461081471312,1.4189453125,3.402530102118579,2.446304
0.005071323616211522,0.022203395192950857,0.0009294763688182166,0.008521620423199603,0.000487522338568213,-0.5810546875,-3.4122847126962355,3.1463039999999998
0.0067306314823851795,0.0027606063698247343,0.0022711973473552075,0.01197875464325906,0.008003175185290217,3.4189453125,-0.7456180460295685,0.48630400000000007
0.0066977872987973594,0.005365562807113748,0.01996963013670923,0.0015869776752282857,0.003212164269112658,-3.0810546875,1.921048620637098,1.186304
0.01211306234301586,0.010063281968732648,0.00237859580847573,0.026938654704453627,0.003542843196029017,0.9189453125,-2.5233958238073466,1.886304
0.040559259593656485,0.01637155504965007,0.02087668350491128,0.005072466208045162,0.005978362353583612,-1.0810546875,0.14327084285932035,2.586304
0.0022013133073972503,0.00012274510312195,0.0008217792330396674,0.0005655024584699148,0.0520512762236157,2.9189453125,2.8099375095259855,3.286304
0.009748467024314363,0.017422861735546837,0.006769994029103946,0.005197086253798774,0.0028840412165932394,-2.0810546875,-1.6345069349184573,0.626304
0.014028258482117755,0.003319383445701233,0.0054931130551710144,0.008869350942439593,0.022031142448681925,1.9189453125,1.0321597317482087,1.326304
0.006197231331787429,0.001395581611597844,0.012836338323676245,0.0012158214060860259,0.012096328687951739,-0.0810546875,3.698826398414875,2.026304
0.0017642102515066833,0.0007624759350742373,0.00028786486688444306,0.018418314513202697,0.0012621058357667084,3.9189453125,-3.115988416399939,2.7263040000000003
0.002310571874475733,0.012230106927175136,0.006122922312585851,0.00017384496562471356,0.00019280730997376784,-3.8935546875,-0.4493217497332722,3.426304
0.009866354635342108,0.003999965787715406,0.01008839037050738,0.0039696298721202845,0.01069914836556438,0.1064453125,2.217344916933394,0.09430400000000001
0.00901826130448336,0.018950082143084076,0.005227170416009189,0.005779918863986995,0.0024938670532138707,-1.8935546875,-2.2270995275110503,0.794304
0.014873086984909146,0.0035491463258068953,0.004482980908257806,0.012574025225198215,0.019516431627772998,2.1064453125,0.4395671391556162,1.494304
0.004146003409341939,0.002177259547097124,0.026978248721519167,0.0005103340272003458,0.0025143578948859657,-2.8935546875,3.1062338058222823,2.1943040000000003
0.028394320690840726,0.007423448060935338,0.0024500612263553185,0.04653289045231243,0.005896699657843091,1.1064453125,-1.338210638622161,2.894304
0.012080471495050604,0.006525509715953653,0.013031004734683995,0.004373624927345209,0.00793358176434781,-0.8935546875,1.3284560280445055,0.234304
0.003317141397884704,0.0008803713990467749,0.00268704928381746,0.001974662448080554,0.012084649481596233,3.1064453125,3.9951226947111715,0.934304
0.0027258511630099905,0.013454925803661807,0.0017259764870080098,0.002053659008233403,0.0006063903686328512,-3.3935546875,-3.990245389422344,1.6343040000000002
0.029003598602823918,0.012257946303816636,0.004210327941654233,0.026748503501282436,0.00639379308975548,0.6064453125,-1.323578722755678,2.3343040000000004
0.02364730398530557,0.005614158132780208,0.062085108469642894,0.0012858214180982684,0.0054615913020897135,-1.3935546875,1.343087943910989,3.034304
0.005340520802866291,0.0039673546570325935,0.0016784349318127933,0.013916162923602371,0.0034099917745969927,2.6064453125,-3.101356500533455,0.374304
0.011759635529932254,0.016321840131828677,0.012028246829950158,0.003921304620517504,0.0033722830887594575,-2.3935546875,-0.43468983386678905,1.0743040000000001
0.01135688141929962,0.0021005547386332753,0.006740205008518572,0.0044036116665593945,0.031067163144500753,1.6064453125,2.2319768327998775,1.7743039999999999
0.01745533068121418,0.027464120993343524,0.003295725793555726,0.015318678280817018,0.0024979659303559338,-0.3935546875,-2.2124676116445663,2.474304
0.003984083188460261,0.00034528527718724063,0.0005517762396121947,0.00800504016408062,0.017482003707231485,3.6064453125,0.4541990550221007,3.174304
0.0038461284959290572,0.002990113053427583,0.011679449862015967,0.001107602865403323,0.002549286274593586,-3.6435546875,3.1208657216887667,0.514304
0.00655522991098796,0.009755212651320908,0.0019442099764839162,0.012863061156763287,0.002116191967730313,0.3564453125,-3.693949093126048,1.214304
0.018791829193189002,0.02913839637406956,0.010011101285788667,0.005958800198467585,0.0033649991806380102,-1.6435546875,-1.0272824264593816,1.914304
0.010446742514546298,0.0011174479439266486,0.0031952696821471163,0.005393369089491916,0.0543323635699985,2.3564453125,1.6393842402072858,2.614304
0.0029227538496741394,0.0652668470517434,0.0013759981352548859,0.0012049423691975684,0.000192308513003647,-2.6435546875,-2.805060204237159,3.314304
0.014894873281148245,0.005907658344221608,0.005676381362116026,0.012151094667705326,0.011469819622502283,1.3564453125,-0.13839353757049278,0.654304
0.011456876871798456,0.003750127837140172,0.018973258982978514,0.0027466702771767014,0.011003774648015626,-0.6435546875,2.5282731290961733,1.354304
0.005608316713721846,0.0021089261745591862,0.0010644736723551447,0.02684887745753657,0.004732703506142561,3.3564453125,-1.9161713153482705,2.054304
0.007530423625657951,0.00930097637768936,0.02901302060906841,0.0007559774699557572,0.0014412014387686777,-3.1435546875,0.7504953513183965,2.7543040000000003
0.003140939787738536,0.0001629852825965953,0.004636970420417633,9.164639035744103e-05,0.02614476988284343,0.8564453125,3.4171620179850626,3.454304
0.006248812367407233,0.011649789649825758,0.0030966076327359486,0.006627464327329365,0.002189623932505638,-1.1435546875,-3.3976527968297514,0.12230400000000001
0.008934936034343036,0.0034252544981482934,0.0027203663924751363,0.014965149853769068,0.0093468096589253,2.8564453125,-0.7309861301630853,0.822304
0.010177740808806963,0.005645859570038693,0.02762838999589762,0.0020506042608581265,0.005069828887001224,-2.1435546875,1.9356805365035816,1.522304
0.009172923446802306,0.0052581273856980165,0.001482155475853075,0.04136036688390866,0.003538381729744726,1.8564453125,-2.508763907940863,2.2223040000000003
0.0761477646698919,0.009974504402069097,0.012824499668496598,0.008096532533478881,0.010328005774667505,-0.1435546875,0.15790275872580395,2.922304
0.0038806773934787716,0.0012268114825918016,0.0024258883558110596,0.0032089723412881566,0.010865898164471902,3.8564453125,2.82456942539247,0.26230400000000004
0.00531072913097826,0.014716973062088455,0.005697730499588824,0.0023449011777635738,0.0014844928923035347,-3.7685546875,-1.6198750190519742,0.962304
0.02508707142139052,0.006172331507405867,0.013641864714358338,0.006881073822566424,0.016809835072732045,0.2314453125,1.0467916476146932,1.662304
0.0042759252711700455,0.0013548818902297493,0.02388208842128553,0.0004683063549297324,0.004251330480266767,-1.7685546875,3.7134583142813593,2.3623040000000004
0.0020148200907686904,0.0016728088731617007,0.00027663507472414447,0.025604858480708623,0.0005984138877519789,2.2314453125,-3.8914799573235785,3.062304
0.008030281989172959,0.014451981358350758,0.007442626684249693,0.003760202854736632,0.0025935059132726284,-2.7685546875,-1.2248132906569125,0.402304
0.014770183437529096,0.003863389650761397,0.008016760540274892,0.006752843723245241,0.019855640799319205,1.2314453125,1.441853376009754,1.1023040000000002
0.009335284493217202,0.021819433526086455,0.0028188317829014454,0.01025196106107198,0.001969295509555208,-0.7685546875,-3.0025910684346897,1.802304
0.007918808411586004,0.0014309425300503059,0.0013372868166411527,0.01930348636599186,0.012924111242594015,3.2314453125,-0.33592440176802363,2.502304
0.002619485144921789,0.001524632364557414,0.04552120167638547,9.270446829062432e-05,0.0008175994991333521,-3.2685546875,2.3307422648986433,3.202304
0.011117420082166962,0.00926323601533822,0.003765338781241717,0.014599006041507316,0.004835578220636964,0.7314453125,-2.1137021795458013,0.542304
0.018696429439544728,0.011083925721142108,0.01762884380076067,0.0049856497087120396,0.006953176324368227,-1.2685546875,0.5529644871208665,1.2423039999999999
0.004497897424995549,0.0007802479351123723,0.002962455568542444,0.0022574243809649116,0.024788641546644095,2.7314453125,3.2196311537875326,1.942304
0.003528496567235184,0.02928623646111044,0.0014490806874184394,0.002794664868550869,0.0004576771007269359,-2.2685546875,-3.5951836610272823,2.642304
0.022668104948924902,0.0024915169578894835,0.00128162371957544,0.058578357849695686,0.007517440310334445,1.7314453125,-0.9285169943606162,3.342304
0.013443442740544107,0.005235173544022025,0.013568551111191391,0.004473782384085115,0.011293897525442883,-0.2685546875,1.7381496723060517,0.682304
0.00400806611703666,0.0021298284828839245,0.0009958067640284305,0.01656831741377712,0.0032654160321916917,3.7314453125,-2.706294772138394,1.382304
0.0070026858442735936,0.013997040111359138,0.013841496985099695,0.0014762962471630613,0.0015660405913680872,-3.5185546875,-0.03962810547172735,2.082304
0.012125880862222204,0.0013140545124161124,0.0132503231051017,0.001557303897306921,0.02965276988633732,0.4814453125,2.627038561194939,2.7823040000000003
0.013303574009919649,0.1198637127967362,0.0027597156293813676,0.0031787011260621533,0.0005515882355922022,-1.5185546875,-1.817405883249505,3.482304
0.008500704727102393,0.0031434011880790056,0.004160338499973865,0.0076209652093719325,0.012078521338359412,2.4814453125,0.8492607834171624,0.015904
0.004738535034095147,0.002720387560973229,0.013959498536849843,0.0012936213796990897,0.0038867182282883066,-2.5185546875,3.5159274500838285,0.7159040000000001
0.006898393876609765,0.006447597162967468,0.0016714714067733718,0.02050541932834104,0.00274910121095123,1.4814453125,-3.298887364730986,1.415904
0.03503818158859621,0.01901802832958311,0.01014833879372157,0.01055916811214084,0.006463688964180343,-0.5185546875,-0.6322206980643199,2.115904
0.003626987117305586,0.00035839060784013103,0.001091941095648355,0.002683608303071773,0.03425430754699319,3.4814453125,2.0344459686023475,2.8159039999999997
0.005620912814816956,0.013153377190498416,0.00449727774097972,0.0035074043076628674,0.0018333717557329687,-3.0185546875,-2.409998475842097,0.15590400000000001
0.01751383347029922,0.0062632481112465405,0.007295365765742256,0.010605187018262323,0.013115445635884066,0.9814453125,0.25666819082456893,0.8559040000000001
0.009090985956248345,0.0030744298393346934,0.021369814062458376,0.0019456040883214065,0.00880562039197435,-1.0185546875,2.923334857491235,1.555904
0.00773004569536558,0.002406091548159719,0.0012853675047090564,0.03350669926727773,0.006300669346020194,2.9814453125,-1.5211095869532087,2.255904
0.016297558771897012,0.007425039764689922,0.06129206041128069,0.0010529840451423945,0.00321888465226987,-2.0185546875,1.1455570797134582,2.955904
0.0047551693807596634,0.0015204668242433709,0.00453262616128631,0.002443011671852029,0.011725038526922337,1.9814453125,3.8122237463801243,0.295904
0.00625163893118308,0.01047068249167839,0.0020895365077059254,0.010504297345004292,0.0020162207879123447,-0.0185546875,-3.792714525224813,0.9959040000000001
0.004991237090005607,0.0016404304393308946,0.001186653616709115,0.015404363143747097,0.006526700141852474,3.9814453125,-1.126047858558147,1.695904
0.0038541718826853705,0.004441530604272048,0.02020695757486636,0.0004829685570962215,0.0011726378417119712,-3.9716796875,1.54061880810852,2.395904
0.009098118743560826,0.01770336574979289,0.0011994482948462898,0.018973804387594575,0.000979100832549084,0.0283203125,-2.9038256363359247,3.0959039999999995
0.011620797678715851,0.01253692301685184,0.011109466307547826,0.004586900691764166,0.004300880513490552,-1.9716796875,-0.2371589696692582,0.43590399999999996
0.008429018893615952,0.0020403069681676923,0.005396276828679823,0.004332069922822337,0.022009266752412195,2.0283203125,2.4295076969974083,1.135904
0.006873712202486722,0.028592656480108346,0.005119059240726775,0.00294412095992856,0.0013699929635549858,-2.9716796875,-2.0149367474470354,1.8359039999999998
0.036530436498251044,0.0042713496926407015,0.007615614169583416,0.01055726462889375,0.027260152312294436,1.0283203125,0.6517299192196315,2.535904
0.004390526164706071,0.0005867171482260539,0.03073730877158716,0.00013507159952760102,0.0056991459787488225,-0.9716796875,3.3183965858862976,3.2359039999999997
0.004203153572642833,0.0031562608046428104,0.0012722397126247098,0.013035740348602366,0.0027675516557535106,3.0283203125,-3.496418228928517,0.5759040000000001
0.006967499783646307,0.01585953220146529,0.00877914532609371,0.002396778702144525,0.0018522754549874637,-3.4716796875,-0.8297515622618508,1.275904
0.019394526571047416,0.003528605782149379,0.01335100008390546,0.004640641684927805,0.024460967106335555,0.5283203125,1.8369151044048166,1.9759039999999999
0.009504685418584324,0.050696073073915986,0.0027288815121937586,0.006091545899779495,0.0010946466803102436,-1.4716796875,-2.607529340039628,2.675904
0.011411384408942758,0.0007160979162284944,0.0009380851061976817,0.017858244113465208,0.021548100050324676,2.5283203125,0.059137326627038966,3.375904
0.0059081396071420525,0.003925916845026243,0.012767152691620242,0.001901513661284032,0.0042755195823162276,-2.4716796875,2.725803993293704,0.043904
0.011469299606013022,0.006806058433750774,0.0034012472620094203,0.017855665014061044,0.006257427013434759,1.5283203125,-1.7186404511507396,0.7439040000000001
0.02260689681952259,0.008027146935253361,0.017120685367578832,0.005782644305944872,0.011262646087433492,-0.4716796875,0.9480262155159274,1.443904
0.0024513233938820134,0.00039134549949283455,0.0015197257548641408,0.0013483183684534564,0.016657475658637448,3.5283203125,3.6146928821825934,2.143904
0.0018213305310637307,0.020264256494715034,0.0013410562686663634,0.0008557099354772465,0.00021490698226534448,-3.7216796875,-3.2001219326322206,2.8439039999999998
0.01404929304885095,0.008643641148668344,0.0068780374104102215,0.009726083206640986,0.007631643417154246,0.2783203125,-0.5334552659655545,0.183904
0.00983373179024671,0.0052329032177993165,0.019508322101604813,0.002557455319401855,0.006317754239205713,-1.7216796875,2.1332114007011125,0.8839040000000001
0.00847196708615764,0.004606302976585957,0.0017988264127010267,0.02805739999719214,0.004641425788119239,2.2783203125,-2.311233043743332,1.583904
0.011811637059270177,0.014455499387805996,0.023621267682800044,0.001905433118605618,0.002472206711504382,-2.7216796875,0.3554336229233348,2.283904
0.006438743338761036,0.0005318144709691888,0.0055711129268014815,0.0008998908261120117,0.04436591557251054,1.2783203125,3.022100289590001,2.983904
0.012520991475506746,0.013176482513197387,0.006434241151465679,0.008553535871100271,0.004650834725889745,-0.7216796875,-1.4223441548544433,0.32390399999999997
0.0070610947328316595,0.00189327884498289,0.0029120863214856393,0.006922295088856903,0.016637859707470212,3.2783203125,1.244322511812224,1.0239040000000001
0.0028483633143289366,0.0016123124027045083,0.014364305979873664,0.00047182520671016053,0.002173040407767152,-3.2216796875,3.91098917847889,1.723904
0.0045901056248590505,0.007182575906780472,0.0009191367439884802,0.016990614631701366,0.001082099600275635,0.7783203125,-3.9573235787227556,2.423904
0.028185355307036433,0.05710836013907107,0.005812492931926551,0.005841531885445265,0.0017625837112526365,-1.2216796875,-1.2906569120560896,3.1239039999999996
0.007860940010950671,0.0024424241919332253,0.0038519069532962236,0.0066026693014479085,0.014942990353646836,2.7783203125,1.3760097546105774,0.4639040000000001
0.006243332551063581,0.019964253594817443,0.0033965895166964562,0.004670406147962671,0.0015514388202889507,-2.2216796875,-3.068434689833867,1.163904
0.019678659412372634,0.004929437197063257,0.004041751608819742,0.02121444343407235,0.014238008934015308,1.7783203125,-0.4017680231672007,1.8639039999999998
0.016940266189575778,0.0026413307952972667,0.024608583524719656,0.002102534504703321,0.017563519232498836,-0.2216796875,2.264898643499466,2.563904
0.0017130483204583348,0.00040227859387398975,0.00017432251848736792,0.027999441257306728,0.001482932566478767,3.7783203125,-2.179545800944978,3.2639039999999997
0.005785042743233247,0.008098401169243388,0.010847747306076634,0.0018990306477742558,0.002237707577172687,-3.8466796875,0.487120865721689,0.6039040000000001
0.008683286402602214,0.0024044298215801694,0.012171681874452294,0.002455029825253532,0.013941660434712348,0.1533203125,3.153787532388355,1.303904
0.0049020044891184165,0.022662333443733487,0.001969809401585259,0.004634129199671166,0.000926521911911638,-1.8466796875,-3.6610272824264594,2.003904
0.015894907929425744,0.003200180152847876,0.0018172464454661648,0.044639520898308166,0.009494361335168238,2.1533203125,-0.9943606157597933,2.703904
0.004538341303422358,0.002546037928435794,0.0781622824652755,0.00011884317276640459,0.0008828550344929116,-2.8466796875,1.6723060509068741,3.403904
0.007652861031314683,0.0070051077794495925,0.0027788903572496465,0.012659882202885312,0.0038246737086606577,1.1533203125,-2.7721383935375705,0.07190400000000001
0.01742726863119787,0.011947282700606892,0.011380596609517459,0.0070068074788556456,0.006842439589746649,-0.8466796875,-0.10547172687090445,0.7719040000000001
0.00529140392354189,0.001140214507486521,0.0028598610371494424,0.003609231759068859,0.02134319133781373,3.1533203125,2.5611949397957616,1.471904
0.005591762783762651,0.028669017218996402,0.004823740683505858,0.0020362905467504458,0.0009523828163828982,-3.3466796875,-1.8832495046486821,2.171904
0.05008346823895169,0.0041192487863958875,0.009710747830397772,0.007832123616563706,0.026254773772900808,0.6533203125,0.7834171620179848,2.871904
0.005970640430054673,0.002931279254763416,0.011874474327880788,0.00194027455498319,0.00611682136754876,-1.3466796875,3.450083828684651,0.21190400000000004
0.00489931851633703,0.0036934008807525667,0.001353992031111807,0.016101426536629534,0.0028997860268502934,2.6533203125,-3.364730986130163,0.911904
0.01316431302605733,0.022309081642978384,0.011826811889544738,0.003936780395594001,0.002938034555615548,-2.3466796875,-0.698064319463497,1.611904
0.013368870673564877,0.0017639361982797065,0.006113989147563346,0.0046163686428072805,0.04502198398810906,1.6533203125,1.96860234720317,2.311904
0.01381774711182596,0.029256351215174718,0.0019483084425732098,0.015161093249606883,0.0013411918694354096,-0.3466796875,-2.4758420972412742,3.011904
0.0061911534871507065,0.0022615241511711338,0.002430959934677807,0.008621367452139175,0.009815298439346072,3.6533203125,0.19082456942539228,0.351904
0.004129935307985334,0.0031964002835559676,0.014775389643281471,0.0010032736951715918,0.002462487769222403,-3.5966796875,2.8574912360920584,1.0519040000000002
0.020877062321709293,0.01360546450734321,0.004604483915232155,0.020405144211212003,0.00562396914922892,0.4033203125,-1.5869532083523858,1.751904
0.021805051948693987,0.008963442891432938,0.04024908940392095,0.0025022456206241833,0.005689146121825367,-1.5966796875,1.0797134583142816,2.451904
0.0017313947917870429,0.0001241060876864664,0.001241722989139628,0.00024075482569588832,0.027660733899110546,2.4033203125,3.7463801249809476,3.1519039999999996
0.004150732684650826,0.012087013511304598,0.00252821407304887,0.0036465038493146943,0.0012729801136168123,-2.5966796875,-3.85855814662399,0.4919040000000001
0.015613832898559473,0.0071863015766297925,0.004072516387375232,0.020096070689358585,0.008235767756213559,1.4033203125,-1.1918914799573241,1.191904
0.02230328517918134,0.006162084100933239,0.023640054123255882,0.004111883686838907,0.012266582759467968,-0.5966796875,1.4747751867093424,1.8919039999999998
0.0028891846688156087,0.001329637061440655,0.0004663573777204539,0.027280231583527745,0.0018055788687387378,3.4033203125,-2.9696692577351014,2.591904
0.00644593045280803,0.021324243183846875,0.012217782528608926,0.0005087703578069611,0.0005481218276753697,-3.0966796875,-0.3030025910684353,3.2919039999999997
0.010155955868428984,0.003150397687522448,0.008671241847790443,0.004209538471491639,0.015499640603230872,0.9033203125,2.3636640755982317,0.631904
0.01303844253618346,0.022524756225962814,0.005270119185651841,0.008903233435447,0.0030992177799240004,-1.0966796875,-2.0807803688462125,1.331904
0.010123989670334467,0.0018871184985618957,0.002573896357148033,0.01136007101746468,0.022657379012259206,2.9033203125,0.5858862978204549,2.031904
0.004369835816768926,0.001365665785968013,0.03805233693849406,0.00030687114474759126,0.003187374402766826,-2.0966796875,3.252552964487121,2.731904
0.0019366112725986136,0.0015167541998953552,0.00017226814558900683,0.03816267044283424,0.00039403914303227743,1.9033203125,-3.562261850327694,3.431904
0.013182052768262916,0.009954296819643181,0.0066713333475993605,0.009248132169045452,0.006241228508620786,-0.0966796875,-0.8955951836610279,0.099904
0.004831648408017066,0.0013762922315773902,0.0022900978739265328,0.004827868456276148,0.013308463717118364,3.9033203125,1.77107148300564,0.7999040000000001
0.00368652951230856,0.015983039513439448,0.0032093509754124705,0.0019058849730589035,0.0008867085390220432,-3.9091796875,-2.673372961438805,1.4999040000000001
0.04222486924937292,0.010658159891429675,0.010925838327221257,0.011264319059195844,0.011663981344396782,0.0908203125,-0.006706294772139021,2.199904
0.00676484674701613,0.0019372561712793796,0.0629303780534845,0.0003980193514878485,0.0037495529421814767,-1.9091796875,2.6599603718945275,2.899904
0.008622082830882387,0.005145170968221588,0.002898366337174998,0.014671541960041445,0.005900886074910542,2.0908203125,-1.7844840725499167,0.23990399999999998
0.008717153538954008,0.00881787431015233,0.016616478205850462,0.0024055276052744015,0.0033923317233466852,-2.9091796875,0.8821825941167507,0.9399040000000001
0.006410391924035236,0.001407680817748426,0.007314654185399666,0.0020394952749860297,0.018432792617228033,1.0908203125,3.548849260783417,1.639904
0.007458797131273923,0.025421549503084062,0.001991937729404771,0.008747137642850686,0.001222236152376916,-0.9091796875,-3.2659655540313977,2.339904
0.00716986438840889,0.000941835479953711,0.0007930739158047979,0.02702716102138142,0.010065231458150222,3.0908203125,-0.5992988873647316,3.039904
0.005419497443913865,0.004762337275364437,0.013290030319431077,0.001642102733862637,0.002987951989645003,-3.4091796875,2.067367779301936,0.379904
0.01179596414108666,0.010882583918705604,0.0033683661248970135,0.017207369554339418,0.0041782668472310725,0.5908203125,-2.377076665142509,1.0799040000000002
0.022942177925788176,0.014349464970790064,0.019839486976122006,0.004877056560438296,0.0060245676169973,-1.4091796875,0.28959000152415726,1.7799039999999997
0.004688945687177025,0.0005771417847305173,0.00265848474253029,0.001954838436723702,0.03748256173487249,2.5908203125,2.9562566681908233,2.479904
0.009335906912442658,0.08118042868048309,0.004958291100682323,0.0017568615888095516,0.0006523929795541506,-2.4091796875,-1.4881877762536204,3.1799039999999996
0.011922031056827176,0.0038575784975640164,0.006302999208371803,0.007333189629102317,0.015502137494591206,1.5908203125,1.1784788904130465,0.519904
0.005914424278356158,0.0019306574332809045,0.011877622907485877,0.0016229234981179595,0.009081418385969058,-0.4091796875,3.8451455570797126,1.219904
0.0025169895509643205,0.0016465396922000879,0.0005670832161252978,0.01501072910695367,0.0016049211624134887,3.5908203125,-3.759792714525225,1.9199039999999998
0.004955728942944372,0.023425747592926458,0.006509969925540763,0.0010743958567808246,0.0007084675950226391,-3.6591796875,-1.0931260478585587,2.619904
0.03423014135849539,0.0016608689252408419,0.014140527195818996,0.001965345597098077,0.03039722904970483,0.3408203125,1.5735406188081082,3.3199039999999997
0.007470427024886873,0.01653918203989988,0.0038787499437696123,0.006149774637394442,0.0021841833192791722,-1.6591796875,-2.870903825636336,0.659904
0.013076605260178112,0.003788350410124757,0.003549226707950825,0.016231782599725287,0.013962696894661146,2.3408203125,-0.20423715896966987,1.359904
0.006500019635921749,0.0036201576240442526,0.033495814022850755,0.0009320032278807434,0.003298872316460476,-2.6591796875,2.4624295076969966,2.059904
0.015705850823350652,0.006782921211731798,0.001693806973180488,0.057205332397945535,0.003909348043187362,1.3408203125,-1.9820149367474476,2.759904
0.07648038977068608,0.005990452615877558,0.0251870108465715,0.0019598514737280766,0.0066110956528706065,-0.6591796875,0.6846517299192199,3.459904
0.0039532652908788974,0.0012779349205910711,0.0028736594574381947,0.002799189097457046,0.010805391997734334,3.3408203125,3.351318396585886,0.12790400000000002
0.004045452973228149,0.013809875300970612,0.0027627634712604305,0.0029510840824036842,0.0011312579152352538,-3.1591796875,-3.4634964182289285,0.8279040000000001
0.022885429672509814,0.009166902447874506,0.005700743068297449,0.018351715100081337,0.009536318826869372,0.8408203125,-0.7968297515622624,1.5279040000000002
0.017152306004053434,0.005020442907516729,0.03699694272938396,0.002347660780490317,0.00881178652296917,-1.1591796875,1.869836915104405,2.227904
0.004095389667106482,0.0015704998417616948,0.000493067753059498,0.05277759604736595,0.0020439567017657115,2.8408203125,-2.5746075293400397,2.927904
0.010478657121462445,0.010735732276682914,0.011633037857342553,0.0040037676090172985,0.0042546448559417395,-2.1591796875,0.0920591373266273,0.26790400000000003
0.007696547313566343,0.0019961907958928123,0.005746006503924634,0.0036766629275019327,0.019266444804093702,1.8408203125,2.7587258039932925,0.9679040000000001
0.019733235854772584,0.018106025493228445,0.005262137436489052,0.015222242766758156,0.004679527598933954,-0.1591796875,-1.6857186404511513,1.6679039999999998
0.004781571004714378,0.0007499348822392711,0.0012357802099327237,0.006524988432369163,0.018969872803548882,3.8408203125,0.9809480262155157,2.3679040000000002
0.0009224296842767496,0.000491499228104855,0.0139694586798687,3.041341102419275e-05,0.0005094423714495491,-3.7841796875,3.6476146928821818,3.067904
0.00766226979020101,0.009791192045886682,0.0028388912397917156,0.011164984776702136,0.0029438012686695963,0.2158203125,-3.1672001219326322,0.407904
0.015075589853332195,0.017195995607677584,0.011875798359399592,0.005258947374850649,0.004279082986987873,-1.7841796875,-0.5005334552659662,1.1079040000000002
0.009215993865379527,0.0016651005903700166,0.004652626447261886,0.004672468824226398,0.032347205984911344,2.2158203125,2.166133211400701,1.8079039999999997
0.0061247295961809455,0.0447322164158685,0.0036401501061791245,0.0024877105466927494,0.0008127051513883873,-2.7841796875,-2.2783112330437434,2.507904
0.04780985870723511,0.002588013249916149,0.004279651710195494,0.012130828568714336,0.02797255349089044,1.2158203125,0.38835543362292313,3.2079039999999996
0.007783840107546544,0.003241451099780264,0.01329660330072779,0.002419678506207239,0.00837963619850898,-0.7841796875,3.055022100289589,0.5479040000000001
0.007218576708237257,0.002886295495819656,0.001835897378623712,0.01875704874735731,0.006931111929053976,3.2158203125,-1.389422344154855,1.247904
0.007052570621608532,0.007062150841335378,0.02454763209676131,0.0012319010453544078,0.002310605736719754,-3.2841796875,1.2772443225118124,1.9479039999999999
0.004090130024241077,0.000553363588042671,0.006940053268292018,0.0005635331509055484,0.01631482726908722,0.7158203125,3.9439109891784785,2.647904
0.0020765491205964976,0.020399321060381732,0.0005298889827950408,0.0030708767799931106,0.00015829473004398364,-1.2841796875,-3.9244017680231673,3.3479039999999998
0.00857435410148055,0.003869008827022377,0.0025846840938327413,0.016141864534983813,0.007475852168895191,2.7158203125,-1.2577351013565008,0.6879040000000001
0.011120837489906391,0.0075544040540303364,0.02454036722797674,0.002435663819758801,0.004649311021532943,-2.2841796875,1.4089315653101657,1.387904
0.0072352958869648576,0.005548417713088985,0.0013259330563970319,0.031941979381968404,0.002632464652735272,1.7158203125,-3.035512879134278,2.087904
0.06335701992925827,0.015839005349007854,0.010052250873401242,0.010452081710174503,0.00716560307947704,-0.2841796875,-0.36884621246761196,2.787904
0.0011067445629370956,4.558360941069576e-05,0.0002514308822672096,0.0004649007326300421,0.028853055728223383,3.7158203125,2.297820454199054,3.487904
0.00499627145085397,0.011523533214062692,0.004638032276710211,0.002872128999296101,0.00170279853143793,-3.5341796875,-2.1466239902453896,0.021504000000000002
0.017438973442672416,0.0068451594839987326,0.009202459116586344,0.008459499943008352,0.0120924312016816,0.4658203125,0.5200426764212773,0.721504
0.007076869113704714,0.002871163380569345,0.020645564693971157,0.0015470604063884605,0.006395189544492582,-1.5341796875,3.1867093430879434,1.421504
0.003948478649443977,0.0030375765189099165,0.0007815350627875635,0.02381072276461598,0.0017795050668328793,2.4658203125,-3.628105471726871,2.121504
0.011706232174932952,0.0440681780943474,0.009340682282075331,0.0021068162781585015,0.0012382282339784582,-2.5341796875,-0.9614388050602045,2.821504
0.009898116813469554,0.003457493526735797,0.006514512692102561,0.005636743211626516,0.01392346234019443,1.4658203125,1.7052278616064624,0.161504
0.00968591165209367,0.015003740441300017,0.0036850490356941,0.010318516014030837,0.0029387687922424292,-0.5341796875,-2.739216582837982,0.861504
0.007405907190090029,0.001986552921257254,0.0019968317226004857,0.012869162219411128,0.012509017339696268,3.4658203125,-0.07254991617131568,1.5615040000000002
0.004847223455105026,0.0029244026982174747,0.0317571805147637,0.0005838387678543728,0.0023628197332440843,-3.0341796875,2.59411675049535,2.2615040000000004
0.020704734536205624,0.008756247668200795,0.0018572959756467493,0.05160747227202136,0.0035830882824570563,0.9658203125,-1.8503276939490934,2.961504
0.013191894213248108,0.00807292165750159,0.012765718479111239,0.0049139494708571076,0.0072263368854425265,-1.0341796875,0.8163389727175732,0.301504
0.004179937745915888,0.0010743821653633428,0.003085789440609795,0.002509844485370561,0.014964364532263382,2.9658203125,3.4830056393842392,1.0015040000000002
0.005774306871484694,0.02360558648641111,0.0026464811838103086,0.00470970395579408,0.0012085091946814326,-2.0341796875,-3.3318091754305748,1.7015040000000003
0.019469324444453068,0.0040137763298907815,0.002765779250591625,0.031051009607843676,0.012757065949290805,1.9658203125,-0.6651425087639082,2.401504
0.02211263031075204,0.001857781342583977,0.023034781984201856,0.0014801349033562734,0.0214720880821556,-0.0341796875,2.0015241579027583,3.101504
0.004127229430400406,0.002316137443527639,0.001308561916264003,0.011601028273026883,0.003819483455091498,3.9658203125,-2.442920286541686,0.441504
0.005719022300805697,0.009409354451615514,0.01116554776195243,0.0016973263542409587,0.001877331610100883,-3.9404296875,0.2237463801249806,1.141504
0.01058043248000891,0.002381874665494798,0.015267212591810759,0.002355271991685738,0.016436085540588345,0.0595703125,2.8904130467916467,1.8415039999999998
0.014486560343192501,0.05285392640474252,0.0065390205197671455,0.004488747398789451,0.0017241435630290754,-1.9404296875,-1.554031397652797,2.541504
0.014994965287022866,0.0007931708802225825,0.0022996421669251306,0.006229055681123646,0.07114382981347464,2.0595703125,1.1126352690138699,3.241504
0.0038507161548620994,0.002403484831606255,0.01172814759088878,0.0010885111407265054,0.003151016634382727,-2.9404296875,3.779301935680536,0.581504
0.005733309700459106,0.006994655498958728,0.0015566125112944445,0.015093766879956326,0.0021073261534174824,1.0595703125,-3.825636335924402,1.281504
0.024455887831942875,0.02626414059832661,0.008331743497893701,0.009355345123174427,0.004292662400894845,-0.9404296875,-1.1589696692577354,1.981504
0.006581191955156358,0.0007174399024433505,0.0017506983480872664,0.00519356954660699,0.04077664113662979,3.0595703125,1.5076969974089307,2.6815040000000003
0.0013488186233951143,0.030251327797802013,0.0009788142840000172,0.00048694338803139986,8.717554054181785e-05,-3.4404296875,-2.936747447035513,3.381504
0.013283423388180364,0.007368000310043347,0.006683281190286581,0.009385479537664807,0.008431298676303755,0.5595703125,-0.27008078036884653,0.049504
0.009359906030289567,0.004559467255877679,0.017646143096272854,0.002577140110344474,0.007031795504549007,-1.4404296875,2.39658588629782,0.7495040000000001
0.008245623216107265,0.004031764767263867,0.0018527586473054078,0.025409831122877972,0.00535341061968983,2.5595703125,-2.047858558146624,1.4495040000000001
0.013719843642012983,0.012503705873065617,0.02756584618518583,0.002239917406648763,0.003287740174460701,-2.4404296875,0.6188081085200432,2.1495040000000003
0.005008956698599411,0.0004778069089450278,0.004385637892167523,0.0008913201427806353,0.038239952514978096,1.5595703125,3.2854747751867093,2.849504
0.0063855347537481,0.010275312663523644,0.0027520837342247446,0.008243453747356829,0.0023365327239327745,-0.4404296875,-3.5293400396281056,0.189504
0.006517716053499767,0.0024924092298317,0.001962230820376403,0.013465672253236782,0.00791620375183955,3.5595703125,-0.8626733729614391,0.8895040000000001
0.005121166412907935,0.0049585229545446256,0.01897770624279929,0.0010444101281196026,0.002130726650764226,-3.6904296875,1.8039932937052283,1.5895040000000003
0.012773534563859105,0.015184890329557539,0.002287516037845543,0.02292850136793958,0.0025764149998591668,0.3095703125,-2.6404511507392168,2.289504
0.029926494446865348,0.021305877377139213,0.023310065337389375,0.002550745004481489,0.0029443823087976517,-1.6904296875,0.02621551592744975,2.989504
0.006449765912147538,0.0019955487582287933,0.004602134211335252,0.003911100748285198,0.014658695425414854,2.3095703125,2.692882182594116,0.32950399999999996
0.008182277317108749,0.020186242464969233,0.006365423202809953,0.003920186056663912,0.0021187464638482453,-2.6904296875,-1.751562261850328,1.0295040000000002
0.02091207229660932,0.004192958390799509,0.007432148798669945,0.009384983338505433,0.02400807707936273,1.3095703125,0.915104404816339,1.7295040000000004
0.005884914176013959,0.001259563277124989,0.019300856160880137,0.0007261555776823733,0.00883860711220832,-0.6904296875,3.581771071483005,2.429504
0.0015999830052130478,0.0007075167573070431,0.00019325466496176172,0.028229766283731826,0.000818525174449979,3.3095703125,-3.233043743331809,3.129504
0.007456048518091839,0.01227811228012744,0.009043840487494667,0.0029484891999558872,0.0025393810958619627,-3.1904296875,-0.5663770766651428,0.46950400000000003
0.01301327055458918,0.003381194425459359,0.010068637876617412,0.004639828738608196,0.01923322369746973,0.8095703125,2.100289590001524,1.169504
0.012464527616277388,0.029968365170354012,0.004279076655261996,0.008644957744681808,0.0023202342865032617,-1.1904296875,-2.3441548544429205,1.8695039999999998
0.010912548257763612,0.0015113605903933325,0.0019610675148188012,0.014235095432423786,0.023803128246304834,2.8095703125,0.3225118122237456,2.5695040000000002
0.0032713731907135454,0.0008334548524706547,0.062338618660498044,8.32267287792614e-05,0.0018580639632461294,-2.1904296875,2.9891784788904117,3.269504
0.010961522590468419,0.005861079586104035,0.003402185998344394,0.016692094540119447,0.007022591285030988,1.8095703125,-1.4552659655540316,0.609504
0.020209401088179164,0.006564203802717015,0.015494230082271363,0.005661158579835992,0.013070201552245983,-0.1904296875,1.2114007011126349,1.309504
0.00203540372334795,0.0003539939570191694,0.0013158023037022708,0.0011793106351940669,0.012720514483088226,3.8095703125,3.878067367779301,2.0095039999999997
0.0014719341995647062,0.014184075415033425,0.0010545495107502979,0.0008606974809597016,0.00019466612268769572,-3.8154296875,-3.7268709038256365,2.7095040000000004
0.06551019143583221,0.013344095504621156,0.003159589218794708,0.01967394884620311,0.0035730936183900153,0.1845703125,-1.06020423715897,3.409504
0.009170689921789958,0.006178214994198699,0.013630330083957856,0.003116079914869674,0.005608145784919176,-1.8154296875,1.6064624295076966,0.077504
0.006756295562364735,0.0048849523820194305,0.0019079142584143166,0.01765869337866666,0.003824384488918511,2.1845703125,-2.8379820149367476,0.7775040000000001
0.010526285571165696,0.015993247974379413,0.014122593772583238,0.002868549286394925,0.002754606916860905,-2.8154296875,-0.1713153482700811,1.4775040000000002
0.011633337878010169,0.0017734842727107488,0.008407167147839234,0.0032172214640330313,0.03435704664332427,1.1845703125,2.495351318396585,2.177504
0.020104674405741253,0.04479029683006956,0.0035626341140437183,0.010401807375004282,0.0018456981850928427,-0.8154296875,-1.9490931260478588,2.877504
0.007087713524781466,0.002498877422343339,0.0031299389756035264,0.007727108636710485,0.011633471319416106,3.1845703125,0.7175735406188082,0.21750400000000003
0.003882157751304454,0.002643339975440153,0.013546604009274097,0.0009797024660544414,0.0027252046973660804,-3.3154296875,3.3842402072854743,0.9175040000000001
0.007396694991179713,0.009484657687768808,0.0018134140500298986,0.01749273121534567,0.0022070488656108322,0.6845703125,-3.4305746075293397,1.6175040000000003
0.027571650982276694,0.029576438931376306,0.011464402945034967,0.006511558676400666,0.0038838386369337927,-1.3154296875,-0.7639079408626737,2.3175040000000005
0.006263314112042574,0.0004658100503877362,0.0017332793685975775,0.003039969070472078,0.06882452986410305,2.6845703125,1.9027587258039933,3.017504
0.006808119170682431,0.015235956534868852,0.004501871780704861,0.004670172982398041,0.002113871416537159,-2.3154296875,-2.5416857186404513,0.357504
0.015700461226500973,0.0048952901298170756,0.00530974337005065,0.012778491130160444,0.01463438275769989,1.6845703125,0.12498094802621562,1.0575040000000002
0.010903548654205864,0.0028089939993356586,0.018391124799636376,0.00234704334672266,0.013510769453912516,-0.3154296875,2.791647614692881,1.7575039999999997
0.004424847136854419,0.0012818929043361068,0.0007318693345876457,0.025219095053032645,0.004548038605198021,3.6845703125,-1.6527968297515625,2.457504
0.0038537922732578317,0.00510866882709716,0.02652005188214201,0.00022357133028507462,0.0006428148967035116,-3.5654296875,1.013869836915104,3.157504
0.006184692690684868,0.0021188738073135045,0.008232116353168457,0.0023024358176629363,0.010663129171251621,0.4345703125,3.68053650358177,0.49750400000000006
0.007228682203489063,0.019544767615690052,0.0032358608561124996,0.00640258142189677,0.001815044814720631,-1.5654296875,-3.134278311233044,1.1975040000000001
0.013635387569287323,0.003395003233121415,0.002787283907138416,0.02193000144071854,0.01355854059095537,2.4345703125,-0.4676116445663774,1.8975039999999999
0.006950889361742189,0.0034898189577169075,0.05156746956760682,0.0006238888002009958,0.0028068601661235437,-2.5654296875,2.199055022100289,2.5975040000000003
0.010443725295366307,0.004299456758495103,0.0007678298032105813,0.09258782829400858,0.0018826465831962456,1.4345703125,-2.245389422344155,3.297504
0.016793261866849384,0.00916844152755365,0.012009498686129707,0.006551439327765307,0.008427084970070236,-0.5654296875,0.42127724432251146,0.637504
0.003957451139651677,0.0009050170177272124,0.0024307127375175755,0.00270987086546736,0.016593698286106105,3.4345703125,3.0879439109891775,1.337504
0.007877329543100426,0.028386454402132808,0.007317498656853017,0.0025141317194672676,0.0014343125289522664,-3.0654296875,-1.3565005334552662,2.037504
0.030064130683587063,0.0027458372923024007,0.009178444392196896,0.005880966009049698,0.03912536242320815,0.9345703125,1.3101661332114007,2.7375040000000004
0.0015633750401533872,0.00018671078327578294,0.016211172737484344,2.115719663800656e-05,0.0028907564276321337,-1.0654296875,3.976832799878067,3.437504
0.0036811794070728374,0.003134910749351026,0.0012495391440829405,0.01017215284028054,0.0023833191997144777,2.9345703125,-3.9792714525224815,0.105504
0.010972809128041994,0.018307308394299535,0.007949426591760868,0.005154967886632681,0.0031289097373917497,-2.0654296875,-1.312604785855815,0.805504
0.013415606162729361,0.0028508956218473635,0.005568848214005718,0.007564151511160632,0.02588482533931012,1.9345703125,1.3540618808108515,1.5055040000000002
0.009429361440788866,0.016965917548943825,0.002029267981526357,0.015890033152172394,0.0018724664342715006,-0.0654296875,-3.090382563633592,2.2055040000000004
0.003680830825212216,0.0005426455954917295,0.0005381386814109752,0.01360077729446946,0.00808102844061606,3.9345703125,-0.42371589696692613,2.905504
0.004393827058359033,0.004126156751283988,0.011199346540219684,0.0013835843517011244,0.0024795946862080816,-3.8779296875,2.24295076969974,0.245504
0.012613995557346862,0.012950337074298556,0.004117827552067949,0.014108088387479114,0.0041922910546779235,0.1220703125,-2.201493674744704,0.9455040000000001
0.017292074943811683,0.013250207389555931,0.021374834139927117,0.003744629910503211,0.004945244087389727,-1.8779296875,0.46517299192196315,1.6455040000000003
0.005484424846337571,0.0007482435602354423,0.0038358605912710286,0.0019517063679613598,0.034765426129865565,2.1220703125,3.1318396585886292,2.345504
0.0018118664356210606,0.024792072119816197,0.0009340821547197579,0.0012110701101152805,0.000175098619799683,-2.8779296875,-3.682975156226185,3.045504
0.013033923987264408,0.007287591288285853,0.004829736824236463,0.013397745511674925,0.007699445768220315,1.1220703125,-1.0163084895595187,0.385504
0.014817899756953424,0.006114754550458655,0.018721037472514697,0.0038791982754909295,0.009533660647804596,-0.8779296875,1.6503581771071483,1.0855040000000002
0.00480351748416472,0.0026166308949438126,0.0010171622305930768,0.02400486788470125,0.0031415079838753553,3.1220703125,-2.7940862673372964,1.7855039999999998
0.0072200430096400325,0.01631294418847896,0.01435584998019886,0.0012046781196144677,0.0012753304070580165,-3.3779296875,-0.12741960067062985,2.485504
0.011406140276053712,0.0007638116286490465,0.010651665848678998,0.0008929273265592208,0.03850300589395205,0.6220703125,2.539247065996036,3.185504
0.01061423815090697,0.01631276614958179,0.005814186015421445,0.007064297881559529,0.0033199606182065062,-1.3779296875,-1.9051973784484075,0.525504
0.010565204737647155,0.0027052492474102983,0.003742054259834212,0.009788253245254945,0.018644691536178933,2.6220703125,0.761469288218259,1.2255040000000001
0.004657222906917984,0.0021038397838402706,0.023291124394524503,0.0007159031721702129,0.003588879235071129,-2.3779296875,3.428135954884925,1.9255039999999999
0.005217280531733781,0.004617341120959866,0.0008088939711490775,0.03409994717538195,0.001478015913376567,1.6220703125,-3.386678859929889,2.6255040000000003
0.08049264370686557,0.01999759713104201,0.0061954684062516426,0.009493459134091395,0.0037195759469919403,-0.3779296875,-0.7200121932632224,3.325504
0.005216260779977964,0.001512318319632906,0.0026514635259951803,0.004724271534891264,0.013956822898039449,3.6220703125,1.946654473403444,0.665504
0.004485702201186724,0.017625290076627716,0.003791175528185679,0.0023113830647707376,0.0011057913469389787,-3.6279296875,-2.4977899710409996,1.365504
0.03754499575034883,0.008565429612938815,0.010178422011699426,0.01149628178465499,0.014293563609483579,0.3720703125,0.16887669562566643,2.065504
0.007174522549277687,0.001871733771929693,0.04938744733387909,0.0005219460640148063,0.0049656664202363384,-1.6279296875,2.8355433622923325,2.7655040000000004
0.007195469398085202,0.0011501775216674673,0.0004290035448846103,0.11313554439091356,0.0030241657802991314,2.3720703125,-1.6089010821521113,3.465504
0.008143568007033634,0.0073933830427087505,0.013025996738669344,0.0027798309188144924,0.003983998624353671,-2.6279296875,1.0577655845145557,0.133504
0.005618088595612992,0.001610966119975392,0.006008421274890875,0.0023292199229533617,0.013804346356011955,1.3720703125,3.724432251181222,0.833504
0.005772201442345121,0.013886073272572247,0.0018941732648299716,0.008635970183258223,0.001475951831375944,-0.6279296875,-3.880506020423716,1.5335040000000002
0.006585903396818701,0.0018215977225333685,0.0011702922149728057,0.025329790982900856,0.0070683440854326825,3.3720703125,-1.2138393537570495,2.233504
0.005747112685815696,0.004776299159218081,0.043930058483390634,0.00039320206770005937,0.0013277815497803112,-3.1279296875,1.4528273129096165,2.933504
0.0076411544143207685,0.007833641922668633,0.002702582429803965,0.01272770444705865,0.0034293025726080924,0.8720703125,-2.9916171315348272,0.273504
0.01780296097988138,0.01434798162272834,0.011608177704861056,0.006746603334461158,0.005874290649909389,-1.1279296875,-0.3249504648681607,0.9735040000000001
0.006404279159253807,0.0012556435277624744,0.003230105175654574,0.004080516169801769,0.02626979685152873,2.8720703125,2.341716201798506,1.673504
0.00990226974787172,0.04876473869448265,0.0046015045717362054,0.004268394864572064,0.0013636601095805797,-2.1279296875,-2.102728242645938,2.3735040000000005
0.023220817522198102,0.0016187226884867268,0.002879203985670515,0.011987118998752492,0.03921080587956775,1.8720703125,0.563938424020729,3.0735040000000002
0.007392726731041719,0.0028003739612839974,0.010519923928162563,0.0025832028715360436,0.00987708063703912,-0.1279296875,3.230605090687395,0.413504
0.0029601188855689644,0.001961645202849003,0.000818395261893413,0.012031720160377249,0.002213019257651286,3.8720703125,-3.58420972412742,1.1135040000000003
0.005810164078054955,0.01712392282808957,0.007954028809714606,0.0017496565260700996,0.0012977800822235313,-3.7529296875,-0.9175430574607533,1.8135039999999998
0.02503744460140522,0.0033116225757741508,0.017241798586462458,0.003815290128634912,0.024887017319164324,0.2470703125,1.7491236092059141,2.513504
0.006183213454894246,0.07897478563791797,0.0017359577363102534,0.0033363206611703826,0.00043346500856005085,-1.7529296875,-2.6953208352385305,3.213504
0.011043213783632114,0.004046626614399046,0.0040899763404768745,0.011847023003620888,0.01190668508240898,2.2470703125,-0.028654168571864425,0.553504
0.0061030246171866614,0.003841921785241427,0.02081690265321084,0.001369815485022908,0.003675910010134343,-2.7529296875,2.6380124980948016,1.253504
0.016455212069695135,0.008379287966440654,0.0028951355324820975,0.03195128441896598,0.005696588464368216,1.2470703125,-1.806431946349642,1.953504
0.04064572348523758,0.008477407627658307,0.028262981602644937,0.004094426257372463,0.009603473298428757,-0.7529296875,0.8602347203170249,2.6535040000000003
0.0008792321793040184,4.534293425649121e-05,0.00040473726850689235,0.00012842020038547839,0.022209220954874084,3.2470703125,3.526901386983691,3.353504
0.004181841948320398,0.01351477752027679,0.0030075646555326897,0.002928671025568905,0.001206646285875473,-3.2529296875,-3.287913427831123,0.693504
0.022652699978824863,0.009111049832814886,0.006361409056480877,0.016090424179531673,0.0100181560683111,0.7470703125,-0.621246761164457,1.393504
0.014699226151626773,0.0046855688157304,0.035210454966304275,0.0022052332159938222,0.008348547147629698,-1.2529296875,2.04541990550221,2.0935040000000003
0.005230567402774652,0.001982356354289692,0.000661645542627173,0.05377464681500057,0.0027007788953620454,2.7470703125,-2.3990245389422347,2.7935040000000004
0.014773327887498645,0.014311575432415133,0.02991532176786565,0.0005285671044917896,0.0010077517401406672,-2.2529296875,0.2676421277244314,3.493504
0.006506572038914441,0.0022194954839221083,0.005475958681327603,0.0034852985451124564,0.012643814828856952,1.7470703125,2.9343087943910975,0.027104
0.014729922465277798,0.01356312492259057,0.005948763605893885,0.011230469185766635,0.005148794988816469,-0.2529296875,-1.5101356500533458,0.7271040000000001
0.005736783717757939,0.001384836272884489,0.0020971472430391072,0.006623236577801043,0.016154636218696897,3.7470703125,1.1565310166133207,1.4271040000000002
0.002268472528392938,0.0012961226929274706,0.014669331087467626,0.0002753340248738315,0.0015633069186307105,-3.5029296875,3.8231976832799868,2.1271039999999997
0.004540658252593916,0.008439943275692129,0.0007844785647861811,0.01688998245093654,0.0007780413214912345,0.4970703125,-3.7817405883249506,2.827104
0.011066420101534472,0.013398653601597832,0.007593670862435,0.006089446765646537,0.004061747034517116,-1.5029296875,-1.1150739216582841,0.16710400000000003
0.009000646700947287,0.0024373733184530457,0.004359380698074142,0.006530310521130105,0.018726802531657934,2.4970703125,1.5515927450083824,0.8671040000000001
0.006090313766877813,0.024548715495399283,0.0034217953828295854,0.003928915101607812,0.001310631135337816,-2.5029296875,-2.8928516994360614,1.567104
0.027072431138224825,0.0050776102166913235,0.0044955240495269085,0.021231580417579214,0.016516874803108043,1.4970703125,-0.22618503276939528,2.267104
0.013738911520251812,0.0017536360443585568,0.033291624788002884,0.0009448300164060916,0.013218275334262156,-0.5029296875,2.440481633897271,2.967104
0.00533429832344216,0.0028795595981398066,0.001737033190854833,0.012713513495826384,0.004865412126030382,3.4970703125,-2.003962810547173,0.307104
0.008664227187996226,0.009665896543960426,0.0158655324748469,0.0024090992787947733,0.0031446527648921773,-3.0029296875,0.662703856119494,1.0071040000000002
0.007357029975270123,0.0015627707345339617,0.008137054962263048,0.002237936160180038,0.020068020138209915,0.9970703125,3.32937052278616,1.7071040000000002
0.006181596102769223,0.023993893535455574,0.0016998169617255406,0.007608141809656006,0.000988201664714881,-1.0029296875,-3.485444292028654,2.4071039999999995
0.007195830838464155,0.0009782392627604118,0.00072051901965569,0.03441372426485872,0.008261450972948736,2.9970703125,-0.8187776253619878,3.1071039999999996
0.009039951808925098,0.005814666716667285,0.016110808160581358,0.0027044811208614215,0.005419927528573644,-2.0029296875,1.8478890413046791,0.447104
0.008083559383835431,0.005437607516281299,0.00202565975626807,0.021963315031738168,0.004196650662262927,1.9970703125,-2.5965554031397655,1.1471040000000001
0.03358307798280077,0.010630209773314182,0.011603874328993015,0.010234321468536204,0.01131046127920016,-0.0029296875,0.07011126352690145,1.8471039999999996
0.002248691524455702,0.00028402686356671433,0.0009111959408079701,0.0016204339300852782,0.01905959193579599,3.9970703125,2.7367779301935666,2.547104
0.0019247552661545108,0.021588390583768022,0.0024711613660887985,0.0003551878327692317,0.0001640832583957174,-3.9970703125,-1.7076665142508767,3.2471039999999998
0.015863745607713618,0.00661335900895113,0.011255673229173278,0.006366912166290779,0.011150411666274397,0.0029296875,0.9590001524157898,0.5871040000000001
0.005133313342587429,0.0023654658447652163,0.01714912288236533,0.0011615712263597685,0.004694588952312349,-1.9970703125,3.625666819082456,1.287104
0.006097277276319863,0.004600659364599907,0.0011850343656105823,0.02902479530680328,0.002514115289775593,2.0029296875,-3.189147995732358,1.9871039999999998
0.009030156148191162,0.025900715186513077,0.012370359056717961,0.0014721801362221382,0.0012271364861785876,-2.9970703125,-0.5224813290656916,2.6871039999999997
0.013682921161458668,0.0005897113419169941,0.006526365531889417,0.0010459604803278926,0.06904331351704457,1.0029296875,2.144185337600975,3.387104
0.008943748617145144,0.012765149823549744,0.00467249723266206,0.00754966218352288,0.003262854755410099,-0.9970703125,-2.300259106843469,0.055104
0.008521591870297555,0.0027134254320479584,0.0031357161581512436,0.010055368184758953,0.0131760446434128,3.0029296875,0.3664075598231973,0.7551040000000001
0.003877213669553748,0.002762939190207786,0.016830427223515174,0.0007794871042819254,0.002327852986504414,-3.4970703125,3.0330742264898634,1.4551040000000002
0.02626865827681218,0.013252097704148988,0.0044387394795383514,0.02415673117180678,0.006062043888336431,0.5029296875,-1.4113702179545804,2.1551039999999997
0.022912784430919233,0.006825045216868961,0.05484780701432387,0.001638156017009049,0.0054291899567507846,-1.4970703125,1.2552964487120866,2.855104
0.004091112331323353,0.0013228391388003977,0.0036536877153772154,0.0023567578624727778,0.010802933733574303,2.5029296875,3.9219631153787526,0.19510400000000003
0.004074685378427017,0.013423240390023275,0.002300556763547923,0.00366527597630845,0.0011367903279200496,-2.4970703125,-3.9463496418228927,0.8951040000000001
0.01678841937139053,0.006939928352379529,0.0035718791874368976,0.025287528085846646,0.008162418462537685,1.5029296875,-1.2796829751562266,1.595104
0.027967963162058504,0.005899226524955946,0.025920246211894035,0.00399745225558608,0.013412181687237667,-0.4970703125,1.3869836915104399,2.295104
0.0018365788648608368,0.0007575181478821033,0.0002440796585412129,0.02667170059820547,0.0010947468084396225,3.5029296875,-3.057460752934004,2.995104
0.005921490435112137,0.010033088959823909,0.008341118394287732,0.0023328205547968506,0.0021472398842769178,-3.7470703125,-0.3907940862673378,0.33510399999999996
0.012419437596288078,0.0036885034762311887,0.012439651080982769,0.003930675950796273,0.015152309544939584,0.2529296875,2.2758725803993283,1.0351040000000002
0.011159342101552032,0.031180945930840226,0.005083880743666245,0.006228436672399449,0.0021526625159690458,-1.7470703125,-2.168571864045115,1.7351040000000002
0.016402407346240974,0.0022731137648082426,0.0032207587763406226,0.013678772807434162,0.029022465042148938,2.2529296875,0.4980948026215515,2.435104
0.002325609584786111,0.0008404840242631382,0.04043709710080364,7.46299609064806e-05,0.001267200447671764,-2.7470703125,3.1647614692882176,3.1351039999999997
0.005846154353097702,0.006336540038384268,0.0019220548243905197,0.012692108241176572,0.002657029654706386,1.2529296875,-3.6500533455265964,0.475104
0.019113141646785792,0.016978217506389018,0.00852091950816096,0.009362809084658436,0.0054452361257743605,-0.7470703125,-0.9833866788599304,1.1751040000000001
0.006481154558049868,0.0011973080343826074,0.0024481014273099086,0.005464965324692733,0.025545861078462764,3.2529296875,1.6832799878067366,1.8751039999999997
0.003620032979412987,0.03200841923017966,0.0023528666135683427,0.0016464736565412748,0.0005151359809736653,-3.2470703125,-2.7611644566377076,2.5751039999999996
0.08076285992240514,0.0048595382538290394,0.0047084758508635985,0.01541449671820628,0.013588811504070923,0.7529296875,-0.09449778997104152,3.275104
0.008882799856543338,0.0041627861545314405,0.015945699304679626,0.0025871381999917247,0.007434061065408442,-1.2470703125,2.572168876695624,0.6151040000000001
0.007951463950059467,0.0036983162148775525,0.0018911658001794364,0.022810901220836847,0.005808851170642484,2.7529296875,-1.8722755677488192,1.315104
0.014696896849954498,0.011220950259107852,0.028842726761439258,0.0024987571696666036,0.003979425945686079,-2.2470703125,0.7943910989178473,2.0151039999999996
0.004378387725830177,0.00047340072468382967,0.0038591325788123777,0.0009361607568957662,0.03288691843843753,1.7529296875,3.4610577655845134,2.715104
0.0043656472421955686,0.016314721373922914,0.000599021812707247,0.01029888134056866,0.0003366535094575916,-0.2470703125,-3.3537570492303,3.415104
0.005664170421570941,0.0024787050324140553,0.002124125645442962,0.009745904783502601,0.007130037915274842,3.7529296875,-0.6870903825636341,0.08310400000000001
0.004697474694917987,0.0046001782680650544,0.01341940375900525,0.001302497340184674,0.0023408746258203896,-3.8720703125,1.9795762841030324,0.7831040000000001
0.012822365513355574,0.014733009972220728,0.0034042312799982626,0.0165760079971179,0.0035088000075547223,0.1279296875,-2.4648681603414113,1.4831040000000002
0.020960890248370924,0.01721487707807013,0.022868027691073704,0.003555927557030141,0.004182419607706624,-1.8720703125,0.20179850632525476,2.1831039999999997
0.005206947270474276,0.00045137052790552543,0.002923606122285584,0.0013823455551568765,0.05565949868467833,2.1279296875,2.868465172991921,2.883104
0.007088971425776939,0.013770526168193109,0.006299123838196085,0.003671917933264499,0.0023440693049821405,-2.8720703125,-1.575979271452523,0.22310399999999997
0.015550136334410238,0.00458647009869299,0.007968375149945387,0.007732558982932441,0.017090726309808252,1.1279296875,1.090687395214144,0.9231040000000001
0.005865159109756947,0.0018690066280173303,0.015555405616821607,0.0012652702316600646,0.007823929857277834,-0.8720703125,3.75735406188081,1.623104
0.0024555745206863077,0.001693475754661697,0.0004811651203416302,0.018590550425766194,0.0012682168839905019,3.1279296875,-3.8475842097241273,2.323104
0.0049588600602283525,0.03306669289841653,0.005684558239703708,0.000843411923164631,0.0004947003089878663,-3.3720703125,-1.1809175430574612,3.023104
0.012595360779885793,0.004647255633946946,0.009107448325003825,0.005757490707526997,0.013078115935110176,0.6279296875,1.4857491236092049,0.363104
0.00805403653265657,0.018769363925300507,0.0035562844366867526,0.007153573188322027,0.002119151280821909,-1.3720703125,-2.9586953208352385,1.0631040000000003
0.0120879523792182,0.0030482455939433366,0.002752857205322978,0.018607187718014097,0.01425589504807449,2.6279296875,-0.2920286541685724,1.7631039999999998
0.00731768740910545,0.003331022109591563,0.04763926747143069,0.0007471776644086631,0.0034398035229669566,-2.3720703125,2.374638012498094,2.4631039999999995
0.01149844733829843,0.004034468381216762,0.0009281080506395891,0.09226995243894608,0.002697995520393429,1.6279296875,-2.0698064319463496,3.1631039999999997
0.015845961601668058,0.008085070834599143,0.011458280511311406,0.006472372913339933,0.009088054541776996,-0.3720703125,0.5968602347203174,0.503104
0.003512667130690176,0.0008471385793969847,0.0022343450632530204,0.0024841238291313235,0.014256058781955107,3.6279296875,3.2635269013869834,1.2031040000000002
0.0027654774294024118,0.01579740516724026,0.0018964360407419541,0.0017589624218266255,0.0005484433181261971,-3.6220703125,-3.551287913427831,1.9031039999999997
0.044298684504846926,0.012805199023596574,0.0054499834165052385,0.021270030319309685,0.007486992048583009,0.3779296875,-0.8846212467611649,2.603104
0.013542736196617326,0.0028460810109433654,0.10408945023458843,0.000420547120074081,0.003682031805429667,-1.6220703125,1.7820454199055025,3.303104
0.006694727294535152,0.004535304538138586,0.001956407220381724,0.01684318228485097,0.004132429622205077,2.3779296875,-2.662399024538942,0.643104
0.011398111653377575,0.014698050908251088,0.015178559310046597,0.0031218421236201147,0.0032226935116362707,-2.6220703125,0.004267642127723903,1.343104
0.009844214695939293,0.00162332085133912,0.00731316412338085,0.00307512665822586,0.03231651147475173,1.3779296875,2.67093430879439,2.0431039999999996
0.024313131455859057,0.03577239507330588,0.00416530893991988,0.012513754885659827,0.0025382582388404048,-0.6220703125,-1.7735101356500538,2.7431039999999998
0.003403067593431224,0.00017924610728728966,0.0004276911755609394,0.004366204486199826,0.028415395529558084,3.3779296875,0.8931565310166132,3.443104
0.003941831960672835,0.0027141639972484244,0.010484844327896425,0.0012488133819874034,0.003087850603034248,-3.1220703125,3.5598231976832793,0.11110400000000001
0.0074744752480066425,0.008220970698268744,0.0022895143501574997,0.014711704559863974,0.0029612284618031667,0.8779296875,-3.2549916171315347,0.811104
0.021884079442805304,0.01888769333362626,0.011521257449633938,0.0074015202626908595,0.005360275364706842,-1.1220703125,-0.5883249504648687,1.5111040000000002
0.006669708021310028,0.0009830352323244261,0.0027080819464638884,0.004224482641806845,0.036067959238090586,2.8779296875,2.0783417162017983,2.2111039999999997
0.00754721859587451,0.073137773739115,0.002894450462916474,0.0031907979521475457,0.0006999645408087216,-2.1220703125,-2.366102728242646,2.911104
0.011235739032908766,0.00434932929597632,0.004952688356261481,0.00969770629944964,0.011936210934737389,1.8779296875,0.30056393842401974,0.251104
0.008999403310171168,0.00295021873938448,0.012838622678192368,0.002717065971998386,0.011881892989473217,-0.1220703125,2.967230605090686,0.9511040000000002
0.005013474156679098,0.0018140260725221665,0.0011670916452045372,0.017096162780924518,0.005659144661054037,3.8779296875,-1.4772138393537575,1.6511040000000001
0.004371315860235975,0.005707400140074116,0.01914924323629021,0.0006033751266061436,0.0012199750319619959,-3.9345703125,1.189452827312909,2.351104
0.003518257885420742,0.0003930190820592992,0.009985386745155379,0.00019772845919985773,0.011204248308570603,0.0654296875,3.856119493979575,3.051104
