RSS0,RSS1,RSS2,RSS3,RSS4,X,Y,Z
0.002773464907023322,0.00800732864915043,0.0022137712366932165,0.002143523791868554,0.0009520428958316551,-4.0,-4.0,0.0
0.0027791337077867494,0.00211554732739065,0.0009707993423488052,0.008115234214456937,0.0021602893187483755,4.0,-4.0,0.0
0.002740482690266009,0.002114678279813395,0.007735915774638466,0.0008922040019184765,0.002121385437883922,-4.0,4.0,0.0
0.002742339393350524,0.0009195549787943672,0.0020942247636635573,0.0020537278361273744,0.007923578806244108,4.0,4.0,0.0
0.0003275842708972471,0.007360694426011128,0.0002604931745428819,0.00018229967545993326,1.8229952257540675e-05,-4.0,-4.0,3.5
0.0002708249053695715,0.00012333605838029264,1.8775367897626137e-05,0.007723404110180837,0.00014105874232884922,4.0,-4.0,3.5
0.00024449263224413147,0.00011114540546071112,0.006798463330200633,5.361775658505628e-06,0.00013853423105280119,-4.0,4.0,3.5
0.00023338197964089597,1.0064098209886503e-05,9.247424671259738e-05,2.425189723340335e-05,0.00710583793829579,4.0,4.0,3.5
0.007069546325387103,0.01631815663936649,0.0033543187592487192,0.006522608954313837,0.002020100933358619,-1.474609375,-3.1537875323883555,0.7996800000000001
0.01206163739383362,0.0035567883875061196,0.0029537802019387344,0.018782139100500556,0.012375421092959946,2.525390625,-0.487120865721689,1.4996800000000001
0.007980997748230578,0.004242784138137749,0.040065727382186556,0.0010466565534820952,0.0035969630535592073,-2.474609375,2.179545800944978,2.1996800000000003
0.011380863704245025,0.005359233167051686,0.0011841192680451462,0.0679498945310947,0.002868788784288305,1.525390625,-2.2648986434994667,2.89968
0.01433848748043835,0.008354123587269443,0.01044760307109339,0.006444125208079673,0.008022150672977593,-0.474609375,0.4017680231672003,0.23968
0.004001329954562258,0.0010491114061045147,0.0025245657042590407,0.002887905008280785,0.014177248135944027,3.525390625,3.0684346898338664,0.93968
0.005550968049160897,0.01828251828933108,0.006381043994742134,0.001993138505909381,0.0012685052099653388,-3.724609375,-1.3760097546105778,1.63968
0.03132793295875024,0.004697637305171935,0.015581921992075268,0.005587649763628633,0.022233573294742095,0.275390625,1.2906569120560896,2.3396800000000004
0.002246567764234773,0.0005022334479918487,0.022064519253242265,8.46912280453335e-05,0.0026143085142817193,-1.724609375,3.9573235787227556,3.03968
0.0043918018861349925,0.004062984144846801,0.001418339788990007,0.011900614984768649,0.0024619459234509877,2.275390625,-3.9109891784788906,0.37968
0.00912484403133455,0.019355555772185198,0.008100779666749823,0.00371903278231305,0.002430684107072291,-2.724609375,-1.2443225118122236,1.0796800000000002
0.018245739701710135,0.003414828643972515,0.008107138466558065,0.006933468849355218,0.027956705016903626,1.275390625,1.4223441548544429,1.7796799999999997
0.009009172121754555,0.027320392820749124,0.0020944591851868545,0.010467830877306378,0.0013482896754146453,-0.724609375,-3.0221002895900018,2.47968
0.00565452524594993,0.0005996321563767418,0.0006032234618558629,0.019673326171957325,0.010931244933389546,3.275390625,-0.3554336229233348,3.17968
0.005519556995692659,0.004426560138444216,0.014404825576434086,0.0015938171454869827,0.00319368995758132,-3.224609375,2.3112330437433313,0.51968
0.013205019934141407,0.010356232030268137,0.003480726082102411,0.019484436903921064,0.004789207854199826,0.775390625,-2.133211400701113,1.21968
0.025535103427517393,0.012361392548642085,0.022463808517934666,0.00476792579885486,0.00703127238070354,-1.224609375,0.5334552659655545,1.9196799999999998
0.0034533807339498764,0.0003897859254301223,0.0019884026182383505,0.0013361150859113238,0.033028312928598855,2.775390625,3.2001219326322206,2.6196800000000002
0.0019359666745553733,0.03364704242047399,0.0007400120595737997,0.0015200069510766874,0.00013691702872302194,-2.224609375,-3.6146928821825943,3.31968
0.012359554465417241,0.005703901382099556,0.003963878259205219,0.015665075803661343,0.008727625833275934,1.775390625,-0.9480262155159274,0.65968
0.0171567924284925,0.005192733419633509,0.01684689220568807,0.004450423954661466,0.013763241170591604,-0.224609375,1.7186404511507396,1.35968
0.00335082085332238,0.0015621925759515124,0.0006781518388058139,0.02006471596329383,0.002646616857257336,3.775390625,-2.7258039932937055,2.05968
0.004510756245766101,0.012059736039950822,0.01154800920418572,0.0006082103413796681,0.0007209084561013567,-3.849609375,-0.05913732662703852,2.7596800000000004
0.009745043556940176,0.0005152900842969151,0.015451215451891034,0.00028345103557133174,0.02239699664673949,0.150390625,2.607529340039627,3.45968
0.008809666747347669,0.014137297931612263,0.005879841754983748,0.00556967559594039,0.0030124813943478933,-1.849609375,-1.8369151044048162,0.12768000000000002
0.011632519522669587,0.0034153040078605396,0.004842122943943254,0.009166216920721336,0.0167434183406986,2.150390625,0.8297515622618503,0.8276800000000001
0.004089549595367896,0.0022801740136996584,0.017870994994820925,0.0007876799536478711,0.0030139344657624085,-2.849609375,3.4964182289285164,1.5276800000000001
0.0069973175909547065,0.007343942565368717,0.001291828057434428,0.026525010190642153,0.0019776855715880693,1.150390625,-3.3183965858862976,2.2276800000000003
0.05008917002149722,0.027485156050287066,0.010031169456018221,0.007387699684463226,0.003989975042525376,-0.849609375,-0.6517299192196311,2.92768
0.005929398038485809,0.001883161319670709,0.0033414765988470474,0.00483215886068522,0.013449399932370442,3.150390625,2.0149367474470354,0.26768000000000003
0.005228258114297459,0.016745486183657853,0.004276788150222989,0.0028689243325746507,0.0013960058102067076,-3.349609375,-2.429507696997409,0.96768
0.0279115739929745,0.007387752815833165,0.008952047454430885,0.011690656972033064,0.015117588310667996,0.650390625,0.23715896966925776,1.6676799999999998
0.008354531567401766,0.002348445096370329,0.03495529538141009,0.0009917734093947306,0.0069082606319748,-1.349609375,2.903825636335924,2.3676800000000005
0.007701495399599012,0.0015987631171887318,0.0007310417613963081,0.06615053851683321,0.00471306665562087,2.650390625,-1.54061880810852,3.06768
0.00936986240079889,0.007680143477045389,0.014963600640437405,0.0029586463761683388,0.00451274468288401,-2.349609375,1.126047858558147,0.40768
0.005189746628539921,0.0013474336640849555,0.00528649241707366,0.002163166411114601,0.015167195852411353,1.650390625,3.792714525224813,1.1076800000000002
0.006003308732591181,0.01370291759313941,0.0017147499555835086,0.010250362160655663,0.0014399968630545235,-0.349609375,-3.812223746380125,1.8076799999999997
0.005087442220085523,0.001207961851997041,0.0008288789309182032,0.02293646238323662,0.006370843617107696,3.650390625,-1.1455570797134582,2.50768
0.00296243471324611,0.002959960907520997,0.03188180682121179,0.00013446062384640106,0.0006034130485236374,-3.599609375,1.5211095869532079,3.20768
0.008567954642583685,0.009874983643320592,0.002983287546906408,0.012703427548178839,0.0033045975657225216,0.400390625,-2.9233348574912363,0.5476800000000001
0.017272099806185437,0.016354291841033403,0.013515640246278306,0.0054279638656519495,0.004907172772804944,-1.599609375,-0.2566681908245694,1.24768
0.007606831148649176,0.0012822460808782307,0.003982010538589978,0.0038613219766877984,0.033705435942317064,2.400390625,2.409998475842097,1.9476799999999999
0.007418136549609257,0.054454710935987555,0.004175705446865355,0.002621057728710898,0.0008734856058325651,-2.599609375,-2.0344459686023475,2.6476800000000003
0.03724121338067678,0.001551578868843397,0.003455470874489465,0.009120716151394124,0.039587754521741625,1.400390625,0.6322206980643204,3.34768
0.007303623105911295,0.002820092712222972,0.012695706113000096,0.0022409020426329826,0.008850799356293525,-0.599609375,3.2988873647309864,0.6876800000000001
0.0034539798743283387,0.002324416315656831,0.0008711979592805467,0.015424393840070036,0.0022895775025104986,3.400390625,-3.515927450083829,1.38768
0.008592349336695873,0.024259681274096827,0.00993971930837781,0.0022618795839850574,0.0016063709437082793,-3.099609375,-0.8492607834171619,2.08768
0.021357713331149185,0.001919248479000631,0.009881012898847397,0.0036882381114428284,0.04471063692072934,0.900390625,1.8174058832495055,2.7876800000000004
0.007416498384127655,0.06597640175958032,0.001230453037682783,0.005056038570213385,0.0003651366928815532,-1.099609375,-2.62703856119494,3.48768
0.007780349230908205,0.0031494573105287104,0.0032439945095957792,0.009417803962083842,0.009839032438190988,2.900390625,0.039628105471726904,0.02128
0.0071108916457188545,0.003983749782210498,0.017220686633307353,0.0019263061775400686,0.0051260365785702365,-2.099609375,2.706294772138393,0.72128
0.011916577826512493,0.005784924763031165,0.0026768517143884456,0.025692448509209355,0.006474813033585086,1.900390625,-1.7381496723060508,1.42128
0.033518683127683205,0.00707244206184572,0.01740260704935549,0.006328569132907167,0.015276128649791932,-0.099609375,0.9285169943606162,2.12128
0.001197816406436164,0.00012371346956592535,0.0005885637645312876,0.0005094709254830369,0.014227453189134757,3.900390625,3.5951836610272823,2.8212800000000002
0.003488248129297778,0.009952768373482268,0.0029625188622179025,0.0023531237098175384,0.0011491819373689633,-3.912109375,-3.2196311537875326,0.16128
0.018953248203490664,0.010730568416013093,0.007920508928130832,0.011065589775223589,0.008108434678115155,0.087890625,-0.5529644871208657,0.86128
0.010439212252808186,0.0051559447804783685,0.028115783127260253,0.002064536644788435,0.005747069088592229,-1.912109375,2.1137021795458013,1.56128
0.009071458084658807,0.0044886968018070855,0.0014266677703286229,0.0437900959060862,0.00395693792163569,2.087890625,-2.330742264898644,2.26128
0.009175561324483938,0.01361906333184478,0.025409444749414138,0.0008150303198937443,0.001270384992963539,-2.912109375,0.33592440176802274,2.9612800000000004
0.007386845339501179,0.002463192772633473,0.00717338449069726,0.0032829185999261328,0.0130796784400697,1.087890625,3.002591068434689,0.30128
0.015363780263658394,0.017903235081289607,0.007007320639028581,0.009016605891261891,0.004374325836144812,-0.912109375,-1.4418533760097545,1.0012800000000002
0.008005815032820439,0.0016528020793637698,0.0027830570493618295,0.0074341639595294565,0.023229167063336203,3.087890625,1.224813290656912,1.7012800000000001
0.0019372409278099335,0.0010144325706153343,0.015147615101973794,0.0001796305805653739,0.001351434043035482,-3.412109375,3.891479957323578,2.40128
0.00394229517488343,0.007221368403138068,0.0005775190031810049,0.018325061187379466,0.0005696220293470401,0.587890625,-3.7134583142813598,3.10128
0.012463564990609253,0.01462215234751517,0.008128429452544661,0.006469181113705655,0.004277013200493474,-1.412109375,-1.0467916476146928,0.44128
0.008904436842169022,0.0021838614511929294,0.004112943971983077,0.006376958069257742,0.021217594114210824,2.587890625,1.6198750190519737,1.14128
0.0063842885338579606,0.029196322449248087,0.0033457069762846507,0.0039524040969302005,0.00122228582763044,-2.412109375,-2.824569425392471,1.84128
0.028491499349950825,0.00423133836347949,0.003930348399876794,0.022073935686866393,0.018280638412760612,1.587890625,-0.15790275872580395,2.5412800000000004
0.011925201449945612,0.0011022609355700267,0.031451001059197334,0.0005019464703753959,0.013191954249001115,-0.412109375,2.508763907940862,3.24128
0.005324283496952205,0.0027043580611153407,0.0016289866308453345,0.013669836914085349,0.004989398597290256,3.587890625,-1.9356805365035816,0.58128
0.006374458994548375,0.008459048668915154,0.014688270579941768,0.0016646088141687057,0.0022008112694365226,-3.662109375,0.7309861301630853,1.28128
0.007581597310170063,0.0015577464173296255,0.011574324790616118,0.0016954165007398315,0.01661945480079974,0.337890625,3.3976527968297514,1.9812800000000002
0.004925845448562551,0.03353221451348868,0.0015823015988160694,0.004446715924886991,0.0006180886431613381,-1.662109375,-3.4171620179850635,2.68128
0.012485597863239594,0.001166002230129435,0.0008056304449531267,0.04842236448411166,0.008861567465345192,2.337890625,-0.7504953513183965,3.3812800000000003
0.006846328750449467,0.005317140340577776,0.013257340280722382,0.0022456459697215046,0.0040670506447476225,-2.662109375,1.9161713153482705,0.049280000000000004
0.009210659127896165,0.007312840109690197,0.0027157962106402235,0.01742533241339329,0.004294161786430777,1.337890625,-2.5282731290961746,0.7492800000000001
0.02489215620020312,0.012306050031643883,0.014138363440688322,0.007373399220131084,0.008364446382776823,-0.662109375,0.13839353757049278,1.4492800000000001
0.003885655699452026,0.0006053080463125392,0.001959283585325998,0.0024660895198635,0.02510314542973122,3.337890625,2.805060204237158,2.14928
0.005533432064025639,0.043158083062134346,0.004610378362739802,0.0013540223050917395,0.0005977614640816489,-3.162109375,-1.6393842402072853,2.8492800000000003
0.01262588564612808,0.0050303140776208136,0.007863662663964729,0.006867531649020141,0.012192033283892142,0.837890625,1.0272824264593812,0.18928
0.005865204783496493,0.002415893788353028,0.01357590219524139,0.001632355335711418,0.006725202523139776,-1.162109375,3.6939490931260472,0.8892800000000001
0.0048677728048809816,0.003137834502517716,0.0011013755292043081,0.021924173847186045,0.0028464051517301577,2.837890625,-3.1208657216887667,1.58928
0.017311178271559147,0.026763338624972564,0.015209211652280478,0.0034785448689802806,0.002765004430360279,-2.162109375,-0.45419905502210023,2.28928
0.009449591480677843,0.0006893720518143723,0.003837317253885696,0.0023390441484157976,0.08026488377373842,1.837890625,2.2124676116445663,2.9892800000000004
0.010501959887233188,0.011778880471912887,0.004352709184564193,0.010635188342863632,0.0039792195990608886,-0.162109375,-2.2319768327998784,0.32928
0.005939661278291438,0.00177603560958012,0.002074865330730456,0.008569697957288472,0.011775959076009493,3.837890625,0.4346898338667886,1.0292800000000002
0.003156686703588988,0.0023358591231491758,0.01594913601510671,0.0005389225083324834,0.0018094840170471828,-3.787109375,3.1013565005334547,1.7292800000000002
0.03209352360244159,0.01642477649812818,0.004754526336912201,0.021719684742924947,0.005446210118438303,0.212890625,-1.343087943910989,2.4292800000000003
0.017517876319172912,0.005639643479004888,0.07613368991138744,0.0008228284160781921,0.0035312673743427866,-1.787109375,1.323578722755678,3.12928
0.004271598298784697,0.0013052851215741158,0.004028714737339419,0.002249123660255644,0.011722184250374778,2.212890625,3.990245389422344,0.46928000000000003
0.0036090272853244445,0.013785972090217358,0.002089221288703106,0.003085062583225317,0.0009357640818815186,-2.787109375,-3.995122694711172,1.16928
0.020054218299043577,0.008239825182593375,0.0037194633881583606,0.02775521189782868,0.007667302480432597,1.212890625,-1.3284560280445055,1.86928
0.029595171869437265,0.006125485667323596,0.03392622781344399,0.003134830422570068,0.010664153269259789,-0.787109375,1.3382106386221615,2.56928
0.00153980888977082,0.0006211017696912799,0.00015811603676081225,0.03379923500883061,0.0007467895814839217,3.212890625,-3.106233805822283,3.26928
0.0073737766633934845,0.012197379849739136,0.009552989578721763,0.0027560492899840784,0.0024643402957770432,-3.287109375,-0.4395671391556166,0.60928
0.012961650390929202,0.0032193892275257756,0.010751276852946957,0.004255219594864074,0.01972669739906009,0.712890625,2.22709952751105,1.30928
0.01319906894208134,0.03383431064589118,0.004525982669326274,0.008149427316116287,0.002253801997684834,-1.287109375,-2.2173449169333947,2.00928
0.011427363553871408,0.001358289131909541,0.0019498684204107533,0.013135345425247372,0.027867426284320318,2.712890625,0.4493217497332731,2.7092800000000006
0.002260088094383273,0.0005471772393492553,0.05720711520713051,3.611079690374036e-05,0.0013113153388664013,-2.287109375,3.115988416399939,3.4092800000000003
0.005172655804501354,0.005120998152658899,0.0018148754510453396,0.011445990468095179,0.002734749686961697,1.712890625,-3.6988263984148757,0.07728
0.016807146264991687,0.01308310317855543,0.007255752960765315,0.010547547776926729,0.006103381633670859,-0.287109375,-1.0321597317482092,0.7772800000000001
0.00531303766496512,0.001207620899693394,0.0021520394394730475,0.005271317823659887,0.0178311536476997,3.712890625,1.6345069349184582,1.4772800000000001
0.0035643523016408475,0.023099538690294002,0.0026177614196490452,0.0017532360761166757,0.0006091799345995908,-3.537109375,-2.8099375095259873,2.17728
0.06772685095225785,0.00812104001511646,0.007200657224595235,0.014607346586070977,0.012432222372914475,0.462890625,-0.14327084285932035,2.8772800000000003
0.007924583396966129,0.004313824242569449,0.014056680839709446,0.0025328649773394838,0.006299112919778529,-1.537109375,2.5233958238073457,0.21728
0.008420546970120617,0.004435649537299788,0.0022750834500926452,0.019590376841438547,0.005781414498753617,2.462890625,-1.921048620637098,0.9172800000000001
0.011805483555242307,0.010867047095763385,0.02263317937474549,0.002527078273184671,0.003654800186205723,-2.537109375,0.7456180460295689,1.61728
0.005819333278193366,0.000853988793376272,0.005652559781863506,0.0015275198934694974,0.02758750637022709,1.462890625,3.412284712696235,2.3172800000000002
0.005611742480423417,0.021742500779362423,0.0010652202869056626,0.00941644137205948,0.0006140228613164967,-0.537109375,-3.4025301021185794,3.0172800000000004
0.0065133734516643884,0.0027387710435533208,0.002273299644424431,0.011373552648872177,0.007784287251683267,3.462890625,-0.7358634354519129,0.35728000000000004
0.006762721527248421,0.005380631202311496,0.0190497858106731,0.0016741133578688314,0.0033388097542401685,-3.037109375,1.930803231214754,1.0572800000000002
0.01187899290234718,0.009745455475119322,0.0024613711976799236,0.025732681328188244,0.0037390289332981303,0.962890625,-2.5136412132296906,1.75728
0.03860997269040397,0.01589704578856483,0.02024883759367202,0.005432176158670064,0.006410392286239834,-1.037109375,0.15302545343697638,2.45728
0.002495746798709191,0.00016643586456537582,0.0009806426501996395,0.0007817577283579673,0.04741047873996062,2.962890625,2.8196921201036425,3.15728
0.00960750549445653,0.0164504411387978,0.006705172196744211,0.005276024904841572,0.0029652967867541532,-2.037109375,-1.6247523243408017,0.49728000000000006
0.013285690267222079,0.003316110043097808,0.005399587772356363,0.008721403291944813,0.020772620832947817,1.962890625,1.0419143423258657,1.1972800000000001
0.006276726889080322,0.0014835096451020747,0.012327031248831694,0.0013461950426302037,0.012155345789532751,-0.037109375,3.7085810089925317,1.89728
0.0012950647811651999,0.0007403414848881876,0.0002455506156449428,0.012190617065932297,0.0008219364340046982,3.962890625,-3.8963572626124066,2.5972800000000005
0.002228647279449068,0.019696928806164363,0.003507169206799395,0.00030481312228066603,0.00018827960670311528,-3.943359375,-1.22969059594574,3.29728
0.014606851377925424,0.005496338596667094,0.011852576013207638,0.005404066055889135,0.012218058790579979,0.056640625,1.4369760707209265,0.63728
0.0069871660894526445,0.022120611209030475,0.003421308847006564,0.005369144408083458,0.0016386302288382566,-1.943359375,-3.0074683737235177,1.33728
0.017807545951172076,0.0039649500897973745,0.0033856578096408776,0.022332177276209758,0.01537382043077772,2.056640625,-0.3408017070568512,2.03728
0.004859594345563814,0.002711451967069096,0.04634930184065055,0.0003647517929947171,0.0018779846396766388,-2.943359375,2.3258649596098158,2.73728
0.013660091283191353,0.005767995676509136,0.0008270863577893282,0.07572691320707377,0.0016257401767913555,1.056640625,-2.118579484834629,3.4372800000000003
0.012788681264242197,0.00837638377867171,0.011237607677737045,0.005343403962976887,0.006937124809449309,-0.943359375,0.548087181832039,0.10528
0.004502701097594711,0.0012236420144882665,0.003134931581225127,0.0028980429667600457,0.014712303826459817,3.056640625,3.214753848498705,0.80528
0.003226965007491259,0.015039853996968187,0.0021754067878262703,0.0022181516402727725,0.0007450528871923206,-3.443359375,-3.6000609663161103,1.5052800000000002
0.033078443147767915,0.011575014340889892,0.005493780738046795,0.021767843984276482,0.008260371932831384,0.556640625,-0.9333942996494438,2.20528
0.017377303726790982,0.004298916567283775,0.06588345571834539,0.0011179298148821099,0.005874776569984681,-1.443359375,1.733272367017224,2.9052800000000003
0.006004063132080797,0.004171416707316726,0.0019457658556732995,0.013991667536816165,0.004018156251285681,2.556640625,-2.7111720774272214,0.24528
0.011339563995311677,0.013582491243616468,0.013498574391796947,0.0036005587076811192,0.0036386172362016635,-2.443359375,-0.04450541076055492,0.9452800000000001
0.009423940458009912,0.0018879452215644532,0.006764016954430691,0.0035795986583775467,0.02707920435573727,1.556640625,2.6221612559061116,1.64528
0.022226411099503848,0.02715610764380292,0.004524511858883626,0.014535505257988189,0.0033035511543533114,-0.443359375,-1.8222831885383326,2.3452800000000003
0.00435770187065572,0.00039398682220806853,0.0007425724365443765,0.006303006592464923,0.02382604626485118,3.556640625,0.8443834781283348,3.0452800000000004
0.0033936934136811186,0.0025584338748854754,0.010238088707878134,0.0010082019987243081,0.0024360968810382437,-3.693359375,3.511050144795001,0.38528000000000007
0.00790243803354935,0.010752200732804591,0.0024031470779199765,0.013606904992714237,0.0025945813328119276,0.306640625,-3.303764670019814,1.0852800000000002
0.01931642777890977,0.023676777397344004,0.012563663399020182,0.0054439969878813665,0.003931061947528796,-1.693359375,-0.6370980033531475,1.78528
0.009069835262624181,0.0010701106492704935,0.003570863136193716,0.004208581747517308,0.05147221076207348,2.306640625,2.02956866331352,2.4852800000000004
0.00424212894155886,0.07323305758131791,0.0021353612816463158,0.0014163548970605555,0.00031997595103620347,-2.693359375,-2.4148757811309256,3.18528
0.014291511451657319,0.005459881986586542,0.006220638226429378,0.010224830702820905,0.012382244331668889,1.306640625,0.25179088553574136,0.52528
0.009224902445497939,0.0031638148652327024,0.017075336064375023,0.002340755303143921,0.009984139732113493,-0.693359375,2.9184575522024074,1.2252800000000001
0.00659130544390761,0.002274866085388886,0.001317015251047426,0.02481654981675908,0.006192210918983153,3.306640625,-1.5259868922420363,1.92528
0.006870365460887114,0.007002507961010092,0.03274077962842268,0.0007196466403524532,0.0016442673680399514,-3.193359375,1.1406797744246306,2.62528
0.002458468297813906,0.000168356734745411,0.004492219391147641,8.688466850644516e-05,0.017768413240116576,0.806640625,3.8073464410912967,3.3252800000000002
0.005603481976070131,0.012660138618155025,0.002510199312242601,0.006493670216665747,0.0017370394891414605,-1.193359375,-3.797591830513641,0.66528
0.009332712134820585,0.0034211753047276978,0.002267514907965849,0.02077661668247282,0.008462262745595228,2.806640625,-1.1309251638469746,1.36528
0.012212596911927545,0.006858874292464092,0.0374205735476454,0.0018471555486571057,0.004441187910153342,-2.193359375,1.5357415028196924,2.06528
0.006452776928559488,0.004165082957157742,0.0008438536329942343,0.051223242842846656,0.0019126665944574875,1.806640625,-2.9087029416247523,2.7652800000000006
0.13245278863294135,0.010826802170109456,0.007521398760183182,0.007298320197372182,0.005423791015958853,-0.193359375,-0.24203627495808577,3.4652800000000004
0.004312708812204478,0.0014112122279651155,0.0025522726088381604,0.0037649541356994465,0.010967384237483502,3.806640625,2.4246303917085807,0.13328
0.004790648807700251,0.014062370808494809,0.004754246800238663,0.0023628657783832164,0.001367824473585128,-3.818359375,-2.019814052735864,0.83328
0.026065079411854163,0.007561089851718729,0.012400890859499948,0.00822123789913471,0.014258266591800578,0.181640625,0.646852613930804,1.5332800000000002
0.005646839077478489,0.0019691752772614166,0.029138659199716487,0.0007109040902739113,0.004765699646636983,-1.818359375,3.31351928059747,2.23328
0.0031674498303065186,0.0022973507889173426,0.00043066585305098835,0.036138039366131976,0.0009967947347749562,2.181640625,-3.501295534217345,2.9332800000000003
0.008089573186167364,0.012868237179567395,0.008334325874153734,0.0035656805478125123,0.002803535462859587,-2.818359375,-0.8346288675506783,0.27328
0.012710861360123586,0.0034428563219814773,0.008216686343001323,0.005541971059388606,0.01913408523102878,1.181640625,1.832037799115989,0.9732800000000001
0.011405758128710792,0.023113344230795488,0.003646355190100495,0.010452488379527636,0.002455982926774315,-0.818359375,-2.6124066453284565,1.67328
0.008513871634584277,0.0014912677327200208,0.0016509066633169493,0.015122907452461672,0.01686324895440398,3.181640625,0.054260021338211395,2.3732800000000003
0.002290750101707872,0.0012474763091637777,0.03574398954984734,9.602097436414142e-05,0.0009073378635248183,-3.318359375,2.7209266880048766,3.0732800000000005
0.012055931227896109,0.009134319199607936,0.004375952283507617,0.013600736980157358,0.005577911498148253,0.681640625,-1.7235177564395672,0.41328000000000004
0.016392973894832383,0.009090489789084407,0.018717749871353696,0.004326363508686747,0.007217993710094868,-1.318359375,0.9431489102270998,1.1132800000000003
0.003905408354629084,0.0007328046074676137,0.002957906769428617,0.0018816947485240574,0.020089437937068633,2.681640625,3.609815576893766,1.81328
0.004683708463678029,0.03591810508622669,0.0020162393381583936,0.003153577890988156,0.0006386744006770481,-2.318359375,-3.2049992379210486,2.51328
0.028585450315245387,0.0026991012503067673,0.0019143121124605242,0.03660148424491765,0.012239528680331402,1.681640625,-0.538332571254382,3.21328
0.011366233060875948,0.004491010048639627,0.013166430738152355,0.0038055990675955696,0.010756847330236888,-0.318359375,2.128334095412285,0.55328
0.004658104174309312,0.002302079839334304,0.0011879513436057181,0.016806881980803875,0.004060768236863296,3.681640625,-2.3161103490321597,1.25328
0.006789664444002098,0.011066477707144962,0.01595776425087275,0.0014060670929255722,0.0017469498847716843,-3.568359375,0.35055631763450723,1.9532800000000001
0.009004162335841743,0.0011553546858766846,0.012493760791872534,0.0012613142588373046,0.023842634193420597,0.431640625,3.0172229843011733,2.6532800000000005
0.01890674346448608,0.08991123706967108,0.0045926290063338935,0.003334040677509297,0.0009440680203263801,-1.568359375,-1.427221460143271,3.3532800000000003
0.009520634468562435,0.0027905168420594077,0.004433635375786652,0.007403183148155836,0.01678927001058536,2.431640625,1.2394452065233965,0.69328
0.003809218928381906,0.0019425102322112376,0.015110087752600145,0.0007912532942329811,0.0033091829316287203,-2.568359375,3.9061118731900626,1.39328
0.004482839077620534,0.005209977145476577,0.0009494901608739307,0.01922215432921765,0.0014508981679646818,1.431640625,-3.9622008840115837,2.09328
0.036052300723785784,0.0310618944391263,0.0057141062804418824,0.01199572042763169,0.003425149224462028,-0.568359375,-1.2955342173449171,2.79328
0.002466310292726235,0.00011013339148912269,0.0003678390672671631,0.0020610898434995444,0.036556272219077854,3.431640625,1.3711324493217498,3.4932800000000004
0.004620619503392428,0.011618911928261647,0.00345989358585519,0.003329981755815389,0.0015451081948692647,-3.068359375,-3.073311995122695,0.02688
0.01658609341297553,0.007435384049871952,0.006225314002550805,0.012685759690312085,0.010036960613392692,0.931640625,-0.4066453284560283,0.72688
0.012284471022335064,0.00453733163914174,0.02295561271293116,0.002702724047406272,0.00910291579487395,-1.068359375,2.260021338210638,1.4268800000000001
0.006378390917228191,0.0026824867558676003,0.0011319123400941225,0.03359646753476152,0.004239799132834181,2.931640625,-2.184423106233806,2.12688
0.019680894149093277,0.014184337374216451,0.03488872436005384,0.0017741791555336902,0.0029167076655016765,-2.068359375,0.48224356043286143,2.82688
0.005978038755091889,0.0019537927020052176,0.005063336941800677,0.0032191704550003277,0.012967923177111275,1.931640625,3.1489102270995275,0.16688000000000003
0.006582029725826481,0.010729401997571148,0.0022829822981545265,0.010402345352177758,0.002169634838647826,-0.068359375,-3.6659045877152874,0.8668800000000001
0.00530308670549977,0.001757113939661923,0.001320482857031694,0.014805206159631663,0.007075631576278875,3.931640625,-0.9992379210486209,1.56688
0.004144945567523616,0.004420384600184981,0.02116713416762715,0.0005628014713615984,0.001375802439751063,-3.880859375,1.6674287456180465,2.26688
0.010774421517969854,0.017347013277492742,0.0014383322508986097,0.021751790180121112,0.0013144670672474625,0.119140625,-2.7770156988263985,2.9668799999999997
0.011498619536879971,0.011619770240819149,0.011066182425873237,0.004614123072419377,0.004546890311251388,-1.880859375,-0.11034903215973202,0.30688000000000004
0.00770859966588138,0.001952178182821292,0.005124985046208201,0.0041150536344048095,0.02030507868597958,2.119140625,2.556317634506934,1.0068800000000002
0.007533556743569419,0.027398929208194575,0.005685002892206674,0.003208594528876804,0.0015488647421284321,-2.880859375,-1.8881268099375097,1.7068800000000002
0.03140419175660774,0.0040289299558619015,0.00760469348202745,0.009942841872589335,0.028908935930070195,1.119140625,0.7785398567291573,2.4068799999999997
0.004461951307584417,0.0006452205984586768,0.025782385197143678,0.00018840616449530592,0.006421344599702415,-0.880859375,3.4452065233958233,3.10688
0.004262267921453526,0.0031105398427720746,0.0013260626650479779,0.012640376778285318,0.0029320731491277036,3.119140625,-3.369608291418991,0.44687999999999994
0.007336986691206266,0.015108886676814905,0.009326688637746551,0.002533176394761915,0.0020478782197542005,-3.380859375,-0.7029416247523246,1.1468800000000001
0.01718775226361888,0.003326208453684779,0.0124085616330722,0.0044984092647114724,0.02424604185072999,0.619140625,1.9637250419143424,1.8468799999999996
0.010984128439723288,0.04688754234363797,0.003167777734035287,0.006910294567280845,0.0013765342479310212,-1.380859375,-2.4807194025301023,2.54688
0.010970036756322183,0.000794364254249381,0.0011024484636728965,0.015718594190874194,0.024518386286028065,2.619140625,0.1859472641365647,3.24688
0.006178670813505109,0.003724143340327432,0.01564798683171038,0.0017349987894291904,0.004463599485441546,-2.380859375,2.852613930803231,0.58688
0.01339463374288083,0.0066907808660780395,0.0032211045043697185,0.023149041732631555,0.006895646985842131,1.619140625,-1.5918305136412134,1.28688
0.028675565330655163,0.0072685600535526106,0.020314395525829376,0.005359473981097644,0.013188991381232331,-0.380859375,1.074836153025454,1.9868799999999998
0.001494862889690648,0.0001713176061226832,0.000840848451556445,0.0006152052257370936,0.015698985023153228,3.619140625,3.74150281969212,2.68688
0.0006035077788775152,0.012211120694350453,0.0004356072176563574,0.0003521436508465256,4.036474570140223e-05,-3.630859375,-3.8634354519128182,3.38688
0.012244403229896856,0.008985977736909337,0.0054724782932971255,0.01068919438148271,0.006175196210578312,0.369140625,-1.1967687852461517,0.05488
0.011870452832753689,0.007022730131387864,0.017950954218811533,0.003340559940223057,0.0064201678565871945,-1.630859375,1.4698978814205148,0.75488
0.00621102520219755,0.004222778231749163,0.0014293894619022939,0.023241715788563242,0.003277565704561651,2.369140625,-2.9745465630239294,1.4548800000000002
0.012578963669654978,0.02188722986799653,0.015566734692265083,0.0026407895147956854,0.002350398954429055,-2.630859375,-0.30787989635726287,2.15488
0.011329919115939861,0.0009743196356625535,0.006274557314405202,0.002264521721408371,0.05947416271719047,1.369140625,2.358786770309404,2.8548799999999996
0.010260982011806504,0.012661352992294882,0.004906787009893115,0.008832454056888534,0.0038009578608516033,-0.630859375,-2.0856576741350406,0.19488000000000003
0.0072782548310439035,0.0021801065266017477,0.0026835496961996694,0.00889241359578877,0.013507189592688828,3.369140625,0.5810089925316273,0.8948800000000001
0.004046395438890938,0.0024886672559865973,0.018683417048593505,0.0007508672523154558,0.0026527166072022428,-3.130859375,3.2476756591982934,1.59488
0.00618171874041708,0.008081757206260847,0.0011913663992063632,0.02156621404467983,0.0015628647222245132,0.869140625,-3.567139155616522,2.29488
0.037797298078315264,0.03937241764858522,0.008641914835735348,0.0061648649603472635,0.002732383266329465,-1.130859375,-0.9004724889498554,2.99488
0.006925265418649781,0.0021789957082214845,0.0037551258932056507,0.005517527405225949,0.014394263685871368,2.869140625,1.7661941777168124,0.33488
0.007422976004864721,0.02047897029043065,0.004194396351422336,0.005086694068236906,0.001899832744111396,-2.130859375,-2.678250266727633,1.0348800000000002
0.01839732875190137,0.0043388527070924105,0.004429484615026195,0.016672065053244554,0.017246927021827035,1.869140625,-0.011583600060966592,1.7348800000000002
0.012503378915734685,0.0021287501876401304,0.020696714094118482,0.0018040882625546776,0.01739914854026112,-0.130859375,2.6550830666057,2.4348799999999997
0.002233031007193061,0.0004729719677678334,0.0002544668751284983,0.025037218206385412,0.0023868260077708025,3.869140625,-1.7893613778387443,3.13488
0.005775146867160188,0.007099370618827488,0.01155522815637703,0.0018681814163380738,0.0024490967234017313,-3.755859375,0.8773052888279231,0.47487999999999997
0.007014044948579223,0.0020303678687999495,0.010325697569875366,0.0021243642600724533,0.012531374968147553,0.244140625,3.543971955494589,1.1748800000000001
0.006380370706855708,0.025767793240921252,0.0025760516656979167,0.005447357575572071,0.0012440838684398652,-1.755859375,-3.2708428593202257,1.8748799999999997
0.016442855048916002,0.0029715799638717656,0.0021771206113550693,0.03194298214095156,0.013208212870814962,2.244140625,-0.6041761926535592,2.57488
0.00442062592733103,0.00204181024192984,0.08049130594367689,0.00014109862170435535,0.001202950820471925,-2.755859375,2.0624904740131083,3.27488
0.009605566283105804,0.007552225829775484,0.002979892058982809,0.016394288471054726,0.004552368015987565,1.244140625,-2.381953970431337,0.61488
0.022629066970506678,0.011524506493372697,0.014759325380120784,0.006712940274653775,0.008284844875630516,-0.755859375,0.2847126962353297,1.31488
0.003979715984835334,0.0006665466560780295,0.0021903229438974717,0.0024320305731848073,0.02373417554011014,3.244140625,2.9513793629019958,2.01488
0.005770611582593116,0.036582800051771655,0.0053665796228711225,0.001415931588553135,0.0007057451011032826,-3.255859375,-1.493065081542448,2.71488
0.04490750839178519,0.0015501166599921007,0.007678666599418127,0.003352563454866487,0.03930201458567436,0.744140625,1.173601585124219,3.41488
0.005166138491183966,0.002511991903354592,0.010276894210132358,0.001754912419755671,0.005808697610991171,-1.255859375,3.840268251790885,0.08288
0.004128462170752482,0.0033748293342395082,0.0011998377720316726,0.01357775292220312,0.002446767115846232,2.744140625,-3.764670019814053,0.78288
0.012444766256461728,0.02403863995022724,0.009439282559931421,0.00446794927459923,0.0027996233012598623,-2.255859375,-1.0980033531473863,1.4828800000000002
0.015449241387732722,0.0022238770808163735,0.005828157687049207,0.006328572469864912,0.039935785667752424,1.744140625,1.5686633135192807,2.18288
0.009941483143895096,0.023170916322975597,0.0016037848339139698,0.015178675625766067,0.00119168870140681,-0.255859375,-2.875781130925164,2.88288
0.005892044272029762,0.0023373399711758345,0.002254772899672929,0.009140966002838181,0.008414116695121248,3.744140625,-0.20911446425849745,0.22288
0.004838688891972511,0.00395201226968889,0.01541026863465742,0.0012457813462812635,0.0026878841159874425,-3.505859375,2.457552202408169,0.9228800000000001
0.016399213372800935,0.01288458653243425,0.0037781997615206316,0.02085027177598526,0.004719849483828031,0.494140625,-1.9868922420362751,1.62288
0.025354263836532612,0.012046471608263316,0.03033213659127313,0.003444554937831855,0.005756681246450434,-1.505859375,0.6797744246303923,2.32288
0.0026489071396080493,0.0002103330164423337,0.0015934958627555256,0.0005989174947058737,0.03840604677270232,2.494140625,3.3464410912970584,3.02288
0.0048418265644174325,0.012927589668574737,0.003029885347382503,0.003998671018486779,0.0015140521210971207,-2.505859375,-3.4683737235177565,0.36288000000000004
0.015731830706283163,0.006474972522588255,0.0045085275175107626,0.01747257361558511,0.009807888252797266,1.494140625,-0.80170705685109,1.0628800000000003
0.017905006944319714,0.004909844862200995,0.02225310185797501,0.003592956217630419,0.013074056112275483,-0.505859375,1.8649596098155774,1.76288
0.003533991417607087,0.0014474099935247102,0.0005883697345686885,0.02791303619356291,0.002548074563011325,3.494140625,-2.5794848346288677,2.4628799999999997
0.0077903444086949375,0.015791439770584954,0.01941262128954819,0.0005987441416559309,0.0008384860285902096,-3.005859375,0.08718183203779972,3.16288
0.008464846864448025,0.0026983584012759804,0.00790772832713671,0.003595842589652789,0.014411465065537294,0.994140625,2.753848498704465,0.50288
0.014903191053171153,0.02052294370662732,0.006366853763097708,0.00906621552465674,0.00380325222758449,-1.005859375,-1.6905959457399788,1.2028800000000002
0.008916179855780831,0.0017022200451522508,0.0026947513506736962,0.008746832174090844,0.024416579442368885,2.994140625,0.9760707209266881,1.9028799999999997
0.003636154008846237,0.001144278339252899,0.027252869318611796,0.000301363249827088,0.0033106041888081843,-2.005859375,3.642737387593354,2.60288
0.0031793721368409546,0.0019500167494366683,0.00030319665601910654,0.05804136524833883,0.0007675586005974208,1.994140625,-3.1720774272214602,3.30288
0.017252782967802048,0.01039793435494349,0.008009061811827778,0.010074969967591099,0.007793421560786256,-0.005859375,-0.5054107605547937,0.6428799999999999
0.004126793137445219,0.0009752309012515025,0.0019334109782657475,0.0038622563145497995,0.015278723473361677,3.994140625,2.1612559061118732,1.34288
0.003522935228426222,0.01873478206779438,0.003360089233895449,0.0014526404722328783,0.0006656820397525095,-3.994140625,-2.2831885383325714,2.04288
0.06267040102717414,0.008286493105063313,0.013616981906044018,0.008093532110548737,0.013446198434658475,0.005859375,0.38347812833409556,2.74288
0.0027773718997350398,0.000555646994306264,0.06603714235579049,4.239392937881032e-05,0.0017194920865421948,-1.994140625,3.0501447950007616,3.44288
0.009247413238327964,0.005184073678614149,0.0033145922053196574,0.01358254343483817,0.006726591229879972,2.005859375,-1.3942996494436826,0.11088
0.00776992237362447,0.007233982655384936,0.01656616472875328,0.0021584361553676403,0.0034069188789086417,-2.994140625,1.2723670172229848,0.81088
0.0052867645978798864,0.00126171851144265,0.00681126451839295,0.001704872768126286,0.01471947998745636,1.005859375,3.939033683889651,1.5108800000000002
0.004804352779985291,0.017590650062077107,0.0014556282219494604,0.006803432003259111,0.0008995875211571174,-0.994140625,-3.9292790733119953,2.21088
0.0069034931823046914,0.0013569153126686447,0.0007879593952744918,0.04244183911937412,0.006125650040458715,3.005859375,-1.2626124066453284,2.9108799999999997
0.005865645232830209,0.005997946774516023,0.012218734161986489,0.0019011131963549241,0.0028708178180618946,-3.494140625,1.4040542600213382,0.25088000000000005
0.008676950794817923,0.010173484320442957,0.0026481845308781067,0.014678643343661004,0.0030736036731125777,0.505859375,-3.0403901844231065,0.9508800000000002
0.020840214444221412,0.01954692712635865,0.013923743876086128,0.00577322521737209,0.0048006917555710495,-1.494140625,-0.3737235177564395,1.6508800000000001
0.007259423744558922,0.0009572259609231419,0.0032587734039396287,0.0036050395757849314,0.04372035453937571,2.505859375,2.2929431489102265,2.35088
0.006341292897001284,0.07852894476555505,0.0030289805588679906,0.002016105320061219,0.0005677358010577974,-2.494140625,-2.1515012955342177,3.0508800000000003
0.012776406372652436,0.004738602821002798,0.005951850567431141,0.00918061643776841,0.012918771704497414,1.505859375,0.5151653711324498,0.39088000000000006
0.008143242038537344,0.0027720582336624947,0.014429980316056957,0.0022417742221138392,0.010166672452424433,-0.494140625,3.181832037799116,1.0908800000000003
0.0028782487002606922,0.0018793380459977754,0.0006614971792010063,0.01591426987397111,0.0018534581407862066,3.505859375,-3.632982777015699,1.7908799999999996
0.0050126766058816935,0.020539509697853005,0.007123019913079352,0.0011202533495004855,0.0007975178216804424,-3.744140625,-0.9663161103490321,2.4908799999999998
0.029988006511029924,0.0018756889681989174,0.01651717900267671,0.0020412844642811725,0.02838610318364682,0.255859375,1.7003505563176349,3.19088
0.007532790809350888,0.01603658377555926,0.004127451034303135,0.0059292986784996275,0.0022700745713591006,-1.744140625,-2.74409388812681,0.5308799999999999
0.0132137831646842,0.003907362039034093,0.0038685065990814735,0.014862119332725146,0.014319847117578274,2.255859375,-0.07742722146014325,1.2308800000000002
0.006006109313821415,0.003450438754447819,0.029592884500967986,0.0009363617506066625,0.003230424877173358,-2.744140625,2.5892394452065224,1.9308799999999997
0.017819560995067273,0.0075820236628528145,0.002058249501720502,0.04959702580324472,0.004513665166567773,1.255859375,-1.855204999237921,2.63088
0.06050522246707306,0.006216587286420055,0.03069224451438103,0.002056035356367532,0.0071628557552014934,-0.744140625,0.8114616674287456,3.33088
0.0038855850982756983,0.001101553901495316,0.002819348511085805,0.002566740066133607,0.012663272696722945,3.255859375,3.4781283340954117,0.6708799999999999
0.003934293729681663,0.016788027765534598,0.002638514865757483,0.0026294486592271624,0.0009393066426321508,-3.244140625,-3.3366864807194023,1.37088
0.03174383097259598,0.009483316779463674,0.0058434657976566915,0.020457672838228826,0.01035363279888296,0.755859375,-0.6700198140527358,2.07088
0.01598678407763215,0.0036296259580003236,0.055095430254588074,0.0012477319240905302,0.0074352052749461035,-1.244140625,1.9966468526139307,2.77088
0.0026757694445190467,0.0007362670978865054,0.00018714494095279136,0.08497014617736334,0.0011041842372721798,2.755859375,-2.447797591830514,3.47088
0.0098280623087343,0.009951491677350297,0.011480486746032251,0.0037815758681213345,0.004186278073438735,-2.244140625,0.21886907483615303,0.13888000000000003
0.00737914705648506,0.0020079545233944985,0.0058661543644404806,0.003486710293223221,0.017701510090595746,1.755859375,2.885535741502819,0.8388800000000001
0.019734464675368518,0.017853162858602438,0.005812683997959557,0.013937408204674862,0.004929203014132153,-0.244140625,-1.5589087029416246,1.5388800000000002
0.005144472295793887,0.0008518302742385551,0.0014454370986629224,0.006384572045300589,0.02020282530756714,3.755859375,1.1077579637250423,2.23888
0.0009649801540184968,0.0005344060787785424,0.01242696905511507,3.956566838472815e-05,0.0005622386938820449,-3.869140625,3.7744246303917084,2.93888
0.005816861566170666,0.008539362969705677,0.0022569582819718806,0.009266072627329274,0.0022674524811208737,0.130859375,-3.83051364121323,0.2788800000000001
0.01266278536223608,0.01938125410938594,0.008641192719898905,0.005590945392553465,0.003452978665859498,-1.869140625,-1.163846974546563,0.9788800000000002
0.012153242946310561,0.002362045066724762,0.00494723182301842,0.007045269954693034,0.0291365991043962,2.130859375,1.5028196921201031,1.67888
0.004396391207919672,0.032899235228272164,0.002450491866084485,0.0024012997064823097,0.0006508101075424203,-2.869140625,-2.941624752324341,2.37888
0.05032398881003426,0.004563733352852494,0.0037319160495069086,0.022889291925479748,0.014415684437436481,1.130859375,-0.2749580856576741,3.07888
0.009581894365305163,0.0043442263172563484,0.01407689701512755,0.0030701571269837256,0.008448327738530806,-0.869140625,2.3917085810089924,0.41888000000000003
0.006365008171293965,0.003134617699097396,0.0016399278758395632,0.01914237377279542,0.005095817910475066,3.130859375,-2.0527358634354522,1.1188800000000003
0.007566208960538345,0.01012854774430849,0.018553312278033352,0.001585082128023904,0.0021490528776971917,-3.369140625,0.6139308032312156,1.8188799999999996
0.0073326843318349405,0.001029868487256761,0.009995714714227657,0.0012312126940313593,0.023022607316276096,0.630859375,3.2805974698978817,2.51888
0.003409682078433616,0.03228430149391338,0.0008823081410237462,0.0038229781016808186,0.00028090068517095567,-1.369140625,-3.534217344916933,3.21888
0.00914191506946515,0.0039000548279790022,0.002966111822121226,0.014440165220469498,0.008630719888337213,2.630859375,-0.8675506782502667,0.5588799999999999
0.009406025685102517,0.006102291356828302,0.0235440455785993,0.0021341459214461018,0.00457609780939879,-2.369140625,1.7991159884164007,1.25888
0.00932623908452845,0.006324506372930317,0.0017230199449118789,0.03306948490531449,0.003497767274334683,1.630859375,-2.645328456028045,1.9588799999999997
0.05850271623093646,0.013098732371934693,0.013940698499616272,0.0082641752886873,0.008806066276747673,-0.369140625,0.02133821063862218,2.65888
0.0011923338513120537,6.180762275529402e-05,0.00035341732569837617,0.0004216774736135962,0.028232307820960652,3.630859375,2.6880048773052883,3.35888
0.005476809822165803,0.014192494320611985,0.00550315352782914,0.0026238345354907145,0.0016391241077119004,-3.619140625,-1.7564395671391555,0.69888
0.022588518153818363,0.006294828914011853,0.011729675965324085,0.007632649354569556,0.01592823657039172,0.380859375,0.9102270995275115,1.3988800000000001
0.005261351190013329,0.0017689919759151427,0.023273420329537893,0.0007548282486858073,0.005231341867750203,-1.619140625,3.5768937661941775,2.09888
0.0038218056016555138,0.0023586005931841778,0.0005342495008603096,0.04071288681937269,0.001419021115927943,2.380859375,-3.2379210486206373,2.79888
0.00892047681429554,0.03670491422682619,0.009733885517935744,0.0005809958329823773,0.00048393809628081053,-2.619140625,-0.5712543819539704,3.49888
0.008769918123171572,0.0031514099566330393,0.00655908472188733,0.004755054304166314,0.013044173582136255,1.380859375,2.0954122847126966,0.00022400000000000002
0.010804939896614357,0.015060338817934917,0.004462105966576513,0.009900116329954254,0.0034162770479583015,-0.619140625,-2.3490321597317485,0.7002240000000001
0.007652948453503464,0.002022829893411826,0.0023297031516039436,0.01079072974198512,0.014438104607756441,3.380859375,0.317634506934918,1.4002240000000001
0.004071411570288134,0.002404976505700703,0.02504568071200449,0.0005435283728375868,0.002316123147136919,-3.119140625,2.984301173601584,2.1002240000000003
0.028546975358860614,0.009553107329255947,0.0027388434449699293,0.04036519995871276,0.005325000965735869,0.880859375,-1.4601432708428592,2.800224
0.011578947567180586,0.006904006633700161,0.01286942343744673,0.004250646972976948,0.0071302972297817135,-1.119140625,1.2065233958238073,0.14022400000000002
0.003742172916159084,0.0010201974291315498,0.003066774388074341,0.0021684509803592046,0.012771911382724708,2.880859375,3.8731900624904734,0.8402240000000001
0.004703510698540213,0.018615389565253243,0.002233031086996871,0.004265252706387748,0.0010726645545858435,-2.119140625,-3.731748209114464,1.540224
0.017787566075308847,0.0048695808756484,0.002673291038001884,0.03503063122021037,0.009552480377841345,1.880859375,-1.0650815424477975,2.2402240000000004
0.03185852964337844,0.003197796177458911,0.024099454884261663,0.002618639698784003,0.019160209485671067,-0.119140625,1.601585124218869,2.940224
0.0038729531266051883,0.0023978465205046935,0.001263455523481342,0.010950675704633142,0.003332088313253225,3.880859375,-2.8428593202255756,0.280224
0.005737200518361118,0.010481645439529343,0.009576367380699821,0.0018946629807209167,0.0018467356254982274,-3.931640625,-0.17619265355890867,0.9802240000000001
0.013088423212173033,0.0031072362992936144,0.015757183026770785,0.003097574625786604,0.016975673851152256,0.068359375,2.4904740131077574,1.6802240000000002
0.011868612923276033,0.048927894231455736,0.005108227490675244,0.004899276005860509,0.0016003770669871383,-1.931640625,-1.9539704313366864,2.380224
0.018301883385982327,0.001271342884632751,0.002507830739882157,0.01050383082014808,0.045412361548379555,2.068359375,0.7126962353299806,3.080224
0.004418445108899185,0.0029047758768730282,0.012405956453639908,0.0012998288552519507,0.0033637861166303934,-2.931640625,3.3793629019966467,0.420224
0.006905739120919082,0.007582765729269439,0.0019094588027120823,0.016322400078812593,0.00264590700904491,1.068359375,-3.435451912818168,1.120224
0.02581657180926236,0.021512109443039235,0.010441806919756153,0.00860917198752921,0.005264081690929594,-0.931640625,-0.7687852461515012,1.8202239999999998
0.005928135221544916,0.0007196091332070544,0.0019850453528592136,0.004125152136201055,0.03946809489638026,3.068359375,1.8978814205151657,2.5202240000000002
0.0021492866937784555,0.0369655886555589,0.0016131563212105314,0.0006725194859555269,0.00016931371028420023,-3.431640625,-2.5465630239292794,3.220224
0.016462499315777982,0.007299222363597918,0.00791156034209062,0.009606070925612884,0.010665815108579358,0.568359375,0.12010364273738805,0.560224
0.00867214241424901,0.003626692386874823,0.02104341230294445,0.0020149826822906678,0.007123708912415479,-1.431640625,2.7867703094040532,1.260224
0.009582540589340173,0.003573999685265025,0.0017440594604669524,0.03313495625402914,0.0064076482281863086,2.568359375,-1.65767413504039,1.960224
0.012704939473983046,0.00901925908194304,0.04370475283020188,0.0012485626287657072,0.0027801936846257964,-2.431640625,1.0089925316262764,2.6602240000000004
0.0020784067995565283,0.00011664046175668853,0.0021098417989082047,0.00010308846482200464,0.029530503311190434,1.568359375,3.6756591982929425,3.360224
0.00716855202662232,0.010491064790374831,0.003215191115613339,0.008458485546136527,0.0027455609715494158,-0.431640625,-3.1391556165218715,0.028224
0.00661000439571436,0.002442881217798735,0.002170112566965817,0.011636352196846875,0.00891476957199701,3.568359375,-0.47248894985520495,0.7282240000000001
0.004706399577704297,0.004142508616562211,0.017842672743743654,0.0010063588217373615,0.002242031951490416,-3.681640625,2.1941777168114616,1.4282240000000002
0.016311681698592248,0.015530512979828357,0.0030292280894711598,0.023071108583150875,0.0035070034707647565,0.318359375,-2.250266727632983,2.1282240000000003
0.027812812779399915,0.014938341557868171,0.03199205778072337,0.002471548066028276,0.0038398656122083734,-1.681640625,0.4163999390336839,2.828224
0.0056063281270354775,0.0018076312979082667,0.004399541156661331,0.003334607762503122,0.013015322302165318,2.318359375,3.08306660570035,0.168224
0.008786529655447732,0.018069931212883125,0.007542176792151439,0.0038915843065570445,0.002449468556752586,-2.681640625,-1.3613778387440938,0.8682240000000001
0.01752001071966643,0.0036920986918701692,0.007807941918069129,0.007475793746737611,0.024744751594794306,1.318359375,1.3052888279225732,1.568224
0.004668109114068025,0.0010979934977008478,0.01494269007773068,0.000661985667832822,0.00775008923657408,-0.681640625,3.9719554945892392,2.2682240000000005
0.001186177300485668,0.0007400623624723543,0.00018019522292855056,0.01597285950855405,0.0005583074984173079,3.318359375,-3.984148757811309,2.968224
0.006729764103094064,0.013216799540766221,0.00675725606353076,0.0031981656998292082,0.0022214308344776206,-3.181640625,-1.3174820911446425,0.30822399999999994
0.01601324737685169,0.004619506173606746,0.00951668885930109,0.0066359142479470315,0.01722576729959179,0.818359375,1.349184575522024,1.0082240000000002
0.008187301902975869,0.023157964243314275,0.0028859108930469842,0.007937941090423829,0.001739777233870695,-1.181640625,-3.0952598689224207,1.7082240000000002
0.010907190302372137,0.002100217117487008,0.00179787917728794,0.023486497944999848,0.013741886750544389,2.818359375,-0.4285932022557537,2.408224
0.007003282779060526,0.002247376193679167,0.08866645713171738,0.0003006176569996863,0.002573361362080243,-2.181640625,2.2380734644109124,3.108224
0.008676859851218905,0.005856892414705018,0.002734521251628434,0.016131682891921337,0.005041999601062173,1.818359375,-2.2063709800335314,0.44822400000000007
0.021916462504463736,0.008940055973575384,0.012509035570576114,0.007689689748802888,0.010761831551818517,-0.181640625,0.4602956866331356,1.1482240000000001
0.002964201139431651,0.0005512875297965377,0.001638893912927555,0.002120038204320657,0.016415368934515586,3.818359375,3.1269623532998017,1.8482239999999999
0.0017225647516634819,0.014634400214300668,0.0012148023958902477,0.0010167670470553228,0.00025473816124910094,-3.806640625,-3.687852461515013,2.5482240000000003
0.06228019257127944,0.013976304565790324,0.0037739728997423557,0.020162737372950688,0.004413917046550945,0.193359375,-1.0211857948483463,3.248224
0.010367594161918384,0.006452832308955533,0.016954955222999533,0.003024257387905657,0.005921569530754743,-1.806640625,1.6454808718183207,0.5882240000000001
0.007081234157416984,0.004806152062810435,0.0017029471222674102,0.022556845944656522,0.003718741416918489,2.193359375,-2.798963572626124,1.288224
0.011179487157770358,0.018180262053764336,0.016208230588987686,0.002447238228950433,0.002391298339787453,-2.806640625,-0.13229690595945742,1.988224
0.01097051106118015,0.0011414048552165013,0.007580350367239385,0.0022231334332375877,0.046259699427957934,1.193359375,2.534369760707208,2.6882240000000004
0.01965475740592389,0.05613376422805594,0.0024255039829914216,0.008246764670931392,0.0009743508606131189,-0.806640625,-1.910074683737235,3.388224
0.006857470497879969,0.0025039215065718666,0.0031447273843219145,0.0073866542568216354,0.011101912575640034,3.193359375,0.7565919829294314,0.05622400000000001
0.0038765409025210795,0.0026614642272638003,0.012768884631762852,0.0010346411432965476,0.0027805338563445616,-3.306640625,3.4232586495960975,0.7562240000000001
0.007528446195690618,0.009402900256934769,0.0019404324724433288,0.016879487779635504,0.002359590346430708,0.693359375,-3.3915561652187165,1.4562240000000002
0.02622182736998008,0.02700648684534193,0.01175089099470044,0.006671080986390856,0.004177265875253775,-1.306640625,-0.72488949855205,2.1562240000000004
0.0066219876869480256,0.0005824624530411925,0.002030079463697377,0.003432534062465,0.06049723344561259,2.693359375,1.9417771681146165,2.856224
0.006742976427545989,0.014311561389227581,0.004552278479327691,0.004659538089131619,0.0021830864135778724,-2.306640625,-2.502667276329828,0.196224
0.014766136687482076,0.004847859931292342,0.005332822682133233,0.01203332502461582,0.014082605872674585,1.693359375,0.16399939033683886,0.896224
0.010474969323061939,0.0028762403250118516,0.017243965379271038,0.0024320139205238293,0.01307033926709753,-0.306640625,2.830666057003505,1.596224
0.00471165315019901,0.001442536962960377,0.0008414998565921584,0.023673279912111437,0.004916122399895038,3.693359375,-1.6137783874409388,2.2962240000000005
0.00437757841778903,0.005580298132593422,0.026918526380072815,0.00031579813813767356,0.0008265635762437996,-3.556640625,1.0528882792257281,2.996224
0.00599130117869906,0.0021300886146864454,0.007895614947065237,0.002309336068628675,0.010132831542569146,0.443359375,3.719554945892394,0.33622399999999997
0.005129805695980172,0.014407166791659829,0.0023086824174546315,0.005582926017260611,0.0014121608715670392,-1.556640625,-3.8853833257125436,1.0362240000000003
0.011496125584419937,0.003938267558670766,0.002332221727726607,0.027201307553286817,0.008562788465380887,2.443359375,-1.2187166590458771,1.7362240000000002
0.010148316769495087,0.006640449537424025,0.04383010048878719,0.0011630948012099167,0.0030284767949927526,-2.556640625,1.447950007620789,2.436224
0.005797216463279723,0.004323604640027539,0.0006104828219279229,0.054406201122224496,0.0011473140713721326,1.443359375,-2.996494436823655,3.136224
0.015802723201654836,0.011042258547333303,0.009331290981380509,0.00785226234853984,0.006859518927956788,-0.556640625,-0.3298277701569883,0.4762240000000001
0.005100176543059754,0.0012433987790512167,0.0026502931123900714,0.0040198596218574524,0.017623815879885752,3.443359375,2.3368388965096782,1.1762240000000002
0.006354204862823087,0.028287951466171107,0.0047504504857649316,0.0027632573909479076,0.001250644642648425,-3.056640625,-2.1076055479347664,1.876224
0.040158274557859266,0.004624857174431814,0.00778001941345324,0.01099461303078783,0.0251547777996017,0.943359375,0.5590611187319015,2.5762240000000003
0.004518360774323368,0.0006041683000026452,0.03551828091415755,0.00012540880358168622,0.005277110956515006,-1.056640625,3.2257277853985675,3.276224
0.004172018645949116,0.003223329240666158,0.0012540234812735817,0.013108823701212326,0.0026644711226522003,2.943359375,-3.5890870294162474,0.616224
0.01356101706065125,0.02137214128854404,0.010238107839874633,0.0049121467554002745,0.0033024496570155356,-2.056640625,-0.9224203627495808,1.316224
0.012701341278189865,0.002034681198444759,0.005320920632684544,0.005832738936989597,0.03717779215111933,1.943359375,1.7442463039170866,2.0162240000000002
0.012170956947995087,0.02056699179281352,0.0019271264707035971,0.018925685687134937,0.0016991679507899224,-0.056640625,-2.700198140527359,2.7162240000000004
0.002119726358841261,0.0001663559643612481,0.00022235022621898304,0.008157623625352821,0.008069311146729296,3.943359375,-0.033531473860691996,3.416224
0.0039083529752239705,0.003514788917408111,0.010129445070831699,0.0012654853340973847,0.0024000894949798334,-3.962890625,2.633135192805974,0.08422400000000001
0.013806015183605172,0.012745030774099147,0.0049621152765426625,0.012931078294842881,0.004888739376949197,0.037109375,-1.8113092516384697,0.784224
0.014909272175879408,0.010430456016284638,0.02303426821441178,0.0032769649322251866,0.005150184530380033,-1.962890625,0.8553574150281973,1.4842240000000002
0.004690106953714188,0.0007280342380034796,0.0039409096095221014,0.0016284078180059188,0.02618694118325785,2.037109375,3.5220240816948634,2.1842240000000004
0.002610331716474224,0.03161416619270534,0.0013947622735170245,0.0014580098815237146,0.00028014853314272726,-2.962890625,-3.2927907331199515,2.884224
0.013102035482103744,0.0069464784717839035,0.005454169920907615,0.011587428162585274,0.008460906804181824,1.037109375,-0.6261240664532846,0.22422399999999998
0.012146692264902285,0.005137658308560997,0.017956618177058577,0.003298513125395001,0.009010834058785722,-0.962890625,2.0405426002133824,0.924224
0.005901955395563383,0.002957664262236753,0.0012859011848757793,0.024429818748880366,0.004101396909204213,3.037109375,-2.4039018442310622,1.6242240000000001
0.00696510508510665,0.01227707902549232,0.017155085297427056,0.001169208866660978,0.0014869178523651259,-3.462890625,0.26276482243560384,2.3242240000000005
0.00845863277058408,0.0007466158038247726,0.010979675103053702,0.0007741564791683243,0.028848360573158732,0.537109375,2.92943148910227,3.0242240000000002
0.010994167470782374,0.015083218290254677,0.00673377744307213,0.006566912000347024,0.0036769303571129236,-1.462890625,-1.5150129553421734,0.364224
0.009992960925756734,0.0025988106938108317,0.004129815869807875,0.008003540865831407,0.019283523872800905,2.537109375,1.1516537113244931,1.0642240000000003
0.0038372854053077064,0.0017804539383650569,0.017896689480197896,0.0006466559294839938,0.003289767522893686,-2.462890625,3.818320377991159,1.7642239999999998
0.004329487434648875,0.004640239130868993,0.0007801699016881835,0.02416721481698861,0.00126165742253558,1.537109375,-3.786617893613778,2.464224
0.050393761354530574,0.02824644435037446,0.005142005570080468,0.011353234640723927,0.003053950329928213,-0.462890625,-1.1199512269471117,3.164224
0.005771769217272948,0.0017787020408625539,0.002786050241206645,0.005596066284261882,0.013272038614606638,3.537109375,1.5467154397195548,0.504224
0.0038929407784468744,0.015198049532850848,0.003154534994829845,0.002252218152334563,0.0009932596739462914,-3.712890625,-2.89772900472489,1.2042240000000002
0.034085224086593514,0.010549034743102642,0.008990314474274038,0.01332549126250891,0.011163282351279832,0.287109375,-0.23106233805822285,1.904224
0.00958281353677013,0.002978103893462782,0.05323368339540544,0.000865412206712193,0.0052740566666890625,-1.712890625,2.4356043286084432,2.6042240000000003
0.00678143374327168,0.0017025661830885257,0.0005089950277773515,0.11064601903342602,0.00245907618395743,2.287109375,-2.0088401158360005,3.304224
0.00919579167550417,0.009385596818976962,0.014568875010959244,0.0028490581244139997,0.0036844986220050816,-2.712890625,0.6578265508306664,0.644224
0.006983222021158785,0.0016726757779380254,0.006962832511103371,0.0025573863883982468,0.018670617539089267,1.287109375,3.3244932174973325,1.344224
0.006907657156869375,0.019254833219041683,0.0019512868097972906,0.00944871811925246,0.0013851924537076272,-0.712890625,-3.4903215973174824,2.0442240000000003
0.006600476034471432,0.0012078887842030428,0.0009111300197786161,0.026418222889345366,0.008557500313442316,3.287109375,-0.8236549306508154,2.7442240000000004
0.002695820274739117,0.0017632451027116977,0.05548932733926193,6.13969423036715e-05,0.0005615593326581353,-3.212890625,1.8430117360158516,3.444224
0.008499394298852459,0.008106660779839141,0.0031801879964761326,0.012328100358830975,0.003962161886069446,0.787109375,-2.601432708428593,0.112224
0.016469700128500644,0.01212334447859386,0.01291762100640179,0.005856671175350258,0.006237778724678126,-1.212890625,0.06523395823807387,0.8122240000000001
0.005769921409373223,0.0012135253329664806,0.0034086740156626496,0.0034106561919759067,0.02324167211801503,2.787109375,2.731900624904739,1.5122240000000002
0.01143143909688191,0.04227124585707103,0.006283139190983117,0.004204213569387955,0.001733490352911536,-2.212890625,-1.7125438195397042,2.2122240000000004
0.02155790446856192,0.001688786003309554,0.003868044795173331,0.008648782219861895,0.04994322301150717,1.787109375,0.9541228471269623,2.912224
0.006176131787051013,0.002459722403960755,0.009492730895375336,0.0022257537363680603,0.008614486547512921,-0.212890625,3.6207895137936283,0.252224
0.003534998741342255,0.0022107449678974967,0.000994376462434816,0.01302145135173476,0.0027582389211717735,3.787109375,-3.1940253010211856,0.9522240000000001
0.005850876754961501,0.014002615723315407,0.009343153831721795,0.0016983354168897823,0.0014647918051934948,-3.837890625,-0.5273586343545191,1.652224
0.0183812460732907,0.0028863624972036753,0.017980806714193345,0.0030684597878414765,0.022580384468511516,0.162109375,2.1393080323121474,2.3522240000000005
0.008814955879371079,0.08429480958807335,0.0027435380920909583,0.0036984835282946075,0.0006975648909120782,-1.837890625,-2.3051364121322973,3.0522240000000003
0.010742602682637355,0.0038789567117945714,0.004506042618471564,0.009981054802789298,0.01268244641716713,2.162109375,0.3615302545343697,0.392224
0.005140041630568684,0.003199708449757395,0.01758209599649472,0.001225822738186233,0.0034707261314327695,-2.837890625,3.028196921201036,1.0922240000000003
0.0192228891552507,0.008586002652155275,0.003725221715566268,0.026853562680466923,0.0072450564245669265,1.162109375,-1.416247523243408,1.7922239999999998
0.029690894751444902,0.006782304321139407,0.032830951491068724,0.0033805711296523086,0.010175560012960605,-0.837890625,1.250419143423259,2.492224
0.0009130880760229605,6.179294935930663e-05,0.0005301312239617649,0.00014167959476054333,0.016957845959275436,3.162109375,3.917085810089925,3.192224
0.003305455449909213,0.010642926197632525,0.0022892293449071196,0.0026505925830367836,0.001007426177275343,-3.337890625,-3.9512269471117207,0.532224
0.018332461526256116,0.010492216414409485,0.005108589838886886,0.017568623750812626,0.0070913020498727395,0.662109375,-1.2845602804450542,1.232224
0.01895412042954352,0.007451670856912866,0.03083922885780868,0.0031566285361838463,0.0076866070236467875,-1.337890625,1.3821063862216123,1.932224
0.0040630731004629664,0.0022360547308226046,0.0006103062898780155,0.03853171984567286,0.0018393398248823655,2.662109375,-3.062338058222832,2.6322240000000003
0.014176344485637208,0.033027195656639335,0.01399642330096057,0.001037737610179532,0.0009371919822191786,-2.337890625,-0.3956713915561654,3.332224
0.009164274659479603,0.002633915567818826,0.006351220740374422,0.0046362780366088,0.017564619805044195,1.662109375,2.2709952751105007,0.672224
0.014183728200786769,0.017861187027692453,0.004431666933396634,0.013140929269485208,0.0036806239905859787,-0.337890625,-2.173449169333943,1.372224
0.006198820691111788,0.001219863307034065,0.0015841306972785595,0.009614758949269346,0.01634702976675259,3.662109375,0.4932174973327239,2.0722240000000003
0.0019875517733016204,0.0011651948526238253,0.021863731774466547,0.00012720636518111678,0.0009877883709050385,-3.587890625,3.15988416399939,2.7722240000000005
0.0028239857427078763,0.006558931735798946,0.0003167787073384895,0.014911923551052633,0.00026845421323986847,0.412109375,-3.6549306508154245,3.472224
0.010527690049745044,0.012461295917985463,0.00771852613551912,0.005709482851096345,0.004067417190598894,-1.587890625,-0.9882639841487579,0.005824
0.008748593962354653,0.0024828819374102164,0.004562920708168496,0.006122363340511502,0.017697473693876163,2.412109375,1.678402682517909,0.705824
0.0062440294999941415,0.02306348393410247,0.0037530201349043678,0.0038901233927803825,0.0014190285549449035,-2.587890625,-2.7660417619265356,1.405824
0.026725994747556252,0.005339305170285367,0.005149940726744196,0.018507536370314086,0.01716657712498378,1.412109375,-0.0993750952598691,2.105824
0.012392446471235417,0.0019053041406676206,0.032654752291046606,0.0010479836160531232,0.012326490614729952,-0.587890625,2.5672915714067965,2.8058240000000003
0.005547236543612061,0.0030052721212673688,0.0018821551958527285,0.012206081984777427,0.005102834006600959,3.412109375,-1.8771528730376468,0.145824
0.008045633689009702,0.008797001376603896,0.015151960068385928,0.0023237302998915404,0.003124332517932493,-3.087890625,0.7895137936290197,0.845824
0.006968090289466848,0.0016112950519117193,0.008191092981379284,0.0021827544905897145,0.017666233909808527,0.912109375,3.456180460295686,1.545824
0.00685881210418901,0.025140919118571383,0.00201416783548459,0.007665540528584223,0.0011736783053898454,-1.087890625,-3.358634354519128,2.2458240000000003
0.008677987878952109,0.0012732076936692203,0.0009842365462084369,0.031504063212924684,0.01017978885583777,2.912109375,-0.6919676878524617,2.9458240000000004
0.008275445235695405,0.0054219753343815735,0.01502276489909524,0.0025720963717653375,0.005178091624082923,-2.087890625,1.9746989788142049,0.285824
0.008524246658191787,0.005720523146314982,0.0022558035216270838,0.020561785989945517,0.0045037089188514345,1.912109375,-2.4697454656302393,0.985824
0.030263995261354128,0.010269794081254849,0.012400528524149785,0.009241406611108156,0.01124309213894165,-0.087890625,0.19692120103642718,1.6858240000000002
0.002487804850199095,0.000346655729654156,0.0011104413671389794,0.0017525388155247206,0.018994855294177333,3.912109375,2.8635878677030933,2.3858240000000004
0.0026318017064802437,0.023575377948096877,0.0032445458926973216,0.0005157217934883409,0.00026156161391608366,-3.900390625,-1.5808565767413505,3.085824
0.01452031821151616,0.00608294186263813,0.010631482729492587,0.00610970107199858,0.0111711730223502,0.099609375,1.0858100899253165,0.425824
0.0049882636485516,0.002312991205355389,0.015481777744564433,0.0012176907743801004,0.004832908014141664,-1.900390625,3.7524767565919825,1.125824
0.00426221893202373,0.003909132260783976,0.0009480192060156694,0.019769734945917137,0.0018175813334938774,2.099609375,-3.8524615150129553,1.8258240000000001
0.00869350535642904,0.03669969327368185,0.007859219386499796,0.002103097394323219,0.0011876573889577201,-2.900390625,-1.1857948483462888,2.525824
0.02609200209090983,0.0012824597391875704,0.006496235848612126,0.003509000702849662,0.061112113269514594,1.099609375,1.4808718183203773,3.2258240000000002
0.008077776978926034,0.014195051529465938,0.0035569498636125385,0.008222195861811502,0.002569874471211305,-0.900390625,-2.9635726261240665,0.565824
0.008795397205274802,0.0026947892659293753,0.002480392278305839,0.014462690044976788,0.01175294933502781,3.099609375,-0.29690595945739995,1.2658239999999998
0.004719700533063857,0.003552670374068742,0.02449350123787792,0.0007285954360398099,0.0021782697596991244,-3.400390625,2.3697607072092666,1.9658240000000002
0.019150150788035784,0.01303035893976526,0.002353490381186194,0.03430782635980286,0.0033257284281310445,0.599609375,-2.0746837372351776,2.6658240000000006
0.03810645360342475,0.009833606212353312,0.03929898024428258,0.0012944064976817694,0.003287531953576786,-1.400390625,0.5919829294314898,3.3658240000000004
0.00491010259393802,0.0016259497196290703,0.0038586373969271017,0.00307674012159824,0.011802659157019911,2.599609375,3.258649596098156,0.033824
0.004875022294617251,0.014539360518391872,0.002828937032791514,0.004108717190922431,0.0013968564521368329,-2.400390625,-3.556165218716659,0.733824
0.01700190883246882,0.006257257218894724,0.004052093829789196,0.021270335056426146,0.01003830666611993,1.599609375,-0.8894985520499925,1.433824
0.02138726408428505,0.004667451575274064,0.024346853613211587,0.00351527953996421,0.014731129120864312,-0.400390625,1.777168114616675,2.133824
0.002482260693134186,0.0009125053239528241,0.00035310479927308584,0.028280364504752423,0.0017450784475498474,3.599609375,-2.66727632982777,2.8338240000000003
0.006085841411621786,0.008967246852476811,0.009133296427944493,0.0023366224462926287,0.0023948260949034177,-3.650390625,-0.0006096631611036685,0.173824
0.010103217514657632,0.0031041309587202287,0.011077558323689406,0.0033929836215698312,0.014274454020134577,0.349609375,2.6660570035055624,0.873824
0.013264469381654972,0.02809346357124721,0.006441711490883448,0.006591058874591715,0.0027421754271567196,-1.650390625,-1.7783874409388813,1.5738240000000001
0.013913948127075033,0.0020435541117357773,0.003483459939710157,0.0101805411827205,0.03307868007994405,2.349609375,0.8882792257277856,2.2738240000000003
0.0021846907895349647,0.0007618001469549336,0.028800750261761852,9.534844241666343e-05,0.0015135848276661525,-2.650390625,3.5549458923944517,2.9738240000000005
0.006562256078623636,0.006395939224939876,0.002208969041929318,0.013242152991057137,0.003178504607877245,1.349609375,-3.2598689224203627,0.313824
0.019340679758446264,0.014198563294173397,0.009646554344450603,0.008793040570507052,0.006451775976968843,-0.650390625,-0.5932022557536962,1.013824
0.005558086189663041,0.0010966670441841715,0.0024479297115631384,0.00439069337120251,0.02313458558292054,3.349609375,2.0734644109129707,1.7138240000000002
0.004889352472357228,0.03484952779554614,0.0033613898279405228,0.002021452353429672,0.0007090234104693172,-3.150390625,-2.370980033531474,2.413824
0.0640159319967692,0.004069936101402491,0.006015543272173333,0.011883269792507612,0.021163403545158048,0.849609375,0.29568663313519217,3.113824
0.0075960484950670405,0.003504834552014783,0.013924735478859628,0.002339918605672317,0.007265663277344197,-1.150390625,2.9623532998018582,0.453824
0.008303353167150786,0.0035446818944673106,0.0021293234000528283,0.019974954547422284,0.006967204660589359,2.849609375,-1.482091144642585,1.153824
0.01367787821539784,0.008727074789082233,0.03059958084964302,0.0024259254683222688,0.00461702871244285,-2.150390625,1.1845755220240815,1.8538240000000001
0.003478445334987326,0.00044013144118840495,0.0034583095286244833,0.0008202633662203483,0.02346170609645205,1.849609375,3.8512421886907475,2.5538240000000005
0.003409986673637546,0.011940886578550497,0.0005634902761483102,0.009655653002813121,0.00034737183080016105,-0.150390625,-3.75369608291419,3.2538240000000003
0.0054936927701553515,0.002330779496223442,0.001774473620653941,0.011772770996085764,0.006583798935550503,3.849609375,-1.0870294162475234,0.593824
0.005274601262715921,0.0055575112392968,0.01628601982848361,0.001259374372257543,0.002201937598988828,-3.775390625,1.5796372504191432,1.2938239999999999
0.010902112107486196,0.014683199294541946,0.0023450587655970143,0.01903578916200329,0.002509744329070057,0.224609375,-2.864807194025301,1.9938240000000003
0.02577846044291244,0.025398535313810054,0.018985433637016467,0.0034133734160497788,0.003124616330524985,-1.775390625,-0.19814052735863452,2.693824
0.004361348126104402,0.00019301448386124413,0.0015308303448360533,0.0007650198142343928,0.10791356261748933,2.224609375,2.4685261393080316,3.3938240000000004
0.006587725930798615,0.013289514456454725,0.005378377711296805,0.0038719108983333366,0.0022223168347247618,-2.775390625,-1.9759183051364122,0.06182400000000001
0.015347633515903443,0.005037099705411727,0.007097499092145529,0.009054677340323182,0.014917686165061131,1.224609375,0.6907483615302548,0.7618240000000001
0.007441760708160783,0.0024224533362579913,0.016825984841195775,0.001738933796269642,0.009073530034983419,-0.775390625,3.357415028196921,1.461824
0.0030932384268344748,0.001908205921124666,0.0006133578194329268,0.021163509986843892,0.0017896525546757436,3.224609375,-3.4573997866178936,2.161824
0.0064693385312236725,0.02750677381416317,0.008711123516719042,0.0010399911740775374,0.0007653346040011433,-3.275390625,-0.7907331199512271,2.8618240000000004
0.010744077419307396,0.003964521348548367,0.008595047751925164,0.004953299926864957,0.012822271011451508,0.724609375,1.8759335467154399,0.201824
0.00942205256865563,0.01838972639454079,0.004316399938120671,0.007647533462373546,0.002602977869905332,-1.275390625,-2.5685108977290048,0.901824
0.011264214988500327,0.002780537796415589,0.002982453982677165,0.014422972466028387,0.016383230266555707,2.724609375,0.0981557689376622,1.6018240000000001
0.006411699566412009,0.002732923058038061,0.03843600382236588,0.0007501425951645322,0.003787600407282773,-2.275390625,2.7648224356043274,2.3018240000000003
0.015065602604173004,0.004153276860510295,0.0013123819354718032,0.07654088493761882,0.004534424189749978,1.724609375,-1.679622008840116,3.0018240000000005
0.01413405900764968,0.006769014717228031,0.011380753346917419,0.005751640280162143,0.009632474701185554,-0.275390625,0.9870446578265506,0.341824
0.0030315902401783427,0.0007746910216388613,0.002106927655164166,0.0021072420633050743,0.011866525775881803,3.724609375,3.6537113244932167,1.041824
0.0035214772557040992,0.018169116215597133,0.002514310165071932,0.0020797007722767754,0.0007376675824160803,-3.525390625,-3.1611034903215973,1.7418240000000003
0.04509791884180751,0.010463373997569358,0.006783369876278738,0.01800181804374669,0.010386269651224932,0.474609375,-0.4944368236549308,2.4418240000000004
0.01110360040808566,0.002285900302404359,0.08468809119617876,0.00046404901380162484,0.0047134993584945495,-1.525390625,2.1722298430117357,3.141824
0.007156446562559987,0.004422236063866847,0.0021910702864574973,0.01601854856170796,0.004865718497488836,2.474609375,-2.2722146014327085,0.48182400000000003
0.011384960479152408,0.011996875771793184,0.016895874982368844,0.0030651478977696323,0.003713217659526612,-2.525390625,0.39445206523395804,1.181824
0.00766710527610367,0.0014064640264736228,0.00654931520802824,0.002566227298914099,0.02675152373420684,1.474609375,3.061118731900624,1.8818240000000002
0.0315762808388771,0.028956518942052523,0.005744267669332226,0.01294030698120896,0.003720816866086167,-0.525390625,-1.3833257125438196,2.581824
0.00328121962883285,0.00020882000789012204,0.0005587459402849214,0.003313445635998264,0.03307932121398129,3.474609375,1.2833409541228473,3.2818240000000003
0.003535728433830249,0.002203811626492842,0.011101653120651318,0.0009864076126583179,0.0029518942440273925,-3.025390625,3.9500076207895134,0.6218239999999999
0.005525327464652919,0.007091893640934717,0.0015068841130414156,0.014478867894202585,0.0019740162603187595,0.974609375,-3.9183051364121324,1.3218239999999999
0.023290701110616173,0.028351787511444522,0.0079851165811205,0.00901955148826075,0.00392926759295123,-1.025390625,-1.2516384697454654,2.021824
0.007154838433197684,0.0007521007981829249,0.0017989973184727916,0.005606583718184146,0.04259194941697724,2.974609375,1.4150281969212006,2.7218240000000007
0.0031977853852695522,0.06979720015947093,0.0010423359305803477,0.0018424521646056573,0.00018150160849414202,-2.025390625,-3.0294162475232436,3.4218240000000004
0.010405444046804413,0.004701391851854589,0.004226932465988787,0.011231756222527057,0.009467380713643272,1.974609375,-0.3627495808565766,0.08982400000000001
0.011556383185009993,0.003938349493517264,0.012863731914885775,0.0037366526951489757,0.012670283915545933,-0.025390625,2.303917085810089,0.789824
0.004152242410226447,0.0018480048101272965,0.0010139513869967727,0.016192373570055575,0.0040316625531679855,3.974609375,-2.1405273586343547,1.489824
0.004918390829750258,0.008531894047162125,0.014591147273921452,0.0008707269226072421,0.001233829337598034,-3.978515625,0.5261393080323122,2.189824
0.007341405319099924,0.0008797150737871806,0.015714031118197476,0.0006389124691029443,0.01655204537071172,0.021484375,3.1928059746989783,2.8898240000000004
0.005114365602385042,0.012205202082151959,0.002908995363971445,0.004798791415940612,0.0016753155752035145,-1.978515625,-3.622008840115836,0.229824
0.012320276503202674,0.005149109202424439,0.0035432443849500463,0.01780224685366166,0.00916622976096555,2.021484375,-0.9553421734491692,0.929824
0.007524709230837834,0.005956450478378561,0.025210039048074263,0.0014850360761597108,0.003108230891456131,-2.978515625,1.7113244932174974,1.6298240000000002
0.010575753172970635,0.009029714679675432,0.00170520836516616,0.03339040225672311,0.002712465799278217,1.021484375,-2.7331199512269473,2.3298240000000003
0.05688716814993543,0.018516212230148783,0.017134753772979523,0.004728806870848242,0.0047243230418463605,-0.978515625,-0.06645328456028032,3.0298240000000005
0.005418648180903375,0.0016515107260871487,0.003447961921098143,0.0038782973184581424,0.013892371322511353,3.021484375,2.600213382106385,0.36982400000000004
0.005764278788689178,0.01703960441657414,0.005465288866051375,0.002662276063130407,0.0015221794646683763,-3.478515625,-1.844231062338058,1.069824
0.027301141001268774,0.006085902944528648,0.011348372282251044,0.008405075055903327,0.018471347673826938,0.521484375,0.8224356043286081,1.769824
0.005228131124148105,0.0014346800000715324,0.027414108097337922,0.0005378613105424243,0.005317271549851481,-1.478515625,3.489102270995274,2.469824
0.0023887866174246274,0.0013455624167752827,0.0002693357217826776,0.04220639718088817,0.0008125995865295244,2.521484375,-3.32571254381954,3.169824
0.009762692762478488,0.014006019578169156,0.00960998996454545,0.0040007552381223326,0.0032472695327492637,-2.478515625,-0.6590458771528729,0.5098239999999999
0.01164606822811021,0.0027871155223633125,0.007111441796277921,0.0052205247267653595,0.022685793137464518,1.521484375,2.007620789513793,1.209824
0.013718036986785899,0.022781034417688393,0.003582039678465371,0.013369804310686986,0.002744512055185817,-0.478515625,-2.436823654930651,1.9098240000000002
0.006148506727953806,0.0009107579628740473,0.001141131439879625,0.011719698787583074,0.01646920647267871,3.521484375,0.2298430117360155,2.6098240000000006
0.001073767606092538,0.0006364290930361548,0.022581480410126194,2.5206738745433752e-05,0.00040645519144510446,-3.728515625,2.8965096784026816,3.3098240000000003
0.014152743185173898,0.011124349480262957,0.0051889322396159255,0.013112697825978003,0.005675456432391073,0.271484375,-1.5479347660417617,0.649824
0.014901170492975164,0.008876428672660202,0.022761728558853687,0.0033905540664676357,0.006073375100497277,-1.728515625,1.1187319006249048,1.349824
0.0038708513054803166,0.0006532631193098659,0.0033397109621962364,0.0014864317310135234,0.021147107830671728,2.271484375,3.785398567291571,2.049824
0.0023360149268130998,0.022714779660461003,0.0011270087690814436,0.0017636673259232357,0.00028771172686202484,-2.728515625,-3.819539704313367,2.7498240000000003
0.030294685079384934,0.003849291906940902,0.001352467303731846,0.06104743166374442,0.004871047599128585,1.271484375,-1.1528730376467,3.4498240000000004
0.011402707630544446,0.005883750179835147,0.012303921370044333,0.004267941241898835,0.008297022039973368,-0.728515625,1.5137936290199656,0.117824
0.0046503492847815,0.0029299820730126357,0.0013160686951219553,0.015143392713975808,0.0033865252895818442,3.271484375,-2.930650815424478,0.817824
0.008408988924288449,0.015250187406731225,0.012474045164649063,0.002346922650818399,0.0021870761367557196,-3.228515625,-0.2639841487578112,1.517824
0.013763497505769896,0.0021348584758318166,0.011282787826194237,0.0031650230744685094,0.02994280084102505,0.771484375,2.402682517908855,2.2178240000000002
0.01563418191252981,0.06124286230760482,0.0035071337636992683,0.007067211777938955,0.0013601996636168452,-1.228515625,-2.0417619265355893,2.9178240000000004
0.008331993830623259,0.0029494285044431292,0.003651396148398931,0.008453313264367865,0.012290794652134208,2.771484375,0.6249047401310781,0.25782400000000005
0.005602227306430184,0.0029478894178358197,0.016669952470540598,0.0014200617950447232,0.004529285690635747,-2.228515625,3.291571406797744,0.957824
0.005686721765805956,0.005200137619887622,0.0012874168678150661,0.02156990253477919,0.0023096918025790427,1.771484375,-3.5232434080170707,1.657824
0.039528191129540736,0.018831240327334787,0.007780910192232435,0.013771467590682719,0.006264408801894742,-0.228515625,-0.8565767413504037,2.3578240000000004
0.0025675797553623156,0.0002117389850449196,0.0006258335535528158,0.002237480615385955,0.027704053686220777,3.771484375,1.8100899253162632,3.0578240000000005
0.004104051206205941,0.011690482570307187,0.0037113875435677585,0.0024367486682464333,0.0012875488936085892,-3.853515625,-2.634354519128182,0.397824
0.02174090757094522,0.009326671270214954,0.00974609499708894,0.009926987320211222,0.010512176180903056,0.146484375,0.03231214753848466,1.0978240000000001
0.008270056456514126,0.003506955565707244,0.02969821288013195,0.0014449869554465796,0.005614620739520144,-1.853515625,2.6989788142051507,1.797824
0.011654112142688421,0.003940992257300702,0.0015420365044037632,0.052093329454124204,0.005546760759010351,2.146484375,-1.7454656302392926,2.4978240000000005
0.007653231994705889,0.007173962613976026,0.04441387794786739,0.00039497738463809456,0.0011223329690437467,-2.853515625,0.9212010364273739,3.197824
0.006038593562870043,0.0019018883076415455,0.006585399260234782,0.0025408507723844024,0.012658576787027084,1.146484375,3.58786770309404,0.537824
0.00789402158314636,0.016983295838370653,0.0029019187943410307,0.008909051838888439,0.002076693512048507,-0.853515625,-3.2269471117207744,1.2378239999999998
0.008724835361802,0.0022402153979570807,0.0018416600810533105,0.019511101767320918,0.0113065292217497,3.146484375,-0.5602804450541075,1.9378240000000002
0.004319093268637384,0.0031774493823563794,0.03483609190423997,0.00038080361195174555,0.0014991728630682397,-3.353515625,2.106386221612559,2.637824
0.013462587841218251,0.009921015635201726,0.001037327624806775,0.04418819799562918,0.0013713785526982337,0.646484375,-2.3380582228318856,3.3378240000000003
0.014928176113246821,0.010826268172225867,0.013633577735058505,0.005155684385912242,0.00618527929002661,-1.353515625,0.3286084438347805,0.677824
0.005518763581993103,0.0012289891723112276,0.00365778656340927,0.0030734690290917166,0.02111125372130523,2.646484375,2.9952751105014466,1.377824
0.011626553478979828,0.03617513475162534,0.007594494811324961,0.0039106808637921885,0.0019491772176361154,-2.353515625,-1.4491693339429963,2.077824
0.02091343345848775,0.0018341335840473183,0.004932825686433111,0.00709256588574462,0.052474898957139984,1.646484375,1.2174973327236698,2.7778240000000007
0.0018732206691086484,0.00015301639825362004,0.0107367108854584,2.6888429546954623e-05,0.005827039487112075,-0.353515625,3.884163999390336,3.4778240000000005
0.0033083040929569817,0.0024952225180480975,0.0011412952634300621,0.009335079325990486,0.0024939572048722557,3.646484375,-3.7207742722146016,0.011424
0.006167012897234193,0.013285331443136738,0.007300647256448285,0.0025380116667065994,0.0019005774334561257,-3.603515625,-1.0541076055479346,0.7114240000000001
0.018086190290820158,0.004593364575452285,0.012814290290215295,0.005434427655686702,0.01815498293439078,0.396484375,1.6125590611187315,1.411424
0.008408246052974876,0.03386528012468254,0.0030673802678378467,0.006204780313658792,0.0014167852184060739,-1.603515625,-2.8318853833257127,2.111424
0.015347408894127725,0.0019385409448180206,0.0019231428480315656,0.023704101970638727,0.018660881603359988,2.396484375,-0.16521871665904575,2.8114239999999997
0.00615084325397671,0.004280110263134352,0.01349087467819572,0.0019308245729913861,0.00412913462254658,-2.603515625,2.50144795000762,0.151424
0.01138807905781209,0.007339569578096781,0.003253438429028017,0.018708682563699224,0.005635475455536253,1.396484375,-1.9429964944368234,0.8514240000000002
0.024623827105540643,0.009345018082735853,0.01751347945384863,0.006028177526415196,0.010213359287367739,-0.603515625,0.7236701722298431,1.551424
0.002763391118193346,0.00041076412666808383,0.0016124066744376325,0.0014925376862979795,0.020151786665158294,3.396484375,3.390336838896509,2.251424
0.0020874727824828163,0.026945944657701126,0.0011823198641510246,0.001187667059026837,0.00021649966723513825,-3.103515625,-3.4244779759183053,2.9514240000000003
0.013537082817116505,0.007525327818588849,0.005524517144083231,0.011928873137278702,0.008062654170795307,0.896484375,-0.7578113092516383,0.29142399999999996
0.012634091676054227,0.005558437176441914,0.01907227354499415,0.003307776098719981,0.008530745553980125,-1.103515625,1.9088553574150282,0.9914240000000001
0.005956209229299803,0.0031271707744442846,0.0012641555813947827,0.02588913958163338,0.0038272304440833556,2.896484375,-2.5355890870294164,1.691424
0.01892313375513325,0.018550408437761245,0.023414966546981386,0.002881304445340245,0.0032918040755812606,-2.103515625,0.13107757963725053,2.3914239999999998
0.005454971670112175,0.0003756509821455445,0.003019127260558438,0.001017804728310251,0.06748286336618002,1.896484375,2.7977442463039157,3.091424
0.012860486675239697,0.011884257121861926,0.005385577401693698,0.011010463185668319,0.004999877013364768,-0.103515625,-1.6467001981405271,0.4314239999999999
0.005469974148453941,0.0014907451276257853,0.002083672968623178,0.0067156012190212905,0.01358843918321338,3.896484375,1.019966468526139,1.131424
0.0022928927409947147,0.001562491662294935,0.012504764448213516,0.000350540083049493,0.0014834041524582962,-3.916015625,3.686633135192805,1.8314239999999997
0.008850168742007735,0.015814504226259598,0.0016106461619039261,0.018023838766591395,0.0014873112066877761,0.083984375,-3.128181679622009,2.531424
0.02281238458679692,0.036944110478559465,0.013948733733140746,0.001935575730941608,0.00150675502181946,-1.916015625,-0.46151501295534203,3.231424
0.008222391124594202,0.0024020335514362496,0.005254296276271621,0.004860018574109232,0.016952380153649162,2.083984375,2.205151653711324,0.571424
0.00661288711167351,0.02169149928003363,0.0048656591979783,0.0034215978404998943,0.0015788798776427988,-2.916015625,-2.23929279073312,1.2714239999999999
0.02820533544687698,0.005414132146044082,0.0074829479056816185,0.012290334744041152,0.020493268927686027,1.083984375,0.42737387593354637,1.9714239999999998
0.0076616684544478205,0.0015172641389485657,0.030424605612327134,0.0007000662862123936,0.008495859757338266,-0.916015625,3.0940405426002124,2.671424
0.004377208972039974,0.0006204336810644129,0.00033912547389434414,0.05067490032616426,0.0038113273640549353,3.083984375,-1.3504039018442309,3.371424
0.005957138996673422,0.006100643380559331,0.011495659198449661,0.002038383276208653,0.002975710663177559,-3.416015625,1.3162627648224356,0.039424
0.005464647852290189,0.0017458725765824804,0.007540669488952679,0.0019833615358236926,0.010784722263107097,0.583984375,3.9829294314891017,0.7394240000000001
0.004948313469609383,0.015496671128575673,0.0019914454100984106,0.0057886439492043276,0.0012254988313855305,-1.416015625,-3.9731748209114466,1.439424
0.010663076430599506,0.003246651199481141,0.0017985013071607856,0.0338760346716231,0.007886582299760182,2.583984375,-1.3065081542447796,2.139424
0.010934424335191786,0.0062908050168882235,0.058854525096762866,0.0008169579817016899,0.002602649782501102,-2.416015625,1.3601585124218873,2.839424
0.006595786093683374,0.0058973736089675995,0.002252996052764301,0.01322404853614605,0.003465828888074625,1.583984375,-3.0842859320225577,0.17942400000000003
0.01905381092748691,0.01219924729421647,0.009531399701192825,0.009031256539107517,0.007317158491735636,-0.416015625,-0.4176192653558908,0.8794240000000002
0.004759440461728193,0.001002289662680241,0.0022311626084299983,0.003900224089728946,0.019696019521042326,3.583984375,2.2490474013107757,1.579424
0.00405167585928971,0.02479538836502127,0.0035511782817268245,0.0015517144828124537,0.0006637117624350503,-3.666015625,-2.195397043133669,2.279424
0.07087462189270864,0.0057904955468444045,0.010648186346999723,0.008356477504595604,0.017395764738845573,0.333984375,0.47126962353299895,2.979424
0.006421579675101895,0.003367737471281145,0.013512178197612803,0.0019848621324941723,0.005738585448811477,-1.666015625,3.137936290199665,0.31942399999999993
0.004731327233956642,0.004041295308843507,0.0012927647599872934,0.015779940564091613,0.0024965200602824924,2.333984375,-3.6768785246151503,1.019424
0.01068127492943353,0.02487169661067232,0.009703466164263767,0.003384699923342478,0.0022237081485782053,-2.666015625,-1.0102118579484833,1.719424
0.018715468024850412,0.002268056622833323,0.007488019687432642,0.00543183622572509,0.04340557234530896,1.333984375,1.656454808718184,2.419424
0.00910098379369156,0.03544866687883462,0.0015282709199359954,0.010049308686568805,0.0008021960717677994,-0.666015625,-2.7879896357262615,3.119424
0.007156567982260877,0.0026593203058246804,0.002617482372048822,0.010356063464784926,0.00989575189463786,3.333984375,-0.1213229690595945,0.45942400000000005
0.0053714554224541305,0.003898237908994767,0.01844514285339803,0.0012586757064878286,0.003042906319926407,-3.166015625,2.5453436976070716,1.159424
0.017262120542376472,0.010886264165416269,0.0033319928274407992,0.026545133813281562,0.005134179533071423,0.833984375,-1.8991007468373722,1.8594239999999997
0.032902603453149416,0.01043372230663867,0.031812697307157634,0.0035728528004795325,0.007024987573114144,-1.166015625,0.7675659198292948,2.559424
0.0014853304984036606,8.958997009161828e-05,0.000773171470104031,0.0002459057105821735,0.03213309403640819,2.833984375,3.434232586495961,3.259424
0.005488688235472492,0.014705713700491995,0.003131012043650848,0.004659315799221972,0.0016250774117161383,-2.166015625,-3.380582228318854,0.5994240000000001
0.01532608937845218,0.00540804719395842,0.0039411711771288995,0.01927036040421719,0.010906910362847893,1.833984375,-0.7139155616521871,1.299424
0.018903821302408474,0.004084672908819285,0.02043873977114185,0.003588044671480183,0.016779002085300254,-0.166015625,1.95275110501448,1.9994239999999999
0.0025562233955859805,0.0008981020014814969,0.0003955325028572231,0.023793996049412867,0.0020958426890297457,3.833984375,-2.491693339429965,2.699424
0.0027209823190431,0.007967199614421609,0.011356837747527684,0.0001520550770643547,0.00027555196408394784,-3.791015625,0.17497332723670223,3.3994240000000002
0.008032449041612407,0.0031397212042650387,0.009259936038500127,0.0031990605633195933,0.010406155424638613,0.208984375,2.8416399939033683,0.06742400000000001
0.011069965641656626,0.018512571667071764,0.006898489760745976,0.0059613294003346235,0.003162962588533141,-1.791015625,-1.602804450541076,0.7674240000000001
0.012718052717711616,0.0028181948706468988,0.0046764797597908855,0.008938515585721816,0.02360500750684744,2.208984375,1.0638622161255915,1.467424
0.0031580464897255,0.001466714575406109,0.01990082021825931,0.0003831833966393158,0.0024112423753599736,-2.791015625,3.7305288827922576,2.167424
0.0035771786406063495,0.00466214675584017,0.0005670905983835343,0.022260031901467466,0.000762778415950137,1.208984375,-3.874409388812681,2.8674239999999998
0.012461104405745414,0.012520986335085539,0.0069038250518691155,0.007980912540828968,0.00485246260841113,-0.791015625,-1.2077427221460142,0.20742400000000003
0.006930480822486167,0.0018924278911144764,0.0030905654450400447,0.0063037396652246055,0.01663330126384611,3.208984375,1.4589239445206523,0.907424
0.004269312327340176,0.019940121152534383,0.0029710981881169393,0.002508842668689844,0.0009305357486913683,-3.291015625,-2.9855204999237923,1.607424
0.039860600585365856,0.008528071497408024,0.0067110570321798485,0.01784854067835488,0.012729339727033016,0.708984375,-0.31885383325712535,2.307424
0.011353060604437812,0.0021762903027170736,0.06368390152118504,0.000613710085880306,0.0063253040616120726,-1.291015625,2.3478128334095416,3.0074240000000003
0.006838104623226309,0.004007119492441285,0.00217446085381543,0.014837527353788422,0.0051247967205754206,2.708984375,-2.0966316110349035,0.34742399999999996
0.012035692422715835,0.010951886989393962,0.01735154398860385,0.0033048343566145296,0.004311645193168815,-2.291015625,0.5700350556317648,1.0474240000000001
0.0065716792128130645,0.0012826346283312591,0.005593283701138828,0.002447191440706422,0.024226825144116365,1.708984375,3.236701722298431,1.747424
0.006305022070117934,0.01629674232315023,0.0014124311562553015,0.011706847274232775,0.001107329794941443,-0.291015625,-3.578113092516385,2.447424
0.0034130647442144734,0.0004875532475483551,0.00038180031612893456,0.021137244756714375,0.005449654563609819,3.708984375,-0.9114464258497179,3.147424
0.005549308885444187,0.005315316516810964,0.01338300970024555,0.0016640171350860108,0.0027999009242364345,-3.541015625,1.75522024081695,0.4874240000000001
0.010634873327392848,0.011474658443672995,0.0029937123641872927,0.016634328286978493,0.0034918912811003288,0.458984375,-2.689224203627496,1.187424
0.022877941077942023,0.0178226094797546,0.017867534568461723,0.0049587063730148545,0.005059875279783904,-1.541015625,-0.022557536960829072,1.8874239999999998
0.005778610258345707,0.0006443185389812125,0.002877918074793636,0.0023575436626049827,0.04757246869760615,2.458984375,2.6441091297058374,2.587424
0.006502576518112047,0.09430748148781344,0.003362172678741973,0.0013817808822294043,0.0004134629123470086,-2.541015625,-1.8003353147386068,3.287424
0.01347005277436049,0.004405997376479607,0.006515673625361812,0.008407992514882253,0.01518942820336482,1.458984375,0.8663313519280607,0.627424
0.006913329895546049,0.0022273391225923846,0.014176036387660492,0.0017709818430846362,0.009520096234182613,-0.541015625,3.5329980185947267,1.327424
0.0031636332990805597,0.001823769078466696,0.0006553288629522565,0.019805079329394806,0.0020572722731910385,3.458984375,-3.2818167962200886,2.027424
0.008504479649820805,0.02724436143815866,0.011268240636170592,0.0013996559199385761,0.0011100852360138448,-3.041015625,-0.6151501295534216,2.727424
0.01518102294101982,0.0006020219268356842,0.006657137147220377,0.0010588346646155172,0.06793511956817556,0.958984375,2.0515165371132458,3.4274240000000002
0.008744319989945487,0.012980317174435992,0.004538152160016292,0.007469903735985087,0.0031337715351438928,-1.041015625,-2.3929279073311998,0.09542400000000001
0.00878067163210006,0.0028001268643862336,0.0031405011654284717,0.010581122149417354,0.01309301841626997,2.958984375,0.2737387593354672,0.7954240000000001
0.006920570619118259,0.003240248199464468,0.023625932776522394,0.0014122955196967637,0.0050579601961979895,-2.041015625,2.9404054260021333,1.495424
0.014352958961358402,0.004942242030062025,0.0022032833806131884,0.039841298660589296,0.00709441503009946,1.958984375,-1.5040390184423105,2.195424
0.045708861336537704,0.004534423269872408,0.01994132835493187,0.00416960012553771,0.01834821449727466,-0.041015625,1.1626276482243565,2.895424
0.002875124041608048,0.0009164167752828354,0.00212154208705395,0.0021516329151891472,0.008772479171338894,3.958984375,3.8292943148910226,0.23542399999999997
0.002786071857399141,0.010524183083458618,0.002140753157923955,0.001962667958158478,0.0007786356258245091,-3.947265625,-3.7756439567139157,0.935424
0.024549170128333277,0.014850972599635798,0.0066161802900634855,0.015265508282406673,0.006649128364195512,0.052734375,-1.1089772900472488,1.635424
0.014153624316849765,0.006537480359179095,0.04543539518936834,0.0017278582004600204,0.004875435960188373,-1.947265625,1.5576893766194182,2.335424
0.005010553248768591,0.002730924442921142,0.0005549216494089685,0.06298247366597282,0.001490760253853514,2.052734375,-2.886755067825027,3.035424
0.00819451604111258,0.011369752111586102,0.010242034534669492,0.0031215268216624125,0.0029843429851383937,-2.947265625,-0.22008840115835993,0.375424
0.010606880606470494,0.002772823264821876,0.008668670048825941,0.0040551228695434646,0.019172385269793767,1.052734375,2.4465782655083066,1.0754240000000002
0.01560650056484163,0.026919504713597144,0.005166786087887759,0.0100700965117671,0.00305953144722207,-0.947265625,-1.997866178936138,1.7754239999999997
0.008740074137352479,0.0012383614158616345,0.0018848604907754105,0.010345648189419791,0.026121934119774114,3.052734375,0.6688004877305298,2.475424
0.0012177609081224462,0.0005848995334778117,0.022133499788625905,3.435032205171295e-05,0.000613413246626415,-3.447265625,3.335467154397196,3.175424
0.0067602693992169565,0.008473685911105523,0.0023421707946647183,0.011822015923034558,0.0026805283697437184,0.552734375,-3.4793476604176194,0.515424
0.016849956622330655,0.019135378596392333,0.01027604887519559,0.0065446480165722715,0.004440921451715324,-1.447265625,-0.8126809937509525,1.215424
0.008910295214555435,0.0015401755489746307,0.0037112177257465316,0.005428423685137855,0.03309225352241575,2.552734375,1.853985672915715,1.9154239999999998
0.006090868957071432,0.0502341837422289,0.0028683376140795883,0.0029473618783054643,0.0007425762881748632,-2.447265625,-2.5904587715287306,2.615424
0.0363849832692596,0.001997968806713706,0.0025000103653741285,0.01803892545067898,0.022667306573091923,1.552734375,0.07620789513793724,3.315424
0.00923760672455374,0.003533855721911471,0.013398469186313183,0.002898899507995804,0.010105396814925982,-0.447265625,2.7428745618046024,0.655424
0.0057451252016601185,0.0023994405059128707,0.0014248582431383367,0.018189560530871646,0.005579640321908009,3.552734375,-1.7015698826398413,1.355424
0.005742800353529285,0.007495075769629933,0.019278147303315146,0.0010033083810214562,0.001674022381470306,-3.697265625,0.9650967840268256,2.055424
0.005260111466707297,0.0006858656267077691,0.010437812842180632,0.0005750508678707062,0.015993521421875725,0.302734375,3.6317634506934917,2.755424
0.0031815628254671666,0.05628362496193886,0.0008600296859662851,0.0023815503777935977,0.00017780868705443448,-1.697265625,-3.183051364121323,3.4554240000000003
0.00949304134884345,0.004261454309108128,0.0036629523979110536,0.011740647760339288,0.009050213093480987,2.302734375,-0.5163846974546562,0.123424
0.007118098526963034,0.005021548777765819,0.018165768070127788,0.0018719920274973198,0.003994460285887521,-2.697265625,2.1502819692120108,0.8234240000000002
0.011790044949910906,0.008053613569526158,0.0025998342173772604,0.025595924378715267,0.004567934446861701,1.302734375,-2.2941624752324343,1.5234240000000001
0.03764400771967865,0.012154524819090323,0.019158817115008917,0.006302356670182968,0.008922023273656007,-0.697265625,0.3725041914342331,2.223424
0.0021966752591885534,0.00019527782442751453,0.0009638196233717231,0.0009008339498120336,0.030118646304417105,3.302734375,3.039170858100899,2.923424
0.006563704315354061,0.013075465796654173,0.006492577482155094,0.0031995621997388934,0.0021773322765946917,-3.197265625,-1.405273586343545,0.263424
0.01615871445692617,0.004805315619414196,0.009430921826552663,0.006864884989205376,0.016635152588366075,0.802734375,1.2613930803231224,0.9634240000000001
0.0050470749431560215,0.0017242260345647852,0.0157056314758601,0.0010191058859168828,0.006314471263296309,-1.197265625,3.9280597469897884,1.6634239999999998
0.0026249783269293382,0.0019978563589401832,0.0005066620829718677,0.019666498322876192,0.0012009252093247167,2.802734375,-3.940253010211858,2.363424
0.013041019389063118,0.06909048727330085,0.00664677537183022,0.0023849576357420545,0.001006703660612868,-2.197265625,-1.2735863435451913,3.0634240000000004
0.010470662460065483,0.0033992268988692906,0.0057979372632837615,0.006657718614019079,0.015366748124419759,1.802734375,1.3930803231214757,0.40342399999999995
0.008968621555425734,0.013811211516182637,0.0029448559576365405,0.011970996401061366,0.002661802623211959,-0.197265625,-3.051364121322969,1.1034240000000002
0.005936961155171204,0.0015814087825557967,0.0014436414979542562,0.013551561728446751,0.009979095923416444,3.802734375,-0.38469745465630245,1.8034239999999997
0.003165847350017807,0.0026715365576631313,0.023285350908883132,0.0003189395751021088,0.0011921546643673692,-3.822265625,2.281969212010364,2.503424
0.01873302343587406,0.018021527476357095,0.0017158609231817605,0.02657541512516272,0.001676500468418753,0.177734375,-2.1624752324340806,3.203424
0.01236018879481139,0.010153210845361173,0.014080571676065272,0.004144669731502831,0.005235020766466381,-1.822265625,0.5041914342325873,0.543424
0.0060005392153412475,0.0014191830663428141,0.004605803537436823,0.0029446752100412985,0.01996171406722379,2.177734375,3.1708581008992534,1.2434239999999999
0.003617482643314341,0.020200857316521163,0.00196035985149799,0.002682773777540647,0.0006939939581001666,-2.822265625,-3.6439567139155615,1.9434239999999998
0.031138903746726856,0.007076699559317766,0.003337577781762568,0.03526078949958141,0.008863478816750809,1.177734375,-0.977290047248895,2.643424
0.024783212582531283,0.0024856345393813976,0.0542597063423761,0.0007679041742205233,0.00833476529116757,-0.822265625,1.6893766194177724,3.343424
0.005058275498043538,0.003141390892138795,0.001474141235493436,0.015084292894060445,0.003733892670951555,3.177734375,-2.755067825026673,0.683424
0.00796676835885068,0.013375150926411516,0.012773172026519237,0.0022484882298462326,0.002243510813993846,-3.322265625,-0.08840115836000617,1.383424
0.012368555482122496,0.0021437705119073127,0.011674979184346896,0.0029313719911228434,0.02606405097687363,0.677734375,2.57826550830666,2.083424
0.017154797562077065,0.05788894461166014,0.004407150846237477,0.006847075757837425,0.0016517040020496327,-1.322265625,-1.8661789361377839,2.783424
0.007606743287370723,0.00032931746033427035,0.0007955769924378564,0.0064061962268257685,0.04672351955629904,2.677734375,0.8004877305288831,3.4834240000000003
0.004889262623457049,0.002939842367017826,0.011263175826943573,0.0015912054902812237,0.0042151977469955535,-2.322265625,3.467154397195549,0.017024
0.006262408566368515,0.00573467985674466,0.0018600643247874994,0.015554781991960313,0.003022262727436697,1.677734375,-3.3476604176192657,0.7170240000000001
0.024141531424502347,0.014773093667356279,0.009020520630387005,0.011022481514441016,0.007121687139436911,-0.322265625,-0.6809937509525987,1.4170240000000003
0.004434622777232516,0.0007287864460129467,0.00168576311319831,0.003928011952612063,0.023229378247352106,3.677734375,1.9856729157140682,2.1170240000000002
0.0029637553090943137,0.030274326620953276,0.0023201508496155845,0.0010385457892822276,0.00034014189970985547,-3.572265625,-2.4587715287303764,2.817024
0.014001735463386919,0.007011920000535589,0.007840024721268244,0.008303742261352047,0.009529569936455744,0.427734375,0.20789513793629055,0.157024
0.007725302355995643,0.0036575952270623004,0.017545908223344328,0.0020515160642658983,0.006438641069122834,-1.572265625,2.8745618046029566,0.8570240000000001
0.010290253507952797,0.004220994664397795,0.002212852568766786,0.026601716360235717,0.006996972482093266,2.427734375,-1.5698826398414876,1.5570240000000002
0.011370530687028039,0.008827074187538414,0.034923562843129176,0.0015929208973373063,0.0031267482819582228,-2.572265625,1.0967840268251798,2.2570240000000004
0.003237311553242434,0.00030256151984991265,0.003762450264368187,0.0004010270765841061,0.025400834290043067,1.427734375,3.763450693491846,2.957024
0.005685238614311973,0.010113780190394904,0.00244485068579845,0.007607372248253975,0.0020330518700758275,-0.572265625,-3.8414875781130924,0.29702399999999995
0.006695145906884274,0.002675566587229121,0.0018900429096361609,0.015442489204747414,0.007228095673241017,3.427734375,-1.1748209114464259,0.9970240000000002
0.007620295956106646,0.006616938638864363,0.024718675007974488,0.001482889733776314,0.002874388047156893,-3.072265625,1.4918457552202407,1.6970240000000003
0.009233344311581246,0.009172265540084327,0.0015113052679801664,0.030594608233286913,0.00222834979213635,0.927734375,-2.952598689224204,2.397024
0.053288113139255425,0.02349905202299246,0.014381318318445649,0.004648402049840012,0.0037980329501572656,-1.072265625,-0.285932022557537,3.0970239999999998
0.0059533596317293,0.001787045021836241,0.0036199981677841543,0.004287075703976233,0.014749300305052768,2.927734375,2.38073464410913,0.43702399999999997
0.009540024819040153,0.022644169792176493,0.005678380456206494,0.0053383649044827786,0.0023429848185048453,-2.072265625,-2.0637098003353147,1.1370240000000003
0.017508624484064504,0.0034094767232690994,0.004854272366005262,0.012017813015478114,0.024155848459018133,1.927734375,0.6029568663313531,1.837024
0.007665219666899966,0.0012557850274222248,0.016235015665638987,0.0010080218687634973,0.015008900731502968,-0.072265625,3.269623532998019,2.537024
0.0007151118372716661,0.0003075243093270708,8.060415402549462e-05,0.013496647259612752,0.0004337784384247019,3.927734375,-3.545191281816796,3.237024
0.005524094943822239,0.011405422583888457,0.0071928207527177535,0.0022526758985541113,0.0018092271908078605,-3.884765625,-0.8785246151501296,0.577024
0.016423960527123832,0.004645809234182548,0.014237622976607758,0.004718717440755524,0.01565938808329216,0.115234375,1.7881420515165383,1.2770240000000002
0.008440710848460122,0.03398553497047021,0.0036166714080046384,0.005402836441538691,0.0014935352401161208,-1.884765625,-2.6563023929279073,1.9770240000000001
0.01960458548904023,0.0025315708154993186,0.00272694777908203,0.020787089892647666,0.022029790948330873,2.115234375,0.0103642737387597,2.6770240000000003
0.002232577515647112,0.0008762048263891994,0.05961717266433039,4.556053612243164e-05,0.0008369723662695494,-2.884765625,2.6770309404054258,3.377024
0.01007768706699823,0.007272546535979094,0.003844480941031208,0.01278355956495161,0.0055648560268387205,1.115234375,-1.7674135040390184,0.045024
0.015826778920128126,0.008271506729242387,0.01481614018869226,0.0051226355920482875,0.008304348763772394,-0.884765625,0.899253162627649,0.7450240000000001
0.003659678713932915,0.0008042451776155428,0.002612082016671291,0.0021395216705937465,0.01632831376641585,3.115234375,3.565919829294315,1.4450240000000003
0.0032210494035081597,0.02114998673775364,0.002107455349173287,0.0018747133021136048,0.0005611375530528847,-3.384765625,-3.2488949855205,2.1450240000000003
0.05528858829228091,0.00907211449418946,0.005147402535871595,0.021654341379598735,0.00964024028964553,0.615234375,-0.5822283188538333,2.845024
0.009187820150669553,0.005091623921087764,0.014005229475514717,0.003033695000179945,0.006742718501345367,-1.384765625,2.084438347812834,0.185024
0.006996887088184149,0.004107416380818019,0.0019023945257919512,0.018824047607464544,0.0046610934285114146,2.615234375,-2.3600060966316114,0.8850240000000001
0.013377744081231045,0.013897476331054325,0.01923584069277256,0.0031021893401540594,0.003696718302793199,-2.384765625,0.30666057003505554,1.5850240000000002
0.007431997551290066,0.0010618494636939165,0.005707922971358539,0.0022385814473819634,0.035008649620509265,1.615234375,2.9733272367017216,2.2850240000000004
0.03532609424746326,0.029695892597026735,0.004231831116504965,0.01427322163701021,0.0028912696764405183,-0.384765625,-1.4711172077427221,2.985024
0.005807988192166546,0.0019212560679038268,0.002698780667045598,0.006197725692191998,0.011841207135106247,3.615234375,1.1955494589239448,0.325024
0.002915581132215703,0.0019957764444483972,0.011069800294324571,0.0006937297769632476,0.0021668337368831326,-3.634765625,3.862216125590611,1.0250240000000002
0.006327586751657165,0.010163629710291897,0.0016139413589525526,0.014258676647312563,0.001760162917854525,0.365234375,-3.742722146014327,1.7250240000000003
0.02130881566144362,0.03937084534330538,0.009463226653695386,0.005457484938325266,0.002726014124424553,-1.634765625,-1.0760554793476604,2.425024
0.009139611431991008,0.00057961804682483,0.002058687846107089,0.003981004649141852,0.08200360885526177,2.365234375,1.5906111873190065,3.125024
0.005743541673701211,0.014932458457037813,0.0038822137390039763,0.004019404605643117,0.0017302827609774244,-2.634765625,-2.853833257125438,0.46502400000000005
0.01816423569614681,0.006078500918812662,0.005658228621714233,0.014511968716000903,0.012946452782174354,1.365234375,-0.1871665904587716,1.1650240000000003
0.012838293740495055,0.0034582413924129675,0.0235560318642795,0.0024364084836020566,0.011986285823809196,-0.634765625,2.479500076207895,1.865024
0.004724858978890724,0.0014962451461641034,0.0007131670560672072,0.033716639598315806,0.0038265435478833116,3.365234375,-1.9649443682365493,2.565024
0.005854653460474029,0.007748455433363413,0.030866270205271443,0.00030342862301640025,0.0007471702042241725,-3.134765625,0.7017222984301181,3.265024
0.006886574270817678,0.002171792402731538,0.007704470794241854,0.0027136320928384267,0.013030481342132588,0.865234375,3.368388965096784,0.605024
0.006819206946382877,0.01736217687267234,0.002635722807436317,0.007512200393896909,0.0017307537274391202,-1.134765625,-3.4464258497180307,1.3050240000000002
0.01010619043613048,0.0026735271261877887,0.0019555164690396964,0.024102983531452037,0.010633187119308865,2.865234375,-0.7797591830513642,2.005024
0.01048554394922499,0.004351446359021019,0.06325730829401865,0.0008556321565667471,0.003693305335652659,-2.134765625,1.8869074836153032,2.7050240000000003
0.005416764309384135,0.002224370082139859,0.0003941075842273269,0.10765748909464806,0.00118681049938907,1.865234375,-2.5575369608291423,3.405024
0.01377174358731496,0.008147975829760488,0.00872021638182981,0.007399736910217315,0.00802369868881181,-0.134765625,0.10912970583752557,0.073024
0.003877835160583513,0.0010788015792023995,0.002274273150426009,0.0031786372318461376,0.012728332663137365,3.865234375,2.7757963725041908,0.7730240000000002
0.005192756274436573,0.01762159880561154,0.005514539690742159,0.002094709280330257,0.0012400425715492645,-3.759765625,-1.668648071940253,1.4730240000000003
0.03330479685435901,0.005897187955654594,0.014619792457202812,0.006830666728739922,0.019160524988881877,0.240234375,0.998018594726414,2.1730240000000003
0.0033303198571665495,0.0008312987473319748,0.028565230088550306,0.00018542758600484767,0.0033140624257787716,-1.759765625,3.66468526139308,2.873024
0.005676812560374274,0.004561930174450685,0.001869288869988898,0.013317803343773046,0.0034022892193636186,2.240234375,-3.150129553421735,0.213024
0.0096661544314873,0.014994952806442538,0.010931621475647647,0.003388504588589772,0.002912845060985632,-2.759765625,-0.4834628867550679,0.9130240000000002
0.012701204163639592,0.002592493097532669,0.008391104696064767,0.0045114591228965365,0.026532354963574516,1.240234375,2.183203779911599,1.6130240000000002
0.01545496686924958,0.032040211573826125,0.003704420852868689,0.011578803481700954,0.0023242141569658503,-0.759765625,-2.2612406645328456,2.3130240000000004
0.006462740748371405,0.0006331909793911027,0.0009438759239656203,0.010780766190423459,0.02204928779622779,3.240234375,0.4054260021338214,3.013024
0.004406534619899425,0.0032216010799784377,0.012221223245857579,0.0013161457237554353,0.0030420863538079745,-3.259765625,3.0720926688004875,0.353024
0.016457584809385608,0.009900807539767536,0.004852220353505686,0.01701356237250148,0.0068387788320066175,0.740234375,-1.3723517756439567,1.0530240000000002
0.0190489389771278,0.007838129506119292,0.026987972710485794,0.0035557728603889437,0.0080160577058897,-1.259765625,1.2943148910227107,1.753024
0.0024331704427281516,0.0003256651899239307,0.001895253245185033,0.0008375266949145973,0.019249642488396567,2.740234375,3.9609815576893768,2.453024
0.0018450598305475398,0.02418442069854952,0.0007420529353521951,0.0016690811895865387,0.0001637857269149147,-2.259765625,-3.9073311995122695,3.153024
0.011304819352395183,0.0058937199772977735,0.0037221300345524244,0.01538785934631825,0.007529786225471029,1.740234375,-1.2406645328456025,0.4930240000000001
0.017908324504546214,0.0060403863372331034,0.01575674993687312,0.005068637344270614,0.012667638664330032,-0.259765625,1.426002133821064,1.1930240000000003
0.003220718538652185,0.0017010131596529102,0.0006982234016075316,0.01816025384121938,0.002405518854376918,3.740234375,-3.0184423106233806,1.893024
0.006263264423743008,0.01767168347739029,0.0116319411627241,0.0010483210589460122,0.0010046396033810644,-3.509765625,-0.3517756439567137,2.593024
0.01433992576285422,0.000819154537381383,0.012178002617614696,0.0008735332933170467,0.03678269301152575,0.490234375,2.3148910227099524,3.293024
0.009905370080262946,0.01731169176820288,0.005355011826738733,0.006785064059582162,0.002944699010388062,-1.509765625,-2.1295534217344922,0.633024
0.011794058793042794,0.0029775715990761654,0.0038261047867433682,0.011279888560471206,0.018448181733274085,2.490234375,0.5371132449321756,1.3330240000000002
0.004861433897447833,0.002292077898677909,0.02657164944892012,0.000690471796523685,0.003349923676793029,-2.509765625,3.2037799115988417,2.033024
0.004395809981665658,0.004505147441474223,0.0006841090500041227,0.029254907648717646,0.001118572189782943,1.490234375,-3.611034903215973,2.7330240000000003
0.06616507270450657,0.02612220592950485,0.004953398015392287,0.008601633313009248,0.0024636510544144194,-0.509765625,-0.9443682365493062,3.433024
0.0054931905454393085,0.0018471579232292664,0.002927664244748779,0.005103581018401959,0.011773938123820889,3.490234375,1.7222984301173607,0.101024
0.005418532939759076,0.01645039115822159,0.003936821483121624,0.0033830478225784864,0.001499776470092799,-3.009765625,-2.722146014327085,0.8010240000000001
0.02369701717498706,0.006984888686996062,0.00693107499227455,0.014154252227547978,0.01400507417989807,0.990234375,-0.0554793476604174,1.5010240000000004
0.011306073554240695,0.003006343243180372,0.03141150875272937,0.0016261198138000936,0.009386343933566433,-1.009765625,2.6111873190062482,2.2010240000000003
0.005565588674317039,0.0014563313712403138,0.0006463883915086749,0.05144042824207592,0.003818305315416511,2.990234375,-1.833257125438195,2.901024
0.010347259897118375,0.008401111433712517,0.013581024818405105,0.0035891097889989326,0.004988472396392882,-2.009765625,0.8334095412284714,0.241024
0.005478663445709826,0.001458020172244947,0.0048274606889305086,0.0026048968237038297,0.016066940510765564,1.990234375,3.5000762078951375,0.9410240000000002
0.008231648960990856,0.013754002546088051,0.0022092769603073727,0.013810188092522139,0.0021294156075976935,-0.009765625,-3.314738606919677,1.6410240000000003
0.004584565093312288,0.0010284732585791251,0.0008867497657362715,0.01482573712631954,0.00787861204046377,3.990234375,-0.64807194025301,2.3410240000000004
0.0020494200750457384,0.0019446458444181069,0.022434885480795058,0.00011099463888441693,0.0005689301418535368,-3.986328125,2.0185947264136566,3.041024
0.010010266891473045,0.011256591736196387,0.003922163866948695,0.011313830717714534,0.003819029347643225,0.013671875,-2.425849718030788,0.38102400000000003
0.014095713518801317,0.01290468604141062,0.015977142375164205,0.004074635007056925,0.004678778625930574,-1.986328125,0.24081694863587888,1.0810240000000002
0.007059719665636195,0.0013201407951708084,0.0049392883833691385,0.002994999585178221,0.028186961181839738,2.013671875,2.907483615302545,1.781024
0.007384018666065118,0.03855388266365101,0.006033892176275365,0.002126138558644282,0.0010249505184548758,-2.986328125,-1.5369608291418988,2.481024
0.03693358555069113,0.0018871150647872374,0.006789014449947971,0.00537120934548852,0.045759171085100435,1.013671875,1.1297058375247682,3.181024
0.0056155257286192115,0.0024081112152586053,0.011427234867422009,0.0017591838654086008,0.0067734821853946406,-0.986328125,3.7963725041914342,0.5210239999999999
0.0036166224930610077,0.002793077274136804,0.0009529326528111417,0.014681687514612388,0.0021547059972385125,3.013671875,-3.808565767413504,1.2210240000000003
0.006484715054540793,0.021360025920981997,0.00759252311542356,0.0020024066769782052,0.001321290623922534,-3.486328125,-1.141899100746837,1.921024
0.028998366305076857,0.0032144325966013405,0.013683127060963236,0.004648651617442242,0.030101367067507268,0.513671875,1.524767565919829,2.6210240000000002
0.005326901676720928,0.0639717839393006,0.0012678912024162916,0.003741748751746197,0.00034244595837175314,-1.486328125,-2.9196768785246157,3.321024
0.010251693990503267,0.0037606175781452244,0.0035070768661864,0.012903452850097759,0.011199811044879238,2.513671875,-0.25301021185794825,0.6610240000000001
0.007347784769535357,0.0043518650225179275,0.023733571962697236,0.0015818998953610064,0.0042280499241770485,-2.486328125,2.4136564548087183,1.3610240000000002
0.013589858166832884,0.00700129270910768,0.0022629271673410864,0.036954827520472806,0.004982352331533333,1.513671875,-2.0307879896357264,2.061024
0.05331149954211536,0.008816192885937714,0.021738886198059894,0.005184540155510851,0.010625835974028882,-0.486328125,0.6358786770309415,2.7610240000000004
0.0006840487720883737,2.886643477228145e-05,0.00025069642505365483,0.00010506447253839228,0.020877818533895334,3.513671875,3.3025453436976075,3.461024
0.0034043259592677504,0.009760636672765768,0.002718896373841297,0.002465672969199613,0.0011272375984465908,-3.736328125,-3.5122694711172078,0.129024
0.01779187232494297,0.010654609567605895,0.00677610746183825,0.012414726172286642,0.007577580273334799,0.263671875,-0.8456028044505408,0.8290240000000001
0.012441279166116832,0.006079968082013248,0.027353491261431696,0.002510132677436937,0.006356152253567984,-1.736328125,1.8210638622161266,1.5290240000000004
0.0071807950475863925,0.0039269031890935965,0.0011955448601484533,0.039734537380284554,0.0032675374503298564,2.263671875,-2.623380582228319,2.2290240000000003
0.011121329400763264,0.018852061363346703,0.02121386653748552,0.001126717488301219,0.001389979980187469,-2.736328125,0.04328608443834803,2.929024
0.00792494540980342,0.0026259187842750404,0.006904335086130375,0.00374657234692472,0.013747939006380347,1.263671875,2.709952751105014,0.269024
0.014283581423121887,0.01734014030371817,0.005965249487181244,0.00992716026329822,0.004133744945628238,-0.736328125,-1.7344916933394297,0.9690240000000002
0.007705649373319646,0.0016750159289382037,0.0024806374774624333,0.008416183855652109,0.020005648248176095,3.263671875,0.9321749733272373,1.669024
0.0025287380420884725,0.0013134966463240884,0.01938187253048616,0.00025082542977556706,0.0016621335619012505,-3.236328125,3.5988416399939034,2.3690240000000005
0.0062165358859016156,0.007980656792312212,0.0007801374229388266,0.02988554304197697,0.000942001269692731,0.763671875,-3.2159731748209115,3.069024
0.013653210970881076,0.01283159662987456,0.009493473295761355,0.006401965376179785,0.005175842022278506,-1.236328125,-0.5493065081542445,0.409024
0.007183988389172372,0.0017634801688709025,0.0037820982560607445,0.004900039161597265,0.020600014295320317,2.763671875,2.1173601585124224,1.1090240000000002
0.008599526392376431,0.032372852789780804,0.004578553146049491,0.004575176935294669,0.001625747198738052,-2.236328125,-2.327084285932023,1.809024
0.024368286204680956,0.003168583010401526,0.004178456535043999,0.015311128578228859,0.026811396880725643,1.763671875,0.33958238073464386,2.509024
0.007258211367445203,0.0006873860707959085,0.020927813496695948,0.0003229668180594418,0.013507613292348312,-0.236328125,3.00624904740131,3.209024
0.005416238792002464,0.002481847542390253,0.001721334170989081,0.01247510684965422,0.005866322467202978,3.763671875,-1.4381953970431334,0.549024
0.005399893079360643,0.006408635570708169,0.014907472255606655,0.0013596584180893584,0.0020966873799652262,-3.861328125,1.2284712696235331,1.2490240000000001
0.005581195186780299,0.0012441923195698225,0.010546070640675578,0.001190337251852725,0.012237416305110582,0.138671875,3.895137936290199,1.949024
0.0037954114047721024,0.02723118005770814,0.0013493557183490588,0.0036024677042698003,0.0004996348039988397,-1.861328125,-3.7098003353147386,2.6490240000000003
0.013891389773927277,0.001651494136512935,0.000873199496858432,0.06882096935126185,0.006702169363609552,2.138671875,-1.0431336686480717,3.349024
0.007522153435077306,0.0062316217327102325,0.01664525895328936,0.0021086368140483852,0.0037126428348736567,-2.861328125,1.6235329980185949,0.6890240000000001
0.009359861582578786,0.00832492471915272,0.002264669873588319,0.021538727962207817,0.003459625770814013,1.138671875,-2.82091144642585,1.3890240000000003
0.03372266768197789,0.017173075631124544,0.014939727709868535,0.00733432430555519,0.00674885962335889,-0.861328125,-0.15424477975918283,2.089024
0.0037247487021806343,0.00036305107276226353,0.0014278747528872608,0.001945911032280635,0.04060129382237562,3.138671875,2.5124218869074832,2.7890240000000004
0.0022433957014603226,0.0473368983887968,0.0020073837771888126,0.00040040808244341114,0.00011828571483652581,-3.361328125,-1.9320225575369605,3.489024
0.012611764784218387,0.005671770076517497,0.007824767593857883,0.007146907930592461,0.010621641343729395,0.638671875,0.7346441091297065,0.022624000000000002
0.006392053273997148,0.002868395429918856,0.014382146811420951,0.0018189835867887295,0.006473151985162095,-1.361328125,3.4013107757963725,0.722624
0.004706722295259522,0.003461168610610918,0.001132972984187375,0.019399742752442464,0.0025790924816588593,2.638671875,-3.4135040390184423,1.422624
0.014090002159949721,0.02866033124918685,0.01209694731454107,0.003477433039272966,0.002414828482172349,-2.361328125,-0.7468373723517754,2.122624
0.013682764808548168,0.0011622191842305162,0.005149847060367026,0.0037025600626583036,0.06713847444292262,1.638671875,1.9198292943148916,2.822624
0.00908553856524415,0.011566231666745919,0.004009808348672656,0.009443429977495353,0.0034456595773644494,-0.361328125,-2.524615150129554,0.16262400000000002
0.006548202273001338,0.0021186623572703274,0.002264833617991243,0.00977657958082482,0.01102939748429312,3.638671875,0.1420515165371139,0.8626240000000001
0.0039295225905227,0.0029723632854465718,0.017645608706073908,0.0007537920743486588,0.0021694653831911452,-3.611328125,2.808718183203779,1.562624
0.024629232814495767,0.014900057291190014,0.0039691248545808315,0.024590424165836896,0.005007079519396375,0.388671875,-1.6357262612406642,2.262624
0.024072591895717758,0.008109967545419133,0.053480664157778995,0.001531949851751902,0.004433513044306658,-1.611328125,1.0309404054260023,2.962624
0.004549275707104939,0.001430880389521096,0.003962288430577174,0.002571182752007453,0.01194966445023431,2.388671875,3.6976070720926684,0.302624
0.005424656065908412,0.017717378665111923,0.0033222223599207287,0.003884942379864939,0.0014192030961748924,-2.611328125,-3.117207742722146,1.0026240000000002
0.022051471184504467,0.006328342387895377,0.0049749702984972196,0.01950512854352616,0.01291811814791946,1.388671875,-0.4505410760554791,1.7026240000000001
0.016403800093352638,0.003333170209586691,0.030497824767493048,0.0021268347420665126,0.012966363908454029,-0.611328125,2.2161255906111874,2.402624
0.002846118751995903,0.0007778580595662636,0.0003154426275498142,0.04074183106297439,0.0020179871610267555,3.388671875,-2.2283188538332572,3.1026239999999996
0.007711527739321405,0.00924432714974449,0.012150025585757682,0.0026068277156855446,0.0030696036844701873,-3.111328125,0.43834781283340973,0.44262399999999996
0.008190463756446829,0.0021660182404472997,0.0086438392270397,0.0028701947446210085,0.016884387200210342,0.888671875,3.105014479500076,1.142624
0.0204610458322757,0.027294230807066163,0.007764972460824412,0.008670748763779197,0.0038081772052504063,-1.111328125,-1.339429964944368,1.8426239999999998
0.008265728942331577,0.0010023572157329633,0.0021930466096633317,0.006527012063053736,0.03916129190835888,2.888671875,1.327236701722299,2.542624
0.0014120054029796002,0.0003228930351970888,0.02110902333463982,2.9509179079174576e-05,0.0014378958414700046,-2.111328125,3.993903368388965,3.2426239999999997
0.004624944095350087,0.004663890744410908,0.0014481138137868782,0.012555312590601398,0.002323759277531442,1.888671875,-3.9914647157445513,0.582624
0.019504796590711818,0.015074362403770462,0.006333915623075106,0.013459759328885048,0.005782685148153378,-0.111328125,-1.3247980490778848,1.282624
0.004789506523321436,0.0008988336811798676,0.001573205409409906,0.005563786104186726,0.01849998556270063,3.888671875,1.3418686175887826,1.982624
0.0019989339625289836,0.01812640733056881,0.0015345593412307834,0.0008862094489350215,0.00026558849429016444,-3.923828125,-3.102575826855662,2.682624
0.11240115176566057,0.010416846401752904,0.005675837556474877,0.011757558562648224,0.006089333062238347,0.076171875,-0.43590916018899595,3.382624
0.007665309455134569,0.004857272560309072,0.01357042754051758,0.0025365088537544424,0.005396393868780785,-1.923828125,2.230757506477671,0.050623999999999995
0.008544649410817746,0.005317950771340133,0.002430614634318788,0.018406321757477768,0.005095836825903053,2.076171875,-2.2136869379667736,0.7506240000000001
0.00973368716913276,0.011660750322194463,0.017717850454867585,0.0023834521965219535,0.0029516900932693335,-2.923828125,0.4529797286998942,1.4506240000000001
0.00802811413528512,0.00132167661975944,0.008077984135647935,0.0020846323554281508,0.026642066781534416,1.076171875,3.1196463953665603,2.150624
0.004467210663083454,0.022008492629705206,0.0010889330034393391,0.006524983097944976,0.0005511880241780541,-0.923828125,-3.695168419448255,2.850624
0.007134801896287277,0.0033161800469022535,0.0025160455100547434,0.012213514697364656,0.007262611662884151,3.076171875,-1.0285017527815885,0.19062400000000002
0.006100602872524789,0.005797188004769267,0.015943465232876167,0.0016401997469803794,0.0028178255930261693,-3.423828125,1.6381649138850793,0.8906240000000001
0.01055750039080458,0.011459812836277816,0.0025188773731272904,0.019757821443094466,0.0031218118326680365,0.576171875,-2.806279530559366,1.590624
0.028723849077061592,0.020841376645099375,0.017923459342035906,0.00504736704327603,0.004772885091526806,-1.423828125,-0.13961286389269967,2.290624
0.004703142829171699,0.0003622582698466674,0.00186580284348648,0.0016339971102691375,0.0637044388351985,2.576171875,2.527053802773967,2.990624
0.007750143190366736,0.015284642795604615,0.005772109613766255,0.00449323491655282,0.002453511537681671,-2.423828125,-1.9173906416704773,0.330624
0.01524846745672167,0.004311067782490885,0.006257767779934805,0.009595978155768936,0.017552748141268653,1.576171875,0.7492760249961901,1.0306240000000002
0.00745973449611092,0.002041552828803303,0.01582240275474845,0.0016290815738971213,0.010915135772556836,-0.423828125,3.415942691662856,1.7306240000000002
0.0023365322007812676,0.0012636141197954972,0.00043011755519638056,0.01958739011553253,0.0014617895905280492,3.576171875,-3.3988721231519587,2.430624
0.0038865214760080906,0.020033684779516614,0.006776450025421966,0.0004809334347681148,0.0003953188580843567,-3.673828125,-0.7322054564852922,3.1306239999999996
0.011848942771142575,0.004267358312391686,0.010520470291139571,0.004640910302153318,0.012854895622331268,0.326171875,1.9344612101813752,0.470624
0.009180419851646504,0.022060328916284982,0.00447060770991776,0.006459500826044837,0.0022574293288245366,-1.673828125,-2.50998323426307,1.170624
0.014778158393501209,0.0031344842028201794,0.003493232852699037,0.01572956106315219,0.019351471924849074,2.326171875,0.1566834324035975,1.8706239999999998
0.004680482145056601,0.00214269474757543,0.0399355307375129,0.00040757294790057854,0.002483302971463292,-2.673828125,2.8233500990702636,2.570624
0.019924584805784063,0.0049035255686261745,0.0012587472241015365,0.07834017434425301,0.0036223324748110275,1.326171875,-1.621094345374181,3.2706239999999998
0.015048380834703714,0.007395643071091793,0.013820854529035559,0.005176537911044162,0.008987807396486221,-0.673828125,1.0455723212924868,0.6106240000000001
0.0032739231008232536,0.0007602852139854033,0.002371446945180065,0.002014757011338101,0.014052456794817767,3.326171875,3.712238987959153,1.310624
0.0027475167314401847,0.016344482808382778,0.0016024224189502914,0.0020396754715868324,0.0005198075832091313,-3.173828125,-3.892699283645786,2.010624
0.03326846148098774,0.009781665584471539,0.0033931389994346565,0.03413928456370572,0.006555123273896911,0.826171875,-1.2260326169791194,2.710624
0.02516375954244151,0.003320808396322074,0.07212696529465432,0.0006409147898434155,0.005148627173267131,-1.173828125,1.4406340496875476,3.410624
0.005063117141367361,0.0036599638186870322,0.0017020317988554396,0.01234858470741499,0.0035168061774645118,2.826171875,-3.003810394756897,0.078624
0.011957865638949197,0.014392952893832897,0.011778424636103395,0.004310761747088913,0.003871030354905324,-2.173828125,-0.3371437280902305,0.7786240000000001
0.009743225339328877,0.002063069025323464,0.005987338117652274,0.004373690910896427,0.02647679849814353,1.826171875,2.329522938576437,1.4786240000000002
0.018160400275666157,0.02174717753569156,0.00371007212044778,0.017295463165593262,0.00326194236512473,-0.173828125,-2.114921505868008,2.178624
0.004052213488400231,0.00047015455349537656,0.0007218470875715078,0.007568118826129819,0.016429909540305678,3.826171875,0.5517451607986601,2.878624
0.00357701177016041,0.002871196760426039,0.010118978163753897,0.0011112830164066315,0.002440028743060258,-3.798828125,3.218411827465326,0.218624
0.0068103340558342456,0.01008880757222442,0.0022291380862650098,0.011696774109663686,0.0023063252669668862,0.201171875,-3.5964029873494896,0.9186240000000001
0.016463330970286634,0.024678431045197832,0.010484774017346302,0.0055168775269455695,0.0034872167574649567,-1.798828125,-0.9297363206828231,1.618624
0.011274043818002916,0.0014955251214913848,0.0041209880273983795,0.005576919470963703,0.0453623197407917,2.201171875,1.7369303459838452,2.3186240000000002
0.0037389203706391385,0.05329023776762037,0.0019373971798382213,0.0015571187820695679,0.0003429138474756255,-2.798828125,-2.7075140984606008,3.018624
0.013784292005269722,0.00598000129712377,0.005995221272693153,0.010615090536939048,0.010699564178460299,1.201171875,-0.04084743179393424,0.358624
0.010153679456160417,0.0037859997551249604,0.017391527190764866,0.0026701394820888478,0.009619315646128045,-0.798828125,2.6258192348727327,1.0586240000000002
0.006530904500246209,0.0026050589944512023,0.0013659715184222733,0.02488863748628985,0.00544619903153984,3.201171875,-1.818625209571712,1.7586240000000002
0.007103478824938661,0.008739534833218232,0.025670771711611255,0.0009281139056042476,0.0016697523972274326,-3.298828125,0.8480414570949559,2.458624
0.004178486368643502,0.00034034481961187774,0.006885786240991138,0.00026637428192981895,0.022183558451455202,0.701171875,3.514708123761622,3.1586239999999997
0.006651988828825673,0.0138026654951569,0.003189810162947529,0.006676367717772181,0.0020969410569816214,-1.298828125,-3.300106691053193,0.498624
0.010321926345874931,0.003492296904810401,0.002796169675492136,0.0171950256731138,0.010665658860964256,2.701171875,-0.6334400243865268,1.1986240000000001
0.009411251892167754,0.005079009559373532,0.03421226105355625,0.0015446050260242814,0.004379456886641222,-2.298828125,2.033226642280141,1.8986239999999999
0.009990175062026024,0.005273274882647998,0.0013041235488059485,0.05433093943838075,0.003171252104951431,1.701171875,-2.4112178021643045,2.598624
0.10510538788092855,0.008515056015871889,0.013721910110044972,0.005209367710243149,0.00822272740990672,-0.298828125,0.2554488645023625,3.298624
0.003975150517446713,0.0011418419499351438,0.0024682245970768083,0.0030971908299931967,0.012561148588662465,3.701171875,2.9221155311690286,0.638624
0.0059890658837959115,0.01803272015118053,0.006255715362367717,0.0024056655770572956,0.0014813732889448134,-3.548828125,-1.5223289132754156,1.338624
0.028348302059085936,0.005145370000226792,0.01306380527854885,0.006801761430707129,0.021509733607703165,0.451171875,1.1443377533912518,2.038624
0.0035216282346926626,0.0008612343598591942,0.023633311438086106,0.00024635158239925736,0.004025799527290428,-1.548828125,3.811004420057918,2.738624
0.001118918919794866,0.0007734206231957648,9.649963037812119e-05,0.026616839860121394,0.00030404966883846674,2.451171875,-3.7939338515470205,3.438624
0.008250854260671955,0.013035863803717998,0.0074708483173925345,0.004069088311893411,0.002911514375560925,-2.548828125,-1.127267184880354,0.10662400000000001
0.012417249302908898,0.0035584766528945606,0.007057479029583096,0.006434344105064146,0.0181062081426139,1.451171875,1.5393994817863135,0.806624
0.009905115605934225,0.018463724315160406,0.0031037633522170717,0.01134840304832181,0.002410436910122238,-0.548828125,-2.9050449626581316,1.5066240000000002
0.007149051304995033,0.001509376452593258,0.0014604284618083363,0.01578595913477079,0.012586386367051157,3.451171875,-0.2383782959914651,2.206624
0.003858857087427223,0.0020967302968946783,0.04640841952289256,0.0002267399384853816,0.0014525477250282503,-3.048828125,2.428288370675202,2.906624
0.010263137172489296,0.008036974487935089,0.003712217735957755,0.013587019992224326,0.005078844572716883,0.951171875,-2.0161560737692428,0.246624
0.017301188378566035,0.009726411112504685,0.015589651570782022,0.005278452445833269,0.007645687682930754,-1.048828125,0.6505105928974251,0.9466240000000001
0.004177090145179143,0.0008382185465777698,0.0028138138615374357,0.00234060308468845,0.020020235054588633,2.951171875,3.317177259564091,1.646624
0.004627027579829055,0.028688231589006182,0.0018533348796785844,0.0038352253619143334,0.0007174579292156962,-2.048828125,-3.4976375552507237,2.3466240000000003
0.0198011593672367,0.0027654579592424323,0.001645611574105685,0.04759318073024175,0.009948271502160627,1.951171875,-0.8309708885840577,3.046624
0.011974322969465276,0.004778566147836484,0.011571938758536026,0.0044908407012044715,0.011207186882384102,-0.048828125,1.8356957780826102,0.386624
0.0038804532779530454,0.002071329293842345,0.0010546020665871995,0.014016088537065294,0.0034271387931496325,3.951171875,-2.6087486663618353,1.0866240000000003
0.0054999267412134045,0.01082046993756453,0.011659637910408017,0.0013350619803077159,0.0014546408866003095,-3.955078125,0.05791800030483252,1.7866239999999998
0.01199634066984998,0.001857514355079071,0.0181271534717441,0.001727364466303637,0.019542229354550845,0.044921875,2.7245846669714977,2.486624
0.011742683202024791,0.09866145976048633,0.0041042171745262765,0.002843518222676786,0.000808531875369774,-1.955078125,-1.7198597774729465,3.1866239999999997
0.010926910662229125,0.003514867459516797,0.00510484813237393,0.00824319956226775,0.015201273699931583,2.044921875,0.9468068891937209,0.526624
0.00391089669880595,0.0023078045119249413,0.015106464214812662,0.0008711227966312637,0.0029767514183292776,-2.955078125,3.613473555860387,1.2266240000000002
0.007938811613479962,0.00829017132749758,0.0016330057595329893,0.02387451732142019,0.002405002715727204,1.044921875,-3.201341258954428,1.926624
0.041489982200941335,0.025200290483795018,0.012176437009427938,0.007224529171529954,0.004684116839478502,-0.955078125,-0.5346745922877614,2.626624
0.00303502033301041,0.000158885290606657,0.0007630030036809042,0.0012626185702393556,0.06355144397097498,3.044921875,2.131992074378906,3.326624
0.005148237731308364,0.014646343455571295,0.004477682900308971,0.0028403496289386436,0.001500295859440865,-3.455078125,-2.312452370065539,0.666624
0.023940219189965216,0.0073704483379659095,0.00949327716174841,0.01026019067284724,0.014141603647600517,0.544921875,0.35421429660112835,1.366624
0.007768061659696102,0.0025585369354879,0.0292451356873444,0.0011714515344981129,0.0066175745092669986,-1.455078125,3.0208809632677944,2.066624
0.009874979748239327,0.0023644088795154927,0.0011500446106534764,0.0531849247783047,0.006263571146053079,2.544921875,-1.4235634811766502,2.766624
0.008238654688546907,0.004187519393320196,0.08535856642641233,0.0002076717110996433,0.0011303188720362537,-2.455078125,1.2431031854900176,3.466624
0.004853613839231505,0.0016642490680947104,0.005151683740586197,0.0023470957123785455,0.010645365146191613,1.544921875,3.9097698521566837,0.13462400000000002
0.005650636795450565,0.010909772678805139,0.0021298677697724816,0.008394071426925054,0.0018113003436097345,-0.455078125,-3.9585429050449625,0.834624
0.006254166017424433,0.002245199474746662,0.001488325762314364,0.018412145789248283,0.006827540258587553,3.544921875,-1.2918762383782965,1.5346240000000002
0.005055436763037678,0.005664968952146017,0.022416557009159926,0.0007308051734831589,0.0015589900535543223,-3.705078125,1.374790428288371,2.234624
0.008200423360604154,0.01339669386515994,0.0011610754258875448,0.02235629268757255,0.0011388016056717392,0.294921875,-3.0696540161560737,2.934624
0.011798945098166412,0.012329525657135538,0.009967765891212305,0.005176946691922865,0.004542866749005691,-1.705078125,-0.4029873494894076,0.27462400000000003
0.008039327735530087,0.0020533376538242705,0.0047862168362176345,0.004731410027964134,0.020279068682246416,2.294921875,2.2636793171772593,0.9746240000000002
0.00741654548916668,0.028086527370284577,0.004924303951490079,0.003579984557093126,0.0015103631390835687,-2.705078125,-2.1807651272671853,1.6746240000000001
0.03060338380454327,0.004224354357665445,0.006264537657750043,0.01274786381125635,0.025680228468811933,1.294921875,0.48590153939948255,2.3746240000000003
0.0063670613151874875,0.0008538932731732699,0.02841626782946333,0.00031869138434237104,0.00864615652988798,-0.705078125,3.1525682060661486,3.074624
0.00369699159531155,0.002800130487597025,0.0011690662204932292,0.011346139799346688,0.0025621784422986352,3.294921875,-3.6622466087486663,0.414624
0.007683864343972429,0.016851725239116423,0.008484451967332211,0.002863549836198329,0.0020794118638188977,-3.205078125,-0.9955799420820002,1.1146240000000003
0.01906743742783607,0.003647891478378967,0.011044317196093953,0.005542265914229054,0.02528140097788687,0.794921875,1.6710867245846677,1.8146239999999998
0.009438124543735833,0.03892671696851123,0.0025865544526702216,0.0076683522179869,0.001279722473733526,-1.205078125,-2.773357719859778,2.514624
0.00928841155220826,0.0008060016986220839,0.0009140539319844761,0.02014334622923645,0.017045851697814668,2.794921875,-0.10669105319311134,3.2146239999999997
0.007106833109973949,0.004257778087736018,0.01625881182331918,0.002015589405973258,0.004919552408795224,-2.205078125,2.559975613473555,0.554624
0.011388834038431347,0.006163192237727232,0.0027378086920494594,0.023617989979654915,0.005976238341254322,1.794921875,-1.884468830970889,1.254624
0.03180608813990977,0.008093301614044448,0.01693425275787472,0.0066861370978750735,0.013435219626201353,-0.205078125,0.7821978356957784,1.954624
0.0016427324087041762,0.00019211075599096002,0.0008263308577369658,0.0008154220695462762,0.016647512203591442,3.794921875,3.4488645023624445,2.654624
0.0008456436865823111,0.015516659452192515,0.0006530660505786383,0.00034102947066549694,5.519907849225778e-05,-3.830078125,-3.36595031245237,3.354624
0.017212307158333447,0.010374337890786933,0.007217934096700726,0.011256154185380491,0.007683955764709923,0.169921875,-0.6992836457857039,0.694624
0.011108102663588214,0.005669127135604061,0.025435075496128272,0.0023716021425423694,0.006062606265530214,-1.830078125,1.9673830208809635,1.394624
0.00820706066743582,0.004413668526238641,0.0014196653366556928,0.037945596138352154,0.003785888226942762,2.169921875,-2.477061423563481,2.094624
0.010487254078922027,0.016199118804434764,0.022939551050008427,0.0011673469038868845,0.0015483990066541338,-2.830078125,0.18960524310318583,2.794624
0.005112754129536652,0.00020869557644283304,0.00398337768850194,0.00022540501794951012,0.058362333303137226,1.169921875,2.856271909769852,3.494624
0.010731132339270377,0.012133617381927355,0.0059098875569525144,0.007799778604386128,0.004236559987837676,-0.830078125,-1.5881725346745927,0.0013440000000000001
0.007348519235097145,0.0021960837230321243,0.0031456025253148666,0.007320966840827154,0.014710182482116954,3.169921875,1.0784941319920751,0.701344
0.0031745072657264053,0.0019781796462247547,0.01381124743633996,0.0006397810208410589,0.002336968359287932,-3.330078125,3.745160798658741,1.4013440000000001
0.005445619738005546,0.008339916958876764,0.0012045590524143266,0.016395179454744634,0.001429863885842608,0.669921875,-3.859777472946197,2.101344
0.026543762372826022,0.047508526627869925,0.007562613700864561,0.006179329454154172,0.0023965791586118565,-1.330078125,-1.193110806279531,2.801344
0.007559698463883479,0.0025487994732514975,0.004038814963515356,0.0061537783106326875,0.013437212396960111,2.669921875,1.473555860387136,0.14134400000000003
0.006196059867431642,0.01758435569281427,0.003674442785066314,0.004535172225961662,0.0016919832727758802,-2.330078125,-2.9708885840573087,0.8413440000000001
0.018671650404945048,0.005328451676436821,0.004646380336423261,0.017867674507441842,0.01391350649447041,1.669921875,-0.3042219173906422,1.541344
0.015119831554719966,0.00304316296955117,0.02367198937219648,0.002398947871923093,0.015468940875829763,-0.330078125,2.362444749276025,2.2413440000000002
0.002838602684027459,0.0007716584483435208,0.00036474364274611507,0.030224324005878933,0.002462928628164566,3.669921875,-2.0819996951684194,2.941344
0.006222943874489769,0.007865393395569353,0.010842010246480337,0.002162255213022394,0.0026112965737372885,-3.580078125,0.5846669714982484,0.281344
0.00787479271707139,0.00233725811634002,0.009990065941577371,0.002595001865262258,0.013572375989389934,0.419921875,3.2513336381649145,0.9813440000000001
0.005771726968479784,0.020583477507251792,0.0023113996326982076,0.005793010766248696,0.0012654634630538304,-1.580078125,-3.563481176649901,1.6813440000000002
0.01338890196982122,0.0030945195838347995,0.001990520309262466,0.03389616873889061,0.01049118654207496,2.419921875,-0.8968145099832348,2.381344
0.007121487811001485,0.0035494683607735387,0.07602376926047999,0.0003508157484018859,0.0017927571897463437,-2.580078125,1.7698521566834335,3.0813439999999996
0.008101961238333531,0.00672278526967642,0.0026208996437921024,0.015108041665029931,0.004065275949879715,1.419921875,-2.674592287761012,0.42134399999999994
0.021414202014423248,0.01188400459336428,0.01208664816516198,0.007820403950149648,0.008047128149400515,-0.580078125,-0.007925621094345914,1.1213440000000001
0.004308904909767845,0.0008019568339650213,0.002199890050970941,0.003032181698177619,0.022020991889816464,3.419921875,2.658741045572321,1.8213439999999999
