RSS0,RSS1,RSS2,RSS3,RSS4,X,Y,Z
0.002773464907023322,0.00800732864915043,0.0022137712366932165,0.002143523791868554,0.0009520428958316551,-4.0,-4.0,0.0
0.0027791337077867494,0.00211554732739065,0.0009707993423488052,0.008115234214456937,0.0021602893187483755,4.0,-4.0,0.0
0.002740482690266009,0.002114678279813395,0.007735915774638466,0.0008922040019184765,0.002121385437883922,-4.0,4.0,0.0
0.002742339393350524,0.0009195549787943672,0.0020942247636635573,0.0020537278361273744,0.007923578806244108,4.0,4.0,0.0
0.0003275842708972471,0.007360694426011128,0.0002604931745428819,0.00018229967545993326,1.8229952257540675e-05,-4.0,-4.0,3.5
0.0002708249053695715,0.00012333605838029264,1.8775367897626137e-05,0.007723404110180837,0.00014105874232884922,4.0,-4.0,3.5
0.00024449263224413147,0.00011114540546071112,0.006798463330200633,5.361775658505628e-06,0.00013853423105280119,-4.0,4.0,3.5
0.00023338197964089597,1.0064098209886503e-05,9.247424671259738e-05,2.425189723340335e-05,0.00710583793829579,4.0,4.0,3.5
0.0024107208676209307,0.015616741606892106,0.0015559076556768139,0.001606065581205059,0.0004327788420380004,-3.52978515625,-3.7593862724178226,2.1288960000000006
0.04360699324149958,0.012418013302140995,0.004125436021604296,0.02609039996648929,0.006160168005014425,0.47021484375,-1.0927196057511566,2.8288960000000003
0.010073204747443842,0.006249360816125443,0.013973730837283434,0.0034067723006468245,0.0063130068152705745,-1.52978515625,1.5739470609155104,0.168896
0.006188211568628805,0.004262604473352996,0.0017005922365840212,0.017935051522081826,0.0037069694857988253,2.47021484375,-2.8704973835289334,0.8688960000000001
0.012427159505715313,0.017484736582767106,0.014868780081404232,0.0032746056183883257,0.0030805315420751626,-2.52978515625,-0.20383071686226772,1.568896
0.010790938619400005,0.0015128687465676353,0.006838955888883267,0.003257187877886383,0.03989881879556567,1.47021484375,2.462835949804399,2.2688960000000007
0.02138177463541919,0.036601304005196775,0.0030392508461808826,0.013287039634861355,0.0018853320580004516,-0.52978515625,-1.9816084946400454,2.9688960000000004
0.006462889414153007,0.002242998250640335,0.002766878469787057,0.007583345799163611,0.011252252502995535,3.47021484375,0.685058172026622,0.308896
0.004294664765898282,0.002723179649612627,0.015050235798576521,0.0010516978957308782,0.003081606187980911,-3.02978515625,3.351724838693288,1.008896
0.00696828655126124,0.008123713755028968,0.00161059608743892,0.019481408587527938,0.002214832806833005,0.97021484375,-3.463089976121526,1.7088960000000002
0.03275143050440482,0.02824284178956262,0.010489604128734243,0.007846964868445185,0.00430694804269031,-1.02978515625,-0.7964233094548603,2.4088960000000004
0.004744509036103286,0.00032893067862173445,0.0011901214340580939,0.0026313544013358585,0.0599008150196074,2.97021484375,1.8702433572118071,3.108896
0.007356559718332175,0.015972351232765008,0.004483051512170732,0.005278058327053471,0.002243404953492542,-2.02978515625,-2.5742010872326375,0.448896
0.014563510018548496,0.0043256291722955495,0.004616281006377514,0.013496253556609498,0.015074536483539864,1.97021484375,0.09246557943402944,1.148896
0.011398396791555358,0.0026107525086420977,0.016527978451718165,0.0024795780370593643,0.016174154788036216,-0.02978515625,2.7591322461006946,1.8488960000000003
0.0034428053551712337,0.0009566231323197584,0.0005674962016075159,0.02107203556978495,0.0038800371446448194,3.97021484375,-1.6853121983437491,2.5488960000000005
0.002347538534001014,0.0038562719830003925,0.017315898567307298,0.0001228397864812174,0.00037684688579442394,-3.98291015625,0.9813544683229178,3.2488960000000002
0.006408625479648,0.002264754229660903,0.009614589918432495,0.0021867262241761685,0.00986115439934327,0.01708984375,3.648021134989584,0.5888960000000001
0.006430153361462024,0.020743781546925386,0.003179892790875419,0.005164030357523846,0.001545540947998661,-1.98291015625,-3.16679367982523,1.2888959999999998
0.017685694498714214,0.004270500986676752,0.0033416576800686364,0.023849756119845304,0.01381309608265462,2.01708984375,-0.500127013158564,1.9888960000000004
0.005246388506225347,0.0031788858584414106,0.04527149662391836,0.000428585717869878,0.0019118383839657885,-2.98291015625,2.166539653508103,2.6888960000000006
0.012076081201104991,0.006280281946323218,0.000821975750754134,0.06852712300017513,0.0014768605173061816,1.01708984375,-2.277904790936341,3.3888960000000004
0.012630882340132895,0.00873792638962147,0.010783625201644694,0.005469984230455243,0.0066193631947192855,-0.98291015625,0.3887618757303253,0.056896
0.004811318761289168,0.001322744557202048,0.0032614914762192034,0.0031389892565943153,0.015063386300729583,3.01708984375,3.0554285423969914,0.7568960000000001
0.006346499161521073,0.01895782304029908,0.00677096805665046,0.002399210375562485,0.0015143249718597828,-3.48291015625,-1.3890159020474528,1.456896
0.027864414828087575,0.004533799921587351,0.01298363413550855,0.006294096598911163,0.024016459260776207,0.51708984375,1.2776507646192146,2.1568960000000006
0.0029459644530394607,0.0006609270700671453,0.021106850626872786,0.00016821985884560655,0.0037146494139625574,-1.48291015625,3.9443174312858806,2.8568960000000003
0.004129188009619871,0.003696406378815854,0.0013808898478235147,0.011045132804080558,0.002472259554311265,2.51708984375,-3.9239953259157647,0.19689600000000002
0.009738975940959006,0.01846722024349796,0.008064833646711032,0.004230941639139419,0.0026963537472609565,-2.48291015625,-1.2573286592490986,0.8968959999999999
0.01592505113969343,0.0032490223216993584,0.00704565235325044,0.007185875523941526,0.026487008852106354,1.51708984375,1.4093380074175679,1.596896
0.009438536610960342,0.02245338688002055,0.0021856713018775353,0.012446366540472435,0.001641422157176482,-0.48291015625,-3.035106437026876,2.2968960000000007
0.005072748435303906,0.0006579043325158934,0.0006532351817419248,0.017309495510733547,0.01024952513686185,3.51708984375,-0.3684397703602098,2.9968960000000004
0.004584993999077335,0.004137748895552135,0.01195617399514665,0.001406015382821478,0.0026089447531542718,-3.73291015625,2.2982268963064563,0.33689600000000003
0.013153186488378873,0.012548463474728785,0.004050047699276702,0.015344220226378465,0.004396878757076759,0.26708984375,-2.1462175481379875,1.036896
0.018950578285193587,0.012946367432972535,0.022508456192783383,0.00387392850635819,0.005356276102414076,-1.73291015625,0.5204491185286795,1.7368960000000002
0.004840953229551015,0.0006215306195723974,0.0032937606630321315,0.0017182391799291403,0.03484520387341146,2.26708984375,3.1871157851953456,2.4368960000000004
0.0018387096024775839,0.027993597722192256,0.0008946418800578218,0.0012353725978693894,0.00016099548205575237,-2.73291015625,-3.6276990296194684,3.136896
0.01320767619795161,0.006931282283224626,0.004702676509172128,0.013994040031660764,0.008106555489194306,1.26708984375,-0.9610323629528024,0.47689600000000004
0.015353538472267099,0.005822036955316638,0.018775921764045477,0.003934588887683288,0.010400204911492747,-0.73291015625,1.7056343037138646,1.176896
0.004515197642466186,0.002334433012609025,0.0009338701047285487,0.023934889146833786,0.0030897267916814427,3.26708984375,-2.73881014073058,1.8768960000000003
0.007925188664124002,0.016927242679772143,0.015865083616385493,0.0012042842928198618,0.00131978807580142,-3.23291015625,-0.07214347406391353,2.5768960000000005
0.009845957914721181,0.000571043987964811,0.008589921141279565,0.0006923144307285316,0.04445059109831022,0.76708984375,2.594523192602752,3.2768960000000003
0.011372596851405077,0.016633780093027097,0.005919007073763609,0.007588893991535795,0.0035063242709958632,-1.23291015625,-1.8499212518416912,0.616896
0.009925812035187892,0.002450444472721308,0.0034592656107981772,0.009479592009862519,0.019187036530944425,2.76708984375,0.8167454148249753,1.3168959999999998
0.004669091971468732,0.0019493475495578137,0.023864201030470832,0.0006749471046294272,0.003771052361371142,-2.23291015625,3.4834120814916414,2.0168960000000005
0.004941288563582618,0.004003727395707766,0.0007230726245588522,0.03777750200565434,0.0014288148353043479,1.76708984375,-3.331402733323172,2.7168960000000006
0.09566265425382967,0.016211319065036787,0.005564579331489387,0.009994886897816732,0.003884442099152259,-0.23291015625,-0.6647360666565061,3.4168960000000004
0.004743180188836916,0.0015893133187911159,0.002624435002512666,0.0044143514452784595,0.011054106034927482,3.76708984375,2.0019306000101604,0.084896
0.004276885861156867,0.013402502833331793,0.003950586617496519,0.002326998973481673,0.0012274004703748864,-3.85791015625,-2.4425138444342833,0.784896
0.026752660437832865,0.009133138486907007,0.011024720924167395,0.009761347670553892,0.012080978474465872,0.14208984375,0.22415282223238275,1.484896
0.007247706598502551,0.0027034052214439147,0.03487489864562719,0.000959721095849577,0.005100418862928973,-1.85791015625,2.890819488899049,2.1848960000000006
0.012261022902412063,0.0030754122878676,0.0012314572270448363,0.06810137162200433,0.005507670214532034,2.14208984375,-1.553624955545395,2.8848960000000003
0.007631333909111829,0.007217159557345584,0.01321470124443948,0.0025287904708111916,0.0036543823700360472,-2.85791015625,1.113041711121272,0.22489600000000004
0.005691024295755346,0.001621867115022826,0.006557047865433025,0.002204898767138696,0.013526432973165442,1.14208984375,3.779708377787938,0.9248959999999999
0.005768608368830301,0.01552867137562061,0.0019406938270328255,0.007898369614062244,0.001387539528065118,-0.85791015625,-3.8252298938169993,1.6248960000000001
0.00767961739665839,0.0020020928373790485,0.0012691158808720523,0.028917555585065813,0.0076813110220983844,3.14208984375,-1.1585632271503332,2.3248960000000007
0.004373571626053285,0.003943664907707007,0.03846530005295453,0.00026353133024932394,0.0009826906856415742,-3.35791015625,1.5081034395163329,3.0248960000000005
0.0081007852810949,0.008702459087523389,0.0028729584366321993,0.012645091917311063,0.0034163072783004855,0.64208984375,-2.936341004928111,0.36489600000000005
0.017407424933432628,0.015023165663997284,0.012510977668833152,0.006065073148848939,0.005444809738643398,-1.35791015625,-0.2696743382614444,1.064896
0.006927768398283751,0.0012910645833360593,0.003599030644097749,0.003979976954891229,0.029016570675847397,2.64208984375,2.396992328405222,1.7648960000000002
0.008879081968217725,0.05087752396613203,0.004566616048328567,0.003484503208200209,0.0011658674298935467,-2.35791015625,-2.0474521160392216,2.4648960000000004
0.02865049965454584,0.0016765147710905313,0.0032935514091913948,0.010731806234965231,0.04084767752385085,1.64208984375,0.6192145506274453,3.164896
0.007263406224648653,0.0028037618023053217,0.011346103943801299,0.002411146279303559,0.00930025298309791,-0.35791015625,3.2858812172941114,0.504896
0.0032357644716983582,0.002156427705110346,0.000864130192760141,0.01350310764188817,0.002303235050330763,3.64208984375,-3.5289335975207035,1.204896
0.006327549138182304,0.01847366005051213,0.008568980200138817,0.0018121262527226586,0.0013516855554754972,-3.60791015625,-0.8622669308540369,1.9048960000000004
0.024098031949461134,0.002845917504400925,0.015500549396932841,0.003646969243136447,0.028607215156013843,0.39208984375,1.8043997358126305,2.6048960000000005
0.006572589851912673,0.08406948183554756,0.0016371927548090208,0.0035405270621335426,0.00040865442300645527,-1.60791015625,-2.640044708631814,3.3048960000000003
0.010739345507895483,0.003768264626672746,0.0038844731554309392,0.01184046807848218,0.01235689595784004,2.39208984375,0.0266219580348519,0.644896
0.006310448397137275,0.0037283544538810496,0.02207515215322711,0.0013632458556020748,0.0038997160207162045,-2.60791015625,2.693288624701518,1.3448959999999999
0.01635726638968225,0.007558788408366152,0.002713536486807974,0.03486383286547344,0.005914554236641361,1.39208984375,-1.7511558197429258,2.0448960000000005
0.04401439920425209,0.007512293922430449,0.027210348199469117,0.004070771767948563,0.01074954768614085,-0.60791015625,0.9155108469237412,2.7448960000000007
0.000621372306856634,2.717096088823447e-05,0.00026743612508081405,7.063834698290817e-05,0.018276943171677846,3.39208984375,3.5821775135904073,3.4448960000000004
0.004397427751068251,0.011586928252617491,0.003238803420845851,0.003235437045704015,0.0014445060713771318,-3.10791015625,-3.2326373012244067,0.112896
0.017068137797961902,0.007888992729861627,0.006059444883338099,0.01353905561785666,0.009560952359818456,0.89208984375,-0.5659706345577407,0.8128960000000001
0.013340774370716148,0.004926541294691555,0.024445276417040338,0.0028052255347459413,0.00902626938827673,-1.10791015625,2.1006960321089263,1.512896
0.006000089685289246,0.0026353878580249314,0.0010311900041871935,0.035310550381631486,0.003739043786373531,2.89208984375,-2.3437484123355183,2.2128960000000006
0.019572337090527196,0.0162560758103243,0.031130784846971567,0.0016897498505453314,0.002518996510241714,-2.10791015625,0.32291825433114774,2.9128960000000004
0.0064180062728197386,0.0020547519149201046,0.0052701051742579785,0.0034251517018468788,0.013736302212266583,1.89208984375,2.989584920997814,0.25289600000000007
0.016400856424490306,0.013821077037021812,0.005950968188375091,0.012529704183601928,0.00547875307838083,-0.10791015625,-1.4548595234466295,0.952896
0.005169925553374153,0.0011434377988930146,0.0018059266456558318,0.006160414365345784,0.016410167331344334,3.89208984375,1.211807143220037,1.652896
0.0015755803908163051,0.0009696140741730478,0.011919323285734685,0.00015316074572347958,0.001013543415655435,-3.92041015625,3.878473809886703,2.3528960000000008
0.004251762694375717,0.01101116349400851,0.0007122596742195036,0.012784067341597675,0.0005431716156618158,0.07958984375,-3.7264644617182343,3.0528960000000005
0.010772892314906581,0.014827202166628646,0.008224358690672753,0.005261765088216073,0.0036118508381932845,-1.92041015625,-1.0597977950515678,0.392896
0.010801929315890066,0.0026913349575120567,0.005319367070682891,0.0065755678142009185,0.021521894269295794,2.07958984375,1.6068688716150987,1.092896
0.005158924534401937,0.02535062606259651,0.003223208076597369,0.002968050588891558,0.0010251421541123084,-2.92041015625,-2.837575572829345,1.7928960000000003
0.03845304377074548,0.0061049943043307575,0.0054947267373506355,0.019387183552683002,0.01601960922683029,1.07958984375,-0.17090890616267895,2.4928960000000004
0.010764309595959759,0.0013905326264702519,0.0512935915870995,0.00043223763142712286,0.007993079827837058,-0.92041015625,2.495757760503987,3.192896
0.0063925010368029835,0.0033987590256227907,0.0019516245105719984,0.01511628568200385,0.0053208041093869285,3.07958984375,-1.9486866839404566,0.532896
0.0072075667564435505,0.008989249027730116,0.015617453241799282,0.0018896307889292754,0.002499493921087654,-3.42041015625,0.7179799827262103,1.2328959999999998
0.00749246479903328,0.001515580510290634,0.01014569782507359,0.0018411133475632322,0.01833134693587981,0.57958984375,3.3846466493928764,1.9328960000000004
0.00538950268496669,0.030866654567905914,0.0015970966703706734,0.005404740738360069,0.0007121717601720968,-1.42041015625,-3.4301681654219376,2.6328960000000006
0.009784558592620349,0.0009959437767674193,0.0007132485544607872,0.0440368988933284,0.008627472396697464,2.57958984375,-0.7635014987552715,3.3328960000000003
0.008204655630540693,0.005687637645386784,0.017634081388093047,0.0022700579739998064,0.004555550470216557,-2.42041015625,1.9031651679113955,0.672896
0.009568459879168156,0.006782127142641386,0.0022334203242998455,0.024176095084878318,0.004155214361515034,1.57958984375,-2.541279276533049,1.372896
0.03757220919659189,0.012524040647733712,0.01467438945223151,0.008262738482952689,0.009550484713152264,-0.42041015625,0.12538739013361777,2.0728960000000005
0.0024127229632860355,0.0002489399155173493,0.000974184971501608,0.0013544976778798736,0.026631425167080877,3.57958984375,2.792054056800283,2.7728960000000007
0.0019452335339693629,0.030418293515499024,0.002330006940508088,0.000286352922827469,0.00011738296538129126,-3.67041015625,-1.6523903876441604,3.4728960000000004
0.012379984789826905,0.005642584432373213,0.008838553001169364,0.00620075655071387,0.010350790081950785,0.32958984375,1.0142762790225062,0.006496
0.005385643988632834,0.0025726090328404543,0.01356903310466949,0.001525921413001,0.005413367461649662,-1.67041015625,3.6809429456891722,0.706496
0.005888974140362738,0.0042513853841813784,0.0013892057567263395,0.02185033569701569,0.0030455188982027796,2.32958984375,-3.1338718691256413,1.406496
0.012024701446605454,0.023318161185783788,0.013877432242858085,0.0027299486408906767,0.0022450775617792497,-2.67041015625,-0.46720520245897523,2.106496000000001
0.013178341451653018,0.0011709887614086674,0.006721523296767467,0.002772805582059502,0.05816427099632291,1.32958984375,2.1994614642076913,2.8064960000000005
0.009639290990221044,0.012491993856188564,0.004632802730450703,0.008608693586073465,0.003569634521140831,-0.67041015625,-2.2449829802367525,0.146496
0.007453392849294035,0.0023083208157054593,0.002700814567493048,0.009458364647078606,0.012881301273073131,3.32958984375,0.4216836864299136,0.846496
0.004283280908823929,0.002741422135334287,0.019094117681824653,0.0008206196771453158,0.0026826335573302135,-3.17041015625,3.0883503530965797,1.5464959999999999
0.02582139423248639,0.010542426212944671,0.0038730643183319136,0.029214551250665608,0.006743633379268946,0.82958984375,-1.356094091347864,2.2464960000000005
0.02780684315874479,0.00583835035220279,0.05117174551582495,0.0017540786125856745,0.006956368901733742,-1.17041015625,1.310572575318803,2.9464960000000007
0.0037265931399561,0.0011750877807834923,0.0031969669420982656,0.0022454779454582964,0.010589771621870818,2.82958984375,3.977239241985469,0.28649600000000003
0.0043318774741138225,0.01396429822075502,0.002256206027750123,0.00418309700729753,0.0011880400553721101,-2.17041015625,-3.978865010415079,0.986496
0.014927518314822297,0.00573920757043454,0.0030103672817813447,0.027699468565981,0.008213330148677955,1.82958984375,-1.3121983437484128,1.686496
0.03102823630553557,0.005284597801060551,0.021585472921686593,0.004503904169261246,0.016898248133084253,-0.17041015625,1.3544683229182537,2.3864960000000006
0.0012778594000649808,0.0004908509650391902,0.00016409910136786434,0.019931329537654675,0.000853643603324932,3.82958984375,-3.08997612152619,3.0864960000000004
0.005851983814059282,0.01022476285234691,0.00831420202719393,0.002274514879930625,0.0020728351445286207,-3.79541015625,-0.423309454859524,0.42649600000000004
0.012933497998656493,0.0037484133424785294,0.013038082647429698,0.003927257925738625,0.01539197974780533,0.20458984375,2.243357211807142,1.126496
0.010900499348131405,0.03302812113758572,0.004923409900929131,0.005997062583278138,0.0020160239558791723,-1.79541015625,-2.201087232637301,1.8264960000000003
0.01724786711878387,0.002233449431293008,0.0031604420304877532,0.014124710666309895,0.029585071324798616,2.20458984375,0.4655794340293653,2.5264960000000007
0.0020599086546406855,0.0007385478015214612,0.04165669358195007,5.2524408549913796e-05,0.00106963802733637,-2.79541015625,3.1322461006960314,3.2264960000000005
0.005853480743496626,0.0064726534165294,0.0018893212465349188,0.012889318362749319,0.002588842621146345,1.20458984375,-3.6825687141187826,0.566496
0.0195426876319666,0.017946957823085148,0.008547238953892566,0.0093265615230353,0.005274759910244665,-0.79541015625,-1.0159020474521165,1.2664959999999998
0.006662788042249174,0.0011723096757769128,0.002434729685145187,0.005553285107695224,0.027114409201404392,3.20458984375,1.6507646192145504,1.9664960000000005
0.003306542773427039,0.03175890631708735,0.002162696294135635,0.0014681714783521254,0.0004524479253865591,-3.29541015625,-2.7936798252298938,2.666496000000001
0.09032938760087832,0.0047179197533395835,0.004434099263655699,0.014925464434155789,0.012277846610792688,0.70458984375,-0.1270131585632277,3.3664960000000006
0.007913311436841104,0.004200042950904212,0.012779851161208387,0.0026954938798363776,0.006694734617282471,-1.29541015625,2.539653508103438,0.034496
0.007564364881155227,0.0039855033519255074,0.002170419236150233,0.017497740838366055,0.005682954857060049,2.70458984375,-1.9047909363410054,0.734496
0.012848887004807337,0.010712339709218904,0.02161052396846058,0.0029406182396505475,0.004285165684035494,-2.29541015625,0.7618757303256611,1.434496
0.005595904741727256,0.0009027129816768826,0.005034825945449643,0.001770981692928243,0.026353480858807808,1.70458984375,3.428542396992327,2.1344960000000004
0.00642606281394894,0.018489682944178056,0.0012083339085965544,0.012145885827685098,0.0008565308248700491,-0.29541015625,-3.3862724178224863,2.8344960000000006
0.005820290423935175,0.00251535360268069,0.0021288108096180814,0.010170513194872695,0.00724042715435802,3.70458984375,-0.7196057511558203,0.17449599999999998
0.005418633743814064,0.00495131173232194,0.015392572726145262,0.0014473295171058419,0.0026829633721091053,-3.54541015625,1.9470609155108463,0.874496
0.012579043334406641,0.012706346836991147,0.0030255763676386364,0.019630263606331983,0.0036155777685509156,0.45458984375,-2.4973835289335975,1.574496
0.026481325444393633,0.01727434355316709,0.02227873400484308,0.004220461916911197,0.004921918900148344,-1.54541015625,0.16928313773306858,2.274496000000001
0.004154370489825165,0.00033026337699570914,0.0020049593247574186,0.0012096474004108964,0.05613514749137264,2.45458984375,2.8359498043997347,2.9744960000000007
0.007948740387412724,0.014868357618239403,0.006464756051383224,0.004205848519234813,0.0025652465694899567,-2.54541015625,-1.608494640044709,0.314496
0.014865231827518885,0.004104546224506276,0.006896917012691093,0.008215326368510153,0.018520194535240078,1.45458984375,1.0581720266219579,1.014496
0.00615358798956985,0.0017586445121133092,0.014571629496699373,0.0013292806269310346,0.009310710639419411,-0.54541015625,3.724838693288624,1.714496
0.0019600000675107335,0.001261733713580754,0.0003816838045300327,0.01610000282359416,0.001096670126229029,3.45458984375,-3.8800995783163135,2.4144960000000006
0.006176220180640257,0.044930220284642094,0.0058320951611886595,0.0009951961439087196,0.0005316727997301371,-3.04541015625,-1.2134329116496474,3.1144960000000004
0.012550513653892132,0.004309005140538388,0.008213168202053396,0.006150008914510699,0.01439773279468278,0.95458984375,1.4532337550170187,0.454496
0.008513735590834128,0.018266607471636234,0.003370775928297403,0.008380278425485672,0.0022326049126975872,-1.04541015625,-2.9912106894274246,1.154496
0.010012233113678201,0.002479512993704802,0.0022298211614875003,0.018083084731393372,0.0133823932633764,2.95458984375,-0.32454402276075855,1.8544960000000004
0.00870162806924433,0.003288822282486046,0.05359460542288342,0.0008173356913992253,0.004208185434973251,-2.04541015625,2.342122643905908,2.5544960000000008
0.008510003997108682,0.002591257473084684,0.0006554972174651614,0.10979715039041554,0.002394463234512013,1.95458984375,-2.102321800538536,3.2544960000000005
0.016793145046947358,0.007681048618652762,0.01067201258532297,0.007227560398017506,0.010221598898125286,-0.04541015625,0.5643448661281312,0.594496
0.003078299992763459,0.000723789560853608,0.0018634353159480519,0.002344990445367212,0.013084623873672156,3.95458984375,3.2310115327947972,1.2944959999999999
0.002283544670094863,0.013599877074841173,0.001693662067756427,0.0013885040543889847,0.0004433027215547607,-3.95166015625,-3.583803282020017,1.9944960000000005
0.04812158612210096,0.01654874821613851,0.00606124905282184,0.01736957532887878,0.006189719077991925,0.04833984375,-0.9171366153533511,2.694496000000001
0.010102782005304662,0.002663689144511625,0.1255226775524383,0.00025336389354400294,0.002282995076497459,-1.95166015625,1.7495300513133163,3.3944960000000006
0.006670455897090964,0.0050531119932365675,0.002291858285311664,0.013433222735980091,0.0040828212325963184,2.04833984375,-2.6949143931311283,0.062496
0.008810430193923286,0.012011582329667586,0.012066594830669387,0.0029362127954553692,0.0029847805515202095,-2.95166015625,-0.028247726464462275,0.7624960000000001
0.01038361712039928,0.002344534724233792,0.008895817546756777,0.0035183595450289464,0.022225038277670046,1.04833984375,2.638418940202204,1.462496
0.018963113546967045,0.03275616539991435,0.00540751298103271,0.010079412930755743,0.0029533577963490472,-0.95166015625,-1.80602550424224,2.162496000000001
0.007598501552525454,0.0007597631612754609,0.0014080744299119407,0.008245020045220106,0.0331634499614138,3.04833984375,0.860641162424427,2.8624960000000006
0.003641971761539051,0.002653004280985208,0.010231040393665833,0.0011299913783025055,0.002716336129082292,-3.45166015625,3.527307829091093,0.20249599999999998
0.007689649100498728,0.009472889092068363,0.0023863469336996928,0.013893521627891833,0.002781023111792591,0.54833984375,-3.287506985723721,0.902496
0.020127737277278047,0.021107037606790797,0.012052711117547217,0.00627922481110832,0.004543384566862123,-1.45166015625,-0.6208403190570548,1.602496
0.008044361442408566,0.00109627441208444,0.0032587366062295925,0.004370661987868641,0.042696857689564605,2.54833984375,2.045826347609612,2.3024960000000005
0.005746651701508301,0.0722501688267625,0.0025875658701520685,0.002194437880277955,0.0005103486180713392,-2.45166015625,-2.398618096834832,3.0024960000000007
0.012626900043963787,0.004942273519832251,0.005605722585134612,0.009899452165248991,0.011991173273893896,1.54833984375,0.26804856983183356,0.342496
0.009119709321521981,0.003119737869484984,0.014821395180419443,0.0025432108643271604,0.01071320294082478,-0.45166015625,2.9347152364984996,1.042496
0.0058780845367854525,0.0021158613740677374,0.0012899828748508366,0.020652769107050696,0.006018946917490201,3.54833984375,-1.5097292079459437,1.742496
0.005009271434076596,0.006189039202444987,0.02256186559034239,0.0006377769808423173,0.001326933413496099,-3.70166015625,1.1569374587207228,2.4424960000000007
0.003284096956312212,0.0003143521939717572,0.008189267896848203,0.0001609903817897437,0.013133015230923315,0.29833984375,3.823604125387389,3.1424960000000004
0.0051554108746121735,0.012569198177252678,0.002643591136200684,0.00527686798675642,0.0016203294807639753,-1.70166015625,-3.781334146217548,0.48249600000000004
0.011435196448168266,0.004540216429396122,0.0029351945119300443,0.020476544005389005,0.008760565058684793,2.29833984375,-1.114667479550882,1.182496
0.009142173434308025,0.006658629622638796,0.030641555925128062,0.0015764538255785105,0.003402033801274929,-2.70166015625,1.5519991871157846,1.8824960000000004
0.008426707547992554,0.006781642622426901,0.0012162596504680212,0.04031743006493892,0.0021607276091943056,1.29833984375,-2.892445257328659,2.582496000000001
0.08283041455105061,0.01740779676967551,0.011918660072325149,0.005308940238336906,0.004473113825293115,-0.70166015625,-0.22577859066199313,3.2824960000000005
0.005226072393465109,0.0014996750639633568,0.003041611332285382,0.004018834142693219,0.014684931380134976,3.29833984375,2.440888076004673,0.6224959999999999
0.006270353343333601,0.020711655843368936,0.005259555535084446,0.0029307869119528747,0.001497569674691695,-3.20166015625,-2.0035563684397704,1.322496
0.030482993666840055,0.005592067004684981,0.009428577674368378,0.009984976484547783,0.021089257907863573,0.79833984375,0.6631102982268962,2.0224960000000003
0.005780486792124373,0.0012470291951159115,0.030587239317953614,0.00045963361738310794,0.00623832412400705,-1.20166015625,3.3297769648935622,2.722496000000001
0.0012061264690337674,0.0006267971728410236,0.00010220649694379212,0.032548462156586,0.0004120911422842894,2.79833984375,-3.4850378499212518,3.4224960000000006
0.009445049006346342,0.0125873235533665,0.008427190179013022,0.004505020324018811,0.0034939201961589604,-2.20166015625,-0.8183711832545857,0.09049600000000001
0.010333629054437639,0.0028695444305224882,0.006072359720441582,0.005666442020236272,0.018792820560759316,1.79833984375,1.8482954834120813,0.790496
0.011959754197081585,0.016909151801809574,0.0034253779517265243,0.014042340484163359,0.0030488993395675523,-0.20166015625,-2.596148961032363,1.490496
0.005661102250005832,0.0011446834432851686,0.0012755881997171823,0.011471271968088021,0.01281049527364383,3.79833984375,0.0705177056343036,2.1904960000000004
0.0019120120784378429,0.0013440666751609433,0.02227536012101295,0.00011086535628457575,0.000759632916450933,-3.82666015625,2.737184372300969,2.8904960000000006
0.011803144357588039,0.010339549174679137,0.004919662605931637,0.011273904135945494,0.005102293254082542,0.17333984375,-1.7072600721434745,0.23049600000000003
0.013132201155928655,0.009124707705105406,0.018222745415667676,0.0036049126804315055,0.005660048388490869,-1.82666015625,0.959406594523192,0.930496
0.004744289923893613,0.0009769372912420457,0.004060518933830474,0.002072474916179364,0.019902345607722662,2.17333984375,3.626073261189858,1.630496
0.004021893340828061,0.0292031699952096,0.0021574608855039344,0.002453799478078613,0.0006180373962932496,-2.82666015625,-3.1887415536249555,2.330496000000001
0.04425646603921804,0.005084497755003937,0.003310271073921672,0.02892982455318942,0.011817986279716352,1.17333984375,-0.5220748869582894,3.0304960000000007
0.01029676160857328,0.004777211318221391,0.013893856219573071,0.0033909115533250814,0.00857238524723784,-0.82666015625,2.144591779708377,0.37049600000000005
0.0058303151389964124,0.0030780104451659895,0.0015252270687130484,0.01841202426417134,0.004508372259902675,3.17333984375,-2.2998526647360666,1.0704960000000001
0.007945639926047257,0.011640274129920006,0.016891146021967562,0.0017768749856151792,0.002156006936390504,-3.32666015625,0.36681400193059943,1.7704960000000003
0.00888567922141009,0.001249097439640347,0.010559535244378322,0.001612907752287705,0.026112918059024836,0.67333984375,3.0334806685972655,2.4704960000000007
0.023877836044621667,0.06733423814795679,0.0051648350217044555,0.005219026425268994,0.00143500800229842,-1.32666015625,-1.4109637758471782,3.1704960000000004
0.008400671789858555,0.0025987297311362203,0.003999132926020238,0.007043268410601117,0.015216860928213165,2.67333984375,1.2557028908194887,0.510496
0.004137992437336311,0.002047171577898106,0.014529633448650226,0.0009508145843999729,0.0038027607067979575,-2.32666015625,3.922369557486155,1.210496
0.004464730669251666,0.0047419268683169934,0.0009871841046879518,0.019075017613818485,0.00163762684524884,1.67333984375,-3.9459431997154906,1.9104960000000004
0.035696596283151194,0.024629770597095937,0.005720241514713173,0.014740658208170847,0.004278621461313954,-0.32666015625,-1.2792765330488245,2.610496000000001
0.002484718566382716,0.00015517249791195027,0.00043851480777255456,0.0025302356406240656,0.028110746223183353,3.67333984375,1.387390133617842,3.3104960000000005
0.00403538845283822,0.012912619375631255,0.0032088536630692404,0.00260349998777672,0.0011818494030023754,-3.57666015625,-3.0570543108266017,0.650496
0.024076976282631203,0.009884474796655844,0.00784836181872876,0.013286631702752261,0.010168223828807364,0.42333984375,-0.39038764415993565,1.350496
0.01147742183094666,0.004212662916876374,0.03641198980800634,0.0017310961936253374,0.006712394325308698,-1.57666015625,2.2762790225067304,2.0504960000000008
0.0074663030028053355,0.00272964952761926,0.000908677780013385,0.06173425255843388,0.0034895686043768127,2.42333984375,-2.1681654219377124,2.750496000000001
0.009816599200968765,0.010345703698836462,0.03584904180441287,0.0003603191951563595,0.0008620505249085665,-2.57666015625,0.49850124472895363,3.4504960000000007
0.00647097968944054,0.002200660811212392,0.006061236048911518,0.0031481780619716584,0.012369792648562507,1.42333984375,3.1651679113956197,0.11849599999999999
0.006443471697598309,0.01229046993399028,0.002480125648967835,0.008642473200660788,0.0020193204688331028,-0.57666015625,-3.6496469034191943,0.818496
0.007033768576693292,0.0023460206064434665,0.0017064229386262986,0.017848597780727657,0.008206217854322717,3.42333984375,-0.9829802367525282,1.518496
0.006892636359515899,0.005460008340218243,0.03283837375335623,0.0009402460150433179,0.0023982072118061254,-3.07666015625,1.6836864299141387,2.218496000000001
0.009636700044221519,0.00850529947167136,0.0011413726058518206,0.04158492264896228,0.001705738245301876,0.92333984375,-2.760758014530305,2.9184960000000006
0.013578774940601198,0.010687118488749524,0.01031357249702128,0.006078803315407763,0.006001423198918688,-1.07666015625,-0.09409134786363937,0.25849600000000006
0.005829890291853964,0.0015034181890916703,0.003480564589178878,0.0038975775790923146,0.01801250243252223,2.92333984375,2.5725753188030263,0.958496
0.010981530095122323,0.030130080408272752,0.006159565264469416,0.005148639029039006,0.002187754028417768,-2.07666015625,-1.871869125641417,1.6584959999999997
0.01912869098237218,0.002588725052220417,0.004426603697230069,0.010897273322854877,0.0339079567667825,1.92333984375,0.7947975410252495,2.3584960000000006
0.005105511991037908,0.0005659882179990493,0.014295540180281974,0.0003048785331735849,0.012895214592083986,-0.07666015625,3.4614642076919155,3.0584960000000008
0.0033411893719886196,0.002239839796762028,0.0010686392067953434,0.010395676328419777,0.002695413051668841,3.92333984375,-3.353350607122898,0.3984960000000001
0.005711835422754421,0.012597534195881258,0.008197120942055096,0.0020090050362429066,0.0016718330089074056,-3.88916015625,-0.6866839404562319,1.0984960000000001
0.017785417498277983,0.003917117124256623,0.016509981762877515,0.004007322059200175,0.01858329395355684,0.11083984375,1.9799827262104346,1.7984960000000003
0.00897073431577464,0.050698209554762806,0.0033907857753541,0.004783314780326553,0.001153512594403396,-1.88916015625,-2.464461718234009,2.4984960000000007
0.01934311925559267,0.0013413958790218304,0.0018432690610249995,0.017223721253430514,0.027898067554358478,2.11083984375,0.2022049484326569,3.1984960000000004
0.005280437368437474,0.003601038354860258,0.014446057561980176,0.0014996175335943555,0.0035835318191147444,-2.88916015625,2.868871615099323,0.538496
0.015346981050528284,0.00865782408506699,0.003914843522008193,0.020761956292084334,0.006613476614937479,1.11083984375,-1.5755728293451208,1.2384959999999998
0.024862985786107388,0.008252962574697022,0.025043230288412245,0.004361145084713008,0.009717918479891579,-0.88916015625,1.0910938373215462,1.9384960000000004
0.002026407483339554,0.0002366090204908537,0.001300250547889048,0.00073268672563882,0.020083478753914637,3.11083984375,3.7577605039882123,2.638496000000001
0.0007824900639218732,0.015135797352442045,0.0005126686393464305,0.00048493804252128215,5.6135006866795093e-05,-3.38916015625,-3.847177767616725,3.3384960000000006
0.015205888910722963,0.00952675897260811,0.005405425878526974,0.013876969987517892,0.007011141771061817,0.61083984375,-1.180511100950059,0.678496
0.015165120188419756,0.007129805920435522,0.023594016976539105,0.0033628806045139714,0.007533066581544251,-1.38916015625,1.486155565716607,1.378496
0.005320894652421061,0.0031737385684795214,0.0009953129135555343,0.030736130618942634,0.0027302396502158236,2.61083984375,-2.958288878727836,2.0784960000000003
0.0153410922290149,0.027102922195250297,0.01722532127611135,0.0020295950234254395,0.0018576745157187608,-2.38916015625,-0.2916222120611702,2.778496000000001
0.0068811559851152,0.0002530603952634573,0.002746828740282053,0.0006306230660250428,0.11582094861905434,1.61083984375,2.3750444546054963,3.4784960000000007
0.009955811476501068,0.011293662139875038,0.004720852342526145,0.009117171829370645,0.004001670955359666,-0.38916015625,-2.0693999898389475,0.012096
0.0064142509759282105,0.00203431862637133,0.002478420884086248,0.008143051247424288,0.012051493855025637,3.61083984375,0.5972666768277195,0.7120960000000001
0.003390626463422563,0.0024254091596364997,0.014782427344688664,0.0006882935756214312,0.0021354882173903935,-3.63916015625,3.2639333434943856,1.412096
0.00686716914231111,0.011152482340706055,0.0015045655326186998,0.016646692930539976,0.0016336339127999751,0.36083984375,-3.550881471320429,2.112096
0.024863347189186008,0.043834247460625655,0.010277378912817579,0.0044255595788551694,0.0023982579767205425,-1.63916015625,-0.8842148046537628,2.8120960000000004
0.007819938418028409,0.0025981476026187165,0.004602621858615933,0.0055846048583672704,0.014008151548944405,2.36083984375,1.7824518620129046,0.152096
0.006267549598037419,0.018029870471248877,0.0041669870326440156,0.004018163241007804,0.0016988934563289247,-2.63916015625,-2.66199258243154,0.8520960000000001
0.02149332091580439,0.005729567310605069,0.00589584958234562,0.014963703842096176,0.0156468668751224,1.36083984375,0.0046740842351260525,1.552096
0.011728513808868057,0.002648893582158376,0.02654029954267005,0.0017317031560042217,0.011979491450676073,-0.63916015625,2.671340750901792,2.2520960000000003
0.004124793763263318,0.0009879535728836747,0.0004906644956592153,0.0391269778785784,0.00349698634425306,3.36083984375,-1.7731036935426516,2.9520960000000005
0.00717586749093622,0.007637494226505184,0.01256388497377201,0.0023892816110734423,0.003204014166505055,-3.13916015625,0.8935629731240153,0.292096
0.006554467429735391,0.0018600202175372378,0.007807020775723947,0.0023596961791776047,0.014040237533194095,0.86083984375,3.5602296397906814,0.992096
0.007564382087322005,0.02154479646495304,0.002645416247172047,0.007881393330624934,0.0016440079289567083,-1.13916015625,-3.2545851750241326,1.692096
0.010363327990514879,0.00213360583124258,0.001693048181312355,0.02536927151671796,0.012150222996094567,2.86083984375,-0.5879185083574665,2.3920960000000004
0.008158147492624866,0.002684059734290732,0.09051538986395209,0.0003698349426230154,0.002742520683130084,-2.13916015625,2.0787481583092005,3.092096
0.008167771164520075,0.005719363075894496,0.0025737145786280564,0.01599863212427251,0.004716838478576429,1.86083984375,-2.3656962861352433,0.432096
0.02208773982179471,0.009369364964110179,0.011742379217125338,0.008263348181039347,0.010431977418513571,-0.13916015625,0.3009703805314219,1.1320959999999998
0.0031010669813791697,0.000582276273589684,0.001642250097152228,0.0023218415135728685,0.01674247065112088,3.86083984375,2.967637047198088,1.8320960000000002
0.004331607236279121,0.023866206948753674,0.004980587276070698,0.0011407622540765465,0.0006412452271479305,-3.76416015625,-1.4768073972463553,2.532096
0.05167548908525385,0.002804648497923346,0.014752067278668984,0.0033102598316988438,0.02362779129127344,0.23583984375,1.1898592694203112,3.2320960000000003
0.004904921366219369,0.0024286717031342243,0.012369282708190972,0.0014428756927858885,0.005011734389922104,-1.76416015625,3.8565259360869772,0.572096
0.004648830724299624,0.004081692167287679,0.001195083584390665,0.016953872053918958,0.0022937719821116156,2.23583984375,-3.7484123355179597,1.272096
0.010109058898721424,0.02810002567945384,0.009222610581598489,0.0030062733640713575,0.0018808033750579163,-2.76416015625,-1.0817456688512936,1.9720960000000003
0.021344788364906334,0.0020684456829201544,0.007558609697720683,0.005153404238627929,0.04852753744451735,1.23583984375,1.5849209978153729,2.6720960000000007
0.007184787893261986,0.03897849719405231,0.001108671020418971,0.00770330136458636,0.0004625779918962962,-0.76416015625,-2.859523446629071,3.3720960000000004
0.006942116187070655,0.002871220365038111,0.002773038275126172,0.009587751805544846,0.008893910223101525,3.23583984375,-0.1928567799624048,0.040096
0.005273569105577483,0.004095127385972849,0.015322698710272854,0.0014281211902606068,0.0030694037856588154,-3.26416015625,2.4738098867042613,0.7400960000000001
0.015128966336873937,0.010964193394198579,0.003651897154481529,0.02113976207845452,0.005091255791882648,0.73583984375,-1.9706345577401825,1.440096
0.02668271290670475,0.01142568705463474,0.026652468788961794,0.004153489658709696,0.006993096738128023,-1.26416015625,0.6960321089264845,2.140096
0.0027074598255760716,0.0002583865052556941,0.0015943716103290582,0.0008299917985818737,0.032671165621445175,2.73583984375,3.3626987755931506,2.8400960000000004
0.005088939761448839,0.01236931008759211,0.0031114505921440634,0.004388453363437586,0.0016641776515808552,-2.26416015625,-3.4521160392216634,0.180096
0.01373590112066356,0.005736422700184995,0.00416515257654268,0.016471816259695148,0.009713558345403245,1.73583984375,-0.7854493725549974,0.880096
0.017182311082349654,0.004727021252328943,0.01862590413362434,0.003965798724709634,0.014367018568262656,-0.26416015625,1.8812172941116696,1.580096
0.003352059623836261,0.0014054140567120287,0.000617513269732012,0.022645637412904724,0.002677438326883832,3.73583984375,-2.563227150332774,2.2800960000000003
0.005324526108393208,0.012525954118263355,0.015223268649107424,0.0005330093268083994,0.0007285499389903029,-3.51416015625,0.10343951633389192,2.9800960000000005
0.008560248330026133,0.0030362245354350103,0.009135594037987799,0.00339703396318137,0.012130982133587695,0.48583984375,2.770106183000557,0.320096
0.012542744852329334,0.020552997715190927,0.0067127698353527275,0.006936029834276747,0.003302284136846324,-1.51416015625,-1.6743382614438862,1.020096
0.011769018876671599,0.002359978822314549,0.0038194472907271244,0.009287418627869705,0.025463165011751242,2.48583984375,0.9923284052227803,1.720096
0.0032876894936362776,0.001304959764839383,0.02388940309616339,0.00031745948365060944,0.002572410040691783,-2.51416015625,3.6589950718894464,2.420096
0.005000102357563216,0.004016798073330718,0.0005559145254684134,0.048313305531175715,0.0010196166905242728,1.48583984375,-3.155819742925367,3.120096
0.015585289098087785,0.011314520623004086,0.008773589895655043,0.008220651542137731,0.006627966655830797,-0.51416015625,-0.4891530762587011,0.46009600000000006
0.005238548928237129,0.0012914318093980497,0.0026149168193886534,0.004313653903771083,0.017428083609944536,3.48583984375,2.1775135904079654,1.1600959999999998
0.006137508483150342,0.028171763773939134,0.004364693454546252,0.0028442238105297183,0.0011889501582489428,-3.01416015625,-2.2669308540364783,1.8600960000000002
0.04056706488421545,0.004911177559955549,0.007171810607250681,0.012552548876989544,0.02310350402624594,0.98583984375,0.39973581263018776,2.5600960000000006
0.005520860094538953,0.0007243817480288229,0.03942285520202873,0.0001689291182517616,0.005941702656379481,-1.01416015625,3.066402479296854,3.2600960000000003
0.007469662378576348,0.0034716907969463582,0.002299822585975811,0.015171027469883532,0.006836619624100557,2.98583984375,-1.37804196514759,0.6000960000000001
0.012614561402109575,0.008084295776840682,0.023327895217883424,0.002879423815641304,0.005332560365361411,-2.01416015625,1.288624701519077,1.300096
0.0038991589460693416,0.0006907613059893986,0.0038251740096033812,0.0013523406494631023,0.019080656457352966,1.98583984375,3.955291368185743,2.000096
0.004482086381362618,0.011413620073916057,0.0009217008564640144,0.011533207532392847,0.0007408644360501874,-0.01416015625,-3.9130213890159022,2.7000960000000003
0.0016860272844932578,0.0002244295795369224,0.00015223164247779572,0.01807580313416386,0.0026296253355181662,3.98583984375,-1.2463547223492357,3.4000960000000005
0.004800156346718083,0.005362971258329889,0.01020963465336404,0.0016416296732570054,0.0023844769151695096,-3.99072265625,1.4203119443174304,0.068096
0.008657305493389198,0.011763437044069538,0.0030095289630941973,0.011894550167121272,0.00291003623351237,0.00927734375,-3.024132500127013,0.7680960000000001
0.015724916168076114,0.01878483649473404,0.013945170818911553,0.004529779492991152,0.003913043125075355,-1.99072265625,-0.3574658334603469,1.468096
0.009439129995712035,0.0013877049624110517,0.004886402463655054,0.0038903974771317233,0.041009315571416155,2.00927734375,2.3092008332063187,2.1680960000000002
0.004981755253966284,0.05123341353282682,0.003229726085366384,0.0015799729009067234,0.000522029338701718,-2.99072265625,-2.135243611238124,2.8680960000000004
0.013173188974342607,0.005486246165509315,0.006975821089725672,0.008344535381693129,0.011519427287083554,1.00927734375,0.531423055428542,0.208096
0.007511401724147899,0.002994936418616479,0.015289338969386316,0.0020692108077523482,0.007984265594808054,-0.99072265625,3.198089722095208,0.9080959999999999
0.0036833123478171403,0.002643231098066327,0.0008674051421713287,0.017818497706750647,0.002129716423350511,3.00927734375,-3.616725092719606,1.608096
0.0063199499211378215,0.022707607052305918,0.008185101103035133,0.0015515204959888238,0.0010866343417972922,-3.49072265625,-0.9500584260529394,2.3080960000000004
0.027279316722693504,0.0020211694536109697,0.013356142867356853,0.002893970677226935,0.035399992741843876,0.50927734375,1.716608240613727,3.0080960000000005
0.007731560551227238,0.014640960313251046,0.004123918782930977,0.006458516316293915,0.0024870535884473667,-1.49072265625,-2.7278362038307167,0.348096
0.011292408232336886,0.003533430274891199,0.0035296921266520383,0.01364972854044844,0.013396976727730823,2.50927734375,-0.0611695371640506,1.048096
0.006774444961209758,0.003657400008219191,0.028205234069915347,0.0011938883359169526,0.003922687873962026,-2.49072265625,2.6054971295026146,1.748096
0.015747637483934335,0.006522819613110531,0.002061262701131718,0.047540636050981154,0.005109983690506273,1.50927734375,-1.8389473149418283,2.4480960000000005
0.06211709488089116,0.006285303117606632,0.0250288047992197,0.003252819176818135,0.01021898945684819,-0.49072265625,0.8277193517248378,3.1480960000000002
0.003597185682039451,0.0010719027007495233,0.0025756446870407457,0.002530463333030783,0.01128746355952057,3.50927734375,3.494386018391504,0.4880960000000001
0.0033656605656426273,0.01361640011547533,0.0025797297432373504,0.0021515442120958422,0.0008643100758142064,-3.74072265625,-3.3204287964233092,1.1880959999999998
0.03161648553026661,0.012410959210061582,0.007518154793178014,0.015613377153565896,0.008911464220762827,0.25927734375,-0.6537621297566432,1.8880960000000002
0.012436688083002518,0.004211498563014679,0.05628190809409487,0.0011606514970492659,0.0053051982409861665,-1.74072265625,2.012904536910023,2.588096
0.005096304797418261,0.0017566286270594897,0.00042138796841656434,0.09945841283035271,0.001636855559176275,2.25927734375,-2.431539907534421,3.2880960000000004
0.00931900151994785,0.01089830467327201,0.012949886954170722,0.0030846039489713425,0.003438184766273755,-2.74072265625,0.23512675913224523,0.628096
0.008584149022499678,0.0020386908137643577,0.0076174773144831905,0.0031915988807858058,0.020757156036673427,1.25927734375,2.9017934257989113,1.328096
0.02219731885914311,0.027010928187031016,0.006271998878359494,0.011292173891453629,0.003832141392645394,-0.74072265625,-1.542651018645532,2.028096
0.00627147266260258,0.0006995628813845348,0.0014011582150575729,0.006538953298284949,0.03199579167135718,3.25927734375,1.1240156480211345,2.7280960000000007
0.0006187928562112035,0.00021980488228111333,0.01637416625570847,9.96854466138505e-06,0.0003872149086182575,-3.24072265625,3.7906823146878006,3.4280960000000005
0.0055748886114052095,0.006894695434146173,0.0020971974771492783,0.0101122565523708,0.0024756354810032384,0.75927734375,-3.814255956917137,0.096096
0.014354720826801556,0.016785728642025675,0.008136379958844845,0.007329892793701836,0.0043811555086476555,-1.24072265625,-1.1475892902504703,0.796096
0.008793803289666467,0.0018981282968296568,0.003572863161272267,0.006646124178442149,0.02427916830903294,2.75927734375,1.5190773764161953,1.496096
0.0062066540442688055,0.035129481642495484,0.0028242793368786624,0.003953285803089667,0.0009997979152084275,-2.24072265625,-2.9253670680282475,2.1960960000000003
0.02711677062237875,0.0031010728997687667,0.0027373298122820096,0.026488560382340893,0.017434380904049855,1.75927734375,-0.25870040136158146,2.8960960000000004
0.009547976807481352,0.003960981804892583,0.011444387488006693,0.0034943491351768076,0.01001701707080774,-0.24072265625,2.4079662653050846,0.236096
0.0048911114389566905,0.002377187328237242,0.0013730572421618117,0.014709943520091093,0.004644390763882209,3.75927734375,-2.036478179139359,0.9360959999999999
0.005702994172239774,0.00853400091724115,0.014478258978134366,0.0013289308295610777,0.0017622133434085638,-3.86572265625,0.6301884875273078,1.636096
0.007897342300230639,0.0013811077253320068,0.013877756908273737,0.0013074210613220369,0.01662116863597603,0.13427734375,3.296855154193974,2.3360960000000004
0.003397959731565808,0.035794612772558375,0.0011204037294520917,0.0029337343831657655,0.0003219328000138653,-1.86572265625,-3.5179596606208405,3.0360960000000006
0.010359338246149387,0.004786330106323292,0.0036062622075545667,0.013919843497591221,0.008595547554310735,2.13427734375,-0.851292993954174,0.37609600000000004
0.007494465573563177,0.005807121302391104,0.019925093442008664,0.0018410908056863088,0.0036188885236387944,-2.86572265625,1.815373672712493,1.076096
0.010763661245759166,0.008699665940845192,0.002198539028762074,0.0268934224050941,0.0035509668660647677,1.13427734375,-2.6290707717319517,1.7760960000000001
0.042735561981348695,0.016240916462502128,0.017671476371481233,0.006313248519851818,0.006785787448932634,-0.86572265625,0.03759589493471438,2.476096
0.002328766614675382,0.00015295301267688488,0.0008299104174801252,0.0008282600047230002,0.044490894690489745,3.13427734375,2.7042625616013805,3.1760960000000003
0.005991863709625956,0.014182411274330663,0.00571920392686132,0.002985693715562517,0.0018656747231590824,-3.36572265625,-1.7401818828430629,0.516096
0.019989764197956214,0.005739193960746335,0.010131492580548074,0.007930188646018434,0.016378000639468766,0.63427734375,0.9264847838236037,1.2160959999999998
0.005738192068941618,0.0018975218842821558,0.020717338395089612,0.0009685565437106036,0.006227865629806888,-1.36572265625,3.5931514504902697,1.9160960000000002
0.0037801272448498005,0.0022422914468683023,0.0005850046019869006,0.03526814050354984,0.0016574765977933673,2.63427734375,-3.221663364324544,2.6160960000000006
0.013370867685716692,0.03920080967449175,0.011763980776494154,0.0011179528721796555,0.0008732322286268358,-2.36572265625,-0.5549966976578777,3.3160960000000004
0.009671206876034148,0.0028097250089655448,0.006459143493888768,0.004972735040101972,0.017505565135797572,1.63427734375,2.111669969008789,0.656096
0.013089067085322228,0.017778930727660253,0.0041235758215847134,0.01283899933103279,0.0034037938344182567,-0.36572265625,-2.332774475435655,1.356096
0.0064088504973233654,0.0013051705038934064,0.0015868642577221035,0.01060148467096704,0.015393791052511336,3.63427734375,0.3338921912310102,2.056096
0.0021636547636951498,0.0013349581113263863,0.0231531692931926,0.0001458648984238778,0.0010124418276157613,-3.61572265625,3.0005588578976763,2.7560960000000003
0.040333587164376024,0.011910562984925082,0.001968423602914629,0.02970914656793947,0.0025450286382000618,0.38427734375,-1.4438855865467666,3.4560960000000005
0.010435916032302286,0.0071067235244834884,0.013432661752316537,0.0036694812811721264,0.005946533437298563,-1.61572265625,1.2227810801198995,0.12409600000000001
0.004248720271467869,0.0011731518806521583,0.003792750292030347,0.002220060512062488,0.01338090567417297,2.38427734375,3.8894477467865656,0.824096
0.004093243785608715,0.017734451725444553,0.002211099864242619,0.0033163903947643764,0.000933430476613265,-2.61572265625,-3.7154905248183714,1.5240960000000001
0.023378668811559093,0.006830510347791152,0.003483605812707954,0.03183463337104299,0.009236592484376575,1.38427734375,-1.0488238581517049,2.2240960000000003
0.028328639680460403,0.003859835194301915,0.03740711999987124,0.002005335076773452,0.012150636086989176,-0.61572265625,1.6178428085149612,2.9240960000000005
0.00456741675149833,0.0029493279492895062,0.0014780905678734061,0.01230134948147033,0.0035837413909518495,3.38427734375,-2.8266016359294825,0.26409600000000005
0.008445141935779873,0.012906192891854571,0.011810926645141938,0.0027258511766681936,0.002649488980692897,-3.11572265625,-0.15993496926281603,0.964096
0.011819315121301771,0.002466998217307552,0.01006774224597023,0.003571636628179889,0.0237509074779452,0.88427734375,2.5067316974038496,1.6640959999999998
0.017288168640613718,0.039829046954730746,0.004815842223706183,0.008915236711066142,0.0023512582168020127,-1.11572265625,-1.9377127470405937,2.3640960000000004
0.008334805227054192,0.0006794102153035265,0.0012612560811668817,0.009010940559867616,0.035213996277704426,2.88427734375,0.7289539196260728,3.0640960000000006
0.005391317062368589,0.0029822612183369114,0.0131970831033828,0.0016117498732194436,0.004678456854803888,-2.11572265625,3.395620586292739,0.404096
0.005910976316860197,0.005200323081322309,0.0015660691007234045,0.018000052729556376,0.0027937633246175398,1.88427734375,-3.4191942285220747,1.104096
0.029769333245898595,0.015251480478510559,0.008293568425045764,0.013257210086755329,0.007424561099028838,-0.11572265625,-0.7525275618554086,1.8040960000000001
0.003433807085537772,0.00045282341491524743,0.0011034236822657112,0.0032910898322816777,0.022783818466829812,3.88427734375,1.914139104811258,2.5040960000000005
0.0014952617059883415,0.022174268977053973,0.0014361917890198532,0.0004396119915416019,0.00012599005645290513,-3.92822265625,-2.530305339633186,3.2040960000000003
0.016762815229376254,0.008433475525808887,0.009250945053342138,0.008468284727252428,0.009442345080411004,0.07177734375,0.13636132703348025,0.544096
0.00754542262997577,0.0036721269474984967,0.021751023983188355,0.0017235751639426424,0.005523616297680341,-1.92822265625,2.8030279937001454,1.2440959999999999
0.012453686635865583,0.004904363413440675,0.0022058754926309967,0.034930441792416056,0.006694577814159131,2.07177734375,-1.6414164507442974,1.9440960000000003
0.008637646045010583,0.008172147542073445,0.03622836257963514,0.0008931540410194635,0.0019451013040880786,-2.92822265625,1.0252502159223686,2.6440960000000002
0.002529121625080873,0.00015678844722345902,0.0036013323920056663,0.00010013097527066699,0.023357488856375765,1.07177734375,3.6919168825890347,3.3440960000000004
0.007696673036726299,0.014469860523360434,0.003301996793637789,0.008124576072454336,0.002369433491972154,-0.92822265625,-3.1228979322257784,0.684096
0.008945279443696021,0.0027334617017845016,0.0023628185914368084,0.01601265612875027,0.011264413132881478,3.07177734375,-0.4562312655591123,1.384096
0.0047993001672249685,0.003756967457860725,0.0259150513678736,0.0006913280767684704,0.0020457070753614848,-3.42822265625,2.2104354011075538,2.084096
0.017004219141454672,0.01307918175145165,0.0020022863773727366,0.034896029643332806,0.0026879586924288177,0.57177734375,-2.23400904333689,2.784096000000001
0.03985261768441095,0.010989109203473076,0.03324303687184362,0.0011144268164972626,0.0025463925073438416,-1.42822265625,0.4326576233297761,3.4840960000000005
0.005173791197451239,0.0017187044852027158,0.0039630624186867336,0.003278372011586704,0.01207670326051074,2.57177734375,3.099324289996442,0.017696000000000003
0.009429554666639818,0.01736650547189822,0.007620424130236743,0.004377332780667808,0.002749948798380539,-2.42822265625,-1.3451201544480011,0.7176960000000001
0.015238767042895717,0.003407436069459909,0.0067888829236723985,0.00753840068897696,0.023899903908092587,1.57177734375,1.3215465122186654,1.417696
0.004932166570766846,0.0011703359304288984,0.01315526134616313,0.0008358276915998604,0.008969878597571602,-0.42822265625,3.9882131788853314,2.1176960000000005
0.0012388028064733688,0.0007466662278751185,0.0002081157142471233,0.014308248533513791,0.0006604078464907937,3.57177734375,-3.967891073515216,2.817696
0.00552745421611524,0.011258345296572577,0.0061619859907236195,0.0026333577161455997,0.0019133548703683544,-3.67822265625,-1.30122440684855,0.157696
0.015968022304488478,0.005323160751003324,0.011368508148267802,0.005955837439529183,0.014162792752680283,0.32177734375,1.365442259818117,0.8576960000000001
0.00730393622046348,0.02365481850589921,0.003123836081339582,0.006058620687370697,0.0015996120624140824,-1.67822265625,-3.079002184626327,1.557696
0.015531520583189561,0.0031625776453954855,0.0026218460749158528,0.024704358755952657,0.014931819470652067,2.32177734375,-0.41233551795966106,2.2576960000000006
0.00535754979984933,0.0024834217469434042,0.06377880399634811,0.00029695906671165184,0.0019145099771379517,-2.67822265625,2.2543311487070055,2.9576960000000003
0.009343898270501196,0.007041497150142762,0.0031861330287612476,0.014607068819929174,0.0049135310838328596,1.32177734375,-2.1901132957374383,0.297696
0.019348439340324118,0.009852447366353236,0.013960976334276894,0.0063860861883661395,0.00866494774516916,-0.67822265625,0.47655337092922867,0.9976960000000001
0.0038260063406655846,0.0007526444175127243,0.0023133910501762136,0.002426726124501114,0.01926455659938971,3.32177734375,3.1432200375958947,1.697696
0.00258614512585228,0.019988181577551757,0.0014899248285793058,0.0017305867902667,0.00039734368997973663,-3.17822265625,-3.67159477721892,2.3976960000000003
0.0451904631709192,0.008041259959998118,0.0029944390330653202,0.03436888049762309,0.0065769436904214214,0.82177734375,-1.0049281105522536,3.097696
0.011409894192276436,0.006056833443951461,0.01508758526776125,0.003648012813588883,0.007551439728966123,-1.17822265625,1.6617385561144138,0.437696
0.005717945652493232,0.003540055427493322,0.001456898267294704,0.019484086806165625,0.0036841177426079406,2.82177734375,-2.782705888330031,1.137696
0.016019908054108883,0.018851292244447843,0.017257469621435925,0.00363885878383301,0.003541200923525128,-2.17822265625,-0.11603922166336478,1.8376960000000002
0.008566256958393206,0.0009825320775403207,0.004858771139537415,0.002650469128861792,0.04997719089764657,1.82177734375,2.5506274450033013,2.5376960000000004
0.024871950454632506,0.026677065079910342,0.0023243750965216054,0.017900239406551725,0.0017394915331748985,-0.17822265625,-1.8938169994411425,3.2376960000000006
0.00571300592014616,0.0018534908775932493,0.0023409710639012526,0.0071395022586340584,0.011349845234419346,3.82177734375,0.7728496672255245,0.577696
0.0030598044300583515,0.0022413235599929608,0.012752839784099218,0.0006571205009449473,0.002000241101492843,-3.80322265625,3.4395163338921906,1.277696
0.007873497562167769,0.012871813711213884,0.0018161230014765958,0.01604122597041318,0.001879742877591592,0.19677734375,-3.3752984809226234,1.9776960000000003
0.02277594018222208,0.037349754293931246,0.01242635579509049,0.003996185702253173,0.002520469798213091,-1.80322265625,-0.7086318142559573,2.6776960000000005
0.0069740558807117005,0.00030248480545864867,0.001732979591716186,0.0017060838150760415,0.12357277907354955,2.19677734375,1.9580348524107096,3.3776960000000003
0.0058059100535249476,0.012949701646722872,0.004423908669788313,0.003809369568991693,0.0019382767665478838,-2.80322265625,-2.486409592033735,0.045696
0.016017968318050264,0.005860730741525334,0.006523787673682674,0.010962814562630027,0.012818586966002148,1.19677734375,0.18025707463293195,0.7456960000000001
0.00969358592791705,0.0031991969802190627,0.0195400536529256,0.0022225686763354263,0.0098793689264731,-0.80322265625,2.846923741299598,1.445696
0.006705995120259942,0.0022143167078417067,0.0012040129580252622,0.029230762246056564,0.0058660119623535605,3.19677734375,-1.5975207031448462,2.1456960000000005
0.00590410529580518,0.00658841520580957,0.03193946870600853,0.0005007240287260762,0.0012189467845144769,-3.30322265625,1.0691459635218212,2.8456960000000002
0.005765619450563546,0.002065829265147588,0.007090449663850736,0.0023831619065174886,0.010183117321920652,0.69677734375,3.7358126301884873,0.185696
0.005390344682877638,0.013441295150044887,0.0023649607621719225,0.0062173496973999,0.0015704921101461489,-1.30322265625,-3.869125641416451,0.885696
0.0099594975908082,0.0035101019991655336,0.0021918158064656826,0.023966635930825073,0.008379181376057174,2.69677734375,-1.2024589747497845,1.585696
0.011915204334105436,0.006938980476917344,0.04209738438623341,0.001539496843234947,0.0038474864691659077,-2.30322265625,1.464207691916882,2.2856960000000006
0.005764819298557483,0.003879490954810657,0.0006692289616984292,0.05513779081195319,0.0014356936677892562,1.69677734375,-2.9802367525275617,2.9856960000000003
0.015112255613152485,0.0099698181970258,0.008607723703049451,0.008222146439791389,0.007249754626042318,-0.30322265625,-0.31357008586089563,0.325696
0.004589171940672677,0.0011869280650070608,0.002407110058928754,0.003866990410800147,0.015287648070959645,3.69677734375,2.3530965808057713,1.0256960000000002
0.005041957839265195,0.021510292932111166,0.004492115054271669,0.0021791424072857457,0.0010824505642174156,-3.55322265625,-2.0913478636386733,1.7256960000000001
0.04377820301093361,0.006370436898454483,0.011295315971614516,0.009287638512199136,0.019143459002030686,0.44677734375,0.5753188030279945,2.4256960000000003
0.004234011472222801,0.0008299289306768414,0.043221377430719056,0.0001575687900069036,0.0037349661855243183,-1.55322265625,3.2419854696946606,3.1256960000000005
0.004777763217139896,0.004002332607884927,0.0014879226051580938,0.013239989263035898,0.00280061455251963,2.44677734375,-3.5728293451201547,0.465696
0.010588738320194807,0.01915563137879182,0.009768311571096653,0.003869631993459301,0.0027741500963651892,-2.55322265625,-0.9061626784534882,1.165696
0.015216672943327632,0.0026714670844884634,0.007440005453677335,0.005721439644141071,0.031943207945294254,1.44677734375,1.7605039882131797,1.8656960000000002
0.011888996128153051,0.028800133194055832,0.002402464941604077,0.012784190286550395,0.0016518734005665343,-0.55322265625,-2.683940456231266,2.5656960000000004
0.004462411387142709,0.00038904831102848847,0.0004913286448141003,0.012793623711633187,0.012966198690092506,3.44677734375,-0.01727378956459935,3.265696
0.005366945833405599,0.003895481402247033,0.014894320286505008,0.001501219692943651,0.0033756247060189727,-3.05322265625,2.649392877102067,0.605696
0.015019224857523281,0.00960051581665418,0.0037546163899028913,0.021040772516991317,0.005794412470494514,0.94677734375,-1.795051567342377,1.305696
0.026128543701699734,0.00976661393325574,0.025386853807842218,0.0044121782244265564,0.008401970495723426,-1.05322265625,0.8716150993242904,2.0056960000000004
0.002402167649637843,0.00026126635349060627,0.0014705757836827261,0.0008393711943645561,0.02541836320117623,2.94677734375,3.5382817659909565,2.7056960000000005
0.002557873631440621,0.05202430003424077,0.0008657783274294712,0.0017352587863550361,0.00015410079318591377,-2.05322265625,-3.276533048823858,3.4056960000000007
0.010273370834723449,0.004910528037109924,0.004054543021316611,0.011796684835036715,0.008742654468769406,1.94677734375,-0.6098663821571919,0.073696
0.012583973986991154,0.004397540534545166,0.013059573522999253,0.004123093847462888,0.01258695290096942,-0.05322265625,2.0568002845094755,0.7736960000000002
0.003942726325146934,0.001876953682077872,0.0009650811184106185,0.01612715847908097,0.0035998075299870083,3.94677734375,-2.387644159934969,1.4736960000000001
0.00508957227066424,0.00983684987577246,0.013275450575630524,0.0009596595118821339,0.0012123690093625938,-3.95947265625,0.27902250673169693,2.1736960000000005
0.009278641437125399,0.0010869028918843013,0.017275874512644125,0.0008553860219251024,0.018778960319871398,0.04052734375,2.945689173398363,2.8736960000000003
0.009408414854659224,0.014478729418919164,0.006782451142160214,0.005302846729595691,0.0031919303100772334,-1.95947265625,-1.4987552710460808,0.213696
0.01167784623035486,0.00321227142969946,0.005277843084860202,0.007967364776833488,0.018666657388744755,2.04052734375,1.1679113956205862,0.9136960000000001
0.003332950832565919,0.0018173320954611436,0.01550752764827252,0.0006010893052903228,0.002621489604221886,-2.95947265625,3.8345780622872523,1.613696
0.005187634778216995,0.006721121722767576,0.0010149963662525008,0.020585909234874418,0.0013757407655672937,1.04052734375,-3.770360209317685,2.3136960000000006
0.03751847206883641,0.04065152276383585,0.006812768642274589,0.007573979083115121,0.002637126757138705,-0.95947265625,-1.103693542651019,3.0136960000000004
0.006812952400284712,0.0021583299093548623,0.0034771639328411456,0.005889047074119459,0.013969346709448506,3.04052734375,1.562973124015648,0.353696
0.004368018115296172,0.01578408105266951,0.003381306171136533,0.0026256353820920874,0.0011451863210995687,-3.45947265625,-2.8814713204287967,1.0536960000000002
0.030012075416016807,0.009178060519543712,0.00806539329136433,0.014181317906771306,0.012093533996279191,0.54052734375,-0.2148046537621302,1.7536960000000001
0.010783487035007474,0.0031454679741469995,0.04472846805414798,0.0011684649408762865,0.006690713411657443,-1.45947265625,2.4518620129045363,2.4536960000000003
0.0062259597294263965,0.001626730747399101,0.0005614868257437353,0.0844045955156662,0.00288528578523426,2.54052734375,-1.9925824315399079,3.153696
0.009755169368880089,0.009230833403775125,0.014213027259547859,0.003159710742429013,0.004123035508337765,-2.45947265625,0.6740842351267595,0.493696
0.006551335936477746,0.0016275478574156942,0.0061198778170296455,0.0026540319037371865,0.018108480254320915,1.54052734375,3.3407509017934256,1.193696
0.007274219648131296,0.016815298080847963,0.0020153056265502433,0.010904799812380059,0.0016102466008992551,-0.45947265625,-3.474063913021389,1.8936960000000003
0.00572199174130477,0.0011547220691945257,0.0009011089201768793,0.02171340349279672,0.008184002141398283,3.54052734375,-0.8073972463547228,2.5936960000000004
0.0020569750449946594,0.0018186683790219291,0.030207711496800082,6.980630167125258e-05,0.0004703466415164004,-3.70947265625,1.8592694203119446,3.2936960000000006
0.009990172294424577,0.010892670913618988,0.003462234007361032,0.013153262461265832,0.0037286698379589804,0.29052734375,-2.5851750241325,0.633696
0.01720486141706085,0.014724127562838252,0.016137330055200995,0.004717010697743215,0.0050722937349772425,-1.70947265625,0.08149164253416696,1.333696
0.00672523634873935,0.0010897055806145756,0.004045057581827303,0.0030470874061504557,0.033399768438262985,2.29052734375,2.748158309200832,2.0336960000000004
0.00790146405634644,0.05360562641719833,0.005124317763454955,0.0022105958350932546,0.0008790030238955452,-2.70947265625,-1.6962861352436116,2.7336960000000006
0.034031832428203734,0.0011473498586242845,0.0039075049740470965,0.005315525507034696,0.05378813763050697,1.29052734375,0.9703805314230554,3.4336960000000003
0.005889517397101335,0.0026116786543089487,0.010060697413150329,0.002074438014141028,0.00719788426893798,-0.70947265625,3.6370471980897214,0.101696
0.004275843702751347,0.0028490999619827533,0.0012223816920188127,0.014319351389622054,0.003030628865059347,3.29052734375,-3.1777676167250926,0.8016960000000001
0.00835383294219842,0.016759278675012663,0.011138594516429012,0.0024812398411942736,0.0021024537203374236,-3.20947265625,-0.5111009500584265,1.5016960000000001
0.01603788993781375,0.0024641342987382154,0.01135822675757668,0.0037714593641640934,0.030866127327279405,0.79052734375,2.1555657166082405,2.2016960000000005
0.012955262507401668,0.05805332953707372,0.002916711197481629,0.0071846216216201984,0.0011888320364962129,-1.20947265625,-2.288878727836204,2.9016960000000003
0.008383104614078948,0.0030750275096475253,0.0035259166603925233,0.009130849995700803,0.011560007750279978,2.79052734375,0.3777879388304628,0.24169600000000002
0.0062036858391491785,0.0033308079222345785,0.017667267513274323,0.0015750418942545026,0.004719662057101675,-2.20947265625,3.044454605497129,0.9416960000000001
0.014613574822591506,0.005947280131958204,0.002998311810405534,0.02749010637786821,0.0077857450641661335,1.79052734375,-1.3999898389473153,1.641696
0.031857523817448115,0.005744386611189045,0.021459773457239942,0.004750654691845078,0.016040402261186755,-0.20947265625,1.266676827719352,2.3416960000000007
0.000774994361230119,6.446075819658585e-05,0.00040322697227156205,0.00020336760599208969,0.011739979843383878,3.79052734375,3.933343494386018,3.0416960000000004
0.0029025279937236266,0.00920743436739598,0.0022244714075024814,0.00221118357177335,0.0009213245650166714,-3.83447265625,-3.9349692628156276,0.38169600000000004
0.01816145490559497,0.012622131007374745,0.006004089780077632,0.014051685217473457,0.006356952494901139,0.16552734375,-1.2683025961489616,1.0816960000000002
0.014694393239043214,0.007759619400506361,0.03056955400953623,0.0026476372328462527,0.005757197107799327,-1.83447265625,1.3983640705177054,1.7816960000000002
0.005562036480760275,0.0035772943844883257,0.0008708099734127131,0.0399072952036646,0.0021552300664610343,2.16552734375,-3.046080373926739,2.4816960000000003
0.008977680446773967,0.026786951138981028,0.013236797664277457,0.0008353701864186249,0.0007973472560967802,-2.83447265625,-0.37941370726007273,3.1816960000000005
0.009767289200205781,0.003055726591977361,0.007683359989704472,0.0044584000439818906,0.015577608637069902,1.16552734375,2.287252959406594,0.5216959999999999
0.01292872017131471,0.019940741457924283,0.004934308366976778,0.010015802418552546,0.0033055137208783006,-0.83447265625,-2.15719148503785,1.2216960000000001
0.00864045204181326,0.0017616355214054105,0.0022766702240593325,0.011074801174465288,0.019416108693013766,3.16552734375,0.509475181628817,1.9216960000000003
0.0025817619088512214,0.0014151095347757561,0.024744863344126965,0.00020235558634872414,0.0013840929587406083,-3.33447265625,3.176141848295483,2.6216960000000005
0.0033521947362836254,0.0059771562404789145,0.00040943416120416506,0.019696457132296126,0.0004116128775546032,0.66552734375,-3.6386729665193314,3.321696
0.01384906426512701,0.015598519947161401,0.008639575909857937,0.006778906338017073,0.004488350687378956,-1.33447265625,-0.9720062998526653,0.6616960000000001
0.008656175962585201,0.001949073583300443,0.003862419767648783,0.006113567120713256,0.023536155719751373,2.66552734375,1.6946603668140021,1.361696
0.006675535073567916,0.03416734534529285,0.0032932173765594626,0.003952842830177365,0.0011434477126870796,-2.33447265625,-2.7497840776304425,2.0616960000000004
0.028904067690439923,0.0034438733549157483,0.0034224640000069,0.021942343251452116,0.020073543529968853,1.66552734375,-0.08311741096377645,2.7616960000000006
0.009662161134646595,0.0006486772619001518,0.0278214221151169,0.0002258202735658213,0.012670432805175727,-0.33447265625,2.5835492557028896,3.4616960000000008
0.005088942193012046,0.0027139734699282636,0.0017427171186147367,0.011466643306398532,0.0049449866388676,3.66552734375,-1.8608951887415541,0.129696
0.006435726173124324,0.007931398243523397,0.013341895757270477,0.0019016191118949566,0.0025061335312268253,-3.58447265625,0.8057714779251128,0.8296960000000001
0.007303264846399365,0.0018143826891105941,0.010361844568965904,0.002039418302956786,0.014914040581555689,0.41552734375,3.472438144591779,1.5296960000000002
0.006108383860105901,0.028657892539914655,0.00213096533535897,0.005582434118547654,0.0010140760918096506,-1.58447265625,-3.342376670223035,2.2296960000000006
0.013763727712374578,0.001976192228120398,0.001428330522646545,0.03769081518339134,0.011605951534157801,2.41552734375,-0.675710003556369,2.9296960000000003
0.007142671699929275,0.005290203265230714,0.014575388151186901,0.002209538868621628,0.0042249843591807435,-2.58447265625,1.990956663110298,0.26969600000000005
0.009707002343480613,0.007260939671654689,0.0026439242452592883,0.01958489385977558,0.004438408312153805,1.41552734375,-2.4534877813341462,0.9696960000000001
0.02837046304287585,0.012084848046466593,0.015006814255241287,0.007447600080915851,0.008993910172446119,-0.58447265625,0.21317888533252027,1.6696959999999998
0.0033047684614275243,0.00045153180866844717,0.0015916104999126291,0.0019899989699032794,0.025512492305094597,3.41552734375,2.8798455519991863,2.3696960000000007
0.005361732454073738,0.050162416963983054,0.004380190557890635,0.0010916740223125133,0.00047285076756039174,-3.08447265625,-1.5645988924452578,3.0696960000000004
0.013362534593334922,0.004869538781091518,0.008037696149405723,0.006984325394446442,0.01351030700553048,0.91552734375,1.1020677742214096,0.409696
0.005753666371803496,0.002215546287811391,0.013991023997223505,0.0015083641289629997,0.006932738834486389,-1.08447265625,3.7687344408880756,1.1096960000000002
0.003292780263142367,0.002503517069160601,0.0007459286863021543,0.01765540034989296,0.0017653726563148203,2.91552734375,-3.836203830716862,1.8096960000000002
0.015583959656894473,0.04457856657131096,0.008876279161938882,0.0038886191112512225,0.0020170199935160902,-2.08447265625,-1.1695371640501961,2.5096960000000004
0.013709540656104365,0.0007333127572283963,0.002885170791086497,0.004033789032667993,0.09097092565240993,1.91552734375,1.4971295026164704,3.209696
0.008587674702866073,0.011539913794622313,0.00322352464741733,0.01098631298837148,0.00299986193512077,-0.08447265625,-2.9473149418279734,0.549696
0.005773537872527914,0.0018132243849282353,0.0017085822560608554,0.011224726491774428,0.0094770334604949,3.91552734375,-0.2806482751613073,1.249696
0.003630068536736748,0.003170158034413258,0.018780346178203358,0.0005690912613550047,0.0016320416330708309,-3.89697265625,2.3860183915053597,1.9496960000000003
0.020761441860433456,0.019748462354502717,0.002876278312679143,0.023271954377621248,0.0029471014498849532,0.10302734375,-2.0584260529390845,2.6496960000000005
0.02178911995663631,0.010614179654028671,0.04594247341466086,0.0008303298467411264,0.002064805947901055,-1.89697265625,0.6082406137275829,3.3496960000000007
0.005771523803409017,0.0016376173706333568,0.00476578678397815,0.0030036350609651194,0.015492522828016903,2.10302734375,3.274907280394249,0.6896960000000001
0.004099276045026204,0.017224009739256294,0.0024548456958403053,0.0030370964319224535,0.0009726895426261123,-2.89697265625,-3.539907534420566,1.389696
0.026744363325252887,0.008058570755867864,0.004498735711970127,0.02554552658083057,0.00993304070672559,1.10302734375,-0.8732408677538999,2.0896960000000004
0.021717916248262886,0.003965575018363522,0.04477608236397699,0.0017407046813497356,0.00990584276692591,-0.89697265625,1.793425798912768,2.7896960000000006
0.001631514906535722,0.0004687922814964029,0.00011563721874133848,0.053438248911313775,0.0007869907496015216,3.10302734375,-2.651018645531677,3.4896960000000004
0.006550494454266554,0.009049629332751363,0.009277715828894566,0.0025878325545209717,0.0026616970497580837,-3.39697265625,0.01564802113498942,0.023296
0.009528531137162746,0.002965857154875839,0.009674746733272156,0.0035248445224106847,0.01451893888339698,0.60302734375,2.6823146878016555,0.723296
0.01401177176029225,0.024940413965205147,0.006410727364154348,0.0075571421392489875,0.0031323107699447114,-1.39697265625,-1.7621297566427887,1.4232960000000001
0.011617525474655761,0.0019175377594479496,0.0031372496874342236,0.009789714993331087,0.029389291338845484,2.60302734375,0.9045369100238787,2.1232960000000003
0.0028270725576526956,0.0009355310838285036,0.029427544267122244,0.0001626673054550196,0.002152278251014261,-2.39697265625,3.571203576690545,2.823296
0.006217343503816213,0.005733632521946183,0.0021327217677017435,0.012837984083828406,0.003254699328642741,1.60302734375,-3.2436112381242697,0.163296
0.018627565298440247,0.012590924785277064,0.008931232395395875,0.009422756082754896,0.006977029365030801,-0.39697265625,-0.5769445714576036,0.8632960000000001
0.004953533270329838,0.0010563923380386953,0.0022272257486460516,0.004235398985355024,0.019564568473381037,3.60302734375,2.089722095209064,1.563296
0.003917141652809099,0.024551279149216572,0.0032518935102306286,0.0015841983861285742,0.0006406163711359283,-3.64697265625,-2.354722349235381,2.2632960000000004
0.07325701276551601,0.00642228186257761,0.009708910474778632,0.009609584052755159,0.01587322876826606,0.35302734375,0.31194431743128526,2.963296
0.0067967106716415185,0.0035979775482660346,0.013810896666180954,0.00210719652755247,0.005875003959879219,-1.64697265625,2.9786109840979513,0.303296
0.010004776406800754,0.004593737519777666,0.002672396755562415,0.019952792823277804,0.007244516028154282,2.35302734375,-1.4658334603464924,1.0032960000000002
0.010283879720765431,0.008332431056424918,0.02640958973973421,0.00201224227510516,0.0035694485638144012,-2.64697265625,1.2008332063201745,1.7032960000000001
0.004271946607147212,0.0006230798962708384,0.005112259090682465,0.0009499372714322916,0.020783788696360644,1.35302734375,3.8674998729868406,2.403296
0.003810308450997864,0.01810778114302983,0.0007875563867699416,0.0070277786255401355,0.0003986680940910011,-0.64697265625,-3.737438398618097,3.103296
0.006648400271324839,0.002929354421181852,0.0021983150555867645,0.012730839168763044,0.007155322324542454,3.35302734375,-1.0707717319514307,0.44329599999999997
0.007043109555651249,0.006235197146390583,0.01901291167160215,0.0017275501820946785,0.003103312171232196,-3.14697265625,1.5958949347152362,1.143296
0.010140407769264594,0.009986383637885479,0.002108345072092785,0.02409181840146438,0.002889560766733046,0.85302734375,-2.848549509729208,1.843296
0.03799711796952492,0.02105977444135784,0.016823107140613417,0.005668656598481008,0.0051488483550233876,-1.14697265625,-0.18188284306254188,2.5432960000000002
0.003120040172612451,0.00018134311521418172,0.00101865691543703,0.0010102482078789506,0.06496941862786855,2.85302734375,2.4847838236041246,3.243296
0.008721303425894495,0.017293587508288057,0.005856205586855563,0.005109658271502214,0.002575148834110447,-2.14697265625,-1.9596606208403196,0.583296
0.015106271224825054,0.0038042304737161813,0.005442166853822043,0.010378883217508822,0.01968284224677982,1.85302734375,0.7070060458263479,1.283296
0.0076802555073934515,0.001765662785563423,0.015041630557018388,0.0015373281124057394,0.013167733950955364,-0.14697265625,3.373672712493014,1.9832960000000002
0.0016191181471052931,0.0007988980669678156,0.0002771823853867613,0.016587587001115883,0.0010621166757518487,3.85302734375,-3.4411421023218005,2.6832960000000003
0.002657782358116585,0.017794066332402502,0.00518732476490811,0.0002555267033180535,0.00021141590171549487,-3.77197265625,-0.7744754356551344,3.383296
0.010596493587148608,0.004373528421088884,0.00968571195602517,0.0045430209080117015,0.010917821542063253,0.22802734375,1.892191231011533,0.051295999999999994
0.008274523534107289,0.018103853180157115,0.004482822511584152,0.0060234469948161565,0.002330744843880991,-1.77197265625,-2.5522532134329117,0.7512960000000001
0.014158501085208483,0.0036747872751879155,0.003972253129140853,0.01457197024625158,0.01668315393551569,2.22802734375,0.11441345323375529,1.4512960000000001
0.005217312682392649,0.0028049438753328386,0.03127211794139657,0.0006817220359366516,0.0028882089487660845,-2.77197265625,2.7810801199004205,2.1512960000000003
0.020962437779879214,0.007109257622772778,0.001983650628948006,0.05490048625112296,0.004714758373666008,1.22802734375,-1.6633643245440233,2.851296
0.01277915946704561,0.007165218564480377,0.012111176540065308,0.004972021398715427,0.007942790142111196,-0.77197265625,1.0033023421226437,0.19129600000000002
0.003620284612300776,0.0009668242313149081,0.002705559873553603,0.0022883555207667853,0.012938535633253557,3.22802734375,3.6699690087893098,0.891296
0.004057250363219718,0.019063141189194947,0.002749035131243312,0.00250696255512814,0.0008922289714474506,-3.27197265625,-3.1448458060255042,1.591296
0.038077132377079645,0.00895342139485311,0.006189789529570927,0.01956511297162815,0.01158208158774054,0.72802734375,-0.47817913935883816,2.2912960000000004
0.013178950391590201,0.0025594343197966533,0.06472711615780032,0.0007389025464302613,0.0065775890326331445,-1.27197265625,2.188487527307829,2.991296
0.006525119266322877,0.003966501241101496,0.002075503416376914,0.014663839583233048,0.004793639299260591,2.72802734375,-2.2559569171366154,0.33129600000000003
0.01225535973256172,0.011714064540482676,0.0164499310761852,0.003473639027409761,0.0042420547951771215,-2.27197265625,0.4107097495300511,1.0312960000000002
0.007112611858948696,0.0013866083692162022,0.0057122241727832895,0.0027066538576585603,0.025538932134963478,1.72802734375,3.077376416196717,1.7312960000000002
0.031415512002146664,0.023214512284992512,0.005618024976194238,0.015552904748370159,0.004466359060813554,-0.27197265625,-1.367068028247727,2.431296
0.003006209239857277,0.00023920827892874347,0.0005775090949587875,0.0034864585384449193,0.02567815340947498,3.72802734375,1.2995986384189404,3.131296
0.0030888068777086904,0.0021404165243100273,0.009669613868916991,0.000894769566428301,0.0024419605362835176,-3.52197265625,3.9662653050856065,0.471296
0.0058539177259165085,0.008694343702807738,0.0017538211096910807,0.012338777891708026,0.001938777730312214,0.47802734375,-3.9020474521160393,1.1712960000000001
0.018360181583345566,0.029814998259326302,0.008709829896706383,0.006656799706261231,0.003318526029833073,-1.52197265625,-1.2353807854493728,1.871296
0.010597398158400802,0.0011978217687644331,0.002944155211612099,0.006377437398631295,0.04822841012386514,2.47802734375,1.4312858812172937,2.5712960000000002
0.0028453211446998095,0.057093025530687264,0.0012415660309908073,0.001405021523991518,0.00019998825611444948,-2.52197265625,-3.01315856322715,3.271296
0.014095694685841084,0.005861373690219631,0.0051539107682788176,0.012935551816603158,0.010667579257056687,1.47802734375,-0.34649189656048396,0.6112960000000001
0.012707723904078408,0.004111011627752367,0.01834077241209363,0.0031414500951187333,0.011777245922654911,-0.52197265625,2.320174770106182,1.311296
0.004930893504096821,0.0019926972874337477,0.0009665503149287129,0.024864920381165962,0.004109336305974486,3.47802734375,-2.1242696743382616,2.011296
0.008744968406405701,0.011519144956056316,0.026844164414117154,0.000960300158299935,0.00157675236436493,-3.02197265625,0.5423969923284053,2.7112960000000004
0.004082943739286371,0.0002127082618278304,0.004792491038182938,0.00017030998636087478,0.03535718638990997,0.97802734375,3.2090636589950714,3.411296
0.005847225724976548,0.01082482298925891,0.0028363543294795544,0.00664372932666157,0.0020963715608255436,-1.02197265625,-3.605751155819743,0.07929599999999999
0.008232075540200418,0.0033230093779136128,0.0024886625379043144,0.01512971506116132,0.00838780888695067,2.97802734375,-0.9390844891530765,0.7792960000000001
0.011439812152082054,0.006400229618240141,0.026925261904197157,0.0023612333261459296,0.005417001097040939,-2.02197265625,1.7275821775135904,1.4792960000000002
0.007788919114599973,0.004791858824991129,0.0013216884442076092,0.038404301053852,0.003145097849641297,1.97802734375,-2.716862266930854,2.1792960000000003
0.07413450261021698,0.010763504762243515,0.0104602358046012,0.010159197330365253,0.009969899745434649,-0.02197265625,-0.05019560026418768,2.879296
0.003908229174817407,0.0012555412452811595,0.0023442760102099437,0.0034135623712444733,0.010605898110512844,3.97802734375,2.616471066402478,0.21929600000000002
0.00466280271165842,0.013605854095406022,0.004985936955628994,0.002160283637398001,0.0013205264237817296,-3.97509765625,-1.8279733780419654,0.919296
0.026367776471096085,0.007325775256083165,0.014260579155636282,0.007156784022324609,0.01435818438868849,0.02490234375,0.8386932886247012,1.619296
0.004635814205404355,0.0016174978343708425,0.027173317438150702,0.0005255819526507516,0.00399690676498295,-1.97509765625,3.5053599552913672,2.3192960000000005
0.003698804681226194,0.0025634140607659565,0.000455402411908265,0.04476902536700981,0.0010477658808199597,2.02490234375,-3.3094548595234468,3.019296
0.007906861303288342,0.012485555001833456,0.008883906539287159,0.003268877408756711,0.0027378101664290327,-2.97509765625,-0.6427881928567802,0.35929600000000006
0.012563611472215538,0.003323480513952761,0.008944993906434945,0.004967513543060753,0.019345595467345256,1.02490234375,2.0238784738098863,1.0592960000000002
0.012425660750484764,0.02619978591471456,0.004078911989826163,0.009770278018398916,0.0024974670094822446,-0.97509765625,-2.420565970634558,1.7592960000000004
0.009400267688386248,0.0014662465438999735,0.0017978013214863542,0.014097620597022912,0.020453915912732316,3.02490234375,0.2461006960321086,2.459296
0.001625283196032134,0.0008845520855183298,0.02859968503005534,5.364457867757872e-05,0.000673387128497798,-3.47509765625,2.9127673626987747,3.159296
0.013233800575020686,0.009758576636887608,0.0048743991819932,0.013323735486699372,0.005912694783178468,0.52490234375,-1.531677081745669,0.499296
0.015451934641079936,0.008513358323598133,0.020702892372854893,0.0037957722914037408,0.00690423434344002,-1.47509765625,1.1349895849209979,1.1992960000000001
0.003671740092071944,0.0006669300184918536,0.003018164977008883,0.0016060274255030047,0.019304731123985442,2.52490234375,3.801656251587664,1.899296
0.0029076119406135966,0.023880817668669667,0.001294099871786524,0.002358615624181921,0.00039532243854889916,-2.47509765625,-3.803282020017274,2.5992960000000003
0.02459190069242912,0.0034851086447912744,0.0014156066930483544,0.06494472211682424,0.006045642612573217,1.52490234375,-1.1366153533506074,3.299296
0.013879786066032547,0.00590755674330383,0.01402192819995584,0.004596912760257851,0.010231214336363842,-0.47509765625,1.5300513133160587,0.639296
0.004110873099763816,0.0023619509138285847,0.0010261290820781318,0.017024874809014007,0.003074807489862461,3.52490234375,-2.914393131128385,1.339296
0.0061158761958790475,0.0141060071277155,0.01140415487775289,0.001401107903738014,0.0013649810768228611,-3.72509765625,-0.24772646446171853,2.039296
0.015030906424461692,0.0017312157771737786,0.01651189702694321,0.001856300604071326,0.026276567951622542,0.27490234375,2.418940202204948,2.7392960000000004
0.009634096440887984,0.13126092278228893,0.0024296645968471513,0.0027082943411233947,0.0004505127565962095,-1.72509765625,-2.025504242239496,3.439296
0.00942966227817868,0.0035194469844231956,0.004425196811057565,0.008432520248144643,0.012166713753204852,2.27490234375,0.6411624244271712,0.107296
0.004827168357745284,0.002929913251145804,0.014924993228820837,0.0012728137951681143,0.003632089464673534,-2.72509765625,3.3078290910938373,0.807296
0.006480748960108261,0.006854071201838434,0.0015710745824447873,0.01913452603872408,0.0023746353695660418,1.27490234375,-3.5069857237209776,1.5072960000000002
0.03274521425473156,0.023455729362789307,0.009508623378975437,0.009911599944661965,0.005209057971336216,-0.72509765625,-0.8403190570543111,2.2072960000000004
0.0043820321686437345,0.00039200335987362426,0.001177132904719832,0.00317962758285264,0.04171955685510918,3.27490234375,1.8263476096123563,2.907296
0.005047420001634076,0.012926100684625236,0.0040715151932246025,0.0031962981597236343,0.0016118254783480633,-3.22509765625,-2.6180968348320888,0.24729600000000004
0.019078984537923376,0.0072300948039938796,0.007601243614007597,0.011265815234695666,0.012075724210545312,0.77490234375,0.04856983183457775,0.947296
0.009793273618394077,0.003455035281924144,0.024773950949415417,0.001947333774022244,0.008139401575772759,-1.22509765625,2.715236498501244,1.647296
0.00807635735330868,0.002679094418330522,0.0012522725055724318,0.03998680842572661,0.005534523088572475,2.77490234375,-1.7292079459432,2.3472960000000005
0.014690832375663373,0.00860861000873305,0.05468089390976584,0.000888699442502144,0.002380789052039945,-2.22509765625,0.937458720723467,3.0472960000000002
0.005369567006362906,0.0016844243115377547,0.00510637464706292,0.002622348255003886,0.012645634720167012,1.77490234375,3.604125387390133,0.3872960000000001
0.008285054044134226,0.013403988569256975,0.0027565079954003867,0.011438788244011611,0.002472696792426511,-0.22509765625,-3.210689427424681,1.0872960000000003
0.005978497271237691,0.001657454843909042,0.0014293509796680453,0.014540200734424963,0.00932746089609068,3.77490234375,-0.5440227607580148,1.787296
0.003332240068014611,0.0029919059711143317,0.023095920968968512,0.0003494423192905303,0.0011807792846359358,-3.85009765625,2.122643905908652,2.487296
0.015897371412411907,0.018278154560081597,0.0015724725857940646,0.025310163426012697,0.0014743500756743536,0.14990234375,-2.3218005385357925,3.187296
0.012331823149168038,0.01072165279580597,0.013465996245716436,0.004265496695390924,0.0050418461997484764,-1.85009765625,0.3448661281308736,0.527296
0.006474181658509194,0.001532969805170262,0.004781049768903172,0.003204727075857198,0.02069995647301738,2.14990234375,3.0115327947975397,1.2272960000000002
0.008783650552748691,0.02944921056789578,0.007330427942973575,0.003003512874886845,0.001645645702641983,-2.85009765625,-1.4329116496469037,1.9272960000000001
0.02734549468827389,0.0027625191768788963,0.007821984211880082,0.0068267372552273135,0.04026004416781951,1.14990234375,1.2337550170197629,2.6272960000000003
0.0021648942630852377,0.00026312545367486575,0.016255814284468487,4.292104641526538e-05,0.0042777395600121434,-0.85009765625,3.900421683686429,3.327296
0.003771484376682189,0.0028895919079152603,0.00112880353981854,0.012456239184192495,0.002476485027029373,3.14990234375,-3.7045165879185085,0.667296
0.0072310277137459964,0.017937876925849236,0.008265258916921949,0.0025508420010052976,0.0018098875697440627,-3.35009765625,-1.037849921251842,1.367296
0.021804500214844702,0.0036620877766127776,0.012339474591179575,0.005313300982705691,0.026498086796166463,0.64990234375,1.6288167454148246,2.0672960000000002
0.008338331981265169,0.046805876258716086,0.0022011162641633586,0.006286644310519364,0.0009228358324153763,-1.35009765625,-2.8156276990296196,2.7672960000000004
0.009233242294991692,0.0005678095553273279,0.0006568684461186781,0.021234757337464976,0.015672965364124065,2.64990234375,-0.1489610323629531,3.467296
0.006532571786163239,0.00429251659148946,0.013630995425658887,0.0020661683278018735,0.004560139452751772,-2.35009765625,2.517705634303713,0.135296
0.01070159322801522,0.0065166782759347695,0.0030265019964743614,0.019018674929242176,0.005764217056019746,1.64990234375,-1.9267388101407308,0.835296
0.025219718273215848,0.008628567665864782,0.015948676560280595,0.006585197471039303,0.01156535296895639,-0.35009765625,0.7399278565259362,1.5352960000000002
0.0024378942603313124,0.00036926989817268643,0.0013718610864153304,0.0014154865901938342,0.017578268008348788,3.64990234375,3.4065945231926023,2.2352960000000004
0.001597206360785063,0.019693153989348372,0.0011124571893199524,0.000821186070017752,0.000173330631479448,-3.60009765625,-3.4082202916222117,2.935296
0.014184809446900417,0.008819044438424293,0.0063716576187561385,0.010702616800667255,0.007447597422242948,0.39990234375,-0.7415536249555457,0.27529600000000004
0.011091827949594756,0.00575137322902487,0.020266665584466215,0.0028238993071170136,0.0067400078986725905,-1.60009765625,1.9251130417111213,0.975296
0.0074172187895999,0.004187499186002443,0.0015425248313525903,0.02848666267556559,0.004040616074531408,2.39990234375,-2.5193314027333233,1.675296
0.01311802340310471,0.01728707055095597,0.021953376251972127,0.0020797537974187666,0.0024288559617699195,-2.60009765625,0.14733526393334362,2.3752960000000005
0.006992348256837658,0.0005020987486199712,0.004947809047406784,0.0009788221622354068,0.05696474595159403,1.39990234375,2.814001930600009,3.0752960000000003
0.012451979864993934,0.013487437454114517,0.005903317325255411,0.009262172406100241,0.004486390378538369,-0.60009765625,-1.6304425138444345,0.41529600000000005
0.006935571144517758,0.001848283332952788,0.0026664030131166197,0.007485621821298573,0.016025514055677207,3.39990234375,1.036224152822232,1.1152960000000003
0.003194905630244303,0.00176909834434902,0.016808276005241082,0.0005053651321238307,0.0023403946218348297,-3.10009765625,3.702890819488898,1.815296
0.008116252313182151,0.008819921782852735,0.0013029201171624928,0.029540733655173842,0.001837910497634153,0.89990234375,-3.111923995325916,2.515296
0.05268611351592852,0.02763973795234404,0.011968561220967166,0.0044070285806241056,0.003037619577595493,-1.10009765625,-0.4452573286592494,3.215296
0.006334323995039353,0.001847011925904962,0.003671987116649976,0.0046097552451004175,0.0156789620376805,2.89990234375,2.221409338007417,0.555296
0.009081197434726733,0.024009904191984184,0.005209023516762517,0.005243843365987565,0.0021375539064205857,-2.10009765625,-2.223035106437027,1.255296
0.018823554236569576,0.003530999328137321,0.004666008533760669,0.013453808869029612,0.023507769815009117,1.89990234375,0.44363156022963945,1.9552960000000001
0.008452193738601614,0.0012692959429426586,0.017886435797199837,0.0009804186469941736,0.01574747936786491,-0.10009765625,3.1102982268963055,2.6552960000000003
0.0019229625860061423,0.0002781570738110039,0.00017951151180870234,0.02094501945252478,0.0027071224838279046,3.89990234375,-1.3341462175481382,3.355296
0.005183983080383335,0.005921519124589749,0.012494664928475556,0.001536518839392487,0.0022926835751906228,-3.91259765625,1.3325204491185287,0.695296
0.00555165598583257,0.0015624715462353488,0.00978782734140313,0.0015363820184005035,0.010661318043617212,0.08740234375,3.999187115785195,1.395296
0.0038715902793212483,0.019261521634744216,0.0015626602659141496,0.0039824200411421274,0.0007190644846010917,-1.91259765625,-3.9991871157851953,2.0952960000000003
0.014481896055409449,0.0033598699123524537,0.0015232716793542203,0.057876015625201165,0.006958878711603451,2.08740234375,-1.3325204491185287,2.7952960000000004
0.004606214952487888,0.0032218186719190646,0.06461968759640142,0.00010869544722469222,0.0006667310745182037,-2.91259765625,1.3341462175481373,3.495296
0.006832228651970306,0.006839582016831535,0.002530402608093422,0.011762436651743879,0.003341365649759996,1.08740234375,-3.1102982268963064,0.0020160000000000004
0.016429577613404685,0.013081097205001627,0.010086200624081993,0.007343193150179396,0.006048367987077891,-0.91259765625,-0.4436315602296399,0.702016
0.006121881965592501,0.0013588054101494264,0.0030584353446768764,0.004394028778980452,0.021851595759331734,3.08740234375,2.2230351064370257,1.402016
0.004895702653416645,0.02671313816304585,0.0039343985667748905,0.002027870515925715,0.0008580971690317624,-3.41259765625,-2.2214093380074176,2.1020160000000003
0.056806965447031676,0.005513619294633197,0.009112908628997378,0.01015561934880169,0.0202109050683418,0.58740234375,0.44525732865924894,2.802016
0.0065978413500902,0.0033807650540066347,0.01247867539340463,0.002163169141409392,0.00619836709473209,-1.41259765625,3.111923995325915,0.142016
0.004400930856044267,0.0036352316996889427,0.0012569335875595052,0.014381946394885927,0.0025154012447998085,2.58740234375,-3.702890819488899,0.8420160000000001
0.01182565404159103,0.023976249796223467,0.009704073254975009,0.004040478668484802,0.0026547470442866133,-2.41259765625,-1.0362241528222325,1.5420159999999998
0.016360700086135736,0.0022571186776741935,0.006444369959629938,0.005940482267563066,0.041018019025017755,1.58740234375,1.630442513844434,2.2420160000000005
0.010144881602541464,0.02728165757837291,0.0016567893834294023,0.01335542735332442,0.0011017624101751333,-0.41259765625,-2.81400193060001,2.942016
0.006313181320898208,0.002452727785603086,0.002400961841296563,0.00945294709408675,0.008960596733034183,3.58740234375,-0.14733526393334362,0.28201600000000004
0.004462049768922924,0.003730089682891798,0.01487057844242127,0.0011278781712669836,0.0024670540896141527,-3.66259765625,2.5193314027333216,0.982016
0.017479149679797225,0.01419842455825168,0.004036584421271632,0.019871843975406832,0.004650986649984445,0.33740234375,-1.9251130417111213,1.682016
0.023110881871098485,0.011731445641280192,0.03315843963889135,0.0029721124587843233,0.005175949371692371,-1.66259765625,0.7415536249555448,2.382016
0.002590994741941554,0.00019420196957946388,0.0016715291178994594,0.00048548458689258347,0.038703394580080056,2.33740234375,3.408220291622211,3.0820160000000003
0.0047670472181028465,0.013191792478110519,0.0030708996677722778,0.0037770845023345954,0.0014644707118336812,-2.66259765625,-3.4065945231926027,0.422016
0.01703000247316176,0.0069106833999861205,0.004873763986704667,0.01721275430476268,0.010035850868108607,1.33740234375,-0.7399278565259362,1.122016
0.017228173221486787,0.004852654504575699,0.024468808353036622,0.0032647652927305895,0.012041447305527394,-0.66259765625,1.92673881014073,1.822016
0.0038816126971580405,0.00155666110821341,0.0006153910721122974,0.031985096530967476,0.002660067469789101,3.33740234375,-2.517705634303714,2.5220160000000003
0.0063848761362947926,0.013521461107194899,0.018662745322921274,0.0004470681648947754,0.0006814855160894505,-3.16259765625,0.14896103236295222,3.222016
0.008549630488799883,0.0027176424305589593,0.008427739510308436,0.0034453338318574415,0.014178896768662526,0.83740234375,2.8156276990296183,0.562016
0.014973674993352554,0.021747708536019417,0.006704441410620325,0.00840240915749037,0.0036716270676241847,-1.16259765625,-1.628816745414825,1.2620159999999998
0.009646763385766527,0.0017584658217233602,0.0029197813758538842,0.008672489075715882,0.026879966470221776,2.83740234375,1.0378499212518415,1.9620160000000002
0.003117933725974625,0.00101829935574881,0.02608477059584903,0.00023691054418659578,0.0027964393966552798,-2.16259765625,3.7045165879185076,2.6620160000000004
0.0016142245221196635,0.001567533895180475,0.00016938274536335476,0.025248415396835436,0.00032988025123817193,1.83740234375,-3.90042168368643,3.3620160000000006
0.01218540511325938,0.01035040452439408,0.006033509899618674,0.009324061393298826,0.00550203086017746,-0.16259765625,-1.2337550170197633,0.030016
0.00525921932193691,0.0015564706135035957,0.0023671898534382264,0.005614568389817121,0.013008793769763095,3.83740234375,1.4329116496469023,0.730016
0.00352821917450933,0.01546232709405213,0.002821662294675142,0.0020283020884445764,0.0008403481858713739,-3.78759765625,-3.011532794797541,1.430016
0.03927552180658686,0.011606834118728322,0.00876528849019176,0.014016302222330444,0.010325091386171718,0.21240234375,-0.34486612813087447,2.1300160000000004
0.009472760691446907,0.0027829030503447177,0.06688975761198353,0.0006419519864611562,0.004514761629932397,-1.78759765625,2.3218005385357916,2.830016
0.00760674789152531,0.004886081383476981,0.002557093924048332,0.014173604660415971,0.005126906686422175,2.21240234375,-2.122643905908652,0.170016
0.00941700890774063,0.010204045404618622,0.015210125569772682,0.0027669192913101323,0.003465347125276653,-2.78759765625,0.5440227607580148,0.8700160000000001
0.007550407746471217,0.001652857279892566,0.007445497766858108,0.0025534322712983054,0.02092143015618608,1.21240234375,3.210689427424681,1.5700159999999999
0.006111920546835054,0.019871056001731967,0.001661489924826895,0.008588720890348182,0.0010969181344008985,-0.78759765625,-3.6041253873901336,2.2700160000000005
0.006176158697483193,0.0010033858235815789,0.0007136457632387263,0.03134973579122146,0.0073683702301900736,3.21240234375,-0.937458720723467,2.970016
0.006023336311104568,0.005502048621782123,0.013281123357968428,0.0018771601816997517,0.003149705947989104,-3.28759765625,1.7292079459432,0.310016
0.00991540218777993,0.009865598266116148,0.0028656475538959363,0.016769616380223406,0.003648345397906028,0.71240234375,-2.7152364985012447,1.010016
0.02370308504110384,0.016527511194757583,0.01617346345955837,0.005834310549658325,0.005847152867819298,-1.28759765625,-0.04856983183457819,1.710016
0.005423670398333198,0.0006962849141101443,0.0026556401526460463,0.002678214107844185,0.03954578943447504,2.71240234375,2.6180968348320874,2.410016
0.008743431580749864,0.08956374236820165,0.0038910220719508923,0.0022575281130768742,0.0007083936483759306,-2.28759765625,-1.8263476096123559,3.110016
0.01193679857178794,0.004067965819843787,0.005763101622856068,0.008332610134533546,0.014364202505219447,1.71240234375,0.8403190570543106,0.45001599999999997
0.007054768559104394,0.002274476375164776,0.012573083323427915,0.001988664756066613,0.010369931306731476,-0.28759765625,3.5069857237209767,1.150016
0.002953914135896392,0.0017058817631160378,0.0006595056773587006,0.016680037199685867,0.0020929627242952543,3.71240234375,-3.3078290910938373,1.850016
0.006024063260710752,0.020340394144837837,0.009502869248621496,0.001154271542833549,0.0009464738130521315,-3.53759765625,-0.6411624244271708,2.5500160000000003
0.020134060902342925,0.00115753233049458,0.01314021781835216,0.0013808329422341245,0.03674551560374854,0.46240234375,2.0255042422394958,3.2500160000000005
0.008886552539739816,0.01677666095933118,0.00471999581292288,0.006627202321053434,0.0026613030718854206,-1.53759765625,-2.4189402022049484,0.590016
0.012107217218063371,0.0032676070908338375,0.003712464591713364,0.01286599534422316,0.016382446184004473,2.46240234375,0.2477264644617172,1.2900159999999998
0.005607434840223576,0.002804055456437685,0.029118673318952657,0.000831778528351898,0.003480152171815715,-2.53759765625,2.9143931311283833,1.9900160000000002
0.019790326174859166,0.006121158598065052,0.002117790882480731,0.05220567017974248,0.005902515344500793,1.46240234375,-1.5300513133160596,2.6900160000000004
0.052092942852227854,0.0037392436303794563,0.03153818256407064,0.0015652722086155688,0.009694464665645936,-0.53759765625,1.1366153533506065,3.390016
0.0033536114651343974,0.0011059030446772832,0.0026112619256243837,0.0023336725722515645,0.009420736124207704,3.46240234375,3.8032820200172726,0.058016
0.0037442157119805066,0.01254211987055928,0.0024260879781650506,0.0030021865633752896,0.0010738354114975294,-3.03759765625,-3.8016562515876644,0.758016
0.019769662386042563,0.009109250830926431,0.0047857409616173414,0.020367137687145796,0.00816838276214513,0.96240234375,-1.1349895849209979,1.458016
0.0211820091897347,0.006278778072036635,0.032676847688611524,0.0030878947710903178,0.009408738401878922,-1.03759765625,1.5316770817456682,2.1580160000000004
0.0032442927400514626,0.001461932307273887,0.0004344617697707282,0.040467731534668684,0.0016200634217255878,2.96240234375,-2.9127673626987756,2.858016
0.010611969869058525,0.011594223944136343,0.010389859396145265,0.004440090555930595,0.004172296787345933,-2.03759765625,-0.24610069603210905,0.198016
0.008365279671164573,0.002203825446442244,0.0055670781483938055,0.004366408344000863,0.019571489809437823,1.96240234375,2.4205659706345566,0.8980159999999999
0.016499628128110334,0.0169154213107118,0.004325917428258263,0.016176766495948375,0.004127900818952127,-0.03759765625,-2.0238784738098867,1.5980159999999999
0.004722038936220491,0.0008205159787271226,0.0011618325606205942,0.007713309788688967,0.015386050520368653,3.96240234375,0.6427881928567798,2.2980160000000005
0.0011291705833510741,0.0007017249445528172,0.015461237785791589,4.7109004441428656e-05,0.0005410200670764165,-3.94384765625,3.309454859523446,2.9980160000000002
0.006666107708323176,0.009481588968449889,0.002570255023380817,0.009879630465206986,0.002532422446748153,0.05615234375,-3.505359955291368,0.33801600000000004
0.013317605770703036,0.018541054022229834,0.010149231764710213,0.005174593627311326,0.0036705616549837896,-1.94384765625,-0.8386932886247016,1.038016
0.011290126587239092,0.0021089990018667336,0.00519142663899462,0.005778904240604064,0.031127651342869985,2.05615234375,1.827973378041965,1.738016
0.00486687667291587,0.03702043158843211,0.0029183876544879223,0.0022733189326197435,0.0006905981855227337,-2.94384765625,-2.6164710664024793,2.438016
0.05699104401725619,0.003901267948636481,0.004446690381194514,0.016274131138950175,0.018838029668477134,1.05615234375,0.050195600264187235,3.1380160000000004
0.00858576369026451,0.0038168883751733265,0.014115853708195233,0.0026739496050352377,0.008105439025110288,-0.94384765625,2.7168622669308524,0.478016
0.00717716952937615,0.003213127646661053,0.001821668247637046,0.019780700466660077,0.006022034372553438,3.05615234375,-1.7275821775135904,1.178016
0.006891572944095528,0.008293801981749652,0.020445240929657226,0.001328398770904604,0.0020950999020458725,-3.44384765625,0.9390844891530756,1.8780160000000001
0.005645252128399261,0.0007964938277455341,0.009173215548563667,0.0008419256236502291,0.0186528585665803,0.55615234375,3.6057511558197417,2.5780160000000003
0.0042919920559289695,0.04676712127320733,0.0010585468892869321,0.003768809358672543,0.00030725948508245396,-1.44384765625,-3.209063658995072,3.278016
0.009829233860362854,0.003866700096935564,0.003263122436789378,0.013772320259626455,0.00994574591527089,2.55615234375,-0.5423969923284053,0.6180159999999999
0.008264379857236798,0.00510827532143309,0.023954450701325188,0.0018182910691778762,0.0043819117672454,-2.44384765625,2.1242696743382607,1.3180159999999999
0.011440077494671646,0.0067799947504720345,0.001991046667246696,0.03576029465638113,0.004195589095738871,1.55615234375,-2.320174770106183,2.0180160000000003
0.0576793166642698,0.010799006899439384,0.017813352670967775,0.006456991047248461,0.009726353603798444,-0.44384765625,0.34649189656048307,2.7180160000000004
0.0009036675632265303,4.113774397039986e-05,0.0003006080411833177,0.00020839297796357314,0.02518083018823697,3.55615234375,3.013158563227149,3.4180160000000006
0.0053646766489204144,0.01109258611916492,0.005835732568290516,0.0026472570507062735,0.0018697450327339702,-3.69384765625,-1.4312858812172942,0.08601600000000001
0.016054460000980597,0.0056088363594610224,0.01108914676855636,0.006237231616327674,0.013541701733053175,0.30615234375,1.2353807854493724,0.786016
0.004741252603734447,0.001930750705084187,0.016166769683674975,0.0009982411165172082,0.005036494128116261,-1.69384765625,3.9020474521160384,1.486016
0.003381141988883424,0.0029993044110248447,0.0006858079785639205,0.02036674564316397,0.001390371795786162,2.30615234375,-3.966265305085607,2.1860160000000004
0.008976179810252997,0.05210981686453747,0.006641141244527612,0.001847327485874242,0.0008933661592992265,-2.69384765625,-1.2995986384189404,2.886016
0.011176805931393977,0.003993752180306657,0.0068866988309137555,0.006399479696646659,0.013731548816153799,1.30615234375,1.3670680282477257,0.22601600000000002
0.008335520899183478,0.015106432361164579,0.003206636748958862,0.00936782025875741,0.00244679686101062,-0.69384765625,-3.077376416196718,0.926016
0.00800934779474962,0.002244107845902212,0.001981817427495692,0.015832789687886685,0.011326240023543871,3.30615234375,-0.41070974953005157,1.626016
0.005048113713179906,0.0034897898738262523,0.0325774232647533,0.0005935883769628517,0.002096606008359986,-3.19384765625,2.255956917136614,2.3260160000000005
0.016288973067740787,0.009935883612737617,0.0015338543087449156,0.04717788513118842,0.002422245652403098,0.80615234375,-2.188487527307829,3.0260160000000003
0.01360794722946303,0.009361769583971169,0.012500772625060264,0.0051529064325476,0.006537386570865515,-1.19384765625,0.47817913935883727,0.36601600000000006
0.004982527390336474,0.0012451827091022622,0.003453827093972034,0.002961697905182121,0.017317398929104846,2.80615234375,3.1448458060255033,1.066016
0.004600111802060892,0.02066763169285335,0.0021425110780049924,0.003990280492603511,0.00095669576460097,-2.19384765625,-3.6699690087893106,1.766016
0.01986197315474735,0.004711295647810634,0.00256150183515626,0.03850282527071845,0.009754751199251436,1.80615234375,-1.0033023421226441,2.466016
0.03113912920417885,0.002493865156747952,0.026567119929851394,0.0017334351850055681,0.017586370112206026,-0.19384765625,1.6633643245440224,3.166016
0.00403175522267192,0.002423722562126536,0.0012493176901699058,0.012056501437987843,0.003424179127581654,3.80615234375,-2.7810801199004214,0.5060159999999999
0.006097419094939739,0.011155991136811308,0.010538597833067417,0.001869982198824616,0.0018548593784935624,-3.81884765625,-0.11441345323375529,1.206016
0.013030252257716464,0.002721780101779935,0.015508923218687763,0.0028761355534980995,0.019075727618257488,0.18115234375,2.55225321343291,1.9060160000000002
0.012954024098208833,0.05816736129397452,0.004900738267183045,0.004907285604867248,0.0014721109115572802,-1.81884765625,-1.892191231011533,2.6060160000000003
0.015104983026547445,0.0007812343568496174,0.0017629946651632874,0.008676398136055644,0.0523584653661087,2.18115234375,0.7744754356551331,3.3060160000000005
0.004480699954573433,0.002791892782821337,0.013419957634657252,0.0012412497692194993,0.0034623006674415913,-2.81884765625,3.441142102321799,0.6460159999999999
0.0070534851597577365,0.007382199453932791,0.0017920565340168826,0.018497466867238754,0.0026317628566902107,1.18115234375,-3.3736727124930144,1.3460159999999999
0.030432312564212954,0.021871019814765972,0.010632295595550033,0.00904265731604823,0.005489590476534557,-0.81884765625,-0.7070060458263479,2.0460160000000003
0.004870206632068891,0.0004965890911125128,0.0015043648280315645,0.0033291837191246868,0.04172815391836773,3.18115234375,1.9596606208403182,2.7460160000000005
0.0017885498719065792,0.04459981119579083,0.0013370716602476296,0.00048329258107059796,0.00010408415688700949,-3.31884765625,-2.4847838236041255,3.446016
0.013508465058009962,0.006522699346779064,0.007181761970693514,0.008664133801644798,0.009825393917416774,0.68115234375,0.18188284306254054,0.114016
0.008165634772996783,0.0036616899521776576,0.01679431292715451,0.002231741270470459,0.007199560594733069,-1.31884765625,2.8485495097292066,0.8140160000000001
0.009027038593641705,0.003694785498460251,0.0019996661798951563,0.02501469139228343,0.00675529534408818,2.68115234375,-1.5958949347152367,1.514016
0.013455463292230201,0.009253291369796733,0.03551551121458393,0.0019295157403799064,0.003739249552818411,-2.31884765625,1.0707717319514298,2.2140160000000004
0.003137570878326378,0.0002975493737450714,0.0031829845327410017,0.00046823601298020943,0.027354600228966398,1.68115234375,3.737438398618096,2.914016
0.005681637103748921,0.009413623872552672,0.002364893520011478,0.008098909245718168,0.0021068519976602386,-0.31884765625,-3.8674998729868415,0.2540160000000001
0.00592406850469741,0.002394434755917011,0.0017138255519786418,0.014132323134567798,0.006760000304796613,3.68115234375,-1.200833206320175,0.954016
0.005884920483547233,0.006072147036052673,0.019937356453387258,0.0011979080312869224,0.0022065536305769912,-3.56884765625,1.4658334603464906,1.6540159999999997
0.009891019560163592,0.012957191574302085,0.0017721119518622015,0.022899060872406948,0.002062202266285963,0.43115234375,-2.978610984097952,2.3540160000000006
0.033148262523727545,0.028938484243871975,0.016379472422203376,0.0031325044376649814,0.002618897130501686,-1.56884765625,-0.31194431743128614,3.0540160000000003
0.006944717916890541,0.0021138944300630996,0.004472841914143214,0.004488382586522365,0.01537086039654939,2.43115234375,2.35472234923538,0.39401600000000003
0.007856284190548204,0.02137272483074882,0.0054645843550243005,0.004165857176362757,0.0019709419508043475,-2.56884765625,-2.089722095209064,1.094016
0.022010067731302048,0.004445874251203569,0.006455393555219067,0.011682143146583354,0.022233412400365245,1.43115234375,0.5769445714576031,1.794016
0.007600992924758321,0.001487874064500182,0.022083513343630887,0.000914796574095822,0.010782373647096421,-0.56884765625,3.243611238124269,2.4940160000000002
0.0010703040310499287,0.0005233408263884852,0.0001270002264507243,0.019954454056835155,0.0005304021583827681,3.43115234375,-3.5712035766905452,3.1940160000000004
0.007663109133709949,0.013765758234020316,0.008270393037567547,0.003208878041408441,0.0024675053515529647,-3.06884765625,-0.9045369100238787,0.5340159999999999
0.01482702583821749,0.0037183675941832644,0.009591269507527022,0.005571074513893715,0.02035824563673967,0.93115234375,1.7621297566427883,1.2340159999999998
0.010701750644341744,0.028063823529005192,0.0033924850317020856,0.009051006598954444,0.0020013029793164334,-1.06884765625,-2.6823146878016564,1.9340160000000002
0.009948820800136173,0.0014570489089788773,0.0015932584320993317,0.017765149095061602,0.018141233962898132,2.93115234375,-0.015648021134989865,2.6340160000000004
0.004462816278239836,0.0010652160859618274,0.08998510759202555,0.00010234915090035216,0.002077308246093337,-2.06884765625,2.6510186455316758,3.334016
0.0099027987807855,0.005661365242392614,0.002933904129926722,0.017712783546860875,0.0061245164600107925,1.93115234375,-1.7934257989127675,0.674016
0.022950795332655684,0.0074013912421339425,0.014086396800832198,0.006790056783436423,0.013117102416661313,-0.06884765625,0.873240867753899,1.374016
0.0021690726517939714,0.00036335026743525533,0.0012496851134366396,0.0013799954722354196,0.01400933994057793,3.93115234375,3.539907534420565,2.0740160000000003
0.001697347339939686,0.017326181431012284,0.0013034976165180092,0.0008149124672426517,0.0002141938220686811,-3.88134765625,-3.274907280394249,2.7740160000000005
0.10866014907443186,0.010557202293330266,0.004415620097656939,0.013205271155209168,0.004890637344384879,0.11865234375,-0.6082406137275824,3.4740160000000007
0.008020218512164785,0.00517347253388921,0.013325762899876008,0.0027009801315910132,0.005469092849729997,-1.88134765625,2.058426052939084,0.0076159999999999995
0.007943449459812187,0.005180927399794915,0.0022851837354810533,0.017945157475471533,0.004709081440887422,2.11865234375,-2.3860183915053597,0.707616
0.01001382701994598,0.012654685996063465,0.016545426488822058,0.0025607540222740578,0.0029558543500893294,-2.88134765625,0.2806482751613055,1.407616
0.008907197070314623,0.0014771853680231074,0.008205705184318525,0.0024238318259007423,0.028379194572293598,1.11865234375,2.9473149418279716,2.1076160000000006
0.027776104618419686,0.041937959556455094,0.005329002839888231,0.009541523538305431,0.0025498385734318424,-0.88134765625,-1.4971295026164713,2.8076160000000003
0.0068338912192113365,0.0023485381020847025,0.0033281726379540398,0.006586406024122336,0.012300772865721468,3.11865234375,1.1695371640501948,0.147616
0.003263962980772566,0.0021601212036411205,0.011417313698580565,0.0008385783439098176,0.0025134639073536758,-3.38134765625,3.836203830716861,0.847616
0.006170274356204791,0.0088222320302935,0.0016128027421732408,0.014823477889407858,0.001896738171505892,0.61865234375,-3.768734440888076,1.5476159999999999
0.023097317138228407,0.033955804722844415,0.009187042104456727,0.006813295798328519,0.0033177930297693834,-1.38134765625,-1.1020677742214096,2.2476160000000007
0.008150828897996641,0.0006546372026970288,0.001975735983455553,0.004631058750357302,0.06285195679834919,2.61865234375,1.5645988924452565,2.9476160000000005
0.006000095978859853,0.014176313404970926,0.003900864666243986,0.004448833354414351,0.0018937211461127576,-2.38134765625,-2.8798455519991872,0.28761600000000004
0.015617889379722505,0.005456404702648957,0.005057449725607253,0.014204430163589205,0.012528896732914815,1.61865234375,-0.21317888533252072,0.9876159999999999
0.013034438997066853,0.0034995487856249144,0.019718876765715935,0.0028204736918029535,0.013516712016316495,-0.38134765625,2.453487781334145,1.687616
0.004256591653867943,0.001433659788915002,0.0007231312757146171,0.026558909181211073,0.003805613187506902,3.61865234375,-1.9909566631102984,2.3876160000000004
0.004170408918429548,0.007037488050484721,0.02056513372201312,0.00030181579481266684,0.0006427132527215781,-3.63134765625,0.6757100035563681,3.087616
0.007082679708077472,0.002470025632318886,0.008909410991756045,0.002644095181988209,0.011117376326501519,0.36865234375,3.342376670223034,0.427616
0.006097609886203468,0.0172863858861421,0.002775692442585105,0.005866772438057098,0.0015897374117216016,-1.63134765625,-3.47243814459178,1.127616
0.013308550458673277,0.003824759266843456,0.0026696273911905734,0.025006908536382762,0.011058954448947951,2.36865234375,-0.8057714779251133,1.8276160000000004
0.008019010107794034,0.004668654453333593,0.04866302274397938,0.000804922356686693,0.0027963354532157276,-2.63134765625,1.8608951887415532,2.5276160000000005
0.008232166322519182,0.004730364486760027,0.0007153650225907721,0.07304702428834665,0.0014736324986363346,1.36865234375,-2.5835492557028905,3.2276160000000003
0.016450638666158576,0.01022196621768929,0.01093660893733868,0.007010960304632112,0.007545387905675497,-0.63134765625,0.08311741096377556,0.5676159999999999
0.004602827700151287,0.0010788354345845604,0.0026368975430645226,0.003281764293168789,0.01776701033008583,3.36865234375,2.7497840776304407,1.2676159999999999
0.006926972481968356,0.028326580209607353,0.005916583056271934,0.002537266696884386,0.0012996403671399113,-3.13134765625,-1.6946603668140021,1.9676160000000005
0.03681357062713208,0.0036719174300980173,0.009129029016058166,0.007732842480191904,0.03142532246597873,0.86865234375,0.972006299852664,2.6676160000000007
0.0025123946003552957,0.00032779362018928366,0.02477409258789495,4.4739668622370055e-05,0.00364282095703255,-1.13134765625,3.63867296651933,3.3676160000000004
0.00475628994241952,0.0035470823915347027,0.0016145006415170411,0.011804328801649885,0.0032822697433346234,2.86865234375,-3.1761418482954835,0.035616
0.01185257408007221,0.014924738421891124,0.010933588780126045,0.004526061487291534,0.0037901028000325676,-2.13134765625,-0.509475181628817,0.735616
0.010257304413358027,0.0022068526346879875,0.005907279950819572,0.004837055159228531,0.02619637774077551,1.86865234375,2.157191485037849,1.435616
0.016142343089148026,0.020667530411311745,0.0033634088502481727,0.01748220458777745,0.0030393254250261925,-0.13134765625,-2.2872529594065947,2.1356160000000006
0.004094994287601543,0.0005126637334199668,0.0007188589774240713,0.008499393952278672,0.014491783063544372,3.86865234375,0.3794137072600714,2.8356160000000004
0.0037919689356969996,0.003093405710538569,0.010400459523698467,0.0011902985470139378,0.002523700996795484,-3.75634765625,3.0460803739267375,0.175616
0.0160642237877726,0.011781117883224092,0.005560574877300565,0.01377022182202662,0.006070781197379317,0.24365234375,-1.3983640705177058,0.8756160000000001
0.015080869853357123,0.008324247084511124,0.026415922589536633,0.003045284441266552,0.0060385736440649795,-1.75634765625,1.2683025961489607,1.575616
0.0032961622885040124,0.000494919708118642,0.00298023041735296,0.0010888427886323968,0.020671090901341126,2.24365234375,3.9349692628156268,2.2756160000000007
0.0017400688105577691,0.020772448798479424,0.0008572565524216473,0.0013581232343281265,0.00018263820484645826,-2.75634765625,-3.9333434943860186,2.9756160000000005
0.011916138564366128,0.00705858249701998,0.0043244576808155605,0.013782585085463265,0.007018411855894277,1.24365234375,-1.2666768277193516,0.315616
0.015973621435711138,0.006719883951073599,0.01722617203951911,0.004454879052715014,0.009774536042747873,-0.75634765625,1.399989838947314,1.015616
0.004170630307203488,0.0024357317443130435,0.0009243190518185007,0.02095963713945074,0.002736730454729446,3.24365234375,-3.0444546054971298,1.715616
0.007912500410408361,0.019852699175954624,0.01279774318322654,0.001494546196567046,0.001362836509697127,-3.25634765625,-0.3777879388304628,2.4156160000000004
0.01453208235974895,0.0009891236087168388,0.010128313202705144,0.0014543759930528682,0.04551839902482074,0.74365234375,2.2888787278362024,3.115616
0.009912546335339542,0.015577060147460946,0.005162895845202103,0.007368832385236911,0.0031702609377181456,-1.25634765625,-2.1555657166082405,0.45561599999999997
0.01013953324630376,0.0027646527736416063,0.0034411921372475285,0.01071648759458749,0.01650511135060152,2.74365234375,0.5111009500584256,1.155616
0.005599526714869673,0.0025324310109408896,0.025605585774922297,0.0009157576023337987,0.004101191642926266,-2.25634765625,3.1777676167250917,1.8556160000000004
0.004327810410373767,0.00405577415610549,0.0007256412526181358,0.028476343029990556,0.0013120167377036495,1.74365234375,-3.6370471980897223,2.5556160000000006
0.06454299753393854,0.021271916083378237,0.0049545381847087575,0.012599290571006701,0.0035464586935567443,-0.25634765625,-0.9703805314230554,3.2556160000000003
0.005208140337356869,0.0015640927052778157,0.0025288559580685893,0.005111753666131607,0.013052569033323573,3.74365234375,1.6962861352436107,0.5956159999999999
0.004400945518304268,0.01736210511577206,0.0034586317340477473,0.002468926276466203,0.0010784318703292884,-3.50634765625,-2.748158309200833,1.2956159999999999
0.035268744886084426,0.008971459396425525,0.008652625738338271,0.013680340634486376,0.013126651962618984,0.49365234375,-0.08149164253416652,1.9956160000000005
0.00929187132570096,0.0024264072274751023,0.05129615217901308,0.0007608903553959152,0.0058872515837112855,-1.50634765625,2.5851750241324982,2.6956160000000007
0.005769105443794609,0.0011655737642162155,0.0003968009868429232,0.10819594319575096,0.00247961252680299,2.49365234375,-1.8592694203119442,3.3956160000000004
0.008566676665894548,0.00801281996115136,0.012387491487539194,0.0030647138302474265,0.004078038852538135,-2.50634765625,0.8073972463547214,0.063616
0.0060678207921642585,0.001752850620726325,0.005986337646817471,0.0026535042227806235,0.014699987875107805,1.49365234375,3.4740639130213875,0.7636160000000001
0.007847618991717702,0.01594073416128916,0.002494143844991881,0.010540788265893948,0.0020061188909628407,-0.50634765625,-3.3407509017934256,1.463616
0.0067367310269452405,0.0016351957016397503,0.0013240122909239079,0.019000959681367526,0.009587693253886738,3.49365234375,-0.6740842351267591,2.1636160000000006
0.005157640352392978,0.0032202761957484884,0.050263060703693956,0.0003465911732854806,0.0015480167005680714,-3.00634765625,1.9925824315399066,2.8636160000000004
0.008884287778963497,0.007755308100979114,0.003183711416653327,0.013323978125345816,0.004294943003197466,0.99365234375,-2.451862012904537,0.203616
0.017834864851952775,0.01139212393423583,0.013486288733834798,0.006114239673011049,0.007063880028615052,-1.00634765625,0.21480465376212887,0.9036159999999999
0.004955428042037176,0.001006716346793327,0.0029430024378208136,0.00301332443968054,0.022227256700354213,2.99365234375,2.881471320428795,1.603616
0.013739220239747333,0.04442980930907222,0.006902896531789915,0.00465932703805359,0.0019392582826998329,-2.00634765625,-1.562973124015648,2.3036160000000008
0.016876570651716213,0.0012043212229187938,0.0031088212511652395,0.007312654894217028,0.059980707092688997,1.99365234375,1.1036935426510182,3.0036160000000005
0.005931040479244106,0.0022345490386391055,0.008887309278195104,0.0021405322450757714,0.008996554770348194,-0.00634765625,3.7703602093176842,0.34361600000000003
0.0026365301133412073,0.001825521761866113,0.0007528491673079697,0.010588055987552464,0.001968320918555219,3.99365234375,-3.834578062287253,1.043616
0.004902683138563157,0.015915650484244433,0.006500551919375172,0.0016175562794882466,0.0011213006423083911,-3.99462890625,-1.1679113956205862,1.743616
0.029437875849662162,0.0044209825559278675,0.019882163648622175,0.004295104475319382,0.0198704805140629,0.00537109375,1.498755271046079,2.4436160000000005
0.004640655771674465,0.06396488210323344,0.0015382694884705191,0.0027247165150528028,0.00036520302613983366,-1.99462890625,-2.945689173398364,3.143616
0.011642361583133264,0.004663019451576208,0.004283057233798922,0.012533468029711977,0.010805617830711114,2.00537109375,-0.2790225067316974,0.483616
0.006047139514136331,0.004294626390436463,0.01984732363544462,0.0014073319439536925,0.003327985400674812,-2.99462890625,2.3876441599349683,1.183616
0.015346393761966035,0.009808327123121907,0.0028885762947641726,0.028827172203935457,0.004788198156200483,1.00537109375,-2.0568002845094755,1.8836160000000004
0.03862648203810316,0.01121140900805906,0.027267166103174947,0.004250117965131129,0.007533623486181047,-0.99462890625,0.6098663821571915,2.5836160000000006
0.0014458821152508882,8.333223280259131e-05,0.000660717931227198,0.00027747175965754255,0.03341841408245822,3.00537109375,3.2765330488238575,3.2836160000000003
0.003585286762454302,0.011781242930380497,0.0026485448306643607,0.0025878594260025085,0.0010627504549130466,-3.49462890625,-3.538281765990957,0.623616
0.021717984369779092,0.010698489616783576,0.006334121128672245,0.015721288861715265,0.008361313415605089,0.50537109375,-0.8716150993242899,1.323616
0.015131208683108691,0.005753486430276002,0.035712930126888365,0.0023440192982575637,0.007132191477012798,-1.49462890625,1.7950515673423766,2.0236160000000005
0.005421639821574555,0.0025087645032850457,0.0007211829914681949,0.05226832593140963,0.002397857579217351,2.50537109375,-2.649392877102068,2.7236160000000007
0.011707458542560173,0.019173205069867645,0.020991716066614048,0.0005814289492277216,0.0008268053406741599,-2.49462890625,0.01727378956459802,3.4236160000000004
0.007421758164256654,0.002533967188248541,0.0061716410441593275,0.0038262717776748898,0.013176097276570247,1.50537109375,2.683940456231264,0.091616
0.013739632310743231,0.015141444802250922,0.005634192081402989,0.01059350208084185,0.004400761310422119,-0.49462890625,-1.7605039882131788,0.791616
0.006771640306720441,0.0016118389706201283,0.002288748625268502,0.007980378199707023,0.017116885226122106,3.50537109375,0.9061626784534873,1.491616
0.0022120556478013365,0.0013944959099339784,0.01500324301287919,0.00025891060675675806,0.0013594106071606563,-3.74462890625,3.5728293451201534,2.1916160000000007
0.007171539400003382,0.012979859816738262,0.0010970443665798176,0.019844056302734246,0.0010367988803127344,0.25537109375,-3.2419854696946606,2.8916160000000004
0.011387327083254085,0.012659469612850754,0.009348212167287708,0.005228638456826151,0.004305233692547884,-1.74462890625,-0.5753188030279937,0.23161600000000004
0.00855739778916413,0.0022227834834547436,0.004907452292080575,0.0051492676411948116,0.0199633189703437,2.25537109375,2.0913478636386724,0.9316159999999999
0.006841095953528736,0.026811244896577806,0.0044747305736960365,0.003516217937309293,0.0014230296225728521,-2.74462890625,-2.3530965808057713,1.631616
0.03160632940273551,0.0047245137345489074,0.0061613607476754635,0.014239689129529502,0.022585553375083795,1.25537109375,0.31357008586089385,2.331616000000001
0.007638254917964684,0.0010696297643253323,0.032476376199402156,0.00042115319971301583,0.009046753027142444,-0.74462890625,2.98023675252756,3.0316160000000005
0.006459867778301327,0.003140261661410854,0.002112421846073478,0.013321666506564018,0.006215860695733379,3.25537109375,-1.4642076919168825,0.37161600000000006
0.007252092723281484,0.007354665059954007,0.017160038725170315,0.001885753377623504,0.002927729254752715,-3.24462890625,1.2024589747497831,1.0716160000000001
0.0055354093084297225,0.001215228937111686,0.007856366551281895,0.001517468665561708,0.015160384508253369,0.75537109375,3.869125641416449,1.7716160000000003
0.004820126556676429,0.02269703039625837,0.0014408735538466904,0.005861723897898352,0.0007440217681730671,-1.24462890625,-3.7358126301884877,2.4716160000000005
0.00810022790976038,0.0011731745783512602,0.0007127818681060798,0.04972321135345458,0.006719033536560519,2.75537109375,-1.0691459635218208,3.171616
0.009067171603643093,0.0064516673551851785,0.016470892820688764,0.002680341172374933,0.0048723304424400345,-2.24462890625,1.5975207031448448,0.5116159999999998
0.007860399212705102,0.0060043136838486555,0.0019585583714608664,0.021576084151120684,0.0036468115694972096,1.75537109375,-2.846923741299599,1.211616
0.034547997730322196,0.013270056114174415,0.011567652400214729,0.01025145862343003,0.009148467688432714,-0.24462890625,-0.18025707463293195,1.9116160000000004
0.0028098443978812407,0.0003326287371405511,0.0010543218304028261,0.0020201215327819793,0.024520950126137628,3.75537109375,2.4864095920337332,2.6116160000000006
0.0017855788553335886,0.02535621761765542,0.0020116283247393427,0.0003620777189199418,0.0001311466981512441,-3.86962890625,-1.9580348524107096,3.3116160000000003
0.01689995445452324,0.007038099924895482,0.010538168217737776,0.007240275824354442,0.01126811237329384,0.13037109375,0.7086318142559564,0.651616
0.005946678002311187,0.0026690943647004798,0.019359984521479873,0.0013154053479529665,0.005223325644670804,-1.86962890625,3.3752984809226225,1.351616
0.005030722579683169,0.003987600101743533,0.000987902799066429,0.026458748987906986,0.002101700320013148,2.13037109375,-3.4395163338921915,2.0516160000000006
0.00945264833412991,0.03302657293279471,0.010384345495143556,0.0016334537209673479,0.0011488934678670713,-2.86962890625,-0.7728496672255245,2.7516160000000007
0.01615071369987453,0.0005826012607907929,0.005309994748286991,0.0013281994404377379,0.08274508530593895,1.13037109375,1.8938169994411416,3.4516160000000005
0.008560244413803212,0.012607917363004989,0.004211993272113581,0.007910261093239328,0.0030867887035482796,-0.86962890625,-2.550627445003302,0.119616
0.008214592555978605,0.002671913868244366,0.002837992769295739,0.010945114114401352,0.012174134449194258,3.13037109375,0.11603922166336389,0.819616
0.004438739895945921,0.003168555627408349,0.019165743539593202,0.0008735152734831833,0.002503776765752432,-3.36962890625,2.782705888330029,1.519616
0.022849563825209515,0.012581087849842238,0.0036207103007303326,0.027870792230140967,0.005304709641621428,0.63037109375,-1.6617385561144133,2.2196160000000007
0.02920527348349213,0.00813458361371169,0.04703910268431846,0.0019690044421105954,0.005550783936312741,-1.36962890625,1.0049281105522523,2.9196160000000004
0.004331573286609507,0.0013689386152063606,0.003622131150112809,0.002577775365051734,0.011631622634884951,2.63037109375,3.6715947772189184,0.25961600000000007
0.00577516748219125,0.0177435688527941,0.003339649619047999,0.004355893805639499,0.0015317989015747311,-2.36962890625,-3.1432200375958947,0.9596159999999999
0.019494509410151812,0.005602670530844985,0.00441955741169812,0.020070601733982615,0.012985840025230126,1.63037109375,-0.4765533709292282,1.6596159999999998
0.017260307491717287,0.003262247954989422,0.025821113693681678,0.002462324256864913,0.015482910734044179,-0.36962890625,2.1901132957374374,2.359616000000001
0.002411343015762946,0.0006672333140561764,0.00028692739694433615,0.03176284675305224,0.0019121191237226132,3.63037109375,-2.2543311487070063,3.0596160000000006
0.006268758606245571,0.008427865570669851,0.01072400009329519,0.002166306620816576,0.0024979942022046115,-3.61962890625,0.4123355179596597,0.399616
0.008692134947034762,0.0024844610845738647,0.010766847671225585,0.0027441345120571095,0.01446797008957904,0.38037109375,3.079002184626326,1.0996160000000001
0.01649521036768883,0.030042045765786642,0.008123126047853467,0.0064229027632473614,0.003080456980833167,-1.61962890625,-1.365442259818117,1.7996160000000003
0.012020628974731133,0.0014361911464136424,0.0032523941776024887,0.0072682616260589085,0.0449094832753007,2.38037109375,1.301224406848549,2.4996160000000005
0.0011944750192681044,0.00035302324844431275,0.019765929902023294,2.7500572251434394e-05,0.00099342241297436,-2.61962890625,3.967891073515215,3.1996160000000002
0.005036312211338638,0.005665626797555949,0.0016365510397882877,0.011971899363188631,0.002299363714131194,1.38037109375,-3.9882131788853323,0.5396159999999999
0.018281263802878638,0.01787144799332307,0.007138566723174479,0.010589934341884337,0.004973386782323103,-0.61962890625,-1.3215465122186658,1.2396159999999998
0.006542042347658405,0.0012084846286253646,0.0021773418171210502,0.006435597816349179,0.023572425506706143,3.38037109375,1.3451201544479998,1.9396160000000005
0.0031611547244145234,0.03030494960617963,0.001850620561337133,0.001660384886430553,0.0004072658511456811,-3.11962890625,-3.099324289996444,2.6396160000000006
0.06917350173113476,0.0049187940610674755,0.0032809503547356665,0.022727627046453158,0.010080126968418476,0.88037109375,-0.432657623329777,3.3396160000000004
0.010379911275497995,0.004778238557877748,0.016532602704905627,0.0030046241735525703,0.00806404564670489,-1.11962890625,2.234009043336888,0.679616
0.006798461990923503,0.00341666145658452,0.0015901142542821749,0.022923151914552492,0.004789590869805613,2.88037109375,-2.2104354011075547,1.379616
0.01705331812116811,0.01412876559521495,0.025577476173709392,0.002943149285673631,0.0039527504945142036,-2.11962890625,0.4562312655591114,2.0796160000000006
0.005166659552677622,0.0005071135779457964,0.0036880600430401708,0.001208264225517359,0.04391694036543406,1.88037109375,3.1228979322257775,2.7796160000000008
0.002737795479113748,0.010681734563856437,0.00037079749666097517,0.008936469189716512,0.0002158171441309637,-0.11962890625,-3.6919168825890365,3.4796160000000005
0.005217484612351738,0.0024325220774592334,0.0019334673915198434,0.009782341793020793,0.0062105859516032435,3.88037109375,-1.0252502159223695,0.013216
0.004892412593819368,0.005221273763727452,0.01278385639634233,0.0014143495052683784,0.002292811072490384,-3.93212890625,1.6414164507442965,0.7132160000000001
0.010658972805422556,0.014200367980306543,0.0029695700793682923,0.01512847449699712,0.0029688485804073243,0.06787109375,-2.803027993700147,1.4132159999999998
0.019884453502893033,0.021022154832061362,0.018290802919137757,0.003908102585482288,0.0037358035692866332,-1.93212890625,-0.1363613270334807,2.1132160000000004
0.007063041943740603,0.0006367640720240834,0.0034486994768005326,0.002133411605084734,0.06314371077841303,2.06787109375,2.530305339633184,2.813216
0.0064470521368345125,0.013474688747051907,0.005478631517976853,0.003635457977953189,0.002132637267212173,-2.93212890625,-1.9141391048112584,0.15321600000000002
0.016327548102488394,0.005233467047684732,0.007733677521442792,0.008800498810439667,0.015274026250623175,1.06787109375,0.7525275618554073,0.8532160000000001
0.007048601480760801,0.0023224560804993495,0.017754415515067137,0.001553237012039346,0.008315878389200473,-0.93212890625,3.4191942285220733,1.553216
0.0033022430129949704,0.0020274686917405066,0.0006237210037840611,0.02385055507038189,0.0018046357919649415,3.06787109375,-3.3956205862927398,2.2532160000000006
0.005466242136799779,0.02411601796945424,0.008305211442157713,0.0007929187829105686,0.0006226964516853604,-3.43212890625,-0.7289539196260733,2.9532160000000003
0.011019879655388599,0.004030501292877283,0.009259393033325524,0.004767878915167643,0.012847619115376116,0.56787109375,1.9377127470405924,0.29321600000000003
0.009493537726588628,0.019743691694408393,0.004473083485788529,0.00719720351062697,0.002513380321453572,-1.43212890625,-2.506731697403851,0.9932159999999999
0.012444616799223554,0.0028986932554688908,0.003206996870049547,0.014632253719804662,0.017789337626811886,2.56787109375,0.1599349692628147,1.693216
0.005621980005094566,0.0024641982894879327,0.038547896556131715,0.0005969073893015258,0.003249166416236726,-2.43212890625,2.8266016359294808,2.3932160000000002
0.017327534306765376,0.004467460324092732,0.0013480806679839726,0.0771661438961386,0.0044293962692847555,1.56787109375,-1.617842808514962,3.093216
0.014363620079337011,0.00690549307679439,0.012287164325116158,0.005461304902219203,0.009431379812515375,-0.43212890625,1.048823858151704,0.433216
0.003090696283624125,0.0007658272035389222,0.0021996596284259745,0.002047559982663122,0.0124901898236637,3.56787109375,3.71549052481837,1.1332159999999998
0.0023984823540310987,0.013161381439008163,0.0016181135144879412,0.0016644105030074845,0.0004953376502746179,-3.68212890625,-3.889447746786567,1.8332160000000002
0.03575606553517514,0.014867885569396446,0.004705127725113989,0.02306370244495511,0.0059240667095779645,0.31787109375,-1.2227810801199004,2.5332160000000004
0.017243693675484333,0.004490631304438775,0.08683878898274654,0.0006533741538816689,0.0036065452626077273,-1.68212890625,1.4438855865467648,3.233216
0.006050992137460678,0.004529275077357227,0.0018111833699043533,0.015666135787607838,0.0035758400175105254,2.31787109375,-3.000558857897678,0.5732160000000001
0.010818611351710958,0.01635182757812311,0.012770503167513525,0.0032818781154326545,0.002949819760284791,-2.68212890625,-0.33389219123101155,1.2732159999999997
0.012125205678554053,0.0020514884745302473,0.00792771720545767,0.0038803092272867755,0.032701507041357956,1.31787109375,2.332774475435654,1.9732160000000003
0.018164043162486303,0.03669580998276375,0.0034348238098417315,0.0121439800875087,0.002092430000891933,-0.68212890625,-2.1116699690087892,2.6732160000000005
0.0043386966828728914,0.0002718821522199711,0.0005027576306550023,0.007346890674453551,0.02288933872152925,3.31787109375,0.5549966976578773,3.373216
0.004269591908780411,0.0030906234598152907,0.010892354054134603,0.0013692998896968536,0.0031304314884514975,-3.18212890625,3.2216633643245434,0.041216
0.006453898024323313,0.007797505882537264,0.002054745998673507,0.013067152899263842,0.0025553246896849666,0.81787109375,-3.5931514504902706,0.7412160000000001
0.01949887075014005,0.02076534485947218,0.009710565208849711,0.007693444679383077,0.004658491875417464,-1.18212890625,-0.9264847838236041,1.4412159999999998
0.00795029383745789,0.0012297063992450215,0.002902759189357313,0.005439755164318408,0.03494725552005308,2.81787109375,1.7401818828430624,2.1412160000000005
0.006001499937588762,0.059535912291461504,0.0023423195511288524,0.003102428806424714,0.0006116494509160451,-2.18212890625,-2.704262561601382,2.841216
0.01125158265629998,0.0047353840189449485,0.0047634697705678936,0.01052254530431818,0.010661106078188253,1.81787109375,-0.03759589493471527,0.18121600000000002
0.010271527828470345,0.003497142931546148,0.013540338925211436,0.0031361616349144996,0.011952459343802997,-0.18212890625,2.62907077173195,0.881216
0.0048161115185807344,0.0019480038632001535,0.001134516054217968,0.01781088088993525,0.004873267446431944,3.81787109375,-1.815373672712493,1.581216
0.005181040004584419,0.007498415931665788,0.01843788766355083,0.0007994989406795536,0.0013478950525627825,-3.80712890625,0.8512929939541731,2.2812160000000006
0.005158836664003425,0.0005622930861389362,0.011405403293233444,0.00038374728097943507,0.01561876998381512,0.19287109375,3.517959660620839,2.9812160000000003
0.005971464924940716,0.013450945826093444,0.0032942897563472827,0.005380565309287558,0.0019130550925479744,-1.80712890625,-3.296855154193975,0.321216
0.01239390959339301,0.0045362456714837214,0.0035722355533879587,0.01691065815929329,0.010733630968142113,2.19287109375,-0.6301884875273078,1.021216
0.007371674277689709,0.0050036332050383,0.027917180303387697,0.001348734670474631,0.0033659634814591183,-2.80712890625,2.0364781791393582,1.721216
0.012496220579260442,0.008206530174832716,0.0018010951074118123,0.04099732807304654,0.003313494845759578,1.19287109375,-2.4079662653050855,2.4212160000000003
0.06696047746052974,0.012475436791193267,0.020545911755148298,0.00409006295813527,0.0060149640026017585,-0.80712890625,0.2587004013615797,3.121216
0.00470851221926315,0.0014028625114141623,0.0031222650406749065,0.003327099810701477,0.013362265307777415,3.19287109375,2.9253670680282458,0.461216
0.006706433700798446,0.018191697092379718,0.00656468326789732,0.0028156793952591676,0.001729274184318608,-3.30712890625,-1.5190773764161967,1.1612159999999998
0.02482602878245544,0.004818071907991948,0.011110517674665163,0.007320511816125049,0.02248132215551419,0.69287109375,1.147589290250469,1.8612160000000002
0.004168406202378307,0.0010205613469711954,0.021483565840954802,0.00038614034691027274,0.005183460304558314,-1.30712890625,3.814255956917135,2.5612160000000004
0.0013121161917482875,0.0008563284695136198,0.0001465227859293682,0.02506796416767673,0.00044205108656372315,2.69287109375,-3.7906823146878015,3.261216
0.009979024897030878,0.016113358251706435,0.008272672736055005,0.0045410911082464445,0.0030769745189404146,-2.30712890625,-1.124015648021135,0.6012160000000001
0.013235627186557311,0.003063487552490041,0.006466449452634269,0.00671249207388021,0.023571520271014626,1.69287109375,1.5426510186455307,1.3012159999999997
0.010566000096198312,0.01957865191515645,0.002581208861520803,0.013991727741341041,0.002166028191895372,-0.30712890625,-2.9017934257989126,2.0012160000000003
0.005163133002653156,0.0008203743578408474,0.0008459769472746966,0.014456470337778797,0.01109517957373926,3.69287109375,-0.23512675913224612,2.7012160000000005
0.0014394939046399647,0.0009007270466413147,0.03352800084152672,3.053618783704073e-05,0.00042126928499058207,-3.55712890625,2.431539907534419,3.4012160000000002
0.010243745859102087,0.009177689782130101,0.0041652858283778085,0.011549099555291657,0.004721787399418035,0.44287109375,-2.012904536910024,0.069216
0.014181305865229704,0.009931299926866245,0.01565176353255967,0.004383998049240119,0.006062731877595983,-1.55712890625,0.6537621297566423,0.7692160000000001
0.005122301548498989,0.0011108493554272637,0.003832295412085935,0.0025644590572610646,0.020502305505814424,2.44287109375,3.3204287964233083,1.4692159999999999
0.004049099671356571,0.025102533373216242,0.00197791979733126,0.002973439300477819,0.0006899285022879125,-2.55712890625,-3.4943860183915056,2.1692160000000005
0.029981587140465785,0.00496869380857759,0.0026787250858947564,0.03930973257859408,0.010009487897197656,1.44287109375,-0.8277193517248387,2.869216
0.011014596373286844,0.005145618298787655,0.012430999325040078,0.004009579101537814,0.009086086372571968,-0.55712890625,1.8389473149418274,0.209216
0.004806755130469496,0.0027329828305863516,0.001331623172783856,0.01564209299833324,0.003805754276705526,3.44287109375,-2.6054971295026164,0.9092159999999998
0.009364816995806673,0.014152956284275644,0.015393941049888895,0.002338222325736906,0.002476517201630883,-3.05712890625,0.061169537164049714,1.609216
0.010660714492139912,0.0015591233942371392,0.009500133352219399,0.002467057745987277,0.03142629992734955,0.94287109375,2.727836203830715,2.3092160000000006
0.022090009404293478,0.05643537298245034,0.004167581059058598,0.007818905477802706,0.001669514201362066,-1.05712890625,-1.7166082406137275,3.0092160000000003
0.007730451325036338,0.002572191608529847,0.003506157537468428,0.007529094405122038,0.013184659707661653,2.94287109375,0.9500584260529381,0.349216
0.0051147540614539765,0.002490715528359299,0.015694705278391084,0.0012707746213200962,0.004630530222458237,-2.05712890625,3.616725092719604,1.049216
0.006351825436208805,0.004975000360105648,0.0013442164423981332,0.02576142351646897,0.0027112512653489247,1.94287109375,-3.198089722095209,1.749216
0.04778817958568546,0.014922972307517733,0.00867303905166049,0.013524657165491083,0.008028511747849286,-0.05712890625,-0.5314230554285424,2.4492160000000003
0.001718156639799779,0.0001279344202897554,0.0004475338924621951,0.0012604385477055446,0.02341611801562151,3.94287109375,2.1352436112381232,3.149216
0.004251413552968787,0.011932144799410575,0.004128411940967513,0.0023214452342509334,0.0013195694059125024,-3.96337890625,-2.30920083320632,0.48921600000000004
0.022752442200790018,0.008736652996024457,0.011355958701024424,0.00861982040720923,0.011432760956372754,0.03662109375,0.35746583346034555,1.1892159999999998
0.00670016613970652,0.00278606180094598,0.028252327527763486,0.0010946673653679008,0.004968102438893255,-1.96337890625,3.0241325001270116,1.8892160000000002
0.014540666462080316,0.003997549804387048,0.0017634539482902635,0.05159368541384538,0.006945304515661003,2.03662109375,-1.4203119443174312,2.5892160000000004
0.005672673025223631,0.004545715642471438,0.05340506821657681,0.00022525245469508432,0.0009259395127154314,-2.96337890625,1.2463547223492348,3.289216
0.005379818994173959,0.0016868753287476751,0.006455649076700934,0.0021652493149117444,0.011669148273128238,1.03662109375,3.913021389015901,0.629216
0.005400459151357083,0.013967382229743194,0.0020074836310415814,0.007190099872317528,0.0014306607105879824,-0.96337890625,-3.955291368185744,1.3292159999999997
0.008158541754064877,0.002532337615334496,0.0015286962556574934,0.027568188924090055,0.0074892136110641,3.03662109375,-1.2886247015190775,2.0292160000000004
0.005015579183186171,0.005152882113982034,0.03084411941802077,0.0004568778135599371,0.0012510401474078842,-3.46337890625,1.3780419651475881,2.7292160000000005
0.005739979023494816,0.00843008280416479,0.0005420879368391559,0.027379166205134628,0.0005511910757851536,0.53662109375,-3.066402479296855,3.4292160000000003
0.011780055277867891,0.01142996815539533,0.00940174580151356,0.00555230407867502,0.004878401713607859,-1.46337890625,-0.39973581263018865,0.09721600000000001
0.00725343660509422,0.001962739442347904,0.004286464230233957,0.004666125209366923,0.01827437189215129,2.53662109375,2.2669308540364765,0.797216
0.008216455406842684,0.026645668487037942,0.005147058452124063,0.00422395704484634,0.0017748930985698962,-2.46337890625,-2.1775135904079663,1.4972159999999999
0.0248316446837661,0.003917944328393763,0.005584218800094864,0.01308955118699954,0.025473988894404546,1.53662109375,0.48915307625869975,2.1972160000000005
0.00726642460292067,0.0010275837651753418,0.023232494579288963,0.0005394796788372565,0.011323586765579872,-0.46337890625,3.155819742925366,2.8972160000000002
0.0034633318945706394,0.002578484501663774,0.0011407171790456258,0.010283639494890548,0.002541521453135304,3.53662109375,-3.6589950718894477,0.237216
0.006000296482011858,0.013654254515660233,0.007480339329494478,0.002321925484695362,0.0017593835118693381,-3.71337890625,-0.9923284052227812,0.9372159999999998
0.019357899701321738,0.004482014947584996,0.014319708541196663,0.0050538013061195465,0.0189113761789449,0.28662109375,1.6743382614438849,1.637216
0.008207031435561198,0.04032974091976017,0.0029348940118595276,0.005531548182862882,0.0012062084083890407,-1.71337890625,-2.770106183000559,2.3372160000000006
0.016679882540650354,0.0016296502008709946,0.0017261189209141197,0.023388813794693708,0.02003158753647096,2.28662109375,-0.10343951633389237,3.0372160000000004
0.0060173402616905845,0.00416859879714877,0.014488822043726653,0.0017827863326593373,0.003949155155946931,-2.71337890625,2.5632271503327724,0.37721600000000005
0.012643204044960244,0.007906627604853916,0.003353740922990253,0.020422746168156106,0.005777818953598094,1.28662109375,-1.88121729411167,1.077216
0.026616115780202187,0.009435011635578838,0.020047316844144878,0.005528021273654794,0.009994045194864132,-0.71337890625,0.7854493725549956,1.7772160000000001
0.002491451107953646,0.0003216568551447359,0.00144034301790585,0.0011600981428466362,0.021718453352668653,3.28662109375,3.4521160392216617,2.4772160000000003
0.00157983687671879,0.026862549533699973,0.0009657210329843453,0.0008158251301217215,0.00013297634532913905,-3.21337890625,-3.3626987755931514,3.177216
0.015125951257035624,0.00805027562035591,0.005917121734324852,0.012429909021068544,0.008459636189898785,0.78662109375,-0.6960321089264849,0.517216
0.012798442818845481,0.0054440042785724035,0.021675648753268335,0.0030322786225814666,0.008316535321370387,-1.21337890625,1.9706345577401807,1.2172159999999999
0.006280752316144627,0.0031421276761557405,0.001215739790695611,0.030365699188356268,0.0038157952221204348,2.78662109375,-2.473809886704262,1.9172160000000003
0.017869094983994808,0.01813539983639187,0.02572542779622625,0.0022322587808426262,0.0027705743430788744,-2.21337890625,0.19285677996240302,2.6172160000000004
0.004478640017973706,0.00023271614513837696,0.002522977607128412,0.0005078481900769095,0.07441924845681673,1.78662109375,2.859523446629069,3.317216
0.014094218341186269,0.013161098313412663,0.005707365638567871,0.011254042851960883,0.0050421802654362375,-0.21337890625,-1.5849209978153738,0.657216
0.005704655251905752,0.0014256050834708452,0.0020847327106376435,0.0067842087377106295,0.015333727286889729,3.78662109375,1.0817456688512923,1.3572159999999998
0.0020921119757407285,0.0013410192696795638,0.01298913552786801,0.00026954424351269377,0.0013536142391974188,-3.83837890625,3.7484123355179584,2.0572160000000004
0.004553680048465189,0.010422560634678791,0.0008723802501995484,0.013196785277300433,0.0007497082769221572,0.16162109375,-3.8565259360869786,2.7572160000000006
0.016849152701224262,0.0883526204897374,0.005484367290388385,0.0019692774298704922,0.0007320777635182183,-1.83837890625,-1.189859269420312,3.4572160000000003
0.008726749938564853,0.002997027222893369,0.004931194566411898,0.006298725728352171,0.0137823590775417,2.16162109375,1.4768073972463531,0.125216
0.005303573310543959,0.016453960176697154,0.0035669351415779918,0.00359177644296309,0.0014589463048502924,-2.83837890625,-2.9676370471980897,0.8252160000000001
0.022509251628725385,0.006895687579291869,0.00592115930750636,0.016474682770383074,0.01299693785499852,1.16162109375,-0.3009703805314232,1.525216
0.013851006040368844,0.0034106376807672076,0.031100857205750742,0.0020017589477844093,0.010866626891227084,-0.83837890625,2.3656962861352424,2.2252160000000005
0.0042751243639961925,0.0012235313106650225,0.0005107618128472231,0.046555699587326305,0.0029210210378361533,3.16162109375,-2.0787481583092005,2.9252160000000003
0.006809823286621248,0.008175807836210683,0.011372694357503104,0.002366614516635981,0.0028778284164271387,-3.33837890625,0.5879185083574656,0.265216
0.007700834094505827,0.0022261653693388663,0.009028631932873152,0.0026776101767304146,0.014434159398484366,0.66162109375,3.2545851750241317,0.9652159999999999
0.006145266661777409,0.019746639775192282,0.0022960145522736915,0.006614513504795163,0.001366666485390418,-1.33837890625,-3.5602296397906823,1.6652159999999998
0.011307945454515404,0.002634552971427511,0.0017558026257740158,0.03162780149061156,0.010183156325107462,2.66162109375,-0.8935629731240158,2.3652160000000007
0.008687852035237672,0.0036967020343195464,0.0833396598215644,0.00043412502714820127,0.0023203207485617138,-2.33837890625,1.7731036935426507,3.0652160000000004
0.007715134330665427,0.006082963502687853,0.002468817699809804,0.015321901063861908,0.0041166336090530265,1.66162109375,-2.671340750901793,0.405216
0.02178787888974287,0.011058602034443976,0.011281805436910533,0.00853771567733095,0.00880600527116602,-0.33837890625,-0.004674084235126941,1.105216
0.0038405163477437687,0.000727620308675826,0.001922765789249001,0.002908813239387317,0.019601683381717198,3.66162109375,2.6619925824315382,1.8052160000000002
0.004508710347928145,0.028146683937360393,0.004337974312379298,0.0013661650552666304,0.0006508561421453751,-3.58837890625,-1.7824518620129046,2.5052160000000003
0.06385537747006408,0.003347047111860915,0.011097029351077798,0.005202022244152943,0.02368981714887185,0.41162109375,0.8842148046537615,3.205216
0.005715622330212768,0.0027697194753048783,0.013253152879174807,0.0016900799048286269,0.005677917982423673,-1.58837890625,3.5508814713204275,0.545216
0.005455150919561769,0.004077501192619962,0.001364061292065088,0.019455579308294314,0.002926178907445125,2.41162109375,-3.263933343494386,1.2452159999999997
0.012289160081207307,0.023784921286760186,0.01275121867775177,0.00311940787015555,0.0024126675649517137,-2.58837890625,-0.5972666768277195,1.9452160000000003
0.01412697265763576,0.0014398828259830647,0.006693692936419225,0.0035900334755591444,0.05398651840162597,1.41162109375,2.0693999898389466,2.6452160000000005
0.012959769775022487,0.04087902491380754,0.0016226752479881615,0.01064505373042577,0.0008014957627369651,-0.58837890625,-2.375044454605497,3.345216
0.007104917572842009,0.002344925629708444,0.0026185624279791504,0.009437734663566951,0.011637635787839927,3.41162109375,0.291622212061168,0.685216
0.004739958840106074,0.003078981693987084,0.01903459825428372,0.000993827837253241,0.002946247763349103,-3.08837890625,2.958288878727834,1.3852159999999998
0.02225685759654105,0.010157552429632287,0.0036942584793649112,0.02898273628140707,0.006474814766053498,0.91162109375,-1.4861555657166083,2.0852160000000004
0.030549061498172478,0.006931259310933634,0.042124129136027755,0.002449456675758539,0.007737031564882606,-1.08837890625,1.1805111009500573,2.7852160000000006
0.0006106705636382211,2.6131347640886873e-05,0.00034938615742357014,4.143890685141477e-05,0.01912546981671187,2.91162109375,3.8471777676167234,3.4852160000000003
0.004708826989943678,0.011031614647091403,0.0027879098039404857,0.004465761347824873,0.0016146027841707157,-2.08837890625,-3.757760503988213,0.018816000000000003
0.011782704109523283,0.005474052872712568,0.0036164176182531017,0.0166156164851928,0.008342814439470513,1.91162109375,-1.0910938373215466,0.718816
0.018698612115842044,0.005363844979912045,0.016056244973861628,0.004910273645942035,0.014736757819570645,-0.08837890625,1.575572829345119,1.418816
0.002889702753509522,0.001362199110456227,0.0005847670655440873,0.018266058692410422,0.002296133389376356,3.91162109375,-2.868871615099324,2.1188160000000007
0.004175339416852891,0.012652903824070055,0.010081201871451437,0.0005615395600704956,0.0006239357819492672,-3.90087890625,-0.2022049484326578,2.8188160000000004
0.009306639314569116,0.0036645552481140284,0.010156161766260193,0.0036244465670617425,0.010760708411538856,0.09912109375,2.4644617182340074,0.158816
0.009841295252177286,0.019589173836901484,0.005871434255948288,0.005780066367659018,0.0026756858711049413,-1.90087890625,-1.9799827262104355,0.858816
0.014708200543268095,0.0032690166343211776,0.004667550257298102,0.01115438020379402,0.022040320874689347,2.09912109375,0.6866839404562306,1.558816
0.0035543752530195405,0.0017653384502408337,0.024479797715878913,0.00040560492839836833,0.002325209367066719,-2.90087890625,3.3533506071228967,2.2588160000000004
0.004905549115769688,0.005741183976712643,0.0006745884502191236,0.030022527667479156,0.0009355411040958184,1.09912109375,-3.461464207691917,2.9588160000000006
0.013512233573278116,0.012379969419048321,0.00820126473229227,0.007401642959830882,0.005338354059962713,-0.90087890625,-0.7947975410252504,0.298816
0.006668906983767477,0.0017251587931873464,0.0032518460191291857,0.005314537730972045,0.018245569680953186,3.09912109375,1.8718691256414157,0.998816
0.004665165447308754,0.02168228033025838,0.003571078322060875,0.002367626283286159,0.0009911333746624343,-3.40087890625,-2.572575318803028,1.698816
0.0448996682633718,0.007524592617215068,0.00845957861052788,0.01344920288149395,0.015789139750406397,0.59912109375,0.09409134786363804,2.3988160000000005
0.007205742963754832,0.001339740647396191,0.05891731465634977,0.0003126240961532793,0.005043421703354787,-1.40087890625,2.7607580145303032,3.0988160000000002
0.007886048089544967,0.004182169896238955,0.0024888405894275406,0.015442537473877487,0.006149500088070478,2.59912109375,-1.6836864299141392,0.438816
0.01108104717152156,0.009127110960753823,0.019892932350504516,0.0027848774379700294,0.004298213973854307,-2.40087890625,0.9829802367525264,1.138816
0.0053331430593031165,0.0010285567023273954,0.005343726475902881,0.001814781593288803,0.02073067399427614,1.59912109375,3.6496469034191925,1.8388160000000002
0.008366605647182222,0.021509204301025237,0.0017455829527392136,0.012654237056339479,0.0012987379209137022,-0.40087890625,-3.1651679113956206,2.5388160000000006
0.0037609008208147644,0.00041278976955699576,0.0003995539776945819,0.017291448631040714,0.007793716642841378,3.59912109375,-0.4985012447289541,3.2388160000000004
0.004903804761169727,0.004425716028597929,0.013343604767380883,0.0014180353703368116,0.002648398759332163,-3.65087890625,2.1681654219377116,0.578816
0.013223710539206549,0.012786446838441615,0.0036459614628991215,0.017169089254628636,0.004106352387392295,0.34912109375,-2.2762790225067313,1.278816
0.021860841865001573,0.01445636398210337,0.023173859564700364,0.004000974373364461,0.005257766674082639,-1.65087890625,0.3903876441599339,1.9788160000000004
0.004555708077659566,0.000482077444750079,0.0027439707784677487,0.0014876618822785936,0.042117357367403546,2.34912109375,3.0570543108266,2.6788160000000008
0.006897657804711265,0.0776890907900983,0.004494672975298854,0.00097855018893812,0.0003966829399959009,-2.65087890625,-1.387390133617843,3.3788160000000005
0.010662265256952144,0.004028713132481227,0.006557836126855166,0.00645997341347357,0.012765067097613485,1.34912109375,1.2792765330488232,0.046816
0.0054949595671959835,0.0021123974815415846,0.010897495103905978,0.001688926716831146,0.007583908319987952,-0.65087890625,3.9459431997154892,0.746816
0.002965411597141149,0.0021987237508692002,0.0007562535100825013,0.013751320989225314,0.0018442952748431883,3.34912109375,-3.9223695574861557,1.446816
0.007594644886355071,0.028071437581692,0.00755893628465128,0.0022458120694461552,0.001329937492312468,-3.15087890625,-1.2557028908194887,2.1468160000000003
0.03009322523997878,0.0024646018601198584,0.009762077243040665,0.005000258023075526,0.04049037872953119,0.84912109375,1.4109637758471765,2.8468160000000005
0.007155557605623265,0.012724229541089002,0.0035721532815444195,0.006981081832785393,0.0024618780490806708,-1.15087890625,-3.033480668597267,0.186816
0.009324698791399126,0.003250591795931594,0.0029179401284096223,0.013807422857449039,0.010952130725311468,2.84912109375,-0.3668140019305999,0.8868159999999999
0.008848295803640093,0.004558297978483454,0.028052666673656843,0.0017220698521397595,0.004982942243948179,-2.15087890625,2.299852664736065,1.586816
0.011216597294170792,0.005310027539683794,0.0016860291050676062,0.0452731204431944,0.004435152650507696,1.84912109375,-2.144591779708378,2.286816000000001
0.07248384150304875,0.007460872883109354,0.01600040483521782,0.006066953582496422,0.012418123129189362,-0.15087890625,0.5220748869582881,2.9868160000000006
0.0035434941691920947,0.001101671614301228,0.0023507964349338533,0.00277945170156579,0.010521947181409058,3.84912109375,3.188741553624954,0.326816
0.0030660280578198853,0.011848185219601329,0.0023022590205064907,0.0021181216960582407,0.0008297233243611485,-3.77587890625,-3.6260732611898594,1.0268160000000002
0.026705327977075116,0.013426850667923245,0.006660461486151324,0.01630629008943575,0.007532630833756101,0.22412109375,-0.9594065945231924,1.7268160000000001
0.014551050908403161,0.005692292043269754,0.049049159862027146,0.0016220128632581131,0.00541522422605686,-1.77587890625,1.7072600721434732,2.4268160000000005
0.0047386800571815576,0.002159361148508876,0.0004796375164624963,0.07294878397811373,0.001521482534173502,2.22412109375,-2.7371843723009706,3.1268160000000003
0.008922561943748282,0.011464925716969608,0.011230026467618474,0.003247827617875797,0.0032545793320182654,-2.77587890625,-0.0705177056343036,0.466816
0.00978667887340799,0.0024409003717715838,0.007956882740183103,0.00380186951008148,0.020290944282980963,1.22412109375,2.5961489610323607,1.166816
0.017921005425189974,0.0262495224031441,0.00539434909212799,0.011201311261428152,0.003399756451705764,-0.77587890625,-1.8482954834120813,1.8668160000000003
0.007315103069474651,0.00096363840318527,0.0015977394507517755,0.008705954327258899,0.02675140542769327,3.22412109375,0.8183711832545839,2.5668160000000007
0.0010607981745313422,0.0004412544001013733,0.022181904597967633,2.2652064317971097e-05,0.0005837164453801616,-3.27587890625,3.48503784992125,3.2668160000000004
0.007173656953434406,0.008341550462939365,0.0023717539417697155,0.013057497936481713,0.002883457646218164,0.72412109375,-3.329776964893563,0.606816
0.018900511166807864,0.018488049711251602,0.01098623620780964,0.006929617639205014,0.00496607646077164,-1.27587890625,-0.6631102982268962,1.306816
0.007673466537079876,0.0012665608739844507,0.0032447459214734785,0.004774411376532864,0.03365326287635377,2.72412109375,2.003556368439769,2.0068160000000006
0.007088657285015669,0.058784241461659864,0.0030768529568401537,0.0032226960086733404,0.0007920792824548371,-2.27587890625,-2.440888076004674,2.7068160000000008
0.029263128819168788,0.0013467901873565802,0.002017869084544043,0.015163807034217923,0.02770410103851982,1.72412109375,0.22577859066199135,3.4068160000000005
0.007826725209563833,0.0033144645922875337,0.010450864872909115,0.002919008507800975,0.009118562610975614,-0.27587890625,2.8924452573286574,0.074816
0.005460334294990167,0.0024620016978716287,0.0016260198174060344,0.01375167046898481,0.005735384499824523,3.72412109375,-1.551999187115785,0.7748160000000001
0.006499019966665767,0.0073889800373507265,0.017928341013388194,0.001493011849115574,0.0023241608380871115,-3.52587890625,1.1146674795508806,1.4748160000000001
0.005637518713284985,0.0010521228186278057,0.009333562275114103,0.0011374338008268774,0.015420995123269847,0.47412109375,3.7813341462175467,2.1748160000000007
0.003407110003006547,0.024752721067942136,0.0010383675425035645,0.003895411123833057,0.00039309032350177015,-1.52587890625,-3.8236041253873903,2.8748160000000005
0.008608233086152542,0.004263996826227378,0.003007317742221885,0.013511880939637065,0.007359484778818594,2.47412109375,-1.1569374587207233,0.214816
0.00906209332013019,0.006878720123888777,0.019176401264618496,0.0023664267723471056,0.00426959269878384,-2.52587890625,1.5097292079459415,0.914816
0.008336831567832485,0.006866013677740422,0.001827139971625585,0.02499249366561058,0.0031964463568248153,1.47412109375,-2.9347152364985014,1.614816
0.04265716729431891,0.016632217151475524,0.01262112814461556,0.009109659368008047,0.007438860878829369,-0.52587890625,-0.26804856983183445,2.3148160000000004
0.0025763628189091918,0.0002093198082914141,0.0008240454715497899,0.0014562203093388157,0.03506603425677905,3.47412109375,2.3986180968348307,3.0148160000000006
0.006235530064547967,0.014373598326612322,0.005237123990568099,0.003495963437085725,0.0019554055941831744,-3.02587890625,-2.045826347609612,0.354816
0.018464888096796667,0.005659956245718227,0.008062200003021313,0.009501589208583036,0.01559039851898664,0.97412109375,0.620840319057054,1.0548160000000002
0.007449452757370969,0.0023618193163188824,0.020598374109492945,0.0014565315047930204,0.00822198978191331,-1.02587890625,3.28750698572372,1.7548160000000002
0.002923389063538783,0.0018468083071924019,0.000517860326789601,0.024535080469124556,0.0014555683306215475,2.97412109375,-3.527307829091094,2.4548160000000006
0.018008652341516707,0.05367383332314195,0.009553246588195691,0.002255951041793484,0.0012488597817339575,-2.02587890625,-0.860641162424427,3.1548160000000003
0.009313338855176375,0.0028361429394789476,0.005512193797165953,0.0057084833782760185,0.01638934119805189,1.97412109375,1.806025504242239,0.49481600000000003
0.011124549094591514,0.014258355926822635,0.003404347723530181,0.013961642196217873,0.0032660394922400084,-0.02587890625,-2.6384189402022047,1.194816
0.005333505565697632,0.0012658083709587346,0.001357665977152526,0.010675177504828201,0.011325630850498128,3.97412109375,0.0282477264644605,1.8948160000000003
0.0022701736605384355,0.0017688051465179569,0.01933825366613668,0.00019750245531240465,0.0009499823305820498,-3.97900390625,2.6949143931311266,2.5948160000000007
0.029621723445873323,0.0208499196757241,0.0022638948898042115,0.0217183862982497,0.0020072415829075502,0.02099609375,-1.7495300513133158,3.2948160000000004
0.011549131444884841,0.008811618494238511,0.016084535300038786,0.0035122416104928166,0.00521154031284146,-1.97900390625,0.9171366153533498,0.6348159999999999
0.005201699985721779,0.0012130121712708496,0.004595308587178694,0.002315801559437372,0.018165241228399853,2.02099609375,3.583803282020016,1.334816
0.004033095077805646,0.024117850893684865,0.002355606222477688,0.002530631684386663,0.0007288630931814911,-2.97900390625,-3.2310115327947977,2.034816
0.042021947558126486,0.006817980929682721,0.004292932317228418,0.026160434505576795,0.011539028064947906,1.02099609375,-0.5643448661281307,2.734816000000001
0.014098650115110701,0.001434401574790725,0.06930744988345465,0.0003210566608245446,0.006587669518356121,-0.97900390625,2.102321800538535,3.4348160000000005
0.00568659383409598,0.0035111960851081088,0.001910832686795461,0.012854541777283785,0.004474508556120035,3.02099609375,-2.342122643905909,0.10281599999999999
0.006974957583526957,0.009692018786952443,0.01215827209867745,0.00219462714610094,0.0025003930660751975,-3.47900390625,0.32454402276075633,0.802816
0.00940677943718158,0.002268381921377577,0.011069167515204802,0.002700408368958632,0.01771659965444483,0.52099609375,2.9912106894274224,1.5028160000000002
0.01872765092799481,0.03797317103933246,0.007335288410561309,0.006779831838608551,0.0027482906933513763,-1.47900390625,-1.4532337550170196,2.2028160000000003
0.010485626163216372,0.0008932449925302954,0.002183021598163289,0.006706111683521342,0.0541093477497034,2.52099609375,1.2134329116496456,2.9028160000000005
0.004170007599127278,0.0024477205571271686,0.01081734947562297,0.0012972835618666146,0.0037672722847753664,-2.47900390625,3.8800995783163117,0.24281600000000003
0.005569837577612582,0.005776944732925285,0.0015977059616387663,0.01500230161428207,0.002450516133387264,1.52099609375,-3.724838693288625,0.942816
0.02415446749263844,0.018668082738528893,0.007948120755007611,0.011608945889311583,0.00569134655208928,-0.47900390625,-1.0581720266219579,1.642816
0.0051496301311659935,0.0007466782939796857,0.001621898294715411,0.004863281929983386,0.026968131731551572,3.52099609375,1.6084946400447073,2.342816000000001
0.0018010726242006277,0.024227253756596973,0.0014397987777635772,0.0006775441535928084,0.00017623876550766708,-3.72900390625,-2.8359498043997355,3.0428160000000006
0.015485414299496649,0.008359443285673297,0.007839845811302315,0.009376101463605839,0.008817259697564105,0.27099609375,-0.16928313773306902,0.38281600000000005
0.008892817323734904,0.004359056352856818,0.020973172927834804,0.002157902668777636,0.0062612330645775574,-1.72900390625,2.4973835289335957,1.0828160000000002
0.009925533408367012,0.0045109695030524245,0.001921774335204416,0.0318304753009423,0.0055961986610371705,2.27099609375,-1.9470609155108467,1.7828160000000002
0.011068484237720508,0.011112745234165862,0.031196439793683802,0.001399939069997422,0.0023813066985056523,-2.72900390625,0.7196057511558189,2.4828160000000006
0.003935216658133361,0.0002772698801694755,0.004178408666292472,0.0003377002329785075,0.03506544767033251,1.27099609375,3.386272417822485,3.1828160000000003
0.006791923349124116,0.012319029767723193,0.0028778464285287896,0.00813122106805081,0.0022439900502528266,-0.72900390625,-3.4285423969923285,0.522816
0.007746068688452708,0.0026656704876259667,0.0021004535290321323,0.01589668094577184,0.009173962052713303,3.27099609375,-0.7618757303256616,1.2228160000000001
0.006117679631469996,0.004912008851889299,0.026802222987606084,0.0010086722763627378,0.0024752423324104814,-3.22900390625,1.904790936341004,1.9228160000000003
0.012753833469614964,0.010882555590412804,0.0017349240741856807,0.035552555430062305,0.00252905348627069,0.77099609375,-2.5396535081034397,2.6228160000000007
0.05228650720268133,0.01599313892911687,0.021994386326830224,0.0023588457929850275,0.00328160956118999,-1.22900390625,0.12701315856322637,3.3228160000000004
0.0056503544936919075,0.0015893625030108571,0.003751163896887392,0.0036251922875632494,0.01583084814913679,2.77099609375,2.7936798252298916,0.662816
0.010644161138081067,0.024968572683146784,0.006989930556909128,0.004814610881673432,0.0024189236743170574,-2.22900390625,-1.6507646192145504,1.362816
0.018361005034053746,0.002944001061711457,0.005512065528768931,0.009308318390432292,0.0316990813814712,1.77099609375,1.0159020474521148,2.0628160000000006
0.004969589101166589,0.0007547513898499334,0.014459034478318599,0.0004549161416458387,0.010899384073807679,-0.22900390625,3.682568714118781,2.762816000000001
0.0006807404264610985,0.00022581539354216314,5.188044134429818e-05,0.018866407431526493,0.00040976791646364115,3.77099609375,-3.1322461006960323,3.4628160000000006
0.005545802909785645,0.009428788490763826,0.0076692533111383816,0.0022993438530609926,0.00208636073567482,-3.85400390625,-0.4655794340293653,0.130816
0.012168531954586458,0.003961576235556528,0.012314130874611251,0.004025885012228487,0.013679910441383265,0.14599609375,2.2010872326373,0.830816
0.010151698255325307,0.027708423564961775,0.005022244610783066,0.0059208311759240155,0.0021468309002329105,-1.85400390625,-2.243357211807143,1.5308160000000002
0.017347575562425204,0.0027915368632535,0.0036950026429329002,0.014349826459121319,0.025845918345735717,2.14599609375,0.4233094548595222,2.230816000000001
0.00283218584799549,0.0011824677064557572,0.03761875554730945,0.00014391126866034062,0.001508590486088576,-2.85400390625,3.0899761215261883,2.9308160000000005
0.011754833090287964,0.007321867597770053,0.004333348171806116,0.013518493666186432,0.006685908578545818,1.14599609375,-1.3544683229182541,0.27081600000000006
0.015828364478518903,0.007086072084322781,0.017160576486356834,0.004477274091571406,0.009207157903291614,-0.85400390625,1.3121983437484115,0.970816
0.0028805370854404887,0.0005828511922768839,0.0022265478197208686,0.0015400119412540855,0.014515912357393284,3.14599609375,3.9788650104150776,1.6708159999999999
0.0020722170093777216,0.015386899163583477,0.0012385957629966649,0.0014825264062578718,0.0003301138565080474,-3.35400390625,-3.97723924198547,2.3708160000000005
0.03841694759132986,0.010546621031911072,0.002787672815704149,0.035175458373301126,0.004802264561669372,0.64599609375,-1.310572575318803,3.0708160000000007
0.011748212114624575,0.006931045241673739,0.01492442163488688,0.003820123550537796,0.006889709933189044,-1.35400390625,1.3560940913478632,0.410816
0.0054378797396170695,0.0037640252475906887,0.0014057238100615794,0.018670678445959654,0.0032227083062107012,2.64599609375,-3.088350353096581,1.1108160000000002
0.014115193437851574,0.02152920971058119,0.014253175167159224,0.0035691960351464385,0.0029939489872110245,-2.35400390625,-0.42168368642991405,1.8108160000000002
0.011357815244193062,0.0013060788301424253,0.00577120774722833,0.003442641572619555,0.051220894188414696,1.64599609375,2.2449829802367516,2.5108160000000006
0.017455756728733365,0.03205292356329684,0.0020048627660779485,0.01487507796478163,0.0012872528529750554,-0.35400390625,-2.199461464207692,3.2108160000000003
0.006276151841169584,0.002109670441947771,0.002458933640561551,0.008228641912235282,0.011069478389742232,3.64599609375,0.4672052024589748,0.550816
0.0036888399213200443,0.002702854735124233,0.014787394146871928,0.0008149745364666257,0.002297552524502929,-3.60400390625,3.133871869125641,1.250816
0.006423637048742261,0.010367259194045995,0.0015064616584661592,0.015501123215815487,0.0016596801877594408,0.39599609375,-3.6809429456891736,1.9508160000000003
0.02341059761708142,0.04319281629442325,0.009524072203791019,0.005087802896556488,0.0025324817992167163,-1.60400390625,-1.0142762790225066,2.6508160000000007
0.007412876641008471,0.00034263037126918853,0.0014718685381223577,0.0026705133861016665,0.10299375845444964,2.39599609375,1.65239038764416,3.3508160000000005
0.006011095663514293,0.016584757625059017,0.003965023950696143,0.00407563427607139,0.001705792612751838,-2.60400390625,-2.7920540568002847,0.690816
0.019779017800403958,0.005887302639599112,0.00563557470039381,0.015236661996276551,0.014172872141299435,1.39599609375,-0.12538739013361777,1.390816
0.01275548187854617,0.0030729751671830182,0.025199693041452417,0.0021308592692743755,0.01240404541424449,-0.60400390625,2.5412792765330474,2.0908160000000002
0.004227257239053712,0.0011702338143128432,0.0005642215061874881,0.036195535656611474,0.0034968382686981626,3.39599609375,-1.9031651679113955,2.790816000000001
0.004743853256619094,0.005935951075355654,0.033265936872648325,0.00015067389496571288,0.0005006245294004407,-3.10400390625,0.7635014987552706,3.4908160000000006
0.006215844165712015,0.0022611749563259203,0.006860228216562679,0.0027530568823230144,0.01072091555627728,0.89599609375,3.4301681654219367,0.024416
0.006777479344510663,0.014270557910847595,0.0029733869062839842,0.00731046002872457,0.0020482043796057094,-1.10400390625,-3.3846466493928773,0.724416
0.009594995140566975,0.0030816431448321036,0.0023879693073452155,0.018556322990456058,0.010338663037139758,2.89599609375,-0.7179799827262103,1.424416
0.010781598810331533,0.005150786916109375,0.04043110407433431,0.0015224388027972027,0.004714732546714629,-2.10400390625,1.9486866839404557,2.124416
0.008087014709563033,0.003967317546815483,0.0009443699403985264,0.06550560850145645,0.002562155967543622,1.89599609375,-2.495757760503988,2.8244160000000003
0.014283228605264405,0.008115091890049483,0.008965672173168661,0.007463990641760812,0.008362002883726419,-0.10400390625,0.17090890616267806,0.164416
0.0037462763802685885,0.001015656629445153,0.0021990894083490013,0.0030513192657909876,0.012835462311198892,3.89599609375,2.837575572829344,0.864416
0.0048162391425980505,0.016817950260395693,0.005414952058266901,0.0018676842113398361,0.0011321220650180124,-3.91650390625,-1.6068688716150992,1.564416
0.034565916215637336,0.005946276581124803,0.01661264764977447,0.006132599235141545,0.018176840166774223,0.08349609375,1.0597977950515673,2.264416
0.0027402315219537928,0.0006949962753389481,0.028016411539197594,0.00012494371156673395,0.0026438952671735028,-1.91650390625,3.7264644617182334,2.9644160000000004
0.004610891379820039,0.00439271906611863,0.0015218279960921555,0.011829118821263687,0.0025220870733500744,2.08349609375,-3.8784738098867044,0.304416
0.008356840757585283,0.01799116965078881,0.007964359466386772,0.0034060882447220554,0.002300941065368706,-2.91650390625,-1.2118071432200375,1.004416
0.01871404207352237,0.0037031205526417074,0.009095190461279507,0.0066488773303184446,0.02568603744329455,1.08349609375,1.4548595234466282,1.7044160000000002
0.008963621299831814,0.02969966957883597,0.0022903968919663256,0.009262778157292765,0.0013664364618252128,-0.91650390625,-2.9895849209978156,2.4044160000000003
0.007230993565945781,0.0008004508914677623,0.0007948682732036354,0.02163495609461571,0.012671343247734043,3.08349609375,-0.3229182543311486,3.104416
0.005096466002345054,0.00426090014993346,0.013399099250868329,0.0015072255197406319,0.002952851361613584,-3.41650390625,2.3437484123355175,0.4444159999999999
0.013454391515399039,0.011197252410147672,0.0037630421693339547,0.01778975245273358,0.004739305975868319,0.58349609375,-2.1006960321089263,1.1444159999999999
0.02265012452201638,0.01239255933466604,0.023025184998487554,0.004352276050336657,0.006384660328906946,-1.41650390625,0.5659706345577407,1.844416
0.0038866981925156927,0.0004630920858735571,0.0024216732685725657,0.001446811681612514,0.033463002144852476,2.58349609375,3.2326373012244067,2.544416
0.0019832947698069964,0.03317784225086015,0.0008342373213347562,0.0014305786157943988,0.0001527143784904495,-2.41650390625,-3.582177513590408,3.244416
0.012794673662119341,0.006131962146755143,0.004285387616164164,0.014923062562057138,0.008628092420690233,1.58349609375,-0.9155108469237412,0.5844159999999999
0.01628325731918851,0.005355057950090597,0.017695343712876104,0.004187152246131618,0.01237319813577514,-0.41650390625,1.7511558197429258,1.2844159999999998
0.003832269578333824,0.001841601643169923,0.0007820095147393528,0.021813598665531533,0.002893449586190311,3.58349609375,-2.693288624701519,1.9844160000000002
0.005417039251502125,0.013233836126629765,0.01322196058761585,0.0007620270928377963,0.0008968523379658948,-3.66650390625,-0.026621958034852344,2.6844160000000006
0.00969085951207293,0.0005445356943698397,0.012838420735193817,0.0003920799540822639,0.027728058386950482,0.33349609375,2.6400447086318133,3.3844160000000003
0.009071416580354206,0.0136464813521639,0.005864818620451921,0.005912980211926706,0.0032059630701548303,-1.66650390625,-1.80439973581263,0.052416
0.010625218289825959,0.0031768051062539488,0.004478352486364633,0.008841296996703878,0.016204931112781807,2.33349609375,0.8622669308540365,0.752416
0.0043386798120537366,0.002321060350430667,0.017786011284200955,0.000875414694455543,0.0033470460908987688,-2.66650390625,3.5289335975207026,1.452416
0.0069067737303683254,0.006652880777332671,0.0012930070312170093,0.027526706036938228,0.0021357559840516896,1.33349609375,-3.285881217294112,2.152416
0.05344553803887298,0.023751923106910725,0.009810398997252948,0.008673586253561792,0.004764400745558824,-0.66650390625,-0.6192145506274449,2.8524160000000003
0.005500266948024106,0.0017798636987574798,0.0031066475508120315,0.004646649760846091,0.012625925026188492,3.33349609375,2.0474521160392216,0.192416
0.005655955771543082,0.017086136059560122,0.004464366552963441,0.0031609987184133192,0.001531725415581534,-3.16650390625,-2.396992328405223,0.8924159999999999
0.025622927617216733,0.00673244604370274,0.008243223104477579,0.011932752164279704,0.015870071241563293,0.83349609375,0.26967433826144305,1.592416
0.008701654418498775,0.002350259472629713,0.031197608838128513,0.0011356761149782409,0.007898249706346361,-1.16650390625,2.936341004928109,2.2924160000000002
0.006964795125796991,0.0014766168581012886,0.0007266886909586989,0.055486408993255625,0.0049266865328541146,2.83349609375,-1.5081034395163337,2.9924160000000004
0.009685989137403624,0.007527276887706198,0.01473197191356766,0.0031314726263900116,0.0048630596514755,-2.16650390625,1.1585632271503323,0.33241600000000004
0.004930110667457996,0.0013007186168770284,0.004843589426585674,0.00217458827400784,0.014749290996017623,1.83349609375,3.8252298938169984,1.032416
0.006224929792517461,0.012741710704001609,0.0017420585113958784,0.011230364010779117,0.0015714500436941553,-0.16650390625,-3.779708377787939,1.7324160000000002
0.00461449362689543,0.0011272773685532102,0.0008033879563231177,0.01976500566510689,0.006203355901888207,3.83349609375,-1.113041711121272,2.432416
0.0026617645369247946,0.002870938821947236,0.026246669677154964,0.0001389482391531975,0.0005787172405404213,-3.79150390625,1.553624955545394,3.132416
0.008622885941996028,0.010385794985045754,0.003150816531467746,0.011824696056531475,0.0032718048850234,0.20849609375,-2.8908194888990497,0.47241599999999995
0.015680147419161187,0.01596731511425198,0.013594224980970543,0.004939757669747996,0.00457018598630624,-1.79150390625,-0.2241528222323832,1.172416
0.008174801111153353,0.0014339911497287976,0.00454881987440393,0.0038967256258273485,0.0328106869820514,2.20849609375,2.4425138444342824,1.872416
0.006849481253769216,0.047568500541366784,0.004309052373854162,0.0023779124489036784,0.0008613185769636497,-2.79150390625,-2.0019306000101613,2.5724160000000005
0.043849753162933235,0.001998661949129972,0.004534242921504259,0.008772743904942648,0.03654930655955527,1.20849609375,0.6647360666565056,3.272416
0.007013040667292948,0.002861204714689957,0.012827273085436325,0.002155078629718971,0.008087062591144807,-0.79150390625,3.3314027333231717,0.612416
0.0037942868901867776,0.002620114595785326,0.0009654799267478298,0.01608419660556081,0.002428653989650292,3.20849609375,-3.4834120814916427,1.3124159999999998
0.007677477627965998,0.021593610429807404,0.009644117448270486,0.002070659062620813,0.0015243114252754119,-3.29150390625,-0.8167454148249758,2.012416
0.021901129809746463,0.0022056187781179125,0.011852437598371596,0.003600456603607003,0.03775143076222219,0.70849609375,1.8499212518416908,2.712416
0.007464313154619879,0.07710447437996931,0.0014500415308150761,0.004451567833569988,0.00040215240918412026,-1.29150390625,-2.594523192602754,3.4124160000000003
0.008396525071292958,0.003356598945122651,0.003496297755961394,0.009684680610517053,0.010294159081124432,2.70849609375,0.07214347406391308,0.080416
0.00670281223096364,0.0038949048753877213,0.01742739738117073,0.0017789807786934271,0.004691929996444182,-2.29150390625,2.7388101407305783,0.780416
0.013099006039348658,0.006412212122755633,0.002876303996622705,0.026216762537988852,0.00652974878438216,1.70849609375,-1.7056343037138646,1.480416
0.03365710206484258,0.007385380993674372,0.0198397324577919,0.005693651994236482,0.013834054093054689,-0.29150390625,0.9610323629528015,2.180416
0.0012330531459265907,0.00012004158193039393,0.0006250735850892477,0.0004615771859475228,0.01579120914603455,3.70849609375,3.6276990296194676,2.8804160000000003
0.003940834790439433,0.011136165475803771,0.0031408204190044617,0.0027222540514674587,0.0012732309638328213,-3.54150390625,-3.1871157851953464,0.220416
0.019128368048718637,0.009419748848629296,0.007180798570098414,0.012452328149288957,0.00909322228368812,0.45849609375,-0.5204491185286795,0.9204159999999999
0.011803752900178604,0.004947640437961529,0.028225836527984577,0.002295422254990934,0.007084830419472826,-1.54150390625,2.1462175481379866,1.620416
0.007582653547642064,0.003391378942511701,0.0011884674229054762,0.04353341393957887,0.0038871885330559104,2.45849609375,-2.298226896306457,2.3204160000000003
0.012731615068387709,0.014517443034573694,0.030484705368655187,0.000995382316626109,0.0016181746296466946,-2.54150390625,0.3684397703602089,3.0204160000000004
0.0069706340273062535,0.0022204609059233195,0.006267385349871678,0.003305755962038263,0.01387345100251161,1.45849609375,3.035106437026875,0.36041600000000007
0.016774631326304336,0.016500562352064117,0.0066987211098826415,0.010713667980615961,0.004952738586938254,-0.54150390625,-1.4093380074175683,1.060416
0.00646711535030112,0.0013231704293960483,0.0022176697161490786,0.00672311520881403,0.02084869106218032,3.45849609375,1.2573286592490982,1.7604160000000002
0.0021685203062165874,0.000989316137508331,0.017344754436621247,0.00019016130613450533,0.0016379941696839252,-3.04150390625,3.9239953259157643,2.4604160000000004
0.002766729054654582,0.004439668365938992,0.000394257986134208,0.018516929847988122,0.000448125866627627,0.95849609375,-3.944317431285881,3.160416
0.013117755630492826,0.014706960468727917,0.007241531389657885,0.007747260503839474,0.004478877519946978,-1.04150390625,-1.2776507646192146,0.500416
0.008061597083399458,0.001983567305328265,0.0033499718320075126,0.006873532940054788,0.01981347260202671,2.95849609375,1.3890159020474515,1.200416
0.006512909754371832,0.028914243297708565,0.002917967602909657,0.004738181028954481,0.0012281850398398217,-2.04150390625,-3.0554285423969922,1.900416
0.02140545346272646,0.0034032137807375015,0.0027648775829568445,0.027789511734168503,0.0158538963161502,1.95849609375,-0.3887618757303257,2.600416
0.015714198955752243,0.001079071851984638,0.022223888779371016,0.000699577131589077,0.020365882199324652,-0.04150390625,2.27790479093634,3.3004160000000002
0.004393236037646979,0.002275200944197882,0.0013374646441873211,0.012492577595221467,0.004258093022534344,3.95849609375,-2.1665396535081034,0.6404159999999999
0.0056005970315012345,0.008622612624670118,0.0126020604936569,0.0015014147828330822,0.0018355202680302202,-3.94775390625,0.5001270131585631,1.3404159999999998
0.008893003231894249,0.0018541488325940862,0.014738978788960926,0.0017834651626765959,0.01583509856270934,0.05224609375,3.166793679825229,2.040416
0.0036541179493070407,0.0295832414450135,0.0013166947116819696,0.003272795851574339,0.0004469469429908296,-1.94775390625,-3.648021134989585,2.7404160000000006
0.015060649449380181,0.001528069110638474,0.0008226115276809127,0.06864306687257371,0.006655095352288097,2.05224609375,-0.9813544683229183,3.4404160000000004
0.006628935257557554,0.005705522002740569,0.013046662178996467,0.002167789112681721,0.0036264099757671443,-2.94775390625,1.6853121983437482,0.108416
0.008963484225872259,0.008190262390958299,0.0026658904079332633,0.016631552410230614,0.0037679880337168846,1.05224609375,-2.759132246100696,0.8084159999999999
0.02408933652214718,0.014853281185627096,0.014053358724564534,0.0070178733262071715,0.006848187911961044,-0.94775390625,-0.09246557943402944,1.508416
0.004903413071858203,0.0007278589856277677,0.002349032111511534,0.00294059000431184,0.03127294917389702,3.05224609375,2.5742010872326357,2.208416
0.003930678787729354,0.03648599131768029,0.0034513441491333843,0.0010153633425638157,0.0004168238541641994,-3.44775390625,-1.8702433572118071,2.9084160000000003
0.01376413539383738,0.005842359443099897,0.008500647396491662,0.007193248280060777,0.011321757745550196,0.55224609375,0.796423309454859,0.24841600000000003
0.006227434629175472,0.002719196052108487,0.015498293057852665,0.001651357272713179,0.006271355120409169,-1.44775390625,3.463089976121525,0.9484159999999999
0.004853440932629936,0.0035032593936374546,0.0010864393477099648,0.022048311412342075,0.0025218268831937603,2.55224609375,-3.351724838693289,1.648416
0.013748778082976894,0.030325230303722285,0.012568041790655083,0.002962010999196389,0.0021055074270468466,-2.44775390625,-0.685058172026622,2.3484160000000003
0.013182063084792235,0.0008742895375581247,0.004858150437906625,0.0027318247352672255,0.08005765566226282,1.55224609375,1.981608494640044,3.0484160000000005
0.009745801398566664,0.01279403863328827,0.0041642290386009785,0.009752099420359513,0.003447560230757846,-0.44775390625,-2.4628359498043997,0.3884160000000001
0.006923676394643712,0.002074917906218394,0.0022737077929716365,0.010221338547491568,0.012174776135329534,3.55224609375,0.2038307168622664,1.088416
0.0035290831324909133,0.002649395626582403,0.018015607108032596,0.0005903076738299309,0.0019017782913040117,-3.69775390625,2.8704973835289325,1.788416
0.02809037414864687,0.016074209195721598,0.003902484350128707,0.02474966791908435,0.00472308803575408,0.30224609375,-1.5739470609155108,2.488416
0.021613869252841516,0.006792321630782838,0.06613198968638437,0.0009480042485831775,0.0034822321489686274,-1.69775390625,1.0927196057511557,3.188416
0.004566799439076459,0.0013632399699404604,0.004056769842787305,0.002460930538520734,0.012724339300501326,2.30224609375,3.7593862724178218,0.5284159999999999
0.003915709511759606,0.015094286424543725,0.0022272274620795686,0.003275677858047159,0.0009902591595176114,-2.69775390625,-3.8455519991871157,1.228416
0.020893317786944948,0.007620177700219354,0.003754092508363505,0.028087915248529063,0.008494698630769505,1.30224609375,-1.1788853325204491,1.9284160000000001
0.028223880387055884,0.005216343882282043,0.03427460691978269,0.002851229286571075,0.011640195856711708,-0.69775390625,1.4877813341462165,2.6284160000000005
0.0014571173761615155,0.0005207383085814547,0.00013711648432738303,0.0348629123281624,0.0007538149969912038,3.30224609375,-2.956663110298227,3.3284160000000003
0.0077745964471882855,0.012144984208554182,0.010351158936173754,0.0027849567349057577,0.002603998910615107,-3.19775390625,-0.2899964436315603,0.6684159999999999
0.012126594449589932,0.00290347796810808,0.010272000504030543,0.003970235444702324,0.020564905169892424,0.80224609375,2.3766702230351058,1.3684159999999999
0.01488296475827115,0.03438040346364898,0.004854081080339104,0.008625538667257208,0.0024447325593339453,-1.19775390625,-2.067774221409338,2.068416
0.010219546346736547,0.0011303594698760092,0.0017885533364700077,0.011270228757763005,0.03051824120203217,2.80224609375,0.598892445257329,2.768416
0.0018790226298396524,0.0004022905772842187,0.049899925849891044,2.4786046609058968e-05,0.0012312474285510156,-2.19775390625,3.265559111923995,3.4684160000000004
0.005397989692878299,0.0050955358942001506,0.0018525339127630457,0.01212097847269778,0.002900576592379919,1.80224609375,-3.5492557028908194,0.136416
0.01782319343317656,0.012601928156056907,0.007570196077765726,0.01075538213668505,0.006635959872511346,-0.19775390625,-0.8825890362241529,0.8364159999999999
0.004875484526550376,0.001077959332281646,0.0020198618045648496,0.004761148646559805,0.017676208893426894,3.80224609375,1.784077630442514,1.536416
0.003178881072868261,0.02067976673222726,0.0026238329785728425,0.0014205281818724775,0.0005370273071220688,-3.82275390625,-2.6603668140019305,2.236416
0.07722460598817353,0.008912055127296818,0.009335485943281915,0.010944326970002655,0.011560269672122842,0.17724609375,0.006299852664735539,2.9364160000000004
0.0072181643360749925,0.004108250235022875,0.014414852944969065,0.0022360165671651473,0.005619618422370191,-1.82275390625,2.6729665193314016,0.27641600000000005
0.009810811336596233,0.005074758958598917,0.0026079115659554185,0.020439810239085466,0.0062972017858164125,2.17724609375,-1.7714779251130417,0.976416
0.009937998536973157,0.009672328009457306,0.023025441007665893,0.0020640344490751262,0.0031507851256077288,-2.82275390625,0.8951887415536248,1.676416
0.005568802879050519,0.0008188947404487056,0.006423021013610072,0.001244085341581877,0.023917629703528818,1.17724609375,3.561855408220291,2.3764160000000003
0.005854074433225067,0.029684207423966193,0.001174992798925522,0.007620323522953347,0.000564718635551483,-0.82275390625,-3.252959406594523,3.0764160000000005
0.007426257206676788,0.0030229578524495235,0.0025860623569123873,0.011886458796856856,0.008688648973361818,3.17724609375,-0.5862927399278566,0.41641600000000006
0.005776408388466239,0.0048017396555387,0.01805373812397512,0.0014052214421063159,0.002876527280517136,-3.32275390625,2.08037392673881,1.116416
0.013737926100775026,0.011776068732180924,0.002835508812935973,0.024144530451271216,0.0038478491472742735,0.67724609375,-2.3640705177056343,1.816416
0.033148619311159935,0.015470789562676493,0.024768630693958793,0.004168502425516648,0.005516890747123808,-1.32275390625,0.3025961489610314,2.5164160000000004
0.0025544027428044663,0.00015717868126655235,0.0011356653851968986,0.0005810808422316927,0.05276781815371526,2.67724609375,2.9692628156276974,3.216416
0.009201027942428767,0.016553504359151993,0.007111487125012128,0.004605893207081438,0.0027993633460335144,-2.32275390625,-1.4751816288167454,0.5564159999999999
0.014505040029745694,0.0035120039908761386,0.0063390635341480815,0.008026486357729491,0.02174495946874873,1.67724609375,1.1914850378499207,1.2564159999999998
0.005589762860818744,0.0013841198325457633,0.013181718819305922,0.0010882695056957435,0.01000351386442173,-0.32275390625,3.8581517045165867,1.9564160000000002
0.0015567209496042545,0.0008822810700392477,0.0002762305243840872,0.015668084542761737,0.0009167963998738538,3.67724609375,-3.7467865670883502,2.656416
0.00313552836715395,0.026681768101185995,0.00450100787215686,0.00036750347923320513,0.00023511327517194617,-3.57275390625,-1.0801199004216837,3.3564160000000003
0.014034890911235005,0.004749239591848817,0.010656244173769881,0.005493432852734257,0.014103879611258193,0.42724609375,1.5865467662449824,0.6964159999999999
0.008294938619686545,0.02296583589190152,0.0036151276389605495,0.006631905312711227,0.001914187829331454,-1.57275390625,-2.8578976781994614,1.3964159999999999
0.014420170421288214,0.00299575811115216,0.0028134697940628965,0.020220080511135934,0.016632512801153652,2.42724609375,-0.19123101153279487,2.096416
0.005489277492962962,0.0024000849073236275,0.055562784528948,0.00037461125967741147,0.002381629346512706,-2.57275390625,2.4754356551338708,2.7964160000000007
0.012112132305746898,0.0034092086520126222,0.0006470814385507123,0.11460413174078235,0.0018584485649138375,1.42724609375,-1.9690087893105725,3.4964160000000004
0.012641206560042454,0.007420344255968586,0.010498869879302897,0.00561446070272662,0.007816678946765155,-0.57275390625,0.697657877356094,0.0031360000000000003
0.00381129501566623,0.0010718699898863353,0.0026450657932769665,0.002636971548826768,0.012651247178709768,3.42724609375,3.36432454402276,0.7031360000000001
0.003988741859442668,0.01714535573298712,0.0025202043868354875,0.0028056209846644307,0.0009421882518347551,-3.07275390625,-3.450490270792054,1.403136
0.029561688150099914,0.008800036626743368,0.005078723997436994,0.02324411045279483,0.010102776158066696,0.92724609375,-0.7838236041253874,2.103136
0.018845680103041808,0.003789606670105974,0.05101089223407925,0.0014439702223613003,0.008508863715088051,-1.07275390625,1.882843062541279,2.8031360000000003
0.005568700455580829,0.003615933036532239,0.0018470624338079783,0.01306476466189676,0.004152141433254237,2.92724609375,-2.561601381903165,0.143136
0.012751465877916045,0.012679686791172482,0.014091617354996845,0.004109620835139282,0.004421167125615787,-2.07275390625,0.10506528476350141,0.8431360000000001
0.007774792758464977,0.0016191874677354743,0.00542358351837997,0.0034082447655293005,0.025610911769961674,1.92724609375,2.7717319514301666,1.5431359999999998
0.024614013032972778,0.020400134993650496,0.004598222264257298,0.018305099296580106,0.004271525487272732,-0.07275390625,-1.6727124930142763,2.2431360000000007
0.0032612402292370875,0.0003349500769107004,0.0006396254538564354,0.004951665413443655,0.018906344418897613,3.92724609375,0.9939541736523898,2.9431360000000004
0.003078100482653837,0.0023762571519443786,0.009191075976289003,0.000938972679881663,0.0022426252023689335,-3.88525390625,3.660620840319056,0.28313600000000005
0.008431593777684189,0.011690266906096564,0.0027121859509823694,0.012793919996670603,0.0027413826826672106,0.11474609375,-3.154193974495758,0.9831359999999999
0.017421823268068015,0.021607098248619214,0.013582225277045872,0.004801330044982716,0.003826105347893938,-1.88525390625,-0.48752730782909115,1.683136
0.00945628323408956,0.001197841041286121,0.004271379953047625,0.003960587169700061,0.048210718132648336,2.11474609375,2.179139358837575,2.3831360000000004
0.0044397019862939865,0.062079087952571964,0.0025526467054284704,0.0013558147172203121,0.00038530425142461154,-2.88525390625,-2.265305085606869,3.083136
0.014178535555857507,0.005580299541422614,0.006786147408276318,0.00926992479578991,0.012161169897045894,1.11474609375,0.40136158105979725,0.423136
0.008282030086003301,0.0030569243092828085,0.016710128345748247,0.002140812415357204,0.008792038362002616,-0.88525390625,3.0680282477264633,1.123136
0.007690498169239531,0.002627156011549444,0.0015776397617287222,0.02485424253173247,0.007099306835617343,3.11474609375,-1.37641619671798,1.823136
0.005908692962736499,0.006115015226664985,0.029487503915817538,0.0006708957300330288,0.001574954165559694,-3.38525390625,1.2902504699486865,2.5231360000000005
0.002499170002455333,0.00020812507274182767,0.005428416353693725,0.00010383982061625964,0.014153274702440226,0.61474609375,3.9569171366153526,3.2231360000000002
0.005176384347852782,0.01212051145471531,0.0024473870860058696,0.005844605214776463,0.0016317206369317909,-1.38525390625,-3.9113956205862928,0.5631360000000001
0.009843856953528917,0.003879767959211029,0.0024418110225444987,0.021061025938517913,0.00809216518994973,2.61474609375,-1.2447289539196258,1.2631359999999998
0.011364151377433077,0.007402133037902113,0.03355212318268112,0.0018657873228326788,0.004002726190721707,-2.38525390625,1.4219377127470398,1.9631360000000002
0.00669751705929085,0.005004794823438402,0.0009454810035450228,0.04350133857909722,0.00188904678223263,1.61474609375,-3.022506731697404,2.6631360000000006
0.10469510940728718,0.014923823475696802,0.008362146561285094,0.007281439224612547,0.00472978654868164,-0.38525390625,-0.35584006503073695,3.3631360000000003
0.0046827176389367545,0.0015659803940198146,0.0027785718350258723,0.004026238243946383,0.01117755251077801,3.61474609375,2.3108266016359282,0.031135999999999997
0.005026767383971397,0.014354380209934903,0.004693503151291061,0.0026056190357485708,0.001456332423264357,-3.63525390625,-2.133617842808515,0.7311360000000001
0.024798853627149706,0.007397640958195732,0.01088553945934529,0.009087553095906909,0.01437590792868025,0.36474609375,0.5330488238581514,1.431136
0.0065560327690047495,0.0022350012757583865,0.028800020302912687,0.0009198262267152231,0.00563302245906318,-1.63525390625,3.1997154905248175,2.1311360000000006
0.002897069324806813,0.0021012258089094945,0.0004287117961224439,0.030954341417638868,0.0010170672317521608,2.36474609375,-3.6150993242899965,2.8311360000000003
0.008322994718852356,0.012906486964517192,0.007989077361732056,0.0038772871031709745,0.0029318702063857627,-2.63525390625,-0.9484326576233295,0.171136
0.012284651067643582,0.0034230273276594425,0.007443638487110214,0.0059124056527037686,0.018699315459296477,1.36474609375,1.7182340090433366,0.8711360000000001
0.010874936139501424,0.020292729383270466,0.003407538706135241,0.01125672035168564,0.0025225750826335493,-0.63525390625,-2.7262104354011076,1.5711359999999999
0.0075595237453908535,0.001465821696890699,0.0015338839695293752,0.014949470964720492,0.014515527431517983,3.36474609375,-0.05954376873444067,2.2711360000000003
0.003101111920419138,0.001641027626499926,0.04204676606193315,0.000160461478925138,0.00123168840560084,-3.13525390625,2.607122897932224,2.9711360000000004
0.011095918323509047,0.00838874882521127,0.00402162338016599,0.013647974167327182,0.005421332485037253,0.86474609375,-1.8373215465122184,0.311136
0.016899101331954547,0.009217475158785404,0.01696063003716851,0.004823104082090206,0.007651133600234008,-1.13525390625,0.8293451201544473,1.011136
0.0039374467938264645,0.0007714475212591203,0.0028127586972306958,0.002078796124256081,0.019547839994884464,2.86474609375,3.4960117868211134,1.711136
0.004890114447847774,0.032658340830446546,0.0019986554787303347,0.0036696810586539677,0.0007185244907714616,-2.13525390625,-3.3188030279937,2.4111360000000004
0.02287085023899249,0.0026512148646303853,0.0017728709090547117,0.041114835503067965,0.011537771733029974,1.86474609375,-0.6521363613270332,3.111136
0.011527436583269069,0.004544093139139458,0.012109147863488382,0.004130430248350969,0.011137304294231085,-0.13525390625,2.0145303053396324,0.45113600000000004
0.00420183569461053,0.002144097256291555,0.0011151264130666646,0.015020764428133925,0.0037547760491582053,3.86474609375,-2.4299141391048114,1.151136
0.006118766014755017,0.010829607672828239,0.013761214577697023,0.0013783006229252377,0.0016151805586689476,-3.76025390625,0.23675252756185472,1.8511360000000001
0.010272994836062024,0.0014662114423154584,0.01501756982058506,0.0014829966641416803,0.02144033601548358,0.23974609375,2.903419194228521,2.5511360000000005
0.01522460874528806,0.0946744979454576,0.004562812638023908,0.0031451483595192507,0.000924293298320071,-1.76025390625,-1.541025250215922,3.2511360000000002
0.010145124555574087,0.00311462908126636,0.004785489433934332,0.007741215186215207,0.016003762465222903,2.23974609375,1.125641416450744,0.5911360000000001
0.003829720721841585,0.0021016796065829973,0.0149433607881756,0.0008310382477146272,0.0031371608117855354,-2.76025390625,3.79230808311741,1.2911359999999998
0.0052392300511039346,0.006216716648676627,0.0011308119486215407,0.019520559729227668,0.0016612347157718224,1.23974609375,-3.8126301884875273,1.9911360000000002
0.0355651303544497,0.0322512733995707,0.007083777742903995,0.01004169929695721,0.0036161368806606657,-0.76025390625,-1.1459635218208604,2.6911360000000006
0.003281012465145315,0.00016605599758012037,0.0005698110246147115,0.002302331500228882,0.04818203554115628,3.23974609375,1.5207031448458048,3.3911360000000004
0.004567241872805343,0.011623817586440073,0.0036006440860504277,0.0031198162872477435,0.0015179826162727433,-3.26025390625,-2.9237412995986385,0.05913600000000001
0.01752220478421288,0.0077682401124200854,0.006960436111485997,0.011788822713251594,0.010297288345327215,0.73974609375,-0.2570746329319715,0.7591360000000001
0.011035549674668639,0.00425721334167096,0.02401063378078409,0.00236421157105671,0.008160261889584073,-1.26025390625,2.409592033734694,1.459136
0.0074915816576939884,0.00300912539849471,0.0012776324303686146,0.03680744546909895,0.004751187411310812,2.73974609375,-2.0348524107097496,2.159136
0.016067077141278308,0.012205457065053403,0.03889927896348971,0.0013633987488327168,0.0025488437806283157,-2.26025390625,0.6318142559569173,2.8591360000000003
0.005923595318924443,0.0019392738273176532,0.005350874253195353,0.0030064693113924876,0.012676431954802529,1.73974609375,3.2984809226235834,0.199136
0.007027531289048667,0.011943832400529172,0.002492920004468829,0.010156405397543936,0.002226889353753535,-0.26025390625,-3.516333892191231,0.8991359999999998
0.006003940099148037,0.001898303869305626,0.0014742969534791855,0.015595043738319285,0.00806137970102407,3.73974609375,-0.8496672255245641,1.599136
0.0049510601380330106,0.00442108347340619,0.027344778143320075,0.0006330172951754652,0.001729767782469829,-3.51025390625,1.8169994411421024,2.2991360000000007
0.011775878120035069,0.012735936180984663,0.001357954792618308,0.03198479672817079,0.001572264473526511,0.48974609375,-2.627445003302342,2.9991360000000005
0.012817890519186404,0.011019840332227072,0.011444480822269898,0.005126038540184836,0.005359358040207795,-1.51025390625,0.03922166336432387,0.33913600000000005
0.006499293819054408,0.0016270242085950819,0.004222070604520471,0.003761571835371755,0.01961500105325395,2.48974609375,2.70588833003099,1.039136
0.009511120635714642,0.030121116997127745,0.006450781062720177,0.003928204946003953,0.0018661762759655733,-2.51025390625,-1.738556114413453,1.739136
0.024569470416987045,0.0029992960974423327,0.006012758658248841,0.009486815922494818,0.0355696330092758,1.48974609375,0.9281105522532132,2.4391360000000004
0.004001703613958213,0.0004918087610062913,0.017810402738953943,0.00016639645474333367,0.008064017228049185,-0.51025390625,3.5947772189198792,3.139136
0.0039797358082762305,0.0026939922356542735,0.001234129625011464,0.012179496497691077,0.0029928873748233135,3.48974609375,-3.2200375958949348,0.47913600000000006
0.0089409326876602,0.01608319931108603,0.010789648633653295,0.002947616456492709,0.002468397916962854,-3.01025390625,-0.5533709292282678,1.179136
0.014792494437272588,0.0026853697463766666,0.009886624369202363,0.004362174684722236,0.02852752524403511,0.98974609375,2.1132957374383983,1.8791360000000001
0.013918727819717496,0.04186254944885577,0.0032974955039872284,0.009300502000628036,0.0017106587851464094,-1.01025390625,-2.331148707006046,2.5791360000000005
0.007079145514631954,0.00050218931626817,0.0007798737828382611,0.011589265066519718,0.023839476739763166,2.98974609375,0.3355179596606197,3.2791360000000003
0.0064792065894307945,0.003508498138916629,0.015730044371592023,0.0018189669334869431,0.005169203090270457,-2.01025390625,3.0021846263272858,0.619136
0.012354151974524255,0.0054438407753613,0.002925238822154537,0.02359167359936536,0.007571514632849114,1.98974609375,-1.4422598181171566,1.3191359999999999
0.028244032726456342,0.0058851999205707444,0.01741380544725096,0.005639119709536113,0.01700893649032255,-0.01025390625,1.224406848549509,2.0191360000000005
0.0010730559524890532,0.00012276425720266095,0.0005829454357644099,0.0004494730033193698,0.011422017276084636,3.98974609375,3.891073515216175,2.7191360000000007
0.0005054958547334611,0.010055907351931109,0.0004157884025583612,0.00024214871945858995,3.140157643392659e-05,-3.98681640625,-3.713864756388762,3.4191360000000004
0.012831137764452036,0.009843817179536696,0.006217547616455646,0.009701907806754041,0.0060907016831748635,0.01318359375,-1.047198089722095,0.087136
0.010383256551617367,0.006627569643884868,0.01874136214216248,0.0028202466882449916,0.005522884712640624,-1.98681640625,1.6194685769445707,0.7871360000000001
0.007472277712260691,0.005195255383437214,0.0016802287656672344,0.025100116594166447,0.003565439277783882,2.01318359375,-2.824975867499873,1.487136
0.009955582980359949,0.01843588161611842,0.01578443514475438,0.001995455986197768,0.0019607849095282267,-2.98681640625,-0.1583092008332061,2.1871360000000006
0.011481660918235518,0.0010058709184202423,0.008314033380406014,0.0017526479396444347,0.047353420030502795,1.01318359375,2.508357465833459,2.8871360000000004
0.010359920168062567,0.013688623591797388,0.005424872244773933,0.00783820725149735,0.0036768789944873264,-0.98681640625,-1.9360869786109838,0.22713600000000003
0.008461838367326828,0.002436897118696376,0.0032006985107766906,0.008970916416996544,0.015380539157230925,3.01318359375,0.7305796880556823,0.9271359999999998
0.003282939025406286,0.0021653401735835763,0.015910219585055535,0.0005880839953592317,0.0021281381786149465,-3.48681640625,3.3972463547223484,1.627136
0.0071671000625442806,0.01066936804916315,0.0013875193445211421,0.01989953198585519,0.0015991476109381815,0.51318359375,-3.4175684600924656,2.3271360000000003
0.03099615369751311,0.041827186234102844,0.010634698610388854,0.004161926109731042,0.0023066429588808014,-1.48681640625,-0.7509017934257987,3.0271360000000005
0.007551581659829629,0.0023424551417286876,0.0043617949037052005,0.005354884121058594,0.015207718707742332,2.51318359375,1.9157648732408674,0.3671360000000001
0.006998186226004266,0.020646157423930417,0.00443155846876925,0.004301646185860457,0.0017701578323553017,-2.48681640625,-2.528679571203577,1.067136
0.022014554878399352,0.004976027407639475,0.005546016153434062,0.01507129566841101,0.018182182040590723,1.51318359375,0.13798709546308974,1.767136
0.010810505469217243,0.002050686316274886,0.025205555182674987,0.0013723087792432995,0.013011785712500556,-0.48681640625,2.804653762129755,2.4671360000000004
0.003163397553627512,0.000616586060543132,0.00032818637763138423,0.03519320536047893,0.0030595103026131555,3.51318359375,-1.6397906823146875,3.167136
0.005745337412340682,0.006781581672828535,0.01199843229592325,0.0018165891510191084,0.0024880864468564546,-3.73681640625,1.0268759843519781,0.507136
0.0065128564192479055,0.0018696381895504514,0.009864675825048613,0.0019656857943279146,0.012138388119128549,0.26318359375,3.693542651018644,1.207136
0.0069430396776952,0.02777805789740647,0.0027777635104832836,0.005628454601511231,0.001319901192940195,-1.73681640625,-3.1212721637961693,1.9071360000000002
0.016672782123555024,0.002759210372411706,0.002220061985283124,0.0290177624974584,0.01485577166714079,2.26318359375,-0.4546054971295024,2.6071360000000006
0.0039150830808086946,0.00166773405205347,0.08153586023985938,0.00011048685893617407,0.0011603904117650076,-2.73681640625,2.2120611695371633,3.3071360000000003
0.01013267829267866,0.007576899969573883,0.0031161775666150005,0.016774985828082425,0.0048693943356424305,1.26318359375,-2.2323832749072805,0.647136
0.022756744617552324,0.010792310518629732,0.015603263553768638,0.006420110161604034,0.008718328652189005,-0.73681640625,0.4342833917593856,1.347136
0.0036556699331565506,0.0006034635467514047,0.002088797292460091,0.0021640954986196764,0.022647581327856412,3.26318359375,3.1009500584260516,2.047136
0.006061056972003633,0.03578604592976262,0.005965427421344448,0.0013642834653102476,0.0007309781260877624,-3.23681640625,-1.3434943860183912,2.7471360000000007
0.038034354592526624,0.001265064389268994,0.007635913862388914,0.002619952478809945,0.04429027175340541,0.76318359375,1.3231722806482749,3.4471360000000004
0.004912579809764284,0.0023576551708356483,0.009947045771922089,0.0016662483782288145,0.005699008649839982,-1.23681640625,3.989838947314941,0.115136
0.0037562615606150677,0.0032093685790077265,0.001097565433023872,0.012719168640093788,0.0021904180826493023,2.76318359375,-3.9955291368185746,0.8151360000000001
0.011927484663666669,0.025803045401406904,0.008351596331455748,0.004612488713685873,0.0025850652191130785,-2.23681640625,-1.3288624701519076,1.515136
0.01698432692363305,0.0024094264660525855,0.005602127001402962,0.007401465026705033,0.038670791436896446,1.76318359375,1.3378041965147585,2.215136
0.007995639779478822,0.020559133370616125,0.0013347240934950075,0.014158042943899727,0.000971987930462693,-0.23681640625,-3.1066402479296857,2.9151360000000004
0.005825047902632383,0.0023750980682073278,0.002158406194717183,0.009685398641487828,0.007900589169079809,3.76318359375,-0.4399735812630188,0.25513600000000003
0.004442981766481529,0.004114575465862676,0.014123564811708228,0.0011531716814891513,0.002276672895917931,-3.86181640625,2.226693085403647,0.9551359999999999
0.015148761481654852,0.015639590754527616,0.0037094759241280005,0.017910632680837552,0.0038642199499535975,0.13818359375,-2.217751359040797,1.6551359999999997
0.021494567859693253,0.014812849132605043,0.028236162659849386,0.0030339043085222737,0.0042519827696701545,-1.86181640625,0.44891530762587006,2.355136000000001
0.0037760377027927245,0.0002815750274143712,0.002285194451100745,0.000761982990214602,0.05157603037384487,2.13818359375,3.115581974292536,3.0551360000000005
0.004102975873053896,0.01187462364374879,0.002688718511942364,0.0033617722596804627,0.0012776302790092104,-2.86181640625,-3.6992328405222783,0.39513600000000004
0.016826649881593665,0.007945177405463385,0.004784608402379152,0.017784595454459443,0.008529070475941005,1.13818359375,-1.0325661738556113,1.095136
0.018921772622204486,0.0060040775255757566,0.02574274414324519,0.0035307514694228924,0.010515562351331236,-0.86181640625,1.6341004928110552,1.795136
0.003843740236051864,0.0017921364477765183,0.0006199861323163195,0.032614688472851414,0.0022849316913459315,3.13818359375,-2.8103439516333895,2.4951360000000005
0.005340703842662314,0.015917175898774092,0.01284203180990935,0.00045270661557921427,0.0005510304221317103,-3.36181640625,-0.1436772849667225,3.195136
0.00967986330813932,0.0031844729388749177,0.009309582108482274,0.0038163172193149534,0.013908892743804507,0.63818359375,2.5229893816999427,0.5351360000000001
0.012716018001528571,0.02264331443151824,0.005898979640608794,0.007679537097342013,0.003081429903835033,-1.36181640625,-1.9214550627445002,1.2351359999999998
0.011598359740430853,0.0021757831982922747,0.0031956390561264742,0.01071958773015741,0.02502282595691442,2.63818359375,0.7452116039221659,1.9351360000000002
0.003666864529810593,0.0013086343169453494,0.03146592416556444,0.0002830396601081809,0.002671331160885478,-2.36181640625,3.411878270588832,2.6351360000000006
0.0029806318681228875,0.0024821803051060212,0.0002949325294059938,0.043003736139321125,0.000566927524089543,1.63818359375,-3.402936544225982,3.3351360000000003
0.016816807156660847,0.012239677771574779,0.008120091130900535,0.009501708228400595,0.00656962928912888,-0.36181640625,-0.7362698775593151,0.6751360000000001
0.005168509628888011,0.0011981404646839568,0.0023110341663839596,0.004657055124467549,0.017972196688499004,3.63818359375,1.930396789107351,1.375136
0.004031859534934295,0.022879128770101773,0.0031903912983348836,0.0017977882346619878,0.0007160779904855467,-3.61181640625,-2.5140476553370927,2.0751360000000005
0.06350460835358739,0.00751431484407898,0.009218374320057914,0.01152102114256021,0.014850523965819004,0.38818359375,0.15261901132957334,2.7751360000000007
0.004282062420998441,0.0006613642087161427,0.07940142991935978,6.388698778206245e-05,0.002659047736369322,-1.61181640625,2.8192856779962394,3.4751360000000004
0.00781958199054967,0.0044894795658073205,0.002791506904020042,0.013141212112622964,0.006043750093334309,2.38818359375,-1.625158766448204,0.008736
0.009237706740381019,0.008213009349759829,0.016314308425774436,0.002683268895670776,0.003999966616181369,-2.61181640625,1.0415079002184626,0.708736
0.005637093384355221,0.0013353248943605755,0.006065764479540752,0.002065002491105547,0.016884468172105604,1.38818359375,3.7081745668851287,1.4087359999999998
0.005314290455458547,0.015358435774299378,0.0014924542660868702,0.008674550212347703,0.0010902641179957923,-0.61181640625,-3.896763704719809,2.1087360000000004
0.005342603248472078,0.0011025505402336476,0.0007011970590738653,0.030830887270289084,0.005876273252256796,3.38818359375,-1.2300970380531422,2.8087360000000006
0.006596060227910066,0.006174148553555142,0.012748277973040215,0.002172276016951191,0.003365740282676468,-3.11181640625,1.4365696286135234,0.148736
0.008336092036537193,0.008566979921773693,0.0025028553953891533,0.01570490844365039,0.003303937878444668,0.88818359375,-3.0078748158309203,0.848736
0.023047029808157846,0.01734908701169203,0.013069362695429784,0.006982480132066105,0.005849916359344675,-1.11181640625,-0.34120814916425335,1.548736
0.005922228235673497,0.0008506319641957025,0.00262094582298021,0.003515167113656678,0.03591082674256808,2.88818359375,2.3254585175024127,2.2487360000000005
0.008804263839226657,0.07966642457885935,0.003437248563385894,0.0031495173738883614,0.000773984669274308,-2.11181640625,-2.118985926942031,2.9487360000000002
0.011163390251571132,0.004110240880253585,0.005122561216356656,0.00901707323328575,0.012832306529307377,1.88818359375,0.5476807397246359,0.28873600000000005
0.008069129456486272,0.002619896905825816,0.012276503457541487,0.0024256914941545742,0.011483409177011678,-0.11181640625,3.214347406391302,0.9887359999999998
0.0025665286275242845,0.0015958985955888203,0.000618495727365954,0.013477862859973424,0.0018439768897490336,3.88818359375,-3.600467408423513,1.688736
0.004596344064526084,0.017760469025195326,0.006929354016257872,0.001075165489456048,0.0007948650670895319,-3.92431640625,-0.9338007417568459,2.388736
0.029336478387125022,0.002264240791796287,0.02034944739098062,0.002109352729979345,0.023609760535480143,0.07568359375,1.732865924909821,3.0887360000000004
0.007199153406356072,0.015550733146086671,0.004216045616468315,0.005469632347779564,0.0022155053228450545,-1.92431640625,-2.7115785195346236,0.428736
0.013878728758894458,0.004263216745992389,0.00427673909379675,0.014311529658572656,0.01417079979992213,2.07568359375,-0.04491185286795707,1.1287359999999997
0.005523831262189404,0.00341461918242063,0.026450646544700473,0.0009189783938554821,0.0029835727492962326,-2.92431640625,2.6217548137987086,1.8287360000000001
0.019423556297304148,0.008953149933347494,0.002407383593529831,0.042344385224918485,0.0046066406247778375,1.07568359375,-1.8226896306457347,2.5287360000000003
0.049412108413769834,0.007059961678795676,0.03611308798139182,0.002042015724772029,0.006546170543461568,-0.92431640625,0.8439770360209318,3.2287360000000005
0.004069623612828961,0.0011847700289991988,0.0030595696904292397,0.0026040772576858165,0.012595496178576141,3.07568359375,3.510643702687598,0.568736
0.0037703520637137403,0.015529249547310714,0.002679031317239403,0.0024677499959986234,0.0009343734594326428,-3.42431640625,-3.3041711121272166,1.2687359999999996
0.03165869553703752,0.010431795859323578,0.006549189843000401,0.018186650257260357,0.009980371552542961,0.57568359375,-0.6375044454605496,1.9687360000000003
0.01440064799925674,0.003864700308287427,0.05524305523391626,0.0012499209333954357,0.006623519224777028,-1.42431640625,2.029162221206117,2.6687360000000004
0.003680353442530276,0.00110209162191308,0.00028907252266434136,0.09230071293999421,0.0014151327520943902,2.57568359375,-2.4152822232383278,3.3687360000000006
0.009050195595031283,0.009523760427791208,0.01107982891047736,0.0035243512311013236,0.0039249972639834,-2.42431640625,0.2513844434283383,0.036736
0.007494646800484225,0.002124750510848771,0.006288198098360203,0.0034393437499930257,0.016643147129616963,1.57568359375,2.9180511100950044,0.7367360000000001
0.01889466843039134,0.018504568572420072,0.006203546249118846,0.012412076370419042,0.004783042061084899,-0.42431640625,-1.5263933343494385,1.4367359999999998
0.005891287989066245,0.0010149936875602067,0.0017318036935126716,0.00674256063064978,0.021896989140763802,3.57568359375,1.1402733323172276,2.1367360000000004
0.0012011969118778621,0.0006317887449827581,0.013998208616503912,6.038085574778078e-05,0.0007425121288337187,-3.67431640625,3.8069399989838937,2.836736
0.005798463941916264,0.007980652982498415,0.0022440282704485727,0.009531886500299298,0.0023720417667954315,0.32568359375,-3.7979982726210437,0.176736
0.013170913307901102,0.01819239457948578,0.00856974402514556,0.006074558851596435,0.003775888073089575,-1.67431640625,-1.1313316059543768,0.876736
0.010830971524194757,0.002217281472167338,0.0044937648276425065,0.0068555352839390045,0.027234151068562005,2.32568359375,1.5353350607122893,1.576736
0.005067599162659028,0.03389308371557662,0.0026784481583621298,0.002886758788049891,0.0007880015804337776,-2.67431640625,-2.9091093837321544,2.2767360000000005
0.04085243812578807,0.004127084251347842,0.00354952903065788,0.02387221964908684,0.01617479252155257,1.32568359375,-0.24244271706548792,2.9767360000000007
0.009436658406711023,0.004184357605199204,0.013003310431521729,0.0031824731904733414,0.00885113584116819,-0.67431640625,2.4242239496011777,0.316736
0.005899112480728997,0.0028900029041456594,0.0015823364117782245,0.017380840245841297,0.005038992332882345,3.32568359375,-2.020220494843266,1.0167359999999999
0.008462318020960626,0.010388267639093686,0.019460094552116097,0.0018279499032544696,0.002487638772568736,-3.17431640625,0.6464461718234009,1.716736
0.007094267652863388,0.0010389658789374786,0.008755306877506457,0.001390826414018762,0.024276412780429298,0.82568359375,3.313112838490067,2.416736
0.0041605233037619715,0.030076208392657927,0.0009946182226022813,0.004977300037455626,0.00038118135021526957,-1.17431640625,-3.5017019763247474,3.1167360000000004
0.008363609950416517,0.0035882115417377996,0.002803543655308935,0.01346886922001111,0.008405416310504564,2.82568359375,-0.8350353096580805,0.45673600000000003
0.009879952518359564,0.006026225707285168,0.02261066618859446,0.002324095221777304,0.005088932876661938,-2.17431640625,1.831631357008586,1.1567359999999998
0.008865155647565487,0.005693064797282078,0.0017012071904502464,0.03203484412734623,0.0037000551804345426,1.82568359375,-2.6128130874358586,1.8567360000000002
0.05552397312583346,0.011670668293556792,0.012856393857640876,0.009308988064655714,0.0102802747522299,-0.17431640625,0.05385357923080836,2.5567360000000003
0.0011785457987705309,7.26401354239195e-05,0.0003649273170591975,0.0005113339109225764,0.022793355800437776,3.82568359375,2.7205202458974735,3.2567360000000005
