RSS0/RSS1,RSS0/RSS2,RSS0/RSS3,RSS0/RSS4,RSS1/RSS2,RSS1/RSS3,RSS1/RSS4,RSS2/RSS3,RSS2/RSS4,RSS3/RSS4,X,Y,Z
0.3463658141866806,1.2528236256091838,1.2938810931534543,2.9131722101666098,3.617053341568952,3.73559121644751,8.410680531527568,1.032771945471819,2.325285180306273,2.251499172204928,-4.0,-4.0,0.0
1.3136712527318297,2.862727225445745,0.3424588415249733,1.2864636619121548,2.179180841091403,0.2606883882195161,0.9792888892383877,0.11962678053325539,0.44938394775347273,3.7565497102761807,4.0,-4.0,0.0
1.2959336256614111,0.3542544632208181,3.0715875342110555,1.2918362883642849,0.273358493217595,2.3701734976152014,0.996838312382677,8.670568343119044,3.646633768899171,0.420576094275658,-4.0,4.0,0.0
2.982246256712152,1.3094771110208723,1.335298351178623,0.3460985825230194,0.439090872550725,0.4477491917957017,0.11605298581364772,1.019718741122264,0.26430288823696957,0.25919194928798484,4.0,4.0,0.0
0.04450453339560381,1.2575541431060442,1.7969547673124915,17.969562743190643,28.256765033969916,40.37689264909799,403.7692651096459,1.4289283504519152,14.28929548815088,10.000008386446895,-4.0,-4.0,3.5
2.1958290943149312,14.424479288302694,0.035065484274295,1.9199441374445219,6.569035507202319,0.015969131825915143,0.8743595493908501,0.0024309705448245056,0.1331031851528582,54.753104860210094,4.0,-4.0,3.5
2.1997547377750797,0.035962925792072505,45.59919098000337,1.7648535700244736,0.016348607039913393,20.729215942557406,0.8022956103776904,1267.9499783650817,49.07424885918235,0.03870361583385143,-4.0,4.0,3.5
23.189557054563753,2.523751075975008,9.623246272025568,0.032843695798791116,0.10883136189435444,0.41498189246920925,0.0014163140641932793,3.8130726772678214,0.013013841226834353,0.003412953890026338,4.0,4.0,3.5
1.9748723789117122,2.2228882917267114,4.094317222633722,4.402088982144309,1.1255857925116521,2.073205978449082,2.229049851094761,1.8418906779401447,1.9803464701884872,1.0751704723339948,-0.7734375,-0.14449016918152724,1.9331200000000002
8.958076755558391,2.487131402847343,1.7302714242594424,0.10825701272316461,0.2776412248649359,0.1931521097076811,0.01208484987092707,0.6956895893311369,0.043526856924096864,0.06256649171068562,3.2265625,2.5221764974851384,2.6331200000000003
0.06011421526284478,1.22541373950262,4.909538326968982,15.13543611001571,20.384758149875076,81.6701724459415,251.7779870174996,4.006433230430159,12.351286444820666,3.0828634185161614,-3.2734375,-1.922267946959305,3.33312
2.7551934985281297,1.8673403095086711,1.9855735658818692,1.2066710467910875,0.6777528730763323,0.7206657416049347,0.43796235997061955,1.0633163948591176,0.646197718030616,0.6077191334158192,0.7265625,0.7443987197073616,0.6731199999999999
2.6400143562137446,0.3710733862171222,4.352414690290168,0.9567916882607118,0.14055733649468036,1.6486329629405172,0.3624191232175431,11.729255861382322,2.5784433047453166,0.21983008429670664,-1.2734375,3.4110653863740277,1.3731200000000001
1.4746964688684312,5.05579493464011,0.16368344292182088,1.9755845334389894,3.428363084451907,0.11099466661598437,1.3396550240300646,0.032375411787438815,0.3907564604535565,12.06954410399698,2.7265625,-3.4037494284407863,2.0731200000000003
0.3979072810912645,1.3109814221467642,6.0326439635636735,9.199775025888096,3.294690709231018,15.160928814921633,23.120398804107392,4.601624295853919,7.017471697518976,1.5249988365720655,-2.2734375,-0.7370827617741198,2.7731200000000005
28.434534612827786,3.8783021333860237,7.299366520773736,0.07284908489147338,0.13639407805311468,0.2567077893190045,0.002561993219984289,1.882103629301539,0.01878375701169809,0.00998019275839177,1.7265625,1.9295839048925467,3.47312
0.8161325996141938,2.2222953061761186,0.944964418457374,2.503224350937944,2.7229586310198277,1.1578564793320132,3.0671784856055013,0.42522000376420044,1.126413912669967,2.649014398895974,-0.2734375,-2.514860539551898,0.00672
2.9641812361525774,2.773991260060053,0.6736031612490384,0.5973168112393809,0.9358372646810943,0.22724763014941557,0.20151156884546,0.2428281483606606,0.21532757505027242,0.8867488242362127,3.7265625,0.15180612711476904,0.70672
1.3405364611719732,0.24135859449945987,4.810152228601136,1.7560726382527667,0.18004627363022296,3.5882293155949125,1.3099775269950569,19.92948392236308,7.2757825007002035,0.36507631251484507,-3.5234375,2.818472793781435,1.40672
1.6771447159059363,5.695866953590645,0.949025702271811,4.318222574588456,3.396169036321909,0.5658579687675788,2.574746552062384,0.16661655021164953,0.758132626652431,4.550163988447672,0.4765625,-1.6259716506630086,2.1067200000000006
2.9761939605975036,0.524662232628742,12.793139650041187,4.805677050221642,0.17628630377417012,4.2984898899105435,1.6147055984405163,24.383572619555757,9.159563527459396,0.375644851981755,-1.5234375,1.0406950160036583,2.8067200000000003
3.0726213832936184,1.1565803330291582,1.7118226900819924,0.3921030629434899,0.37641485518446505,0.5571212578905662,0.12761190333290753,1.480072452553831,0.339019306956869,0.22905588599524232,2.4765625,3.7073616826703244,0.14672
0.3080482587065005,1.7442508953459341,1.1272857811435129,3.5480429482381926,5.662265070642085,3.659445392994603,11.517815303149192,0.6462864855918221,2.034135661162734,3.1474210068001356,-2.5234375,-3.8975765889346135,0.84672
2.4169157466577618,4.564971759329801,0.6975176203702304,2.029334993869989,1.8887591616060608,0.28859823572037807,0.8396382855613648,0.15279779528639081,0.4445449174406114,2.9093673544660463,1.4765625,-1.230909922267947,1.5467199999999999
4.556491707428591,1.0169126080334703,6.782913488438949,2.0063631251513256,0.2231788563063916,1.4886263212946385,0.4403306872873903,6.670104623401127,1.9729946401503256,0.2957966556069226,-0.5234375,1.4357567443987191,2.2467200000000007
2.423824463852701,7.355991833394042,0.07298678298832312,1.663164889988056,3.034869869124762,0.03011223959358413,0.6861738194293301,0.00992208591871793,0.2260966199605845,22.787206421389193,3.4765625,-3.0086877000457246,2.9467200000000005
0.6905232324889776,0.8164431813815147,2.5208838553697355,2.730084224982619,1.182354398763183,3.65068651822656,3.953645723319233,3.0876415075255,3.343875345205291,1.0829869131682786,-3.0234375,-0.3420210333790581,0.28672000000000003
3.66609778964237,1.2369409018223716,2.5798207089667566,0.6039953110303494,0.3373998656874442,0.703696643405254,0.1647515548376219,2.0856458907340962,0.4882976301781998,0.2341229795276182,0.9765625,2.3246456332876084,0.98672
0.5371518592945088,2.8657590411838147,1.478282239592414,4.898196526973008,5.3351002916524966,2.7520750678103925,9.118830070524679,0.5158431739542733,1.7092143674960247,3.313437986188293,-1.0234375,-2.119798811156836,1.68672
6.545165056078267,4.636340350400488,0.8242971039485628,0.3895944336718128,0.708361104827277,0.12593984978011621,0.05952400441147164,0.1777904643858512,0.08403059400894923,0.47263836280094945,2.9765625,0.5468678555098316,2.3867200000000004
3.9322065645810644,0.0767293995190357,25.981772884266697,1.4092788882689682,0.019513064295799628,6.607428286777906,0.358393910676743,338.61561601066506,18.366869767035546,0.054241059474519515,-2.0234375,3.2135345221764977,3.08672
1.089331299119435,3.1347830378567645,0.3943163198935312,1.8719369289244858,2.87771318091271,0.3619801617857471,1.7184275623381728,0.12578743572732973,0.5971503948816566,4.747297624987789,1.9765625,-3.601280292638317,0.42672
1.5552241500807462,2.7782473921347175,1.621302391014218,2.897303958835505,1.7863967660163151,1.0424879210691533,1.8629494395936939,0.5835702017049175,1.0428531192138755,1.7870225658663679,-0.0234375,-0.9346136259716507,1.12672
5.065159058321645,2.6300695022469025,0.9569756926200357,0.24244087802568212,0.5192471691339904,0.18893299926046792,0.04786441555618504,0.3638594690377874,0.09218040733089439,0.25334068555275474,3.9765625,1.7320530406950168,1.8267200000000001
0.126794579551366,1.1683732824607311,2.4341580890576746,6.889589925324147,9.214694244775734,19.197651016868335,54.336628187903656,2.0833736320391134,5.896736966471761,2.8303789948134734,-3.9765625,-2.7123914037494288,2.5267200000000005
11.691472479050951,11.929377505744435,11.569858885812693,11.749288013039349,1.0203485939961596,0.9895980943840762,1.0049451028595409,0.9698627510313409,0.9849036973959148,1.0155083246042593,0.0234375,-0.04572473708276181,3.2267200000000003
1.7683330727513467,0.4516533133643823,3.518415468111506,1.3696013808468939,0.25541190193409413,1.989679163008137,0.7745155038671155,7.790080054771875,3.0324174323989395,0.3892665301355162,-1.9765625,2.6209419295839043,0.5667199999999999
1.9696505714681631,4.1881200967222645,0.4509945657480234,1.733864885265647,2.1263264445939107,0.22897186550803034,0.8802906009735711,0.10768424862051684,0.4139959803498989,3.8445360918924694,2.0234375,-1.8235025148605395,1.2667199999999998
0.943970066140598,0.37916876635988517,5.508015841065271,3.5306784075351465,0.401674565709598,5.834947567336196,3.7402440333412814,14.526554742215712,9.311627752018028,0.6410073081511508,-2.9765625,0.8431641518061275,1.9667200000000002
8.251087484314796,0.8050561717532911,6.093382425314989,0.21371822515674202,0.09756970499751601,0.7384944635356764,0.02590182513068943,7.568891015448672,0.2654699543403238,0.03507382439494501,1.0234375,3.5098308184727935,2.6667200000000006
0.12893671390271416,5.147800184258844,0.791424253461809,14.40830714838451,39.925014593926925,6.138083013802861,111.74712548712792,0.15374028228249007,2.7989251005590363,18.205541573132745,-0.9765625,-3.3049839963420213,3.3667200000000004
2.233852395155457,2.628652706346811,0.6715127075868226,0.9101949960768585,1.1767351827039043,0.30060746584829345,0.40745529921797574,0.2554588919127556,0.34625912882261595,1.355439719596335,3.0234375,-0.6383173296753544,0.03472000000000001
1.1259978845380882,0.3656857785356712,3.6114905486634434,1.9318647926923824,0.324765955209307,3.207368857664386,1.7156913163161764,9.875939291719426,5.282854587422619,0.5349217356826077,-3.4765625,2.0283493369913126,0.73472
1.0519530214986035,3.9765353782846393,0.6564638110588706,3.238399463477461,3.780145402899932,0.6240428970142391,3.078463959221358,0.16508436329869894,0.8143771286839177,4.9330967052912635,0.5234375,-2.416095107453132,1.43472
1.6334772288771893,1.1673488118671502,5.823302721011814,4.7523344792040945,0.714640394876858,3.5649733085135225,2.9093362277665347,4.988485585296105,4.071049227867747,0.8160892034783939,-1.4765625,0.250571559213534,2.1347200000000006
10.888145752673482,1.942231050944984,3.0396308159944923,0.08700714589353298,0.1783803316986354,0.27916882130716697,0.007990997537130616,1.56502019392367,0.044797525943785124,0.028624247864478362,2.5234375,2.9172382258802,2.8347200000000004
0.5715171424691302,1.2204978976552199,1.8692085937966851,2.968643532664647,2.1355403135981064,3.2706080971099625,5.194321065924973,1.5315131614628315,2.4323217093351053,1.5881820480157434,-2.4765625,-1.5272062185642432,0.17472
3.475678193579989,2.0506081639117477,1.7512513935423373,0.7682069761935876,0.5899879245723832,0.5038589006246657,0.22102361996935208,0.854015615641383,0.3746239723966343,0.43866173584575985,1.5234375,1.1394604481024233,0.87472
3.373852603613348,0.4465966678029139,4.256665417810863,0.6418809334427623,0.13236994032419058,1.261663124598874,0.19025162295333142,9.531341643796944,1.437272106396523,0.15079431208217245,-0.4765625,3.8061271147690894,1.57472
1.5776554606351987,4.934808760593631,0.13429256125906314,1.6922586965246618,3.127938186584014,0.08512160266284884,1.0726414852602362,0.027213326346390874,0.3429228524594522,12.601283947962937,3.5234375,-3.798811156835848,2.2747200000000007
0.16116816608219636,0.7279221700423608,5.807302192627834,9.039550116602786,4.51653814606985,36.032563587440016,56.0876898729032,7.9779163647260285,12.418292076578375,1.5565833870464287,-3.7265625,-1.1321444901691815,2.9747200000000005
2.533531107576972,1.2381116995392427,2.3675968301694996,1.061969685805722,0.4886901510056265,0.9345047404741876,0.4191658364208413,1.9122643223956202,0.85773334199243,0.44854329600098936,0.2734375,1.534522176497485,0.31472
0.3920254959086006,2.0270888828692164,1.2457686388088123,3.8137118615276497,5.170808796940659,3.1777745371419894,9.728224060245315,0.6145604414965294,1.8813737738670744,3.061332371614581,-1.7265625,-2.9099222679469596,1.01472
3.9553930321183746,4.329227321268931,0.7842569260846753,0.9748022903984573,1.09451255187916,0.198275347030344,0.24644890722184093,0.1811540184623069,0.2251677304190936,1.242962934691646,2.2734375,-0.24325560128029267,1.71472
1.8627598941612509,0.14468341441271568,9.409047532656945,2.179030541599967,0.07767153183092479,5.051132763889346,1.169786051562552,65.03197046357526,15.06067955642924,0.23158885466748705,-2.7265625,2.4234110653863734,2.4147200000000004
2.5061393138103774,12.203425716939055,0.2072290141503211,5.292143212399239,4.869412346588488,0.08268854528890755,2.111671599115124,0.016981216500763008,0.43366046019794596,25.53765569024225,1.2734375,-2.0210333790580703,3.11472
1.768960968148724,1.208854986115107,2.607338709370431,1.8528531159584811,0.6833700731001509,1.4739379535881436,1.0474245330000431,2.1568664060770653,1.5327339815282466,0.7106300034205649,-0.7265625,0.6456332876085966,0.4547199999999999
4.097521370031965,1.4858177768475962,1.5423991604447111,0.25686195850554916,0.36261379567521457,0.37642248109438875,0.0626871553090998,1.038080970949992,0.17287581459048332,0.1665340367739111,3.2734375,3.3122999542752627,1.15472
0.181708479960658,1.6059054936385542,1.496455424016548,5.010870499335586,8.837812599534438,8.235473789338549,27.576426264863905,0.9318452610968897,3.120277325898106,3.3484929914492225,-3.2265625,-3.5025148605395517,1.8547200000000001
4.118243408115479,8.355721308354202,1.500021229864923,4.367382737153929,2.028952754926598,0.3642381183465155,1.0604965040549794,0.17952025618245243,0.5226817142390018,2.9115472835989205,0.7734375,-0.8358481938728852,2.5547200000000005
6.45958366297607,0.22302735551901698,28.404264704551693,2.9690632285347736,0.034526583624472085,4.397228395284106,0.45963693380926995,127.35776128650609,13.312551824081549,0.10452878324496781,-1.2265625,1.8308184727937817,3.2547200000000003
1.570943396834599,3.378154828549841,0.37734220263097323,1.4520629231462765,2.150398821088472,0.24020101767594287,0.9243254251376193,0.11170068329667324,0.4298390680244847,3.8481328434029956,2.7734375,-2.613625971650663,0.5947199999999999
0.9262118387244124,0.8577224658873277,3.630851625906465,3.4406314120501027,0.9260543107164244,3.9201092818106367,3.7147348675531644,4.233131077137277,4.011357459887347,0.9476100283197684,-2.2265625,0.05304069501600406,1.2947199999999999
6.002306114192359,1.4799133944861786,2.710427255097404,0.253783274222814,0.24655746746853627,0.45156431603657154,0.04228096158287353,1.8314769399316477,0.17148522012730805,0.0936322027258001,1.7734375,2.7197073616826692,1.9947200000000003
1.054020022628702,6.903041057425159,1.5585360714018754,8.457855617301313,6.549250402482043,1.4786588849753746,8.02437850868109,0.22577528634650929,1.225236174454408,5.4267949086950695,-0.2265625,-1.724737082761774,2.6947200000000007
16.62794860913828,7.1342310124150305,0.6653546908021533,0.1162674642612958,0.429050581049682,0.040014237861938785,0.006992291532426213,0.09326228568212877,0.016297126355870238,0.17474508839957748,3.7734375,0.9419295839048925,3.3947200000000004
1.280353685162817,0.3579522501876464,3.1135614967149707,1.362297693862292,0.2795729448321361,2.43179797332253,1.0640010722420459,8.698259321132284,3.8058084371536864,0.437536787148612,-3.8515625,3.6085962505715585,0.06272000000000001
0.7367552745579465,2.931080204247686,0.6631104503418324,2.8761388165144295,3.9783633798975315,0.9000416735933094,3.90379128027297,0.22623415400945385,0.9812555836399032,4.337345030577914,0.1484375,-3.2062185642432555,0.7627200000000001
0.8148764279673809,1.2990430296836153,3.2468842388165307,4.142385294205856,1.5941595376908062,3.984511181548746,5.083452106399222,2.4994431782658624,3.1887975991178235,1.2758031976266977,-1.8515625,-0.539551897576589,1.46272
6.797080789406359,2.155917058597868,2.182908690527936,0.23584225679254026,0.3171827914651225,0.32115385386181144,0.03469758034362545,1.0125197914374418,0.10939301020509747,0.10804036733918626,2.1484375,2.1271147690900776,2.1627200000000006
0.09215509111027964,1.7289495855991475,2.799203571639488,9.01521357801976,18.761302981407262,30.374920559622176,97.82653860361859,1.619019776490161,5.214272095097349,3.220635208299469,-2.8515625,-2.317329675354367,2.8627200000000004
2.3695781298272465,2.015384384837581,1.448079547911203,1.1569762857546244,0.8505245551808465,0.6111128093576619,0.4882625608293294,0.7185128349736138,0.5740722685255224,0.7989728792340978,1.1484375,0.3493369913122999,0.20272
2.5743613596274777,0.5361816842821012,3.595430124606899,0.9501216237644827,0.20827755290721475,1.396629929656486,0.36907080671144393,6.705619065337628,1.772014322041995,0.2642581251299837,-0.8515625,3.016003657978966,0.90272
2.7031250593054263,4.477749396790118,0.3331548852832761,1.0827182696315065,1.6565084110243444,0.12324804734298196,0.4005431661048318,0.07440230699871206,0.2417996573027635,3.24989462096853,3.1484375,-1.4284407864654778,1.60272
0.9579309814332381,0.2384682423782955,7.251680553123285,3.483780803143566,0.24894094355472654,7.570149304779202,3.636776417786592,30.409418381251534,14.608992662499059,0.48041013081348544,-3.3515625,1.2382258802011892,2.3027200000000008
9.735705987538497,0.5185032993017311,13.024180432030079,0.2083334666649993,0.05325790445658534,1.3377746255588205,0.021398906964904433,25.118799532365088,0.4017977647308362,0.015995898379344425,0.6484375,3.9048925468678553,3.0027200000000005
0.45215758761490266,2.0521019106792786,0.875225424774543,3.0009224664183747,4.538466160667483,1.9356645752453066,6.636895075117539,0.42650192966529105,1.462365222117561,3.42874233480067,-1.3515625,-3.9634202103337905,0.34272
2.3674924878912753,3.736394740844975,0.48529353752649396,1.2039300770724426,1.578207643722232,0.2049820812562513,0.5085254053518804,0.12988283390441402,0.32221704626427594,2.4808285789437607,2.6484375,-1.296753543667124,1.04272
1.485412863185522,0.39172960011319347,5.356589717544551,2.6979257585321355,0.26371765710518696,3.6061285386051862,1.8162800561362686,13.674202092455412,6.887214440145824,0.5036648130237719,-2.3515625,1.3699131229995425,1.74272
1.2930295500112032,6.302400732625528,0.1803995513389929,3.1821260929515556,4.874135113594984,0.13951695948281295,2.460984818888311,0.028623941731461426,0.5049069756035504,17.639323764015078,1.6484375,-3.0745313214449017,2.4427200000000004
5.155677624986652,9.42121622038765,9.326055895141561,15.01166682293245,1.8273478106405157,1.8088904259536025,2.9116767794362075,0.9898993587430717,1.5933894809087366,1.609647957477161,-0.3515625,-0.4078646547782352,3.14272
3.3186999157249812,1.8009749443304943,1.1602780552855432,0.37074236079210554,0.5426748395650184,0.3496182495403705,0.11171313171022744,0.6442499707939424,0.20585647899167617,0.3195288914611647,3.6484375,2.258802011888431,0.4827199999999999
0.29327767511518416,1.1064071578163885,2.038422158330953,3.9189641484956415,3.772558403505652,6.950485261213173,13.362640531559304,1.8423797640228525,3.5420632637899154,1.9225478552021158,-3.6015625,-2.185642432556013,1.18272
4.317234097884202,2.8772895959962717,3.2840900528781143,2.0011238240396136,0.6664659665794771,0.7606930683901497,0.46351987839166003,1.1413832161517223,0.6954891947005137,0.609338901132101,0.3984375,0.4810242341106541,1.8827200000000002
3.6067942552244547,0.1674707013415877,11.057791508788743,1.200234941843895,0.04643200845155106,3.0658226464599387,0.33277055937009714,66.0282152054425,7.166835346296138,0.10854201228970062,-1.6015625,3.14769090077732,2.5827200000000006
1.465737773526676,9.282999204895981,0.05284544760072728,3.4062606623094553,6.333328766277466,0.03605382119175188,2.323922275751777,0.005692712714319296,0.3669353607735899,64.45703115328665,2.3984375,-3.6671239140374943,3.2827200000000003
0.5920689289178185,1.0761948806332509,2.32993367179025,3.2337678591295003,1.817685117508727,3.9352405741826293,5.4618097677244615,2.1649737549571677,3.0048162440864776,1.387922711398377,-2.6015625,-1.0004572473708278,0.6227199999999999
4.320387643566383,1.8482609332551527,2.2752021832905696,0.6024568065882526,0.4277997915320059,0.5266199172378989,0.13944508138879366,1.2309961988340514,0.3259587408619881,0.2647926461273582,1.3984375,1.6662094192958392,1.32272
0.4695792401670929,3.8108275977796744,0.9231395126067208,5.2362045911142445,8.115409012595292,1.9658865504323297,11.150843442846872,0.24224121635535942,1.3740334498902669,5.672170370357651,-0.6015625,-2.7782350251486054,2.0227200000000005
6.787387319564431,6.304036308616742,0.4199394734210259,0.4710106042077899,0.9287868824644139,0.06187056280265067,0.06939497954538658,0.06661438051158224,0.0747157188108171,1.1216154565578567,3.3984375,-0.11156835848193891,2.7227200000000007
2.195738599293232,0.03576045463759413,54.225801251685176,3.037334349854134,0.01628629867376051,24.695927497535212,1.3832859479866122,1516.3621883788599,84.93556305800027,0.05601271497596807,-3.1015625,2.5550983081847267,3.4227200000000004
1.2878550486862532,2.6105979393651113,0.8069538624721961,1.9512871952202904,2.0270898825362327,0.6265874900248856,1.5151450446312318,0.30910691006997604,0.7474483779355303,2.4180901609942076,0.8984375,-1.8893461362597166,0.09072000000000001
1.7423539369920231,1.0292110175816516,3.1737002974523834,2.098792169843632,0.5907014618157709,1.8215014929351367,1.204572805377855,3.083624488309173,2.039224351460196,0.6613076135539295,-1.1015625,0.7773205304069499,0.79072
4.650998981030262,1.402025658010546,1.795345680536109,0.22633495770467554,0.3014461331272916,0.38601291633446344,0.0486637297982248,1.2805369646969789,0.1614342479479595,0.12606762037998695,2.8984375,3.443987197073616,1.49072
0.17776298758539738,2.3698534403879834,1.271518713231591,5.978425971571208,13.331534716975352,7.152887845231298,33.6314440524306,0.5365389654743472,2.5226986064557826,4.701799438229985,-2.1015625,-3.370827617741198,2.1907200000000007
6.738928035550865,10.421120757208415,0.548550931473227,1.8481646190488201,1.5464062981875357,0.08140032488540833,0.2742520189114535,0.05263838163412391,0.17734797073245911,3.3691759743899428,1.8984375,-0.7041609510745315,2.8907200000000004
2.3986723911646983,0.9804079802564646,2.6011994475744795,1.039448581584416,0.40872942210354046,1.0844329793246348,0.43334328831779395,2.6531806145580665,1.060220441404921,0.39960356848209494,-0.1015625,1.962505715592135,0.23072000000000004
1.8782356819333388,3.5550200023820384,0.3013132104500602,1.114910065453289,1.8927443646064281,0.16042353648606397,0.593594337589024,0.0847571069215266,0.3136156940625494,3.7001698790039437,3.8984375,-2.481938728852309,0.93072
0.5561307524608334,0.46782030336204966,3.955387980830869,3.522356943917932,0.8412056001074978,7.112334578385746,6.333684890346,8.454930135363886,7.529294728347764,0.8905212234522758,-3.9140625,0.18472793781435737,1.63072
5.8361515717982035,0.6600055066522561,6.035966134523674,0.5825438898988047,0.11308916475740174,1.0342373840479104,0.09981644286173233,9.145326930891661,0.882634893235422,0.09651212033262607,0.0859375,2.8513946044810234,2.330720000000001
0.17105232472773596,2.7057271616897025,4.047546894128569,12.988811693929181,15.818125629081099,23.662624290965063,75.93472766069375,1.495918343666592,4.800488341114846,3.2090577413126313,-1.9140625,-1.5930498399634203,3.0307200000000005
3.008853307980553,2.015808861883921,1.3303324769978442,0.6971364947906645,0.6699591690087637,0.44213936035676044,0.2316950756428071,0.6599497115785825,0.34583462151224964,0.5240317791563576,2.0859375,1.0736168267032467,0.37072000000000005
1.6966633756211966,0.2762585812137035,4.198125779246935,1.255669877936241,0.16282462696087688,2.4743421939604735,0.7400819137010631,15.19636335205609,4.545270132133564,0.29910249096002184,-2.9140625,3.7402834933699127,1.0707200000000001
0.7947790405140569,4.242397922901583,0.31345756473506065,3.066516238257174,5.337833167011593,0.39439586193958853,3.8583254992151974,0.07388688435918139,0.7228261690642714,9.782875206246954,1.0859375,-3.864654778235025,1.77072
0.9023145140933577,3.9156811060004766,3.1711942578927563,8.165793810226587,4.339596720257724,3.514510969691273,9.04983094329536,0.809870408760598,2.0854082825368856,2.5749900971543505,-0.9140625,-1.1979881115683586,2.4707200000000005
14.915163210935871,5.059303452495883,1.3572745176195236,0.09830797853776439,0.3392053697934983,0.09099964233876859,0.0065911433316186915,0.26827300049573927,0.019431129099257045,0.07243043117775712,3.0859375,1.4686785550983075,3.17072
0.3351696861142737,1.27515297558346,1.5316040925379415,3.3180743517254143,3.8044997158505134,4.5696378759496525,9.89968511231693,1.2011140011159362,2.6020990541995115,2.166404730759896,-3.4140625,-2.9757658893461363,0.5107199999999998
2.493223593514411,2.93744874920023,1.6878705784468468,2.0593507407705656,1.178173011374261,0.6769832368173805,0.8259791645352333,0.5746042646382845,0.7010678029127345,1.2200880607004532,0.5859375,-0.30909922267946977,1.21072
2.808573120919616,0.35943116746858794,5.958499411695431,1.5319202191086807,0.12797643215744328,2.1215397125727775,0.5454443068254821,16.57758133124659,4.262068395174887,0.2570983251423681,-1.4140625,2.3575674439871968,1.9107200000000002
2.771438495790759,7.463165555853683,0.1393361566024932,1.859614854121911,2.692885145092949,0.05027575275948428,0.6709926476615955,0.018669846670251854,0.24917239745048064,13.346247660807347,2.5859375,-2.0868770004572474,2.6107200000000006
1.1722099806096584,0.30403444111903816,22.03408565772276,9.544266055365938,0.2593685825477377,18.797046623219316,8.142112943281742,72.47233430733522,31.3920555192268,0.43315916093031775,-2.4140625,0.57978966620942,3.3107200000000003
3.4186857344472505,1.0977778237961946,2.1858126859336586,0.4338495108108825,0.32111106696202024,0.6393722195371876,0.12690535033370928,1.9911248328691515,0.39520702769400073,0.19848430453479865,1.5859375,3.246456332876086,0.65072
0.5017333390921181,3.081918737282985,0.6833250136449406,3.6695358427503115,6.142543253872043,1.3619286589195188,7.313717381010205,0.22172064609573677,1.1906659959455548,5.370117834815604,-0.4140625,-3.568358481938729,1.35072
3.6657808818858704,4.9075633589975425,0.3234398182743464,0.7623622821295308,1.3387497826855472,0.08823217445226895,0.2079672262727639,0.06590639684383306,0.1553443585668259,2.3570452339386483,3.5859375,-0.9016918152720623,2.0507200000000005
1.0647701029624548,0.13097230744741908,11.979810655210288,3.6449005406336683,0.1230052450599633,11.251077224914075,3.4231807697198207,91.46827210034284,27.829551236218173,0.30425360179197986,-3.6640625,1.764974851394605,2.7507200000000007
0.7474480338647067,11.789952378134739,0.33291158713809765,12.592814118002796,15.773608122526417,0.4453976357617351,16.84774532470331,0.028236889892405727,1.0680971147395826,37.82630165041108,0.3359375,-2.67946959304984,3.4507200000000005
1.0825603141272,1.0758023281345768,2.369858836159577,2.317899516204821,0.9937574046411708,2.1891240656371598,2.141127368107519,2.2028757274292876,2.154577523757566,0.9780749303874329,-1.6640625,-0.012802926383173485,0.11871999999999999
3.7210314310453017,1.488298648810331,1.7359035844471553,0.37751272334808855,0.39996938386307646,0.4665114005660281,0.10145378515172573,1.166367775603873,0.25365387763393643,0.21747332440028203,2.3359375,2.6538637402834926,0.81872
0.3301746763286629,1.3726729130562898,2.284442260816875,4.613166629818597,4.15741427634475,6.918889983382289,13.971897182164732,1.6642291394317008,3.3607180457486177,2.0193842098547994,-2.6640625,-1.7905807041609512,1.51872
6.843429123275237,3.6329971398590013,2.5825247415700767,0.8441434540216907,0.5308737877481318,0.37737290692273456,0.12335094567585543,0.7108524015161504,0.23235456058037313,0.3268675186083536,1.3359375,0.8760859625057158,2.2187200000000007
6.48086939680381,0.236781828999491,15.531418240790076,0.6066926571491997,0.03653550388104803,2.3965022730514756,0.09361285037597027,65.59379284473499,2.562243309432769,0.03906228315684953,-0.6640625,3.542752629172382,2.9187200000000004
1.4122033922632964,3.0793064352028905,0.35288154043231085,1.3580560671233286,2.18049783202105,0.2498801110134413,0.9616575590763965,0.11459773421642594,0.44102660638055285,3.8484757957573827,3.3359375,-3.2720621856424326,0.25872000000000006
0.5502059182691068,0.8169845780459886,2.8194077153648887,3.381017426354263,1.4848705746680095,5.124277332811078,6.145003741491199,3.4509925782297723,4.1384103411606175,1.1991942165472476,-3.1640625,-0.605395518975766,0.95872
4.820931012038874,1.4022908602449153,3.2866647310670394,0.6178048646858059,0.2908755293828311,0.6817489656789424,0.12815053008288602,2.343782466422844,0.44056827452894043,0.18797319326368622,0.8359375,2.061271147690901,1.6587199999999998
0.3263606865584237,3.56136621213875,1.4997274094419069,7.022131382489483,10.912362790060529,4.595306577078891,21.516474476567847,0.42111013586026513,1.9717521210132438,4.6822718170514905,-1.1640625,-2.3831732967535437,2.358720000000001
11.022226286294856,7.832194456953628,0.6787978126453595,0.38315651440268517,0.7105818963898659,0.061584456262650265,0.03476217094899473,0.0866676403881552,0.048920710090708835,0.5644633899297296,2.8359375,0.28349336991312235,3.0587200000000005
1.7229431130670454,0.43095059885612,3.371944270849807,1.2866883035218375,0.2501246823459982,1.9570839253347965,0.7467967420185905,7.824433426476306,2.9856979127935253,0.38158646767835297,-2.1640625,2.9501600365797884,0.39872
2.0608226029122787,3.8624066970218474,0.5798263207140605,1.6870716799363137,1.8742062958566332,0.28135673584648735,0.8186399341467848,0.15012047311360097,0.4367928631744424,2.9096155515304516,1.8359375,-1.4942844078646549,1.0987200000000001
3.9210125942338854,1.4541673434354359,4.533388800980527,1.7429104638049644,0.3708652569935346,1.1561780769710308,0.44450519398178734,3.1175152030786935,1.1985625118546397,0.3844608394117862,-0.1640625,1.1723822588020116,1.79872
7.530961905847684,1.723434047921984,2.0804209767509465,0.11328673254756312,0.228846470008534,0.276249037342166,0.015042797183663564,1.2071369828508356,0.06573314057718521,0.05445375422261233,3.8359375,3.8390489254686777,2.4987200000000005
0.06404575077666626,1.3134922758772543,1.814820542184123,11.617775456929573,20.508656077083536,28.336314590371153,181.39806803798555,1.3816758389173183,8.844951485664659,6.401611171398615,-3.7890625,-3.7658893461362597,3.1987200000000002
1.431561561276977,2.4564535784934582,1.2831581792896445,2.290082820082974,1.7159259126113027,0.8963346138918719,1.5997096331925686,0.5223620712900281,0.9322719713219578,1.7847237051871205,0.2109375,-1.0992226794695932,0.5387199999999999
1.7845092959817532,0.5398230512939582,4.332475478325578,2.0397939732011396,0.3025050373845057,2.4278245499091407,1.1430559525771147,8.02573263209234,3.778634440140606,0.47081489171855223,-1.7890625,1.5674439871970733,1.2387199999999998
1.559033015385515,5.21457506914199,0.21479093391156803,2.1670648460130058,3.344749609329177,0.1377718956506222,1.390005743705907,0.041190496073711697,0.4155784157441569,10.089182101630097,2.2109375,-2.877000457247371,1.9387200000000002
0.5014301082910545,0.6626695629581723,6.759970887256772,6.845286710839756,1.321559180434228,13.48138210187601,13.651527097504118,10.201118725115585,10.329864375062343,1.012620738314689,-2.7890625,-0.21033379058070434,2.6387200000000006
20.655258266890925,1.763443037000085,11.30762728964012,0.12350730598822109,0.08537501754828081,0.5474454564320569,0.005979460745169935,6.412244145337582,0.07003759316111957,0.010922477618392733,1.2109375,2.4563328760859617,3.3387200000000004
0.7583239324131944,2.2386601374049286,1.2901318599750842,3.1750332823296152,2.952115898915255,1.7012938730148357,4.186908979947119,0.5762964366134712,1.4182739171878664,2.46101455272249,-0.7890625,-1.988111568358482,0.67872
3.989814650617726,3.031467739362507,0.8581312279967017,0.47794827668751416,0.7598016461474363,0.21508047444355363,0.11979210027050141,0.2830745044237745,0.15766233316011566,0.5569640878858113,3.2109375,0.678555098308185,1.37872
1.707014644210115,0.16037097924226065,7.588934897946848,1.603696917101435,0.09394821525767807,4.445735087093214,0.939474609981165,47.32112339653923,9.999919715392197,0.2113204209375031,-3.2890625,3.345221764974851,2.0787200000000006
0.6922671110925115,6.32426086759285,0.249504646808714,5.397121408537371,9.135578978484368,0.36041672760526583,7.796299032637598,0.039451985304281234,0.8533995547517054,21.631346259755816,0.7109375,-3.4695930498399634,2.7787200000000007
0.852296065435637,5.200934647560298,12.647472594757987,27.17150860596027,6.102262885493818,14.839294826843348,31.88036377015539,2.4317691822355005,5.224351092107287,2.14837457858751,-1.2890625,-0.8029263831732969,3.4787200000000005
2.9332844512128444,1.6999678189369507,1.2977596502316529,0.5233475085393661,0.5795441414602848,0.4424254353153713,0.178416896568955,0.7634024807853054,0.3078573033615622,0.4032699802663362,2.7109375,1.86374028349337,0.012320000000000001
0.4001509526320473,1.5985131833051291,1.4897036545871443,3.5501520271747866,3.9947754036087915,3.7228541998673648,8.872031926509681,0.9319307905281036,2.2209088196785443,2.3831263461313545,-2.2890625,-2.5807041609510746,0.7123200000000001
3.699631962839405,3.453160047293851,1.2296632091283561,1.0918152765078042,0.933379342047745,0.3323744689957242,0.29511456476601916,0.3560979486288249,0.3161785904952279,0.8878978149486435,1.7109375,0.08596250571559239,1.41232
4.607290427013178,0.5619416082607441,5.638691735196949,0.7834581709656714,0.12196791523408275,1.223862880910768,0.17004748959869087,10.034301878177642,1.394198542070126,0.1389432527540551,-0.2890625,2.7526291723822576,2.1123200000000004
4.060891338671151,7.279240032409326,0.1296129999664526,0.9699709668574631,1.7925227309311154,0.031917377037935214,0.23885666617587148,0.017805842284273808,0.13325168046923389,7.483593212937886,3.7109375,-1.6918152720621857,2.81232
0.8814739010600798,0.5373632315225978,2.907657058674028,2.1778668659462346,0.6096189925491305,3.2986309125854048,2.470710548919354,5.41097136556086,4.0528765985259785,0.7490109122220218,-3.5390625,0.9748513946044808,0.15232
3.205824862134561,0.7356723067090095,2.8907938914396416,0.5404506779387622,0.22947988063801175,0.9017316964454635,0.1685839686135909,3.9294586259083917,0.7346350719064568,0.18695579769251996,0.4609375,3.641518061271147,0.8523200000000001
0.3207254528462133,2.4484086518980956,1.1216271137576845,4.50352658598256,7.633970519552431,3.4971565362338133,14.041687511910645,0.45810453777320154,1.8393688416724316,4.015172717156246,-1.5390625,-3.173296753543667,1.55232
4.710225222768151,5.913497709084746,0.5459782158196226,1.0126200367325515,1.255459649891103,0.11591339904098188,0.21498335829840534,0.09232745875268558,0.17123876368073856,1.8546894498572737,2.4609375,-0.5066300868770006,2.25232
2.2605478449249135,0.09035681016846742,17.64745213907622,2.871636126967782,0.03997120006609226,7.806714721254838,1.2703275152591016,195.30848982133278,31.781070199509113,0.16272242045690014,-2.5390625,2.160036579789666,2.9523200000000003
1.3317132615018812,2.970152700687383,0.5996879840261848,1.8556575493643603,2.230324489926383,0.4503131427480627,1.3934362621511966,0.20190476532987645,0.6247683995960562,3.09437173795921,1.4609375,-2.2844078646547783,0.29231999999999997
2.0069582809937225,1.5167228948464069,2.871493433744493,2.2208086327375627,0.755732149098495,1.4307688709516702,1.1065544579421724,1.8932221854772482,1.4642151445616942,0.7733984715547748,-0.5390625,0.3822588020118882,0.99232
5.059854914149911,1.7270145600712856,1.4921124538242665,0.19965013679172505,0.34131701192492303,0.294892339630444,0.03945768014679678,0.8639837140473655,0.11560420010789263,0.13380367966236334,3.4609375,3.0489254686785543,1.69232
0.2198003458826636,1.1245953294327171,3.546567337680417,6.720416379883199,5.116440217219048,16.13540380675146,30.575094651901825,3.1536386866104293,5.975853005963663,1.8949073117778708,-3.0390625,-1.3955189757658895,2.3923200000000002
17.009885503566597,4.308822777478523,6.801578665173912,0.7274711124461769,0.2533128618987504,0.39986034378348817,0.04276754904044723,1.578523651686163,0.1688329156280327,0.10695621535203931,0.9609375,1.2711476909007775,3.09232
2.2760065144064408,0.4862884501203224,3.123514074296285,0.8205540910903666,0.2136586371973287,1.3723660519095067,0.3605236126946494,6.423171419192525,1.687381410945164,0.2627022230643331,-1.0390625,3.9378143575674436,0.43232
1.242209877962876,3.6849197364448916,0.2556351304197889,1.6969200405121119,2.966422825817375,0.20579061151808734,1.3660493855474114,0.0693733238994287,0.46050393546678803,6.6380549407490665,2.9609375,-3.9304983996342022,1.13232
0.4629575887830562,1.6066537057620374,2.878812640227488,5.374547868048632,3.470412289785192,6.2183074864261725,11.609158156746766,1.7918065541460688,3.3451812601393645,1.8669321486736028,-2.0390625,-1.2638317329675353,1.83232
8.93260128326121,3.446239946002782,2.2673716588960513,0.3059879035693939,0.3858047434022032,0.25383106073981787,0.03425518433726402,0.6579262310292484,0.08878891440054909,0.13495268954643933,1.9609375,1.4028349336991308,2.5323200000000003
0.4243233697425141,7.714559956023941,0.4493551801884281,10.592266482652041,18.180850988021835,1.0589922974572523,24.962722390424997,0.05824767488358783,1.3730227703241884,23.572147267135957,-0.0390625,-3.0416095107453134,3.23232
2.6446168610002534,2.8632479883769415,0.5643054546595663,0.6781714507644333,1.0826702463410887,0.21337890678278942,0.2564346695225764,0.19708577704421895,0.23685389931902512,1.201780782313295,3.9609375,-0.3749428440786464,0.5723199999999999
1.0816222019274402,0.2735939581486934,4.367189574427414,2.0226312546229988,0.2529478016086871,4.037629374327861,1.8699979077895126,15.962302691106668,7.3928213485026415,0.4631425359839544,-3.9453125,2.291723822588019,1.27232
0.953502085766896,4.680552963785687,0.8988503522521385,4.670893745166,4.908802019054994,0.9426831526322237,4.898671764738961,0.19203935073627232,0.9979363082322918,5.196519902854483,0.0546875,-2.1527206218564245,1.97232
1.5068412280041144,0.6344243100188498,9.543686939008733,6.00523447946311,0.42102930171294567,6.333571687343475,3.9853133613933167,15.043066270151554,9.46564370978263,0.6292363232198448,-1.9453125,0.5139460448102424,2.6723200000000005
20.214266678777577,1.678487834524532,10.212716635503893,0.04569392387726435,0.08303481205611737,0.505223206846576,0.0022604789282431497,6.084474623789493,0.02722326783512741,0.004474218320952153,2.0546875,3.1806127114769085,3.37232
0.3804491134553569,1.4464445094841532,1.2293577686609127,2.98256169222554,3.801939492898525,3.231332982998709,7.839581133826255,0.8499169934277947,2.0619952391324117,2.4261136735438034,-2.9453125,-3.634202103337906,0.04032
1.93667592224875,2.9990790764763164,1.0106196562422398,1.837517311528784,1.5485704355708458,0.5218320962387811,0.9487995851134303,0.33697666199240034,0.6126938519032727,1.8182085616276016,1.0546875,-0.967535436671239,0.7403200000000001
2.6781886034361553,0.7179909479109329,4.512628483364396,1.6582747848411346,0.2680882694332057,1.6849554499539827,0.6191777467477622,6.285077125964253,2.3096040272736755,0.3674742538532234,-0.9453125,1.6991312299954275,1.44032
1.9789115840181464,5.418126934342507,0.160255248737149,1.6229863993171318,2.737932800080483,0.08098151025613455,0.8201409362724966,0.02957761061694212,0.29954750395933316,10.127508534707388,3.0546875,-2.745313214449017,2.14032
0.3983794957929122,0.43138668856619666,8.120744107006464,6.9860488808665115,1.082853643628392,20.384442956441298,17.536165778215747,18.82474430075125,16.19440067584398,0.8602720131076468,-3.4453125,-0.07864654778235014,2.84032
2.728716468495251,0.9985705323735443,2.385952562081468,0.7334458298591475,0.36594880556579246,0.8743863972782778,0.2687878489125716,2.3893680864086755,0.734495767780959,0.30740168162408926,0.5546875,2.588020118884315,0.18032
0.6038245957995282,1.9099606194563314,1.6299389014461223,3.616982545736049,3.1631050353742878,2.6993582453989133,5.990121255240983,0.8533887478319228,1.893747184570549,2.2190908766745627,-1.4453125,-1.8564243255601278,0.8803200000000001
4.555917510209778,3.1158258927629126,1.1395667862023091,0.5172583536892993,0.6839074425251048,0.250128933117983,0.11353549587544705,0.36573506525161303,0.1660100312057642,0.45390788846444097,2.5546875,0.8102423411065383,1.58032
2.4141248028801683,0.15467134295453877,8.827186579290569,1.3288784448639719,0.06406932349562389,3.656474830447583,0.5504597124715985,57.07060151333313,8.59162673239708,0.15054382649865464,-2.4453125,3.4769090077732043,2.2803200000000006
1.151914790610124,7.8484176804009005,0.11468790630971144,4.361546708208858,6.813366530560739,0.09956283854031057,3.7863449134972202,0.014612869877722045,0.555723062382438,38.029700328041784,1.5546875,-3.3379058070416097,2.9803200000000003
1.3081883295080368,1.826780038593073,1.7157193495327008,2.306719747035541,1.3964197641788016,1.3115232041382925,1.763293323296208,0.9392041259954276,1.2627244103302673,1.3444621625697741,-0.4453125,-0.6712391403749427,0.32031999999999994
3.8436415078509265,2.054788913223993,1.1432890648784702,0.3293504031582961,0.5345943187019218,0.29744945321857313,0.08568707630135983,0.5564021966055058,0.16028430026982216,0.2880727309268068,3.5546875,1.9954275262917234,1.02032
0.21531963869368848,1.1712638233019363,2.100655483911241,4.593545102032088,5.439651628656894,9.755986479708023,21.33360955786675,1.7934947209325012,3.9218705560992406,2.1867198773019645,-3.6953125,-2.449016918152721,1.72032
5.806468166291513,4.542567880078312,4.421257298836787,3.289900647521434,0.7823289045911652,0.7614365862717826,0.5665923851301564,0.9732947124965289,0.7242380817135347,0.7441097464259753,0.3046875,0.2176497485139457,2.4203200000000002
4.550078058365311,0.08833172896583351,25.12338133640015,1.4827551457516683,0.019413233758360644,5.521527546150743,0.3258746612106193,284.4208036063442,16.786212192508927,0.059018932439773554,-1.6953125,2.8843164151806118,3.12032
1.8892126373490712,3.1524227135710885,0.5640589032924547,1.3553649653716113,1.6686436726331368,0.29856824591430736,0.717423194497285,0.17892870168210545,0.4299439156864352,2.402878418300364,2.3046875,-1.5601280292638315,0.46032
1.1389527299631792,0.4831333799475751,4.028044185607921,2.54875781436926,0.42419089681026023,3.536621037589631,2.237808249032125,8.337333649032914,5.275474475901099,0.6327531916049713,-2.6953125,1.106538637402835,1.16032
5.072644783431212,0.8741827329136422,3.2583794746138746,0.28255244668926655,0.1723327317869737,0.64234331669679,0.05570120888656901,3.727343668472756,0.3232189747646034,0.08671563545334131,1.3046875,3.773205304069501,1.86032
0.27361847722534677,3.962328698178438,0.602316080648165,6.2833476858521236,14.481217563809269,2.201299001280931,22.96390123053452,0.15201062974029939,1.5857714400980172,10.43197730847644,-0.6953125,-3.831732967535437,2.5603200000000004
7.020297422463597,10.930089539283642,0.1187902394851132,0.8911167928583602,1.5569268481858711,0.016920969630860278,0.1269343361446423,0.010868185393923013,0.0815287733605121,7.501599430397941,3.3046875,-1.1650663008687698,3.26032
1.0734391441102848,0.4494464289933416,3.42591032760993,2.0975406804854324,0.41869763317217507,3.191527294683743,1.9540378157384686,7.622510952602727,4.666942587981952,0.6122579051707905,-3.1953125,1.5016003657978958,0.60032
0.9632495017329653,3.841817092025782,0.4979280332595657,2.9027852510484435,3.988392503825889,0.516925295433584,3.013534131942029,0.12960742829040028,0.7555761197152181,5.829728509250746,0.8046875,-2.942844078646548,1.30032
1.4100561560826659,1.8615625308422379,4.360296171941545,5.0943256271029576,1.3202045342746633,3.092285476101222,3.612853009525315,2.342277575800148,2.736585821158584,1.16834394413042,-1.1953125,-0.276177411979881,2.0003200000000003
9.760190722898269,2.5137675529089956,2.0333543003972614,0.10676575883364421,0.25755311799506897,0.20833141053553728,0.010938900874463685,0.8088871614418812,0.042472407088750976,0.05250720880900349,2.8046875,2.390489254686785,2.7003200000000005
0.051926933122822254,2.7005965877827447,3.9251646967154437,19.057607468501963,52.007627359679624,75.59015063399355,367.0081463009801,1.453443551870181,7.056813873910993,4.855237662880557,-2.1953125,-2.053955189757659,3.4003200000000002
2.5619030319558376,2.026668290357056,1.2706310956716365,0.8841724678648044,0.7910792348802654,0.49597158043159684,0.3451233152996424,0.6269556304390483,0.43626896027915446,0.6958530063341825,1.8046875,0.6127114769090083,0.06832
2.8478305813204585,0.6491648465118492,3.1566336072707473,0.727696432026072,0.2279506550599825,1.1084344792052572,0.25552658813315354,4.862607123956655,1.1209732565406088,0.23052926711226543,-0.1953125,3.2793781435756744,0.7683200000000001
1.5711846686820876,3.9578692372938473,0.21231856517282746,1.3840275053425495,2.5190350416375398,0.13513278827429026,0.8808814984832267,0.05364466394498625,0.3496900535018343,6.518636296434794,3.8046875,-3.5354366712391405,1.46832
0.2982196938043303,0.6791573542046302,3.902671963386825,5.168394787477349,2.277372582409809,13.086566864854573,17.330829904441078,5.746344259140496,7.610010780977439,1.3243221146857809,-3.8203125,-0.8687700045724736,2.1683200000000005
10.272915573069616,1.4087529317814529,9.622840328955533,1.0214364803174356,0.1371327274872666,0.9367194990078326,0.09943004720053622,6.8307508803455494,0.7250643155899364,0.10614708811533433,0.1796875,1.7978966620941934,2.86832
0.5097993874970065,1.687852998390629,1.2923627354634917,3.051905657346143,3.3108180193734347,2.5350417579132154,5.986483570194686,0.7656844148724812,1.8081584475994894,2.3614930805410532,-1.8203125,-2.6465477823502517,0.20832
3.067190672067601,2.9769244701699646,0.9600852379429229,0.923231903746138,0.9705703976216163,0.31301778747772696,0.30100244896864686,0.32250910211642275,0.3101294349243019,0.9616145184403139,2.1796875,0.020118884316414842,0.9083199999999999
1.643112510045434,0.23948430775848645,5.285150051326996,1.7308944251241076,0.14575040132331804,3.2165478742419498,1.053424165747631,22.068878336099285,7.227590155383662,0.3275014726761664,-2.8203125,2.686785550983081,1.60832
2.1907689440027123,7.0317952561528285,0.48612302281797615,3.4453948805569343,3.2097384233068276,0.2218960717645513,1.5726874757782165,0.06913213555138967,0.4899737200883672,7.087495795991188,1.1796875,-1.7576588934613624,2.30832
6.270346709836665,1.370257364581452,16.20358110193907,5.515824503846252,0.21852976047271006,2.584160310708106,0.8796681840883297,11.82521000855083,4.025393073169925,0.34040774500065163,-0.8203125,0.9090077732053041,3.0083200000000003
3.2474787835761028,1.313701954234766,1.5128137978029192,0.341179834467624,0.4045298035136433,0.46584255005879316,0.10505991176697357,1.1515654619575686,0.259708705896203,0.2255266543464399,3.1796875,3.57567443987197,0.34831999999999996
0.2698500370392398,1.4023234715561024,1.5006333660620645,3.800642639789265,5.196676965258988,5.560990031822202,14.084276887598133,1.070105005371458,2.7102467561010326,2.5326923456079373,-3.3203125,-3.2391403749428442,1.04832
2.9020985426690786,4.224944489254783,1.604697833743892,2.6415576315271334,1.455823924355468,0.5529439507826089,0.9102232721214477,0.3798151284176841,0.6252289558467229,1.6461402115588093,0.6796875,-0.5724737082761773,1.74832
3.5621837993484933,0.31958082763309703,9.027460734566313,1.8975968291872747,0.08971486190340511,2.534249000912697,0.5327060410342488,28.247816996489295,5.937768054615152,0.21020272311142174,-1.3203125,2.0941929583904892,2.4483200000000003
3.153597804080335,10.283574072771184,0.060580816359326974,2.203241527563342,3.2609022176086024,0.019210064225990857,0.6986437917709866,0.005891027373423864,0.21424861745266932,36.36863383443219,2.6796875,-2.3502514860539554,3.14832
0.9929745756442917,0.7980122476304655,2.9154890557120674,2.5262445469123396,0.8036582881416428,2.93611652022445,2.5441180558658165,3.6534389846384148,3.165671397166531,0.8664908352040923,-2.3203125,0.3164151806127107,0.48832000000000003
4.110161615002461,1.228351335113181,2.3316099154153953,0.36931130078562224,0.29885718620639823,0.567279375804788,0.08985323093807375,1.898162072010578,0.30065608285563816,0.15839326224508118,1.6796875,2.9830818472793768,1.18832
1.1437534018743778,3.899688556687049,1.6553489620560522,4.898435180787555,3.4095536243181948,1.4472953342418688,4.28277211919984,0.42448234980650384,1.2561093301637871,2.959155617981224,-0.3203125,-1.4613625971650661,1.88832
7.738791202112264,4.012058024187051,0.8384561471851356,0.19746962824396966,0.5184347166637576,0.1083445883584872,0.025516856972452148,0.2089840531045233,0.049219035979416625,0.2355157498778136,3.6796875,1.2053040695016,2.5883200000000004
2.301671550780842,0.04861292167330348,51.26419183439268,1.6389503542437773,0.021120703193647047,22.272592202393653,0.7120696059729997,1054.5383834139143,33.714294426862885,0.03197066598725195,-3.5703125,3.871970736168266,3.28832
0.725556970080748,2.907376435791066,0.5549950600350964,2.6425208206261006,4.007096004421956,0.7649227874874254,3.64205834909423,0.1908920541567532,0.9089021937770156,4.761341155827576,0.4296875,-3.7329675354366714,0.62832
0.730128372970798,1.7109228822565767,2.4788905860488946,4.146995403586544,2.343317895310728,3.395143481361516,5.679816806341815,1.4488616709476858,2.4238353736417233,1.6729239390095239,-1.5703125,-1.0663008687700044,1.32832
6.148406845302478,2.7075215570817854,1.6456774281976017,0.2953319536594715,0.44036148309710393,0.26765916270731765,0.048033899039246535,0.6078169253696882,0.10907833878072075,0.17945919935410942,2.4296875,1.6003657978966617,2.02832
0.10084845806697054,2.111400226920084,1.934547428144462,8.708126788603224,20.93636598308686,19.182716971832974,86.34863591885966,0.916239092654831,4.124337336699939,4.501376736447191,-2.5703125,-2.8440786465477825,2.7283200000000005
19.426509336269778,19.68828615335913,1.8687078192528306,2.683068297932336,1.013475236984578,0.09619370041759928,0.13811376256479493,0.0949147023106427,0.13627739240647732,1.4357880190200698,1.4296875,-0.17741197988111557,3.4283200000000003
2.203582443927679,0.7542418622073919,2.7703283830922856,1.018157382603958,0.34227984720327803,1.2571929816950416,0.4620464214577731,3.6729973790960644,1.349908343225847,0.36752227238399593,-0.5703125,2.48925468678555,0.09632000000000002
2.0114877078261784,3.4806880375730063,0.36889298960384437,1.1173231628668978,1.7304048262539957,0.18339311156045207,0.5554710369442888,0.10598277858335844,0.321006407585432,3.0288544221639877,3.4296875,-1.9551897576588932,0.79632
0.876577662751712,0.464378292120488,4.2820021767106295,3.1292426310994177,0.5297628628394809,4.884909071569045,3.5698407158542507,9.22093527920469,6.7385635465653975,0.730789593737025,-3.0703125,0.7114769090077733,1.49632
5.996337637047353,0.8433052204297592,4.237068414136155,0.30318969635050524,0.14063671385339296,0.7066093790246479,0.050562479083449074,5.024359284740216,0.35952545887952153,0.0715564788472548,0.9296875,3.3781435756744393,2.19632
0.18051320502272106,4.136143900208066,0.8293804665464274,8.918427896424587,22.913248366995933,4.5945695022258,49.40595839125471,0.200520215581645,2.15621799231307,10.753120258017733,-1.0703125,-3.436671239140375,2.8963200000000002
2.2629585930899623,2.7956719058015596,0.641355040840175,0.9552644443972577,1.2354056827810547,0.2834143951191061,0.422130766030893,0.22940998173256286,0.3416940458624273,1.4894471604150197,2.9296875,-0.7700045724737081,0.23631999999999997
1.6556698903132852,0.47648947702543376,3.9319349667553083,1.7991435941380187,0.28779256046945,2.3748302664435776,1.0866559841814756,8.25188205897238,3.7758306969746265,0.4575720629537012,-2.0703125,1.8966620941929584,0.9363199999999999
1.5870896425306322,4.783177043737914,0.3048213211851869,2.1653024814757784,3.013803956348102,0.19206307760861316,1.3643227348035485,0.06372779397414441,0.4526912680998438,7.103513865292581,1.9296875,-2.5477823502514862,1.63632
4.344458762061407,3.7188141648579265,4.829557742511486,4.107294779182145,0.8559902092598947,1.1116592438824082,0.9454100048203173,1.2986821950260037,1.1044635728225638,0.8504494610403504,-0.0703125,0.11888431641518071,2.3363200000000006
12.084575903444142,2.872779738797708,1.8542461617177701,0.070507172360661,0.2377228428826333,0.15343907610272897,0.0058344763543225564,0.6454536477947294,0.024543187703686978,0.03802470988821855,3.9296875,2.785550983081846,3.0363200000000004
0.4196443270674049,0.924017715501865,2.04187983592907,3.062492940828722,2.201906843252633,4.865739161061256,7.297829955739667,2.2097842949039745,3.3143227553439054,1.4998399450060025,-3.8828125,-1.658893461362597,0.37632
2.963901102542568,1.5597676536922604,2.8942294845014067,1.4445375789736485,0.5262549591665596,0.9764932716609896,0.4873771185328886,1.8555516763347584,0.9261235643361106,0.49910955116349426,0.1171875,1.007773205304069,1.07632
2.4916638381570406,0.24362387517168377,5.6990035703461475,1.0549043649586078,0.09777557928997363,2.287228109615868,0.42337346988944863,23.392631638955798,4.3300533012834155,0.18510329953952545,-1.8828125,3.674439871970735,1.77632
1.471787177373868,6.2901537282222675,0.1413322792816837,2.6565707227226936,4.2738201724558325,0.09602766042157335,1.8049965127858043,0.02246881163612312,0.4223379646197451,18.796631146293116,2.1171875,-3.140374942844079,2.4763200000000003
0.29601742339475406,0.7114997829305298,10.115002623888142,11.341081736649986,2.403574001729315,34.17029480186807,38.312210161785266,14.2164521571973,15.939684043104366,1.1212139193979318,-2.8828125,-0.47370827617741185,3.17632
3.167996881711461,1.2897842500598575,2.192196856746498,0.6545800161977727,0.407129267552521,0.6919820121673219,0.20662268324082,1.6996616733727057,0.5075112493949234,0.2985954542281634,1.1171875,2.1929583904892542,0.5163199999999999
0.6134018597987902,2.5961953037501107,1.2622983317432088,3.9238384112219737,4.2324542423163205,2.057865185079927,6.396847920397701,0.48621085244236606,1.5113802900552706,3.1084873619402087,-0.8828125,-2.25148605395519,1.21632
4.832629920675006,3.891757362517972,0.759957011379254,0.47588127161596583,0.8053083779223847,0.15725537106162385,0.0984725251937968,0.19527348202601222,0.12227927573266541,0.6261949879931812,3.1171875,0.41518061271147655,1.91632
1.7551880410646865,0.1053907545156082,12.560220079824376,1.9465478276034343,0.06004527836896542,7.1560538164363425,1.109025233799263,119.17762746412664,18.469815844378964,0.15497720702602943,-3.3828125,3.0818472793781426,2.6163200000000004
4.042586565430484,18.19029084309826,1.066573485069928,10.818683098556663,4.499666376633602,0.26383442081130837,2.676178462341625,0.05863421834591535,0.59475041888412,10.143401509599084,0.6171875,-1.3625971650663007,3.31632
1.740977651212896,0.7736672452246396,3.330637409474018,1.823110978300402,0.4443866609577927,1.913084528772466,1.0471765545239973,4.30499989502198,2.3564536169177606,0.5473759986945897,-1.3828125,1.3040695016003658,0.65632
4.334700125325444,1.1633992598386298,1.9867303189439791,0.24642048091426572,0.26839209776968903,0.4583316634376911,0.056848334092260824,1.7076943294768383,0.21181075957401388,0.12403318083213596,2.6171875,3.970736168267032,1.35632
0.18269292713159058,2.1599325689108593,1.1103238747427946,5.368409966942573,11.822748711859528,6.077541655146001,29.384881238865912,0.5140548787144188,2.4854525757947994,4.834994625497141,-2.3828125,-3.9853680841335164,2.0563200000000004
4.011934980512614,9.860622743116117,0.3869978511347613,2.92594418561385,2.4578221708508847,0.0964616458179274,0.729309971329594,0.039246796192961717,0.29673016216511333,7.560621272274121,1.6171875,-1.3187014174668494,2.7563200000000005
17.690509249951184,1.5085432723176038,37.24519885460983,3.7451551832198606,0.08527415751594412,2.1053774274311863,0.21170420423200623,24.68951308064854,2.4826302645373293,0.10055403913506891,-0.3828125,1.3479652491998166,3.4563200000000003
1.4850432083763854,2.985597859782796,0.36534934339127173,1.253206650966593,2.010445112265107,0.2460193355523388,0.8438856485103474,0.12237058055027246,0.4197506529086822,3.4301598555891433,3.6171875,-3.0964791952446276,0.12432000000000001
0.5463846418708181,0.6996849491304737,2.8133671179185247,3.128404678752078,1.280572138218886,5.1490596593007645,5.72564534032369,4.020905582455086,4.471161888847074,1.1119788309272038,-3.6328125,-0.4298125285779606,0.82432
4.189389623531626,1.064670156804005,3.6560327568263746,0.7511607380183563,0.2541349104470487,0.8726886456897186,0.1793007587069768,3.4339581451228876,0.7055337591815654,0.20545787961440548,0.3671875,2.236854138088705,1.5243200000000001
0.2823966810186739,2.6845630770806146,1.8912976066939269,6.669568738800746,9.506354916767219,6.697308197361081,23.617730614757868,0.7045085372889278,2.4844149857166746,3.5264512127519962,-1.6328125,-2.2075903063557387,2.2243200000000005
10.832282503726084,7.064000835780274,1.104896323140256,0.4563554643920374,0.6521248714987263,0.1020003238246597,0.04212920630855597,0.15641225826924915,0.06460297429192324,0.4130301231295775,2.3671875,0.45907636031092824,2.9243200000000003
1.5542900550680474,0.40081813606345323,3.2783174922225156,1.3174182808480155,0.2578785952831084,2.1092057312809542,0.8476013061734081,8.179064760940676,3.286823030980454,0.4018580518737005,-2.6328125,3.1257430269775943,0.26432
0.9329188560363347,3.480842161119387,0.38720685256271253,2.3622990733795963,3.731130675081797,0.4150488009298334,2.5321592098762244,0.11123941696862019,0.6786573375162509,6.100871040232934,1.3671875,-3.68907178783722,0.96432
1.214816310140065,2.854167625839808,2.2571787196914648,4.414504406906946,2.3494643610034593,1.8580411712049025,3.6338863497790594,0.7908360739770195,1.5466871556319424,1.9557620175997266,-0.6328125,-1.0224051211705532,1.6643199999999998
7.110162094315654,3.1470083341525674,1.1405555502710498,0.18679783171768327,0.44260711533827046,0.1604120321227117,0.026271951221340246,0.3624253351646051,0.059357272648591364,0.16377793407194527,3.3671875,1.6442615454961134,2.36432
0.06629896340566671,1.6481892172852837,2.487640666354949,10.995410136440324,24.859954554650084,37.52156200593515,165.845883127345,1.5093174013432256,6.671206206864256,4.420015432756012,-3.1328125,-2.8001828989483313,3.0643200000000004
2.1563898885825483,2.244862090783479,1.4091261229915457,1.476014088169132,1.0410279248058827,0.6534653730535721,0.684483866291617,0.6277116660203153,0.6575076902180608,1.0474676922712811,0.8671875,-0.13351623228166432,0.40432
2.4659468956995365,0.51986095620566,3.999869033493455,1.2080396138653482,0.210815957599195,1.6220418373440995,0.4898887384688198,7.694113177276355,2.3237744620841285,0.3020197920856063,-1.1328125,2.533150434385001,1.10432
2.3998328228018755,5.010688618477052,0.2622394706352914,1.3907950677163212,2.087932363816462,0.10927405781921057,0.5795383138782673,0.05233601418940226,0.27756565486582546,5.303530640704215,2.8671875,-1.911294010059442,1.80432
1.478525060959504,0.4684707811261417,8.47684337424822,4.775790771647369,0.3168500781597322,5.733310579630681,3.2301047156739235,18.094710952668198,10.194426128705404,0.5633925933037445,-2.1328125,0.7553726566072241,2.5043200000000003
15.205707771233023,1.2914500033089789,8.979892662211835,0.0703388798989531,0.08493192311325447,0.590560649810756,0.004625820840252105,6.953341313410023,0.0544650429507371,0.007832931032120818,1.8671875,3.42203932327389,3.20432
0.6643665725190213,2.645709828330344,0.7123325798643781,2.8514677515335767,3.9823042545606033,1.0721981046750868,4.292009666774644,0.2692406295795172,1.0777704043731366,4.00300060973832,-0.1328125,-3.392775491540924,0.5443199999999999
2.9298243002439475,3.5670097161199235,0.441493208588474,0.7151732245607236,1.2174824667209299,0.15068931217196666,0.2441010624770829,0.1237712380185821,0.20049657317408867,1.6198963215023157,3.8671875,-0.7261088248742569,1.2443199999999999
1.0585348232633949,0.21569670353167064,6.082169744933669,2.5074952373299304,0.20376911443186305,5.745838125743214,2.3688358495372723,28.19778719539229,11.625097631414457,0.41226985475349914,-3.7578125,1.9405578417924092,1.94432
0.8496593227836189,6.8428074943550055,0.5759430498472947,6.358320264291069,8.0535896104063,0.6778517394011683,7.483376094150538,0.0841676534554597,0.9291975946329608,11.03984198780923,0.2421875,-2.5038866026520346,2.6443200000000004
1.6196237717118844,1.0590125140487292,21.631560202376946,14.302712896799974,0.6538632814270137,13.35591671361625,8.83088600365659,20.42616108442095,13.50570716309954,0.6611965462957381,-1.7578125,0.16278006401463152,3.34432
3.5607502506397486,1.3839064391795801,1.778850591637196,0.3904822114346308,0.3886558567063046,0.499571850431688,0.10966290358737577,1.2853835644349991,0.28215940065003237,0.2195137766321587,2.2421875,2.8294467306812976,0.68432
0.3649860893139279,1.2546174365714344,2.36474712190521,4.33677122967926,3.437439051251968,6.479006162536975,11.882017853971316,1.884835211893349,3.456648300322213,1.8339259997429436,-2.7578125,-1.6149977137631457,1.38432
6.307345734961367,3.034876689392171,2.7443632802230797,0.8048648889224569,0.4811654247158151,0.43510589010701967,0.12760754249780898,0.9042750533540538,0.2652051372418878,0.2932792807434125,1.2421875,1.0516689529035208,2.08432
5.638918419431838,0.234937355986724,13.034202022361471,0.6149318120700321,0.0416635493744908,2.311471997439318,0.10905137587218205,55.47947863641582,2.6174288439033133,0.04717832445860939,-0.7578125,3.718335619570187,2.7843200000000006
1.8577760673382875,13.519319822376666,0.035546835009529085,2.619517161108734,7.277152537413379,0.019134079523620146,1.410028478223333,0.0026293360521505906,0.19376101723498015,73.69199424946036,3.2421875,-3.886602652034751,3.4843200000000003
0.5467149068726364,0.9597509187641537,2.0513009813128944,2.803714040434806,1.7554870128824547,3.752048747027798,5.1282926534285345,2.137326405432673,2.921293416467968,1.3667979813670956,-3.2578125,-1.219935985368084,0.017920000000000002
3.096125820016218,1.513941797843935,2.3126180045224713,0.9314261746900655,0.488979416810653,0.7469392844346222,0.3008360218013319,1.5275474974110388,0.6152324851698703,0.4027583340044064,0.7421875,1.4467306812985816,0.71792
0.3922579222666936,2.5528342368281933,1.0881709776967163,4.253865223251841,6.508050167798875,2.774121097181757,10.844561656449264,0.4262599435554149,1.6663303718995555,3.909188271365048,-1.2578125,-2.997713763145862,1.41792
4.592251981487052,5.170169471941934,0.5594083700229194,0.7996079205770656,1.1258462063459642,0.12181569571488829,0.1741210900012805,0.10819923274445464,0.1546579710619679,1.429381402613452,2.7421875,-0.33104709647919517,2.1179200000000002
2.6355068180263967,0.11057781656736664,14.79829238137047,2.3380482012029162,0.04195694574228914,5.614970251699896,0.8871341880852227,133.82695409214378,21.14391723206545,0.15799445915437368,-2.2578125,2.335619570187471,2.81792
1.450297142155832,2.900639638521442,0.5987456898993114,1.6596802115491782,2.000031272356857,0.4128434597956184,1.1443725311918518,0.20641850230127629,0.5721773189292744,2.771928449001912,1.7421875,-2.108824874256973,0.15792
2.2217792253081754,1.5410996732109121,2.6640901526350866,1.8583515054594768,0.6936331277456929,1.199079603539618,0.836424917602563,1.7286942557611482,1.2058606836166308,0.6975557879005546,-0.2578125,0.5578417924096941,0.85792
4.736543540578389,1.6724486055668646,1.407344822824385,0.20914277594801886,0.3530947390726695,0.2971248571384464,0.044155146924392034,0.8414876356379127,0.12505184030879765,0.1486080543702804,3.7421875,3.22450845907636,1.55792
0.14154618491946327,1.5435400287994334,1.5972184507208087,5.974724554275157,10.904850806665502,11.28407983323317,42.21042451744387,1.03477617743618,3.8707933988095546,3.740705945125304,-3.5078125,-3.5903063557384547,2.2579200000000004
4.668274201676579,12.37100749328729,2.0977064599844497,7.783761786874519,2.6500173209286477,0.44935373745421225,1.6673745908239566,0.16956633977650562,0.6291938462649961,3.7106058141863274,0.4921875,-0.9236396890717877,2.9579200000000005
1.698370194117345,0.6808409783773398,3.0981106980844078,1.546342952047739,0.4008790196245629,1.8241669035498576,0.9104863930159728,4.550417493183487,2.2712248544926967,0.49912449965195177,-1.5078125,1.7430269775948792,0.29792
1.5462861344780472,3.794177799671047,0.3376904983452776,1.651896651001587,2.453735899890082,0.21838810477290213,1.068299465518514,0.0890022861803037,0.4353767109029011,4.891747499844003,2.4921875,-2.7014174668495654,0.9979200000000001
0.7685070090880856,0.7706357222692459,4.1749864522127735,4.109382534968552,1.0027699333330562,5.432593851247804,5.347228439522975,5.417587495060487,5.332457886675553,0.9842864358974265,-2.5078125,-0.03475080018289889,1.69792
7.723050794441227,1.4856034793504327,3.553719120074928,0.22921934157075735,0.19235966703983307,0.460144470710042,0.02967989563602782,2.392104736876869,0.15429375654867308,0.06450125455213929,1.4921875,2.6319158664837667,2.39792
0.6886104929808851,8.102244556045026,1.946951734166076,13.478191088028652,11.766077686344424,2.827362861896037,19.573026007320497,0.24029782373249517,1.6635132394235956,6.922714544745337,-0.5078125,-1.8125285779606766,3.0979200000000002
3.0268132343182845,2.3303948203513927,0.8815429038239864,0.5334745709740042,0.7699169522351639,0.29124456501939816,0.1762495832003841,0.3782804939855906,0.22892025261777887,0.6051600763387469,3.4921875,0.85413808870599,0.4379199999999999
1.6390184854306007,0.2682274922258933,4.310589715365357,1.3461873398127042,0.16365129167864448,2.6299823666923965,0.8213374966658998,16.070648387284272,5.01882684970631,0.3122977199648897,-3.0078125,3.520804755372656,1.13792
0.9086601882957143,4.628128596056711,0.34780209135879186,3.262258598184273,5.093354650804327,0.38276365118530226,3.590185462293638,0.07514961698668625,0.7048763945245178,9.379640546263808,0.9921875,-3.2940100594421584,1.83792
1.4025532625201078,3.208788885897244,5.080310150688351,8.301559613129141,2.2878196298454236,3.622186968899883,5.918890807906218,1.5832484876198984,2.587131752299077,1.6340655131073702,-1.0078125,-0.6273433927754914,2.53792
16.93205338265726,3.942592373527394,2.146649155983327,0.05840682351511458,0.23284785869891092,0.12678020246392818,0.0034494825993720327,0.5444765658243143,0.014814319610439117,0.02720836954297725,2.9921875,2.039323273891175,3.2379200000000004
0.4655047688608643,1.6484520431847782,1.4724773276281802,3.3997766276526877,3.5412140829807215,3.1631841951511612,7.303419545995788,0.893248507723271,2.0624055408274926,2.308882156527965,-2.0078125,-2.4051211705532696,0.57792
3.680236727148534,3.183186962085778,1.148919585204301,0.8872757368916366,0.8649408171501312,0.3121863266916771,0.24109202822371223,0.36093374309734966,0.2787381788942271,0.7722696595287487,1.9921875,0.2615454961133965,1.27792
4.626148360934982,0.6404700676856846,4.863851044376571,0.6379052729347846,0.1384456393776875,1.05138241683921,0.13789122681873064,7.594189470792791,0.9959954494670333,0.1311523044424459,-0.0078125,2.9282121627800626,1.9779200000000001
4.062579956392859,6.448014898831016,0.16085496367996088,0.816749432338126,1.587172429353531,0.03959428870485125,0.2010420572899476,0.02494643176291712,0.12666680290800778,5.077551936557838,3.9921875,-1.5162322816643803,2.6779200000000003
0.660712733051843,0.10368563993777388,26.423976277012184,6.392135502957948,0.15692998598475347,39.99313915891919,9.674606199024755,254.8470192484738,61.64918793763666,0.24190664705216425,-3.99609375,1.1504343850022858,3.3779200000000005
2.4981558616023047,0.6884346444758769,2.603476871301639,0.6770442988420313,0.27557713874358436,1.0421595030631041,0.27101763714926036,3.7817342462242483,0.98345471756071,0.2600538942001567,0.00390625,3.817101051668952,0.04592
0.3530344434800471,1.9042100060330425,1.039502336080239,3.4360492192447953,5.393836327306305,2.9444785212267535,9.732900805297756,0.5458968983393742,1.8044486733913172,3.305475225963867,-1.99609375,-3.7878372199359855,0.74592
2.644503612286517,4.361027513705808,0.5845201000065191,1.518136508408841,1.649091153986034,0.2210320671489367,0.574072389750383,0.13403265587513338,0.34811440735873644,2.597235763820456,2.00390625,-1.1211705532693186,1.44592
1.2399431106387893,0.2382285193283709,6.855411079827991,2.9521776270397373,0.1921285882266334,5.528810976090867,2.3808976409561606,28.776617926162682,12.392209108139973,0.4306346610966195,-2.99609375,1.5454961133973475,2.1459200000000003
1.0878189059469578,7.843039268116651,0.2158203501187313,5.158384714958169,7.209875858233225,0.1983973149748279,4.741951704238621,0.027517438424167963,0.6577022680388609,23.901289716749776,1.00390625,-2.8989483310470963,2.8459200000000004
1.2437067251485654,1.3843064800193643,2.0951618597837114,2.2505179847591874,1.1130489624505355,1.6846108631706853,1.8095246566189909,1.513510115010372,1.6257367983480844,1.0741499394187684,-0.99609375,-0.23228166438042974,0.18592
3.782945066913472,1.7325764904184886,1.4221450700682712,0.3379444581934706,0.45799673528754364,0.375935955958411,0.08933369430849324,0.820826715549375,0.19505312467436464,0.2376300880312072,3.00390625,2.434385002286236,0.88592
0.25797064233669104,1.111210542841049,2.290791242025971,4.453522511282611,4.30750775660259,8.88004627687882,17.263679583625198,2.061527634690245,4.007811606877147,1.944097929824424,-3.49609375,-2.010059442158208,1.58592
6.28058474897972,3.424007207990414,4.2264325812716645,1.9353072323364091,0.5451733150399162,0.672936159639952,0.30814124953107264,1.2343527114687949,0.5652170438835792,0.45790562019425535,0.50390625,0.6566072245084591,2.2859200000000004
4.8016247615979655,0.12071122816725935,20.304300295485447,1.0573106456038497,0.02513966296006168,4.228631203727849,0.22019851573157503,168.205564666706,8.75900826838431,0.05207323720674763,-1.49609375,3.323273891175125,2.98592
1.2169435941709263,3.1164987532832606,0.37629258892766443,1.6481940922310745,2.5609229287298683,0.30921119986996876,1.3543718050087183,0.12074209512557534,0.5288608219383006,4.380086509085914,2.50390625,-3.4915409236396893,0.32592
0.60004031423313,1.0724738268076122,2.6834164374831637,3.616684126419644,1.7873362861931483,4.472060249672812,6.027401893890876,2.502081048887484,3.3722819485350755,1.3477908519528234,-2.49609375,-0.8248742569730223,1.0259200000000002
5.290287943044279,1.9281512173571833,2.5148973406854425,0.4672001683194862,0.3644699944721033,0.47538004882929924,0.0883128051534067,1.304305034815932,0.24230473425204335,0.18577305751659406,1.50390625,1.8417924096936442,1.7259200000000001
0.47407974482619125,4.776537449055752,0.9452354437910425,6.559572605264083,10.075388162400701,1.9938321645392971,13.836432956377363,0.19789134993129825,1.373290312328821,6.939617688219241,-0.49609375,-2.6026520347508004,2.42592
10.036177380800428,7.877520850801011,0.39310807897472994,0.33864990830493374,0.7849124773213947,0.03916910433715131,0.03374291779186599,0.04990251202378696,0.042989401706312054,0.8614676889576292,3.50390625,0.06401463191586654,3.1259200000000003
1.1905232010555242,0.34673252971833973,3.402990577734793,1.6380479992698482,0.291243824069052,2.858399210294838,1.3759059863911483,9.814454330256046,4.724240902924451,0.48135543189197366,-3.74609375,2.7306812985825317,0.46591999999999995
1.2478077616873873,3.3346179811878027,1.0265997942062337,3.0361947360513044,2.6723811820808527,0.8227227187767946,2.4332231528561055,0.30786129025806885,0.9105075163571814,2.957525175035602,0.25390625,-1.7137631458619111,1.16592
1.7677500350289763,0.6351181589789512,5.613312203726861,3.157284080431052,0.35928052405245214,3.1753992886414224,1.7860466796026955,8.838217148051807,4.971175891910987,0.5624636517339671,-1.74609375,0.9529035208047549,1.86592
8.262488782342952,1.2586584839932133,3.4047637645901254,0.12467468078293735,0.1523340626716472,0.4120748426147519,0.01508924055054317,2.7050735428948047,0.09905362127095438,0.03661771840959017,2.25390625,3.619570187471421,2.56592
0.05031133352024496,2.0330584423415,1.9279437669189794,13.697489953210642,40.40955188602604,38.32026766182191,272.2545596550101,0.9482972681781551,6.73738131080731,7.104714457051002,-2.74609375,-3.195244627343393,3.2659200000000004
2.212242163567208,2.743477359188722,1.104559594966178,1.500631404016534,1.2401342874529182,0.4992941609905363,0.6783305321316125,0.40261297993463635,0.546981515626682,1.3585789402902104,1.25390625,-0.528577960676726,0.60592
2.8605725427134954,0.6706800877630336,4.172196016382234,1.2593343664852978,0.23445659138112146,1.4585178156064356,0.44023857031456803,6.220843726400246,1.8776975632087785,0.3018396934229574,-0.74609375,2.13808870598994,1.30592
2.282839219640256,5.178222509074011,0.19150772996937618,1.3562388445780342,2.268325541511429,0.0838901523689238,0.5941017803223825,0.03698329487266901,0.26191204456769507,7.081901314348561,3.25390625,-2.3063557384545037,2.00592
0.607084572415795,0.3495278523482102,8.416483194085147,5.755814378555747,0.5757482041708301,13.863773807647773,9.481075026583879,24.079578029450975,16.467398348620385,0.6838740416663294,-3.24609375,0.3603109282121624,2.7059200000000003
18.861411976085336,0.8046397726956453,24.384220511640187,0.16049181084910813,0.04266063292164235,1.2928099201988326,0.008509002987294805,30.304518045323505,0.19945796404202118,0.006581789677160066,0.75390625,3.0269775948788284,3.4059200000000005
0.8219882850595613,1.6233685046833888,1.5807398781233974,2.670348773572183,1.974929003478145,1.9230686213598007,3.248645780126525,0.9737406347129388,1.6449430710699848,1.6893030982063497,-1.24609375,-1.4174668495656149,0.07392
3.501272941451455,2.236183886221684,1.179321222697513,0.5097446138955904,0.6386773963684969,0.3368264178252337,0.14558836812198805,0.5273811469458917,0.2279529054101488,0.43223559797357786,2.75390625,1.2491998171010517,0.77392
2.165396635979338,0.25864488016420706,4.931028837425398,1.0758537035703224,0.11944457466436881,2.277194281866636,0.49683909436930895,19.064861575047658,4.159578580822053,0.21818037148856953,-2.24609375,3.9158664837677177,1.4739200000000001
0.9595862558981929,4.907203869035091,0.19679346629046707,2.8857528671330877,5.113874692214974,0.20508158081762462,3.007288661540866,0.0401029734126703,0.5880645973040685,14.663865226469042,1.75390625,-3.9524462734339276,2.1739200000000003
1.669871580028067,8.273552067034679,2.60029315546111,10.612414546523155,4.954603794679598,1.5571815141721284,6.35522795492141,0.31428981583638965,1.282691455923447,4.081237734382013,-0.24609375,-1.285779606767261,2.87392
2.9739743710760744,2.0523078092697404,0.9524760965032024,0.47287203797354077,0.6900892721974444,0.32027044542370003,0.15900340049078543,0.46410002057250654,0.2304099004241473,0.4964660422551096,3.75390625,1.380887059899405,0.21392
0.28022093161134276,1.2044305706910474,1.6323000913355947,3.601040504263298,4.298146336768137,5.825046979715068,12.850719193446345,1.3552463139482214,2.9898282158324703,2.2061142576527235,-3.87109375,-3.063557384545039,0.9139200000000001
2.4314230215237314,3.200818100008404,2.2439898128434113,2.9877642685570716,1.3164381811283936,0.9229121353951567,1.228813021061506,0.7010675842021511,0.9334376947409873,1.3314517969095443,0.12890625,-0.39689071787837227,1.61392
2.5874850740278585,0.2248747657670469,8.312106866107879,1.9524956929525192,0.0869086233672418,3.2124269815279276,0.7545920602792615,36.96327081322494,8.682591336082394,0.23489780923218206,-1.87109375,2.2697759487882934,2.3139200000000004
2.8712604859590183,10.193380724839832,0.09747973774387376,2.8045516131806947,3.5501414012024695,0.03395015472144282,0.9767666942429842,0.009563042956526619,0.2751345886989581,28.770610981223637,2.12890625,-2.17466849565615,3.0139200000000006
0.9010888455230487,0.6677609596043166,2.9135304124829626,2.424111797539318,0.7410600662986857,3.2333442223355524,2.6902028690991187,4.3631337989710905,3.6302089283202954,0.8320187038903936,-2.87109375,0.49199817101051657,0.35392
3.7402608059716154,1.0016653041386532,2.6288186902979396,0.44912438840417146,0.267806272369942,0.7028436856865242,0.1200783612969207,2.6244481858723256,0.44837770315942027,0.170846468058727,1.12890625,3.1586648376771826,1.0539200000000002
0.36102802120729943,3.090256171849548,0.7615697595828576,4.42874872774157,8.559601998525059,2.109447784790007,12.26704983433576,0.24644227443676642,1.433133203675772,5.815289633043431,-0.87109375,-3.6561499771376313,1.75392
4.3482429478251685,6.394670629427504,0.275000066635697,0.9278595428796974,1.4706332433945266,0.06324395162263,0.21338723572098903,0.04300457092663691,0.14509887946531594,3.374033883813083,3.12890625,-0.9894833104709648,2.45392
1.2177255571351497,0.08720052215306817,21.314291441909045,4.417028774368714,0.07160933893694259,17.503362163190168,3.627277713346447,244.42848409204274,50.65369639203817,0.20723319780097257,-3.37109375,1.6771833561957017,3.1539200000000003
0.9662643044194151,2.914835840351015,0.6568838958475559,2.431611453974154,3.0166030422725894,0.6798180299563564,2.516507587885284,0.22535879611266602,0.8342190048278433,3.7017370487317627,0.62890625,-2.7672610882487425,0.49391999999999997
1.2496426209321936,1.3245765191816272,3.17507538397022,3.2465810114942424,1.0599642625773562,2.540786726369588,2.598007588019362,2.3970494252245236,2.4510331902154667,1.0225209227740002,-1.37109375,-0.10059442158207599,1.19392
5.721750787747309,1.8513313499250068,1.838875035611277,0.2112912262618715,0.3235602910020987,0.32138328001790767,0.036927722667393255,0.9932716991400625,0.11412934063393375,0.1149024388118001,2.62890625,2.566072245084589,1.89392
0.16829042841025063,1.9084450285056869,2.912205717692719,8.376024607158202,11.3401875943495,17.304642606253747,49.77124775474169,1.5259573496717258,4.3889263154289715,2.876178889516897,-2.37109375,-1.8783721993598537,2.5939200000000002
21.46481764819907,8.793439289163627,3.261629454280727,0.5372936857570919,0.4096675514921698,0.15195234861705811,0.025031365025463964,0.37091624187365607,0.06110165409559513,0.1647316757738745,1.62890625,0.7882944673068124,3.2939200000000004
2.6684264978228467,0.6051706345518519,3.1091804117959154,0.7473668497246903,0.2267893213643348,1.16517371354717,0.2800777350751323,5.13769213884339,1.2349687956656044,0.24037423074237058,-0.37109375,3.4549611339734785,0.6339199999999999
1.5772843822883469,3.898674637081675,0.22933914628768481,1.3922778441923986,2.4717639259354245,0.14540126616543067,0.8827056552556883,0.058824900161290446,0.357115680018525,6.070825093444425,3.62890625,-3.3598536808413355,1.33392
0.3529348680871627,0.676586059975989,3.8629723973538566,4.837714700919054,1.9170281010854833,10.945284092474072,13.707103316650217,5.70950633758394,7.150183823016894,1.2523296061429012,-3.62109375,-0.6931870141746685,2.03392
9.362812485251661,1.3744953938710838,7.526787870301964,0.7260074516582883,0.14680368703700886,0.8039024472783355,0.07754159904429338,5.4760371725246495,0.5281992612675003,0.09645647840333806,0.37890625,1.9734796524919975,2.7339200000000003
0.06458873515323434,4.216788207670669,2.2570777717815633,19.778371608636537,65.28674385195032,34.945378113176105,306.2201413561219,0.5352599325893962,4.690387715621601,8.762822378523985,-1.62109375,-2.4709647919524462,3.4339200000000005
2.523767565930774,2.3252669340998326,0.9702010628194777,0.8531281239727275,0.9213474986719968,0.38442568004936867,0.33803751799072307,0.41724287590020975,0.36689470420005527,0.8793312609795259,2.37890625,0.19570187471421985,0.10192
1.6069023693534823,0.34883623326352803,3.795969216334525,1.4589430344979029,0.21708614033836918,2.3622898868845326,0.9079226357011914,10.881808867219545,4.182315067585728,0.3843400595083571,-2.62109375,2.862368541380886,0.80192
2.0124890835437594,4.527608942713472,0.6164995103549614,2.2604454215325305,2.2497557774280588,0.3063368220956396,1.1232087865799245,0.1361644784599005,0.4992580963005625,3.6665810492388475,1.37890625,-1.5820759030635574,1.5019200000000001
4.006770508690424,1.2276893035196619,6.587018141392612,2.6227637808387683,0.3064036986537871,1.6439719038327247,0.6545829802705606,5.3653787831402395,2.1363416406085545,0.39817163465171046,-0.62109375,1.0845907636031091,2.2019200000000003
10.565805097316929,1.7737538250762028,3.2375602691042764,0.0761443651702629,0.16787682611395396,0.3064187006370598,0.0072066789486396,1.8252590767296508,0.042928372637613135,0.02351905720393878,3.37890625,3.751257430269775,2.9019200000000005
0.34776339311120724,1.453646026176232,1.2183416581865767,3.0924959935556755,4.17998574597352,3.503363730399816,8.892528813597012,0.8381281524164341,2.1274064922740403,2.5382830610574847,-3.12109375,-3.853680841335162,0.24192
1.807750515473519,3.249658258947939,0.9904770071839794,2.151016794284828,1.7976254085574022,0.5479058081886569,1.1898858696889347,0.3047942055004398,0.661920923026906,2.171697857379218,0.87890625,-1.1870141746684957,0.9419200000000001
2.586954930660261,0.7044254502623073,5.040151851288632,2.027227055239105,0.272299081021299,1.9482951912124147,0.7836344697051612,7.154982616559109,2.877844709449702,0.4022154718851968,-1.12109375,1.47965249199817,1.64192
1.8503098884669544,5.829923107265314,0.13474236466924364,1.8558013174565589,3.150782008788596,0.07282151249858061,1.0029678428590976,0.023112202715216988,0.31832346384531884,13.772960879913704,2.87890625,-2.9647919524462734,2.3419200000000004
0.6501629196167711,1.1158122142767644,10.09659860816365,11.08419649618618,1.7162040168862036,15.529336268692376,17.048336904109505,9.048653957160665,9.933747233059838,1.097814910382196,-2.12109375,-0.29812528577960684,3.04192
3.221439955247968,1.41905382767328,1.7969470608285998,0.5145832765512873,0.4405029574931343,0.5578086463791566,0.1597370380015907,1.2662994354308066,0.36262421235635034,0.2863652957667017,1.87890625,2.3685413808870592,0.38192000000000004
0.9274180353086048,3.0349356523640365,1.0284693138761656,3.301438087054386,3.2724570116367646,1.1089597945266778,3.5598165674617377,0.33887681047703544,1.0878115601834129,3.210050161449835,-0.12109375,-2.0759030635573845,1.0819200000000002
4.435513864685643,3.417408999252858,0.6626225608880608,0.3860796815371128,0.770465182503732,0.14939025806314837,0.087042830507413,0.19389618305357328,0.11297438545445417,0.5826539938810424,3.87890625,0.5907636031092824,1.78192
1.4723775907228474,0.12101203026441953,10.991393759992482,1.9225908171243555,0.08218817715434668,7.4650645522228976,1.3057729411519234,90.8289344123517,15.887600703197554,0.1749178365461152,-3.93359375,3.2574302697759485,2.48192
0.38251794974194525,6.644515584057909,0.33277225280718536,9.00477159677782,17.370467421307787,0.869951993185367,23.54078181913458,0.05008224431072161,1.3552186736355678,27.05986307697162,0.06640625,-3.557384545038866,3.1819200000000003
0.7531037289674688,1.2688536805867279,2.206137177774008,3.0480700561722283,1.6848325559699064,2.9293935123634274,4.047344262059674,1.7386852491564455,2.402223442156685,1.381632151835513,-1.93359375,-0.8907178783721994,0.5219199999999999
4.2509176991305155,1.971248451243516,1.7474333359437004,0.456441644977965,0.46372303365146683,0.41107202247202324,0.10737484874650145,0.8864602200911675,0.23154952623553338,0.26120690019425774,2.06640625,1.7759487882944676,1.2219200000000001
0.19267846801633087,1.5773631745475574,1.882775566318465,5.355623733607781,8.186504650918568,9.77159298442671,27.79565246052223,1.1936221136001293,3.3953016147622193,2.8445364542732205,-2.93359375,-2.668495656149977,1.92192
7.65373383070608,7.376507204717921,2.4136887464761703,2.3054215423336495,0.9637789042420118,0.3153609466784266,0.30121527522743335,0.3272129585845731,0.31253565926962434,0.9551445047334359,1.06640625,-0.0018289894833105613,2.6219200000000003
8.719059239869145,0.16575794871885016,35.02155283300733,1.1927989565203827,0.019010990080317182,4.0166664624626325,0.13680363026622633,211.28128758644945,7.196028701727872,0.03405899681855872,-0.93359375,2.664837677183355,3.3219200000000004
1.9950474528398021,3.3707978528209215,0.42547340157628777,1.1717244307581318,1.6895827956487153,0.213264802784845,0.5873165718891894,0.12622335131138807,0.347610412109866,2.753931095145182,3.06640625,-1.7796067672610882,0.66192
0.840080389012653,0.4162043646049385,4.072699868047443,2.87153025780448,0.49543397280598794,4.84798826554455,3.418161279992967,9.785336758573525,6.89932759482265,0.7050679772239553,-3.43359375,0.8870598994055783,1.36192
5.2068580981655685,0.6845521990763548,4.416338706892923,0.37845969113874095,0.13147126081994243,0.8481772738244675,0.0726848483295668,6.451427243754023,0.5528573155551687,0.08569534998483008,0.56640625,3.5537265660722444,2.06192
0.15758575229179983,3.5260822263805807,1.0855011046211487,8.505451247000755,22.375641040513436,6.888320097689656,53.973478714314865,0.30784906162990516,2.412153404525495,7.835506763458566,-1.43359375,-3.2610882487425696,2.7619200000000004
12.805804119361838,15.720660328715592,0.25412976168164136,0.997534265050341,1.2276199278221516,0.0198448890294525,0.07789704229054317,0.016165336338795144,0.06345371276982749,3.92529492983979,2.56640625,-0.5944215820759031,3.4619200000000006
1.4001080393201877,0.5145484268903727,3.122133515897303,1.6015636154563841,0.36750622983366915,2.22992328321551,1.14388573629933,6.0677155982492,3.112561484514276,0.5129708922765571,-2.43359375,2.0722450845907634,0.12992
1.4010153931957297,3.537329147081126,0.5012525074834546,2.0162927970016846,2.5248324638407036,0.3577780158004495,1.4391653416473185,0.14170366585678626,0.5700042922682089,4.022509148382142,1.56640625,-2.372199359853681,0.82992
2.4541584919926978,1.877922597860823,3.481519277114772,2.7267202388838476,0.7652002117988762,1.4186203900335266,1.1110611836115925,1.8539205402185568,1.451987553688265,0.7831983745738594,-0.43359375,0.29446730681298483,1.5299200000000002
6.6581081103739725,1.9930817768002633,1.55436442961557,0.14312582993599343,0.29934656268119925,0.2334543692965455,0.021496471304361914,0.7798799064386513,0.07181131833224161,0.09207996992789633,3.56640625,2.961133973479651,2.2299200000000003
0.1332953185580325,0.8794452465472682,4.779850531919558,9.06704829050134,6.597720430552,35.85910280741454,68.02225605960676,5.435074611734401,10.309963384416346,1.8969313433447614,-3.68359375,-1.483310470964792,2.92992
2.410118666126362,1.3772882074167563,2.195345914692316,1.1623302113332927,0.5714607445576065,0.910887063590426,0.4822709469328479,1.5939626164446075,0.8439266415511979,0.5294519663413484,0.31640625,1.1833561957018741,0.26992000000000005
2.2026025008293684,0.35780118376294306,3.8045543262879544,0.9581036019227195,0.16244473690927735,1.7272995580706856,0.4349870671453224,10.633151870197883,2.677754142248729,0.25183070597851775,-1.68359375,3.85002286236854,0.9699200000000001
1.175462620326233,4.3414528598693085,0.2230155664327416,2.130335315371404,3.693399334692922,0.18972578334379256,1.812337779639611,0.05136887895160863,0.4906964060495487,9.55240636089806,2.31640625,-3.7549154092363968,1.6699199999999998
0.29971577254651566,1.1704202556685641,3.9527794224307122,6.738355717719164,3.905100641598419,13.188426450987805,22.48248619172478,3.377230873514588,5.757210442218552,1.7047133162759427,-2.68359375,-1.0882487425697303,2.3699200000000005
16.149766722136693,3.5610909558515864,5.249634646244948,0.3137893768012281,0.22050417303987144,0.3250594721624806,0.019429963429200062,1.4741647184323514,0.08811608035049182,0.05977356481858809,1.31640625,1.5784179240969358,3.0699200000000006
0.6392402395857864,2.2848867954008196,0.9533370874792868,2.9443364532075265,3.5743788546249466,1.4913596304529082,4.6059936012717095,0.4172360264842139,1.2886137112499814,3.0884526489917956,-0.68359375,-2.866026520347508,0.40992
3.1603133723046968,3.300042785577255,0.6156468666943029,0.6925879133270021,1.0442137841446588,0.1948056392411918,0.21915165736299244,0.1865572377985432,0.20987240418637546,1.1249759412337006,3.31640625,-0.19935985368084141,1.1099200000000002
1.4358958168029377,0.21107338184260915,5.899709584981945,1.9995609711260496,0.14699769953545094,4.108730951050345,1.3925529608256175,27.95098810413326,9.473297644972874,0.3389253220558599,-3.18359375,2.467306812985824,1.80992
1.7234967955878382,7.640395147212168,0.5195481966114472,4.705615826004739,4.433077663255089,0.3014500508161626,2.7302724542634156,0.06800017362989666,0.6158864476691008,9.057130515889197,0.81640625,-1.977137631458619,2.50992
4.74641120148325,1.1572651967927032,22.565391672324854,8.843405412693196,0.2438189924275964,4.7542007454544155,1.8631772590477704,19.49889423345971,7.641641204800946,0.3919012592872084,-1.18359375,0.6895290352080474,3.2099200000000003
3.425470293630289,1.3246650571175753,1.623192002122409,0.3409509556233689,0.3867104203416415,0.47385960553818196,0.09953405704827512,1.2253603228988452,0.25738653993430327,0.21004967691903212,2.81640625,3.3561957018747135,0.54992
0.2888668132990985,1.942517856826977,1.1928708602951006,4.05404681540135,6.724614138404521,4.129483919151273,14.034311415357042,0.6140848878700174,2.0870062023643214,3.398563038415099,-2.18359375,-3.4586191129401005,1.24992
3.5849327462178016,5.45101581325903,0.6973072261439822,1.6284048215608216,1.5205350278913865,0.1945105460847654,0.45423580770903765,0.1279224368507343,0.2987341951200905,2.335275988126048,1.81640625,-0.791952446273434,1.94992
7.149681127510027,0.9436473883504414,8.735051742819364,1.2736612910831808,0.13198454190069306,1.2217400450502978,0.1781423910197168,9.256690423409973,1.3497216299296135,0.14581038883143335,-0.18359375,1.8747142203932325,2.6499200000000003
3.7357733944987954,10.73542381957803,0.047650227899492296,1.3266787290485444,2.873681748305917,0.012755117312431426,0.3551282663456455,0.0044385977396247086,0.12357953922872617,27.84202274639446,3.81640625,-2.5697302240512117,3.3499200000000005
0.636697443298697,0.5898003818464004,2.95787972769343,2.7997348781346125,0.9263432546401862,4.645659816645102,4.397276771882935,5.015052242647989,4.746919405799465,0.9465343881030147,-3.80859375,0.09693644261545487,0.68992
3.8036447120482997,0.8109865120891125,3.6450208174768624,0.6809115213134522,0.21321300318093814,0.9582968687719478,0.17901554242346013,4.4945517134276844,0.839608934505476,0.1868059348381964,0.19140625,2.76360310928212,1.38992
0.36456390330050076,2.159636888096933,2.5029862196181756,6.30718809859612,5.9238911711914595,6.865699530200135,17.300637944391507,1.1589847503594923,2.920485445196298,2.5198652909716244,-1.80859375,-1.6808413351623228,2.08992
10.70547350590954,5.0429112647190335,1.7224804754087777,0.32151015946874506,0.4710591513710525,0.16089717792099056,0.030032315645942043,0.3415647004260239,0.06375487146047533,0.1866553287882375,2.19140625,0.9858253315043433,2.7899200000000004
3.5615049730162456,0.03364652331667227,73.76209136608647,1.5192445561746033,0.009447276803372526,20.71093313780135,0.4265737567924697,2192.264878955159,45.15309180315218,0.02059654936618439,-2.80859375,3.6524919981710093,3.4899200000000006
1.0106686366686555,2.7377736846672325,0.5584849635839215,2.0175463386529184,2.708873695429418,0.5525895860633292,1.996249082491678,0.2039923777161309,0.7369295533637743,3.6125347506329932,1.19140625,-3.1623228166438047,0.02352
1.2831410172953819,1.7186747152228856,2.1671441813099404,2.714296888863337,1.3394277729859547,1.6889368760713999,2.1153535365774223,1.2609391190286376,1.579296457218977,1.2524763752555992,-0.80859375,-0.4956561499771377,0.7235199999999999
4.521296572781504,2.057255198847663,1.3368907406422437,0.2768740821125355,0.45501443352167403,0.29568746909689836,0.061237761702989196,0.6498419551405585,0.13458421797530123,0.20710299929186804,3.19140625,2.1710105166895284,1.4235200000000001
0.1787733582559214,1.3100575287864176,2.362978689379511,5.816217462692227,7.3280355729012845,13.217733964569879,32.53402810930068,1.803721315634494,4.439665690162574,2.4613922625851075,-3.30859375,-2.2734339277549154,2.12352
10.635894866890661,6.839034022861613,5.083588751273091,2.693367835273519,0.6430144438670032,0.47796530662391234,0.25323377759758814,0.7433197048412982,0.3938228449032559,0.5298162316137424,0.69140625,0.3932327389117507,2.82352
1.995388556685153,0.5453062508923908,3.047282629930773,1.0542124820725727,0.2732832405325021,1.5271625266775526,0.5283244100707319,5.588204105388323,1.9332484825680238,0.3459516592645434,-1.30859375,3.0598994055784168,0.16352000000000003
2.2253845110420616,3.5370996679554394,0.48949067893736237,1.2022429231708163,1.589433039730807,0.21995779898196233,0.5402405369523545,0.13838758443024143,0.3398951220013974,2.4561099422378607,2.69140625,-1.3845450388660265,0.86352
1.4379624098451447,0.4457992239746424,4.882488705314804,2.630931950542012,0.31002147269110525,3.395421654896113,1.8296249836081175,10.952214456058645,5.901607291024945,0.538850596352251,-2.30859375,1.28212162780064,1.56352
6.420465414323966,0.9276800117519454,3.688651263769988,0.19394551024729964,0.1444879696232464,0.574514622497718,0.030207391167408205,3.9762107807021563,0.20906509549669935,0.05257897707821734,1.69140625,3.948788294467306,2.26352
0.28791426016922966,4.911366402074373,0.42626784650741106,7.7376899627526265,17.0584339906873,1.4805374567305567,26.874979927026132,0.0867921086741506,1.5754658335986749,18.152178322035603,-0.30859375,-3.9195244627343393,2.96352
2.1598652629880246,2.940215289705137,0.4882389536173988,0.904668321834256,1.3612956975091826,0.2260506532439685,0.41885405415646615,0.16605551142017305,0.3076877822524968,1.8529212286965246,3.69140625,-1.2528577960676723,0.30352
0.9611979539908918,0.38527499011397714,3.7677136017712463,2.3401273127047606,0.40082793405283085,3.919810259819746,2.4345945629498655,9.779284143662247,6.0739144059480035,0.6211001047437998,-3.55859375,1.4138088705989933,1.0035200000000002
0.7962184816122344,4.2220744988140595,0.5152191659256182,3.627040629030946,5.302658248104128,0.6470826510863819,4.555333382473967,0.12202986140352057,0.8590659947023074,7.039801445497039,0.44140625,-3.0306355738454505,1.7035200000000001
1.0567760538331963,1.7006843629243815,5.60668600937097,6.9720270071068935,1.6093138718989382,5.3054627695566055,6.597449839838416,3.2967234435730877,4.099542019142381,1.2435201463848524,-1.55859375,-0.3639689071787835,2.40352
15.079277117492056,2.90005831322277,3.0901121274404675,0.0687289796638974,0.1923207784183954,0.20492442067106242,0.004557843133220979,1.0655344802382596,0.023699171616835674,0.02224158115609399,2.44140625,2.3026977594878817,3.1035199999999996
0.45183137559572917,1.3611250193919717,1.6821647409012939,3.283389096432049,3.012462376251229,3.722992319166412,7.266846159373012,1.235863507712711,2.412261217488142,1.9518831994260137,-2.55859375,-2.1417466849565616,0.4435199999999999
3.5317133279618416,2.657226853917752,1.5922251720203178,1.0103852410927046,0.7523903010132601,0.4508364706201095,0.28608925676190144,0.5992055852035285,0.38024049004435456,0.6345743421520355,1.44140625,0.5249199817101049,1.14352
3.71785110148021,0.4504792820800812,5.009768249679499,0.7697077459512818,0.12116657439581947,1.347490287517144,0.20703027769047383,11.120973702823735,1.7086418323106183,0.15364138770301883,-0.55859375,3.191586648376771,1.8435199999999998
1.7189541670193225,5.574856282560588,0.10864527812890698,1.7685923869420073,3.24316749656416,0.06320429026755181,1.0288769886219582,0.019488444656192126,0.31724448080833306,16.278594131293794,3.44140625,-3.623228166438043,2.54352
0.15648711380877678,0.899561564371155,8.200144454838187,12.87538268389907,5.748470544804067,52.40140389360464,82.27759059849782,9.11571234212364,14.312953325100878,1.5701409596879035,-3.05859375,-0.9565614997713761,3.24352
3.1016644393414317,1.4361146977479502,2.197990932164634,0.7980555620582778,0.463014206028321,0.7086488481105092,0.2572991300850478,1.5305121071537136,0.5557046128068686,0.36308410120342655,0.94140625,1.71010516689529,0.5835199999999999
0.47764079520461356,2.583700728187709,1.1171796856441323,4.045140962481901,5.409296597207308,2.338953659026446,8.469002235768048,0.43239515840821013,1.5656383567764418,3.6208508035568103,-1.05859375,-2.734339277549154,1.28352
4.567718012244327,4.531041949360396,0.6241362149513795,0.6478791951330859,0.9919705938970804,0.13664070620784954,0.1418387022570935,0.13774673064756834,0.1429868013525103,1.0380413435608058,2.94140625,-0.06767261088248722,1.98352
2.902146223605129,0.13074151060623657,12.598928783590221,1.8628674156546547,0.04504993909087935,4.34124534495008,0.6418930240325891,96.36517679174828,14.248477067587078,0.1478591908608128,-2.05859375,2.5989940557841775,2.68352
4.408521591356602,15.79473511868629,0.0775050583430783,3.64967534390906,3.582773678516995,0.01758073692891413,0.827868315551557,0.004907018557809451,0.23106910729963653,47.08951160005158,1.94140625,-1.845450388660265,3.38352
1.992382457910623,1.3472433980951088,2.1207808030170474,1.4039872130798718,0.6761971792845133,1.064444627383978,0.704677562034053,1.5741630695801938,1.042118458375817,0.6620142973203753,-0.05859375,0.8212162780064007,0.05152
3.575857607154977,1.485156489643158,1.3242976729338014,0.28486520311095337,0.4153287554491796,0.3703440736241841,0.07966346381941024,0.8916889783459746,0.19180820681017838,0.21510662514408355,3.94140625,3.487882944673067,0.75152
0.22044926291706743,1.2617507782202337,1.6413290816844546,4.201921895927893,5.723542739604904,7.445382488313963,19.060721003674427,1.3008346101435626,3.330231269486456,2.56007277444665,-3.96484375,-3.3269318701417467,1.4515200000000001
2.5885877257826535,4.667966736005388,2.561508369706255,4.652664433585011,1.8032870547564848,0.9895389459639768,1.797375606491485,0.5487417787167578,0.9967218484437033,1.8163768225822985,0.03515625,-0.6602652034750798,2.15152
2.9031508097947714,0.14620389715919166,14.943668483320362,2.7027712488106093,0.05036042105216266,5.147396557182903,0.9309785904651895,102.21115013814713,18.48631466962705,0.18086397271375199,-1.96484375,2.006401463191586,2.85152
1.4107269231499155,2.9962432572996023,0.5115797916782336,1.6182049411022856,2.12390024471178,0.3626355911149424,1.1470717078888,0.17074040648465258,0.5400779583433125,3.163152586214902,2.03515625,-2.438042981252858,0.19152000000000002
0.7885325204290837,0.6575141057922704,3.2587149357751932,2.9209989402574856,0.8338452616189893,4.132632264807478,3.7043480954571284,4.956114107770525,4.44248863184134,0.8963652844223484,-2.96484375,0.22862368541380818,0.89152
4.607698229613558,1.0610958960557761,3.1058655135546727,0.41624573760789485,0.23028762804737088,0.6740600965560971,0.09033702227561134,2.927035647861382,0.39227909480672896,0.13401924062433096,1.03515625,2.8952903520804742,1.59152
0.6626433330309094,3.621441351550209,2.3249869747632284,7.0983016088104165,5.465144174900021,3.5086551978555534,10.712099941220282,0.6420059719503631,1.960076367320401,3.053050053982901,-0.96484375,-1.5491540923639686,2.2915200000000002
11.80785886807094,5.276898782726624,1.0796774778146963,0.16461705550682532,0.4468971759982354,0.09143719364178714,0.013941312929472618,0.20460454563746938,0.031195795539168198,0.15246873153269422,3.03515625,1.1175125743026975,2.99152
1.4172329819391833,0.33700288129200123,3.3204704321247602,1.2893249266159041,0.2377893300442981,2.342924892688709,0.9097480393461742,9.852943747527455,3.8258572795368746,0.38829586137614497,-3.46484375,3.7841792409693635,0.33152
0.7084188356361787,3.254218037370836,0.48704797159241187,2.8791883465810444,4.593635676624074,0.6875141471288381,4.064245897690535,0.14966666830533273,0.8847558195292938,5.911508751730323,0.53515625,-3.820759030635574,1.0315200000000002
0.6893207460843779,2.0364332722506227,2.6931798757303755,5.087012751193952,2.9542608195363216,3.907005397746597,7.379747062728422,1.322498464560015,2.498001196755096,1.8888499788059576,-1.46484375,-1.154092363968907,1.7315200000000002
7.93773965495528,3.273968576657525,1.6197199679956533,0.22735619634485438,0.41245602891670674,0.20405304764367188,0.028642435533007576,0.4947267910705684,0.06944360980305068,0.1403675949159284,2.53515625,1.5125743026977583,2.43152
0.062191412759788296,2.3571374546294415,2.012630167186397,12.380023879739959,37.901333158868496,32.36186601774261,199.06323607018348,0.8538450582224516,5.252143380703347,6.151166807286259,-2.46484375,-2.931870141746685,3.13152
2.3734629503345577,2.5933543380307995,1.0941483737977264,1.2486019229178573,1.0926458058531086,0.4609923966344189,0.526067585231047,0.4219046960734804,0.4814621375133615,1.1411632579446527,1.53515625,-0.26520347508001807,0.47151999999999994
3.001184553519345,0.7045800055643877,3.7948167989622057,1.0208966263376689,0.23476730370951718,1.2644396675013558,0.340164561069899,5.385927458901497,1.4489435099991275,0.26902395567998444,-0.46484375,2.4014631915866476,1.1715200000000001
2.4569625382208407,4.823676646793206,0.22070195397593134,1.146281235089731,1.9632682923550693,0.08982715468496649,0.46654404259650906,0.0457538865343834,0.23763641699569182,5.193797401606777,3.53515625,-2.042981252857796,1.8715199999999999
0.6109237756129962,0.2809357619187624,7.765565919990125,4.731828351990114,0.459854032750442,12.711186288662963,7.7453661829452205,27.641784965189576,16.843097225046083,0.6093346448594864,-3.71484375,0.6236854138088708,2.57152
13.18176066505512,0.47740897038682256,23.498805176098315,0.2756407689318526,0.03621739026505275,1.7826757572980145,0.020910770263230235,49.221540929694534,0.577368223115945,0.011729990817244578,0.28515625,3.290352080475537,3.2715199999999998
0.4058302659183167,1.9638519305748454,1.038558111016221,3.3197907218760556,4.839096773945684,2.559094769992478,8.18024430574196,0.5288372788432278,1.6904485873862745,3.1965382453444673,-1.71484375,-3.5244627343392776,0.61152
2.8272253958741156,3.997530640350711,0.6107501127467201,1.2244149781854134,1.4139412606382458,0.2160245566688855,0.43308007206367477,0.15278184651841414,0.3062928313359953,2.004772414496765,2.28515625,-0.8577960676726106,1.31152
1.4953690351398783,0.24618814171418713,6.447287740521863,2.531393838051717,0.16463370307193664,4.31150277223627,1.6928221586552565,26.188457720302633,10.282354870652325,0.39262926364239153,-2.71484375,1.808870598994056,2.01152
1.4483415954406964,7.8522966482121825,0.20714919527667428,4.169309870390349,5.4215778052158425,0.143025095687902,2.8786785406944873,0.026380714402051808,0.530966933265266,20.127086976233254,1.28515625,-2.6355738454503888,2.71152
7.2458328090672115,6.492423490870767,25.492595942868213,20.710663301276035,0.8960217081943084,3.5182423628333748,2.8582861138279854,3.9265146487616347,3.189974179965009,0.8124187645577943,-0.71484375,0.031092821216277322,3.4115200000000003
3.0568154179411304,1.5358972417635421,1.315499801567856,0.40368566193315747,0.5024501095973998,0.43034976657304685,0.1320608563944805,0.8565024832373407,0.26283376970560807,0.30686866045288,3.28515625,2.6977594878829434,0.07952000000000001
0.3982662074224443,1.0937033122000523,2.075769824142931,3.4815806048443667,2.7461614664182443,5.21201594676383,8.74184286780682,1.8979277112797537,3.1832952922497335,1.6772479127264912,-3.21484375,-1.7466849565614995,0.77952
4.071375345223849,2.2464068593566413,2.6139040676647074,1.163443547201164,0.5517562663417689,0.6420199185838003,0.28576180001826784,1.1635933431993326,0.5179131030317312,0.4450980284982677,0.78515625,0.9199817101051666,1.4795200000000002
3.5043226981892377,0.25926390935859506,7.0782572670420505,0.8636150542769483,0.07398402820966303,2.019864572032577,0.24644278756725163,27.301359778741585,3.331026892302463,0.12200955993760403,-1.21484375,3.5866483767718327,2.17952
1.8594163401757142,7.295234112135374,0.07880392577520522,2.3103158734224585,3.9234000231739254,0.042381001001506886,1.2424951978232774,0.010802110605897839,0.3166883801000062,29.317268786999616,2.78515625,-3.2281664380429813,2.87952
0.7954320661722606,1.0561678624201811,2.2826843111203234,2.709693273280494,1.327791407131247,2.8697413747787985,3.406567812031954,2.161289310479124,2.5655895901540715,1.1870643961059153,-2.21484375,-0.5614997713763143,0.21952
3.793903578549848,1.6016946519501571,1.9533055205610244,0.49235728746604207,0.42217589846138803,0.5148537594905458,0.1297759095011679,1.2195242820988135,0.30739772207303573,0.2520636338162953,1.78515625,2.1051668952903517,0.91952
0.767683453403891,3.6718304478340134,0.9522418712491943,4.183376018970528,4.783000638548611,1.2404095295098203,5.449350250316761,0.25933710305466723,1.1393162288956649,4.393186379719456,-0.21484375,-2.3392775491540925,1.61952
5.592040175236741,4.4571487094099185,0.5480563619091876,0.370289362787165,0.797052340422648,0.0980065136756614,0.06621722147614734,0.12296120179973638,0.08307763256931752,0.675641026220806,3.78515625,0.32738911751257316,2.3195200000000002
1.554647368094548,0.0717401368354061,22.888211348856903,2.350545748698224,0.04614560080163667,14.72244562888227,1.5119478519293854,319.0433188240146,32.76472351998851,0.10269678625698363,-3.83984375,2.9940557841792392,3.01952
1.2364285552040641,2.4135308432221825,1.1439809640603473,2.324961415979448,1.952018038619179,0.925230139052831,1.8803847631905661,0.47398646977018793,0.9633029644135436,2.032342747843837,0.16015625,-1.4503886602652032,0.35952
1.561235306603151,0.6348504713472065,3.9361820132493244,2.220601687894473,0.4066334322969411,2.5211971549717576,1.422336324641501,6.20017183715153,3.497834195794433,0.5641511699458641,-1.83984375,1.2162780064014624,1.0595200000000002
5.083392330783451,1.088779852746449,2.4412348650417544,0.22176193545343587,0.214183714712149,0.4802373506090394,0.04362479246595117,2.2421749069692423,0.20367931579009388,0.09084006566883228,2.16015625,3.8829446730681285,1.7595200000000002
0.12706713957896185,1.955752585373044,1.377193790875791,6.777816987447515,15.391489820684155,10.83831583396884,53.34043884127615,0.704175876425137,3.465579970666229,4.92146931851714,-2.83984375,-3.7219935985368084,2.45952
6.207586263913558,15.827979461179995,0.764125143582721,5.2696539200796035,2.5497800253203864,0.12309537251617349,0.8489054676072053,0.04827685968741803,0.33293282525442097,6.896323153786043,1.16015625,-1.0553269318701415,3.1595199999999997
2.0802246110302645,0.8546840788207924,3.0888579078555822,1.4334090175204608,0.4108614398122598,1.484867495306565,0.689064541357648,3.6140346876676106,1.6771214686696108,0.46405793347599955,-0.83984375,1.6113397347965241,0.49951999999999996
1.6771235107884641,3.9396184042159637,0.2694763196108906,1.4360559027636368,2.349032959632076,0.16067768287632078,0.856261267298379,0.06840162979300529,0.3645164976452665,5.329061584473266,3.16015625,-2.8331047096479196,1.1995200000000001
0.5141362067183877,0.5891069133507314,4.225863203161995,4.3246897279733885,1.145818764857788,8.219345667434514,8.411564234265626,7.173338331960944,7.341094850466704,1.0233861154656985,-3.33984375,-0.16643804298125264,1.8995199999999999
8.312850397687061,1.111952072690198,5.937598506370216,0.4058148367054266,0.13376303187166505,0.7142674560848916,0.048817772158914245,5.339797147915832,0.36495712960327487,0.06834662806352498,0.66015625,2.5002286236854125,2.59952
0.163372944831274,5.072163599049293,2.976520684827352,18.190202905933113,31.046533465425693,18.21917752600592,111.34158672795753,0.5868345187811489,3.5862807953084586,6.111230134786785,-1.33984375,-1.9442158207590303,3.2995200000000002
3.1845247478649252,2.431863803435879,1.043519216743634,0.6387089083674375,0.7636504646623739,0.3276844425351898,0.20056647661339796,0.4291026558597933,0.26264172667278174,0.6120720137388251,2.66015625,0.7224508459076358,0.6395199999999999
1.9809309013946739,0.2765702912992938,4.606151253606927,1.2572807970408388,0.13961632437788443,2.3252457975005427,0.6346918997303997,16.654540991976347,4.545971988293774,0.2729569064967858,-2.33984375,3.389117512574302,1.33952
1.1038291395611712,5.072482125473943,0.2261126197234376,2.8041870320921816,4.59535080537058,0.2048438581838209,2.5404176530499907,0.04457632656562806,0.5528234427893967,12.401727225672024,1.66015625,-3.425697302240512,2.03952
2.53665924342275,6.531889408119082,4.272867333070301,9.318969588710784,2.5749967895985555,1.684446716345259,3.673717553066594,0.6541548801728277,1.4266882071100875,2.180963943482553,-0.33984375,-0.7590306355738452,2.73952
21.12114060339121,5.006219761246221,1.6282061203735052,0.050256338159875805,0.2370241198262949,0.07708892956813518,0.0023794329626216607,0.325236645218345,0.01003877986917723,0.030866078643867992,3.66015625,1.9076360310928209,3.43952
0.39594956435645606,1.1350532876384036,1.63466695269255,3.0169797399471134,2.8666612867303596,4.1284726638085925,7.6196061608267325,1.4401675855180724,2.6580071374659893,1.8456234983998914,-3.58984375,-2.5368084133516233,0.10752
2.3522983943185665,2.1422779158792364,1.9125760814895671,1.7005779461621524,0.9107169060921073,0.8130669502257677,0.7229431224667354,0.8927768275595582,0.7938176151455115,0.8891557113051918,0.41015625,0.1298582533150432,0.8075199999999999
2.4208006667412096,0.3500511751884493,4.82168346104447,1.2886945913090866,0.14460140398906737,1.9917721964011346,0.5323422985684643,13.77422446431933,3.6814462645792303,0.26727067459337744,-1.58984375,2.7965249199817084,1.5075200000000002
2.8748857959132925,6.2799465847873055,0.2628689370730625,1.6658704605025132,2.1844160187908592,0.091436305903607,0.5794562214855913,0.04185846703057038,0.26526825316284663,6.3372663162536265,2.41015625,-1.647919524462734,2.20752
1.3189229634460324,0.22246323041057728,13.417477745852704,5.266346856429785,0.16867037467399437,10.1730564390175,3.992914675372754,60.313237927406966,23.67288673597986,0.3924990192778665,-2.58984375,1.0187471422039316,2.90752
2.994715954785431,0.9566790026744779,2.1474502396963264,0.47072529790864015,0.31945567363266786,0.7170797738813227,0.15718529069724987,2.2446925600885415,0.49204100496894715,0.2192019583071718,1.41015625,3.6854138088705977,0.24752000000000002
0.5633431643593392,2.6754211799459084,0.846814033943563,3.3815368319800068,4.7491854862364855,1.5031939455706373,6.002623349172351,0.3165161583869512,1.2639269126397417,3.993246092335515,-0.58984375,-3.129401005944216,0.94752
3.540752223964251,4.070784511029439,0.478439900117724,0.6990642371249981,1.1496948257146784,0.13512380134356292,0.19743381996448228,0.11753014654090199,0.17172715363118435,1.4611328130304093,3.41015625,-0.4627343392775489,1.64752
1.4915848613082492,0.15572774781911883,8.631716798901095,2.446276839079526,0.10440421585033526,5.786943152084778,1.6400520698057561,55.42825167501313,15.708676670267714,0.2834055954420286,-3.08984375,2.2039323273891167,2.3475200000000003
1.6790275254497296,10.732768394894165,0.28757483741520307,6.395794052457835,6.392252796462869,0.17127464145543164,3.809225254210596,0.02679409699663409,0.5959127987426307,22.240450902954112,0.91015625,-2.240512117055327,3.04752
1.4840202726954232,1.1445599312196075,2.594620007280455,2.0817136329987886,0.7712562640001849,1.748372347075725,1.4027528271010585,2.26691493953987,1.8187895419164108,0.8023192710907723,-1.08984375,0.42615454961133903,0.38752000000000003
4.028753971727566,1.486442784035904,1.6323453005034423,0.28250622745381404,0.3689584408646587,0.4051737365842367,0.07012248189796332,1.0981554877419446,0.19005523151504652,0.17306768817031817,2.91015625,3.092821216278005,1.0875200000000003
0.4386175915173458,1.595843638887153,2.7460114264994533,5.26508353123357,3.6383484605952994,6.260604863110827,12.003812963861378,1.720727118613174,3.2992477476710236,1.9173567452868783,-2.08984375,-1.3516232281664378,1.7875199999999998
8.598149485576368,3.5237771215832137,2.2547591970351037,0.34967442707475344,0.4098297113227034,0.26223772927157457,0.040668568005399516,0.639869980205233,0.09923284447617012,0.1550828254895502,1.91015625,1.3150434385002283,2.48752
9.399456235726712,0.2734231813527677,28.056738809528227,0.3059639691586321,0.029089255218137437,2.984932117975763,0.03255124142135832,102.61287528993277,1.1190125418220505,0.010905186494972288,-0.08984375,3.9817101051668944,3.18752
1.3458302930769128,3.153842253985817,0.2960063146959481,1.3377798305329072,2.343417494917079,0.2199432693844347,0.9940182186525166,0.0938557768137757,0.4241746171173351,4.5194300395484746,3.91015625,-3.9743941472336535,0.5275199999999999
0.3566956868421434,0.8282429550789562,2.568760306903388,3.753632146134496,2.3219875810987793,7.201545747987133,10.523346047062452,3.101457478329542,4.532042347135525,1.46126212556572,-3.90234375,-1.3077274805669865,1.2275200000000002
4.761517730056185,1.550437212749746,4.639595453675583,1.4041313306250474,0.32561827985285086,0.9743942408087678,0.2948915472395981,2.992443302781107,0.9056357258961677,0.3026408971740554,0.09765625,1.35893918609968,1.92752
0.13771879816485458,2.8055330673542556,1.403702257011261,8.003865824708992,20.371460575744546,10.192524736753631,58.11745332781704,0.5003335278222243,2.852885933815422,5.7019683374668695,-1.90234375,-3.0855052583447646,2.62752
12.655391580546809,14.85269920305216,0.5385806314616294,1.3519783479710157,1.1736262057574682,0.042557405516357685,0.10683022641900741,0.03626146494308277,0.09102576774012837,2.510261730545236,2.09765625,-0.41883859167809767,3.32752
1.3479562490483157,0.3888537138517232,3.6251565911728174,1.736079905458109,0.28847650962430105,2.6893725918272575,1.2879349064065073,9.32267447124127,4.464609295515452,0.47889790738569155,-2.90234375,2.2478280749885684,0.6675199999999999
1.4032714547534004,4.185831471824853,0.5532255514330815,2.6219210775501227,2.9829092992990707,0.39423986681914003,1.868434698552945,0.13216622674775233,0.6263799904985354,4.73933474467741,1.09765625,-2.196616369455876,1.36752
2.6060358001218007,1.5105713666247353,5.636763885782364,3.822310398808266,0.5796433673528715,2.1629648700600788,1.4667144628748459,3.731544242346731,2.5303739255623174,0.6781036914548253,-0.90234375,0.4700502972107916,2.06752
9.844976161862625,2.000534031884469,2.4493788990086522,0.0870321813065062,0.20320354249653938,0.24879480241882485,0.008840263285110901,1.2243625251910257,0.0435044742650658,0.035532347135729433,3.09765625,3.1367169638774577,2.76752
0.04140846987935482,1.511831105903467,1.8223903584452033,17.32545106109758,36.51019007242348,44.01008691590894,418.4035563636124,1.205419276881558,11.459911754325182,9.506992275726821,-3.40234375,-3.678097850937357,3.4675200000000004
1.5288755458545478,2.3162954774364213,1.1388707859913016,1.8535614593121024,1.5150320663555084,0.7449074511521098,1.212369093310388,0.49167767976292737,0.8002266884204025,1.6275432490778274,0.59765625,-1.0114311842706902,0.13552000000000003
1.9143561570955383,0.6638204922033276,3.6491554310384835,1.6916259694131963,0.34675913870200425,1.9062050797146248,0.8836526908241211,5.497202141088393,2.5483183922183783,0.46356643376294615,-1.40234375,1.6552354823959767,0.8355199999999999
1.6401787375848786,4.478022875518482,0.25186530612192876,1.7469775505369043,2.730204198423067,0.15355967026666495,1.065114130859472,0.05624475647475715,0.39012251591828523,6.9361579704478515,2.59765625,-2.7892089620484684,1.5355200000000002
0.7185215213393871,0.8114775251474151,5.3536851911278704,5.488770532707933,1.1293712172110724,7.4509740239208595,7.638978610517307,6.597453441677644,6.763921812512094,1.0252322160824707,-2.40234375,-0.12254229538180139,2.23552
12.493069435804395,1.7868145533071995,4.9470957517101475,0.1317003906357456,0.14302446348263262,0.3959872133210166,0.010541876142807634,2.7686677067598375,0.07370680431944238,0.02662175895629642,1.59765625,2.5441243712848642,2.93552
0.9105606874468207,2.200306323420384,1.1612338413946226,2.639220609360931,2.4164301773119194,1.2752953838262888,2.89845657268733,0.5277600800553445,1.1994787186078042,2.272772731279749,-0.40234375,-1.900320073159579,0.27552000000000004
3.461735536803148,2.664869786839672,0.815674589141034,0.4759283274528021,0.7698074444186549,0.2356259108962134,0.13748257843298842,0.30608421963774846,0.17859346441734253,0.5834781833206181,3.59765625,0.7663465935070874,0.97552
1.4703843376788386,0.1999142045150983,5.778993325364692,1.5677985402607386,0.13596051004643084,3.9302603933386977,1.0662508434602065,28.907367234769154,7.842356895366744,0.27129267192254464,-3.65234375,3.4330132601737535,1.67552
0.6174084774721768,5.165916771605789,0.3965550960535438,4.929608287749268,8.367097246147853,0.6422896842575575,7.984354714292724,0.07676374080070154,0.9542562347973975,12.431080414318169,0.34765625,-3.381801554641061,2.3755200000000003
0.6286973797468117,2.460054236716443,8.119424020755526,13.94749642167386,3.912938586935344,12.914677684874986,22.184753541188254,3.3005061024967177,5.6695889925948455,1.7177938220765594,-1.65234375,-0.715134887974394,3.07552
3.2665661249300233,1.695420297079599,1.4859704845537078,0.5069647853666008,0.5190221878995082,0.4549029248827897,0.1551980783421187,0.8764614220517041,0.29902012276239676,0.34116746640419393,2.34765625,1.9515317786922726,0.41552
0.3231851736117833,1.5099021032971682,1.6971658479419203,4.010538898287655,4.671941124102721,5.2513728553049,12.40941486723397,1.1240237656705192,2.6561582300798543,2.3630801333594253,-2.65234375,-2.492912665752172,1.1155200000000003
4.532642464507055,3.9589802168815944,1.652675744333441,1.318243988266779,0.8734375693389599,0.3646163925954342,0.2908334373578578,0.41744986178163296,0.33297564424434833,0.7976422433660479,1.34765625,0.1737540009144949,1.8155199999999998
5.102983274174018,0.3649510626779238,8.590186770743399,0.8951754352165078,0.07151719750384558,1.6833656528364438,0.17542198104919385,23.53791411843182,2.4528643063755564,0.1042090770674872,-0.65234375,2.840420667581161,2.51552
5.390279989710372,10.377452653661306,0.0855507174922231,1.1133001325252643,1.9252158836778537,0.01587129382064249,0.20653846083143515,0.008243903426727718,0.10728067568031513,13.013334839961662,3.34765625,-1.6040237768632828,3.2155199999999997
0.9740690076319226,0.5148347109362492,3.2691986857213147,2.2837336556479064,0.528540285033679,3.356229035219101,2.3445296357389855,6.349996642176933,4.43585796982266,0.6985606796009172,-3.15234375,1.0626428898033842,0.5555199999999999
3.79847958570739,0.7904251082538658,2.977202508397003,0.4242539332882889,0.20808986606852203,0.7837879449449664,0.11169046027906458,3.7665839271907284,0.5367414684302116,0.1425008651886154,0.84765625,3.7293095564700502,1.25552
0.2873190858475217,2.994329018590096,0.7833272852245822,4.8531369279774585,10.421615430654567,2.7263322341220615,16.891105279908157,0.2616036114806843,1.6207761063821227,6.195541786325048,-1.15234375,-3.875628715134888,1.95552
4.413384222515251,7.572139092558238,0.21909552938648055,1.1840898909057798,1.7157217026173097,0.049643429699310175,0.2682952199958131,0.02893443011391638,0.1563745563085974,5.404445696457214,2.84765625,-1.208962048468221,2.65552
2.7645553287417863,0.10325860486854252,33.36475553655193,5.545696369015998,0.03735089104385475,12.0687602775297,2.005999413851476,323.1184033430266,53.706869040852986,0.1662142065731771,-2.15234375,1.457704618198445,3.3555200000000003
1.236766568253102,3.410409232848099,0.4120646762806085,1.9288201142074304,2.7575205543154406,0.33317902250756853,1.5595668283076527,0.1208255807871143,0.5655685234574137,4.680867410469173,1.84765625,-2.986739826245999,0.6955199999999999
2.0623007130997086,2.5521182974541996,2.3966586483882297,2.910675741210014,1.2375102628065713,1.1621286038280856,1.4113730954566606,0.9390860332685029,1.1404940531610483,1.2144723835275686,-0.15234375,-0.32007315957933224,1.39552
6.028163866144295,2.380038354775752,1.1827631862320567,0.17554974345477103,0.39481978387194383,0.1962062101322023,0.0291215944610768,0.4969513133512073,0.0737592077465959,0.14842340842043117,3.84765625,2.3465935070873343,2.09552
0.11412545596760626,1.066911337662162,3.3815658192319047,8.346710793939355,9.34858335168446,29.630250241381198,73.13627554144023,3.16949094068272,7.823246880316071,2.468297599434348,-3.77734375,-2.0978509373571104,2.7955200000000002
31.677710836750794,11.670256176000327,24.889613822750352,7.593763511865678,0.3684059191064121,0.7857137768261571,0.23971945293015925,2.132739285872353,0.6506938148866104,0.3050976831518615,0.22265625,0.5688157293095575,3.49552
1.7880029727012507,0.49209088863874806,3.0121481606185863,1.1092939965210857,0.2752181602334334,1.6846438214070418,0.6204094811124414,6.121121585792768,2.254246160886422,0.3682733840998303,-1.77734375,3.2354823959762236,0.0022400000000000002
1.1560370951447292,3.382317641322911,0.34724070182120165,1.8430357611173076,2.9257864263425426,0.30037159125739743,1.5942704337585034,0.10266353981034937,0.544903216244483,5.307660511717053,2.22265625,-3.5793324188385918,0.7022400000000001
0.4822959869988371,1.0087919000787777,2.9466298503852464,4.136226435147419,2.0916448141236765,6.109588157100614,8.576116216279845,2.9209491572594315,4.10017807917016,1.4037142923148773,-2.77734375,-0.9126657521719248,1.40224
6.5021744966899835,2.0565916109687117,3.2303139976512525,0.5027131578734279,0.31629289740157646,0.49680518406506713,0.0773146211516379,1.5707124255601164,0.2444399535582254,0.1556236199449801,1.22265625,1.7540009144947426,2.10224
0.29942779457195656,5.052120257581973,1.0625930950732003,8.927365632836306,16.872582803490808,3.548745688730125,29.814752653801946,0.210326168202056,1.7670532722253702,8.40149034868452,-0.77734375,-2.690443529949703,2.8022400000000003
2.534708045705225,2.5047345020312277,0.7517871074393518,0.7437648797825802,0.9881747549881399,0.29659712041123226,0.2934321690589989,0.30014642543139247,0.29694359988231095,0.9893291231288922,3.22265625,-0.023776863283035965,0.14224
1.3281007564973235,0.32138811584152155,3.81757456033329,1.6720663197546437,0.2419907633281807,2.8744615509455764,1.258990563460321,11.878393668469556,5.202638919539731,0.4379917912090931,-3.27734375,2.64288980338363,0.8422400000000001
1.5065937595770553,4.33142931164002,0.7703573284378716,3.053927454699038,2.874981582862774,0.511323854583158,2.027041088738058,0.17785291482598134,0.7050622865971974,3.964299867039343,0.72265625,-1.8015546410608136,1.5422399999999998
2.575567737764375,0.8712574851194702,7.107366547941463,3.6963750870136067,0.3382778376761827,2.7595339247845785,1.435169043630787,8.157595968276672,4.242574841703363,0.5200766081333182,-1.27734375,0.8651120256058533,2.2422400000000002
11.353612213389036,1.618787298810547,3.924055749817108,0.07436963221880287,0.14257905487572942,0.3456217876800095,0.0065503058252333645,2.424071249323754,0.04594157136854744,0.018952236400379654,2.72265625,3.5317786922725194,2.94224
0.40725526433893194,1.6303886309697688,1.2096664299296023,3.140022247093274,4.0033580256261665,2.9702904685422946,7.7102066493609245,0.7419497455708352,1.925934827713784,2.5957753058221273,-2.27734375,-3.2830361225422955,0.28224
2.5906767828374186,3.342221593663665,0.8924503804572085,1.3690949098637484,1.2900959377893226,0.34448542032316326,0.5284699808689596,0.2670231028813758,0.4096361870377897,1.5340851882009974,1.72265625,-0.6163694558756285,0.98224
3.8165120805139847,0.8393607218786285,4.56770625728767,1.1129722937401674,0.21992874755045672,1.1968274070476723,0.2916202727151538,5.441887067415289,1.32597614437944,0.243661091814835,-0.27734375,2.0502972107910384,1.68224
2.6022006793952186,5.708326073694023,0.14248214063461734,1.2109108045588488,2.193653286963519,0.05475447830093252,0.4653410531121214,0.024960406745372383,0.21213062970231367,8.498684811762624,3.72265625,-2.3941472336534066,2.38224
0.46500317330885527,0.2902718423026738,12.005541223327663,7.522408329041403,0.6242362610929433,25.81819203060272,16.17711181520264,41.35964800474578,25.915046631349103,0.6265780266886096,-3.52734375,0.27251943301325987,3.08224
2.900391412980708,0.8947217594103241,2.6041248033239652,0.6724395143423602,0.3084831086611258,0.8978528869135384,0.2318444025633422,2.9105414906196554,0.7515627146315729,0.2582209245440321,0.47265625,2.939186099679926,0.42224
0.6348110475788862,1.843323989907097,1.9742244747894238,3.9248140346442204,2.9037364692019354,3.109940323689928,6.182649230212861,1.0710132812240587,2.1292046629534886,1.9880282535059,-1.52734375,-1.5052583447645174,1.12224
5.336448103523938,3.0084984575774305,1.3674303763171314,0.4083700587254059,0.5637642115531416,0.256243544355682,0.0765246941042559,0.4545225452494477,0.13573882934752862,0.29864047617931344,2.47265625,1.1614083219021492,1.8222399999999999
2.635569097509247,0.1274450295163529,11.807646339319083,1.2124697852679795,0.04835579140641587,4.480112606600956,0.4600409780239979,92.64893565585471,9.513668676363746,0.1026851372767233,-2.52734375,3.8280749885688152,2.52224
0.8987213541778416,8.173439980285247,0.09510680503843154,5.248994346671027,9.09452072356997,0.10582457465410522,5.840513661181284,0.01163608043465591,0.6422013692315437,55.19052337579808,1.47265625,-3.7768632830361226,3.22224
1.1280396215957726,2.065111867519007,1.597606409126454,2.7124976693402205,1.830708627590237,1.4162679914260565,2.4046120521041683,0.773617368750969,1.3134870376775145,1.697851018777129,-0.52734375,-1.1101966163694557,0.5622400000000001
4.0917524419903675,2.3834540743593315,1.0543084352560055,0.3423085659148219,0.5825020228251978,0.25766672109399513,0.08365818088161546,0.44234476619374413,0.14361869590746523,0.32467592449044863,3.47265625,1.5564700502972109,1.2622399999999998
0.17959260423177156,1.5927357386357885,1.7814484440390033,5.398735664436994,8.868604280498646,9.919386445000661,30.061013300245403,1.1184833747529588,3.389599123996002,3.030531521976952,-3.02734375,-2.887974394147234,1.96224
7.07024816299941,8.299602788902524,2.2637911421165477,2.9878075627501453,1.1738771536106287,0.3201855281351511,0.4225887824399403,0.2727589740973489,0.359994042937232,1.319824743176914,0.97265625,-0.22130772748056682,2.66224
8.657985412088253,0.15688335950640897,38.358178114399514,1.5441936219094923,0.018120076673653077,4.430381467361212,0.17835484219614114,244.5012538938683,9.842940811363803,0.0402572201762056,-1.02734375,2.4453589391860993,3.3622400000000003
1.7144600592711405,2.8935788779805396,0.48640275923507076,1.2118037828590085,1.6877493659494591,0.2837060896255889,0.706813656174747,0.1680972870435578,0.4187906512867344,2.4913587759344162,2.97265625,-1.999085505258345,0.03024
1.2162124377901549,0.7591454776969603,3.2863613397723155,2.4339385589899387,0.6241882208311563,2.702127718528845,2.0012445880033747,4.3290270920696745,3.2061556453893956,0.7406180597166365,-2.02734375,0.6675811614083225,0.7302400000000001
4.486881481047434,1.2021611300436863,2.2942091190292198,0.2857378210083041,0.2679279885420663,0.5113148472318576,0.0636829437584343,1.9084040081597455,0.23768679078645674,0.12454741751232,1.97265625,3.3342478280749885,1.43024
0.5110992454710802,4.329160362893338,0.5170116577760059,4.693005024426381,8.47029300327601,1.0115680317615734,9.182179519949866,0.11942538839805596,1.0840450875074241,9.077174477291216,-0.02734375,-3.4805669867398263,2.13024
5.651362594803397,6.8055424526160575,0.21704126759930287,0.575702083034682,1.2042303671815298,0.038405121589416155,0.10186960637847903,0.03189183949853578,0.08459312200945591,2.652500556242287,3.97265625,-0.8139003200731594,2.83024
0.9744844718139013,0.42368064509369563,3.0644940975580024,1.8939816033297345,0.4347741368367402,3.1447336373187826,1.9435728922435114,7.233028303382373,4.47030475727983,0.6180405453673374,-3.98046875,1.8527663465935076,0.17024
0.8269014819777447,2.961678444030215,0.8162074951577406,3.0647692007540948,3.5816581643397343,0.9870673991363195,3.7063293119561496,0.2755895045942448,1.0348082206330258,3.7548898030663103,0.01953125,-2.5916780978509375,0.8702400000000001
1.0365558778308148,0.9363601206942734,4.08809071964296,3.8108396493168115,0.9033378139283532,3.943917358510423,3.6764440111918515,4.3659385201195935,4.069844032327249,0.9321807931037396,-1.98046875,0.0749885688157299,1.5702399999999999
7.119805807576465,1.6218125864482877,2.662133421825932,0.1849817023673441,0.22778887939927428,0.3739053414902203,0.025981284794382706,1.6414556429457177,0.11405861806292147,0.06948626272851002,2.01953125,2.741655235482395,2.2702400000000003
0.10894008323311866,1.362836989361457,4.199250392735436,10.55739704807566,12.509968313913895,38.54642174037582,96.91012467361625,3.0812565446311755,7.746632304882053,2.5141146777862082,-2.98046875,-1.7027892089620482,2.9702400000000004
2.6493324416382067,1.731980633648319,1.7698970074465854,0.9994226713266214,0.6537422810469772,0.6680539518672768,0.3772356596775871,1.0218919155685926,0.5770403270742088,0.5646784344635283,1.01953125,0.9638774577046183,0.31023999999999996
2.5936415643814446,0.44582799471237505,3.6747899494957728,0.8365284780261167,0.1718926781691595,1.4168457199181916,0.32253048744829926,8.242618213929243,1.8763480264755497,0.2276398078591945,-0.98046875,3.6305441243712844,1.01024
1.5888445535481048,4.519540533285601,0.20079644438846042,1.6583997113549047,2.844545442279331,0.12637891097656773,1.0437771949757286,0.04442850836487268,0.3669398911551053,8.259108951882473,3.01953125,-3.18427069044353,1.71024
0.34503213865238874,0.6182985413837033,5.003618458966494,5.783774636386058,1.792002750232562,14.501890978937222,16.763002597311857,8.0925606710454,9.354339771597111,1.1559183986184085,-3.48046875,-0.5176040237768631,2.41024
14.270707491037403,1.3825064066592434,11.23517669829739,0.47652209131330764,0.09687721562000447,0.7872893972042766,0.03339162347855447,8.126672429277653,0.3446798430864412,0.04241340426675453,0.51953125,2.1490626428898034,3.11024
0.574045200438873,1.837358529719117,1.35535242011763,3.184447960053791,3.200721003005351,2.3610552254098223,5.547381909332566,0.7376635524286199,1.7331663409974796,2.349535008597554,-1.48046875,-2.295381801554641,0.45024000000000003
3.591880244440233,3.0229485878512454,0.9703729657688756,0.7002095022287972,0.8416061734046896,0.27015738268860373,0.19494232952577722,0.32100213998632054,0.23163129702001184,0.7215880150514971,2.51953125,0.37128486511202574,1.15024
2.015475316162945,0.21071783792921156,6.138037392025701,1.5017211449266037,0.10454994722057696,3.045454014148522,0.745095279948938,29.12917792032258,7.126692071655989,0.24465819430777355,-2.48046875,3.037951531778692,1.8502399999999999
3.327458227899233,8.462624887812293,0.4360871884109435,2.936543759004987,2.5432700602691294,0.13105714889357575,0.8825185946388133,0.05153096045164282,0.34700152705978266,6.733845517694404,1.51953125,-1.406492912665752,2.55024
11.888161988937343,1.420122856522449,23.905106626259478,3.880251695357055,0.11945688979036119,2.010832847710574,0.3263962670569147,16.83312575138571,2.732335218418278,0.16231894532085644,-0.48046875,1.260173754000915,3.2502400000000002
3.4252116613565144,1.2979913625665664,1.4903264779055627,0.29998882340825095,0.3789521614709534,0.435104929344815,0.08758256512809019,1.1481790410058546,0.23111773472442215,0.20129067546987534,3.51953125,3.926840420667581,0.5902400000000001
0.23228332581564892,1.4179059084443748,1.3724234560185578,3.970393332092903,6.104208743634453,5.908402814534257,17.09288997887001,0.9679227992810066,2.800181104011997,2.892979797657448,-3.73046875,-3.941472336534065,1.2902399999999998
1.8336522730712592,4.971523333230833,1.3784994786819584,4.253171695562514,2.711268328374946,0.7517780218890975,2.319508315739005,0.27727909260080175,0.8555067351556641,3.085363296349703,0.26953125,-1.2748056698673982,1.99024
2.6878524341145287,0.32539666708091397,11.524591668324062,3.6214190988097514,0.12106195375569823,4.287657879596601,1.3473280946700381,35.41705504149595,11.129244596439706,0.31423404863561544,-1.73046875,1.3918609967992683,2.69024
2.025895062835836,11.865447687134692,0.040429424419598334,3.62601615748435,5.856891556132975,0.01995632703848217,1.7898341449179869,0.0034073239784651876,0.3055945509258718,89.68755329909231,2.26953125,-3.0525834476451763,3.3902400000000004
0.7456774298154356,0.891860070092681,2.3539528938364187,2.5879385732418765,1.1960400495337875,3.1567978320318093,3.4705872402258753,2.6393746875468915,2.9017316281162144,1.0994011732427293,-2.73046875,-0.38591678097850934,0.05824000000000001
3.4825870785645825,1.3316094198877702,2.2447824331739348,0.5787811075872692,0.3823621319001216,0.6445732389552098,0.16619286023016697,1.6857664114174922,0.43464780208302345,0.25783394374167523,1.26953125,2.2807498856881567,0.7582400000000001
0.6495669086453649,2.9330209296434773,1.2695801227145793,4.2586726459249045,4.515348443103616,1.9545024628212928,6.556172411562845,0.4328575053396918,1.451974857350427,3.354394551183689,-0.73046875,-2.163694558756287,1.45824
5.498249536812736,4.146860276587009,0.7297880807361777,0.39975959045419973,0.7542146366443183,0.1327309857164516,0.07270670197444971,0.1759856932862024,0.09640054494028286,0.5477748965849648,3.26953125,0.5029721079103799,2.15824
2.010370093037449,0.08125473690208238,17.825976787096074,1.92293440860392,0.040417800276423416,8.867012521143794,0.9565076675501956,219.38384722822522,23.66550532212282,0.10787259691687133,-3.23046875,3.169638774577046,2.8582400000000003
0.8309619328853668,2.7300165297856704,0.5538494516582936,2.2839768708741968,3.285368946211743,0.6665160336950098,2.748593865116655,0.20287402864252088,0.8366164988215322,4.123822573148152,0.76953125,-3.645176040237769,0.19824
0.9128773542131797,1.742239080042615,2.123011101651471,3.3352733109331663,1.9085138567647704,2.3256257720198574,3.6535831407581356,1.2185532548147997,1.914360290237311,1.5710107725478626,-1.23046875,-0.9785093735711019,0.8982399999999999
4.87801213917782,2.3933997678697003,1.391676961087165,0.32227682468770813,0.49065063792012276,0.2852959200141985,0.06606724532301538,0.5814644840238531,0.13465231718249807,0.2315744484524257,2.76953125,1.688157293095565,1.5982399999999999
0.16817356862045046,2.2195275473554354,1.7092480524343057,6.656533359008743,13.197838195160555,10.163595067022056,39.58132906147588,0.7700954441727351,2.9990767030307843,3.8944220819959567,-2.23046875,-2.7562871513488796,2.2982400000000003
10.599706419819277,10.353487921993093,1.210137240813073,1.3598975974141707,0.9767711964771206,0.11416705264122831,0.12829577948229218,0.11688208359643465,0.1313468086948214,1.1237548532102655,1.76953125,-0.08962048468221306,2.99824
2.497891497660397,0.7957574459447709,2.8190074694506335,0.9061907109335664,0.31857166201578496,1.1285548119648126,0.36278225526702534,3.542546141184691,1.1387775452828877,0.3214573642510299,-0.23046875,2.5770461819844526,0.33824
2.1769857690380654,3.641457689726008,0.3336152230816131,1.0127418685185874,1.67270624434768,0.15324639592339925,0.4652037155787577,0.09161584494661948,0.2781144131856681,3.0356584425730406,3.76953125,-1.8673982624599907,1.03824
0.7061176501784049,0.35640960189974014,4.631451055709235,3.2158821620319054,0.5047453520099534,6.559035954616161,4.554314937771904,12.994742652898802,9.022995297799383,0.6943573673455226,-3.85546875,0.7992684042066758,1.73824
6.023929302018732,0.5279614548042557,6.6218268529050865,0.43390644821588564,0.08764403238054702,1.099253746335633,0.07203046823117187,12.542254349534211,0.8218525126550357,0.06552669797240696,0.14453125,3.465935070873342,2.43824
0.08264189932574864,3.1441505039677233,1.268254036064149,11.938804004886666,38.04547728960658,15.34638054560056,144.46429840422252,0.4033693789351657,3.7971477478004423,9.413574619432787,-1.85546875,-3.3488797439414726,3.13824
2.3093847170461665,2.9045858876598225,0.7759455678509365,1.1576510157059787,1.257731492817252,0.33599666704446485,0.5012811452163239,0.2671449899786242,0.3985597467178632,1.4919229694322707,2.14453125,-0.6822130772748056,0.47824000000000005
1.355304453323397,0.3451327052267141,4.249816405004341,2.008702224318002,0.2546532658255495,3.1356913161343143,1.4821040537366947,12.31357196998378,5.820086575100167,0.4726562356794211,-2.85546875,1.984453589391861,1.17824
1.3515116680400727,5.207211602616186,0.4068610085023181,3.105615491335391,3.852879502081954,0.30104143243715936,2.2978828557500166,0.0781341415620415,0.596406623801322,7.633111619044951,1.14453125,-2.4599908550525837,1.87824
3.1358255829396744,2.2759327509808176,7.9588500898107135,6.331760062902534,0.7257842283585327,2.5380397854748358,2.0191684439817714,3.4969618879911244,2.7820505944975085,0.7955621718530349,-0.85546875,0.20667581161408322,2.57824
17.37579303468636,2.7234482800540083,3.582109879511586,0.04344826773084718,0.1567380708677489,0.20615518798830149,0.0025005055967295274,1.3152847093687234,0.01595340291536051,0.012129239245104137,3.14453125,2.8733424782807493,3.2782400000000003
0.4288119684725807,1.0145301578663173,2.1208087863376517,3.2603488393096662,2.365909145400145,4.945777968585925,7.603213247342329,2.0904344438591904,3.213653940230406,1.537313906049892,-3.35546875,-1.5711019661636945,0.61824
3.75569148843735,1.8990905526735413,2.709235710370375,1.1318612572241076,0.5056566969146089,0.7213680140425008,0.3013722667872933,1.4265963813870333,0.5960017312658801,0.4177788048827146,0.64453125,1.0955647005029725,1.3182399999999999
3.1553325730704067,0.2608734332468998,6.377283706146965,0.866506377386415,0.08267700066654078,2.0211130074131383,0.2746164967780974,24.445891736746066,3.321558529750029,0.1358738951116763,-1.35546875,3.7622313671696386,2.01824
1.3568524400339594,6.072264065637956,0.10081263520078988,2.5139089416347793,4.475257505146233,0.07429889369419326,1.8527504299375848,0.016602149397829002,0.4139986197011125,24.936447069633612,2.64453125,-3.8427069044352997,2.71824
0.12681728792380545,1.7879147596020493,8.540687025168356,19.34683827344351,14.09835195873505,67.34639389465404,152.5567893004265,4.776898327674932,10.820895218600741,2.2652555018619407,-2.35546875,-1.1760402377686328,3.4182400000000004
2.80096754612642,1.6329115291829464,1.6009638269827717,0.7243195818113395,0.5829812385513609,0.5715752862602118,0.2585962064476729,0.9804351297487867,0.44357552069815104,0.45242720016754884,1.64453125,1.4906264288980333,0.08624000000000001
0.658443795681872,2.690622314787641,0.8342670965806207,3.1442777737873238,4.08633558768867,1.267028563488353,4.775316882637141,0.3100647355801276,1.1686061460601125,3.7689102047469656,-0.35546875,-2.9538180155464104,0.78624
3.4519467266968027,3.6944882571653177,0.5116401952381369,0.6252502574567629,1.0702622461096336,0.14821787117431262,0.18112975284965369,0.1384874330689319,0.16923866417605038,1.2220506974940615,3.64453125,-0.2871513488797439,1.48624
1.2703247382482568,0.165771411953206,7.619675546829037,2.306158729569073,0.1304953032574964,5.998210786114709,1.8154088164489368,45.96495533849903,13.911679356510858,0.3026583895069904,-3.60546875,2.3795153177869226,2.18624
1.3358946005408716,9.232841591352019,0.6499211972205369,7.526747979090476,6.911354823661884,0.4865063433577765,5.634237892752225,0.0703923262183214,0.8152146773687136,11.581016300559948,0.39453125,-2.064929126657522,2.88624
1.3007863802805946,0.9224769206254457,2.7014991142743896,2.075329144932799,0.7091686495260326,2.076819956933778,1.5954419391177255,2.9285275911756736,2.2497355744420267,0.7682138905643221,-1.60546875,0.6017375400091458,0.22624
3.8053056874928815,1.2955799686529603,1.8514467464918736,0.3230272890505986,0.34046672594825117,0.48654349966604016,0.08488865693820895,1.4290486047085604,0.2493302589314161,0.17447290323779044,2.39453125,3.268404206675812,0.92624
0.22060932910363792,1.8616735928512596,1.2996918555474422,4.597895966089822,8.438779993645154,5.891373047677746,20.84180204332982,0.6981308971337397,2.469764830819715,3.537681602346539,-2.60546875,-3.546410608139003,1.62624
3.985527906677193,7.122131402781169,0.823637900314807,2.4703922814333446,1.78699825206318,0.206657165525028,0.6198406683577723,0.11564486159201993,0.34686137361473907,2.999366931134571,1.39453125,-0.8797439414723365,2.3262400000000003
8.168151140167144,0.6268674634782105,16.449056625723824,2.035261461849537,0.07674533106954522,2.013804145326727,0.2491703969385525,26.240086755269246,3.246717337276959,0.12373119675852401,-0.60546875,1.786922725194331,3.0262400000000005
1.6198949531984568,3.1609915160831976,0.36922343501248234,1.2484882168520297,1.9513558640588826,0.22793048048174763,0.770721715248825,0.11680620879045862,0.3949672786211836,3.3813894202295747,3.39453125,-2.6575217192501146,0.36624
0.6881126317721857,0.6669421630006349,3.293259267667491,3.191412752629823,0.9692340064779399,4.785930552075367,4.637922057048369,4.937848362818765,4.78514169545281,0.9690742493196406,-3.10546875,0.009144947416552363,1.06624
4.985279178603804,1.1028799351971448,3.4310572949509504,0.4494641718078316,0.22122731660256215,0.6882377439716154,0.09015827513469571,3.1109980202311265,0.4075368110922136,0.13099873688185001,0.89453125,2.6758116140832184,1.7662399999999998
0.47052571516370345,3.7503930812760458,2.232809669404844,8.026975033736651,7.97064423986099,4.74535099240647,17.059588403035395,0.5953535058904135,2.140302325591302,3.5950108707099258,-1.10546875,-1.7686328303612253,2.46624
14.224683216569675,6.645858087310364,1.0332711198765971,0.18073689814331015,0.4672060520524571,0.07263930620774652,0.01270586454486228,0.15547595303750622,0.027195419427990815,0.1749172067877939,2.89453125,0.8980338363054416,3.16624
1.8600915995288285,0.39032596165476113,3.418386486025154,1.113316428658972,0.20984233343865047,1.837751692922569,0.5985277439782972,8.757773814309276,2.8522735816473506,0.32568477356506254,-2.10546875,3.5647005029721077,0.50624
1.1990555250662402,3.9341409884089855,0.3220420543497479,2.1289861227029565,3.281033201687344,0.2685797676733587,1.775552573001441,0.08185829010667603,0.5411565393755613,6.610894738582216,1.89453125,-3.250114311842707,1.20624
2.249374052675767,3.6601763313369884,2.570017066651327,4.082676683308789,1.6271977206205375,1.1425476628016298,1.8150279089652512,0.7021566268946808,1.1154316933734911,1.5885795998344956,-0.10546875,-0.5834476451760402,1.90624
8.207973705764575,3.072141970142924,1.1254308939426447,0.13095600277006797,0.37428750143111644,0.1371143395783833,0.015954729810854017,0.366334272595575,0.042626937180242214,0.11636076766232957,3.89453125,2.0832190214906268,2.60624
0.06160731114856987,0.9772271100302043,3.9408213113170323,13.791710981208187,15.862193817768809,63.96677988126273,223.8648420793535,4.032656555337713,14.113107219039298,3.499704729468935,-3.91796875,-2.361225422953818,3.3062400000000003
2.152019510302586,1.7821653285581478,2.1331561274514272,1.7287317347226796,0.8281362320491069,0.9912345669912136,0.8033067202441906,1.1969462615330122,0.9700175999503378,0.8104103175926786,0.08203125,0.3054412437128482,0.64624
2.13579917656982,0.3220786031850725,4.5454718223281265,1.3025161348671626,0.15080004090194646,2.1282299722712406,0.60984953508553,14.112927022712565,4.044093963356865,0.28655246051003613,-1.91796875,2.9721079103795143,1.3462399999999999
2.838765706891412,5.950125917414092,0.37061029378836124,1.8102291748808774,2.0960257139113367,0.1305533221317506,0.637681782080976,0.06228612619838934,0.30423375908447964,4.884454655527235,2.08203125,-1.472336534064929,2.04624
1.163523100498401,0.19455242412649265,11.195207616515921,4.369011479538752,0.1672097649313152,9.621818090006462,3.754984733579646,57.543398221741526,22.45673113123556,0.3902572984080522,-2.91796875,1.1943301326017375,2.7462400000000002
18.555905086707977,0.6498681169516421,39.04196620191518,0.09343961849867162,0.0350221729371292,2.1040184253734857,0.005035573207668786,60.0767527803189,0.14378243225251905,0.002393312314636654,1.08203125,3.8609967992684036,3.4462400000000004
0.5398968905617831,2.1187001813742095,0.8356822442553247,2.778683891715445,3.9242681675192124,1.5478552643371692,5.1466936377872425,0.39443157252825317,1.3115040609064201,3.3250483791139134,-0.91796875,-3.743941472336534,0.11424000000000001
2.429249785401064,3.376008592404175,0.5028991401934871,0.9903262801466841,1.3897330001602954,0.20701829149712553,0.4076675383890929,0.14896263632888296,0.2933423458621703,1.9692343871688913,3.08203125,-1.0772748056698673,0.8142400000000001
1.0522864334620816,0.3065964060142011,4.678786474931552,2.4895652001248694,0.2913621199177506,4.446305042190919,2.3658626785998367,15.26040874306543,8.120007773377345,0.5320963487997794,-3.41796875,1.5893918609967992,1.51424
0.8869318353357163,5.471647150134124,0.43081198469750426,4.321900911991951,6.169185648932116,0.48573291377508826,4.872867045477118,0.07873533743617661,0.7898720062542793,10.031988583201983,0.58203125,-2.8550525834476455,2.21424
1.5217469789392823,2.048948660002276,9.665090305390837,10.63875821745637,1.3464450321632802,6.351312300371896,6.991147914006048,4.717097355372535,5.192301020097083,1.1007406947374776,-1.41796875,-0.1883859167809785,2.9142400000000004
3.1765746438835594,1.515195615567693,1.4994972652468082,0.4440983792800709,0.4769904017477369,0.4720484903869848,0.13980416929133865,0.9896393903469664,0.29309639938053944,0.2961648477611428,2.58203125,2.4782807498856876,0.25424
0.41760716259166425,1.4467063495707613,1.8770379396664914,3.810844117398121,3.4642757097184873,4.494745559481356,9.125428054796942,1.2974560733927862,2.6341517879760468,2.030243521915825,-2.41796875,-1.9661636945587562,0.95424
4.707697746383188,3.1120456434369794,1.761385558795883,0.8492115320968298,0.6610546834337209,0.37415009494802715,0.18038786214541042,0.5659896288830097,0.27287888077340366,0.48212699817827903,1.58203125,0.7005029721079108,1.6542399999999997
4.904362102509015,0.3898350458528533,7.021911076564068,0.6302328731924658,0.07948741094247877,1.4317684807513988,0.12850455574437417,18.012518759574405,1.6166655099304559,0.08975232900568837,-0.41796875,3.367169638774577,2.3542400000000003
2.1302584637506734,7.419172416556493,0.06440079041581083,1.7874202170701234,3.482756924947881,0.03023144445224856,0.8390626055408665,0.008680319960228337,0.2409190832499523,27.7546316672427,3.58203125,-3.447645176040238,3.05424
0.5321685693983672,0.7905689356910601,2.4052485481494195,2.9199792043072543,1.4855611194490916,4.51971177265998,5.486944123002942,3.0424273451206623,3.693516241888271,1.2140031044001107,-3.66796875,-0.780978509373571,0.39424000000000003
3.442373652772253,1.1875154630607336,3.0845335981449526,0.9158588201656692,0.3449699488910478,0.8960484564657528,0.26605444746769397,2.59746815438916,0.7712394900569215,0.2969197095847714,0.33203125,1.885688157293096,1.09424
0.3129820948375223,2.405940320218362,1.5010128189182583,5.220998701512493,7.687150031593188,4.7958424576890755,16.681461296445278,0.6238778270202593,2.1700449747808532,3.478317197367531,-1.66796875,-2.5587562871513487,1.7942399999999998
6.775387895872854,5.999012426215019,0.8824738789912746,0.7208608084681921,0.8854123953359548,0.1302469899219826,0.1063940278470692,0.14710319237462513,0.12016324642337967,0.8168636212690886,2.33203125,0.10791037951531823,2.49424
2.7372754596154802,0.05218990287567991,31.404325364967143,2.25798871564297,0.019066368601065566,11.47284072366567,0.8249037223167016,601.7318223368704,43.26485759173879,0.07190056431404357,-2.66796875,2.7745770461819834,3.19424
1.5890642327809752,3.0825383353958347,0.7214473676566374,1.8515473669685862,1.9398450180967033,0.454007681233913,1.1651809466054415,0.23404327510625916,0.6006567203748419,2.566434434410195,1.33203125,-1.66986739826246,0.53424
2.438553774423038,1.150259759179718,3.703313631140213,1.9703299392982039,0.4716975164723893,1.5186516163730766,0.8079911790193695,3.2195454996888255,1.712943466529074,0.5320451183853848,-0.66796875,0.9967992684042066,1.2342399999999998
5.634884819835186,1.4832241430728115,1.8102004154738658,0.16913414988555486,0.2632217322085732,0.32124887612641784,0.030015546953185434,1.2204496696794958,0.11403141640828325,0.09343393606573651,3.33203125,3.6634659350708727,1.93424
0.10483487924634356,1.6868320768039515,1.8806185025308124,7.69854254802144,16.090370770973966,17.938862676721257,73.43493504610443,1.114881871403601,4.56390571052449,4.093622676614768,-3.16796875,-3.1513488797439417,2.63424
13.157937899440821,21.20160825029842,3.041002445540026,7.488895954086025,1.6113169413270627,0.23111542771981472,0.5691542254812043,0.14343263065891346,0.3532230133523298,2.4626405562643785,0.83203125,-0.48468221307727477,3.3342400000000003
2.1302274330792184,0.6275322357608087,3.4600095726554696,1.3232000507789656,0.2945846185323594,1.6242442092927454,0.6211543566811999,5.513676231246698,2.1085770186367268,0.3824267022947694,-1.16796875,2.1819844535893917,0.6742400000000001
1.9457970541788592,4.274639425445691,0.2957850266305164,1.4565200169380284,2.1968577947352377,0.15201226972529253,0.7485467273218227,0.0691953161873242,0.3407351759935087,4.924252026988029,2.83203125,-2.262459990855053,1.37424
1.139732610296877,0.6729006915595518,5.696709255178352,4.3785117174434856,0.5904022447723725,4.998285741507805,3.841700832182886,8.465898945616097,6.506921113865413,0.7686036835148968,-2.16796875,0.40420667581161407,2.07424
10.179340638818717,1.4107582485591699,4.311705773427316,0.12181182569410415,0.1385903369005327,0.42357417109952183,0.011966573279764027,3.056303784033111,0.0863449324634554,0.02825142347254312,1.83203125,3.07087334247828,2.7742400000000003
2.059448289510249,16.836560095069068,3.113341553630157,23.46846823973036,8.175276932577374,1.5117357252852077,11.395512263777851,0.18491553714359757,1.393899235188997,7.538031994069562,-0.16796875,-1.3735711019661636,3.4742400000000004
2.8191414925027947,2.022080648048805,0.9249743173391792,0.4994760763815699,0.7172682369530982,0.32810496379803905,0.1771731137688098,0.45743690699563727,0.24701095718587504,0.5399891294478145,3.83203125,1.2930955647005034,0.007840000000000001
1.3958011117035825,0.2918355791240098,3.7402668497605935,1.32098311376766,0.2090810622494941,2.6796560186111176,0.9463978088936992,12.816349743878352,4.526463557777285,0.35317884173216496,-3.79296875,3.9597622313671694,0.70784
0.5927608709082673,3.436296618029652,0.4969371508825364,3.3321670378161037,5.797104341189613,0.8383433780321845,5.621435559183145,0.14461416056902465,0.9696971502206189,6.705409390097592,0.20703125,-3.9085505258344764,1.40784
0.48129825909748747,1.948579509881936,3.1395391905589176,6.327195369722894,4.048590397014607,6.523063674583126,13.146100676922071,1.6111937822589244,3.247080931332516,2.015326130901552,-1.79296875,-1.2418838591678094,2.1078400000000004
11.243727555240767,3.9834086248198504,2.0789212750325365,0.20542809195895279,0.35427829474249045,0.18489609116004763,0.018270461548421418,0.521895057935854,0.05157093115654015,0.09881475283653428,2.20703125,1.4247828074988567,2.80784
0.40221260025504946,1.4143148332835416,1.3703016654291604,3.0756624248004356,3.5163364658061482,3.4069088451237732,7.646857465057308,0.9688802190158763,2.174666030801522,2.244514841071275,-2.79296875,-3.0196616369455875,0.14784
2.478959228783005,2.874641793005707,1.2161452014274232,1.5064451272653638,1.1596164066066363,0.49058701220530565,0.6076925791171331,0.42305973717714224,0.5240462067067614,1.2387049881027425,1.20703125,-0.3529949702789206,0.84784
3.101815040914425,0.5814440968277932,4.645516922196258,1.21339033160911,0.18745285878050985,1.4976769603988846,0.39118719704557187,7.989619204220978,2.08685639467156,0.26119597709601194,-0.79296875,2.313671696387745,1.5478399999999999
2.586807569359131,5.781631134629192,0.1710299522896952,1.3491365984266788,2.2350449268484103,0.06611622538744429,0.5215450172665611,0.029581609118109933,0.23334878462688474,7.888305997662178,3.20703125,-2.1307727480566987,2.2478400000000005
0.6420167679569679,0.2656335685883171,11.410593021341604,6.369083676811635,0.41374864621311824,17.77304517707926,9.92043198042848,42.95614098015568,23.976953329579125,0.558172889428212,-3.29296875,0.5358939186099683,2.9478400000000002
2.877349776387986,0.900085259893053,2.4377461421712585,0.6061543230774786,0.3128174639313243,0.8472192578656275,0.21066410766312893,2.7083502539091784,0.6734410061881262,0.2486535872589208,0.70703125,3.2025605852766343,0.28784000000000004
0.40224445256233976,2.3241157488221327,0.9163099723681765,3.579204223761845,5.77786898990718,2.277992813900067,8.898082250636236,0.3942617629231954,1.5400283852367482,3.9061063741470536,-1.29296875,-3.61225422953818,0.9878399999999999
3.1815756662091936,4.637013102651698,0.45288021119353056,1.086453924242001,1.4574580613940387,0.14234463005342618,0.341482975175158,0.0976663643530679,0.2343003783234313,2.3989874085660228,2.70703125,-0.9455875628715131,1.68784
1.912875546796107,0.22625917462127274,8.676267577624298,2.834433255608969,0.11828222437169858,4.535719844480347,1.4817656383115918,38.34658900416832,12.527373797563907,0.32668808681268013,-2.29296875,1.7210791037951534,2.38784
1.7866812169009645,9.865390936585397,0.09454537975720301,4.163867794265152,5.521629064695224,0.052916759219752654,2.3305040400477637,0.009583541125226507,0.4220681999355565,44.040944200109635,1.70703125,-2.7233653406492913,3.08784
1.6647733265465539,1.6861938289448029,2.011072999129934,2.008068511532926,1.0128669183105452,1.2080161106988374,1.206211367945516,1.1926701216718578,1.1908883054029131,0.9985060275791542,-0.29296875,-0.05669867398262429,0.42784
4.015541273074752,1.8244531000056083,1.2455710433438574,0.27467163596598054,0.454347988461491,0.310187583351648,0.06840214488834302,0.682709269610728,0.1505501215488281,0.22051864278138458,3.70703125,2.609967992684041,1.12784
0.24043616162446488,1.055273618154627,2.557500906369443,4.903492566663145,4.388997108525004,10.6369228700464,20.394155910382008,2.4235429204055947,4.646655125556873,1.917298466816188,-3.54296875,-1.834476451760402,1.8278400000000001
7.9848760654621405,3.4771496273981275,5.488154487466872,1.9094644094818034,0.4354669501306631,0.6873186812761426,0.2391351341996426,1.5783486693304984,0.5491464602029831,0.3479246828496515,0.45703125,0.8321902149062641,2.5278400000000003
5.529523728217304,0.08709416310671725,37.47208922602388,0.9697253910513288,0.015750753118622757,6.776729980342219,0.17537231752940943,430.24799698814496,11.134217913812614,0.02587860487847758,-1.54296875,3.49885688157293,3.22784
1.2708039528640545,3.3169049010165295,0.35904038119422454,1.6869054119948022,2.6100838713486114,0.2825301104745881,1.327431668899806,0.10824560604200312,0.5085781661927713,4.698372384699154,2.45703125,-3.315957933241884,0.56784
0.6046282378698126,1.0010183059296036,3.030027574225839,3.8595420809310004,1.655593045829826,5.011389452965409,6.383330845626217,3.0269452179618033,3.8556158844136283,1.2737646725598197,-2.54296875,-0.6492912665752169,1.2678399999999999
6.016952715322108,1.8565566867408032,2.8448977185144635,0.39676678224392625,0.3085543088967777,0.47281370705639103,0.06594148251050133,1.532351658762814,0.2137111056600447,0.13946609737910304,1.45703125,2.0173754000914492,1.9678400000000003
0.45844274291419373,5.420962664281696,1.0900141745702743,8.041301423867262,11.824732200628011,2.3776451725276653,17.540470534555595,0.20107391289600526,1.4833714824953095,7.377244820726714,-0.54296875,-2.4270690443529954,2.6678400000000004
14.103318711644672,9.255127427052646,0.4126027979174365,0.2511929748022216,0.6562375577183102,0.029255723872762172,0.017810912448204076,0.04458099590410853,0.02714095259974347,0.6088009486850021,3.45703125,0.23959762231367154,3.36784
1.3685597837221584,0.4138489316896392,3.1159535689444313,1.426531449970194,0.3023974082915605,2.27681216853368,1.0423596155151997,7.52920529774667,3.4469859427835936,0.45781537446125986,-3.04296875,2.9062642889803376,0.035840000000000004
1.5679544520779543,3.1400337453542555,0.8427732292539283,2.1131955849237833,2.0026307149374656,0.5374985403032791,1.347740415624472,0.2683962331617705,0.6729849919766945,2.5074308385358974,0.95703125,-1.5381801554641057,0.73584
2.314948633549815,0.9003222272365989,4.380285874027183,2.1939456410295595,0.38891671900987995,1.8921741115742665,0.9477297289595986,4.865242400459,2.4368449146963074,0.5008681406020816,-1.04296875,1.1284865112025608,1.43584
6.253757281557914,1.363591088753927,2.216898717049123,0.1534220993635707,0.2180434940727719,0.3544906873163547,0.02453278764367886,1.625779704291675,0.11251327515184222,0.06920573239709765,2.95703125,3.795153177869227,2.1358400000000004
0.11161605274720283,2.6872828714080246,1.0796225497318945,8.646926945780159,24.076132467203465,9.672645852985967,77.4702807790957,0.40175247690475435,3.2177211553652065,8.009212986452972,-2.04296875,-3.809785093735711,2.83584
1.9004311425219946,2.77078051883361,0.7358985318999822,1.331333418995829,1.4579746968135903,0.38722714832140537,0.7005428343113046,0.26559250250892,0.4804903924892139,1.8091263418592793,1.95703125,-1.143118427069044,0.17584
2.834012809196211,1.171467842457562,3.017984807017374,1.216257425585862,0.4133601085556901,1.0649157255832382,0.4291644066107167,2.5762421277276375,1.038233728238189,0.4030031638190617,-0.04296875,1.5235482395976216,0.8758400000000001
1.8778599079096154,4.149777198215267,0.21302185991228312,1.2192470113848388,2.20984386574113,0.1134386324640231,0.6492747442177796,0.05133332459484798,0.2938102344167325,5.723576969457,3.95703125,-2.920896204846822,1.57584
0.3861035696217821,0.4858184930557927,4.926247232062649,4.902515341176755,1.258259522261576,12.75887513002867,12.69741003943357,10.140098210499586,10.091248915495147,0.9951825619446311,-3.94921875,-0.25422953818015515,2.2758400000000005
10.154744490047609,0.7416285933488406,12.053615600000429,0.6691051049863898,0.07303271826048315,1.186993489773559,0.06589088535335987,16.252900317087366,0.9022105013036655,0.05551073861907177,0.05078125,2.412437128486511,2.9758400000000003
0.55762896623594,1.536145349936394,1.5647074441674842,3.1230407810040606,2.7547804058773213,2.806001013056119,5.600571294000286,1.0185933539637202,2.033037291121816,1.9959263264486484,-1.94921875,-2.0320073159579337,0.31584
3.541718612925799,2.644082559840276,1.2599539311034995,0.7557365362913723,0.7465535376499066,0.35574648039660517,0.21338130407459488,0.47651837739121544,0.2858218377027626,0.5998128325449797,2.05078125,0.6346593507087341,1.01584
1.754898298697385,0.2060177371603887,5.771113952585976,1.4786124965997685,0.11739582704781827,3.2885745896897407,0.8425630691518157,28.012704304644675,7.177112597099542,0.25620920133403663,-2.94921875,3.3013260173754,1.71584
0.8413744208705435,5.58091642540421,0.24378586393954932,3.953977889398473,6.633094953884874,0.2897471778228197,4.699427260110211,0.04368204885309541,0.7084818312992561,16.219061374202266,1.05078125,-3.5134887974394147,2.41584
1.3278289350087151,5.736045219792566,7.008023183009315,16.340873671427484,4.31986761890749,5.277805746086801,12.306459996912352,1.2217517321564537,2.848804890003713,2.3317379587221274,-0.94921875,-0.8468221307727477,3.11584
3.2866725901414435,1.884318186259979,1.221551954069177,0.4448660914370285,0.5733209300835428,0.37166828169416377,0.13535455060885254,0.6482726553171629,0.23608862594485963,0.36418106487825697,3.05078125,1.8198445358939193,0.45583999999999997
0.27607835463576724,1.2499510386159227,1.7949967166833802,3.9302054014461407,4.527522776151701,6.501765482670804,14.235833180878299,1.4360536222850693,3.1442874800904823,2.18953347653359,-3.44921875,-2.6245999085505263,1.15584
3.8469478540394357,3.6234359460363823,2.4918116665624632,2.296616619860389,0.9418988984297362,0.6477373130873011,0.5969970758633646,0.6876930360224018,0.6338228836010253,0.9216654094202262,0.55078125,0.04206675811614069,1.8558400000000002
3.690025279811734,0.20488339681654733,10.318642845279735,1.4117403694788415,0.05552357539051887,2.796361017289885,0.3825828449475741,50.36348970004168,6.890457652568667,0.13681453953265205,-1.44921875,2.7087334247828068,2.5558400000000003
4.866577658081566,12.54877141109074,0.07610495581946458,2.011146768956448,2.5785618339516114,0.015638290635942634,0.4132568943221702,0.006064733616248854,0.16026642792926923,26.425963293734387,2.55078125,-1.7357110196616365,3.25584
1.1408234916264157,0.625781930989662,3.2845747774939666,2.284752197209885,0.5485352778785398,2.879126176487925,2.0027219056934276,5.248752983806156,3.6510357427492255,0.6956006034221219,-2.44921875,0.93095564700503,0.59584
4.122206167157457,1.0032158650799683,2.5419752913823337,0.33499509496513047,0.2433686779358137,0.6166540896558795,0.08126597297197595,2.5338268461092452,0.3339212492801112,0.13178534665573366,1.55078125,3.597622313671696,1.2958399999999999
0.44928007285128374,3.8274124554636852,0.7150473710378672,4.8296923137917105,8.518990017014616,1.591540364788347,10.749847602055539,0.18682265874354015,1.2618687873310481,6.7543669264619135,-0.44921875,-3.2171925011431184,1.9958400000000003
5.755152698405382,6.522566303909161,0.29754216013615103,0.5930660988647563,1.1333437435493956,0.0517001330335845,0.10304958529233828,0.045617345423966865,0.09092526947703308,1.9932170237433835,3.55078125,-0.5505258344764514,2.6958400000000005
1.298357209621564,0.050951703152250234,41.64349448399712,4.063266258257585,0.03924320886014202,32.07398871080715,3.1295441871824448,817.3131005956957,79.74740797409702,0.09757265351059884,-3.69921875,2.116140832190215,3.39584
0.9931838463444966,2.4497492523847146,0.8480537448513256,2.28748324592608,2.466561716042039,0.8538738804227077,2.3031820889409045,0.34617981576105616,0.9337621977838441,2.6973328752025076,0.30078125,-2.3283036122542295,0.06384000000000001
1.2317435889511579,0.9634833646583326,3.089084188218157,2.582207317729539,0.7822109839262475,2.5078954872811985,2.096383809822233,3.2061624533741666,2.680074625518037,0.8359135460205784,-1.69921875,0.3383630544124365,0.7638400000000001
4.641125791103544,1.426966637787017,2.0137978185704437,0.26985830153862356,0.30746131477891264,0.4339028738308799,0.058145009138926604,1.4112437987292419,0.18911325211998506,0.13400466474345013,2.30078125,3.0050297210791026,1.46384
0.2706586230887397,1.3095008102848522,3.134868332569864,6.0179211333080875,4.838200960829951,11.582370060096137,22.2343595213481,2.3939414988891414,4.595584123387464,1.9196726927203318,-2.69921875,-1.4394147233653403,2.1638400000000004
12.752791873957204,4.2036440538538615,4.115556822925365,0.5403918995331412,0.3296253946116872,0.32271810467869766,0.04237439965100419,0.9790450309778873,0.12855320112979476,0.1313046867735936,1.30078125,1.2272519433013258,2.86384
2.31012618626192,0.5564107556910898,2.8838479121821834,0.7735122132061096,0.2408572999172109,1.2483508170818232,0.3348354811984325,5.182947818110204,1.3901819928792876,0.2682222630183016,-0.69921875,3.893918609967992,0.20384
1.3511509673336646,3.5127473412412438,0.27374061215788276,1.5080062804616272,2.5998185444615656,0.2025980950878326,1.1160901460460027,0.07792778289062925,0.42929540156701596,5.508887660380728,3.30078125,-3.7110196616369455,0.9038399999999999
0.38112562161142255,0.912977262857679,3.0216463739802166,4.402152278847955,2.395475956188815,7.9282163219688835,11.550397111155593,3.3096622412285104,4.821754558343466,1.4568720935564965,-3.19921875,-1.0443529949702786,1.60384
7.223132085930929,2.032857980902032,4.355460438239433,0.7149637357728712,0.28143718773488746,0.6029877879047666,0.0989825088711119,2.1425306042809744,0.35170373065393534,0.16415342210337566,0.80078125,1.6223136716963875,2.3038400000000006
0.1629427565085067,4.448909630088446,1.2563281199516991,11.000050516142538,27.3035127514624,7.710242215560593,67.50868066705537,0.2823901190204043,2.4725273001159733,8.755714642895557,-1.19921875,-2.822130772748057,3.0038400000000003
2.5790123881419116,2.657564625054847,0.7810783388674406,0.8344490992613004,1.0304582627342591,0.30285947537854996,0.3235537382829292,0.2939075616463403,0.31399014398157077,1.0683295871080576,2.80078125,-0.15546410608138972,0.34384000000000003
1.7876840707892716,0.37431395195739975,4.109975975094626,1.543790640343396,0.20938484493635287,2.2990505102392342,0.8635701719162294,10.980023463198021,4.124320325946849,0.375620356347181,-2.19921875,2.511202560585276,1.04384
2.0184051171659108,5.143708827763162,0.3891074541212192,2.1459193065567366,2.548402589756393,0.19277966093723245,1.0631757164636362,0.07564725515196587,0.4171929979733961,5.514978661622389,1.80078125,-1.9332418838591674,1.74384
5.573138094977589,2.398293594820487,6.878768092185609,3.1544146856095394,0.43033091122966893,1.2342719622154406,0.5660033237741302,2.8681926629172723,1.315274615427411,0.4585726169767236,-0.19921875,0.7334247828074991,2.4438400000000002
13.828678619254875,2.3744407285537026,3.1783331929411887,0.05697502708912319,0.1717040936396889,0.22983636256581436,0.004120062997905808,1.3385607628442027,0.023995135529800017,0.017926071192177068,3.80078125,3.400091449474165,3.14384
0.315049963289394,1.2441215307608229,1.4542990787860917,3.2512824442567063,3.9489658013958118,4.616090297557733,10.319894693243276,1.1689365088768602,2.6133157926046304,2.235635359798593,-3.82421875,-3.4147233653406492,0.48384
1.8328009654733037,2.8955575554939297,1.6448076689428048,2.679097907354194,1.5798537921143985,0.8974284169028952,1.4617505980319812,0.5680452339211853,0.9252442253378688,1.6288213861965855,0.17578125,-0.7480566986739823,1.18384
2.1938454870748894,0.35897783342679856,5.984927382909981,2.073553917483323,0.16362949694576392,2.7280532827723607,0.9451686227219428,16.672136342731605,5.7762728625586695,0.34646266943929455,-1.82421875,1.9186099679926842,1.8838400000000002
2.029373249316036,7.271654843223209,0.1390908068700124,2.477844407107202,3.583202274728905,0.0685387998077192,1.220989981977103,0.01912780651293392,0.34075385321903984,17.8145807251149,2.17578125,-2.5258344764517604,2.5838400000000004
0.5604495976121056,0.3991724268493814,16.217903688112763,10.636744060766972,0.7122360842975463,28.93730989764647,18.978948519343575,40.628817516577165,26.64699098763278,0.6558643006718177,-2.82421875,0.14083219021490656,3.28384
3.315373460035677,1.111528583732127,2.3291756785782036,0.535713060240226,0.3352649700345269,0.7025379513513809,0.1615845293743955,2.0954707892060145,0.4819606693707216,0.2300011395307205,1.17578125,2.8074988568815717,0.62384
0.7972747689679467,2.5747455946169446,1.6292466384729427,4.030566981861307,3.2294331826779015,2.04351962696871,5.0554302465620236,0.632779658650249,1.5654233918442535,2.4738838716519123,-0.82421875,-1.6369455875628711,1.32384
5.556820338079276,3.3962668887059886,0.9703551008958853,0.32189085086238073,0.6111888961808534,0.17462416307511755,0.057927165407266494,0.28571226369833386,0.09477784326455696,0.331724799060873,3.17578125,1.029721079103795,2.0238400000000003
2.0592042013553065,0.09617994141172401,15.824215792086228,1.556415534223099,0.04670733545921344,7.684626799843941,0.7558335075262146,164.52719309056795,16.182329822394518,0.09835656658584435,-3.32421875,3.696387745770461,2.7238400000000005
0.742312225349336,10.659489180017264,0.17378342620568896,9.587567063519526,14.359845919283968,0.23411095799197645,12.915814580593182,0.016303166434229403,0.899439635577734,55.169628501694646,0.67578125,-3.118427069044353,3.42384
1.0577674108553246,1.318127298687602,2.0549735826578317,2.394173902048055,1.2461409617656372,1.9427461666607342,2.263421880347112,1.5590099565526587,1.8163449800575575,1.1650631045833264,-1.32421875,-0.451760402377686,0.09184
3.684442722308403,1.7432696752652412,1.4837069119275763,0.3907211453492789,0.4731433778872902,0.4026950678169299,0.10604619878701262,0.8511057887253319,0.22413121210855114,0.2633411910453855,2.67578125,2.21490626428898,0.79184
0.3166247210093941,1.6892745744982263,1.8682532227762898,4.637827727862296,5.335257996005014,5.900528603137276,14.647712007694732,1.1059500042088932,2.7454552373404977,2.4824406409803066,-2.32421875,-2.2295381801554646,1.49184
6.228134812226304,4.564309109875622,1.6754117696216382,0.9149055375565569,0.7328532935599813,0.26900698525868083,0.14689880118852397,0.3670679897635796,0.20044776011708113,0.5460780174435398,1.67578125,0.4371284865112024,2.1918400000000005
7.444287533621875,0.36039474999708576,12.730345947713277,0.597221419354609,0.04841225548709329,1.7100825149777055,0.08022546370720884,35.32333905478983,1.6571312966113914,0.046913212084537775,-0.32421875,3.1037951531778685,2.89184
2.0975799143860447,2.9089836523452974,0.4863595904196094,0.9262565588651703,1.3868285219525227,0.23186701354449488,0.44158344219094164,0.16719227350332264,0.3184124318190645,1.9044685806771844,3.67578125,-1.3406492912665748,0.23184000000000002
0.9364609744652689,0.4031458484640707,3.658759836511672,2.353343765108736,0.4304993581758942,3.9070072712863126,2.5130185125466924,9.075524032930105,5.83745007935626,0.643208045967963,-3.57421875,1.3260173754000917,0.9318399999999999
4.07996076780932,0.6175811011766843,3.7173004865306445,0.43119123475005106,0.15136937248254131,0.9111118214321945,0.10568514240434065,6.019129276216564,0.6981937010839507,0.1159957975720391,0.42578125,3.9926840420667578,1.63184
0.1985020320291685,2.8719807261284034,0.8659749405192846,5.971038254519551,14.468268645765729,4.3625494997050485,30.08048932034181,0.30152533150411115,2.079066269559844,6.895162868037497,-1.57421875,-3.992684042066758,2.3318400000000006
5.242960917030142,10.770769148653121,0.1639580405210257,1.7261350649190401,2.054329475100148,0.03127203179952354,0.32922905439028216,0.015222500664358641,0.16026107709632717,10.527907380655012,2.42578125,-1.3260173754000917,3.0318400000000003
1.2018381743459634,0.5619963643325645,3.2019396367372863,2.000204606839074,0.4676140068844136,2.6642019741799032,1.6642877964228247,5.697438346491724,3.5591059547414474,0.6246852950910853,-2.57421875,1.3406492912665753,0.37184000000000006
1.1047689639034015,3.7237572374048775,0.4042286467193728,2.335090307683964,3.370620789570329,0.3658942819059113,2.1136458245835903,0.10855397410414531,0.6270790921137789,5.776657163303548,1.42578125,-3.1037951531778694,1.0718400000000001
1.7908624821518249,2.605117790317952,3.106323978227003,4.146115717015161,1.4546721572880081,1.7345407641208581,2.3151502465076845,1.1923929082100657,1.5915271595105616,1.3347338352587548,-0.57421875,-0.43712848651120284,1.77184
7.8085625645610035,2.6771782204890684,1.3741248576427998,0.13602199279749555,0.34285160659906666,0.17597667256701463,0.017419594409709735,0.5132735830309324,0.05080797077926586,0.09898808833924327,3.42578125,2.2295381801554637,2.4718400000000003
0.06466480037160972,1.5379615652530105,3.6301176411272187,12.81677134645478,23.783597203034642,56.13745995141086,198.20321523921112,2.360343537278207,8.333609653207615,3.5306765822814867,-3.07421875,-2.2149062642889805,3.17184
2.5604721445553644,2.03757449451897,1.6699520519476811,1.2287362574721201,0.7957807699067168,0.6522047332163712,0.47988659438647974,0.8195784038521365,0.6030386917275384,0.73579133966094,0.92578125,0.4517604023776869,0.51184
2.6479806859727364,0.44498928682363553,4.058242426844206,0.9840304184053308,0.16804853947043374,1.532580070671252,0.3716154062671522,9.119865459710777,2.2113575484691066,0.24247699247739082,-1.07421875,3.118427069044353,1.21184
1.3812916025124993,4.610634503175674,0.17561202078430876,1.8649796517312076,3.3379153936715196,0.1271360952784187,1.3501708461406008,0.03808847148117081,0.40449522738067023,10.619886061341004,2.92578125,-3.696387745770462,1.9118400000000002
0.3752184562702719,1.7082202293300897,4.576306125704662,8.423115337662074,4.5526018264401396,12.196378001215175,22.4485634885584,2.6789907104070214,4.930930563306439,1.8405926321996382,-2.07421875,-1.0297210791037954,2.6118400000000004
21.6687189682979,4.620328749070724,4.014912136606783,0.10891772723999507,0.21322574517812654,0.1852860864770428,0.005026495908657339,0.8689667672271787,0.02357358819151157,0.02712829659381968,1.92578125,1.636945587562872,3.31184
0.7661516360325495,2.7392123127581174,0.8032930565490348,2.9314201580697796,3.575287428664766,1.0484778975462599,3.8261618460411926,0.2932569530326759,1.0701690206401444,3.6492536990961018,-0.07421875,-2.807498856881573,0.65184
3.363749339905349,3.410109459762064,0.5297172983101394,0.5699440326041545,1.013782275423061,0.15747823181291054,0.1694371295276692,0.15533732994808316,0.16713364756447482,1.0759400050221941,3.92578125,-0.14083219021490656,1.35184
1.1955885278100329,0.17732083209013352,6.9541232112917655,2.1838352602380744,0.148312590799891,5.816485395715261,1.8265776305483787,39.21774519847128,12.315728696377956,0.3140345941371976,-3.88671875,2.5258344764517595,2.0518400000000003
1.198603700606936,7.9960690839987825,0.9925456892569603,7.728057142043373,6.671153342801977,0.8280849531453689,6.447549876685783,0.12412920384131983,0.9664820377187915,7.786097129522322,0.11328125,-1.9186099679926842,2.7518400000000005
2.434790484190643,0.36359162496678876,34.58532626178741,10.778156691600094,0.14933179151455878,14.204641625779981,4.4267286083068855,95.12135012721072,29.643577991062344,0.3116395840830523,-1.88671875,0.7480566986739827,3.4518400000000002
3.037824400702293,1.1527655633832001,1.7935267908479255,0.4320230789051358,0.37947076964577037,0.5903984412111815,0.14221463189421332,1.555846954331446,0.3747709791375191,0.24087907753019305,2.11328125,3.414723365340649,0.11984
0.3050592835351998,1.5432798703485455,1.3385987285204137,3.591063995147645,5.058950681533583,4.387995385709864,11.771692221696586,0.8673726355402375,2.3269039298339407,2.68270387430962,-2.88671875,-3.4000914494741656,0.81984
2.737054296563688,4.116933387186449,1.1143154184115056,2.0709765234863853,1.5041475035241971,0.4071221458085447,0.7566442967852158,0.27066637072139743,0.5030386282012959,1.858519131359263,1.11328125,-0.7334247828074991,1.51984
3.9089909429267,0.5477783773414286,7.0261014887676465,1.6846246665260778,0.1401329359262474,1.7974207644254954,0.4309615169547522,12.826540402832109,3.0753763496510858,0.23976662865163867,-0.88671875,1.9332418838591678,2.2198400000000005
2.8149497130819676,8.034092059644502,0.0791571515705439,1.7171942593100837,2.854080135892843,0.028120271990179933,0.6100266201309867,0.00985265677600992,0.2137384344816765,21.69348220899208,3.11328125,-2.511202560585277,2.91984
0.7359293616569323,0.665242158238443,2.716678093171257,2.534898996388648,0.9039483854002804,3.691493008316318,3.4444868331946514,4.0837431295169315,3.8104906085643226,0.9330877304751214,-3.38671875,0.15546410608139016,0.25984000000000007
3.4681356131108467,0.9455495523458827,2.8864476680604563,0.6039931841946636,0.272639151932627,0.8322764707206394,0.17415500763907385,3.0526667385112267,0.6387747555864978,0.20925138913068042,0.61328125,2.8221307727480562,0.9598399999999999
0.5656661284657616,2.295753623682064,2.0920348085244065,4.9876134465117055,4.058495830232516,3.6983561561279386,8.817238995800318,0.9112627709453764,2.1725386361417476,2.3840967780214246,-1.38671875,-1.622313671696388,1.6598399999999998
7.165708808898638,3.8782994071823236,1.2731506958311762,0.31738838158490423,0.5412303947330528,0.17767268106821915,0.044292670836799816,0.32827550484457063,0.08183699819491101,0.24929364813149418,2.61328125,1.0443529949702794,2.3598400000000006
