RSS0/RSS1,RSS0/RSS2,RSS0/RSS3,RSS0/RSS4,RSS1/RSS2,RSS1/RSS3,RSS1/RSS4,RSS2/RSS3,RSS2/RSS4,RSS3/RSS4,X,Y,Z
0.3463658141866806,1.2528236256091838,1.2938810931534543,2.9131722101666098,3.617053341568952,3.73559121644751,8.410680531527568,1.032771945471819,2.325285180306273,2.251499172204928,-4.0,-4.0,0.0
1.3136712527318297,2.862727225445745,0.3424588415249733,1.2864636619121548,2.179180841091403,0.2606883882195161,0.9792888892383877,0.11962678053325539,0.44938394775347273,3.7565497102761807,4.0,-4.0,0.0
1.2959336256614111,0.3542544632208181,3.0715875342110555,1.2918362883642849,0.273358493217595,2.3701734976152014,0.996838312382677,8.670568343119044,3.646633768899171,0.420576094275658,-4.0,4.0,0.0
2.982246256712152,1.3094771110208723,1.335298351178623,0.3460985825230194,0.439090872550725,0.4477491917957017,0.11605298581364772,1.019718741122264,0.26430288823696957,0.25919194928798484,4.0,4.0,0.0
0.04450453339560381,1.2575541431060442,1.7969547673124915,17.969562743190643,28.256765033969916,40.37689264909799,403.7692651096459,1.4289283504519152,14.28929548815088,10.000008386446895,-4.0,-4.0,3.5
2.1958290943149312,14.424479288302694,0.035065484274295,1.9199441374445219,6.569035507202319,0.015969131825915143,0.8743595493908501,0.0024309705448245056,0.1331031851528582,54.753104860210094,4.0,-4.0,3.5
2.1997547377750797,0.035962925792072505,45.59919098000337,1.7648535700244736,0.016348607039913393,20.729215942557406,0.8022956103776904,1267.9499783650817,49.07424885918235,0.03870361583385143,-4.0,4.0,3.5
23.189557054563753,2.523751075975008,9.623246272025568,0.032843695798791116,0.10883136189435444,0.41498189246920925,0.0014163140641932793,3.8130726772678214,0.013013841226834353,0.003412953890026338,4.0,4.0,3.5
0.6425761467435293,0.5185417076430994,3.358699341529888,2.9795559482333953,0.8069731661702414,5.226928136923891,4.636891617177664,6.4772019145692425,5.746029498333346,0.8871160068993276,-3.81005859375,0.28877711730935296,1.0769920000000002
4.411254689602469,0.7271084809288907,4.21240510568992,0.5936557463773325,0.1648303106693701,0.9549222164883732,0.13457752683756996,5.793365386563112,0.8164610397872536,0.14093035486436242,0.18994140625,2.955443783976019,1.776992
0.32946694371142937,2.320774194013707,3.2032512936633073,8.087560605242466,7.044027445880599,9.722527114795902,24.547411385605127,1.3802511687375252,3.484854591241072,2.5247974210582016,-1.81005859375,-1.4890006604684252,2.476992
16.984126257708528,5.93404335085715,2.1485368224001626,0.18591313919900787,0.3493876141060766,0.12650264074815232,0.010946288103259247,0.3620696202176909,0.03132992602289523,0.08653011540724795,2.18994140625,1.1776660061982422,3.176992
1.6414567459707332,0.3395201452322921,3.4632970502504787,1.1807741270902263,0.20684075048928868,2.109892361618299,0.7193452584045607,10.200564234210516,3.4777733918627036,0.34093931590558435,-2.81005859375,3.8443326728649083,0.5169919999999999
0.8683095091519789,3.6742354291320845,0.3742762230618224,2.59965148347718,4.231481275289119,0.43104010622589345,2.9939226233006355,0.10186506289016778,0.7075353590206006,6.945809867937492,1.18994140625,-3.7606055987400295,1.216992
1.0619891320043053,3.000752228989069,2.536533024255975,5.345172270368918,2.8255959863974427,2.3884736178690873,5.033170405690413,0.84529905526739,1.7812774472785002,2.10727485873628,-0.81005859375,-1.0939389320733635,1.916992
8.627864337487612,3.572212653286632,1.2151377639278123,0.1614838085705849,0.4140320841353007,0.14083876570104414,0.018716544703762474,0.34016389332528085,0.04520554184309575,0.1328934161741501,3.18994140625,1.572727734593304,2.616992
0.04734141545120064,1.4648199423199062,2.7049156199155284,14.24962259222278,30.94161694066451,57.13634867347272,300.99696970216786,1.8465857418841682,9.727900461032066,5.26804699093267,-3.31005859375,-2.8717167098511407,3.316992
2.194300795020271,2.3811199453731624,1.5144134592548801,1.6670262829170766,1.0851383505747514,0.6901576405074811,0.7597072774617832,0.6360088924531457,0.7001017677233495,1.1007735521165303,0.68994140625,-0.20505004318447462,0.656992
2.487014657673195,0.45771687707852704,4.4800954290273,1.3311820397145788,0.184042693784024,1.801394863196663,0.5352529932252222,9.787918369150901,2.90830883975947,0.2971325188944914,-1.31005859375,2.4616166234821923,1.356992
2.4566373476641434,5.64465416650864,0.2264523302937137,1.5672803395541763,2.297715685172569,0.09217979630124587,0.6379779013961507,0.040118016731179144,0.27765746019540083,6.921016610963459,2.68994140625,-1.9828278209622523,2.056992
1.293966969545146,0.39818574725667166,10.583056500444291,5.700506860466186,0.30772481572434696,8.178768662205062,4.405450057562152,26.578190137032763,14.31620016472268,0.5386446590573215,-2.31005859375,0.6838388457044156,2.7569920000000003
22.23821969233138,1.280473708238731,20.68647846043811,0.052359891376858876,0.05757986592246362,0.9302218768695603,0.0023545001399061924,16.155332458088495,0.04089103199852419,0.002531116713605684,1.68994140625,3.3505055123710816,3.456992
0.6569212663654684,2.338218932443374,0.7638640725038466,2.666411379843235,3.559359472985215,1.1627939474848454,4.058951226523114,0.3266862918202573,1.1403600162696952,3.4906882989051793,-0.31005859375,-3.4643093024437333,0.124992
2.6116404035692877,3.2232720719478585,0.49174994536836614,0.7881750783646114,1.2341944425207478,0.18829159814509655,0.3017931095289478,0.15256234484456543,0.2445263883319377,1.6027964736715843,3.68994140625,-0.7976426357770672,0.8249920000000001
1.0897469723338888,0.27564972444305363,4.796575209196559,2.3211066904541533,0.2529483737428518,4.401549470629712,2.129950116294507,17.400979518074873,8.420493418391462,0.4839091621046312,-3.56005859375,1.8690240308896007,1.5249920000000001
0.9412726763018888,5.593258834810822,0.5347467361149696,4.625440920305654,5.942230105717983,0.5681103356956081,4.914028672837161,0.09560557662500095,0.8269670789269129,8.649778685720099,0.43994140625,-2.5754204135548444,2.2249920000000003
1.6940691354553852,1.3776385686939092,11.275838369860587,9.43142974428119,0.8132127195172493,6.656067414172865,5.56732281280003,8.184903229408578,6.846084276823636,0.8364282490507,-1.56005859375,0.091246253111823,2.924992
3.1873339552338558,1.4002111129514443,1.6026874453979463,0.4316905897949134,0.4393048022634046,0.5028300981032144,0.1354393972699482,1.1446041461702947,0.30830393060155875,0.2693541969362123,2.43994140625,2.757912919778488,0.264992
0.4368587426254953,1.3107389954279705,2.074947885360537,3.7851109770563074,3.000372586228918,4.749699806601609,8.664381887628055,1.5830366629803703,2.887768648265803,1.8241956840273206,-2.56005859375,-1.686531524665956,0.9649920000000001
4.883843262428213,2.732447755626112,2.0880589168515735,0.782554665420322,0.5594871925245933,0.4275442115260278,0.1602333701903532,0.7641715793292877,0.2863932764346698,0.37477614214079613,1.43994140625,0.9801351420007114,1.6649919999999998
4.669654820448632,0.3350029889943416,7.3941026735478115,0.6151682920704525,0.07174041805560193,1.5834366688451356,0.13173742294111387,22.071751346889332,1.8363068757002736,0.08319715308676999,-0.56005859375,3.6468018086673775,2.3649920000000004
2.3408859873615198,7.8422887066798985,0.06240855923643478,1.7914003478389302,3.350136977631776,0.026660230174976297,0.7652659537930205,0.007957952272692597,0.2284282579794662,28.704401603828273,3.43994140625,-3.168013006147437,3.064992
0.6433417584806627,0.838564078204581,2.5161029918908264,2.868765714605166,1.3034504089785217,3.910989701388169,4.4591629204672465,3.000489834095878,3.42104531921684,1.1401622762863601,-3.06005859375,-0.5013463394807709,0.40499199999999996
3.8180824058532497,1.3067194055622484,2.662023126763445,0.6322851332758819,0.3422449456719434,0.6972146862735266,0.1656027990141248,2.037180373561563,0.48387215387210497,0.2375205259935627,0.93994140625,2.1653203271858965,1.1049920000000002
0.4719182005804801,2.9813112198661478,1.4091536962085955,5.168587419765697,6.317432165572347,2.986012606581553,10.952295150744574,0.4726623932512026,1.7336624855950973,3.6678663467810946,-1.06005859375,-2.279124117258548,1.804992
6.8964314554042305,5.185368236017642,0.7538633324853932,0.4224317133628967,0.7518915064332651,0.10931208950023645,0.06125366663825358,0.14538279600840065,0.08146609732143612,0.5603558299754309,2.93994140625,0.38754254940811883,2.504992
4.083684076976581,0.06266326061939201,33.131725685004305,1.5935745803438601,0.01534478657952055,8.113195110218685,0.3902296432107177,528.7264875385567,25.430763809483395,0.04809814603364066,-2.06005859375,3.054209216074785,3.204992
1.915663285184753,3.160262903152226,0.6499237625842064,1.4657982600006294,1.6496964407017067,0.3392682668246291,0.7651648759658005,0.20565496684973122,0.4638216202008254,2.255338771077347,1.93994140625,-1.3902352283696597,0.5449919999999999
3.1531642180107338,1.3315136317809362,3.3932945146451887,1.4120547787027962,0.4222785556728665,1.0761553411214175,0.4478215154913918,2.5484489483645496,1.0604884133361323,0.41613092309213956,-0.06005859375,1.2764314382970081,1.2449919999999999
5.542453846046935,1.5397684016436732,1.6636701268315561,0.16628964404788205,0.2778134819727706,0.3001685125475861,0.0300028919801444,1.0804677671366811,0.10799652978355125,0.09995349520675657,3.93994140625,3.943098104963674,1.944992
0.11187073527808969,1.3543870424221822,1.618032225148427,7.131984580067927,12.106714406188802,14.463409229646182,63.752013092066925,1.1946601484423112,5.265839347748856,4.407813682087629,-3.96630859375,-3.925214652237972,2.6449920000000002
2.9371088594328967,16.596045985147363,2.7650234949237995,17.605404987419224,5.650470166213643,0.9414099467384659,5.994127500884837,0.1666073652361748,1.0608192459321446,6.367180973232347,0.03369140625,-1.2585479855713055,3.344992
1.4858301031783359,0.6086073907768469,3.5058012123703763,1.955132647127556,0.409607659364941,2.3594899611140767,1.3158520903199742,5.760365821215963,3.212469445420239,0.5576849709073016,-1.96630859375,1.4081186810953614,0.684992
1.3353826210558004,4.236558589545937,0.29769666246925336,2.079456784355605,3.1725428523222545,0.22292986128116893,1.557199226324747,0.07026851067369745,0.49083630980268717,6.985153166002911,2.03369140625,-3.0363257633490828,1.384992
0.49085734662683944,0.7230485235579166,4.4311938206291615,5.044437167579871,1.4730318870170522,9.02745747024105,10.276788566464633,6.128487475258941,6.9766232876842444,1.1383923546958814,-2.96630859375,-0.3696590966824167,2.084992
10.64449229439473,1.595213311241143,5.660979579318682,0.28947468892407663,0.1498627897998634,0.5318224132023366,0.02719478589660032,3.5487289000329376,0.18146456457215315,0.051135087994596845,1.03369140625,2.29700756998425,2.7849920000000004
0.19262582242814222,7.375203484391218,2.149490594150801,22.529689104213343,38.287719639159434,11.158891196701596,116.96089766271028,0.29144831036865004,3.054788813880848,10.481408555832338,-0.96630859375,-2.1474368744601944,3.484992
2.63962175478965,2.2371941702124594,0.9073736986610663,0.6803235255876655,0.8475434657079269,0.3437514094641088,0.2577352320851289,0.4055855815925427,0.3040967720397096,0.7497721463511239,3.03369140625,0.519229792206473,0.018592000000000004
1.364023140525851,0.30967429447904626,3.697326956981757,1.4889293153230654,0.227030088624202,2.7106042757869804,1.0915718883985073,11.939405442746336,4.8080494308636,0.4027042597656889,-3.46630859375,3.185896458873139,0.718592
0.710681588180196,3.685412019035519,0.45848978342901925,3.2148527047286364,5.185742926691762,0.6451409337943442,4.523618957064493,0.1244066555003549,0.8723183969997392,7.011830625068534,0.53369140625,-3.6289183559416758,1.4185920000000003
0.7269248140747432,2.1675011180085004,3.483591887632799,6.30050832750132,2.981740444185243,4.79223135623296,8.667345240540234,1.607192660105072,2.906807417608267,1.8086241243898111,-1.46630859375,-0.9622516892750093,2.1185920000000005
11.081297568901018,3.5406772470903367,1.889836003198842,0.1389373398538456,0.31951828971970125,0.1705428440530783,0.01253800279163739,0.5337498651569764,0.039240328942159786,0.07351819926103244,2.53369140625,1.7044149773916581,2.818592
0.4415228758795306,1.4665624958230232,1.3955970188567732,3.0742308204394657,3.3216002520856347,3.160871372919671,6.962789446221737,0.9516110106672102,2.096215353382695,2.2028069556624397,-2.46630859375,-2.740029467052787,0.15859199999999998
2.805839139287018,2.8363500567943807,1.1931175946789752,1.214248667532997,1.0108740793726028,0.42522665607343185,0.432757762386031,0.4206524479659703,0.4281025413715439,1.0177108048261645,1.53369140625,-0.07336280038612042,0.858592
3.4555632311485587,0.6151953556960706,4.405145210435784,0.9458052018212512,0.17803041488307314,1.274798033133257,0.2737050774518413,7.16056317663765,1.537406277638601,0.21470465935620908,-0.46630859375,2.5933038662805457,1.5585920000000002
2.945952688495438,5.624928579415101,0.1853234269274121,1.0984946108467506,1.9093750559476481,0.0629078082791821,0.37288263831819224,0.03294680533467016,0.1952904104181489,5.92744602805673,3.53369140625,-1.851140578163898,2.258592
0.64038769464554,0.19770462452294243,12.133389050657216,5.600267589027698,0.3087264577005553,18.94694284744673,8.745120550961701,61.37129609352769,28.326436989225922,0.4615583960628341,-3.71630859375,0.8155260885027689,2.9585920000000003
2.7485335242477698,0.7640983072519982,2.6445127626710994,0.6477642025715714,0.2780021784384529,0.9621540866578516,0.2356762967804274,3.460958802777381,0.8477498201784918,0.2449465216107692,0.28369140625,3.482192755169435,0.29859199999999997
0.36751403011824124,2.083023301732361,1.0998644623318525,3.72901156605575,5.66787423343317,2.9927142155035287,10.146582879723002,0.5280135183399736,1.7901919594247893,3.3904282698158745,-1.71630859375,-3.332622059645379,0.9985920000000003
3.457011372935477,4.623817013930781,0.6191389367567994,1.172731915552832,1.3375186006416073,0.17909658660771646,0.3392328774889224,0.13390212780727226,0.2536285307181466,1.8941336845908732,2.28369140625,-0.665955392978713,1.6985920000000003
1.6736025034021509,0.16962113290056985,8.906964296410498,2.6032257136979644,0.101350907730933,5.322030935245464,1.555462368397542,52.51093507099536,15.347295877477416,0.29226856952228525,-2.71630859375,2.000711273687954,2.3985920000000003
1.7802579806551986,10.730329793321312,0.155167434216783,5.313155564904457,6.02740159567894,0.08716008348389813,2.984486306276254,0.014460639813080219,0.49515305374970203,34.24143469100285,1.28369140625,-2.4437331707564907,3.098592
1.5893041812554767,1.3777365727023574,2.372685350093,2.0666068209549167,0.866880354907271,1.4929082664456896,1.300321766801364,1.7221618392833278,1.500001424003267,0.8709991069291653,-0.71630859375,0.2229334959101763,0.4385919999999999
4.089002841294824,1.646165978092004,1.4523030340005243,0.27141564372415544,0.4025837207710839,0.35517290898742393,0.0663769760644649,0.8822336588949692,0.16487744695024067,0.18688637107402575,3.28369140625,2.8896001625768424,1.138592
0.27465346452951556,1.080348571105959,2.768340776622855,5.003615896496255,3.9334969721085016,10.079395071039988,18.21792383018909,2.5624514630392747,4.631482866103136,1.807442182967174,-3.21630859375,-1.5548442818676018,1.838592
8.796816630290586,3.2366322451729674,4.757657801986136,1.0995390743897577,0.367932216982685,0.5408385785380383,0.12499283781858674,1.469940803154757,0.33971702408563187,0.23110932314861804,0.78369140625,1.1118223847990656,2.5385920000000004
6.48445593916635,0.11097471989278823,40.2110484733916,0.6965214828055657,0.017113960050602995,6.201144529414627,0.10741402044210843,362.34422138879165,6.276397755078539,0.017321644404931818,-1.21630859375,3.7784890514657317,3.238592
1.2037708497965722,3.273067429549649,0.3230997800012827,1.644929677721845,2.719012036304726,0.2684063832048134,1.3664807367613403,0.0987146726903023,0.502565166507485,5.091088820039786,2.78369140625,-3.8264492201392066,0.578592
0.5410202851945329,1.3323272583905845,2.5575064995223986,4.130001254933809,2.462619784970768,4.727191511133088,7.633727177990743,1.9195783043662995,3.0998399446715066,1.6148546467839147,-2.21630859375,-1.1597825534725401,1.2785920000000002
6.0894049124883,2.5642917132313574,2.217394656743393,0.43300319654568986,0.42110711146378943,0.36413979503906957,0.07110763740766791,0.8647201273170178,0.1688587902505237,0.19527565615298537,1.78369140625,1.5068841131941264,1.9785920000000001
0.4641080942349485,5.61254764308066,0.6377896137518141,7.010189524416387,12.093190601065844,1.3742264392159937,15.104648273743686,0.1136363830315281,1.2490209384785869,10.991382382630478,-0.21630859375,-2.937560331250318,2.6785920000000005
11.366669478476638,9.898485844564735,0.2266074571154398,0.3474470863146624,0.8708343163587203,0.01993613499051173,0.030567184782892734,0.022893143524559376,0.03510103381169614,1.5332553073823325,3.78369140625,-0.2708936645836513,3.3785920000000003
1.0951230650332224,0.4053909831871888,3.0556514899178313,1.6806144712964544,0.3701784722933313,2.7902357164079388,1.5346352615132528,7.537541821710642,4.145663177023433,0.5500020132667837,-3.84130859375,2.3957730020830157,0.046592
1.038994827945314,2.8635021645273593,0.938158813568999,2.76749924755265,2.756031201993698,0.9029484924619641,2.663631399422436,0.3276263678759428,0.9664736006963852,2.9499261825664314,0.15869140625,-2.048671442361429,0.746592
1.37701635765159,0.7779746371052068,4.311043793060794,3.061574298387232,0.5649712385639274,3.1307135671307442,2.2233390920704417,5.541368043953089,3.935313765213673,0.7101700760533328,-1.84130859375,0.6179952243052389,1.4465920000000003
6.414276813520515,1.3355214964709605,2.59914041841968,0.17921655229464248,0.20821076721476126,0.40521176338087067,0.027940258505351034,1.9461614247975498,0.13419218842093672,0.06895223937289587,2.15869140625,3.284661890971905,2.146592
0.08883962168837924,1.985713273161056,1.5528878477295507,8.930993173424817,22.35166286644374,17.47967650263731,100.5293922204201,0.782030250146593,4.497624754860793,5.751215830868057,-2.84130859375,-3.5301529238429104,2.8465920000000002
1.8019639186250642,2.502389535869278,1.0112576749311009,1.5689756199942695,1.388701244239481,0.5611975159317903,0.870703127724905,0.4041168093279335,0.6269909610412594,1.5515092333921392,1.15869140625,-0.8634862571762438,0.18659199999999998
2.358616194521531,0.7743723385474731,3.5472611459953303,1.410701979824803,0.32831638328700713,1.5039586153248337,0.5981057804578409,4.580821097831433,1.8217360171605865,0.39768765866516786,-0.84130859375,1.803180409490424,0.8865920000000002
1.870265987953747,4.4551669938884055,0.230177322522443,1.44290832432796,2.38210341340955,0.12307197158318607,0.7714989919196691,0.051665251344831756,0.32387300550290044,6.268681503962112,3.15869140625,-2.6412640349540215,1.5865920000000002
0.5189054632940666,0.4886140193861539,5.49333690638526,4.927168368352906,0.9416243496154011,10.58639250300619,9.49531025762327,11.242691958136083,10.083968475859352,0.8969354059871588,-3.34130859375,0.02540263171264545,2.2865920000000006
11.618935267624554,0.9831456686547445,9.288404646984045,0.29680767918984435,0.08461581427294972,0.7994196054147588,0.02554517022027661,9.44763827286503,0.30189593328115,0.03195464565448471,0.65869140625,2.6920692983793115,2.9865920000000004
0.7089944216467795,1.7414108033292703,1.520733931646564,2.976644153864939,2.4561699643341344,2.1449166385743337,4.19840278425759,0.8732769595429113,1.7093290957964198,1.9573734049861031,-1.34130859375,-1.7523751460651327,0.326592
3.6940510241594544,2.5673663177845656,1.114762614966049,0.5525861587656133,0.695000231722231,0.30177239233442976,0.14958812294460633,0.43420473628710726,0.21523463751072797,0.495698502395905,2.65869140625,0.9142915206015347,1.0265920000000002
2.16993639149352,0.22502360310604946,5.704088152521408,1.2132930838484666,0.1037005526927776,2.6286891057647126,0.5591376266165035,25.348843738108563,5.391848086605671,0.21270587890759513,-2.34130859375,3.580958187268201,1.7265920000000003
1.2092930338309107,6.088606433972998,0.1780303846571605,3.177085111690122,5.034847852124763,0.14721856462959962,2.6272251826552386,0.029239923221805346,0.5218082571346263,17.845746487647872,1.65869140625,-3.2338566275466136,2.4265920000000003
4.241875827538508,9.80547363397208,7.682814315393587,15.088358834761674,2.3115890310400804,1.8111832188760224,3.557001536161704,0.7835230201196687,1.5387689976021648,1.9639103869177275,-0.34130859375,-0.5671899608799476,3.126592
3.288336751520825,1.8581623536435175,1.1247397769313923,0.38372335650016226,0.5650766615627596,0.3420391103226307,0.11669223242500752,0.6052968271184608,0.20650690492558454,0.3411663429803007,3.65869140625,2.09947670578672,0.46659199999999995
0.28575139924618775,1.145229327011519,1.9506992277118602,3.900831046253874,4.0077820442266745,6.82656054478755,13.65113541541447,1.7033262960547983,3.406157137481896,1.9997091252399213,-3.59130859375,-2.3449677386577252,1.166592
4.090131189314228,3.0921100245090307,3.0529913637107495,2.1619215654266246,0.7559928719615152,0.7464287139950222,0.5285702255895375,0.9873488781161684,0.6991735573089438,0.7081322243895649,0.40869140625,0.3216989280089413,1.866592
3.55073385940755,0.17412842670129663,10.728884089664854,1.2885716065644954,0.04904012342123283,3.0215962430524153,0.36290289770675666,61.61477647799229,7.400122030476602,0.12010304108008565,-1.59130859375,2.9883655946756074,2.5665920000000004
5.8302502108694165,13.382030227090796,0.106130262019722,1.9815982674809367,2.2952754587002957,0.0182033803320931,0.33988219987310586,0.00793080423662997,0.148079045843833,18.671378264501975,2.40869140625,-1.4560788497688364,3.266592
1.1760073104006488,0.5523916803689272,3.3908415151708278,2.164826526046852,0.46971789672016184,2.883350711498228,1.8408274395074353,6.138473180671689,3.9190063916259996,0.6384334143490011,-2.59130859375,1.2105878168978306,0.606592
4.035898600201181,0.8996477907937254,2.6582619653951536,0.3391640583722277,0.22291139592775694,0.6586542995065945,0.0840368135996581,2.954780740416057,0.3769964888959445,0.12758865107630976,1.40869140625,3.8772544835644966,1.3065920000000002
0.3714715247376325,3.5362954947417102,0.6455373814194457,4.714727454322143,9.519694671723139,1.7377842941673223,12.692029241412566,0.1825462217112022,1.3332391089298679,7.303570002336848,-0.59130859375,-3.727683788040441,2.0065920000000004
4.8671432209530225,7.072093144796081,0.2105247863530923,0.8329350481072397,1.453027540745208,0.04325428219304999,0.17113427945195023,0.029768384273615594,0.11777772592264929,3.9564702215645076,3.40869140625,-1.0610171213737747,2.7065920000000006
1.448644313836202,0.061904392523869506,36.75224932875011,5.392107507994576,0.042732637634105286,25.370098772848728,3.722174902765167,593.6937239886319,87.10379487070246,0.14671503394967728,-3.09130859375,1.6056495452928923,3.4065920000000003
1.0185636746485633,2.693168258460994,0.6349850313951882,2.1100616840070168,2.644084337084004,0.6234122099575935,2.071605081277864,0.23577621984823527,0.783486764103186,3.3230101178460734,0.90869140625,-2.8387948991515524,0.074592
1.302714831145656,1.4321472146373815,2.5588591429846415,2.7032025465404623,1.0993558838797421,1.9642511790046067,2.075053175039978,1.7867291273073087,1.8875172321058564,1.056409280656011,-1.09130859375,-0.17212823248488585,0.7745920000000001
4.678776144858326,1.8382984339370592,1.5620239735797463,0.26057328302878097,0.39290155737782645,0.3338531114159651,0.055692615966492484,0.8497118556720851,0.14174699723304157,0.16681772331036368,2.90869140625,2.4945384341817807,1.4745920000000003
0.2594334830873981,2.0211236102270416,2.353968595046978,6.484223865459924,7.790527214045706,9.07349570700545,24.993781790592983,1.164683141167475,3.208227261632713,2.75459234209984,-2.09130859375,-1.9499060102626635,2.1745920000000005
11.636833123754561,6.238293274206438,1.9423014168618682,0.5110505713133494,0.5360816991928888,0.16690979377344503,0.043916636586472046,0.3113514115940541,0.08192153668478487,0.26311599573409267,1.90869140625,0.7167606564040039,2.8745920000000003
2.5416637238810584,0.7058829982678374,2.722591921400689,0.7324348613568779,0.27772477988943844,1.0711849470170498,0.28817142664272977,3.8570016958641062,1.0376151049879312,0.26902116898226264,-0.09130859375,3.38342732307067,0.214592
1.5331571208162842,3.4775988890041942,0.26817516593519813,1.2873699762015531,2.2682599466078526,0.1749169490159079,0.8396856125979646,0.07711503669475515,0.37018932237184776,4.800481699012478,3.90869140625,-3.4313874917441445,0.9145920000000002
0.3800486210126899,0.676385182205919,3.214878835567566,4.035110459844317,1.7797332888713058,8.459125116678743,10.617353245730062,4.7530296643737335,5.965699080935611,1.2551360925961443,-3.90380859375,-0.7647208250774784,1.6145920000000002
6.177525261764612,1.1469254257225536,6.010627679537613,1.0072013638214456,0.18566098512318088,0.9729831000028442,0.16304285634499183,5.240643850711538,0.8781751116790502,0.16757008045105332,0.09619140625,1.901945841589189,2.314592
0.0965193714417431,3.0819012892987048,2.049290001504291,11.791873817550602,31.930391208140744,21.231903719360584,122.17105894300099,0.6649434258715706,3.8261685598093496,5.754126457892597,-1.90380859375,-2.542498602855256,3.0145920000000004
2.6228628936196388,2.4580169908876934,1.0235520071214825,0.9303811537456427,0.9371503927510094,0.39024228434180425,0.3547197057112221,0.41641372330458737,0.37850883748758907,0.9089730148271971,2.09619140625,0.12416806381141132,0.354592
1.5229058410514529,0.30410291074763574,4.130355206308502,1.585337364540306,0.19968595729968136,2.7121540248718197,1.0409949990379896,13.582096916317047,5.213160770617948,0.38382591456515397,-2.90380859375,2.7908347304780765,1.0545920000000002
1.9245055558120445,5.0458386732718985,0.6518937112326849,2.8047340084047723,2.6218883380374596,0.33873308874788804,1.4573790135000757,0.12919432297465314,0.5558509080485692,4.302440658771226,1.09619140625,-1.6536097139663672,1.754592
3.8908577467574803,1.0517438550057414,8.421869678476783,3.479917894661294,0.27031156712995535,2.1645277793811166,0.8943832237406647,8.007529246206824,3.3087123619489054,0.4132001595268911,-0.90380859375,1.0130569527002997,2.4545920000000003
14.080056846138966,1.8144038314788677,5.107451365977377,0.05508809906132245,0.12886338821681773,0.36274366089494464,0.003912491239439045,2.8149474099238656,0.030361542510865258,0.010785829391990819,3.09619140625,3.679723619366966,3.154592
0.33088800135780083,1.302339549007958,1.4758611472243301,3.300522179695303,3.9358923371769303,4.460304215227283,9.974741199897219,1.1332383696314454,2.534302350112486,2.2363365184473043,-3.40380859375,-3.135091195447848,0.494592
2.3471864327003287,3.0390101262952913,1.5635613096242138,2.147191013500281,1.2947459494297824,0.6661427860357089,0.9147935517972628,0.5144969067708488,0.7065428953071033,1.373269471611789,0.59619140625,-0.4684245287811821,1.194592
2.7652803764624587,0.3892463863056905,5.9151271554054965,1.642879477538456,0.14076199636712494,2.1390695879354356,0.5941095490794837,15.196357277829973,4.220667256877854,0.27774203907639117,-1.40380859375,2.198242137885485,1.894592
2.5548773343061577,7.287382254538899,0.13201838970473123,1.9175135589662984,2.852341345976195,0.05167308345180658,0.7505305766419694,0.018116023709680445,0.26312789586027097,14.524594363368296,2.59619140625,-2.24620230655896,2.5945920000000005
1.0262406874661258,0.3814995241515653,20.065005615783694,10.240959448365702,0.3717446879771641,19.551949031884394,9.979100978398634,52.595099981860265,26.84396388472843,0.5103890646464548,-2.40380859375,0.42046436010770716,3.294592
3.4148795370686558,1.1419575158271513,2.152463398559084,0.4465057867606197,0.33440638342616663,0.6303189834938557,0.1307530124895421,1.8848892088599245,0.39100034858757704,0.20743943291185463,1.59619140625,3.0871310267743732,0.6345919999999999
1.1170355798479445,2.876143096461063,1.609379826479809,3.6987743183621524,2.5747998974684183,1.4407596817094082,3.3112412756500063,0.5595618063858029,1.286018878168229,2.298260645190557,-0.40380859375,-1.357313417670071,1.3345920000000002
5.574727177405186,3.1283833258300766,0.9294139981091087,0.26130692960290247,0.5611724531578269,0.16671918975265693,0.046873491973203694,0.2970908297698782,0.08352778492500372,0.28115234990491966,3.59619140625,1.3093532489965964,2.034592
1.9240068057591126,0.09590928142441212,17.280237468786293,1.5049793521077908,0.04984872253950855,8.981380636004774,0.7822110335592105,180.17273419366788,15.69169667165,0.08709251564547484,-3.65380859375,3.9760199156632625,2.7345920000000006
0.3653114467806465,7.7698171483372604,0.19305044162177878,9.904337909607902,21.26902186287827,0.5284544005479717,27.112038226261834,0.024846201388805084,1.2747195616730091,51.304404312176175,0.34619140625,-3.980084336737286,3.4345920000000003
0.7525527069535453,1.4417414339215342,1.7482557468722115,2.7636586610005485,1.9158012729207183,2.3231007352952497,3.67237887189096,1.212600058331513,1.9168892534935353,1.5808091384484138,-1.65380859375,-1.3134176700706197,0.102592
3.5673430224891622,2.1172675687372418,1.368518297371164,0.5453208829544962,0.59351387163769,0.38362397132649767,0.15286471738677687,0.6463605817130431,0.2575587946495259,0.39847540511663065,2.34619140625,1.3532489965960472,0.802592
0.24217297865618215,1.7256822117599302,1.4844916019997836,4.484254367813757,7.125824777544302,6.129881253627995,18.51674118515156,0.8602346317783682,2.5985400656361337,3.020734076078937,-2.65380859375,-3.091195447848397,1.5025920000000004
4.639170543933537,6.031852875846477,1.2281158885875703,1.9981832704687519,1.300200718797479,0.2647274716368273,0.4307199426159701,0.20360508020766727,0.33127188470894825,1.6270315277549414,1.34619140625,-0.4245287811817309,2.202592
6.928145155127938,0.41524417714110934,13.726321010977918,1.3457618865914325,0.059935836770648794,1.9812403902678397,0.1942456251216609,33.05602285739796,3.2408928545531714,0.09804243143629897,-0.65380859375,2.2421378854849356,2.9025920000000003
1.7457427667600833,3.0541092840210355,0.41828582785761687,1.1688558855182525,1.749461227720934,0.23960335727692103,0.6695464576877652,0.1369583695141722,0.38271580248737486,2.794395142443428,3.34619140625,-2.202306558959508,0.242592
0.8070894396881891,0.5727700177184166,3.4138128583721583,2.8277483652380058,0.7096735374702716,4.229782587281839,3.503636928182926,5.9601807929311805,4.936969949129171,0.8283255358603309,-3.15380859375,0.46436010770715885,0.9425920000000002
4.556340097665931,0.9141915558855279,3.3515689242934794,0.4208028485343211,0.20064164138094942,0.7355835720012169,0.09235545185704752,3.6661560727795126,0.46030051997878296,0.12555398920313943,0.84619140625,3.131026774373825,1.6425920000000003
0.24053835420665698,3.345289577936259,0.812290624052462,5.992808617984825,13.907510047491948,3.3769692435601675,24.914149919044274,0.2428162361219479,1.7914169994460827,7.3776656291896066,-1.15380859375,-3.68378804044099,2.3425920000000007
6.343351234667438,9.900107930286273,0.18906957930761117,1.0911516257290066,1.560706251954107,0.029805945203588195,0.17201500994705873,0.019097729099418415,0.11021613435051254,5.77116440267597,2.84619140625,-1.0171213737743234,3.0425920000000004
1.4371536554565987,0.5719538506833542,3.2602335189239318,1.7766615201158031,0.39797682628559194,2.268535105168084,1.2362363017831515,5.700168842344006,3.1063022269945355,0.5449491607896252,-2.15380859375,1.649545292892344,0.38259200000000004
1.3446193185742894,3.8661793067269827,0.37633052498629255,2.034853583213887,2.875296564105834,0.2798788622086129,1.5133306171530083,0.09733912866676772,0.5263215753271792,5.40709150098309,1.84619140625,-2.7948991515521007,1.0825920000000002
2.621494003356527,2.8473081424921003,3.0994182622988187,3.3160840636713744,1.08613948338102,1.1823098806750516,1.2649596220420507,1.0885433213372049,1.1646382820964993,1.0699053122349018,-0.15380859375,-0.1282324848854346,1.782592
7.663626212177084,2.5307782834951267,1.327491654558289,0.12753583271146837,0.33023247917204757,0.17321978105468888,0.01664170840023759,0.5245388990476713,0.05039391776957057,0.09607279433625124,3.84619140625,2.5384341817812315,2.4825920000000004
0.08286911478825765,0.9484947746581731,4.606668843496377,11.67994185069242,11.445696953342775,55.589695331814156,140.94445054151154,4.856820476587832,12.314186817636124,2.535442040115816,-3.77880859375,-1.9060102626632123,3.182592
2.3755606356469223,1.5792270032311764,2.21746615934628,1.4023709997649572,0.6647807593432002,0.9334496144075106,0.590332647679632,1.4041465570239333,0.8880110312802637,0.6324204740866859,0.22119140625,0.7606564040034547,0.522592
2.224626060672535,0.331291823554751,4.2537735470730755,1.0930671996411485,0.14892022952144904,1.9121296932874645,0.491348734497293,12.839959348921495,3.2994089256793946,0.25696412550998704,-1.77880859375,3.4273230706701208,1.2225920000000001
1.301953735595443,4.8976496296784955,0.2018544886845339,2.2489089141971887,3.761769328491981,0.15503967857369114,1.7273339694890617,0.04121456289183034,0.45918125718291075,11.141238071311218,2.22119140625,-3.3874917441446932,1.922592
0.33300487400037193,0.9297612905699403,5.407031528972476,7.523123919245774,2.7920350816513935,16.237094262369375,22.59163305590948,5.8155051020224615,8.091457447786546,1.391359358445507,-2.77880859375,-0.7208250774780272,2.6225920000000005
22.105412235546943,2.802712800865482,8.881597520227782,0.1856600133000119,0.12678853355010217,0.40178384486065344,0.008398848721828335,3.168928874012753,0.06624296761433415,0.0209038985246936,1.22119140625,1.9458415891886398,3.322592
0.6531440989793663,2.3290083559996804,1.0884266789309212,3.194444205980367,3.5658415342634164,1.6664418780354102,4.89087203110639,0.4673348105974209,1.371589843270105,2.9349190605269126,-0.77880859375,-2.498602855255805,0.662592
3.671488638565264,3.360636919171908,0.7018170498966565,0.5924778418051043,0.9153336017090795,0.191153267512469,0.16137264748193025,0.20883453546942246,0.1762992718508539,0.8442055403076165,3.22119140625,0.16806381141086213,1.3625920000000002
1.5479449210671012,0.1677128237835631,7.202696031154689,1.8734746679406435,0.10834547243964437,4.653069972405344,1.2102980167079413,42.94660282179685,11.170729975654108,0.2601074180885988,-3.27880859375,2.834730478077528,2.0625920000000004
2.3830526382251582,9.720497112683518,0.7272383983467381,5.835665151942756,4.0790106591699615,0.3051709335671109,2.448819240639612,0.07481493898062286,0.6003463695625455,8.024418354709022,0.72119140625,-1.609713966366916,2.7625920000000006
6.403054325247985,0.5347060151449526,42.390807628504085,8.189835468304578,0.08350796166706642,6.620404181384535,1.2790513795910035,79.27871845057219,15.316520174332448,0.19319838253795463,-1.27880859375,1.0569527002997514,3.4625920000000003
3.073967592902514,1.1941139768845404,1.6382332663647365,0.37960639435617344,0.38846017103161107,0.5329377154616901,0.12349069496784773,1.3719237008169936,0.3178979575689849,0.23171693686731534,2.72119140625,3.7236193669664175,0.13059199999999999
0.32309618942830876,1.8277791955793383,1.079631115143657,3.5241003373423183,5.6570744421759915,3.3415160886111734,10.907279171499715,0.5906791792766051,1.9280777163158973,3.2641707782508633,-2.27880859375,-3.8813189046385204,0.830592
2.5279366222303072,4.563843176431343,0.6249910724903985,1.800393926901176,1.805362973223921,0.24723367943417485,0.7121989970273674,0.13694402904069652,0.3944907520483598,2.88067143059685,1.72119140625,-1.2146522379718543,1.5305920000000004
5.042852789954753,1.2023799670080055,6.322945280332011,1.7363753828978368,0.23843249388582563,1.2538429225868286,0.3443240275339103,5.2586914734332995,1.4441153633144954,0.2746149627925709,-0.27880859375,1.4520144286948122,2.2305920000000006
2.521423304042848,7.103250865989516,0.07659706970885177,1.4956960586560044,2.8171592031374377,0.030378504706463246,0.593195143496059,0.010783382306768839,0.21056500563951955,19.526805194261335,3.72119140625,-2.9924300157496315,2.9305920000000003
0.628871773690366,0.7316532599940407,2.532371577218399,2.7099465469021387,1.1634379067461227,4.026848847671844,4.309219558383964,3.4611635260656457,3.7038672484343347,1.070122003927556,-3.52880859375,-0.32576334908296545,0.270592
3.4143025131742686,1.0515588862709826,2.9422298205931567,0.7383718584197562,0.30798644297436634,0.8617367117413895,0.2162584760930553,2.797969623010685,0.7021688162782361,0.25095655453281335,0.47119140625,2.3409033175837015,0.9705920000000002
0.4182833585265432,2.3360309508266317,1.729735539082443,5.017534614354046,5.584804901288926,4.1353200021527465,11.99553965529242,0.7404591700595216,2.1478887566016764,2.900752456653375,-1.52880859375,-2.103541126860743,1.670592
6.833083893115339,4.736190210912433,1.087042475120364,0.48396219066859264,0.6931263079741157,0.15908519376084515,0.07082632062460228,0.2295183315517524,0.10218385856917617,0.44521000949388423,2.47119140625,0.5631255398059247,2.3705920000000003
3.030080911330067,0.06586530686337572,26.168240423416798,1.6488761768568065,0.021737144581549756,8.63615236331433,0.5441690255502204,397.29930170518344,25.03406201806768,0.06301058650398597,-2.52880859375,3.229792206472591,3.0705920000000004
0.9838607760048163,3.0459029106371616,0.4470570520993917,2.0791480136190184,3.0958678147590377,0.454390563179849,2.1132542980947546,0.14677324432704045,0.6826048218273933,4.650744248089331,1.47119140625,-3.585022608342224,0.410592
1.2684490396086605,2.339073963618949,1.9318938164226347,3.2375627408571273,1.8440425201004491,1.5230362088639042,2.5523790390948413,0.8259225003016423,1.3841215759796077,1.6758492176615856,-0.52880859375,-0.918355941675558,1.1105920000000002
5.192260404473251,2.5725444498008425,1.1202945187442381,0.25006148975461917,0.4954575174204546,0.21576239084216167,0.04816042923024151,0.4354811124180838,0.09720395298669303,0.2232104911438096,3.47119140625,1.7483107249911098,1.810592
0.12113870726752811,1.6493193697899464,2.1387380336117916,7.254144457359233,13.615131009674027,17.655281964405546,59.88296078922865,1.2967397781086976,4.398265484678753,3.39178727986092,-3.02880859375,-2.6961337194533357,2.5105920000000004
15.68466667484086,14.867771800165523,3.8634832949989213,3.8798370927949706,0.9479176133219531,0.24632230796438784,0.24736496944614453,0.25985624119922995,0.2609561906749051,1.004232915363506,0.97119140625,-0.029467052786669168,3.210592
2.2296193207885,0.59528172825234,3.3054924520763866,1.1077527746553841,0.2669880560784789,1.4825366919171687,0.4968349369450342,5.552820278527326,1.8608882518661947,0.3351248840273513,-1.02880859375,2.6371996138799974,0.550592
2.2037276988543226,4.064021011942538,0.349110956415987,1.2516828483410056,1.8441575218459827,0.1584183729221552,0.5679843516926943,0.08590284237952733,0.3079912344603556,3.585343929594548,2.97119140625,-1.8072448305644468,1.2505920000000001
1.4999447720019048,0.5575901121471974,5.781289604603379,3.480950847758144,0.3717404284179133,3.8543349812055863,2.3207193442944467,10.368350296493752,6.242848952886762,0.6021062921647137,-2.02880859375,0.8594218361022206,1.950592
8.810692232969641,1.193966187113661,4.035689868402123,0.12743783082712137,0.13551332353272258,0.4580445851122295,0.014463997544965712,3.380070484372888,0.10673487423893838,0.03157770665801401,1.97119140625,3.5260885027688866,2.6505920000000005
0.35934466956756445,7.747025802803375,0.37059222027055005,11.4560696441547,21.558760874694897,1.0313001740543999,31.88044964724519,0.047836709171208115,1.478770038433221,30.912871392149626,-0.02880859375,-3.288726312045928,3.3505920000000002
2.609496558766182,3.0224195904497826,0.512791716094967,0.7158162297714042,1.1582385806551276,0.19650982653045704,0.2743120037337222,0.16966264965833408,0.2368354916813121,1.3959200340101396,3.97119140625,-0.6220596453792617,0.690592
1.0158122328178458,0.27360512023480443,4.518500721892778,2.1943102143041027,0.2693461561058666,4.44816529661051,2.1601533663530748,16.514678957817228,8.019989583604918,0.48562794372751966,-3.98193359375,2.0446070212874057,1.3905920000000003
0.8119244257742031,4.853158897066274,0.7941230735660862,4.9565567041967515,5.977352993708237,0.9780751118663015,6.104702047201588,0.16363014078235358,1.02130525897122,6.241547272942033,0.01806640625,-2.399837423157039,2.090592
1.2569041454877488,0.7579793560406768,9.983941273373647,7.319154235127263,0.6030526343331764,7.943279771345907,5.823160231751024,13.171785212627691,9.656139282419298,0.7330926770019017,-1.98193359375,0.2668292435096271,2.7905920000000006
25.641866204463454,2.0068304800535004,12.547962958919063,0.03560087514324367,0.07826382307946735,0.4893545133908721,0.0013883886164668725,6.252627256580507,0.017739851719959218,0.0028371836336939975,2.01806640625,2.933495910176293,3.4905920000000004
0.5349114746297319,1.0770717065646205,1.9174873901808211,2.8708538344398824,2.0135513213848597,3.5846817298285005,5.366969995226033,1.7802783031937148,2.6654249823316114,1.497195678647544,-2.98193359375,-1.5109485342681506,0.024192
3.1218905097344263,1.7811300197936324,2.0156210733193722,0.9323233641486726,0.5705293040354417,0.6456411802510132,0.29864063497473003,1.1316529680146026,0.5234448657805985,0.4625489267252503,1.01806640625,1.1557181323985164,0.724192
2.8807845361072224,0.38372550026900315,4.2675034146763435,0.7785218730222949,0.13320173565897014,1.4813684818105077,0.2702464773968498,11.121240083561542,2.028851021046367,0.18243028707250364,-0.98193359375,3.8223847990651825,1.4241920000000001
1.4054413810491522,4.850374049974345,0.15249194700626012,1.9063198047195404,3.4511393469527523,0.10850110795259633,1.3563851402301006,0.031439213849304405,0.3930253182699638,12.501117876351081,3.01806640625,-3.782553472539755,2.124192
0.18349669332257934,0.8128658480844018,5.214730290260482,8.297188425021949,4.429866464434966,28.418660826182897,45.21710050892223,6.415240968173908,10.207328115180491,1.5911059562406424,-3.48193359375,-1.1158868058730889,2.824192
2.530217990714612,1.2944312281496324,2.1616215371207463,0.9788166779979435,0.5115888168133865,0.8543222540719653,0.386850730486465,1.669939267620071,0.7561751112858621,0.4528159352546586,0.51806640625,1.550779860793578,0.164192
0.4463204625355858,2.0970610081513534,1.1709004463890365,3.5997722091055366,4.698554478631262,2.6234523054064067,8.06544290766978,0.558353067382257,1.7165796298310299,3.074362316802378,-1.48193359375,-2.8936645836508665,0.864192
3.7212142506065238,4.003585544267705,0.7254911933468332,0.8719418515049747,1.0758814931484144,0.19496087687737537,0.23431648724951976,0.18121036389133346,0.21779023874072395,1.201864143219349,2.51806640625,-0.22699791698420002,1.564192
2.008950932047446,0.17402635209549447,8.186330159329158,2.015562897394937,0.08662548662556604,4.074927878395698,1.0032912527837365,47.04075021257141,11.581940741301787,0.24621079997585946,-2.48193359375,2.4396687496824665,2.264192
2.620554072894072,10.673574246134171,0.1877331941008315,4.015920869484305,4.07302194468613,0.07163874084594019,1.5324701409611543,0.017588596825362974,0.37624892813565425,21.391639814786057,1.51806640625,-2.0047756947619773,2.964192
1.8401181971362315,1.2810041603393993,2.388237146602415,1.6883573012215491,0.6961531940355902,1.2978715988566487,0.9175265501146246,1.8643476895263607,1.3179951740158458,0.7069470900841912,-0.48193359375,0.6618909719046897,0.304192
3.8821055039042696,1.5021542203470128,1.4405901614916676,0.26775213377102486,0.38694317267685857,0.3710847528597182,0.06897085447619701,0.9590161529212871,0.1782454358841873,0.18586280881842154,3.51806640625,3.328557638571356,1.0041920000000002
0.19445409572001518,1.3870587020634135,1.5863987474219412,4.640338736450657,7.133090701573963,8.158217195415201,23.863414752302525,1.1437142098326378,3.3454523082170966,2.9250771560376467,-3.73193359375,-3.4862571762434587,1.7041920000000002
3.0237753857989156,6.462581713842222,2.2041465621201097,5.252229404816199,2.1372558769389993,0.7289385886504097,1.736977365939005,0.3410628537816461,0.8127138096476884,2.3828857368560015,0.26806640625,-0.8195905095767926,2.404192
3.7939395822096023,0.14328775990293818,21.774562191326453,3.1972451594626268,0.03776753867532254,5.739301251245777,0.8427243212978477,151.9638677167983,22.3134562340036,0.14683395842219038,-1.73193359375,1.8470761570898748,3.104192
1.4454961181003552,3.2338462124750462,0.4387749350957627,1.6113570720830424,2.2371877530358977,0.3035462562655601,1.1147432718122126,0.135682065956978,0.49827881915565153,3.672400000996783,2.26806640625,-2.59736828735457,0.4441919999999999
0.7812041661346542,0.7209634269824793,3.444016982835207,3.2559646573402805,0.9228873298893912,4.408600378920112,4.167879279818201,4.776964897165169,4.5161301329358645,0.945397387285786,-2.73193359375,0.06929837931209715,1.144192
5.365774863684686,1.2398751337346796,3.117877997417276,0.35047270517351375,0.23107103172108406,0.5810676140214023,0.065316326919621,2.5146709637008247,0.2826677426119841,0.11240744681601755,1.26806640625,2.7359650459787623,1.8441919999999998
0.6745798896880875,4.825280434068131,2.0426486456480304,8.291261578282556,7.153015540233857,3.0280307445757257,12.29100022847742,0.4233222656296269,1.7182963128408897,4.059073789291919,-0.73193359375,-1.7084793984656814,2.544192
14.801062164060637,6.668709960620374,0.8587035193389028,0.1433614056484164,0.45055617540834847,0.05801634435560802,0.00968588632757188,0.12876606186348816,0.021497621953119075,0.16695099346837106,3.26806640625,0.9581872682009855,3.244192
1.4892059755625073,0.3203170983361173,3.5530634445452387,1.310579353549682,0.2150925416580646,2.3858777783933918,0.880052440734161,11.092331514619659,4.091506074316569,0.36885897873895823,-3.23193359375,3.6248539348676516,0.5841919999999999
0.8804004307157205,3.749582193920526,0.4759047894175185,2.9231286668749665,4.258950885419613,0.5405549257065132,3.320226302591211,0.126922084862985,0.7795878355765744,6.142255198676853,0.76806640625,-3.1899608799471624,1.284192
1.1712046633730906,2.025295760651451,3.900099356716332,5.367300313450686,1.7292415441879838,3.3299896070119592,4.582717676339133,1.9256937344607077,2.650131609283701,1.3761957895271817,-1.23193359375,-0.5232942132804963,1.984192
9.672275866211605,2.7704291080712067,1.878919370952841,0.11927203397529366,0.28642991022921643,0.19425824872474073,0.012331330870322831,0.6782051796521004,0.04305182674691566,0.0634790591971002,2.76806640625,2.1433724533861707,2.6841920000000004
0.04627503702699466,2.700122991292796,3.2144259458980136,18.221676132881818,58.34945069233922,69.46349808478533,393.76902329115717,1.1904738992496684,6.748461529953283,5.668718595348207,-2.23193359375,-2.301071991058274,3.384192
2.4495016915795613,2.112460383756474,1.2050315145993251,0.9568301730332841,0.8624041334685726,0.49194965602259316,0.39062237691955715,0.570439816938239,0.4529458542232185,0.7940291697279234,1.76806640625,0.365594675608393,0.052192
2.8158247251816673,0.6798801814941691,3.1725805910569074,0.7845109465018041,0.24144975197286314,1.1266967587452459,0.27860787622396854,4.666381926422011,1.153895889092823,0.24727849269242794,-0.23193359375,3.032261342275059,0.752192
2.6546018444554726,4.044733424145079,0.3272316538715605,0.8970640589772692,1.5236685805041166,0.12326957978840859,0.3379279121842395,0.0809031447951916,0.22178570622781607,2.7413731170682216,3.76806640625,-1.4121831021693851,1.4521920000000001
0.8142285992236997,0.24659739627220242,6.354134056015553,3.258112193385596,0.3028601507086743,7.803869898544094,4.001471081330156,25.767239038491905,13.212273295007474,0.5127547144368307,-3.85693359375,1.2544835644972823,2.152192
7.705376289530997,0.40212250868410326,11.906121238735011,0.3267758053152305,0.05218726426514068,1.5451706433742123,0.04240880562305678,29.608193974757437,0.8126274910214909,0.02744603374708701,0.14306640625,3.9211502311639483,2.852192
0.4211030113985752,1.8215612982353657,0.9756513513125377,2.981372237472824,4.3256905054788435,2.3168947381121456,7.079911937867733,0.5356126923961868,1.6367125500311315,3.055776260097424,-1.85693359375,-3.9471625260376975,0.192192
2.190437059004607,3.548201245902451,0.5886777519837536,1.3990353147864008,1.6198599413373913,0.2687489921537688,0.638701445008495,0.16590878340499232,0.39429424032868504,2.376572428755574,2.14306640625,-1.2804958593710314,0.8921920000000001
1.1979165844199076,0.3541000059129204,4.874749273734581,2.64389127043098,0.2955965469702498,4.069356194859915,2.207074603371726,13.766589077474826,7.4665100996388025,0.5423645652252131,-2.85693359375,1.3861708072956356,1.592192
1.0577733799537283,5.815028501624846,0.2698596122160172,3.649647971313556,5.497423750519436,0.2551204419871315,3.4503117969117425,0.04640727249068728,0.6276234020682383,13.524246704957415,1.14306640625,-3.0582736371488086,2.292192
2.506787249326251,4.648298713787872,9.025341324658525,12.912959210207536,1.8542852868895017,3.6003619082888925,5.151198696131134,1.9416440036195148,2.7779968554742127,1.4307446938242083,-0.85693359375,-0.39160697048214255,2.992192
3.226791799116601,1.6942270340619239,1.2905925947397419,0.4110829478431279,0.5250499999800894,0.399961533028895,0.1273967994946777,0.7617589430417333,0.24263746214552662,0.31852263023872845,3.14306640625,2.275059696184524,0.332192
0.32069147018602284,1.1656619658933605,1.965421988039424,3.8005752821610983,3.6348393214736814,6.128700544792619,11.851189181790543,1.686099440100655,3.2604437593091977,1.9337197331104974,-3.35693359375,-2.16938474825992,1.0321920000000002
4.202696250422159,2.8781752754059764,2.721110970364144,1.6464664176979948,0.6848401844689265,0.6474679130310238,0.391764314999593,0.9454292077400749,0.5720521720018442,0.6050713975393888,0.64306640625,0.4972819184067472,1.7321920000000002
3.7002523163717322,0.21632082175161874,9.029124384552249,1.0766738605149815,0.058461100286191094,2.440137485923047,0.29097309276755207,41.739506680126986,4.977208628354911,0.11924454849210422,-1.35693359375,3.1639485850734133,2.4321919999999997
1.5663672060854963,8.043663405888028,0.061450726779155536,2.837308435506551,5.1352348125251694,0.03923136703859299,1.8113941765911075,0.007639644236502127,0.3527383348027241,46.17208915532279,2.64306640625,-3.650866229741401,3.132192
0.6528726828477859,1.1406933750495665,2.2201856138330465,3.0772306030217687,1.7471911522993124,3.4006410011654173,4.713370131522581,1.9463474255178985,2.697684294772076,1.3860240260313526,-2.35693359375,-0.9841995630747351,0.47219199999999995
4.10585668694087,1.873299231250369,2.0076641452612383,0.559563044039561,0.4562505158079686,0.48897569943121394,0.13628411479127198,1.0717263487698039,0.2987045714346822,0.27871347175289146,1.64306640625,1.6824671035919323,1.1721920000000001
0.5695179275768669,3.8650804750402283,0.8312324580324892,4.693571577226357,6.7865826304801695,1.459536948326002,8.2413061116375,0.21506213477323205,1.2143528724786785,5.6465210566198865,-0.35693359375,-2.7619773408525123,1.8721919999999999
6.014316192696445,5.577780718128223,0.41664441199408725,0.4503088795131336,0.9274172722913482,0.06927544190311183,0.07487283093961229,0.07469716596064101,0.08073262508323328,1.080799037620416,3.64306640625,-0.09531067418584627,2.5721920000000003
1.592229657496312,0.0518638818978356,35.58194115228788,3.017124532784911,0.03257311635520501,22.347241796914147,1.8949053728399727,686.0639784422463,58.173904890656154,0.08479370250970451,-3.60693359375,2.57135599248082,3.272192
1.179560170530472,2.8299352794328407,0.9215994878854861,2.483058388132047,2.399144486338634,0.7813077373331656,2.1050714072647656,0.32566097697831015,0.8774258571134841,2.694292282897385,0.39306640625,-1.873088451963624,0.612192
1.5947891432020307,0.8095633909274784,4.133983413626652,2.674330104157217,0.5076303625330872,2.5921818136574504,1.6769176762688984,5.106435715788164,3.303422726530857,0.6469136028320652,-1.60693359375,0.793578214703043,1.312192
5.918366283257948,1.3180364849533321,2.3479280424622377,0.18301058585276866,0.22270275644848703,0.3967189474406353,0.03092248385681611,1.781383193307711,0.1388509255563199,0.07794556840883766,2.39306640625,3.460244881369709,2.0121919999999998
0.1023349914056074,2.1491352194774818,1.5448166755605206,8.266335543650639,21.000981091202014,15.095683835430245,80.77721442206219,0.7188085056537816,3.8463543236988267,5.35101392574707,-2.60693359375,-3.354569933445105,2.712192
12.40536440340858,21.42273928248473,0.9162498530154698,4.237873941492137,1.7268931879662055,0.07385916473068013,0.3416162398524714,0.04276996703986392,0.1978212909941461,4.625238331602314,1.39306640625,-0.6879032667784388,3.412192
2.08797468481265,0.8471036968430384,2.69643434158791,1.1715531594208803,0.40570592306728437,1.2914114147077678,0.5610954806791641,3.1831219148693406,1.3830103254028885,0.4344823611506748,-0.60693359375,1.9787633998882281,0.08019200000000001
1.7766236928439951,3.49788586445556,0.33257045044808825,1.2382529118667263,1.9688389153789745,0.18719239858594588,0.6969697166902845,0.09507755922729408,0.35400037618421787,3.7232800154023558,3.39306640625,-2.465681044556216,0.780192
0.7046827938907771,0.5771287545377054,3.9105515719809345,3.501748885444218,0.8189908417533435,5.549378537241614,4.969255551295572,6.775873739150954,6.067534944172391,0.8954616301532029,-3.10693359375,0.20098562211045046,1.4801920000000002
6.171389937678193,1.0217460769411335,4.122962352086947,0.355646263175677,0.16556174334456913,0.6680767855738657,0.057628227476657974,4.035212314619423,0.348076954932284,0.08625988617035447,0.89306640625,2.8676522887771165,2.180192
0.45847614084591237,4.675878447849681,3.0686853704981227,11.753329156525693,10.198738890146915,6.693228059449808,25.635639697281057,0.6562799706458012,2.5136087876558797,3.830086091431993,-1.10693359375,-1.5767921556673277,2.880192
2.9429111123154317,2.0866048963166337,1.073557119401831,0.5844542761057652,0.7090274957964765,0.3647942728916385,0.19859732550533157,0.5144994729461821,0.2800982002570153,0.5444091101844808,2.89306640625,1.0898745109993397,0.220192
2.004640380421424,0.3351804109562564,3.8433760018648724,1.076539271499993,0.16720226442100972,1.9172396402874525,0.5370236387604238,11.466588965923973,3.21182036989772,0.2801025116922304,-2.10693359375,3.756541177666006,0.9201920000000001
1.0301085287562832,4.227565274806328,0.25153625417873277,2.3830458727943906,4.103999876508683,0.2441842263770292,2.313393012745556,0.05949908229158119,0.5636922715293998,9.473965812900603,1.89306640625,-3.848397093938932,1.620192
1.7397709949462457,5.481159565715006,2.043617981912488,6.096197681926101,3.150506349190147,1.174647690902348,3.504023057997042,0.37284409574489413,1.1122094894040662,2.98304171126008,-0.10693359375,-1.181730427272266,2.320192
11.160677653727921,4.533886123260189,0.8932052655936717,0.11748292390008973,0.40623753000748725,0.08003145447851195,0.010526504531814673,0.19700655051993082,0.025912191154816893,0.13152959171373035,3.89306640625,1.4849362393944006,3.020192
0.3392905484068626,1.1451919695751458,1.5835469802087685,3.162174038484296,3.3752545567578878,4.667229864328101,9.319959112719973,1.382778627758146,2.7612611007545134,1.9968931001133972,-3.91943359375,-2.959508205050043,0.360192
2.029466670684012,2.3880224885569357,1.980521611778147,2.326034138398091,1.1766748984116482,0.9758827973807678,1.1461307406512489,0.8293563487230649,0.9740419738692228,1.1744553175108938,0.08056640625,-0.2928415383833771,1.0601920000000002
2.1982252447091692,0.3038401156434164,5.605681742004903,1.6950518744015715,0.13822064703092574,2.550094334280357,0.7711001765998876,18.449445788730785,5.578762602864681,0.30238103988317516,-1.91943359375,2.37382512828329,1.760192
2.4269916462841437,7.243378255108871,0.20001337086781773,2.322644580929539,2.984508935660688,0.08241205575389972,0.957005593523832,0.02761327157348784,0.320657640554853,11.612446562207577,2.08056640625,-2.0706193161611544,2.460192
0.8027781725069155,0.24775942771395154,16.0922189805194,7.6721032604394805,0.3086275090667307,20.04566084584316,9.556940538730691,64.95098543373506,30.965938738352428,0.47675856696500485,-2.91943359375,0.596047350505513,3.160192
3.1516367160637486,0.9690613413267519,2.3681619961284173,0.5169201697281542,0.3074787574302236,0.7514070337034734,0.16401641949829932,2.443768928895814,0.5334235797915883,0.2182790580092239,1.08056640625,3.262714017172179,0.500192
0.431241519991298,2.651760984852795,0.8269589976629887,3.711405538137169,6.149131894596571,1.9176237892855863,8.606327002585607,0.3118527659116664,1.399600325722115,4.488016393346845,-0.91943359375,-3.5521007976426358,1.2001920000000001
3.5012467391383435,4.878544345902832,0.3861528731732163,0.9144408504348364,1.3933734779010294,0.11029010576622442,0.2611757806763085,0.07915329774495554,0.18744133200363647,2.3680798822507954,3.08056640625,-0.8854341309759697,1.9001919999999999
1.168341216699953,0.14638826368168212,10.318410933948314,3.2858637887423545,0.12529581391912561,8.831675872133708,2.81241793217179,70.48659963878976,22.446224212942298,0.31844668813602167,-3.41943359375,1.7812325356906982,2.600192
0.961845190674483,10.960007567268041,0.2698542621827948,9.377908567018075,11.394772956740015,0.2805589348464305,9.749914703468988,0.024621722250330557,0.8556480011040422,34.751752635523076,0.58056640625,-2.663211908753747,3.300192
1.2108567317753105,1.1874131296342487,2.686575392658852,2.6049722981879575,0.980638830733765,2.218739279518148,2.151346422601664,2.262544792212615,2.193821369475972,0.969625607867221,-1.41943359375,0.0034547579129196038,0.6401919999999999
4.449201867062224,1.634765553245463,1.744702150304963,0.2860505353968769,0.3674289461549846,0.39213823117829827,0.06429255042674743,1.0672491519296117,0.1749795466566978,0.16395379311412958,2.58056640625,2.6701214245795857,1.340192
0.2694771858091035,1.6210553964735293,2.567202846128283,5.882475158784401,6.015557092917981,9.52660552105839,21.829214006084808,1.5836613922713674,3.6287934216074507,2.291394763626113,-2.41943359375,-1.7743230198648585,2.040192
10.75445643992011,5.108571616085658,2.6996291514061777,0.6084608361201734,0.47501904393074157,0.2510242304190533,0.05657755364200381,0.5284508771308398,0.11910586399616621,0.22538682240975189,1.58056640625,0.8923436468018089,2.7401920000000004
11.74988720495429,0.18788470166324753,58.30328098861713,0.4069753584100841,0.01599034087612575,4.962028994119518,0.034636533211866466,310.3141473067679,2.1660909845630782,0.006980316570683906,-0.41943359375,3.559010313468475,3.440192
1.4362994821164923,2.9734877193695146,0.3614945832066142,1.2839938623364715,2.0702421440602787,0.25168468533729854,0.8939597057045601,0.12157258321660866,0.4318140794638035,3.551903464076522,3.58056640625,-3.2558045013463395,0.10819200000000001
0.5177026474241487,0.7282083012516959,2.719758232430973,3.1685655613598307,1.4066149842480562,5.253514244061227,6.120435306107013,3.7348629887300926,4.351180226747589,1.165017362049753,-3.66943359375,-0.5891378346796734,0.8081919999999999
4.131640064063594,1.124137562745916,3.654222699984719,0.8233609780683356,0.2720802260883036,0.8844484619482267,0.19928187482491758,3.250689969881085,0.7324379198370727,0.2253176792076134,0.33056640625,2.077528831986994,1.5081920000000002
0.26064213853548734,2.6664711860580868,1.7511092359704088,6.520982458316479,10.230391758756372,6.718442558097678,25.01891096718662,0.6567141040661756,2.445547693300454,3.723915290014879,-1.66943359375,-2.3669156124574506,2.208192
10.25627627143258,7.485564967711225,1.0053392176462042,0.5554863776695756,0.7298521188007794,0.09802185423246015,0.05416062935207831,0.1343037194898056,0.07420767571528007,0.5525362662864512,2.33056640625,0.29975105420921544,2.908192
1.5147156037813019,0.40867833850274454,3.2716893720380065,1.369587147916927,0.26980532681021385,2.159936402497363,0.9041876537733687,8.005536540116953,3.3512594597859495,0.41861772074767034,-2.66943359375,2.9664177208758815,0.24819200000000002
1.8210930271409926,3.528361383508747,0.7314888110531096,1.955650519767652,1.9374965094716023,0.40167569704086087,1.0738883135684214,0.20731686228968052,0.5542659345803386,2.673520756868641,1.33056640625,-1.4780267235685622,0.9481920000000001
2.9880920421108366,1.0675963735318021,4.680104409500809,2.0381207349239343,0.35728363065336993,1.5662517564869614,0.6820809754856724,4.383776983072898,1.9090742395288043,0.43548616795524114,-0.66943359375,1.1886399430981047,1.648192
6.99645837680415,1.508254825244472,2.226631476363826,0.12829835767940032,0.2155740438969658,0.31825122889974355,0.018337614657261005,1.4762966039262713,0.0850641121990805,0.05761993353696609,3.33056640625,3.855306609764771,2.348192
0.0727478790584766,1.7139851877763252,1.5572197489262263,10.195524866770183,23.560620735053732,21.405706517910897,140.1487575819875,0.90853745996867,5.94843230821473,6.547261472762891,-3.16943359375,-3.7496316618401666,3.0481920000000002
1.6497827025475593,2.615385498876484,1.04566325441493,1.8648493865758526,1.5852908960906558,0.6338187767396514,1.1303606127620274,0.39981228574683375,0.7130304069426683,1.7834129474304554,0.83056640625,-1.0829649951735005,0.38819200000000004
2.1752340419791523,0.717160353211869,3.9315644869854074,1.7250947666636391,0.32969342120048634,1.8074213675914366,0.7930616813508717,5.48212748986685,2.405451945213706,0.43878073789052463,-1.16943359375,1.5837016714931664,1.0881920000000003
1.7231482387658252,4.794795329290752,0.20515702353716972,1.6980991613372338,2.7825785509463423,0.11905941631818623,0.9854631906500788,0.0427874412665528,0.354154670787255,8.27707056799631,2.83056640625,-2.8607427729512778,1.7881919999999998
0.7608836380371418,0.9712412018269024,6.259037584136603,6.702964266920874,1.2764648275686699,8.22601153611753,8.809447242435875,6.444369917959996,6.901441428053726,1.0709257097144445,-2.16943359375,-0.1940761062846117,2.4881919999999997
17.043801555722073,2.2448641030204275,5.597941713109155,0.07834597591419667,0.13171146681573306,0.3284444315317537,0.004596743024615525,2.4936661892259835,0.03490009743074579,0.013995496903929445,1.83056640625,2.472590560382055,3.188192
0.956326689164783,2.4967745780520136,1.0757049867224495,2.7543361707953133,2.610796714491567,1.1248300386366155,2.8801205717690874,0.4308378482296611,1.1031577279772888,2.560494006063374,-0.16943359375,-1.9718538840623894,0.5281919999999999
3.672482638941303,2.8696431369168254,0.7413468197765722,0.44042458975505583,0.781390524896826,0.20186530275614495,0.1199255743471726,0.258341119228185,0.15347712894651167,0.5940871101164114,3.83056640625,0.694812782604278,1.2281920000000002
1.4490892898715309,0.1748226179911994,6.831077268597836,1.674769576944576,0.12064309577962468,4.71404855197256,1.1557393934593587,39.07433344203616,9.579822085886416,0.24516917480108427,-3.79443359375,3.361479449270944,1.928192
0.5240913901486368,5.47965268064427,0.3890408600369228,5.830392974834853,10.455528908975577,0.742314923217089,11.124763895055219,0.0709973574440454,1.0640077600957265,14.986582577165564,0.20556640625,-3.4533353655438703,2.6281920000000003
0.4302817965501424,2.4650755339718353,10.437045620968306,18.93638034138419,5.728979365931811,24.256302973188955,44.009252757634286,4.233965846941692,7.681866166134505,1.8143429691770718,-1.79443359375,-0.7866686988772043,3.328192
3.507108418352989,1.7618961545177123,1.5682223053370743,0.5022659262846361,0.5023785821098555,0.44715535371830456,0.14321368671017895,0.8900764675125518,0.2850712427044955,0.3202772493257446,2.20556640625,1.8799979677894632,0.6681919999999999
0.2754039925421613,1.5099009156504386,1.7515325951070861,4.338146757099717,5.482494649816268,6.3598663873362185,15.75193851423775,1.1600314808422756,2.873133403744523,2.4767719248950026,-2.79443359375,-2.5644464766549815,1.368192
5.1351551369376836,4.644389868352141,1.8621338680204353,1.58000171470239,0.9044302936331134,0.3626246565806592,0.3076833459883772,0.40094262557702387,0.3401957543376919,0.8484898652222197,1.20556640625,0.10222019001168547,2.068192
5.715737959669168,0.2907514394080034,11.917768276029069,1.0064447605177398,0.05086857400734171,2.0850795400562556,0.17608308281788232,40.98954178969755,3.461529760839546,0.08444909627434721,-0.79443359375,2.7688868566783507,2.768192
6.360848600801087,14.119112569420581,0.05389823379190351,1.2838372015769624,2.219690084691281,0.008473434469909495,0.2018342649147907,0.0038173952879047967,0.0909290293752257,23.819652542488654,3.20556640625,-1.675557587766093,3.468192
0.9309340857031344,0.5575532161151824,2.9129132865777967,2.149297965718111,0.5989180379984288,3.1290220557105,2.308754184346732,5.224457867670216,3.8548750210672216,0.7378516812092232,-3.29443359375,0.9911090789005739,0.136192
3.2986576611406755,0.7927640024204753,2.7621828801977664,0.5019927308068965,0.2403292744680688,0.8373657299262162,0.15218091186622487,3.484243572821472,0.6332183717653768,0.1817376881182302,0.70556640625,3.65777574556724,0.8361919999999999
0.3569326479443856,2.6167790417091705,1.0454577048892122,4.4139352862817525,7.331296413425583,2.9290055446317904,12.36629742810609,0.3995208186191995,1.6867818092118143,4.2220122972354,-1.29443359375,-3.157039069247574,1.5361920000000002
4.645211098357811,5.666704524553581,0.4943247258132768,0.881193259254521,1.2199024768878406,0.1064159874215473,0.18969929258242818,0.08723319235569625,0.15550365392025461,1.7826202357261358,2.70556640625,-0.490372402580908,2.236192
2.6105012256114706,0.09950276341410234,17.253227231401336,2.697988150271145,0.03811634426288972,6.609162662760301,1.0335134585654837,173.39445297210776,27.114705739808265,0.15637585444656604,-2.29443359375,2.176294264085759,2.936192
1.4006060756602936,3.0058824691615627,0.5659475239033839,1.7398201217851703,2.146129822937179,0.4040733035065387,1.2421909000822802,0.18827999088774913,0.578805106199133,3.074172159612072,1.70556640625,-2.268150180358685,0.27619200000000005
2.184681629117647,1.6494483955140904,2.7008462409807024,2.04987625969109,0.7550063009319451,1.2362653692801566,0.9382951878983838,1.637423909911967,1.242764711685446,0.7589755494362245,-0.29443359375,0.3985164863079813,0.9761920000000002
4.985917166254292,1.7621014400720596,1.396799266055795,0.19959474135552432,0.35341570694321256,0.28014891131959,0.04003170022687549,0.7926894753565801,0.1132708576342586,0.1428943629954281,3.70556640625,3.0651831529746474,1.676192
0.21108794700843825,0.9086700629833412,3.613032598246115,6.260038846617429,4.30469894591858,17.11624301363679,29.656069592486887,3.976176552338286,6.889231968383001,1.732627280931885,-3.54443359375,-1.3792612914697968,2.376192
15.419449440029162,3.256767839395538,10.326763252396635,1.3821474262220286,0.2112116811992594,0.6697232149928892,0.0896366262360801,3.170862573462805,0.42439237132682983,0.133841300748447,0.45556640625,1.2874053751968706,3.0761920000000003
2.0657708797320624,0.43178621643231124,3.2225902193919738,0.9180681398571464,0.2090194128829599,1.5599940201548173,0.4444191506737781,7.463392986508548,2.126209927317277,0.2848851629762484,-1.54443359375,3.9540720418635367,0.416192
1.138769728222416,3.6923886173640095,0.2773387623502479,1.896828426112524,3.242436575063962,0.24354244363622582,1.6656821647985092,0.07511093524826204,0.5137131062511688,6.839391688483275,2.45556640625,-3.914240715338109,1.1161920000000003
0.38057230599732755,1.2696179017225242,2.987818907910021,5.1619596240003816,3.3360753836130153,7.850857408239794,13.56367644900738,2.3533213448364014,4.065758380530878,1.727668169692109,-2.54443359375,-1.2475740486714426,1.8161919999999998
8.985713156294365,3.1255241085643357,3.1858492303847923,0.44925914992529425,0.3478326154196176,0.35454606384281806,0.04999704999603672,1.0193008019535534,0.1437388208570418,0.1410170781594181,1.45556640625,1.419092617995224,2.516192
0.25300141206766974,6.310200200270574,0.7092250619824707,11.902542360354834,24.941363562756713,2.8032454688149167,47.045359403651425,0.1123934327712867,1.8862384682889246,16.782461588545807,-0.54443359375,-3.02535182644922,3.216192
2.651617451609613,2.885363125352539,0.6198922304739881,0.7472329783448893,1.08815211017752,0.23377890732228152,0.2818027079627553,0.21484028302269528,0.25897363551202623,1.2054240101921148,3.45556640625,-0.3586851597825538,0.5561919999999999
1.3767156489742653,0.2977196948318581,4.412120803973868,1.8893846034611341,0.21625358515658402,3.204816337535757,1.3723855066722292,14.819714249894291,6.346186148444744,0.42822594561767685,-3.04443359375,2.3079815068841123,1.256192
1.490878754618702,5.466026599271033,0.5141608837643303,3.386944335400907,3.666311953495501,0.3448710246701644,2.271777181684456,0.09406483382881826,0.6196355385194431,6.587324011511812,0.95556640625,-2.1364629375603315,1.956192
3.3363558971775147,1.477622913074362,9.662414573838102,5.776608148716235,0.4428852792126881,2.8960982795667265,1.7314124532107387,6.539161303159784,3.9093926451758567,0.5978431275715437,-1.04443359375,0.5302037291063355,2.656192
19.693756394952757,2.305989667503217,5.943186675666798,0.037798633318457196,0.117092423672622,0.30178024732701353,0.0019193206496727296,2.577282439474984,0.016391501597395802,0.006359994289463635,2.95556640625,3.1968703957730016,3.356192
0.36009813468218965,1.8530920565089728,1.0909771064134017,3.422295213885472,5.146075133503396,3.0296660863746516,9.503784897152752,0.5887333565439193,1.846802592383192,3.136908367524138,-2.04443359375,-3.617944419041813,0.6961919999999999
2.7419298205601206,4.191317544266896,0.6584128032824118,1.4598231774574164,1.528601320441781,0.24012751834323443,0.5324071996704877,0.15708969705314343,0.3482969643887372,2.2171852828190786,1.95556640625,-0.9512777523751463,1.396192
5.107462607047981,1.1615070121223445,5.436275711703071,1.233291777843249,0.22741370842726039,1.0643789548652491,0.24146858679716676,4.680364091620699,1.0618031272921347,0.22686336073577928,-0.04443359375,1.7153889142915206,2.096192
2.733738655329748,6.549835103113826,0.09449549113987772,1.2552219647810416,2.3959258469510774,0.034566395348599815,0.4591594600068435,0.014427155745486487,0.19164176578801234,13.283405902647662,3.95556640625,-2.729055530152924,2.7961920000000005
0.23842685227428706,0.24716484071853162,17.77327842797154,11.05484514487407,1.0366485081730323,74.54394611360763,46.36577230888633,71.90860308570966,44.72660881999473,0.6219924584918437,-3.95068359375,-0.062388863486257495,3.496192
2.4408204490731373,0.8797179045889781,2.512271195859826,0.8540755493224758,0.360418934101866,1.0292732498262298,0.34991330462132,2.8557690854701994,0.970851616031979,0.3399615259411387,0.04931640625,2.604277803180408,0.002912
0.5370143115353522,1.5719362149757974,1.7487996566546773,3.48380263479001,2.9271775094439274,3.2565233720769324,6.487355290084607,1.1125131159864543,2.216249362792147,1.9921107723993172,-1.95068359375,-1.8401666412640352,0.702912
4.273687871987054,2.838552861140076,1.399147444975844,0.6546718084733526,0.6641928344243561,0.3273864369335212,0.1531866219722224,0.49290871561006994,0.23063576424305526,0.467907661071886,2.04931640625,0.8265000254026313,1.4029120000000002
1.9466556550553067,0.16139130710445518,7.723563626919218,1.4485190926527989,0.08290696235121761,3.96760649828425,0.7441064827727043,47.85613156922013,8.975198966046499,0.18754543402791718,-2.95068359375,3.4931666920692974,2.102912
0.892990578818905,6.9083824395543,0.19479984364053557,4.867902653505732,7.736232165731833,0.21814322374843353,5.451236294053808,0.028197605639954007,0.7046371123917958,24.989253392258775,1.04931640625,-3.3216481227455166,2.802912
1.1135731254217867,1.536321366976179,1.853304375111728,2.3827987695701407,1.3796322234287657,1.6642861908235747,2.1397775459672768,1.206325977721342,1.5509767818044586,1.285702878366373,-0.95068359375,-0.65498145607885,0.142912
3.70304026180266,1.9190142463411488,1.2974827653994063,0.37560106610583144,0.5182266761007244,0.35038311054381693,0.10143045701668575,0.6761194023823568,0.1957260436299334,0.28948443564890786,3.04931640625,2.0116852105878165,0.8429120000000001
0.2390282026181858,1.2367099790882161,2.0053759380586356,4.340208559213445,5.173908206403944,8.38970429469339,18.15772578998271,1.621541001502333,3.509479694190979,2.1642867438686406,-3.45068359375,-2.4327592338566277,1.542912
5.4404679037234,4.305559118925371,3.3662804568517606,2.473003217009599,0.7913950040912272,0.6187483349635999,0.4545570823636513,0.7818451364551127,0.5743744653602245,0.7346396857623742,0.54931640625,0.23390743281003878,2.2429120000000005
4.70948561821082,0.13604313447598507,17.684911742745935,1.3167093635733134,0.028887047441004652,3.755168435882093,0.2795866619661839,129.9948858931044,9.678616775811973,0.07445382723571725,-1.45068359375,2.900574099476705,2.942912
1.8883057752446053,3.0107483016809393,0.5556556357306088,1.2501751183541847,1.5944177797639456,0.2942614713226892,0.6620617988589486,0.1845573193283474,0.4152373407156606,2.2499099045587485,2.54931640625,-1.543870344967739,0.282912
1.2289529073305727,0.5409711840509586,3.8091731998507177,2.3894266556592787,0.4401887011488587,3.0995273920826474,1.9442784515229217,7.04136063463946,4.416920394477423,0.6272822290550928,-2.45068359375,1.122796321698928,0.9829120000000001
4.765057637563312,0.9468717709427481,2.847478609438332,0.27954437769391566,0.1987115042383718,0.5975748513494236,0.05866547667550673,3.007248390775505,0.29522939248214014,0.09817259970534287,1.54931640625,3.789462988365594,1.6829120000000002
0.3440596546544164,4.04708794001187,0.5532673046688167,5.5024643350650955,11.762750689489833,1.6080563273962898,15.992762477750937,0.1367075074398294,1.3596107662165,9.945399427422965,-0.45068359375,-3.8154752832393437,2.382912
6.06171704480704,8.907589073836403,0.14327311862100262,0.7875428912593867,1.469482822770055,0.023635731849895904,0.12992076097218364,0.01608438797899064,0.0884125754714682,5.496794505762503,3.54931640625,-1.1488086165726772,3.082912
0.9595650434721071,0.43664224474949315,3.2205707890727506,2.0712392294028565,0.4550418418427782,3.3562819018702266,2.1585188450678108,7.375765464288574,4.7435612433495775,0.6431279934695043,-3.70068359375,1.5178580500939889,0.42291199999999995
0.8114498130294621,3.3681405952993484,0.6410698611740823,3.0976624101657673,4.150768835258895,0.7900302038159522,3.8174417695667118,0.19033346234678372,0.9196951025408302,4.8320200305354835,0.29931640625,-2.926586394350455,1.122912
1.0131419106305701,1.302915157726926,4.153663440516836,4.674073673929033,1.2860144704861767,4.099784439804325,4.613444202520388,3.187976911530712,3.5873968049335248,1.125289456130669,-1.70068359375,-0.25991972768378835,1.8229119999999999
8.642598321551834,2.128812017593434,2.403096805122753,0.14539788964186198,0.24631620473265178,0.2780525850808327,0.01682340012022621,1.128844061975651,0.06830001354757027,0.06050438306601422,2.29931640625,2.406746938982878,2.5229120000000003
0.06397901722227933,1.8531963981930208,3.943446405566779,14.178573112061407,28.965690294281117,61.63655799629192,221.61286196068704,2.127916074848774,7.650874524624794,3.595477573131507,-2.70068359375,-2.037697505461566,3.222912
2.837203884185237,2.1121013520424636,1.5688382247386967,1.0210795931292707,0.7444305866827042,0.5529522335294637,0.3598893963246124,0.742785483860225,0.48344251668692745,0.6508507869250445,1.29931640625,0.6289691612051014,0.562912
2.946950914384458,0.48837013402736873,3.9356731045710225,0.82320430544203,0.1657204847368069,1.3355068404297066,0.2793410305627626,8.058791540169128,1.6856155773765986,0.20916480702778212,-0.70068359375,3.2956358278717675,1.262912
1.5635544449266665,4.67738822365889,0.16553291167299675,1.6527106467062993,2.991509658544873,0.10586961791455912,1.0570214884866478,0.03539003045240245,0.3533404899654588,9.98418157454488,3.29931640625,-3.5191789869430474,1.962912
0.25716659753049537,0.807760158551045,5.215127483533969,7.421956353254475,3.140999516685907,20.279179075406745,28.860499087072785,6.456282138114896,9.18831694616869,1.4231591416869975,-3.20068359375,-0.8525123202763809,2.6629120000000004
23.319879812730225,2.593758173996131,13.355840247446608,0.40324764230399784,0.11122519476194767,0.5727233739925071,0.017292012031891634,5.149223386106823,0.15546848058033313,0.030192607491025616,0.79931640625,1.8141543463902865,3.362912
0.6189951663412214,1.8790530174049853,1.1381096390128866,2.8010103138389635,3.0356505504102054,1.838640591880653,4.525092385446682,0.6056825584328864,1.4906499645801488,2.4611076277926576,-1.20068359375,-2.6302900980541586,0.030912
2.959415128770299,2.8611991617419754,0.8045601393754296,0.7640876984363253,0.9668123724605224,0.27186457606227815,0.2581887518949801,0.28119683178069704,0.26705155958843774,0.9496961893109412,2.79931640625,0.03637656861250793,0.730912
1.9581259784328142,0.30269999486513266,4.780191177034859,1.5201555560421245,0.15458657828920616,2.4412071693470327,0.7763318462578086,15.79184426205446,5.021987386287954,0.3180114559738327,-2.20068359375,2.703043235279174,1.4309120000000002
2.4551248836586383,6.298925333015574,0.3529687742186824,2.3006198075431046,2.5656231888411667,0.14376815475581292,0.9370683433889971,0.05603634835431532,0.3652400506296677,6.517913128819016,1.79931640625,-1.7414012091652697,2.1309120000000004
8.432728618311993,2.4789778477599618,10.643721159927551,3.46646735544391,0.2939710217137507,1.2621918292039311,0.41107303606525936,4.293592687625411,1.3983454344201816,0.3256819023496013,-0.20068359375,0.9252654575013972,2.830912
3.1042807098791814,1.3833624198047818,1.3365966690622053,0.34157732246529604,0.44563058211917383,0.4305656588363833,0.11003428954676919,0.9661941440124014,0.2469181738459391,0.25555751437339475,3.79931640625,3.5919321241680633,0.170912
0.2806584423445187,1.239484644659701,1.5633622205700057,3.566736840403405,4.416345484944249,5.5703374090950035,12.708460898621759,1.2613001922256366,2.877596633222228,2.2814526240137516,-3.82568359375,-3.2228826906467507,0.8709120000000001
2.2606606945709875,3.3233656773139266,2.0007588033702595,3.0199635439695998,1.4700860174616392,0.8850327730185752,1.3358765210639925,0.6020278830668283,0.9087063649313643,1.5094090996288505,0.17431640625,-0.5562160239800846,1.570912
2.5428002883377743,0.25643523545522423,7.9330370305855915,2.0772423432055023,0.10084757211619465,3.119803417896971,0.8169113212439477,30.935830704009348,8.100456006047603,0.2618470498999003,-1.82568359375,2.1104506426865823,2.270912
2.5779575975863973,9.545867250042601,0.09354600066431817,2.7708687535870555,3.702879853020035,0.03628686552172164,1.0748310042730225,0.009799633518253746,0.2902689384848391,29.62038712408541,2.17431640625,-2.3339938017578623,2.970912
0.8738450755208884,0.7096115723761992,2.8174836865432695,2.4663104344071796,0.8120564986341641,3.224237070700206,2.8223657756920377,3.970459045796939,3.475578091474063,0.875359259819907,-2.82568359375,0.33267286490880377,0.31091199999999997
3.7295687518136083,1.06205196628558,2.5612119419756385,0.46364568518500654,0.2847653541094067,0.6867313923976268,0.12431616522943724,2.4115693236115554,0.4365564962009917,0.18102589543111564,1.17431640625,2.99933953157547,1.010912
0.8499968694759024,2.898974492590923,1.9574683082772464,4.849718835845059,3.4105707876058355,2.302912373646973,5.705572585032385,0.6752278480821621,1.672908419249554,2.477546540772995,-0.82568359375,-1.4451049128689735,1.7109120000000002
7.19558224447309,3.7088264584065436,1.049476045410787,0.2329322899633863,0.515431042603298,0.14585005212286847,0.032371569394860446,0.28296714801308953,0.06280485015291416,0.22195103068999703,3.17431640625,1.221561753797693,2.410912
2.386567980126365,0.062491001252844874,38.470195169574765,1.5108424745492188,0.02618446311742441,16.11946338420992,0.6330607328726593,615.6117584661588,24.17696059047283,0.03927306497639271,-3.32568359375,3.888228420464359,3.110912
0.7888864063004842,2.8627614000915846,0.5360858535621403,2.4384174984392057,3.6288638988173516,0.6795475866749148,3.0909614856646677,0.18726180028310777,0.8517711250267649,4.548557814455659,0.67431640625,-3.7167098511405783,0.450912
0.8388719554554911,1.8096468110642296,2.262449936309627,3.7653783598712764,2.1572384191597234,2.6970146297013358,4.4886211004953065,1.2502162977200562,2.080725551997026,1.6642924554667216,-1.32568359375,-1.0500431844739118,1.150912
5.511058709311364,2.6034531841540898,1.4525734252435487,0.29920971032679256,0.4724052711968668,0.26357429703830093,0.05429260077038453,0.5579410584698172,0.11492801643138105,0.20598594544480595,2.67431640625,1.6166234821927548,1.850912
0.12869623471433944,2.2719919459313256,1.770415967108199,7.759515955616332,17.653911561393787,13.75654828626418,60.29326322436503,0.7792351422189912,3.415292016995062,4.382877301028154,-2.32568359375,-2.8278209622516894,2.5509120000000003
14.22687008074532,14.312760881883092,1.2863443824680774,1.7306364144304445,1.0060372239747952,0.0904165410358965,0.12164561879093083,0.08987395185902361,0.12091562408626988,1.3453912016235614,1.67431640625,-0.16115429558502292,3.250912
2.6124199991901,0.7699888333741058,3.0651251830205775,0.9450521252203727,0.29474159346996925,1.1732895874211746,0.361753518007578,3.9807397850032973,1.2273582216499637,0.3083241527802971,-0.32568359375,2.505512371081643,0.590912
2.2368985680039954,3.946102696735169,0.2992883835814535,1.057467361393856,1.7640954995363565,0.13379613535561927,0.47273818156960234,0.07584404324526867,0.26797765863234074,3.533272319959785,3.67431640625,-1.9389320733628006,1.290912
0.7232666678293947,0.34850698410155745,5.306801968752597,3.590356257627123,0.4818512999464864,7.337268817708566,4.9640836738712,15.227247116534564,10.302107049254621,0.6765574217330486,-3.57568359375,0.7277345933038664,1.990912
7.68772968071285,0.6030923561790632,7.766202594728408,0.33005071602680575,0.07844869437749809,1.010207553760954,0.042932143784249394,12.877302315571972,0.5472639681886647,0.04249833969704057,0.42431640625,3.3944012599705324,2.6909120000000004
0.07189727288858444,3.757332413737897,1.0628753924831438,15.584794957753768,52.2597347963454,14.783250459725057,216.76475798887026,0.2828803191852185,4.147835017410554,14.662861769095787,-1.57568359375,-3.4204135548442816,3.390912
2.1175734056344035,2.6363842263437203,0.7380747714743369,1.0756635023723184,1.245002520020734,0.34854743146588446,0.5079698769875987,0.2799572096127804,0.40800710747086605,1.4573909635518811,2.42431640625,-0.7537468881776155,0.05891200000000001
1.395033294919858,0.43600945067659935,3.7113487642606904,1.8549070609103182,0.31254411795357706,2.660401567314492,1.3296507457313977,8.512083301179413,4.254281777681364,0.49979325003690944,-2.57568359375,1.9129197784890515,0.758912
1.3702377231472123,4.397644144392096,0.4095563977166685,2.4761194988345316,3.2094023322401504,0.29889441138431394,1.8070729312190368,0.09313086376917,0.5630559039189416,6.045857207064102,1.42431640625,-2.531524665955393,1.4589120000000002
2.87910528366165,2.409586329415365,5.084302977044963,4.367455513015076,0.8369219226157821,1.7659315919766363,1.516948872206764,2.1100314668030844,1.8125333214663224,0.8590077209665966,-0.57568359375,0.1351420007112738,2.158912
10.577146266432033,2.490209578385846,1.9902407454921938,0.08122817128907868,0.23543302849927056,0.18816424537953919,0.007679592325093109,0.7992262027930468,0.032619010060081284,0.04081323903806957,3.42431640625,2.801808667377939,2.858912
0.4911900471906585,1.0871304145774734,1.915745678085827,3.0142563615728,2.2132582302822943,3.900212736481239,6.136639736111749,1.762204103939457,2.7726722766231573,1.5734115420709611,-3.07568359375,-1.6426357770665043,0.198912
3.2389526046823303,1.8915978334359782,2.1102137646957106,1.0168800259774962,0.5840152865162107,0.6515111587755623,0.3139533516197375,1.115572098569509,0.537577284136762,0.48188484171134605,0.92431640625,1.0240308896001622,0.898912
2.9602837814425893,0.35337957238628714,4.70471445164725,0.8208686109999116,0.11937354607742375,1.5892781905370486,0.27729389193893106,13.313487307365977,2.322909061938084,0.1744778815880107,-1.07568359375,3.6906975562668283,1.598912
1.7473447853788686,5.607247998512861,0.1369538486802057,1.8580032752015474,3.2090106345537683,0.0783782627368019,1.0633295104369944,0.02442443221996391,0.3313574280456869,13.566637908366351,2.92431640625,-3.1241172585479857,2.2989120000000005
0.5731139679494289,1.315686004088609,8.807651027421597,11.1628532582394,2.2956795291450725,15.36806206091068,19.477545274597812,6.694341203031007,8.484435665918662,1.2674041266491094,-2.07568359375,-0.4574505918813192,2.9989120000000002
3.1790773013686247,1.4814982481618064,1.7268331057328068,0.5340767418242067,0.4660151697236196,0.5431868879027848,0.16799740654128836,1.1655991546904654,0.3604977207950609,0.3092810417238112,1.92431640625,2.2092160747853473,0.338912
0.891481520423038,3.043172115944949,0.9502765210611438,3.2410211830356634,3.413612112229608,1.065952012791253,3.6355449987316506,0.3122651249602651,1.065014090413772,3.4106085031086715,-0.07568359375,-2.235228369659097,1.038912
4.23757901573227,3.473133890150077,0.6180674919448057,0.41574058445282097,0.8196033341811105,0.14585391556126567,0.09810804303810236,0.17795671330082197,0.11970185935874084,0.6726459324768163,3.92431640625,0.43143829700756964,1.7389120000000002
1.4349638077735885,0.12615648793242032,10.322030475043903,1.9961871138390355,0.08791614621149076,7.193234016862768,1.3911062446489229,81.81925990657906,15.823103088509848,0.1933909339509623,-3.88818359375,3.0981049636742357,2.438912
2.4708268380727065,12.967302978284726,2.009920824070491,12.36401677665533,5.248163399584682,0.8134608193094861,5.003999708170365,0.15499914110407845,0.9534763549028145,6.151494441266461,0.11181640625,-1.346339480770208,3.138912
1.4506560667365669,0.6665111953400935,3.2454722746753366,1.9018413152712976,0.45945500840836395,2.2372444779253806,1.3110215156303233,4.869343977064488,2.853427412124511,0.5859983245309188,-1.88818359375,1.320327185896459,0.478912
4.000690855913617,1.0446053075021264,2.1686474295502403,0.29084938154439843,0.26110623017973117,0.5420682346261911,0.07269978911629218,2.0760448123090023,0.2784299289459683,0.13411556787943082,2.11181640625,3.986993852563125,1.178912
0.18616455570659335,1.8363884176228735,1.239983905578191,4.970275910683738,9.864328956996161,6.660687373446538,26.698293301960206,0.6752296484113623,2.7065493677625936,4.0083390504702985,-2.88818359375,-3.9691103998374233,1.878912
3.282135841947147,8.811706208574067,0.6893540416022719,3.8611651235597413,2.684747564667058,0.2100321482103277,1.1764184389361172,0.0782316188585031,0.43818586686454736,5.601135106983923,1.11181640625,-1.3024437331707568,2.5789120000000003
8.551759391715384,0.6658826179343197,28.00014007071303,4.331253956218463,0.07786498513737432,3.2741964300163175,0.5064751892358448,42.04966358421277,6.504530737947093,0.15468686746852284,-0.88818359375,1.3642229334959106,3.278912
1.4758187054828964,3.3664231564641005,0.32931544158590453,1.4280967167778487,2.28105467423425,0.22314085081212645,0.9676640575649617,0.09782354335151341,0.42421782717233925,4.3365616562056,3.11181640625,-3.080221510948534,0.6189119999999999
0.5203185171535553,0.698813886471351,3.236318737243431,3.640772564727846,1.3430501960496606,6.219879997636786,6.997199685771301,4.6311597406645255,5.209931621582201,1.1249734220643894,-3.38818359375,-0.41355484428186795,1.318912
5.623060184457616,1.2072534785489497,4.184021642982127,0.589795050883347,0.21469688015893038,0.7440826713089334,0.10488862497213995,3.4657358353699537,0.48854284652155006,0.14096367113028974,0.61181640625,2.253111822384799,2.0189120000000003
0.23401220880544163,3.6870415164016386,1.987951749185254,9.442714828696927,15.755765629591808,8.49507707026535,40.351376865758425,0.5391725968752834,2.561054652271051,4.749971840396502,-1.38818359375,-2.1913326220596456,2.7189120000000004
19.37561940096255,10.59347768000049,0.9097025183748467,0.2852919675483946,0.5467426594617265,0.04695088706839763,0.014724275990589583,0.08587383160227745,0.026930907504246652,0.31361017671805413,2.61181640625,0.4753340446070222,3.418912
1.6075525834865148,0.4377114174533481,3.13467218573449,1.254497689982626,0.27228435445889093,1.9499655674938525,0.7803773903692958,7.161504271404088,2.866038307342833,0.40020060014303616,-2.38818359375,3.1420007112736883,0.08691200000000002
0.9968178748308141,3.3689301148449475,0.38290887399171963,2.159568266224136,3.3796846945754684,0.38413122763946145,2.1664622201830706,0.11365889494248022,0.6410249523159159,5.639901326159487,1.61181640625,-3.672814103541127,0.7869120000000001
1.3658797745274711,2.9048167568155323,1.9697621725811938,3.8019384789281827,2.126700175951034,1.4421197306788125,2.7835088781832726,0.6781020413627012,1.308839351056395,1.9301510262764814,-0.38818359375,-1.0061474368744605,1.4869120000000002
6.243457900498721,2.9616191444674542,1.0428262718525327,0.20584701259729418,0.4743555881478568,0.16702703669535962,0.03297003293332871,0.35211356389312154,0.06950488991193657,0.1973933896310614,3.61181640625,1.6605192297922073,2.1869120000000004
0.08943628721883623,1.3532148631453185,2.618946751546296,9.241810735704929,15.130490153669049,29.282820575256597,103.3340160140112,1.9353517485456806,6.829522042215754,3.5288272777017387,-3.63818359375,-2.783925214652238,2.886912
1.8507230618676653,1.9176337222382793,1.5895344396707032,1.6394946813380546,1.036153794022046,0.8588721199954237,0.8858671051970095,0.8289040921826221,0.8549571601319264,1.0314307387247938,0.36181640625,-0.11725854798557167,0.226912
2.0430097716502655,0.45421722477105547,3.8882632937482478,1.34867487696723,0.22232748520050205,1.903203473475047,0.6601411778259983,8.560360729842634,2.969228825804699,0.3468579093230903,-1.63818359375,2.549408118681095,0.9269120000000001
2.187593008321654,4.813547974935784,0.33391779796261306,1.6449673713395943,2.2003855180670886,0.15264164618024562,0.7519531124309231,0.06937041028807191,0.3417369848404885,4.9262644320737055,2.36181640625,-1.8950363257633493,1.6269120000000001
1.0726370703913188,0.38205003906641466,7.088810744763252,4.248832191264876,0.35617829143928004,6.60876911719741,3.9611088489742574,18.554665671768063,11.121140575322045,0.5993716498079222,-2.63818359375,0.7716303409033181,2.326912
11.972203483609972,0.964827884304317,8.343925634296914,0.12422101693829309,0.08058899814267048,0.69694151504523,0.010375785636148977,8.648097520847719,0.12874940593975664,0.014887598761390487,1.36181640625,3.438297007569984,3.0269120000000003
0.5878374342023968,2.3204117670446296,0.8322809708555786,2.889381838323386,3.947369854376601,1.4158352674236432,4.915273628743675,0.35867813750815675,1.2452022004712635,3.471642317321184,-0.63818359375,-3.3765178072448307,0.366912
2.8170773876763344,3.474283347071527,0.5072339927919107,0.8164761508114087,1.2332935411253607,0.18005681881898974,0.28983092703920316,0.14599672569005007,0.23500563116120518,1.6096637102678615,3.36181640625,-0.7098511405781642,1.066912
1.2894267167058102,0.2485930938320446,5.543932515322186,2.3312863946322957,0.19279350319895883,4.299532841607054,1.8080022419484207,22.301233030503248,9.377920998108534,0.42051132263770225,-3.13818359375,1.9568155260885032,1.7669119999999998
1.2545162755011146,6.8627609551175945,0.3703125784811023,4.469562160513564,5.470443938542188,0.2951835585657758,3.5627773411932853,0.053959708184933695,0.6512775528310643,12.069701166636591,0.86181640625,-2.487628918355942,2.466912
3.454137586296742,2.3330242292779753,17.237355542222797,12.483988973253393,0.6754288649454935,4.990350011130666,3.614213001468119,7.388416856501066,5.350989851107093,0.7242403826198245,-1.13818359375,0.1790377483107255,3.166912
3.405478983016928,1.4834558885053075,1.513921164139352,0.3677197022655175,0.4356085871923684,0.44455454627359436,0.10797884940689108,1.0205366912963894,0.2478804426305001,0.24289223968578455,2.86181640625,2.8457044149773916,0.5069119999999999
0.47454904945675724,1.5176094295193057,2.1464350705397437,4.136404523143971,3.1980033070482343,4.523104772829885,8.716495224000857,1.4143527503117947,2.7256054441188824,1.9271044253408645,-2.13818359375,-1.598740029467053,1.206912
5.688405457294255,3.077619581753281,1.838800056839432,0.554984209026245,0.5410337931883605,0.3232540420411725,0.09756410881622152,0.5974747716518917,0.18032904791633717,0.3018186816788354,1.86181640625,1.0679266371996148,1.906912
6.0311256192691465,0.38453040315447184,8.681260781932846,0.4460380169728498,0.06375765112998415,1.4394097105516506,0.07395601503437112,22.576266299664862,1.1599551383032498,0.05137940538557826,-0.13818359375,3.734593303866281,2.6069120000000003
2.0677444814353665,9.775372281402621,0.04842368522366729,1.854854082571677,4.727553316750651,0.023418602084747442,0.8970422115618912,0.00495364103071471,0.189747666807584,38.30468651867721,3.86181640625,-3.870344967738658,3.306912
0.4431293985446375,0.8492709010510006,2.332202868033544,3.2060584673740538,1.9165302591979831,5.263028983617785,7.235038970340623,2.746123604549934,3.7750716095493813,1.374691074828033,-3.76318359375,-1.2036783010719914,0.6469119999999999
3.6469460525018915,1.4054373951256405,3.346392039960103,1.1529235388812127,0.3853737825821353,0.9175874805344045,0.316133971351257,2.38103244695645,0.820330768826701,0.34452733723779666,0.23681640625,1.4629883655946756,1.346912
0.2326834820088687,2.5511057513406366,1.3281623851221747,5.694538474724479,10.96384551802178,5.708021788463488,24.47332498878211,0.5206222377979468,2.232184405421818,4.287531809749793,-1.76318359375,-2.981456078849769,2.046912
7.1520719450830175,8.104711018539199,0.6409064198807953,1.0430394956044855,1.1331976357020723,0.08961129373445585,0.14583738860758602,0.07907825688229325,0.12869545789091988,1.6274442933470452,2.23681640625,-0.3147894121831025,2.7469120000000005
2.5751188566290977,0.034158891426930765,54.04364838929727,3.3128638672589767,0.013264976620009573,20.986855907708243,1.2864896929827963,1582.12535980279,96.98393972607452,0.061299782046451395,-2.76318359375,2.351877254483565,3.446912
1.3159592929183626,2.7553203528983405,0.6916059745792299,1.8575588503992182,2.093773240346934,0.5255527114713985,1.4115625463457664,0.2510074641054804,0.6741716433971968,2.685862931605455,1.23681640625,-2.09256718996088,0.114912
1.8668197378594018,1.2638458855221324,2.92904518786535,2.090616208030806,0.6770047797819663,1.5690026886173563,1.119881135619458,2.3175651568112468,1.6541702053863236,0.7137534841360437,-0.76318359375,0.5740994767057881,0.8149120000000001
4.701396369216373,1.5597615900529778,1.602117889064462,0.21855871833075619,0.33176560059175747,0.34077490244276143,0.04648804337405516,1.0271556238348232,0.14012315710590922,0.1364186242614025,3.23681640625,3.240766143372454,1.5149120000000003
0.14577648951897437,1.6559270995576414,1.533633787310812,5.909097271878946,11.359356402543256,10.52044669460361,40.535324258235846,0.9261481303859944,3.568452544473414,3.8530041009597205,-3.26318359375,-3.5740486714423616,2.214912
5.091083038648202,12.169566514289707,1.5886782023014638,6.089917616723354,2.3903688904514513,0.3120511274794084,1.1961929456841789,0.13054517598765836,0.5004219015995739,3.833323581768226,0.73681640625,-0.9073820047756951,2.914912
1.8047544593776983,0.7318040429853422,3.001939063980769,1.4605940639054131,0.40548676258025557,1.663350406689603,0.8093034796595234,4.102107787946311,1.9958813809596136,0.4865502039766821,-1.26318359375,1.7592846618909732,0.254912
1.6014800460595202,3.733508487242571,0.3277879069111213,1.5354663097660814,2.3312862975901307,0.20467810867681507,0.9587795449241674,0.08779621314138572,0.411266323623686,4.684328730231096,2.73681640625,-2.6851597825534728,0.9549120000000001
0.8679676926609613,0.8549184179799596,4.148257895430236,4.052354133981099,0.9849657138262877,4.77927684464011,4.668784527633332,4.852226608045163,4.740047762166813,0.9768809548811357,-2.26318359375,-0.018493115886806244,1.654912
7.549071447181493,1.5848876545258,3.119802477489585,0.204110363056935,0.20994471513679086,0.41326969804404073,0.027037810475769343,1.9684691647264003,0.12878538265729947,0.06542413006261111,1.73681640625,2.6481735507798607,2.3549120000000006
0.9471552623861921,8.980245190269358,1.6147948505748166,12.064152904901627,9.481280996787369,1.7048892770828548,12.737249513356558,0.1798163431355466,1.343410190845777,7.471012742335143,-0.26318359375,-1.796270893664584,3.0549120000000003
2.9823510091032905,2.314424354580694,0.8436442032435646,0.515965520642004,0.7760402271617842,0.2828789101847622,0.1730063024329052,0.36451578189359674,0.22293470928129852,0.6115913778086399,3.73681640625,0.8703957730020839,0.394912
1.4537142101165343,0.26075417192154693,4.280196514261432,1.4282205241722585,0.17937100023301286,2.9443177238518694,0.9824630688983689,16.414680857145456,5.4772681627581665,0.33368106333751,-3.51318359375,3.53706243966875,1.094912
0.740311888860176,4.2918880395137045,0.45627172081837564,3.6701299773872162,5.797405261344279,0.6163236437022187,4.9575456407136,0.10631025707512953,0.8551318076328623,8.043737557971854,0.48681640625,-3.277752375146065,1.7949119999999998
0.8912004007603938,2.0763006096849304,5.267430898762863,7.925574474835291,2.3297797082602076,5.910489822792453,8.893145097413555,2.5369307672467394,3.8171613676104266,1.5046375789565145,-1.51318359375,-0.6110857084793988,2.4949120000000002
17.021189310227303,3.560410368550264,2.87335898217623,0.06574907834888938,0.20917518180771108,0.16881070586822933,0.0038627781614169335,0.8070302815532501,0.018466713536636856,0.022882305607039816,2.48681640625,2.055580958187269,3.194912
0.42010948628790834,1.4433229312721927,1.5892438021664204,3.3813555769837835,3.43558757509955,3.78292767489969,8.0487484509371,1.1011006391796243,2.342757468699915,2.1276506300508444,-2.51318359375,-2.3888634862571765,0.5349119999999999
3.5096672255884593,2.9744985414740683,1.4473736752428517,1.1053267820999328,0.8475158327796563,0.41239627070346346,0.31493777359892144,0.48659417883781464,0.3716010502907046,0.7636775499004931,1.48681640625,0.2778031804094905,1.234912
3.9389339370383283,0.48189156180400267,5.267011557178049,0.8218969353943172,0.12234060522638149,1.3371667667872331,0.20865974107001625,10.929868822480593,1.7055640740366464,0.156046161370998,-0.51318359375,2.9444698470761566,1.934912
3.943599221400779,6.7990333142160955,0.16651093693241376,0.9879137018433225,1.7240680232716592,0.04222308799251374,0.2505106747364689,0.024490384035073948,0.14530208283840795,5.933025902342459,3.48681640625,-1.4999745973682876,2.6349120000000004
1.1535205211930504,0.10845082576114057,26.610889796179052,6.635202450460275,0.0940172487343123,23.069281653226454,5.752132128172017,245.3728647008062,61.18166831734498,0.24934162297019455,-3.01318359375,1.1666920692983798,3.334912
3.2229767873938986,0.8334801615859055,2.5292151859054797,0.46695601416134985,0.2586056979516313,0.7847450828060741,0.1448834555643607,3.0345235585367885,0.5602485046228918,0.18462486575422635,0.98681640625,3.833358735965046,0.674912
0.38254222546188177,2.7003256426776994,0.7966232398739782,3.898543766970521,7.05889562758026,2.082445248788247,10.191146251275702,0.29501006370625354,1.4437309727965413,4.893836348017227,-1.01318359375,-3.7715795356398925,1.3749120000000001
3.4919656120232694,5.424992286213285,0.32404038272871893,1.0371526076389268,1.553564063613446,0.09279598333185408,0.2970111171965389,0.059731031056433695,0.19118047601186045,3.200689367495326,2.98681640625,-1.104912868973226,2.0749120000000003
2.425070122876888,0.20963100623145403,12.932796131623,3.5025090446163385,0.08644327611556503,5.332957595585186,1.444291862563245,61.69314532290072,16.70797229656576,0.2708238039917816,-2.01318359375,1.5617537976934415,2.7749120000000005
2.080629684536107,13.850667762208895,0.03854388455620599,4.548421747988621,6.656959604657862,0.018525105569086243,2.186079426720631,0.002782817783079871,0.3283900694231396,118.00631411076272,1.98681640625,-2.8826906467510036,3.4749120000000002
1.5850505744517531,1.7199055137467434,1.642536917895143,1.7663274882302753,1.0850792659039505,1.036267829159504,1.1143666433742805,0.9550157870689907,1.026991002768753,1.075365472146444,-0.01318359375,-0.2160239800843371,0.008512
3.496743718587676,1.8203366960385932,1.12515692853818,0.3250778988384015,0.5205805293542707,0.32177277464092435,0.09296589198412844,0.6181037447559786,0.17858119299898434,0.28891783056497494,3.98681640625,2.45064268658233,0.708512
0.27425131512768813,0.9691701762559847,2.2701721613245636,4.0886657250901886,3.53387613038337,8.27770747523161,14.908463513425833,2.342387556842183,4.218728377388966,1.8010377339419927,-3.98974609375,-1.9938017578621148,1.408512
4.663833358707618,2.429497228065388,4.796360480668799,2.4496232277312084,0.5209228206083716,1.0284159213608577,0.5252381548233569,1.974219367390737,1.0082840183694495,0.5107254214115358,0.01025390625,0.6728649088045531,2.108512
3.4311717608394035,0.10861172275612357,15.682872268146042,1.2606282122975219,0.03165441147415854,4.570704517662904,0.36740457784285363,144.39391872422755,11.606741706216487,0.08038248292425502,-1.98974609375,3.339531575471219,2.8085120000000003
1.11513598756113,2.9502950074063,0.42957431656195477,1.774524692317877,2.645681818464826,0.3852214629907692,1.591307887210124,0.14560385164316414,0.6014736451314809,4.130891033058185,2.01025390625,-3.4752832393435957,0.14851199999999998
0.5470205077828776,0.916527184570624,2.617255170734817,3.3725288107879896,1.6754896233879597,4.784564990703517,6.165269423731747,2.855621976953092,3.6796822479062166,1.288574705477083,-2.98974609375,-0.8086165726769297,0.848512
4.666750362712938,1.606717028363643,2.907037703041054,0.6341662880228466,0.3442903312766026,0.6229254785660092,0.13589033882973428,1.8093028527877868,0.3946969359431709,0.21814862853668696,1.01025390625,1.8580500939897382,1.5485119999999999
0.35844601324730246,3.658517078956723,1.2253879856993748,6.322958310213494,10.206605580050361,3.4186124002276,17.639918081195393,0.3349411685810173,1.7282844862423254,5.159964341093768,-0.98974609375,-2.5863943504547073,2.2485120000000003
9.051535373007095,7.44445324616032,0.5323169249161058,0.44339700049507047,0.8224519862520439,0.05880957240730088,0.048985833035281555,0.07150517402881977,0.05956072069144428,0.8329567964891417,3.01025390625,0.08027231621196051,2.948512
1.2453035257731566,0.3730044573430024,3.275167870135777,1.5715756344324714,0.2995289498690045,2.6300157370086645,1.2620020757242667,8.780505985010368,4.213289153773578,0.4798458267628643,-3.48974609375,2.7469389828786257,0.288512
1.3493227638947158,3.2625585536746335,0.9298689857923421,2.6499021660082174,2.417923006247601,0.6891375515731664,1.9638756840946487,0.2850121984002484,0.8122159717328663,2.849758628899999,0.51025390625,-1.6975054615658185,0.9885120000000001
1.9453315091354615,0.7513084249737819,5.079855016226737,2.8205141946929992,0.38621099871439196,2.6113055756159063,1.4498887112287016,6.761344405799797,3.7541362520877173,0.55523517613856,-1.48974609375,0.9691612051008489,1.688512
7.3349344708846544,1.3230089326103758,2.78399504132833,0.13608117143916545,0.18037092735619353,0.37955281705366856,0.01855247268797385,2.104290434256813,0.10285733382817693,0.0488798181818014,2.51025390625,3.635827871767515,2.388512
0.06725021427522204,2.3295183721698396,1.7443733864098472,11.5355409702769,34.63956802630051,25.938555069445353,171.53166119393472,0.7488128907886841,4.9518995463135465,6.612999865824931,-2.48974609375,-3.1789869430473,3.088512
2.2050379914071563,2.6634500916085497,1.0152336753874742,1.3430229338491655,1.207893062154841,0.46041550274587234,0.6090702015488216,0.3811724043886024,0.5042418245720036,1.3228707502601182,1.51025390625,-0.5123202763806334,0.428512
2.903985356034554,0.7661742946102813,3.743133340635738,1.1301772490543562,0.26383545392822044,1.2889642617712977,0.3891814559966082,4.885485413654739,1.4750915777319664,0.30193347289690875,-0.48974609375,2.154346390286034,1.128512
2.250633760010609,4.742793783451503,0.21120660244335546,1.2264257450611762,2.1073147784956117,0.09384316817604293,0.5449246193904934,0.044532107463810665,0.25858719587185214,5.806758552399409,3.51025390625,-2.290098054158411,1.828512
0.5336360558874843,0.331588459222737,7.014803492993369,4.945450988413908,0.6213756652392535,13.145295216844232,9.267460348400151,21.15514969802171,14.914424343978492,0.7050020707427653,-3.73974609375,0.37656861250825635,2.528512
13.039621484512338,0.5505645894749496,19.438691485743988,0.3272092482715067,0.042222436451002536,1.4907404719402377,0.025093462157635922,35.30683203633175,0.5943158251124586,0.01683288448255257,0.26025390625,3.0432352791749224,3.2285120000000003
0.6732999254954172,1.5221267868764,1.8814680052230026,3.2207771929966547,2.2606965027605073,2.7943980594363054,4.7835698045366515,1.2360783749716522,2.1159716922176397,1.711842659059679,-1.73974609375,-1.4012091652695222,0.568512
4.21561347033116,2.4133839093040295,1.4467388886113448,0.5113400980997652,0.5724870001220592,0.3431858491755164,0.1212967226949288,0.599464877110478,0.21187681583873044,0.35344325235535484,2.26025390625,1.2654575013971456,1.2685119999999999
2.1230726774327873,0.18276233671835518,7.040773087189965,1.207708703896886,0.08608388147095879,3.3163127960855516,0.5688494401224377,38.52420150460271,6.608083074348181,0.17153069541386018,-2.73974609375,3.9321241680638117,1.968512
0.7826151433323071,5.727665645868928,0.18031186911176073,4.135691753934637,7.318623584870881,0.23039660125155323,5.284451481893414,0.03148086502601814,0.7220553729279745,22.9363256800985,1.26025390625,-3.9361885891378345,2.668512
0.9918454481154282,9.5205851198424,5.100202611511172,23.02352800009467,9.598859517813123,5.142134413382542,23.21281812992225,0.5357026429900349,2.418289181839256,4.51423791441746,-0.73974609375,-1.2695219224711685,3.3685120000000004
2.8795716228104,1.947523676874584,1.056476807553058,0.5253969976462494,0.6763240967675056,0.36688679634992355,0.18245665205349998,0.5424718683002141,0.26977695002374225,0.49731048887210244,3.26025390625,1.397144744195499,0.036512
0.3124632042394976,1.3575620217014766,1.5109728285690258,3.5207574415150327,4.344710043557414,4.835682435781756,11.267750550290183,1.1130046395046278,2.593441319979144,2.33012624379843,-3.23974609375,-3.0472997002489457,0.7365120000000001
2.791661412500943,3.4578454406418557,1.5870345062599494,2.1094580389705704,1.2386335338367929,0.5684910423424829,0.7556281823879162,0.4589662937523776,0.6100498345521789,1.3291822141547376,0.76025390625,-0.3806330335822796,1.436512
3.275004327263104,0.3666113639553849,6.8430804267778305,1.5513819792035137,0.11194225329826028,2.0894874458063817,0.47370379522520867,18.66576189277811,4.231680007039581,0.2267081317841541,-1.23974609375,2.2860336330843873,2.136512
3.041270575868938,8.30959640833933,0.10083130416879893,1.8161430123481337,2.7322779085399693,0.0331543352205648,0.5971658775639302,0.01213432027428033,0.2185597137456029,18.01169812608769,2.76025390625,-2.1584108113600573,2.836512
1.0675047963017443,0.7890883712434068,2.7413366174280323,2.2387147167914514,0.7391895324284431,2.567985293298071,2.0971472208342647,3.474055273566341,2.8370899868462063,0.8166507909166772,-2.23974609375,0.5082558553066105,0.176512
3.693492148920271,1.1687187002497954,2.174609598716715,0.3893976808847762,0.3164264747635785,0.5887678952701781,0.10542805160655615,1.8606783636232793,0.3331834091484534,0.17906555784291966,1.76025390625,3.1749225219732766,0.8765120000000002
0.5046195922374601,3.3993335095936414,0.6075953278397912,3.8376439454322258,6.736427918942173,1.204066067165053,7.60502367420236,0.17873954589187208,1.1289401097602159,6.316118260942459,-0.23974609375,-3.6398922928415383,1.576512
3.9619028241126526,5.33757119575738,0.27467552481261265,0.7277969862496994,1.3472241578648096,0.06932919281636639,0.18369884839684428,0.0514607702152884,0.13635358846888934,2.649660856191,3.76025390625,-0.9732256261748722,2.2765120000000003
0.9599442286801844,0.11159340771634803,15.492014779395374,3.9912068630220254,0.11624988658953285,16.13845296064247,4.15774869391057,138.82553724655054,35.76561505467252,0.2576299416090407,-3.86474609375,1.6934410404917957,2.9765120000000005
0.8482016216836564,2.5885511249411173,0.7843792181488148,2.556324864079483,3.0518111010008635,0.9247556218907529,3.0138174683104824,0.30301863099831855,0.9875504638285375,3.259042061456668,0.13525390625,-2.75100340395265,0.316512
1.0060678174686732,1.0541179221684123,3.1220225509416957,3.1523454149432424,1.047760303893465,3.103192942595948,3.1333329226997155,2.9617393702209553,2.990505472536311,1.0097125704593006,-1.86474609375,-0.08433673728598334,1.016512
5.246531517996152,1.6379282495628298,2.1275145168347955,0.2696669903911861,0.31219258741600325,0.40550876508359823,0.05139909852179485,1.298905808238327,0.16463907406393496,0.12675212707473438,2.13525390625,2.582329929380683,1.716512
0.17336653770414306,1.4345083266197656,2.8993655288928566,7.0668113252726155,8.274424497464508,16.72390512776312,40.762256770291,2.0211562910372494,4.926295089499165,2.4373647457866854,-2.86474609375,-1.862114515063761,2.416512
17.54566430873345,7.184044162342254,5.056976453325405,1.077160112367819,0.4094483990991642,0.28821801012163833,0.06139181129959591,0.7039177848924374,0.14993784670953725,0.21300477119277303,1.13525390625,0.8045521516029064,3.116512
2.343959924237928,0.5395938411114362,3.13740703460273,0.8626283199546296,0.230206086516974,1.3385071144604868,0.36802178699155397,5.814386294959206,1.5986622793503693,0.27494944406021543,-0.86474609375,3.4712188182695725,0.456512
1.4625548516265567,3.8174021481169564,0.25803911671895313,1.5409467397862322,2.610091610493442,0.17643038579508938,1.0535992807876526,0.06759547637553416,0.4036637168411372,5.971756373141579,3.13525390625,-3.343595996545242,1.156512
0.39869056342055836,0.7392683951501651,3.6236813340569434,4.590326588332657,1.8542410154071005,9.08895686661765,11.513506988853798,4.9017127714771,6.209282878108485,1.2667577982618832,-3.36474609375,-0.6769293298785759,1.856512
8.419584785844446,1.543593136388959,5.653370292649791,0.586777992810414,0.1833336412247013,0.6714547613030284,0.06969203443344894,3.6624743654115592,0.380137731230852,0.10379259847410159,0.63525390625,1.9897373367880915,2.556512
0.11652400001783317,4.693306939944964,1.8762530783469467,15.584503539803693,40.277598942936116,16.101859514433073,133.74500993287734,0.3997720801889314,3.32058050735255,8.306184128174362,-1.36474609375,-2.454707107656353,3.2565120000000003
2.9199147662537746,2.6596881404481403,0.8991928988394994,0.7645425554503866,0.9108786911134727,0.30795176257598644,0.2618372852133928,0.3380820800622103,0.2874557147596884,0.8502542184631432,2.63525390625,0.21195955901031382,0.596512
1.853373129034221,0.29919717084787495,4.521542135842975,1.4613677562333376,0.161433856011382,2.4396286236215787,0.7884908512701085,15.112248966224106,4.884296706723746,0.32320118055493624,-2.36474609375,2.87862622567698,1.2965119999999999
2.482878835571901,5.88923316599846,0.4610683853839968,2.3163830616572683,2.371937398484428,0.1856991081394414,0.9329424490920507,0.0782900544753397,0.3933250724442235,5.023946848422688,1.63525390625,-1.5658182187674647,1.996512
6.786017071561484,1.6677668529212428,9.741669692524354,2.9622609887446476,0.24576520149211536,1.4355504252043922,0.43652424647717863,5.8411460063862926,1.7761841132385994,0.30408144417151123,-0.36474609375,1.100848447899203,2.6965120000000002
20.809915940867313,2.276493926035323,8.061469384859349,0.03833930669558483,0.10939467187201157,0.3873859657946972,0.001842357595510159,3.54117763841302,0.01684138325919256,0.004755870780529393,3.63525390625,3.767515114565869,3.3965120000000004
0.350641294862569,1.3151483105052961,1.283461664564014,2.9741591019150615,3.7506943128896375,3.660326616883663,8.482056008493691,0.9759064086626795,2.2614628921755244,2.3172948472328305,-3.61474609375,-3.837423157039069,0.06451200000000001
1.5241118768038935,2.7735506035375486,1.1999525181731994,2.366697086982477,1.819781504067644,0.7873126221478797,1.5528368507602663,0.4326412925881755,0.8533095029756634,1.9723256138380563,0.38525390625,-1.170756490372403,0.7645120000000001
1.9861383717407153,0.5647220156172077,4.7488417361120705,2.1500620826688377,0.28433165767915114,2.3909923919097507,1.0825338824628086,8.409166996830942,3.8072928329506457,0.45275505105148384,-1.61474609375,1.495910176294264,1.464512
1.626857761999455,5.601821981407903,0.17145382580331361,2.15288153905141,3.4433385095222473,0.10538956128075508,1.323337288199957,0.03060679656946582,0.384318092612848,12.556625837682544,2.38525390625,-2.9485342681501807,2.164512
0.48109834093449877,0.7523825256396016,8.10563618705037,8.507300916734032,1.5638850971261986,16.848189855125582,17.683080968870552,10.773291392114345,11.30714846082046,1.049553757461427,-2.61474609375,-0.2818676014835142,2.8645120000000004
2.9743666108768316,1.26915058749087,1.9722351235813123,0.6068822860462814,0.42669608475625315,0.663077347751663,0.20403748610779857,1.55398038894695,0.47817988820861435,0.30771294902418395,1.38525390625,2.384799065183153,0.204512
0.7709609766812535,2.513443810589626,1.2172826328472206,3.3609478121051737,3.2601440106725215,1.5789160147732026,4.359426629572103,0.4843086715201561,1.3371883620174236,2.761025025259685,-0.61474609375,-2.0596453792612914,0.904512
4.26527251366735,3.292244144540871,0.7791815895954383,0.44387359197831555,0.7718719340889539,0.1826803767165361,0.10406687745179169,0.23667187346584262,0.13482402048290898,0.5696664268065943,3.38525390625,0.6070212874053764,1.604512
1.8720661506780274,0.13787091437748084,9.156197486047377,1.644107906411238,0.07364639028783601,4.890958304401355,0.8782317365311973,66.4113785521024,11.924980071647214,0.1795623029010245,-3.11474609375,3.2736879540720425,2.3045120000000003
0.7238916458245356,7.123176966851146,0.18531379209197124,5.857401363210053,9.840114895562333,0.2559965889382422,8.091544358877474,0.026015609741883276,0.822301817078028,31.60801631161389,0.88525390625,-3.541126860742773,3.004512
0.9974776714958963,1.591827222263807,1.8829796738437379,2.678111892071729,1.5958524864787973,1.8877411772234187,2.6848840516454073,1.182904556165254,1.6824136782025054,1.4222733942766799,-1.11474609375,-0.8744601940761068,0.34451200000000004
3.9420824526047347,2.0785154126968055,1.315575649301661,0.3829617505707288,0.5272633025023169,0.33372606106510866,0.09714706761592125,0.6329400500305864,0.1842477319299011,0.2910982357981573,2.88525390625,1.7922064725905615,1.044512
0.26191847271587265,2.0266993885311693,1.5992297434301024,5.083081196117404,7.737901674196605,6.105830286987568,19.40711223385719,0.7890808831738627,2.508058780143669,3.178455889155097,-2.11474609375,-2.652237971853884,1.744512
6.577683758908808,6.253312089423287,1.14729479164093,1.0641704297141235,0.9506860345716388,0.1744223093861931,0.16178497913841053,0.1834699396470934,0.1701770860779582,0.9275475121717262,1.88525390625,0.014428694812782972,2.444512
10.831884198598832,0.49089430765757397,17.50485235695796,0.6086836793082049,0.045319382912261376,1.6160486980854463,0.056193702605031697,35.659106418419846,1.2399485384393487,0.0347722829588026,-0.11474609375,2.681095361479449,3.144512
2.0361803418361983,3.1337798495098372,0.40380088465048253,0.9673193913689089,1.5390482783483903,0.19831292757022725,0.4750656764010373,0.1288542603634528,0.30867496691581886,2.3955355922664467,3.88525390625,-1.7633490829649956,0.484512
0.7544662584810115,0.40621492127151204,3.7298012034041332,2.7180758029192695,0.5384136357394647,4.943628905172577,3.602647265355047,9.181841946448719,6.691225901823831,0.7287454892873441,-3.92724609375,0.9033175837016723,1.184512
4.370604838813865,0.5597636254620941,4.5416318617441265,0.51236826232489,0.12807463637321373,1.0391312024851638,0.11723051642068406,8.113481575361268,0.9153296838498958,0.1128158947978062,0.07275390625,3.5699842503683383,1.884512
0.14042562118701896,2.748375371376069,1.309312762979682,7.643853929860444,19.571751566017856,9.323887990753041,54.433470653338624,0.47639517389654434,2.7812263235473855,5.838065698271255,-1.92724609375,-3.2448305644464766,2.584512
10.872068699627208,14.607128831132448,0.45045045707769454,1.5781031090500737,1.3435464063645324,0.041431899440916894,0.14515205455831837,0.030837713713980603,0.10803650240193903,3.5033888505476183,2.07275390625,-0.5781638977798105,3.2845120000000003
1.2968194906203296,0.4059812716300488,3.5667592789501703,1.7987795709512309,0.3130591995003475,2.750389938420822,1.3870701234531801,8.785526644195514,4.430695937595791,0.5043176256853191,-2.92724609375,2.0885027688868574,0.624512
1.301297513769165,4.085310273295523,0.5324182939967169,2.642136258899282,3.139412955199275,0.40914417215367227,2.030386003924977,0.13032505694291555,0.6467406591294064,4.9625196742686954,1.07275390625,-2.355941675557588,1.324512
2.3434743711900943,1.6239529564636208,5.257222145871594,4.031831577035355,0.692968088931531,2.243345269955652,1.7204504673067353,3.2372995319519067,2.4827268308407273,0.7669129181085648,-0.92724609375,0.3107249911090788,2.024512
9.61114132943813,2.09379268650713,2.2741803433645553,0.0921813722065981,0.21785057723519435,0.23661917616370176,0.009591095276505214,1.0861535423348665,0.04402602645459388,0.04053388838557086,3.07275390625,2.977391657775745,2.7245120000000003
0.07558374650995402,0.9100227509965381,7.205723350612687,15.827194815359228,12.039926479123292,95.33429716485048,209.39944824347734,7.918179345210787,17.392086953900165,2.1964755022149824,-3.42724609375,-1.4670527866686993,3.4245120000000004
2.4023459862736467,1.4273436199608305,1.987771178992566,1.0650194077495803,0.5941457342598796,0.8274291839519168,0.44332473916530435,1.392636749269328,0.7461548801954268,0.5357857176948048,0.57275390625,1.199613879997968,0.09251200000000001
2.2567571773261066,0.4046568675959793,3.542545309971166,0.9016594771037516,0.1793089977342766,1.569750323855627,0.39953765791146073,8.754442575056311,2.2282075242177615,0.2545230613044976,-1.42724609375,3.866280546664634,0.792512
1.2356741995869989,4.125629063330309,0.23184072579166148,1.9279576390626472,3.3387676660314054,0.18762285873505324,1.5602475472151405,0.05619524252733326,0.4673124048399912,8.315871305523618,2.57275390625,-3.7386577249403037,1.492512
0.37115781310090196,1.307606249612818,3.665050835783114,6.242112605132461,3.5230465410068996,9.874642824201421,16.81794747356025,2.802870387678504,4.773694380078674,1.7031448907034612,-2.42724609375,-1.0719910582736376,2.1925120000000002
12.938557547650214,3.408804018284433,3.722675815282339,0.26807801081849253,0.2634609001606605,0.2877195391814305,0.020719312012271295,1.0920768091431288,0.07864283466592767,0.0720121826665588,1.57275390625,1.5946756083930298,2.892512
0.7086321415967384,2.3074403126000718,0.8980328063382644,2.7265314847015216,3.25618918075151,1.267276424005769,3.8475978221336598,0.3891900481388151,1.1816260077510778,3.0361156802488924,-0.42724609375,-2.849768836051415,0.23251200000000002
2.9981656873650118,3.1004971999826063,0.6032284068545922,0.6622896953754056,1.0341313734090294,0.20119915633640303,0.22089829730439947,0.19455860397421948,0.213607577319896,1.09790866585474,3.57275390625,-0.18310216938474877,0.932512
1.2239415044867419,0.22542922253461994,5.300611793158565,2.0106519214211986,0.18418300360616774,4.330772160048097,1.642767986909932,23.5134191280127,8.919215968605915,0.37932450062015916,-3.67724609375,2.483564497281918,1.632512
1.2823678785892378,6.261200708057891,0.8251296124438396,5.2688157263360305,4.882530834245459,0.6434422026786756,4.108661651859508,0.13178456512054212,0.8415024484928739,6.385440113742906,0.32275390625,-1.9608799471625264,2.3325120000000004
2.443765911625009,0.6060406186167556,16.174683212156193,7.2479606479237475,0.24799454634088186,6.618753103647584,2.9658980892749,26.68910748766931,11.959529485773906,0.44810526134301615,-1.67724609375,0.7057867195041414,3.0325120000000005
3.2515619069448296,1.2148724225192284,1.764804771309821,0.39054811755015945,0.373627338887336,0.5427560113619466,0.1201109278331775,1.4526667480443927,0.3214725351492437,0.22129819904118825,2.32275390625,3.3724533861708075,0.37251200000000007
0.28421147359239474,1.6761501466788868,1.304321153338188,3.854013518026649,5.897545674326849,4.589262836055647,13.560372736935765,0.7781648654343775,2.299324750627482,2.9548041202605333,-2.67724609375,-3.4423614286440074,1.0725120000000001
3.1192901779762714,4.864964689261513,0.9685810191163698,2.0422751326204764,1.5596383829919274,0.31051327829486014,0.6547243174232225,0.19909312420177042,0.41979238557032317,2.1085227691986272,1.32275390625,-0.7756947619773413,1.7725119999999999
4.993245091024645,0.6192023159075543,8.38986732101588,1.6606465804727502,0.12400799572618018,1.680243442505288,0.3325786237606805,13.549476650000885,2.6819127412964674,0.19793478453621985,-0.67724609375,1.8909719046893265,2.472512
3.196710943208984,9.334201781504778,0.0564386605429882,1.642359296636422,2.919939258610207,0.017655227997040248,0.5137653437591567,0.006046436734935214,0.1759506956332002,29.099898559524988,3.32275390625,-2.553472539755119,3.172512
0.743853227778603,0.6812634586996363,2.871514194483723,2.7005303556629956,0.9158573670966236,3.86032363274007,3.6304612991029046,4.214983436752552,3.9640029436154425,0.9404551650313298,-3.17724609375,0.11319412691154884,0.512512
3.8934924506108555,1.024104108458744,2.93652385264301,0.531587263384127,0.2630296890130276,0.7542133161661313,0.13653224454068877,2.8674075500609204,0.5190754133231191,0.1810260328400443,0.82275390625,2.779860793578214,1.212512
0.5813207877589851,2.7808393931298356,2.0722111678972364,5.6474786718171055,4.783657236566548,3.5646603588454036,9.71490920458627,0.7451747026515481,2.0308539521445956,2.72533936661863,-1.17724609375,-1.6645836508662302,1.912512
8.458128778090646,4.456665208823405,1.1321955922331837,0.2596974272222499,0.526909122070551,0.13385887374592179,0.030703886643929115,0.2540454665501096,0.05827169308300187,0.2293750558682297,2.82275390625,1.0020830158004372,2.612512
4.365430183927157,0.054976103105891,53.275341227050596,1.1844251842220874,0.012593513305585455,12.203915532357433,0.271319236436986,969.063615229975,21.5443641383736,0.022232146372826885,-2.17724609375,3.6687496824671033,3.3125120000000003
1.179238429230588,3.3502457372909467,0.4076366127073251,1.9500501168401456,2.841024897294829,0.3456778566598222,1.6536521101271144,0.12167364565828698,0.5820618156854912,4.7837953119295555,1.82275390625,-3.146065132347711,0.652512
1.8801857655670022,2.6065642874287747,2.2258938977969085,3.008525549761955,1.3863333800119058,1.1838691359976614,1.6001214373914179,0.8539570301535222,1.1542111446365637,1.3516033054134615,-0.17724609375,-0.47939846568104505,1.352512
5.869216436954044,2.455217212538277,1.1393795673997704,0.18757468659488066,0.4183211232558438,0.1941280543388984,0.031959067894287194,0.4640646707677019,0.07639840810702053,0.1646287961991045,3.82275390625,2.1872682009856224,2.052512
0.11299366843951791,1.1068430049519125,3.1024528268906506,8.096611613105418,9.795619703632969,27.4568732012741,71.65544516717137,2.8029745980329333,7.315049719681954,2.6097452773262724,-3.80224609375,-2.2571762434588223,2.7525120000000003
27.275247879696703,13.179585759687162,21.415891447618208,9.267079733972064,0.48320681879110816,0.7851767852698375,0.33976152205275995,1.6249290257000117,0.703138922796617,0.4327197752490809,0.19775390625,0.4094904232078447,3.4525120000000005
1.7875515595823326,0.48715956141214867,3.10342094052066,1.156900095046322,0.27252895660585874,1.7361294693204734,0.6471981682680166,6.370440377942395,2.374786798175058,0.3727822030008695,-1.80224609375,3.0761570898745108,0.120512
2.1128386638074943,3.485225454642688,0.5698630216611665,1.3918064567133586,1.6495464203414612,0.26971440433328236,0.658737688094565,0.16350822323475483,0.3993447410580929,2.442352642317805,2.19775390625,-1.368287354569934,0.820512
1.1853195803028016,0.38411948629907156,4.7004450583849,2.6625730724410617,0.32406406903439866,3.965550840883034,2.246291309691249,12.236934667576799,6.931627182194056,0.5664512699050539,-2.80224609375,1.298379312096734,1.520512
5.976967397421353,0.7751785825875285,4.186450999436727,0.24458146987377571,0.12969429662975313,0.7004306232694009,0.04092066320778254,5.40062779529131,0.31551628923669217,0.05842215038625397,1.19775390625,3.9650459787634,2.2205120000000003
0.20933883585397783,4.195813732621134,0.5855487108105224,8.199485666162456,20.043169321663186,2.7971336919966725,39.16848793351428,0.13955545887513193,1.9542063086390207,14.003080383889236,-0.80224609375,-3.903266778438246,2.9205120000000004
2.106245298715566,2.932959829913834,0.5329451074057775,1.0015466557249926,1.3925062915048008,0.25303088283723596,0.4755128267043528,0.18170896920243007,0.3414798407772317,1.8792679429974166,3.19775390625,-1.2366001117715797,0.260512
1.0327795841404732,0.4043129471393942,3.770296392972904,2.2962673862381564,0.3914803829859612,3.6506302514787983,2.223385726732017,9.325193317821272,5.679430754035381,0.6090416102346623,-3.30224609375,1.4300665548950873,0.960512
0.8958706730363838,4.314817939712155,0.4612308779216346,3.3825555576007558,4.816340203533951,0.5148409159978192,3.77571859355126,0.10689463248880525,0.7839393468885061,7.333757819604326,0.69775390625,-3.0143778895493574,1.6605119999999998
1.3195277148341689,2.028500212159037,5.420576005641146,6.680928839947747,1.5372926156492046,4.10796677076417,5.063121270467115,2.672208744741391,3.2935312502811573,1.232512713223643,-1.30224609375,-0.34771122288269085,2.3605120000000004
14.02584123954274,2.96880669244287,2.5834679207253446,0.0691883094439787,0.2116669254798764,0.18419343814058237,0.00493291691117376,0.8702041555287485,0.023305090769331092,0.026781176142707093,2.69775390625,2.3189554437839757,3.060512
0.48688046067294355,1.439629222032454,1.6261004842149158,3.236887714827634,2.9568432876576427,3.339835166043417,6.648218559343618,1.1295272833648122,2.248417623989202,1.9905828368229093,-2.30224609375,-2.125489000660469,0.40051200000000003
3.54984618574471,2.6941208832359647,1.430595839001894,0.8986216935230651,0.758940174381323,0.4030022046439103,0.253143839620912,0.5310065513035093,0.33354913623761084,0.6281450490936843,1.69775390625,0.5411776660061989,1.1005120000000002
3.8985699020201134,0.5171519550443471,4.659406709741368,0.6839529606718946,0.13265170768808726,1.1951579237625092,0.17543688528388118,9.009743972333649,1.3225377067621138,0.14678971020966297,-0.30224609375,3.207844332672865,1.800512
1.7929612505683221,5.381400284574693,0.11297555831755236,1.6083193235404158,3.0014035623295983,0.06301059673305379,0.8970184509177878,0.020993710250729124,0.2988663244677265,14.235993585619134,3.69775390625,-3.60697048214195,2.500512
0.15568154592661043,0.6789202529287034,7.8354254410855715,11.127882359999997,4.360955236459124,50.32982807595741,71.47849344485422,11.54101001890189,16.390558849875095,1.4202014228417272,-3.55224609375,-0.9403038154752834,3.2005120000000002
2.8495533460023146,1.2475299916151323,2.4744159754933874,0.9438274066132168,0.43779843369674504,0.8683522205207304,0.33121942003202987,1.9834520950392942,0.7565568867737419,0.38143441359936336,0.44775390625,1.726362851191384,0.540512
0.4006082797259368,2.205470695769448,1.2918348810732383,4.119111605815657,5.505304826146502,3.2246834288023334,10.282142966774462,0.5857411225418894,1.867679137028196,3.188574380646509,-1.55224609375,-2.7180815932530615,1.2405119999999998
4.614769504514692,4.585271083338963,0.7848531807139286,0.8022073536716864,0.993607823500855,0.17007418895918766,0.17383476095325584,0.17116832711718408,0.17495309199636777,1.0221113622065874,2.44775390625,-0.05141492658639457,1.940512
2.2565053008486946,0.1150348714768719,12.191736800564271,2.052555004833594,0.0509792161505697,5.4029285000920835,0.9096167441138328,105.98296537424703,17.842893884975272,0.16835624311858466,-2.55224609375,2.6152517400802715,2.640512
3.6623983085467877,16.03122142442095,0.15238698169086057,5.428601599980838,4.377246840413166,0.04160852229951105,1.4822531965767716,0.00950563763399362,0.33862682426126617,35.623788461100666,1.44775390625,-1.8291927043641723,3.3405120000000004
2.0568964701270565,1.2265248668432687,2.819531316080855,1.7601572538345933,0.5962987854062995,1.3707696799667752,0.8557344909663183,2.2987966997665024,1.4350766962962154,0.6242729931019918,-0.55224609375,0.8374739623024947,0.680512
4.427477958261868,1.4809042560947958,1.5496079819537534,0.22587609250610138,0.3344803226702379,0.3499978987048636,0.051016875664983655,1.0463930909619588,0.15252579062858915,0.1457633770195967,3.44775390625,3.504140628969161,1.380512
0.16080906275630832,1.6979629873438955,1.5827011969262188,5.625815030434237,10.558876211578982,9.842114429363102,34.98444014290198,0.9321176072288951,3.313273064470408,3.5545654741148827,-3.05224609375,-3.3106741858456536,2.080512
5.985750300349696,10.392113995032968,1.6211207144331639,4.173528988036857,1.7361422501078683,0.27082999341593916,0.6972440844705858,0.15599527826657766,0.4016053894358399,2.5744714448955524,0.94775390625,-0.6440075191789871,2.7805120000000003
9.816739890255185,0.18539497030209273,50.5973261326174,2.4935100817215123,0.018885594644931905,5.154188325071545,0.2540059235140531,272.9163906128162,13.449718067639322,0.04928145956143875,-1.05224609375,2.02265914748768,3.4805120000000005
1.5660035447256595,2.919925764054025,0.45091032057840486,1.2987471777182604,1.8645716185562995,0.2879369731295197,0.8293385938317155,0.15442526865900896,0.4447877386838355,2.8802782248414576,2.94775390625,-2.421785296956765,0.014112
1.0584224289350805,0.8725667111724845,3.05103303182171,2.683617590631025,0.8244030807722086,2.8826231837239797,2.535488210818733,3.4966186456070263,3.0755443180097912,0.879576708164543,-2.05224609375,0.24488136970990215,0.7141120000000001
4.528660717797233,1.357564710474514,2.2302957352948263,0.3109132979721588,0.29977178575983976,0.49248461615372585,0.06865457965316264,1.642865137909532,0.22902281973982974,0.13940451620469008,1.94775390625,2.9115480363765682,1.414112
1.3272264936158005,4.953131795645782,1.4368793500630823,5.259928859149692,3.7319416237328307,1.0826180436984434,3.963098148244404,0.2900951174620913,1.061940016167874,3.660661459793941,-0.05224609375,-1.532896408067876,2.114112
8.863940649191193,4.554175612511984,0.7181214202935327,0.17440551909118648,0.5137867899563991,0.0810160456522302,0.019675844637689496,0.15768417412815414,0.03829573866498051,0.24286355226654863,3.94775390625,1.1337702585987914,2.8141119999999997
1.289396379562552,0.34365100555273587,3.1788920236221974,1.3393086518421697,0.26652083951819755,2.465411004721982,1.0387097971351147,9.250349838229623,3.897292980964791,0.4213130367089634,-3.95849609375,3.8004369252654575,0.154112
0.6208615989972697,2.9121222196981416,0.5956693944603142,2.9629353848344526,4.690453112902136,0.9594237998007247,4.772296095651235,0.20454821244489485,1.0174488435933773,4.974127279980396,0.04150390625,-3.804501346339481,0.8541120000000001
0.5614079024435913,1.530911279069661,2.734752053884162,4.666165537431342,2.726914374390166,4.871238972556041,8.31154231552732,1.7863556766960904,3.047966006408277,1.7062481151825075,-1.95849609375,-1.1378346796728143,1.554112
7.218823931762649,2.9001160759586577,2.05883339316547,0.3200611156809933,0.40174356700933206,0.2852034365468665,0.04433701648723308,0.7099141342075093,0.11036148460892016,0.15545751139624622,2.04150390625,1.5288319869938523,2.254112
0.07516500302691977,1.8213256395514108,2.1828099883608467,10.090060168359477,24.231032611002718,29.04024347047642,134.23880478985413,1.1984732114672634,5.539953948512271,4.622509619326269,-2.95849609375,-2.9156124574505924,2.954112
2.1065485577485723,2.2953968426069102,1.273915249672265,1.4231891445291442,1.0896481992611526,0.6047405102466731,0.6756023445527474,0.5549869312469141,0.6200187776301073,1.1171772571960987,1.04150390625,-0.24894579078392542,0.294112
2.4935829188809335,0.591913691418039,3.789271433969821,1.1867185206707693,0.2373747778492472,1.519609155676429,0.4759089868979946,6.401729659085801,2.004884390877604,0.3131785466810718,-0.95849609375,2.4177208758827415,0.994112
2.283543425097771,4.7342639935731565,0.259103942120925,1.331241081975521,2.0732095310911185,0.1134657389358958,0.5829716515763318,0.054729508635906865,0.28119282823744157,5.13786502466344,3.04150390625,-2.026723568561703,1.694112
0.6901430228174635,0.31514644932445923,6.870283333344853,4.3670030855685,0.45663933258050565,9.954868927454156,6.327678381417951,21.800287923509327,13.857059455784789,0.6356365339946453,-3.45849609375,0.6399430981049647,2.394112
11.503660474003464,0.6157442600762117,13.571443074364733,0.24274110141086416,0.05352594171809059,1.1797499678501593,0.02110120530412232,22.040713903991524,0.39422389642872135,0.017886167305920533,0.54150390625,3.306609764771631,3.094112
0.45477389708861066,2.011203285637822,0.984682335789412,3.1340536373631234,4.422424634556252,2.1652129598756438,6.891454539116759,0.4895986113492925,1.5582977910505984,3.182806803222054,-1.45849609375,-3.5082050500431845,0.43411199999999994
2.7312307184321334,3.7137272630281224,0.5860033199942802,1.0969146552745526,1.3597266748522778,0.2145565059881416,0.4016191850332725,0.15779384927595927,0.29536758560458837,1.8718574073697385,2.54150390625,-0.841538383376518,1.134112
1.6312022504875185,0.2935457490695659,5.793831199549461,2.3471878142391107,0.17995668469794818,3.5518778850494197,1.4389312015340863,19.737404537159254,7.99598638944304,0.40511843258768604,-2.45849609375,1.8251282832901499,1.8341119999999997
1.577347441097969,7.150052022849139,0.19958520225275062,3.37737976392037,4.532959471422536,0.12653217487316695,2.1411768110958636,0.02791381120234427,0.47235736930688205,16.921994846307918,1.54150390625,-2.6193161611542957,2.534112
8.063465086903873,7.13239063859427,16.618620711294717,14.470857128842962,0.8845317195182266,2.0609775738082554,1.7946201754312219,2.3300211041960117,2.0288929563867857,0.8707616221728892,-0.45849609375,0.0473505055123713,3.2341119999999997
3.4339383645339536,1.6475112103500391,1.283172523080509,0.33696784298909044,0.47977308718341993,0.3736737200449602,0.09812868118697958,0.7788551088571224,0.2045314416510079,0.262605251381266,3.54150390625,2.7140171721790374,0.5741120000000001
0.3151950056225962,0.9716338194887969,2.3395905349417205,3.959990262743647,3.082643449789297,7.422676416843567,12.563619956228635,2.4078932700928863,4.075599452504758,1.6925997107619053,-3.70849609375,-1.7304272722654068,1.274112
4.92273033247914,2.234054147614962,4.137910814014534,1.6586585305991495,0.45382419850933986,0.8405723114088675,0.33693873492433035,1.8521980850070696,0.7424432985968156,0.4008444369998265,0.29150390625,0.9362393944012606,1.9741119999999999
3.6974832579559243,0.14434942112731533,13.052057306467729,1.021069398036207,0.03903991203116789,3.5299841529730913,0.27615254128308986,90.41987979263104,7.07359537753622,0.07823053286245021,-1.70849609375,3.6029060610679267,2.674112
1.8415408072712112,11.264783206033023,0.042485613642108094,3.613968089051462,6.117042403597421,0.023070688129394824,1.962469729034475,0.00377154294628185,0.3208200302617406,85.06333742746291,2.29150390625,-3.2119087537468882,3.3741120000000002
0.7198097731456,0.931546242901619,2.274281130894369,2.630320580570937,1.2941561474370118,3.159558560806505,3.6541884796538975,2.441404437218643,2.8236070947781453,1.1565503247773745,-2.70849609375,-0.5452420870802217,0.042112
3.4608936356147733,1.4029768169002044,2.183834391016005,0.6046405274056261,0.40537992917860577,0.6310030359046505,0.17470647499347988,1.556571972330277,0.43096972104039766,0.27687105299423537,1.29150390625,2.1214245795864457,0.7421120000000001
0.6176222986945615,2.96231709218062,1.1732953327181126,4.202936653931748,4.796324709198368,1.8996971696100522,6.805027381322359,0.3960735114465504,1.4188003927823551,3.5821642997547953,-0.70849609375,-2.323019864858,1.442112
5.280371680417071,4.282269013781192,0.6675644597144992,0.43805364511293904,0.8109787100143974,0.12642376334799438,0.08295886570589654,0.15589036035945997,0.10229475161490216,0.6561967743164214,3.29150390625,0.34364680180866713,2.142112
1.9534123242146801,0.08310452064797393,16.856652456495958,2.0433976864049592,0.04254325603345622,8.629336596037268,1.046065728712168,202.83676898757156,24.5882855766737,0.1212220333591505,-3.20849609375,3.010313468475333,2.8421119999999997
1.4354370726947354,2.543881974474785,0.9467111563838543,1.915087770857406,1.77220027465166,0.6595281495737046,1.3341495822329752,0.3721521540240931,0.7528209995877654,2.0228849717715938,0.79150390625,-1.4341309759691105,0.182112
1.905253788591683,0.8287891446888224,3.534018781204725,1.8898886880462507,0.43500196648418327,1.8548808575349878,0.9919354048067319,4.264074648964677,2.2803009669676952,0.5347704143784995,-1.20849609375,1.2325356906975564,0.8821120000000001
4.764554382870522,1.232553008963249,1.9784697213823275,0.21630565730593185,0.25869219026956874,0.4152475892594073,0.045398927144916584,1.6051802291623138,0.17549399963566306,0.10932977895401011,2.79150390625,3.8992023573642225,1.582112
0.1626173775922883,2.3468729617997113,1.1685874777427219,6.12867250170336,14.431870668113673,7.186116853222081,37.68768499679702,0.4979338450627445,2.6114206441764773,5.244513242210745,-2.20849609375,-3.7057359142407154,2.282112
5.829525127285048,11.79025923879166,0.39005926677324015,2.515698057661089,2.0225076625208183,0.06691098472971165,0.4315442515011014,0.033083179841363344,0.21337088580580807,6.449527730675817,1.79150390625,-1.0390692475740488,2.982112
2.319299320076054,1.043654420453137,2.6305840055608085,1.1847780336475775,0.4499869471004345,1.1342149686287784,0.5108344677170545,2.5205508202788556,1.135220634751077,0.4503859337481972,-0.20849609375,1.6275974190926181,0.32211199999999995
1.7518765798727458,3.6454659850742392,0.27686388233277914,1.213300487528248,2.0808920142873544,0.15803846316210826,0.6925718977397259,0.07594746006857636,0.3328245257248065,4.3822996242966425,3.79150390625,-2.8168470253518265,1.0221120000000001
0.4823434385878607,0.5334056788996265,3.845896143182151,3.870089935510873,1.105862827659186,7.973356400248007,8.023515250546776,7.210077236365253,7.255434444369922,1.006290807507013,-3.83349609375,-0.15018035868516,1.722112
6.503349611044972,0.8131284959493049,6.290673063096529,0.6380265221657233,0.12503225946338903,0.9672973835533549,0.09810736932889633,7.736382496043682,0.7846564538620001,0.10142420624410266,0.16650390625,2.5164863079815065,2.422112
0.12046868274388507,3.1859640475207907,3.2545386784846655,14.181554655494713,26.446408933466227,27.015640947977943,117.71984496289814,1.0215239814200783,4.451260103368184,4.35747000004859,-1.83349609375,-1.9279581364629377,3.1221119999999996
2.9865636977843355,2.2404789965317224,1.1996634882253339,0.7476869546744913,0.750186241865152,0.4016868915654929,0.25035024541053097,0.5354495579215077,0.33371745766504224,0.6232472372569636,2.16650390625,0.7387085302037297,0.462112
1.694122069237826,0.2736819290912172,4.329102532285214,1.3512191903779482,0.16154793923105246,2.5553663522209162,0.7975925790199124,15.818006496301553,4.937188198229895,0.3121245524449791,-2.83349609375,3.405375196870396,1.162112
0.9336247329628862,4.6696924430346956,0.3099056076858899,3.1093915060077246,5.00168030919156,0.3319380868396611,3.3304510862088854,0.06636531451833504,0.6658664449402203,10.033350248890306,1.16650390625,-3.409439617944419,1.8621119999999998
1.4963158062243813,3.9104328615492245,4.5840290702494215,8.533483585545023,2.613374025244262,3.0635438395963988,5.702996352806941,1.1722561753517318,2.1822350332244937,1.8615683833524876,-0.83349609375,-0.7427729512777526,2.562112
17.04884017295587,4.307482845289631,1.829323595014428,0.06094318015012381,0.2526554769468998,0.10729900547230399,0.0035746232313677495,0.4246850563815596,0.01414821192306479,0.03331459798376632,3.16650390625,1.9238937153889148,3.262112
0.3513062722838216,1.2204035774806858,1.6986595601095198,3.4018238911184318,3.4739020443526765,4.8352668145280555,9.683356545282761,1.3918834649895993,2.7874581440845283,2.002651956286698,-3.33349609375,-2.5205507290555307,0.6021120000000001
3.0645484105433733,2.7286047763240986,2.0102404738802644,1.7237136752345599,0.890377442541458,0.6559662973390034,0.5624690637303162,0.7367283423832474,0.6317198042718005,0.857466406448062,0.66650390625,0.14611593761113717,1.302112
3.0777481718985764,0.3081814586075505,6.246933650058712,1.2255593452638076,0.1001321230311842,2.0297091578500246,0.39820000754246065,20.27030983072147,3.9767458782277996,0.19618574710686884,-1.33349609375,2.8127826042778024,2.002112
3.659157197941519,8.023281634822363,0.16173032879305535,1.5712395674994013,2.1926583638811437,0.04419879224758032,0.42939930768301277,0.02015762828156488,0.19583502599235245,9.7151819279976,2.66650390625,-1.6316618401666414,2.702112
1.852479205399377,0.1547810964920672,32.031646253383364,7.957505864358747,0.08355348661454899,17.29123121059685,4.295597943105215,206.94805101748997,51.41135477591465,0.24842637813278892,-2.33349609375,1.0350048265000256,3.402112
2.9278842313969693,1.0084811645734189,2.0008464239909873,0.4642479272418553,0.34444024588098093,0.6833762081625514,0.15856088921260067,1.9840196270173596,0.46034367675893,0.23202576753284415,1.66650390625,3.7016714931666916,0.07011200000000002
0.6399945063756635,2.6957379132264694,0.7932702096483442,3.112747248803768,4.21212664541862,1.2394953421408137,4.863709325305755,0.2942682987675521,1.1546920913681067,3.923943204905735,-0.33349609375,-3.113143321648123,0.7701120000000001
3.32262998974447,3.7510254978934983,0.4785562202691967,0.6621668816871469,1.128932655598517,0.14402934474988005,0.19928998526196756,0.1275801032378864,0.17652956026532124,1.3836762613066982,3.66650390625,-0.4464766549814563,1.470112
1.2241227131453036,0.17397139288718533,7.406223522614175,2.4149241992421446,0.14211924263718395,6.050229640445414,1.9727795043008016,42.571502128610675,13.881156891168553,0.3260668803565557,-3.58349609375,2.2201900116852107,2.170112
1.1849721706130596,8.794288636688005,0.5585615648394163,7.3445028106896935,7.421514913838166,0.4713710403430299,6.198038226408242,0.06351412694248056,0.8351446164786885,13.14895845510101,0.41650390625,-2.224254432759234,2.8701119999999998
1.256940324748189,0.9728943420267234,2.6170435614357155,2.1386198697007437,0.7740179250129713,2.082074629883487,1.7014490088295857,2.6899566051375294,2.1982036253244037,0.8171892517247563,-1.58349609375,0.442412233907433,0.21011200000000002
3.8041742988872964,1.3519137770307268,1.8107053682097953,0.330778058670681,0.35537640255499214,0.4759785503885609,0.08695134152171526,1.3393645356486674,0.24467393134877635,0.1826791174743763,2.41650390625,3.109078900574099,0.9101119999999999
0.39281851463440903,1.2606017353569066,2.721235377171946,4.7243551109046695,3.209119958437121,6.927462112381754,12.026813744513962,2.1586797010092162,3.747698403387563,1.736106751564605,-2.58349609375,-1.3353655438703451,1.610112
7.587547637493815,2.9840175517578706,2.9234095523427137,0.5433743634756405,0.39327826253272774,0.385290437966637,0.07161396401527152,0.9796891277065535,0.18209489523797914,0.18587007866899802,1.41650390625,1.3313011227963223,2.310112
6.81493395974234,0.21631484003331677,20.274793746245376,0.4629071061703446,0.03174129658645955,2.9750535905430744,0.06792539867662141,93.72816836386563,2.1399692508338664,0.022831655501110527,-0.58349609375,3.9979677894629884,3.010112
1.2578043680845898,3.081648659440618,0.3216594621502146,1.447208244830431,2.4500222273304835,0.25573091516611934,1.1505829376584764,0.10437901840782926,0.4696214282562402,4.499193759624538,3.41650390625,-3.9971549052481836,0.350112
0.42369727405458285,1.0326310464404995,2.419434952040909,3.680332661115681,2.4371906775767234,5.710291522265552,8.686231624519637,2.34298102926573,3.564034486278389,1.5211537958526822,-3.08349609375,-1.3304882385815175,1.0501120000000002
5.054005151336016,2.1019731755178914,3.0202810566531486,0.8567670912862084,0.41590246004443404,0.5976014994473726,0.16952240166587954,1.4368789724964028,0.4076013439491754,0.2836713124425626,0.91650390625,1.336178428085149,1.7501120000000001
0.2549128549684213,3.7075134091869715,0.990894625054853,6.778763567208048,14.544238695401452,3.887189703232524,26.592474389131155,0.2672666328325292,1.8283854484277045,6.841053928244686,-1.08349609375,-3.108266016359295,2.450112
9.182283586888714,10.03347987574038,0.3119540171790731,0.6887157624987413,1.0926998475702798,0.033973467953495685,0.07500484557917067,0.031091308403711108,0.06864176447535061,2.207747695402791,2.91650390625,-0.4415993496926287,3.150112
1.629290339023972,0.49444384871589525,3.4398585387585667,1.537068862993778,0.3034719085194431,2.111261852089062,0.9433977641545218,6.957025651531749,3.1086823447913283,0.4468407190804134,-2.08349609375,2.2250673169740374,0.49011200000000005
1.6628669814337094,4.0731685300611895,0.4168708730076004,1.8998066528815203,2.449485482326036,0.25069405891274477,1.1424886500804312,0.10234559899276692,0.46641984952510185,4.557302454774486,1.91650390625,-2.219377127470406,1.190112
3.6188393103169285,2.373852696746454,4.015718336523582,2.6270223225098315,0.6559707390098397,1.1096702539610404,0.7259295307808967,1.6916459652393048,1.1066492567590085,0.6541849060021605,-0.08349609375,0.4472895391962606,1.8901119999999998
8.169223181986325,2.2058223010249733,1.658705508896045,0.1074140933308501,0.2700161633347167,0.20304323580650846,0.01314863003959853,0.7519669685655543,0.04869571464616088,0.06475778416045642,3.91650390625,3.1139562058629267,2.590112
0.060320699806057976,1.2930653324755033,2.0321386407705155,13.622601811863971,21.436510793690122,33.68891022989142,225.836269401103,1.5715668727117575,10.535122603421932,6.703578948087301,-3.89599609375,-3.7008586089518873,3.2901119999999997
1.4351066426377097,2.4434307068847936,1.373194595407136,2.3891015583449495,1.7026126381756521,0.9568589222632402,1.6647554177254786,0.561994490589776,0.9777652182291225,1.7398128177431467,0.10400390625,-1.0341919422852213,0.630112
1.7703658197203167,0.4909478611407642,4.522363720518077,2.071085139962586,0.2773143582371718,2.554479797419791,1.1698628141667224,9.211494902961656,4.218543971553765,0.4579651854551241,-1.89599609375,1.6324747243814457,1.330112
1.5784884417234462,5.457432739000866,0.21188137305498572,2.2858997439572155,3.4573789675914632,0.13423055085765886,1.448157416636763,0.03882436727818958,0.4188599023165814,10.7885828329232,2.10400390625,-2.8119697200629985,2.030112
0.48704338356383775,0.587513994830702,7.440026241011689,7.076433330302324,1.2062867798997527,15.275900447657985,14.529369598498615,12.66357279396486,12.044705985840336,0.9511301574845086,-2.89599609375,-0.14530305339633243,2.730112
23.3587005013472,1.598881161394241,15.758417739145834,0.12193207534987459,0.0684490629648694,0.674627329471388,0.005219985390147976,9.85590306499348,0.07626087435012903,0.007737583643755072,1.10400390625,2.521363613270333,3.4301120000000003
0.7894989681018145,1.8997428554348912,1.285643250724726,2.6891831643494357,2.406263886579138,1.6284292984141409,3.406189587321457,0.6767459327701565,1.4155511398061424,2.091702470987597,-0.89599609375,-1.92308083117411,0.09811200000000002
3.3332721150216855,2.5575680097560602,0.926968479135893,0.5514484403102365,0.7672844944852099,0.2780956511046391,0.16543757043569454,0.36244138009229593,0.21561437983533174,0.5948944896425056,3.10400390625,0.7435858354925564,0.798112
1.5323529078846128,0.22101005196022477,5.178197352833932,1.5004178750564428,0.1442292117064113,3.379245946667955,0.9791594790835384,23.429691576950777,6.7889123673274065,0.2897567962015375,-3.39599609375,3.4102525021592225,1.498112
0.7190897300178498,4.9952771843416715,0.36059292000384113,4.121592305235666,6.946667398820554,0.501457474569815,5.7316801133195945,0.07218676896132316,0.8250978180260585,11.430042234860746,0.60400390625,-3.404562312655591,2.198112
0.8535393817065544,2.953828538888301,6.607409330990655,11.526521598569115,3.4606821925222224,7.741188599616687,13.504381690652812,2.236896706765996,3.902231103402915,1.7444842632204434,-1.39599609375,-0.737895645988925,2.898112
3.11589397673496,1.7111939148451352,1.3675703901446243,0.500679096583398,0.549182330214662,0.43890145183234225,0.1606855369026525,0.7991907745116023,0.2925905078552772,0.36610846519604,2.60400390625,1.9287710206777415,0.238112
0.36524411035317206,1.590521310299698,1.5839829875204081,3.8013335182348094,4.354680240460953,4.3367789996361035,10.407651788167419,0.9958891951104648,2.389992195400723,2.3998575415165773,-2.39599609375,-2.515673423766702,0.938112
4.166225095478768,3.7314520737075547,1.3705307906859991,1.1308450121748734,0.895643415368259,0.3289622522252371,0.2714315684483968,0.36729154324210456,0.3030576273893479,0.8251146343153996,1.60400390625,0.15099324289996385,1.638112
5.025681937255847,0.4773650676632936,6.860497787031039,0.7899385835649996,0.09498513308702289,1.36508793685759,0.15718037739497828,14.371595769697265,1.6547892526609793,0.11514304181517049,-0.39599609375,2.81765990956663,2.338112
4.744448166306482,8.585763740265493,0.10627607853499803,0.9837042250079292,1.809644333610551,0.022400092657716437,0.20733796440097602,0.012378174120560147,0.11457387540196985,9.256120837051617,3.60400390625,-1.6267845348778138,3.038112
0.8694973158480039,0.4971660804126128,3.0767241962735965,2.2454570466092525,0.5717856413711138,3.538509136480688,2.5824772609209288,6.188523951030875,4.516512962319718,0.7298207129936636,-3.64599609375,1.0398821317888531,0.378112
3.3806518223702406,0.6882902002270476,3.1335381107464224,0.5312301926842415,0.20359689089321065,0.9269035308550166,0.15713839241563357,4.552640891462287,0.7718113558917498,0.169530471278583,0.35400390625,3.706548798455519,1.0781120000000002
0.2572564460071561,2.5084285632483803,0.9225654902497166,4.636368217207253,9.75069275107145,3.5861705491494416,18.022359747122856,0.36778623229158536,1.8483158281387213,5.025516634003185,-1.64599609375,-3.898389473149418,1.7781119999999997
3.8959071168501276,7.3499599791592605,0.2969758288300034,1.5587412098969258,1.8865850131205801,0.07622764607132387,0.40009711811537757,0.0404050946769881,0.21207478874942465,5.2487140655113365,2.35400390625,-1.2317228064827521,2.478112
1.6902171590610764,0.10793606782113008,22.1735724713042,5.052392577972766,0.06385929005778705,13.118771367592627,2.9891973057351953,205.43246496666796,46.80912210314637,0.22785649829369126,-2.64599609375,1.434943860183914,3.1781119999999996
1.094073278618967,3.1531650296741076,0.49569267274620765,2.1123376897131996,2.8820418991078025,0.4530708156695988,1.9307095155267597,0.15720479837918266,0.6699102869130571,4.261385745346102,1.35400390625,-3.0095005842605294,0.518112
1.5714901531530778,1.9842623443673078,2.583011516524282,3.0867488307513153,1.2626629192591714,1.6436701886688008,1.9642177359864355,1.3017489969794738,1.5556152841954682,1.195019383771415,-0.64599609375,-0.3428339175938633,1.218112
5.628582011647667,2.196362121704873,1.360472440197796,0.1988381194081495,0.39021588690717635,0.24170784708874518,0.035326503015622436,0.619420826262366,0.09053066315576697,0.14615372831752543,3.35400390625,2.3238327490728032,1.9181119999999998
0.12738972105398638,1.4057309211615818,2.9165539653946615,7.9350425132195515,11.034884993317855,22.894735472092428,62.289503796438694,2.074759771937476,5.644780515080849,2.720691133224342,-3.14599609375,-2.1206116953716405,2.618112
24.0977873304129,11.30994393974024,7.826334341307859,2.524727448497619,0.4693353702838265,0.3247739816937691,0.10477009419496607,0.6919870145251675,0.2232307659480411,0.32259386558173947,0.85400390625,0.5460549712950264,3.318112
2.290677475332013,0.49676643228818956,3.421327671246787,0.9808792715655612,0.21686441571884219,1.4935876866519135,0.4282048791802921,6.887195770228631,1.9745280836458023,0.28669550707141506,-1.14599609375,3.2127216379616925,0.658112
1.3375121210420051,4.002735257316851,0.2385432554111647,1.7412591639112607,2.992672136831531,0.1783484812274633,1.3018642123068849,0.05959506189551669,0.4350173199010111,7.2995531184058935,2.85400390625,-3.602093176853122,1.358112
0.4951973331908738,1.4089896508047421,3.641591571547525,5.8679798572916475,2.8453094481057053,7.353819028229446,11.849780812591401,2.584541035817854,4.164672078279752,1.6113778115973616,-2.14599609375,-0.9354265101864558,2.058112
11.04599214198875,3.0758850360152987,2.9354305549267643,0.2109735176354676,0.27846163535849744,0.26574621067929366,0.01909955347817977,0.9543368885884993,0.06858953282232433,0.07187140478638615,1.85400390625,1.7312401564802116,2.758112
0.41810271833032214,9.767180095630705,0.5806938052034945,15.38961407075665,23.360718951160088,1.3888783300009957,36.808213379273184,0.05945357815847634,1.5756455722200835,26.502115112737627,-0.14599609375,-2.713204287964233,3.458112
2.5263410189051294,2.5074456698617817,0.668617076583537,0.6676890251391503,0.9925206656971683,0.26465828309802114,0.2642909330698809,0.2666526675413044,0.26628254927491823,0.9986119836347452,3.85400390625,-0.046537621297567,0.126112
1.1804919602776358,0.3110631487961013,3.761286134703411,1.7470530698313318,0.26350297948911355,3.186202245561086,1.4799364405840159,12.091712403930224,5.616393573436457,0.4644828942186001,-3.77099609375,2.620129045369099,0.8261120000000001
1.2153981346271567,3.9153975158077503,0.9870510911324152,3.5879518415487524,3.221493767561905,0.8121216110268339,2.9520794374506885,0.25209473294789725,0.9163697497030655,3.635021402420415,0.22900390625,-1.8243153990753447,1.5261120000000001
1.8262972858199522,0.6168282839900777,6.972527008759135,3.924769965202628,0.33774801549526506,3.8178488589434014,2.1490312643379554,11.303838020617249,6.36282425282846,0.5628906077053832,-1.77099609375,0.8423512675913223,2.226112
11.203643800596788,1.3764421898074812,4.692095714340006,0.08579710096042982,0.1228566539873538,0.4188008649552095,0.007657964005947746,3.4088578140693837,0.06233251319652589,0.018285454130489345,2.22900390625,3.5090179342579884,2.926112
0.3768189743321058,1.4800650236236372,1.2970774506763907,3.1480187880681467,3.927787941801455,3.44217658618545,8.35419392998419,0.8763651798897059,2.1269462745365506,2.427009109152688,-2.77099609375,-3.3057968805568256,0.266112
2.3725954089621397,3.183596264090914,1.0812799750479467,1.6646428207020036,1.341820123256302,0.4557371943667961,0.7016125945511206,0.3396410491003983,0.5228812583675234,1.539511374589351,1.22900390625,-0.6391302138901596,0.966112
3.21486206483342,0.6479334120936772,4.9328709778109,1.3887908452844255,0.20154314525069683,1.5343958397998951,0.4319908031128504,7.61323754222095,2.1434160044267583,0.28153804377440667,-0.77099609375,2.0275364527765074,1.6661119999999998
2.422200605668413,5.989037081951807,0.1425150229301122,1.4577634574996035,2.472560310626756,0.058837002433489514,0.6018343212730431,0.023795982723096954,0.2434053150034134,10.228840633976354,3.22900390625,-2.416907991667937,2.366112
0.5111544970271668,0.3219988418703995,11.948007732366074,7.733409860241254,0.6299442609682958,23.374552707360927,15.12930025113374,37.10574753301441,24.016887189159068,0.6472551770528359,-3.27099609375,0.24975867499872884,3.066112
2.976682218507253,0.9625364609156255,2.463657426695935,0.6266267314657473,0.3233588237706873,0.8276521461976583,0.21051179987227125,2.559547120274642,0.6510160985170997,0.25434815923499976,0.72900390625,2.916425341665395,0.406112
0.7029372773162718,2.024169256981626,1.843577500956168,3.8344088978285633,2.879587300747025,2.6226771014260626,5.454837894595469,0.9107822849287067,1.8943123874662076,2.0798739927341567,-1.27099609375,-1.5280191027790484,1.1061120000000002
5.197342467422352,3.0447931415317298,1.212739128194751,0.37998380672375254,0.5858365425439841,0.23333831391646107,0.07311117347096956,0.3982993496841181,0.12479790549337479,0.31332691251529554,2.72900390625,1.1386475638876181,1.8061119999999997
2.835253943700459,0.13559399561403968,11.169870039189373,1.1237732815744728,0.04782428604510391,3.9396365408492864,0.3963571884174048,82.37732053404305,8.28778056495383,0.10060755206924753,-2.27099609375,3.805314230554284,2.506112
1.01702510899709,8.182416938762245,0.08226535439943346,4.624015929289716,8.045442404889195,0.08088822357646319,4.546609408542092,0.010053918666710935,0.565116146475566,56.208545663562596,1.72900390625,-3.7996240410506528,3.206112
1.2193228780457714,2.21014256429084,1.4740245857236927,2.5776976212863447,1.8125982904815758,1.2088878280428363,2.1140402330658,0.6669364273325314,1.166303777382542,1.7487480509158457,-0.27099609375,-1.1329573743839867,0.546112
3.999686817013903,2.3997533958715316,0.9763481191760451,0.33560960611612983,0.5999853252668282,0.2441061422666512,0.08390897124457614,0.40685352122252527,0.1398517058850727,0.34373969645105257,3.72900390625,1.5337092922826798,1.2461119999999999
0.1764509753253349,1.3680714697241616,1.8793063256006315,5.231279142415184,7.753266691792172,10.650586216004893,29.647210126041593,1.3736901669176305,3.823834688599964,2.783622377657487,-3.52099609375,-2.910735152161764,1.9461119999999998
6.084125852909112,7.5365807561776865,3.46737452404041,4.5687476284922255,1.238728609233829,0.5699051281758895,0.7509291784797135,0.4600726292487778,0.6062096030414392,1.3176389215574047,0.47900390625,-0.24406848549509785,2.646112
5.984605001165081,0.08414548419090039,39.55499843584495,2.0642894932475238,0.014060323809928806,6.6094585069765515,0.3449332901412288,470.0786835584278,24.532385939621925,0.05218782896921703,-1.52099609375,2.422598181171568,3.3461119999999998
1.7790900156246308,3.4517011228408823,0.44829073240240963,1.441044480437135,1.9401497914814643,0.2519775438372165,0.8099896395243332,0.12987530392939964,0.4174881976024332,3.21453105379742,2.47900390625,-2.021846263272875,0.686112
1.0450809064555615,0.5832388571342191,4.1817329405149515,3.0739344865525675,0.5580801003362502,4.001348522094318,2.9413363765088327,7.169846263436836,5.270455575707933,0.7350862741067424,-2.52099609375,0.6448204033937914,1.386112
5.987717480280687,1.0747248391105524,3.2915583179000047,0.24451260640975286,0.17948823448165968,0.5497183741116833,0.04083569527370066,3.0626986537541225,0.2275118221070546,0.07428475597107163,1.47900390625,3.3114870700604575,2.086112
0.2906318850845042,4.763874881886967,0.5920359487964263,7.44816993130175,16.391439227329865,2.0370646827834658,25.62750446027668,0.12427613307970029,1.563468839121051,12.580604178586512,-0.52099609375,-3.5033277447543565,2.786112
10.447462687039362,13.1479190153787,0.12438541375508365,0.6135378151404837,1.2584796336903312,0.011905801196054083,0.058726011618266925,0.009460463941829428,0.04666425267929079,4.932554361627537,3.47900390625,-0.8366610780876904,3.4861120000000003
1.1695557788359034,0.4964590770493217,3.015528490430181,1.7643471172933372,0.42448516439589007,2.5783537177094997,1.5085617541469025,6.07407262719984,3.5538621386069544,0.5850871987754437,-3.02099609375,1.8300055885789765,0.019712000000000004
1.1155118478064892,3.24950011370077,0.5861866747153237,2.350831925767351,2.913012640870193,0.5254867313762598,2.1074020239139193,0.1803928771209462,0.7234441740302174,4.010381039297783,0.97900390625,-2.6144388558654676,0.719712
1.6332129560945061,1.5244294514178383,3.488411309099064,3.273026652299782,0.9333929453163283,2.1359194439902582,2.0040415673205008,2.288338962393156,2.147050261496596,0.9382570924943744,-1.02099609375,0.05222781080119887,1.419712
6.40057105212598,1.9247801142902619,1.7393313113436903,0.16455775230873468,0.30072006054068207,0.27174627032160875,0.025709854787734295,0.9036519540233543,0.08549431235651209,0.09460977976737993,2.97900390625,2.718894477467864,2.1197120000000003
0.17799874730944595,2.402307556848321,3.3311324629919907,10.436119803921914,13.496204850655355,18.714359024116657,58.630299154740705,1.386638631467417,4.344206375312517,3.132904476139713,-2.02099609375,-1.7255499669765793,2.819712
2.773897209865883,1.965507407381228,1.3117976863666603,0.7645180036002346,0.7085725456554532,0.4729078214221518,0.2756115118040725,0.6674091796552691,0.3889672461824253,0.5828017624560319,1.97900390625,0.9411166996900873,0.159712
3.0082185417376373,0.6377519663628463,3.1455848317194826,0.6362008584631113,0.21200320306331918,1.045663667076029,0.21148757965424364,4.932301266994159,0.997567850854963,0.2022520111515614,-0.02099609375,3.6077833663567533,0.859712
1.7502940704036103,4.078721162360831,0.20797459620215367,1.2723652813230906,2.3303062218683603,0.11882265941413811,0.7269437192515248,0.050990148118331906,0.3119520140441826,6.117887975540711,3.97900390625,-3.20703144845806,1.5597120000000002
0.33366813342810003,0.5559049499634132,4.492584811019712,5.088842421347202,1.666041477356727,13.464230955659387,15.251208945440887,8.081570080128607,9.154159216754813,1.1327203904676324,-3.97412109375,-0.5403647817913941,2.2597120000000004
10.288895850631778,0.9178590335466605,11.795844727291898,0.8710184318899019,0.08920870099878603,1.1464636146129896,0.08465616180150351,12.851477510344992,0.9489675430052,0.07384112388955388,0.02587890625,2.1263018848752724,2.959712
0.516118437596207,1.582017988161362,1.4544907552059902,3.1345343272659782,3.065222772372797,2.818133686485219,6.073284926353141,0.9193895177490456,1.9813518877297767,2.1550733932454964,-1.97412109375,-2.3181425595691714,0.299712
3.3547085605501143,2.825132977625926,1.1518920096404637,0.8577427600240478,0.8421396155982781,0.343365746636296,0.25568324179057533,0.4077301913796799,0.303611464245072,0.7446381716735514,2.02587890625,0.3485241070974947,0.9997120000000002
1.6686578421138103,0.21211180308326297,5.658509919811867,1.6154256581090114,0.12711521663096945,3.391054641042421,0.9680988021262851,26.677015788653023,7.615915920882948,0.2854860521588907,-2.97412109375,3.015190773764161,1.6997120000000003
2.674242890679749,7.591796509103548,0.692690010576501,3.7701599370641246,2.838858256130144,0.25902284829499184,1.4098046030911615,0.09124190957250711,0.4966097197867743,5.4427808680629814,1.02587890625,-1.429253670680283,2.399712
6.3711369044324355,0.7310468698836275,19.881105290793656,4.490919414411986,0.11474355061732139,3.12049569629594,0.7048850906480488,27.195390760593025,6.143134728320331,0.22588881999893623,-0.97412109375,1.237412995986384,3.099712
3.297842004387622,1.2185851925547875,1.6141272938249027,0.3293927124875114,0.3695098767416747,0.4894495526703168,0.09988128965828867,1.3245912585240376,0.27030749634905143,0.20406860954997472,3.02587890625,3.90407966265305,0.439712
0.24881135646490918,1.4818793262085161,1.3094714140683485,3.8081959620016774,5.955834762781462,5.262908545145239,15.305555245179342,0.8836559029531208,2.5698421555992637,2.9081932763771707,-3.47412109375,-3.9642330945485953,1.139712
1.9437494724387923,4.8210270013682335,1.1393998162515249,3.5464418716540513,2.4802717992866468,0.5861865597431842,1.8245365063453296,0.2363396462886761,0.7356195828497853,3.112552609777819,0.52587890625,-1.2975664278819292,1.839712
3.0071489088782104,0.45174419441734764,9.742213429674274,3.281371030786285,0.150223420291437,3.2396844070181143,1.0911900708004416,21.565774502624485,7.263781297773056,0.3368198669094438,-1.47412109375,1.3691002387847373,2.539712
2.072151541787764,9.898235067767457,0.04900669750498413,2.9121907061008505,4.776791112115132,0.023650151312149325,1.4053946573754625,0.004951054119190318,0.2942131285186475,59.42434104654107,2.52587890625,-3.0753442056597065,3.239712
0.7509331916432466,0.9474478926854433,2.622538963680283,2.961287852339357,1.2616939872003379,3.4923732135763674,3.9434771099400354,2.7680033740398824,3.1255416526875077,1.1291682958195968,-2.47412109375,-0.4086775389930404,0.579712
4.301998196304957,1.5153775193898686,2.3405545295694825,0.45882744896254407,0.3522496872944871,0.5440621829130043,0.10665449589370748,1.5445356022648746,0.3027809526614069,0.19603365064386685,1.52587890625,2.2579891276736257,1.279712
0.6734932813691951,3.974820410760072,1.1744027547595577,5.267508941589088,5.901796678178231,1.7437482856132225,7.8211751880885485,0.29546058271724185,1.325219355151149,4.485266166348134,-0.47412109375,-2.186455316770817,1.9797120000000001
7.500820464005199,5.255045387120228,0.6002876619259766,0.3049739120057513,0.7005960764343108,0.08002960006930257,0.040658740396367916,0.1142307283201097,0.058034496286791803,0.5080462773918526,3.52587890625,0.4802113498958489,2.6797120000000003
1.8640890468686848,0.04156501614102026,53.03255648373476,2.3998061239517114,0.022297763194758097,28.449583228236534,1.287388136303322,1275.8940428125386,57.73620093902376,0.04525156400272235,-3.72412109375,3.146878016562515,3.379712
0.7420930489446239,2.5002700113161413,0.6406102235596736,2.3985710601376735,3.3692136247225717,0.863247842667068,3.2321702292574073,0.2562164168910927,0.9593248126329631,3.744197285534336,0.27587890625,-3.667936798252299,0.047712
0.7583126574191648,1.4366113389129544,2.2019510481989175,3.292617921442694,1.8944841878313174,2.9037508825093594,4.342032127814882,1.5327395716262933,2.2919336860685857,1.4953184014403436,-1.72412109375,-1.001270131585633,0.747712
4.641403387199193,2.215845172767675,1.633149078384852,0.4041395851514169,0.477408444799021,0.3518653610002984,0.08707271302167312,0.7370321259156327,0.18238620194146107,0.24746031486060166,2.27587890625,1.665396535081034,1.447712
0.16665714555003794,1.7867283142826091,1.8215097855885893,6.0137980996286995,10.720982340035059,10.92968309025604,36.084850006164835,1.0194665697229661,3.3658156371934504,3.3015458644299542,-2.72412109375,-2.7790479093634097,2.1477120000000003
9.211333423404028,9.64476801013961,1.9668740357048944,2.2603949182870813,1.0470544889444906,0.21352761270235732,0.2453928019307065,0.2039317102948569,0.23436488217349682,1.1492321710764737,1.27587890625,-0.1123812426967441,2.847712
2.188312245924159,0.7044300624374206,2.8911059159528403,1.0403909762751051,0.3219056438355435,1.3211578563971706,0.47543077008908824,4.104177362830362,1.4769258607096007,0.3598591703383571,-0.72412109375,2.5542854239699215,0.187712
2.054651790354256,3.5875939859307224,0.37117645613566685,1.1480922236283524,1.746083692999952,0.18065175709002734,0.5587770292845593,0.10346111003399211,0.32001732306687014,3.093117046218899,3.27587890625,-1.8901590204745218,0.8877120000000001
0.8507191194636516,0.4226686956886195,4.443788660528338,3.1544326980447104,0.49683695360590596,5.2235674018117635,3.7079602725203453,10.513645098055907,7.463133016996802,0.7098520967173241,-3.22412109375,0.7765076461921447,1.5877120000000002
6.161585420425792,0.7615171386936865,4.764675985210519,0.3128990521778454,0.12359110305754108,0.7732873376088422,0.05078223068052878,6.256820422169207,0.4108890480319265,0.06567058350852803,0.77587890625,3.443174312858811,2.2877120000000004
0.14953326198110403,4.039411543713289,0.9252277938365625,9.902556494785905,27.013465032440305,6.18743804273781,66.22310222883559,0.22905014352314126,2.4514849224010566,10.702830763139774,-1.22412109375,-3.3716405019560027,2.987712
2.318410141654004,2.838006289588888,0.666658318802881,0.9749136599141404,1.2241174409132773,0.28754977681700117,0.42050957352119583,0.23490374959650026,0.34352061286494395,1.4623888016049869,2.77587890625,-0.7049738352893367,0.327712
1.6213865117400859,0.4326150766989341,4.070957799205159,1.8327208395187242,0.2668179817498592,2.5107880013360737,1.1303417329849579,9.41011540852568,4.236377644309778,0.4501940157366792,-2.22412109375,1.9616928313773299,1.0277120000000002
1.5898626244264575,4.985114935909376,0.3166670990756621,2.332188758998757,3.1355633243518475,0.19917890653596543,1.4669121238321414,0.06352252719282514,0.46783048916269837,7.364796550719407,1.77587890625,-2.482751613067114,1.7277120000000004
4.427780619094056,3.4816439387481495,5.756265361022028,4.588820115254226,0.7863180763143837,1.300034002633081,1.0363702518290343,1.6533182204415007,1.3180038499009088,0.7971870349006075,-0.22412109375,0.18391505359955218,2.427712
13.636166637491533,2.861136644973349,2.216012416717389,0.06017642833294096,0.20981971847622385,0.16250992493921593,0.004413001830550439,0.77452169948284,0.02103235035581514,0.027155275791315808,3.77587890625,2.8505817202662183,3.127712
0.416936846404014,0.9162893641677826,2.0958568078401014,3.126107514605197,2.197669436200161,5.0267968060784085,7.4977962287746145,2.287330716474765,3.411703373250955,1.4915654079568665,-3.84912109375,-1.5938627241782255,0.467712
3.1393137391063446,1.5648030066803826,3.0076687812177423,1.4054897692096684,0.49845384587965036,0.9580656892464412,0.44770605489394744,1.9220750269379248,0.8981895888552223,0.46730204402381537,0.15087890625,1.0728039424884415,1.167712
2.585890990191497,0.23420187672355264,6.038895496246909,1.024158948671437,0.09056912205963057,2.3353248528855044,0.39605650530364916,25.78500044803272,4.372974986363301,0.16959375258405085,-1.84912109375,3.7394706091551075,1.867712
1.1345186461192054,5.752315277038242,0.13070568677565778,2.8649519432497246,5.070269489809548,0.11520805517190623,2.5252576967771585,0.022722274506997407,0.49805196781996164,21.91910707119504,2.15087890625,-3.86546766244983,2.567712
0.12214998174776123,1.1954081183440823,7.20749720289148,14.23120994108536,9.786396209314145,59.00530724412965,116.50603411855353,6.029319269535776,11.904896514170314,1.974500931526707,-2.84912109375,-1.1988009957831638,3.267712
3.139477639741243,1.62898664332031,2.0021519121319318,0.8026393078987178,0.5188718730465529,0.6377340888775848,0.2556601447764641,1.2290781636189547,0.49272307491897205,0.4008883157342698,1.15087890625,1.4678656708835023,0.607712
0.48481924025380746,2.7732291807551155,0.958283665813076,3.948573950586693,5.720130206266781,1.9765792820256174,8.144425020177783,0.34554795271270994,1.4238181171566737,4.120464630101403,-0.84912109375,-2.9765787735609406,1.307712
4.288821945474375,4.688236820060826,0.5026065680405287,0.6760613296103509,1.0931292741140535,0.11718988907219297,0.15763334039169902,0.10720588300699534,0.14420374984418546,1.3451104155802343,3.15087890625,-0.30991210689427495,2.007712
1.4977833643583025,0.10719925905223172,12.749033654548922,2.6540093318540494,0.07157193864158003,8.511934341059403,1.7719580781905069,118.92837475991404,24.757720858508087,0.20817337248985024,-3.34912109375,2.3567545597723916,2.7077120000000003
1.7948343514415706,15.45778741419791,0.3685054195146841,10.95929237917954,8.612375510744243,0.2053144454354291,6.106018848133414,0.02383946742443964,0.7089819574768818,29.739840444172458,0.65087890625,-2.087689884672052,3.407712
1.3713242183857806,1.0034371522333487,2.517565119254461,1.9484701747294288,0.7317286012891387,1.8358642584304012,1.4208676173042587,2.508941505355985,1.9417959265238698,0.7739502584570441,-1.34912109375,0.5789767819946148,0.075712
3.649447520341724,1.3455623867060862,1.7063609753224471,0.3270265198091317,0.3687030377080451,0.46756693055903115,0.08960987053144687,1.2681396211583988,0.24304077093718934,0.19165142929228926,2.65087890625,3.245643448661281,0.7757120000000001
0.2497950831917956,1.9497740784365603,1.2127560416584005,4.34260259094485,7.805494221595629,4.855003654044031,17.38465999993502,0.6219982381911946,2.227233728754357,3.5807717642919314,-2.34912109375,-3.5691713661535336,1.4757120000000001
3.749119108975757,6.38601172911601,0.6846079272133065,1.9911180170258087,1.7033365821393283,0.18260500862036852,0.5310895597472157,0.10720430156617862,0.3117936673914364,2.90840631239934,1.65087890625,-0.9025046994868675,2.1757120000000003
8.174183953941546,0.8810278339627987,12.151407333924954,1.66201167862764,0.1077817478695194,1.4865590745686137,0.2033244771578975,13.792308103671155,1.8864462784927385,0.1367752419909047,-0.34912109375,1.7641619671798,2.875712
1.6228743851985215,3.041551052068101,0.375344302470346,1.183210795093886,1.8741752780182288,0.2312836445591143,0.7290834126691494,0.12340555724525183,0.3890155959372644,3.152334502765938,3.65087890625,-2.6802824772646447,0.215712
0.6204093717035143,0.6124218271836539,3.1000399051959473,3.028531735329484,0.9871253645025891,4.996765114433856,4.8815054598768715,5.061935691371599,4.94517275658969,0.9769331453615778,-3.59912109375,-0.013615810597978673,0.9157120000000001
4.334934382599605,0.908356876581512,3.7590224069872837,0.6135441706296453,0.20954339706447458,0.8671463222317672,0.14153482301656217,4.138266031665766,0.6754439653043003,0.16321907778181566,0.40087890625,2.6530508560686874,1.6157120000000003
0.34188013536901707,2.6615739178659075,2.425934666302904,7.250053787300013,7.785108412318457,7.095863185161107,21.206420137497844,0.911466200513438,2.723972360351811,2.988561022687808,-1.59912109375,-1.7913935883757564,2.3157120000000004
12.936757311389147,6.196040803306453,1.4395395096081596,0.26795053633125065,0.47894852273773725,0.11127514221363885,0.020712341576923202,0.23233215456553546,0.04324544412106867,0.18613628493196857,2.40087890625,0.8752730782909106,3.015712
1.6425126292416317,0.3754121543279332,3.328463983683171,1.208328725917372,0.22855967597720428,2.026446509102316,0.7356587123931414,8.866159353955448,3.218672363127227,0.36302893221643767,-2.59912109375,3.5419397449575767,0.35571200000000003
1.0469824464293782,3.6696461346803533,0.3972797346606088,2.3603627442491555,3.50497388680707,0.37945214460422794,2.254443474481277,0.10826104754517811,0.6432126307608557,5.941311721489102,1.40087890625,-3.2728750698572373,1.0557120000000002
1.6001176576927842,2.7057276506823493,2.865022744293141,4.308895465677282,1.6909554354795062,1.7905075483163084,2.6928616436183166,1.0588732918372696,1.5925089373243588,1.5039655354430261,-0.59912109375,-0.6062084031905712,1.755712
7.699947617079981,2.8213138375469002,1.3077053703872312,0.145986128376104,0.3664068871440992,0.1698330216541326,0.01895936643156875,0.4635093597117384,0.05174402309777676,0.11163533597241045,3.40087890625,2.0604582634760957,2.455712
0.06435328524989785,1.612445033203722,3.345407385666318,12.75909296051022,25.056141686352856,51.985028777868465,198.26638082211153,2.074741970595687,7.9128855233964375,3.813913072344384,-3.09912109375,-2.383986180968348,3.155712
2.4530687344135553,2.107953887123734,1.600963405293401,1.3067789842702608,0.8593130137577143,0.6526369941591288,0.5327119317684618,0.7594869200283537,0.6199276901893416,0.8162453807186014,0.90087890625,0.28268048569831716,0.49571200000000004
2.6030142647921997,0.4596806935028555,4.069595983823943,1.0448938935386238,0.17659553377036608,1.5634167045753093,0.4014168910526652,8.853093117339423,2.2730863147119167,0.2567561737558044,-1.09912109375,2.9493471523649832,1.195712
2.853267697832873,5.158147129204437,0.2955819522861145,1.22718533959766,1.8078034294231056,0.1035941886948134,0.4300982135429275,0.05730390097106504,0.23791204648847114,4.151760045247219,2.90087890625,-1.49509729207946,1.895712
1.877509667317705,0.3184823682036377,10.0032565070075,4.0614834142281495,0.16963021482527754,5.327938748405276,2.1632290288180345,31.409137540108393,12.752616219027978,0.4060161219881738,-2.09912109375,1.1715693745872064,2.5957120000000002
16.29782493999759,1.0943677935004652,15.129339339881502,0.0643844684361661,0.06714808862713352,0.9283041998292405,0.003950494539805483,13.824730067657159,0.058832568738362394,0.004255603433154959,1.90087890625,3.8382360412538725,3.295712
0.6174998484920036,2.7054042531502502,0.6456517966289891,2.8688781074378396,4.381222537555463,1.0455902105980033,4.6459575892106315,0.23865261388466202,1.0604249269207127,4.443382830213641,-0.09912109375,-3.7667022303510644,0.6357119999999999
2.771464878217897,3.777117917339988,0.37477739387311754,0.793530022320254,1.362859745048887,0.13522718502357725,0.2863215148627496,0.09922311192684508,0.21008876071284868,2.117336945325221,3.90087890625,-1.1000355636843984,1.335712
0.9008254117211114,0.2314422086153871,6.139082565684703,2.871928769211367,0.2569223798573744,6.814952693169935,3.1881080749312765,26.525336940102786,12.408837551252226,0.4678107418304539,-3.91162109375,1.5666311029822682,2.035712
0.6013813221959229,6.385266521257585,0.5165317749918824,6.867483199182775,10.61766683731049,0.858908908420675,11.419515282094894,0.08089431713966277,1.075520211461779,13.295374131224941,0.08837890625,-2.8778133414621756,2.7357120000000004
0.8425802535219551,1.3621636329416935,19.55231304827773,18.581933287531115,1.6166574367817172,23.205282780541992,22.05360641892485,14.353865112411684,13.64148391438263,0.950370078550267,-1.91162109375,-0.21114667479550953,3.435712
3.0179110475070825,1.4012552359944772,1.6426129197451205,0.5123062794830002,0.4643129681214332,0.5442880502067765,0.16975526164238208,1.1722439121373565,0.36560525614693895,0.31188496895695506,2.08837890625,2.4555199918711565,0.10371200000000001
0.3908220212259683,1.2459768310779287,1.9164029818173391,3.6065054229470137,3.188092695415238,4.903518424590766,9.22799951659269,1.5380727265686045,2.8945204541459466,1.8819139070254094,-2.91162109375,-1.9889244525732872,0.803712
4.152321875828568,2.710739470553999,2.142337937348025,1.1275996774455332,0.6528249860237748,0.5159373481663282,0.2715588317007646,0.7903149530302117,0.415974935877952,0.5263407130069199,1.08837890625,0.6777422140933798,1.5037120000000002
3.899994418928131,0.31140224740321787,6.840681527738058,0.8285203040011677,0.07984684436774227,1.7540234146330245,0.21244140760305938,21.96734797125735,2.6606111899005076,0.12111663152883637,-0.91162109375,3.344408880760046,2.2037120000000003
1.8222262897722612,6.941793312041931,0.07600296647176909,2.1235601998732,3.809512216459957,0.04170885191282572,1.1653658010491106,0.010948606945690349,0.30590945371269695,27.940490989414016,3.08837890625,-3.470405934054768,2.903712
0.5676876533935572,0.8437469021279204,2.318532849532805,2.8435657066104567,1.4862872163664644,4.084169940411669,5.00903214930256,2.74790087369268,3.3701643223092317,1.2264504715486126,-3.41162109375,-0.8037392673881021,0.24371199999999998
3.388852363196994,1.287826353530313,2.727310029963577,0.836805801427619,0.38001842969500044,0.8047886829129,0.24692896347900756,2.117762245264832,0.6497815479033231,0.30682459721632543,0.58837890625,1.8629273992785649,0.9437120000000001
0.37510648132462243,2.5357465892109587,1.3562006235622925,4.827484432827958,6.7600713809487285,3.6155083718444665,12.86963748474979,0.534832869077938,1.9037724248029504,3.5595651181369803,-1.41162109375,-2.581517045165879,1.6437120000000003
5.935889578716803,5.381970520000702,0.7579737997475927,0.6479212900650398,0.9066830588119119,0.1276933793487864,0.1091531911894333,0.1408357397965632,0.12038737255382724,0.8548069739096513,2.58837890625,0.0851496215007872,2.3437120000000005
2.9421948396762243,0.07022527732537356,22.564591373395043,2.0629908933713694,0.023868329989016484,7.669305604477975,0.7011741253677111,321.31722697009667,29.376756802439516,0.09142602492699048,-2.41162109375,2.7518162881674524,3.043712
1.6200404275340665,3.0044216453442423,0.6754403692629602,1.6809222680312577,1.8545349821407868,0.41692809499271405,1.0375804451928783,0.2248154383755178,0.5594828111547105,2.488631631339237,1.58837890625,-1.692628156276991,0.38371200000000005
2.5107837623003615,1.2811228616915278,3.301460164462747,1.762974942294765,0.5102481866131604,1.3149121856029424,0.702161201122131,2.5770051126116593,1.3761169947174503,0.5339985504812709,-0.41162109375,0.9740385103896756,1.0837120000000002
5.224310913901787,1.5240273499806283,1.6264628147782894,0.1826307805667034,0.2917183481414213,0.3113258076678217,0.034957869770102415,1.067213665685831,0.11983431961967402,0.11228709252206213,3.58837890625,3.6407051770563417,1.783712
0.12171438215408682,1.4116436445711358,1.9621416055808734,6.310882620151524,11.598001974688879,16.120868962690537,51.849933495633515,1.3899694962867073,4.470591883739044,3.2163237363713346,-3.66162109375,-3.174109637758472,2.483712
8.673891085479493,15.885622739809074,5.004799445158997,10.72905835641625,1.8314298142851206,0.5769958829131794,1.2369371774078652,0.3150521403619301,0.6753942563126235,2.1437539054225576,0.33837890625,-0.5074429710918058,3.183712
1.7960506705537316,0.5575417179210985,3.4088591593522386,1.458111063320677,0.3104264969034563,1.8979749375897452,0.8118429436465364,6.114088057953448,2.61525015340112,0.42774165641907935,-1.66162109375,2.1592236955748607,0.523712
1.7613730452110237,4.121174723546215,0.3546989971998019,1.6803417164481917,2.3397512155367814,0.20137641947240467,0.953995362320806,0.08606744945154575,0.40773367526681337,4.737373744255768,2.33837890625,-2.285220748869583,1.2237120000000001
0.8722984638310358,0.5569457802538155,5.046058426114463,4.036135885442585,0.638480753259352,5.784784262891794,4.627012488038021,9.060232800066885,7.246909894178939,0.7998591265916964,-2.66162109375,0.38144591779708303,1.923712
8.709045163196802,1.1538308911065922,4.728754485743637,0.19081388114408146,0.13248649759936015,0.542970486101816,0.021909850915739198,4.098308098865754,0.1653742178466722,0.040351826621439484,1.33837890625,3.048112584463749,2.6237120000000003
0.9220458916991918,9.604010000014163,3.982092067886919,20.665925677216524,10.415978300511071,4.318756911923899,22.41312050003534,0.4146280634735956,2.1518017658442723,5.189715688362478,-0.66162109375,-1.3963318599806946,3.323712
3.3473381678103205,2.240524205546826,1.0121059987523136,0.46230433220706385,0.6693450417089102,0.30236144303710677,0.1381110330150726,0.45172732177883224,0.20633757540424924,0.45677461923649826,3.33837890625,1.2703348066859723,0.663712
1.6962075182398324,0.23676475592681365,4.880826842972756,1.2649221189869406,0.1395847815675916,2.8774939330758467,0.7457354748076817,20.61466802297834,5.342527075178118,0.259161441223454,-3.16162109375,3.9370014733526384,1.363712
0.6929274578184169,4.504361005205745,0.30809426712310717,3.5887043435642694,6.500479890618106,0.4446270149159595,5.179047681070097,0.06839910628101054,0.7967177451844468,11.648072445730735,0.83837890625,-3.931311283849007,2.063712
0.6280071959050021,3.9895437167074412,3.8147208149280507,10.698768429577381,6.352703826837893,6.07432659976256,17.03606025430921,0.9561797252534755,2.6817022670469806,2.8046006375381816,-1.16162109375,-1.2646446171823404,2.7637120000000004
23.692473667074964,6.581823954738851,1.7834642617922782,0.0692806094858514,0.2778023117056579,0.07527556163418803,0.002924161084206648,0.27096808940144945,0.01052605021985889,0.03884608790322963,2.83837890625,1.4020220494843256,3.463712
0.44790657084278906,1.601694886921163,1.242224328523725,3.032382538306156,3.57595755719186,2.773400546873723,6.770122913357512,0.7755686421098431,1.8932335759247592,2.4410909275218247,-2.16162109375,-3.0424223949601177,0.131712
2.667468437845048,3.0632182665304626,0.9475447968181603,1.1942275270871245,1.1483615787428498,0.35522249612207135,0.4477007150839611,0.30932983364955957,0.38986040927464166,1.2603388579593502,1.83837890625,-0.3757557282934516,0.831712
3.7039041691637293,0.8084793773418375,4.149070117056739,0.9395439782475412,0.2182776174590869,1.1201883006583075,0.25366314443812193,5.131943044358506,1.1621124849673037,0.22644687887656947,-0.16162109375,2.290910938373214,1.5317120000000002
2.70436612410518,5.345878010024362,0.17045585709754554,1.0844023619394378,1.9767582363845815,0.06302987438653335,0.40098208311134076,0.03188547452409389,0.2028483178826776,6.361778236337603,3.83837890625,-2.153533506071229,2.2317120000000004
0.5213144966098434,0.24858588735716178,10.663429329418769,6.05657415566864,0.4768443789185585,20.454887402449078,11.617889383577676,42.896358448932496,24.364111012330763,0.5679762080815296,-3.78662109375,0.5131331605954372,2.931712
2.705133917430179,0.7982814138625014,2.6500131330150003,0.7029126296491044,0.29509866728551915,0.9796236393104182,0.2598439305056131,3.3196477921148833,0.8805323754790266,0.2652487343899988,0.21337890625,3.1797998272621033,0.271712
0.35093935818770244,2.066234057498982,1.0330659315746424,3.656403563432918,5.887723930907294,2.9437163643016064,10.418904229822136,0.49997527038398043,1.7695979553539616,3.5393709652777674,-1.78662109375,-3.6350149875527107,0.9717120000000001
3.0719470548559387,4.746447841597741,0.5426273587321876,1.3566807761687856,1.545094286079852,0.17663955434207004,0.4416354683015226,0.11432283190317949,0.2858307562718528,2.5002071022341728,2.21337890625,-0.9683483208860442,1.671712
1.4700049881413355,0.19676936324637,8.417305813624477,2.9620797027037358,0.1338562554778565,5.726038946484978,2.0150133683892935,42.77752224610992,15.053561458116778,0.3519035387676226,-2.78662109375,1.6983183457806224,2.3717120000000005
1.3734355770783835,9.624372404860283,0.15135019102789535,5.4466065918406,7.007516453981453,0.11019824559216121,3.9656804314235092,0.015725720562461184,0.565918104861578,35.986783728847335,1.21337890625,-2.7461260986638214,3.071712
1.4220504581083182,1.4612108741669776,2.2204307068959865,2.237344326858189,1.0275379933499353,1.561428917121347,1.5733227425941096,1.519582659937316,1.531157731175302,1.0076172698880779,-0.78662109375,-0.07945943199715533,0.411712
4.051809635173316,1.7560844507168505,1.405758875960963,0.2903547950473864,0.4334074423123124,0.346945933431256,0.07166052238161641,0.8005075583848594,0.16534215933001448,0.20654665605358724,3.21337890625,2.58720723466951,1.1117120000000003
0.24598319092429868,1.1523504569635932,2.499059586246003,4.9094786370280605,4.684671552692513,10.159472998360645,19.95859399408699,2.168662815330456,4.260404122166429,1.9645304433908681,-3.28662109375,-1.857237209774933,1.811712
8.26209021015124,3.8844636542486084,4.5471750319350255,1.5461586878250817,0.47015507643283194,0.5503661805033461,0.18713892592523254,1.1706056322503058,0.39803659538273195,0.3400262090124827,0.71337890625,0.8094294568917331,2.511712
6.220729395096823,0.10880912586526573,33.75605196846034,0.855982999809476,0.017491377450211714,5.426381670783952,0.1376017096136928,310.231809143097,7.86683095744568,0.02535791213407468,-1.28662109375,3.476096123558399,3.211712
1.3146933350842531,3.3067962593126285,0.3448644803803084,1.5961348180078403,2.515260533438933,0.2623155310650506,1.2140738645378093,0.10428960641560485,0.4826831449058258,4.628295776496496,2.71337890625,-3.338718691256414,0.551712
0.6588664362486446,1.109291672984834,2.9677530881127394,3.8661164000377854,1.6836366400764826,4.504331871889073,5.867830241968467,2.675358663900575,3.485211774496609,1.3027082392815688,-2.28662109375,-0.6720520245897479,1.251712
6.006344333342516,1.9946374875578683,2.5105939680932927,0.35126495636836375,0.3320884346382215,0.4179903496635121,0.05848232083838685,1.2586718056558412,0.17610465989909502,0.1399130886286392,1.71337890625,1.9946146420769182,1.9517120000000001
0.5720771118389035,5.9131249693464,0.901613109622645,7.495066554488866,10.33623762771955,1.5760342285403972,13.101496982454824,0.15247658628840102,1.2675305516699276,8.312952057258574,-0.28662109375,-2.4498298023675256,2.6517120000000003
13.167449627973646,8.756222769173933,0.36385820018382276,0.23808663175476225,0.6649900334968236,0.027633156796804646,0.018081453772867153,0.04155424202599969,0.027190563560459017,0.6543390574528205,3.71337890625,0.2168368642991405,3.351712
1.2861463483838838,0.3207816837643244,3.645536635180989,1.5961666242731853,0.24941305020801477,2.834464864563674,1.2410458780828943,11.364541118436593,4.97586584602466,0.4378413342138696,-3.53662109375,2.8835035309658066,0.691712
1.4912183063133109,3.8106631726258406,1.003428746800632,3.064081695725648,2.555402623809532,0.6728919183411686,2.0547505906770116,0.26332129116234443,0.8040809583320532,3.0536116346031297,0.46337890625,-1.5609409134786367,1.391712
2.237144891847709,0.6195246835174265,6.570050316496562,3.1474027564340488,0.2769264904454834,2.936801429553455,1.4068837328790702,10.60498554988044,5.080350856344073,0.47905306730015756,-1.53662109375,1.1057257531880298,2.0917120000000002
9.699529483087526,1.319022438587402,4.02924913982151,0.09572413390084686,0.13598829106992258,0.41540665934848325,0.009868946124423371,3.054723727169195,0.07257202842080682,0.02375731323109181,2.46337890625,3.772392419854696,2.7917120000000004
0.042965886497637745,2.345413721211193,1.2582335048089774,17.808998472612334,54.58781168963297,29.284476764564246,414.4915867985516,0.5364654830104831,7.593116008298784,14.153969358267933,-2.53662109375,-3.8325458517502415,3.491712
1.7124249045107103,2.564652580356985,0.851745422608469,1.5026950966495278,1.4976730212235385,0.4973914011440037,0.877524668492772,0.33210947522954976,0.5859254029800641,1.7642537978631296,1.46337890625,-1.165879185083575,0.025312
2.3604676576422907,0.9775801992039991,3.1437888194876296,1.4102286912460615,0.4141468306244182,1.3318499871452356,0.5974361422323583,3.21588839672436,1.4425708421614403,0.44857615196808887,-0.53662109375,1.5007874815830906,0.725312
1.7362194535432562,4.111514138170721,0.23164655237949447,1.3733259818808032,2.368084362711172,0.13342008805785058,0.7909864038662484,0.056340935381668844,0.3340195207237736,5.928540562222376,3.46337890625,-2.9436569628613523,1.4253120000000001
0.50083973451751,0.6662118773923438,4.64187281127628,5.019082545206759,1.3301897423017905,9.268180001229505,10.02133456931478,6.967562375869502,7.533763229878494,1.0812624018939385,-3.03662109375,-0.2769902961946862,2.125312
10.845404738415965,1.4501394681978814,6.206236070910192,0.28518567489676355,0.1337100369395419,0.572245685670616,0.026295530851568435,4.279751159812794,0.19666085997312363,0.04595147068824581,0.96337890625,2.38967637047198,2.825312
0.7271650282048124,1.8889732573866407,1.2856743215812736,2.80109324423647,2.5977229158696487,1.7680640180885487,3.8520736498448844,0.6806207110417116,1.4828654843487463,2.1786957997196024,-1.03662109375,-2.054768073972464,0.16531200000000001
3.3592660278232715,2.6653725794816614,0.9226458355397654,0.5886710773024021,0.7934389707172916,0.274656972058155,0.17523800509596665,0.34616017386927334,0.22085883295793557,0.6380249654061662,2.96337890625,0.6118985926942031,0.8653120000000001
2.23042330559498,0.26955200381708677,5.069435282111428,1.2304596377011146,0.12085239745339821,2.27285792315514,0.5516709023863439,18.806891472976982,4.5648320927938,0.24272124393086758,-2.03662109375,3.278565259360869,1.565312
1.1796814911487987,5.430077754496547,0.17165402133637264,2.7186759537784377,4.603003264218906,0.14550878573945608,2.3045847325543214,0.031611705963920884,0.5006698019245033,15.838113972587507,1.96337890625,-3.5362495554539453,2.265312
3.4673250190000817,10.310473441734215,3.7708266500897905,10.992281700886439,2.973610314935974,1.0875319243008932,3.1702484308945538,0.3657277884860678,1.066127735356209,2.915085396626411,-0.03662109375,-0.8695828887872787,2.965312
3.091140735979249,1.948498336661637,0.99626224023644,0.414216664553623,0.6303492797924545,0.3222959823991424,0.13400123123879784,0.511297454809911,0.21258250867347445,0.41577071560527895,3.96337890625,1.7970837778793882,0.30531200000000003
0.28476848198698873,1.1128846682898643,1.8189355795045739,3.6520783054543178,3.9080331521404568,6.387418884326119,12.82472793327312,1.6344331369931409,3.281632328591923,2.0078106924760024,-3.94287109375,-2.6473606665650564,1.0053120000000002
2.925189100612797,2.8044161510242547,2.8913338788425307,2.739652728741227,0.9587127719150733,0.9884263134430613,0.9365728623039442,1.0309931633315303,0.9769066291180166,0.9475393861597108,0.05712890625,0.019306000101609655,1.7053120000000002
2.739520974768036,0.17512780873569106,9.203080782622187,1.6428370015550215,0.06392643471201008,3.3593759154924676,0.5996803881722884,52.55065342884404,9.380788884502335,0.17850946225063302,-1.94287109375,2.6859726667682757,2.405312
3.946046844275877,11.854476848407561,0.12024312434247439,2.750147409494036,3.0041399193229616,0.03047179343978105,0.6969373446449048,0.010143267044182294,0.23199230507278518,22.871556478032904,2.05712890625,-1.7584717776761676,3.1053119999999996
0.9869001501323362,0.5743614240514552,3.1345170932444284,2.284494889632069,0.5819853446921023,3.1761238386924067,2.314818666635864,5.457394877138575,3.977451816867507,0.728818769103431,-2.94287109375,0.9081948889904989,0.44531199999999993
3.767000266630464,0.880362485900225,2.760174536161915,0.4168551139943237,0.23370385547853934,0.7327248050956093,0.11065969856359886,3.1352705054662406,0.4735039494192708,0.15102491111811,1.05712890625,3.574861555657165,1.145312
0.3629883076138205,3.167383479267944,0.8929060031211214,4.8149297127352,8.725855386608458,2.459875385493339,13.264696442668214,0.28190650389055283,1.5201600135415376,5.392426185852467,-0.94287109375,-3.2399532591576485,1.8453119999999998
5.3096467763609105,6.478767743941838,0.36004784198460643,0.7592284459552638,1.2201880872351007,0.06781013072047959,0.1429903867307005,0.055573506601047665,0.11718716829526765,2.1086876726446926,3.05712890625,-0.5732865924909825,2.545312
1.4364595997562029,0.06117617574600122,28.986949353506148,3.751743578992239,0.04258816311742014,20.179439337121515,2.611798883608692,473.8274172916224,61.32687330063242,0.12942871404777345,-3.44287109375,2.093380074175684,3.2453119999999998
1.065863624480411,2.94494233847142,0.7462522638383575,2.468138818341713,2.762963545084884,0.7001385981270746,2.315623464066414,0.2534013159068173,0.8380941066651942,3.3073786679678676,0.55712890625,-2.3510643702687597,0.5853119999999999
1.4453233365753018,1.0880785097962922,3.6972139617078623,3.029487449968634,0.7528270541694135,2.5580531830811113,2.0960620874959472,3.3979294034582552,2.784254465733184,0.8193973844481578,-1.44287109375,0.3156022963979055,1.285312
5.950140248584562,1.5983940008006121,2.0548182737739653,0.18666228120880812,0.2686313152334255,0.3453394689751677,0.031371072514334755,1.2855517930777622,0.11678114477113385,0.09084126007210183,2.55712890625,2.9822689630645716,1.985312
0.19884321540929573,1.6356184741303657,3.8322880791325993,8.87834104009855,8.225669006426166,19.272913442102,44.649957112308364,2.3430207837253554,5.428124700547316,2.3167206788139145,-2.44287109375,-1.4621754813798713,2.685312
25.984210172686574,6.729946900492812,4.967006660451744,0.2883969647233638,0.2590014033817748,0.19115480622431374,0.011098931343563163,0.738045445809985,0.04285278457431001,0.058062528286832296,1.55712890625,1.2044911852867948,3.385312
2.3331120843597364,0.6084419202829436,2.721720487530659,0.7394478854159517,0.2607855509221775,1.1665622520992454,0.3169362888190922,4.47326260206558,1.2153138381262196,0.27168399135902166,-0.44287109375,3.871157851953461,0.053312
1.3739658276679076,3.3653431914997185,0.2831580930600722,1.4163906170081664,2.4493645502172807,0.20608816271703703,1.0308776160847233,0.08413944045150613,0.4208755352457743,5.002119493394377,3.55712890625,-3.733780419651476,0.753312
0.36678023369471047,0.8005588016382325,2.871354041497383,4.013737068981202,2.1826661529000977,7.82854084739843,10.943166234857783,3.5866872434873684,5.013669277968897,1.3978551620503328,-3.69287109375,-1.0671137529848096,1.4533120000000002
5.890093903899763,1.5581847600975112,4.986400149353154,1.0686688574245855,0.26454327987298387,0.8465739648143327,0.18143494396872556,3.2001340771944813,0.6858421958623881,0.2143167065248896,0.30712890625,1.5995529136818565,2.153312
0.12679944292894363,3.2983785859974972,1.5217726056693242,9.781530429402846,26.012563697506586,12.001413969319259,77.14174607915477,0.4613699022088178,2.9655572198194804,6.427721456518543,-1.69287109375,-2.8448915307625873,2.853312
2.4164368155376232,2.5153812272664657,0.8869295657790297,0.9596800153419036,1.040946409644412,0.3670402470596775,0.3971467448150049,0.3526024429874912,0.3815246790184621,1.0820250585501385,2.30712890625,-0.17822486409592075,0.193312
1.5132433222198283,0.35530262708785015,3.9084492213830098,1.64166684893929,0.23479543697350969,2.582829320303606,1.0848664090128433,11.000338650512225,4.620474839701595,0.420030236022456,-2.69287109375,2.488441802570745,0.8933120000000001
1.7141103282921468,4.723266023789676,0.519131576721899,2.53645036889278,2.75552042702858,0.3028577380075269,1.4797474392561252,0.10990945123717123,0.5370119650507593,4.88594892437369,1.30712890625,-1.9560026418736984,1.593312
3.692031655957466,1.5759505975916746,6.842506871207322,3.615005607680557,0.4268518648936065,1.8533174980139309,0.9791372188933917,4.341828279175665,2.293857188927693,0.5283159631000428,-0.69287109375,0.7106640247929681,2.2933120000000002
11.848641502830883,2.047484488715209,3.068135277243626,0.06675721724042882,0.1728033115210738,0.25894405502188467,0.005634166349321916,1.4984901200247298,0.03260450450704942,0.02175823788982429,3.30712890625,3.377330691459634,2.993312
0.34563882826093284,1.3886346782160546,1.3387982051692353,3.180104106299194,4.017588779602429,3.873402221345738,9.200656425956982,0.9641111706133949,2.290094116319057,2.375342373496237,-3.19287109375,-3.4374841233551794,0.333312
2.1117114462592297,3.1410177260117176,1.22365569129998,2.0549387593529906,1.4874275231002052,0.5794615990113673,0.9731153198005303,0.38957299768368614,0.6542270495118258,1.679343931437018,0.80712890625,-0.7708174566885133,1.0333120000000002
2.763642710911554,0.5354755760543959,5.349994268450628,1.7318928033442882,0.1937571647522323,1.9358487431560925,0.6266702987713793,9.991107919191355,3.234307745846386,0.32371862780440863,-1.19287109375,1.8958492099781532,1.7333120000000002
2.2018595210720675,6.381695725769092,0.13494078955541203,1.7997458522271836,2.8983210167113183,0.061284922250494187,0.817375420640324,0.021144973899417555,0.28201686974198176,13.33730044234058,2.80712890625,-2.5485952344662905,2.433312
0.9339089127631565,0.6941216098958276,14.019408077608457,10.34043940322585,0.7432433724635198,15.01153687047405,11.072214069176823,20.197337005128627,14.897158157599682,0.7375803133758131,-2.19287109375,0.11807143220037553,3.1333119999999997
3.305761558835265,1.2736224101025255,1.9453836392202848,0.4675121044485709,0.3852735254599752,0.5884827458353382,0.1414234197257989,1.5274414330254151,0.36707276877370315,0.24031871915811479,1.80712890625,2.7847380988670407,0.47331199999999995
1.0665657737706071,2.988456433043769,1.264908345642979,3.389729028261993,2.8019429336071258,1.1859637509004022,3.178171577996879,0.42326477697874915,1.1342741994767929,2.679821854237924,-0.19287109375,-1.6597063455774022,1.1733120000000001
4.904568955777311,3.2056503789721913,0.7858860904501974,0.3145403299889552,0.6536049157176417,0.16023550643007414,0.06413210474254706,0.2451565197519049,0.098120597321597,0.4002365403983289,3.80712890625,1.006960321089264,1.8733119999999999
1.6797284305088847,0.11034524736821166,12.90761828281914,1.6747302484081565,0.06569231392647314,7.684348284150132,0.9970244106071278,116.97484568363545,15.177185138021756,0.12974742603268094,-3.81787109375,3.67362698775593,2.573312
0.49101656007775535,8.252138619174447,0.3369649686608765,10.115278846065051,16.806232803772797,0.6862598862399185,20.600687774080853,0.040833653457773206,1.2257766517108015,30.018784701163188,0.18212890625,-3.141187827058883,3.2733119999999998
0.8936176276049752,1.1917765356344663,2.482519097780843,2.941246434084389,1.3336537897406973,2.7780552006727466,3.2913925858505673,2.0830407576863594,2.4679512862858615,1.1847830039710905,-1.81787109375,-0.47452116039221703,0.613312
4.431623009403099,1.77917336161074,1.83315187658169,0.36663785666040655,0.40147218250190897,0.41365248638976626,0.0827321854504473,1.0303390979966571,0.20607202455441337,0.20000408113706458,2.18212890625,2.192145506274449,1.313312
0.2045504053215861,1.535896790218158,2.1970148900836386,5.66205760886168,7.508647014428945,10.740701719116998,27.68050055906766,1.4304443528211135,3.6864831314983375,2.5771594149942834,-2.81787109375,-2.2522989381699947,2.013312
9.76281267734183,6.555932914295997,2.996200050265774,1.4944056479722423,0.6715209162531032,0.306899266562755,0.15307122008399857,0.45702115769552815,0.22794706222717925,0.49876697914068957,1.18212890625,0.41436772849667136,2.713312
9.927466532949365,0.14603277537473766,50.228668345358905,0.7792129597270515,0.014709974079494838,5.059565618141288,0.07849061562089739,343.9547609532593,5.335877221586027,0.015513311130794698,-0.81787109375,3.0810343951633374,3.413312
1.9897398417105727,2.833757732568645,0.5372446901053299,1.0316082554431918,1.4241850482988134,0.27000750492258446,0.5184638885032937,0.18958737507117351,0.36404250214717393,1.9201832506542578,3.18212890625,-1.3634100492811059,0.08131200000000001
0.9936765259771088,0.4408147590985313,3.538043568641651,2.280546251590544,0.44361997850866647,3.560558668891366,2.2950589975425073,8.026145893746776,5.173479799665225,0.6445783403583428,-3.31787109375,1.3032566173855606,0.781312
3.9861974993693225,0.6937394275726236,3.3050267479985544,0.4080712941037439,0.17403538778055622,0.8291176612602512,0.10237106770758524,4.764075121926915,0.5882198385805674,0.12346989153744735,0.68212890625,3.9699232840522267,1.4813120000000002
0.23946725051280696,2.9972110028906442,0.795250603241504,5.420124453480473,12.51616242501749,3.3209159145499654,22.634094816195333,0.26533020280338243,1.8083893487155434,6.81561816034797,-1.31787109375,-3.9861809683483207,2.181312
4.789473577573934,9.103948952344636,0.17318786009861195,1.4043885571042085,1.9008245488549418,0.03616010346304881,0.29322399097889784,0.019023377767733315,0.15426147097875825,8.10904734491528,2.68212890625,-1.3195143016816546,2.881312
1.2748142810793506,0.6130453865526586,3.061095870815634,1.8959200238290546,0.48088995836602155,2.401209271223325,1.4872127273502385,4.993261409288325,3.0926258730864804,0.6193598971873702,-2.31787109375,1.3471523649850115,0.22131199999999998
1.1734969433975395,3.605066255487674,0.39278026945135475,2.1158771705705144,3.072071278728848,0.3347092394754492,1.8030529883142008,0.10895230256960188,0.5869176932184537,5.3869232625305346,1.68212890625,-3.097292079459432,0.9213120000000001
1.9622479263245736,2.7333423321124988,2.660767076667768,3.5422566881548954,1.3929648213374537,1.3559790488103964,1.8052034305317308,0.9734481646912335,1.2959433022856002,1.3312915358946291,-0.31787109375,-0.4306254127927658,1.621312
6.9367760117657555,2.5996659737990018,1.2306722333470699,0.15404457522395024,0.3747657369056749,0.1774127103512749,0.0222069409424016,0.47339629235083475,0.0592555262008674,0.12517108215320163,3.68212890625,2.2360412538739,2.3213120000000003
0.08441624612076529,1.1856589629658023,3.523083891820929,10.297478373861978,14.045388387320692,41.73466665149774,121.9845568485772,2.9714142108859884,8.685025538966036,2.9228592591190496,-3.56787109375,-2.208403190570543,3.021312
2.230203632424211,1.7597612716340036,1.8746941231370329,1.411591961353375,0.7890585622090298,0.8405932516123013,0.6329430823404172,1.0653116154762914,0.8021496916128058,0.7529718816162272,0.43212890625,0.45826347609612306,0.361312
2.2402439223889816,0.39276675195495403,3.9911414653367925,1.1247044011576675,0.17532320834782586,1.781565581073272,0.5020455093828756,10.16160722737176,2.8635427911338547,0.2818001844649622,-1.56787109375,3.124930142762789,1.0613120000000003
1.2346829015417484,4.485212675734191,0.20764575529505286,2.0911075721415147,3.632683881937221,0.16817739602270804,1.6936393705058592,0.04629563195931686,0.4662226126878629,10.070552943257468,2.43212890625,-3.689884672052025,1.761312
0.31270902123397326,1.2197820127216876,4.2549886921119136,7.207707321203203,3.9006933919217817,13.60686262046873,23.049246525607252,3.4883189354610984,5.909012631790426,1.693942767595404,-2.56787109375,-1.0232180053853583,2.461312
18.102960038329513,3.66686491153122,5.330994580923924,0.23185196867911967,0.2025560960068046,0.2944819283496497,0.012807406533971132,1.4538290091242525,0.06322893650922697,0.043491315768499066,1.43212890625,1.6434486612813082,3.1613119999999997
0.6636851961024492,2.384117796853555,0.9385286217144819,2.9771791165944705,3.5922419406888992,1.4141171555823082,4.485830231076754,0.39365866189712073,1.248755040763342,3.1721772226358214,-0.56787109375,-2.8009957831631356,0.501312
3.2773427044251853,3.342682093624269,0.6045562508179327,0.6485439933499755,1.0199366972245107,0.18446537495198148,0.19788714572763116,0.18085963124373838,0.19401904673704648,1.0727603799853687,3.43212890625,-0.1343291164964695,1.2013120000000002
1.5294746979840532,0.1991727545105545,6.27845347966803,1.9666541458616424,0.13022298098365218,4.104973745524158,1.2858363387467737,31.522652257818343,9.874112303635515,0.3132386267144291,-3.06787109375,2.5323375501701957,1.901312
1.9578493556725611,8.31651026387086,0.47295548084419337,4.685579474093586,4.2477784308455995,0.24156888244434083,2.3932277835972697,0.05686946397443146,0.5634069249513216,9.907020140098906,0.93212890625,-1.9121068942742472,2.601312
6.177110565968966,1.2729534055147336,27.672204986386365,9.183848653896735,0.20607586539371794,4.479797583491302,1.4867547789240714,21.738584355486907,7.214599225792667,0.33187990109262444,-1.06787109375,0.7545597723924189,3.301312
3.5066106074439656,1.3351240422370965,1.607846169008883,0.3232450513243108,0.38074488208153046,0.4585185950204127,0.09218162137481532,1.2042672576810323,0.2421086289350991,0.2010422747865035,2.93212890625,3.421226439059085,0.6413119999999999
0.28672940468060265,2.023586555864957,1.1893772316073528,4.18319139873852,7.057478315204876,4.148082520285072,14.58933520752193,0.587757033747918,2.0672164413300655,3.517127524868839,-2.06787109375,-3.393588375755728,1.341312
3.8789724849355514,5.676239031581969,0.6671824748414532,1.5052877146277786,1.4633357296619955,0.17199979567592585,0.38806351952063123,0.11753953121588492,0.2651910369264796,2.2561859332193785,1.93212890625,-0.7269217090890621,2.041312
8.093633345282441,0.9871890916721611,9.235425309900839,1.1092599287024825,0.1219710665850173,1.1410728551576796,0.1370533951045657,9.355274878754294,1.1236549695089828,0.12010924147838653,-0.06787109375,1.939744957577604,2.741312
4.167068931986189,12.489047361670007,0.04309350162417075,1.2340839769182907,2.997082017483506,0.010341441988969137,0.29615156289965133,0.003450503499284383,0.09881329945995752,28.63735668735038,3.93212890625,-2.5046994868668393,3.441312
0.6856791281065784,0.6236599787419751,2.6214945128075886,2.4544174099833223,0.9095507697078926,3.8232088528734054,3.5795422514331228,4.203403460481102,3.935505714082033,0.936266468608653,-3.88037109375,0.16196717979982633,0.109312
3.079298549567361,0.8108388481287064,3.0727495507102636,0.740374055431556,0.2633193355813546,0.9978732173085272,0.24043594458730802,3.7895934041661987,0.9130964274099933,0.2409483894515318,0.11962890625,2.8286338464664924,0.809312
0.4688527289573341,1.7815710197568138,2.2100376844340186,4.68999472625757,3.7998520851500426,4.713714025614925,10.003129845671353,1.2404993457604014,2.6325050611217056,2.1221333732409446,-1.88037109375,-1.615810597977951,1.5093120000000002
6.76908333286919,3.5974755567931735,1.653642697812762,0.4352601251500487,0.5314568280352848,0.24429344661529492,0.06430119171919788,0.4596675284395361,0.12099043295183469,0.26321292122279977,2.11962890625,1.0508560686887156,2.209312
2.5907947357022025,0.08073650117734515,21.325843704240658,1.4238370628556816,0.031162832031717304,8.231390704312417,0.5495754037302258,264.14129164944217,17.635605235457163,0.066765802216423,-2.88037109375,3.7175227353553817,2.909312
0.8610703214050791,2.8341578491318398,0.4859888318318712,2.1818091513349844,3.2914359938769135,0.5644008622185971,2.5338338775568845,0.17147556971138336,0.7698262649708508,4.48942240732352,1.11962890625,-3.8874155362495553,0.249312
0.9540626157370932,2.0987445691740567,1.8197229766435346,3.3541441898781312,2.1997975128211067,1.9073412443036,3.5156436637932553,0.867053096108628,1.5981669418675974,1.8432169252843227,-0.88037109375,-1.2207488695828892,0.9493120000000002
4.8286067464069555,2.665135610908826,1.147601177703335,0.32036128358165405,0.5519471248910457,0.23766714457690793,0.06634652611129288,0.4305976675280688,0.1202044962629159,0.2791573325349708,3.11962890625,1.4459177970837764,1.6493120000000001
0.13355586486323712,1.4997686549003553,1.936822852101525,6.3640175980085205,11.229522989770139,14.501967802648394,47.65060377187744,1.291414409664541,4.2433328481794055,3.2858026179850803,-3.38037109375,-2.9985266473606664,2.3493120000000003
9.52753645825182,13.211802021746745,3.8599882486451675,6.31225899748514,1.3866965589309266,0.4051402233472456,0.662527928929422,0.29216213218239206,0.4777742647895498,1.6353052369267456,0.61962890625,-0.33185998069400036,3.049312
1.929348433293251,0.5946109422823502,3.235973590407855,1.295824648837737,0.3081926167516536,1.6772364880118074,0.6716384798498335,5.442169594099494,2.1792815380488175,0.40044351804317846,-1.38037109375,2.3348066859726657,0.38931200000000005
1.8877772750426318,3.917435753037963,0.3667862185600828,1.46668313716487,2.075157808512922,0.1942952822926633,0.7769365361873782,0.0936291599104442,0.3743987724693278,3.9987411275230738,2.61962890625,-2.1096377584717776,1.0893120000000003
1.0832225133649778,0.5874201295219446,4.965250291451621,3.6524349628224244,0.5422894394035004,4.583776860422993,3.3718233490885576,8.452638991946788,6.217755877373246,0.7355993652748194,-2.38037109375,0.5570289081948889,1.7893119999999998
7.892772865582908,1.1841054837979021,3.906854168144647,0.17502358971725102,0.15002401614283017,0.4949913338037142,0.022175171222835504,3.2994139640446525,0.14781080918220227,0.044799110021649255,1.61962890625,3.223695574861555,2.489312
0.2550811227765362,5.696812517363285,0.46512778748828965,10.04016185579662,22.333336372970166,1.8234504475494437,39.360661998466675,0.08164702385248401,1.7624174615533272,21.5858138900149,-0.38037109375,-3.591119239953259,3.1893119999999997
2.3897348653556705,3.0296418216733496,0.5113324205844682,0.8417052727208436,1.2677732017867345,0.21397035629237687,0.35221701157026486,0.16877652563630313,0.27782336073508124,1.6461019071678449,3.61962890625,-0.9244525732865929,0.5293119999999999
1.0288124339498834,0.32189445164925545,4.167442409457706,2.2685099984052837,0.3128796280323104,4.050730990349515,2.2049791813808786,12.946611499842376,7.04737216433016,0.5443410551414137,-3.63037109375,1.742214093380074,1.2293120000000002
0.8634711490031727,4.719873677404431,0.5709302996247286,4.096488682547469,5.466162572835527,0.6612036780659487,4.744210257953179,0.1209630466082085,0.8679233730679471,7.175111717209759,0.36962890625,-2.70223035106437,1.929312
1.3250569458342805,1.3527793018336065,7.722325325829231,7.535792239994623,1.0209216336599567,5.827919584970826,5.687145947716193,5.708488676136683,5.570599897396667,0.9758449588738897,-1.63037109375,-0.035563684397704076,2.629312
19.93314175464331,2.5992883963779283,5.129320220257817,0.04243310412311762,0.13040033670419462,0.25732623002407395,0.0021287715025270952,1.9733555643173155,0.016324892683031073,0.008272656473177802,2.36962890625,2.6311029822689616,3.329312
0.45355241400281954,1.2862959981482907,1.9113645433334625,3.465310002594985,2.83604707732918,4.214208731609971,7.640373847891024,1.4859445618154763,2.6940222216220304,1.8130031838674827,-2.63037109375,-1.8133414621754818,0.6693119999999999
4.106974378128455,2.5453410550274156,1.9181795917567748,0.8918626091937087,0.6197606365850583,0.46705419005581617,0.21715806505716012,0.7536041537412417,0.35039021880079746,0.46495261081205214,1.36962890625,0.8533252044911848,1.369312
3.9768032884640405,0.3721810656606847,5.873416119934629,0.6946436476998755,0.09358799987424876,1.4769189456698315,0.17467387680826615,15.781071800383817,1.8664131837732394,0.1182691015782493,-0.63037109375,3.519991871157851,2.069312
2.004118643694051,6.476234033279842,0.08731879349800803,1.7860463919805065,3.2314623955309627,0.043569672770001,0.8911879531684874,0.013482958313318713,0.27578472037953455,20.45431825648451,3.36962890625,-3.2948229436569627,2.769312
0.1809101419642398,0.6482620248401804,13.505625909478388,15.693651879201017,3.5833371075919076,74.65377984252548,86.74832548803789,20.8335910356742,24.208809521227252,1.1620084833082078,-3.13037109375,-0.6281562769902966,3.469312
2.7381348098627076,1.2336964022332801,2.1099606650469207,0.7724802178245921,0.45056087004537904,0.7705831931455253,0.28211913271842337,1.7102754463962095,0.6261509853041815,0.3661111937399145,0.86962890625,2.03851038967637,0.13731200000000002
0.5731963558910803,2.2081028234799462,1.2461657275754425,3.503959686028225,3.852262493970798,2.1740642883853942,6.113018078387876,0.5643603705064327,1.5868643655398358,2.8117926921691048,-1.13037109375,-2.405934054768074,0.8373120000000001
4.0489422766367476,3.538957864679101,0.8028376492683337,0.6116124467248611,0.8740450277840798,0.19828330324709162,0.15105486938008336,0.2268570805211132,0.17282275463890548,0.7618133595033247,2.86962890625,0.2607326118985913,1.5373120000000002
2.4938568245448383,0.18005682300417217,8.049243782280326,1.5128822820326822,0.07220014446380052,3.227628668598254,0.6066436000425979,44.70390873271053,8.40224911664484,0.18795334356292626,-2.13037109375,2.9273992785652574,2.237312
4.051256641023097,10.874274048429985,0.21816216729575827,2.7621249399794463,2.684173088003582,0.053850492977078834,0.6817946096058491,0.02006222818407416,0.2540054561507247,12.660879630128015,1.86962890625,-1.5170451658791855,2.937312
2.185015710947359,1.2287366067566678,2.4061372819006888,1.334284933056061,0.5623468062954675,1.1011990759816814,0.6106523291210358,1.9582205565209359,1.0858998793712145,0.5545340006543868,-0.13037109375,1.1496215007874806,0.27731200000000006
3.8229529622063105,1.4091337502637926,1.4168502971366537,0.25865479180052,0.3685982443923533,0.370616722503161,0.06765837674634756,1.0054760925791584,0.18355588442339082,0.18255618982699975,3.86962890625,3.8162881674541467,0.9773120000000002
0.19638049747410732,1.4278293931980537,1.4722468471997128,4.556639557733,7.270729077291966,7.496909653127994,23.203116482245346,1.0311083762620779,3.1913053334243484,3.095024157395858,-3.75537109375,-3.78865010415079,1.677312
2.328402624297182,6.4809566477855,1.7197276692125096,5.475880558529614,2.7834346947370188,0.7385868969854825,2.3517756342430185,0.2653508984356699,0.844918560040158,3.184155640780674,0.24462890625,-1.1219834374841238,2.3773120000000003
3.348509294525585,0.19433193186813214,20.093743700771647,4.008517873076278,0.0580353568633785,6.000802725446373,1.1971051953266871,103.39908376152337,20.627170401395173,0.19949084315842755,-1.75537109375,1.5446832291825423,3.077312
1.3358038948067303,3.2063149822913757,0.4190656916943988,1.6703463769109896,2.4002886911445027,0.3137179741155276,1.25044281080844,0.13070010089742204,0.5209551731930235,3.9858819512456773,2.24462890625,-2.899761215261901,0.417312
0.68998436349872,0.8039215486691323,3.205766685389206,3.4103372057894012,1.165130097431003,4.646143963514838,4.942629697427524,3.987661097897245,4.242126873492955,1.0638132903846553,-2.75537109375,-0.23309454859523493,1.1173120000000003
5.376257362474219,1.3966092858034937,3.068101856985004,0.39866211526302175,0.25977351745690186,0.5706761507363974,0.07415234955931362,2.196821894406832,0.28544999615527006,0.12993770541072694,1.24462890625,2.4335721180714307,1.8173119999999998
0.5268574118292663,4.684783699042698,1.631064109354542,7.868140014197918,8.89193849010679,3.095835937263241,14.9340976088378,0.34816209544270704,1.6795097745506835,4.823930567212078,-0.75537109375,-2.010872326373012,2.517312
13.573791863340261,7.364511017856288,0.6919018695347098,0.20067692682016092,0.5425537014270984,0.05097336665396941,0.014784146452263194,0.09395082278471671,0.027249185496985694,0.29003668823024303,3.24462890625,0.6557943402936539,3.2173119999999997
1.4313994976297375,0.32960862132037766,3.530335888403226,1.3961181673124499,0.23027018094262183,2.4663526110279688,0.9753518634205822,10.710690376547404,4.235684618077483,0.3954632679282863,-3.25537109375,3.32246100696032,0.5573119999999999
0.8041227829372934,3.6347073350011927,0.4528689734073819,2.953480555076759,4.5200899814383595,0.5631838607446809,3.6729223667663145,0.1245957189032479,0.8125772676758829,6.521710977139368,0.74462890625,-3.4923538078544936,1.257312
0.9410486625377646,2.218088681214285,3.337925027921059,5.560134757793353,2.3570393004254147,3.5470270144367873,5.90844552374062,1.5048654529420002,2.506723380757471,1.6657458484789098,-1.25537109375,-0.8256871411878275,1.957312
9.42662683876218,3.1376277850820067,1.6930149027063448,0.1428068647156909,0.33284735237212504,0.17959922798096634,0.015149307080712129,0.5395843671310729,0.045514278460521224,0.08435062472717104,2.74462890625,1.840979525478839,2.657312
0.04517439358677413,2.691166081709271,2.5370838017110517,16.918085476652735,59.57282141574056,56.16198913301723,374.5060892550842,0.9427451612721148,6.286525975352424,6.668319534909684,-2.25537109375,-2.6034649189656047,3.357312
2.7984130692696985,2.6666275835805826,1.1486721765338042,1.0611319422489067,0.9529070646730835,0.4104727029571703,0.3791906040968535,0.43075837946273626,0.39793031047255745,0.923790062932441,1.74462890625,0.06320174770106135,0.6973119999999999
3.4300254805910155,0.6672835087797563,3.957103540713147,0.8264611076252205,0.19454185181877395,1.1536659313770792,0.24094897029243525,5.930168344710628,1.2385456807355364,0.208855062578493,-0.25537109375,2.7298684143677265,1.397312
2.939202533965635,5.130809848598335,0.2152765891259362,0.9776280015877027,1.745646919294036,0.07324319662839988,0.33261675243205036,0.041957623743305694,0.190540680796186,4.541264823811348,3.74462890625,-1.7145760300767163,2.097312
0.7694345667766237,0.20395044528825476,10.667704799089545,4.879452360561184,0.26506535330568803,13.864343063997683,6.3416079433532255,52.30537635753759,23.92469579394532,0.4574041419835343,-3.50537109375,0.9520906365899497,2.7973120000000002
18.134492041204634,0.4364193600109561,53.674707330240345,0.1599181275712206,0.02406570633571304,2.9598131123983142,0.008818450895004918,122.98883195487218,0.3664322489433235,0.0029793944955732,0.49462890625,3.618757303256616,3.497312
0.5201198775777244,1.8280053562887368,1.0614808216865301,2.8528262951952215,3.5145846853652847,2.040838790145849,5.484939949769384,0.5806770850177242,1.560622503309893,2.6875909926121118,-1.50537109375,-3.1960575115581973,0.004032000000000001
2.6000680940833583,3.0843114356483263,0.7216116289082777,1.002846016314947,1.186242561364796,0.2775356655275132,0.38569990478210747,0.23396198599399673,0.3251442136238578,1.3897309524129307,2.49462890625,-0.5293908448915312,0.704032
1.6071347170916928,0.32490240092383377,4.708722302818088,1.9218484333762156,0.2021625178452896,2.9298864947296375,1.1958228597376304,14.49272855303382,5.915156145081091,0.40814648003897425,-2.50537109375,2.137275821775135,1.4040320000000002
1.6933816278179983,5.998154818228267,0.31706766701136657,2.8785136736468786,3.5421163898873584,0.1872393451084757,1.6998611691305394,0.05286086748674852,0.47989986268762785,9.078546862817415,1.49462890625,-2.3071686226693084,2.104032
5.56854491742227,3.22914395411412,10.119918886958658,6.571083640481295,0.5798900793654584,1.817336312632863,1.1800360305835713,3.1339324077098776,2.034930536964556,0.6493217696585812,-0.50537109375,0.3594980439973572,2.804032
3.101910970978027,1.4825533487585774,1.3223702781727182,0.37139681432311095,0.4779483881483326,0.4263082630497861,0.11973161634810241,0.891954599326905,0.2505116019157771,0.2808568979910193,3.49462890625,3.0261647106640233,0.144032
0.44598458594716567,1.075141580654633,2.256398593822597,3.4891171938997276,2.4107146626408325,5.05936452720791,7.823403103696216,2.0986990312929015,3.245263002269219,1.5463212942305395,-3.00537109375,-1.41827973378042,0.844032
4.522664916278132,2.105825308057083,2.6469819028751638,0.8739156540900354,0.4656160354656661,0.585270399615071,0.19323024594296337,1.2569807631941576,0.4149991220764387,0.3301555077277953,0.99462890625,1.2483869328862465,1.544032
3.8495017217539083,0.270541528703789,7.324517309171925,0.7087199055669056,0.07027962273011402,1.902718283714582,0.18410692001041604,27.073541516028783,2.6196344382413472,0.09675994685403101,-1.00537109375,3.9150535995529125,2.2440320000000002
1.4850840956322215,6.588253050861838,0.07742776529066563,2.3821126021814183,4.4362828140430155,0.05213695676789503,1.604025394378302,0.011752396984893736,0.3615696883212165,30.76561222242322,2.99462890625,-3.9532591576487324,2.944032
0.6731982190217654,1.3233367616601792,1.907275139968681,2.962163535111643,1.965746082310111,2.833155356144839,4.400135727358293,1.4412621150008162,2.238404932842257,1.5530866381241064,-2.00537109375,-1.2865924909820663,0.284032
3.78939529329112,2.1000707000721084,1.5908125582566748,0.5770281080442375,0.5541967880179056,0.419806442751725,0.1522744563138685,0.7575042869756968,0.2747660390787913,0.36272539152983924,1.99462890625,1.3800741756845998,0.9840320000000002
0.641357486604605,3.8545483291516778,0.6389732215392181,3.9835330139916465,6.009984150271555,0.9962824709850829,6.211096147143726,0.16577123101731756,1.033462982903721,6.23427223506447,-0.00537109375,-3.0643702687598435,1.6840320000000002
4.8610605785936,5.108305053013155,0.3476624595970626,0.5099288176430409,1.0508622491783652,0.07151987801346187,0.10490073295703986,0.0680582807778859,0.0998234859412433,1.466735345064415,3.99462890625,-0.39770360209317746,2.384032
1.164490095617985,0.0796608251388184,21.37846252160805,3.2957107018198384,0.06840833205759735,18.35864693229759,2.8301749531590756,268.3685799683038,41.37178714979004,0.15416032366634105,-3.99365234375,2.268963064573488,3.0840319999999997
0.950409550321231,2.5429661974883704,0.9527800654692362,2.6176125395562337,2.675653034661602,1.002494203837918,2.75419427200779,0.3746727213323855,1.0293540441636975,2.7473418414427906,0.00634765625,-2.1754813798709547,0.42403199999999996
1.196045039501249,0.7916849163325678,3.6833889123599524,2.8668380913294707,0.6619189831368729,3.0796406412052226,2.3969315507758324,4.65259453144949,3.621185691663703,0.7783153393630333,-1.99365234375,0.4911852867957114,1.1240320000000001
5.405623210280206,1.310418519404655,2.448941234789802,0.23487456283557984,0.2424176581365404,0.4530358738530832,0.043450043352800546,1.8688237372457135,0.17923629692160276,0.0959086153227926,2.00634765625,3.1578519534623775,1.8240319999999999
0.11866149690180794,1.8595944577348273,1.467745083606561,7.058969298722669,15.671422544699874,12.369177213575151,59.488287970646006,0.789282349977759,3.795972433323555,4.809397338519632,-2.99365234375,-3.656962861352436,2.524032
6.833485008304971,17.578943358849763,1.0446683302424433,6.441029941548307,2.572471196978623,0.1528748989677773,0.9425688259680529,0.05942725389785878,0.36640597845181067,6.165621906096735,1.00634765625,-0.99029619468577,3.224032
2.043834381435871,0.7905342900633427,3.2067514025938237,1.4694347168619188,0.38678979923410556,1.568987894381618,0.71895977981816,4.056435556181729,1.8587868171337363,0.45823156596215936,-0.99365234375,1.6763704719808965,0.564032
1.6894223975440357,4.048939346495777,0.2698738835661911,1.4915108540015496,2.396641214406676,0.15974328501771665,0.8828525395246352,0.06665298253967623,0.3683707574657553,5.526695782090124,3.00634765625,-2.7680739724635472,1.264032
0.5018441781214111,0.5392139613876812,4.3973503634624445,4.319460111434584,1.074464913404314,8.762381940791578,8.607173899284684,8.155112215836825,8.010660740902072,0.9822870034020826,-3.49365234375,-0.10140730579688118,1.964032
8.443776120558095,0.9720033181676022,6.787205520907807,0.4359980171717314,0.11511476669793055,0.8038116387741464,0.05163543075357071,6.982697892125397,0.4485560995755289,0.06423822231825028,0.50634765625,2.565259360869784,2.664032
0.12901034244668502,4.633172473241808,3.531542712179231,19.969041407301614,35.913186380049474,27.37410540274072,154.78636075672804,0.7622299261629318,4.310014687048629,5.654481068127644,-1.49365234375,-1.8791850835746589,3.364032
2.698950656597592,2.078491350833364,1.093507074549878,0.7100079374806831,0.7701109117176658,0.40516008392995156,0.2630681430744452,0.5261061462254535,0.34159773491287704,0.6492943246598973,2.50634765625,0.7874815830920072,0.032032000000000005
1.7459806712122234,0.3407571747046999,3.6827503793217438,1.2322271997836665,0.19516663633401757,2.109273281224146,0.7057507680930619,10.80755051603305,3.6161445488316257,0.33459427679445575,-2.49365234375,3.4541482497586733,0.732032
1.0584066343013285,4.1312967715459825,0.3276341768572834,2.5057968181399906,3.9033171539718468,0.30955416022459087,2.3675180567949745,0.07930540819866558,0.6065400179910799,7.648154542898951,1.50634765625,-3.36066656505614,1.4320320000000002
1.8047771679458673,3.6029695133953443,3.1942454783635377,5.523075073335107,1.9963514484705693,1.7698835818047904,3.060253183289809,0.8865591192175712,1.5329230660434607,1.7290703268568657,-0.49365234375,-0.6939998983894737,2.132032
10.212355910115912,3.4318969763276113,1.3052965903086153,0.10716588758907053,0.33605340496683284,0.12781542298341225,0.010493747821980695,0.3803425916664262,0.03122642909396019,0.08210079485746068,3.50634765625,1.9726667682771923,2.832032
0.38705013346279293,1.093960337935687,1.6838186851076387,3.0398195479443384,2.8264047557571743,4.350389108623067,7.853813460153621,1.5391953681657415,2.7787292121399076,1.8053128729534302,-3.74365234375,-2.4717776761672505,0.17203200000000002
2.3462995080101003,2.049988658605054,2.0862214775593606,1.7789197111966295,0.8737114130598151,0.8891539509074388,0.7581810016681687,1.0176746436143516,0.8677705136218278,0.852699356387492,0.25634765625,0.19488899049941466,0.872032
2.3483834982202842,0.31546049419166744,5.012205879533237,1.3184427827975747,0.1343309107863934,2.1343217082438724,0.5614256716574413,15.888537461327637,4.179422802769451,0.26304641399134926,-1.74365234375,2.8615556571660807,1.572032
2.985328403514085,6.61279009490767,0.2790930013278287,1.7925245296209993,2.2150963649840443,0.09348820752829176,0.6004446705129612,0.042205029544601855,0.2710693223124342,6.422678179290712,2.25634765625,-1.5828887872783626,2.2720320000000003
1.2444527187023875,0.18568585140820726,14.634320490426564,5.302515085852634,0.1492108527850099,11.75964363329611,4.260921291876528,78.81225402712472,28.556376512477055,0.3623342190244786,-2.74365234375,1.083777879388304,2.972032
3.0113185661023514,0.9155455332343727,2.2438854747694905,0.47849080947521194,0.3040347652156222,0.745150479935381,0.15889743943449275,2.4508726145410322,0.522629178021146,0.21324208158367183,1.25634765625,3.75044454605497,0.312032
0.4605136071319851,2.6213273706618265,0.7359792857083298,3.388836102452638,5.692182228853324,1.5981705519884783,7.358818610285675,0.28076587989180135,1.2927939258487322,4.604526470050192,-0.74365234375,-3.854493725549967,1.0120320000000003
3.0056963447715273,4.561818450498649,0.34527027163843427,0.9661338787002767,1.5177243231619286,0.11487197375710932,0.3214342927158584,0.07568698215087737,0.21178700756814847,2.7981959585330545,3.25634765625,-1.1878270588833009,1.7120320000000002
1.1071372107625288,0.19826192750972443,8.297019646581226,3.3343835094480694,0.17907620264445243,7.4941204811161075,3.0117165939635875,41.84877929311099,16.81807269469083,0.40187725851920775,-3.24365234375,1.4788396077833648,2.412032
0.8934204463231462,8.830907660444941,0.2187971030426929,7.002203809587477,9.884380525192102,0.24489824913135574,7.837523574040538,0.024776287042692156,0.7929200574649282,32.00318337039942,0.75634765625,-2.965604836661078,3.1120319999999997
1.1521604074133796,1.3517692490611373,2.303520808720181,2.5558388334083038,1.1732474405155817,1.999305646938195,2.2183012165347766,1.7040784219052745,1.8907360373698732,1.1095358130618793,-1.24365234375,-0.29893816999441203,0.452032
4.147935799029258,1.7806567763659118,1.545616542156695,0.32168378314657375,0.4292874486588339,0.37262306290237557,0.07755273917736563,0.8680036280271242,0.18065456937921995,0.2081265141596559,2.75634765625,2.367728496672254,1.1520320000000002
0.28300993448035794,1.8078943940495307,2.1042496487117326,5.440246463889522,6.388095164818344,7.435250117899223,19.222810937285658,1.163922879365974,3.0091616422925176,2.5853617070674857,-2.24365234375,-2.076715947772189,1.852032
8.45155312498701,5.35190809726147,1.878840371599197,0.7305520047379299,0.6332455133528722,0.22230711252875013,0.08643997072893661,0.3510599093733663,0.13650309225447047,0.3888313322308015,1.75634765625,0.5899507188944773,2.552032
10.59814564849536,0.296126794848013,26.997120906421095,0.45682653032322934,0.027941378111750594,2.5473438280454217,0.04310438311329359,91.16743697670911,1.542672052212281,0.016921305494267576,-0.24365234375,3.2566173855611433,3.252032
1.4344939828683785,3.2530416813729195,0.299257140054126,1.3218707514245764,2.2677276588279707,0.2086151239587209,0.9214892270104867,0.09199302356551024,0.40634915900207336,4.417173642658927,3.75634765625,-3.5581974292536707,0.592032
0.40237465274715706,0.7336545642197085,2.861050325650848,3.7011493264259636,1.8233120779621275,7.110413904348657,9.198266593476703,3.899724018883151,5.044811968644109,1.293633073575525,-3.86865234375,-0.8915307625870046,1.292032
5.079926607467138,1.236306166179235,4.865573044132887,1.0640326239860272,0.2433708716110093,0.9578038070433602,0.20945826705881404,3.935572900335672,0.8606546283550346,0.21868598299414754,0.13134765625,1.7751359040796624,1.992032
0.1398014356081703,2.8707658944480863,1.7360883708482122,8.772183329458679,20.534595241884006,12.41824422829283,62.74744813096908,0.6047474557941899,3.0556944216258213,5.052843781893888,-1.86865234375,-2.6693085403647814,2.692032
17.314385127669713,14.083780318956324,0.877280403991167,0.8413174356873725,0.8134149850028093,0.0506677192128068,0.04859066201218332,0.06229012268889023,0.05973662018534795,0.9590063015882017,2.13134765625,-0.0026418736981157487,3.392032
1.377085444101427,0.43565887299368,3.127799414193731,1.4712524965768552,0.31636299320406747,2.2713183322002766,1.068381415894548,7.179469094020048,3.377074559429892,0.4703794271142888,-2.86865234375,2.66402479296855,0.060032
1.5164403734235865,3.282882609479412,0.7213487366831676,2.0941595972871805,2.1648609909190317,0.4756855260023294,1.3809706164438948,0.2197302866085597,0.6379026746921251,2.9031167461612704,1.13134765625,-1.7804196514758934,0.760032
2.371413086227602,1.1150547428358548,4.201720785454687,2.34623182668052,0.47020687762572083,1.771821539594649,0.9893813272376177,3.7681744438561746,2.104140484361766,0.5583978437602497,-0.86865234375,0.8862470151907731,1.4600320000000002
6.39690642787788,1.5238777827035774,2.015435088479552,0.14792457818671012,0.23822105261106832,0.3150640252757544,0.02312439299440915,1.3225700324233887,0.09707115614237168,0.07339585334812479,3.13134765625,3.552913681857439,2.160032
0.0852832823193028,1.5725049056919813,1.963081705731404,8.880162388898965,18.43860675770525,23.018364823032677,104.12547626452051,1.2483787482160822,5.647144474243307,4.523582672576737,-3.36865234375,-3.2619011329573744,2.860032
1.741879823819018,2.223636825167569,1.285228800279272,1.7115663324455974,1.2765730418142816,0.7378401096933583,0.9825972544380477,0.5779850314281514,0.7697148711847841,1.3317211161729998,0.63134765625,-0.5952344662907083,0.20003200000000002
2.0886235277053484,0.5772519442700107,3.7863069501964515,1.4754755322318256,0.2763791255881353,1.8128240441475112,0.7064344113047727,6.559193066009664,2.5560338893231496,0.3896872471354365,-1.36865234375,2.071432200375958,0.9000320000000002
1.9071206339472664,4.660185733211646,0.2666355265533947,1.6341363383231124,2.4435715550757893,0.13981051948534862,0.8568604991394048,0.057215643714191244,0.3506590577875787,6.128726953404955,2.63134765625,-2.3730122440684855,1.6000320000000001
0.9550350205372168,0.6206836329214418,6.323609673748856,5.057874461850317,0.6499066731315267,6.621338000979024,5.29600941649785,10.188136658259873,8.148876808695354,0.7998397628568105,-2.36865234375,0.29365442259817964,2.3000320000000003
12.728707759998088,1.428327989655234,5.908864748084428,0.10810075875334575,0.11221311829814913,0.46421560298948333,0.008492673474134502,4.136910283128102,0.07568342813154479,0.01829467475768345,1.63134765625,2.9603210892648457,3.000032
1.0420738382138293,2.1520031407932,1.316146793325358,2.5787931629308343,2.0651157930246566,1.2630072314081933,2.474674124197403,0.6115914834772238,1.1983222115467385,1.9593507168112239,-0.36865234375,-1.4841233551795971,0.340032
3.6672214592210315,2.4801591288166414,0.9120565629088787,0.40642776740200504,0.6763047054549745,0.24870506814241103,0.1108271676312496,0.3677411470545635,0.16387164947594468,0.44561684431693543,3.63134765625,1.182543311487069,1.0400320000000003
1.5933557558117057,0.19277147983753112,6.1725102813546995,1.4151055645462487,0.12098458183892978,3.8739059113702,0.8881290693460666,32.01983139081012,7.340845055186107,0.22925932886995068,-3.61865234375,3.849209978153735,1.7400320000000002
0.5520945413982052,4.955271351976833,0.3470435671406696,4.828915101325893,8.975403631826131,0.6285944546051216,8.746536578855569,0.07003522965542978,0.9745006394855585,13.9144348391525,0.38134765625,-3.7557282934512015,2.440032
0.384002325531803,3.14985745943727,6.361866742099926,15.64140469607788,8.202704124447806,16.567260975019895,40.73257804992762,2.0197316304073296,4.965750005358101,2.458618724685038,-1.61865234375,-1.0890616267845354,3.1400319999999997
3.2655203043843137,1.8817020337032562,1.3809243056403324,0.5431348302644913,0.5762334508154391,0.42288033052077256,0.16632413203349986,0.7338698055837377,0.28864018879523806,0.3933125284608851,2.38134765625,1.5776050398821306,0.480032
0.29400116093718454,1.6190654901233665,1.5239533878712295,4.063916713246096,5.507003730741361,5.183494456325746,13.822791380454381,0.9412549382144574,2.510038499391671,2.6666935784190056,-2.61865234375,-2.8668394045623122,1.1800320000000002
4.192346983175201,4.620731182187281,1.3359750597977906,1.5923036934925372,1.1021824292529407,0.3186699634260591,0.3798120002668666,0.28912633241853947,0.3445999411588363,1.1918663314968947,1.38134765625,-0.2001727378956466,1.880032
5.460129371879039,0.43300586807704705,9.143826322095624,1.0929756873173486,0.07930322499447173,1.6746537855290569,0.20017395429244453,21.11709562436834,2.5241590654907005,0.11953154498092604,-0.61865234375,2.466493928771019,2.580032
4.633950401662355,10.760705964929071,0.0607941431630184,1.3088861148507154,2.322145260999954,0.013119290862761387,0.2824557885602689,0.0056496426313623485,0.12163571043726987,21.529806108804934,3.38134765625,-1.9779505156734243,3.280032
0.8869329375561776,0.5708275447525355,3.202402588758974,2.4965510260508132,0.6435971882218883,3.6106479454723557,2.8148137478462782,5.610105220390645,4.373564396113918,0.7795868748089855,-3.11865234375,0.6887161509932422,0.6200319999999999
3.975627254707197,0.8762606551397135,3.0066753918791744,0.4384467104906033,0.22040815172051376,0.7562769845485966,0.11028365649004855,3.4312568688819898,0.5003610602837075,0.14582442510249627,0.88134765625,3.3553828176599083,1.320032
0.2961293423652648,3.139046588479233,0.8794686567317541,5.176510981072227,10.600255156773128,2.9698801534059447,17.48057433189849,0.2801706288653168,1.649071090588713,5.885952775518992,-1.11865234375,-3.4594319971549052,2.020032
5.513603606961257,7.627067372462172,0.29245271724560223,0.9344129666090285,1.3833180468092663,0.0530420280624387,0.16947409230313107,0.038344058464923794,0.12251274585337524,3.195090732647586,2.88134765625,-0.7927653304882392,2.7200320000000002
3.5516866898295327,0.05842216810994352,44.029051346145614,4.35208691746704,0.016449133387029576,12.396659725708757,1.2253577799892938,753.6360386914812,74.4937591031701,0.09884580258729626,-2.11865234375,1.8739013361784274,3.420032
1.3225013168433657,2.9026955532232814,0.5239271272390794,1.6789591504231018,2.1948526751955373,0.3961637849175256,1.2695330651394388,0.18049675470005375,0.5784137949151131,3.204566175587537,1.88134765625,-2.5705431082660164,0.088032
1.99941249894156,1.84935135940714,2.219538510049404,2.0285052766743923,0.9249473834869699,1.1100953461201095,1.0145506631314114,1.2001713458933718,1.0968739208782288,0.9139311021142138,-0.11865234375,0.09612355840064968,0.788032
4.563242183578508,1.8779965912411727,1.246116860562929,0.22701571205296286,0.4115487444430228,0.2730770821341155,0.04974877574324501,0.6635352089427208,0.12088185522367088,0.18217850928556517,3.88134765625,2.762790225067315,1.4880320000000002
0.20617041731170876,0.896745396618862,3.056491096844811,5.556856813911959,4.349534760183727,14.82507110718851,26.952735927727957,3.408426860476979,6.196693994598507,1.8180510388688038,-3.93115234375,-1.681654219377128,2.188032
10.548436359061233,3.0602885407693607,10.192518975512245,2.7725903258594355,0.2901177422510149,0.9662587542424474,0.26284372692619484,3.330574499667875,0.9059898401483419,0.2720220911553509,0.06884765625,0.9850124472895381,2.888032
1.845069553096934,0.4290621160898503,3.167071547013145,1.0524023521492927,0.2325452259345308,1.7165052350992631,0.5703862764321508,7.381382387882331,2.452797188761611,0.332295098650932,-1.93115234375,3.651679113956204,0.228032
1.256084648244705,3.65438534652903,0.34988825162127996,1.9194296679054774,2.909346397661807,0.2785546755230434,1.5281053475080306,0.0957447610043662,0.5252400844176354,5.485836289190623,2.06884765625,-3.163135700858609,0.9280320000000002
0.5253318936795801,0.8099061230214424,3.556385196027541,4.241079017261082,1.5417036977302485,6.769787326479583,8.073142080819249,4.391107925891536,5.236506919393668,1.1925252140848914,-2.93115234375,-0.4964690341919429,1.6280320000000001
7.362199780732401,1.615594979292119,4.011597836188024,0.3978023508892841,0.21944459908848024,0.5448911949777252,0.05403308287427515,2.483046733622387,0.24622653325128754,0.09916306846632746,1.06884765625,2.170197632474723,2.3280320000000003
0.2729661576438203,5.508901883216878,1.6049322023521466,11.982160912028373,20.181629586496815,5.879601398962948,43.89614088228214,0.29133432331435166,2.1750543331571355,7.46583618577011,-0.93115234375,-2.2742468119697197,3.028032
2.8306604131447677,2.4635946502296644,0.8581248044002929,0.6679110272815647,0.8703250445689084,0.3031535681268618,0.23595590067250002,0.3483222389366269,0.27111238742919813,0.7783378639757877,3.06884765625,0.3924198546969455,0.368032
1.3869907369349763,0.2747859964834471,4.170558271732358,1.576026305539392,0.19811667747016062,3.006911409479643,1.1362918753315927,15.17747747376053,5.7354680577193475,0.3778933665119958,-3.43115234375,3.0590865213636116,1.0680320000000003
1.8453971177103685,4.688520970338322,1.048220001381232,3.4098618425523055,2.540656927087591,0.5680186618486678,1.8477658872595446,0.22357157150682272,0.7272787866631321,3.2530020778645277,0.56884765625,-1.3853579230808317,1.7680319999999998
2.926294830021466,0.5207761441748652,9.004037879506983,3.328809593709462,0.1779643455034382,3.0769414575498986,1.1375509943695739,17.28965118740851,6.392016283663947,0.3697018646807083,-1.43115234375,1.2813087435858348,2.468032
14.03551195475957,1.3810913508181362,8.013485593180855,0.06084366369182328,0.09839978443748862,0.5709435907297566,0.004334980005570131,5.802284974439812,0.044054771363082154,0.007592659022635384,2.56884765625,3.947975410252501,3.1680319999999997
0.3489807116856063,1.704532614681287,1.0933777969628864,3.257719576066429,4.8843175499535505,3.133060826433012,9.33495596456139,0.6414531394386525,1.9112098812351306,2.9795003932908735,-2.43115234375,-3.920337346949144,0.5080319999999999
2.203330786838497,3.9274266824246538,0.7014286732723458,1.8092354972749627,1.7824952593977132,0.31834923628458345,0.8211365756255731,0.17859752198844578,0.46066690573024394,2.579357768245219,1.56884765625,-1.2536706802824775,1.2080320000000002
3.8832365128875206,1.0885950415139942,5.287902065552183,1.7628276997079966,0.2803318927140315,1.3617254699792087,0.45395836536291284,4.857547447761552,1.6193603980193538,0.33336995993020824,-0.43115234375,1.412995986384188,1.908032
2.190236332924911,6.0832603460167665,0.1045463334160854,1.530432559253312,2.777444723461869,0.047732900712349584,0.6987522470735037,0.017185904838766416,0.2515809733928974,14.638797069643008,3.56884765625,-3.0314484580602548,2.608032
0.2335082954352292,0.41376188303538824,11.907742862207929,10.772103959558248,1.7719365483962344,50.994945768472334,46.131568642906,28.779216622980915,26.03454885823045,0.9046302128127152,-3.68115234375,-0.3647817913935887,3.308032
2.990168894258508,1.0113326503873847,2.7680027193492935,0.8175939518323835,0.3382192398326623,0.9257011283423486,0.2734273483354952,2.736985420463808,0.8084322715371735,0.2953732473299682,0.31884765625,2.3018848752730765,0.6480319999999999
0.4380818557417521,2.0418112573094183,1.6695347806803333,4.385881405138535,4.6607985027187695,3.8110110217952484,10.011556853256206,0.8176734135947269,2.1480346870640714,2.627008107822284,-1.68115234375,-2.1425595691713664,1.3480320000000001
5.603423998661048,4.115580363884341,1.1449102527383002,0.5932152838452847,0.7344759855523638,0.204323330344425,0.10586657086578401,0.2781892592318908,0.1441389139308168,0.5181325631650884,2.31884765625,0.5241070974952997,2.048032
2.4735838205521947,0.09573853551985587,14.950348419118807,1.6629355376152977,0.03870438297841207,6.044003156432896,0.6722778196552359,156.15810642954898,17.369552694592976,0.11123055403101523,-2.68115234375,3.190773764161966,2.7480320000000003
0.8809656361089779,10.61110581778324,0.07927391176569559,6.810961946711555,12.044857804726695,0.08998524859134141,7.731245882409221,0.007470843579077289,0.6418710795718395,85.91681418273194,1.31884765625,-3.6240410506528478,3.448032
1.104220413517691,1.7416932387099906,1.6105688238000189,2.379146042510558,1.577305778256278,1.4585573714121667,2.1545934248139504,0.9247144032050726,1.3659960259550104,1.4772085534954897,-0.68115234375,-0.9573743839861812,0.116032
3.601265557552643,2.0918215415869654,1.1322189557946503,0.3926909869719112,0.5808573425528027,0.314394741987338,0.10904249650469462,0.5412598222579205,0.187726810898981,0.3468330793810992,3.31884765625,1.7092922826804848,0.816032
0.23421202628739674,1.4094913517131076,1.7824083562829232,4.47507319231334,6.018014420760571,7.610234130743426,19.106931711619584,1.264575588999939,3.1749561193648326,2.510689077808053,-3.18115234375,-2.735152161763959,1.5160320000000003
5.051877997306573,5.1764813260482745,2.3351239337246947,2.421129453038572,1.0246647541385865,0.46222888497498843,0.4792533498095968,0.4511025514521325,0.46771721958221807,1.0368312439745724,0.81884765625,-0.0684854950972924,2.2160320000000002
5.255546933111518,0.19356632674154686,15.881979455914493,1.4010505060447251,0.03683086255438442,3.0219460805978677,0.2665851002523996,82.04928885756246,7.238090062614208,0.08821636559433843,-1.18115234375,2.5981811715693723,2.916032
1.8027201382388145,3.0408943075982284,0.48994075365709494,1.236922936892758,1.6868365993675873,0.27177859905406476,0.6861425191051465,0.16111732408222432,0.4067628834721682,2.524637780506965,2.81884765625,-1.84626327287507,0.25603200000000004
1.2344210371075817,0.6615623470249611,3.647110184205661,2.524039892740932,0.5359292552037939,2.954510717632731,2.044715552365427,5.512874486594766,3.815271386123338,0.6920657082617498,-2.18115234375,0.8204033937915955,0.9560320000000002
4.874581416442115,1.1152669590709996,2.573644599194305,0.2655336591501818,0.2287923544182008,0.5279724307226303,0.05447312014412735,2.307648925005464,0.23808977482070057,0.1031741753439106,1.81884765625,3.4870700604582616,1.6560320000000002
0.4577789228808047,4.6260717467179155,0.5616519447857865,5.442806462708827,10.105471255876148,1.226906519092903,11.889596026958216,0.12141012408297921,1.1765503780978677,9.690710613999045,-0.18115234375,-3.3277447543565515,2.3560320000000003
7.101397678789523,7.969604355329727,0.20978313264141965,0.5236786722897439,1.1222585631464306,0.0295411047416765,0.07374304270465926,0.026322904285847736,0.06570949434140104,2.496285881977284,3.81884765625,-0.661078087689885,3.056032
1.0371623507603214,0.39422689504473846,3.2683133370997033,1.883530189352119,0.38010143229335236,3.1512070744794904,1.8160418067348314,8.290437253726187,4.777782066691234,0.5763003711949972,-3.80615234375,2.0055885789767807,0.396032
0.9182763472469099,3.295084338514419,0.7892472879038291,3.1723601061550917,3.588336287211831,0.8594877677837139,3.454689991380225,0.2395226363946907,0.9627553592711204,4.019475460702056,0.19384765625,-2.438855865467662,1.0960320000000003
1.2365991665057026,0.9492858020228434,4.738703144897208,4.032125408299555,0.7676584520958964,3.8320445891027983,3.260656741095224,4.991861391795236,4.247535778695367,0.8508921713404817,-1.80615234375,0.227810801199003,1.7960319999999999
8.27318222026246,1.6439275555855628,2.798538190496052,0.1384475603121587,0.1987055901608572,0.33826623371620496,0.016734499087071555,1.702348854113112,0.08421755559833295,0.049471385018911726,2.19384765625,2.894477467865669,2.496032
0.09428954529043854,1.452988410821596,5.3556782881735066,13.553138168326264,15.40985701379702,56.800340606972895,143.73956440853283,3.685974539291146,9.327767563309473,2.5306109588872276,-2.80615234375,-1.5499669765787738,3.1960319999999998
2.9727053059331316,1.7995844060149815,1.8169554234417613,0.8948881749479648,0.6053692582386979,0.6112127629386457,0.3010349438815495,1.0096527939277082,0.49727491078321495,0.49252070986575225,1.19384765625,1.1166996900878923,0.536032
2.84722451937368,0.43470112963237834,3.86992824787339,0.752733297525331,0.15267539552096931,1.3591932148451293,0.2643744082714327,8.902503315659988,1.7316110914225338,0.1945083343441766,-0.80615234375,3.7833663567545583,1.236032
1.4076409233831508,4.52736775357611,0.16911020895401804,1.761188452860084,3.2162802873725416,0.12013732063683923,1.2511631507751355,0.03735287658495161,0.3890093645405642,10.41444194146174,3.19384765625,-3.8215719148503786,1.936032
0.20744183345088216,0.902317661304321,4.522251641606619,7.443861609976703,4.349738171389479,21.80009483322173,35.8840909094609,5.011817717354218,8.249712855244825,1.6460520554606122,-3.30615234375,-1.154905248183712,2.636032
23.42332976402377,3.440577131519336,13.125707605977132,0.7294488690990376,0.14688676486994467,0.5603689884491613,0.031141980087707626,3.814972635181385,0.21201352017849337,0.055574060538028755,0.69384765625,1.511761418482953,3.336032
0.4928878903697478,2.114682247736417,1.1013579131378533,3.3628674495827515,4.290391971590242,2.2344998419653845,6.822783670055359,0.5208148478650922,1.5902471651154246,3.0533829279908504,-1.30615234375,-2.9326830259614898,0.676032
3.4278829154800414,3.7232136064071875,0.6858414744430561,0.8378049343362406,1.086155419601252,0.20007727549440257,0.24440885380092225,0.18420685648086596,0.2250219898462131,1.2215722809947995,2.69384765625,-0.26601635929482326,1.3760320000000001
2.0583363878924827,0.21482700887555686,6.989077103639975,1.9141915201336706,0.10436924214098788,3.395498007396179,0.9299702086565155,32.533512151112,8.910385757139629,0.2738833027234372,-2.30615234375,2.4006503073718424,2.076032
2.5031851224574755,9.119055383602033,0.19009531004829563,3.2645461080729397,3.642980817435307,0.07594137099283794,1.3041568834781208,0.020845943143423244,0.3579916965898985,17.173206994131252,1.69384765625,-2.0437941370726005,2.7760320000000003
19.97527313720806,5.931714051593801,36.23511001626271,11.130445713794504,0.2969528381839627,1.813998225073947,0.5572111899216917,6.108708157724942,1.8764299183983506,0.3071729521118893,-0.30615234375,0.6228725295940656,3.476032
3.007461395685352,1.4265823081357825,1.306745095512219,0.36906905877535223,0.4743476708237803,0.43450103711619975,0.12271780422679286,0.9159969866861989,0.2587085628852648,0.28243385802085924,3.69384765625,3.2895391962607317,0.009632
0.2945886441259928,1.3439280049845896,1.407244117594116,3.4388456332578663,4.562049596215272,4.776980191375778,11.67338151631909,1.047112726555804,2.5588019748850295,2.443673837583391,-3.55615234375,-3.5252756185540823,0.7096319999999999
2.0539022832089335,3.5182671718695664,1.450990966862905,2.743848114423964,1.7129671652990075,0.706455695933078,1.3359195015534464,0.4124163674846403,0.7798862281871319,1.8910166755595061,0.44384765625,-0.8586089518874158,1.4096320000000002
2.6337935288993566,0.3888790127034891,6.870959971281004,2.191541890344501,0.14764977149366712,2.6087694027224404,0.8320856841273852,17.668631494186457,5.635536551867094,0.318957161663673,-1.55615234375,1.8080577147792507,2.1096320000000004
2.2034654810279135,7.960530086280056,0.09549978175180109,2.3918752537087524,3.6127319237905557,0.043340720594021095,1.0855061149371608,0.011996661116373972,0.30046683170397664,25.045871412828046,2.44384765625,-2.636386729665193,2.809632
0.8659238630747085,0.8331133905965071,2.5644981012563393,2.474221226226911,0.9621092871124969,2.9615745801834823,2.857319600179958,3.0782101574674785,2.9698493076139063,0.9647974490660758,-2.55615234375,0.030279937001472135,0.149632
3.638967402222526,1.2367487556510175,2.2683979870386546,0.4773398408110361,0.33986255411237376,0.6233630962600032,0.13117453058785228,1.8341623362657704,0.38596346964567363,0.21043037577113755,1.44384765625,2.696946603668138,0.8496319999999999
0.8526725762252364,3.1245778314784536,1.4647193107574492,4.323802870495243,3.664452122186096,1.717798075835546,5.07088299900136,0.4687735078963897,1.383803862056255,2.9519668640534804,-0.55615234375,-1.7474978407763047,1.5496320000000001
6.095239454903074,3.800046008108905,0.8269204889209042,0.29074897310870945,0.6234449091334892,0.13566661245042977,0.04770099275998549,0.21760802031247553,0.07651196129948985,0.3516045097493284,3.44384765625,0.9191688258903614,2.2496320000000005
2.397953096655866,0.07486696725283437,23.07767513148605,1.5783508069112553,0.031221197511011465,9.62390597366966,0.6582075392185066,308.2490980775284,21.082072171842928,0.06839297277210696,-3.05615234375,3.5858354925570275,2.9496320000000003
0.9403602134316784,2.855407933293152,0.5585477030010381,2.227053080793907,3.0365044081063846,0.5939720705140394,2.368297859675145,0.1956104752979596,0.7799421773775905,3.9872209102787552,0.94384765625,-3.2289793222577856,0.289632
1.164981415338964,1.7007944396206807,2.4278329470922815,3.169717172107747,1.459932679806584,2.08401002378727,2.720830676243435,1.4274699461233824,1.8636685882008603,1.3055746590406851,-1.05615234375,-0.5623126555911195,0.9896320000000002
5.111947268392625,2.167376329170137,1.46023673736944,0.2554691221624966,0.42398252864835123,0.285651760611488,0.04997491342331962,0.6737347445002999,0.11787021880981452,0.1749504827708378,2.94384765625,2.1043540110755465,1.6896320000000002
0.18664122004436415,2.3264284297748064,2.0348777086949656,7.271913562368119,12.464708649149529,10.902616840006083,38.96199114343339,0.8746788350123188,3.1257843436309907,3.573636652116966,-2.05615234375,-2.340090433368897,2.389632
13.534333128040737,9.199085491421968,1.499109141284027,0.7276534261126831,0.6796851684079723,0.1107634286153441,0.05376352268181683,0.16296284480472842,0.0791006265558909,0.4853905603493476,1.94384765625,0.32657623329776797,3.089632
2.6818571241288787,0.756464028536509,2.849058545698378,0.7747997331959555,0.2820672368153183,1.0623453874798827,0.2889041799524,3.766284235894602,1.0242387000144868,0.2719493898662697,-0.05615234375,2.993242899964434,0.429632
2.4463952699866645,3.6315104533791818,0.3571702848300759,0.8775691942015246,1.4844332385416104,0.14599860014936297,0.358719298131372,0.0983530928563686,0.2416540460140853,2.457005051859308,3.94384765625,-1.4512015444800084,1.1296320000000002
0.7938806361445359,0.289682008204793,5.152581839573558,2.9735689024195797,0.3648936565723878,6.490373495689428,3.7456120820135546,17.787027477146246,10.26494161942357,0.5771027021019972,-3.96240234375,1.2154651221866573,1.829632
5.9941355146658,0.4287686647272763,7.758290882835328,0.40167098330614537,0.07153135988971417,1.2943135609552345,0.06701066105752537,18.094351385892637,0.9368011619077462,0.051773127531840046,0.03759765625,3.8821317888533233,2.5296320000000003
0.07420368845367674,2.883140238412735,1.0775383862232357,12.406803081426489,38.85440600722426,14.521358825658812,167.19927728621877,0.3737377640764559,4.303225669056198,11.514024224150607,-1.96240234375,-3.722806482751613,3.229632
2.1296716353023246,3.1058645136527474,0.6995856551826163,1.32418663132647,1.4583771799223142,0.3284946108996302,0.62177971917182,0.2252466751551397,0.426350417252786,1.8928155852206705,2.03759765625,-1.0561398160849467,0.5696319999999999
1.2075640692945677,0.3643728944176915,4.3046173612134675,2.299101274158589,0.3017420803440683,3.5647113645308526,1.9039165975695793,11.813769430057977,6.309748363233245,0.5341011944231147,-2.96240234375,1.610526850581719,1.269632
1.104472675554817,5.173603410775789,0.36207032871986844,3.4118310474345153,4.68422942937624,0.3278218979369383,3.0891040792119435,0.06998416770132279,0.6594689960827333,9.423116938351024,1.03759765625,-2.833917593862724,1.969632
2.2987140352034876,2.835562696040719,7.45516944226641,8.294723754237378,1.2335430386797583,3.243191335718477,3.6084191540176103,2.6291675555881806,2.925247876133811,1.1126137130044542,-0.96240234375,-0.16725092719605783,2.6696320000000004
20.366064756481318,3.3532947214857542,3.3241784494838273,0.038249071277366924,0.16465108805168646,0.16322144161040916,0.001878078643798601,0.9913171151299739,0.011406415019918022,0.011506323098661016,3.03759765625,2.4994157394706074,3.369632
0.45243896267429057,1.0564327690508195,1.8050639695460347,2.9288879222778723,2.3349730156006534,3.989629803049245,6.473553703168509,1.7086406465485189,2.7724319124532744,1.622595083438774,-3.46240234375,-1.9450287049738355,0.037632000000000006
2.7086117221852817,1.8214254575387716,2.131933309505104,1.3113820869661925,0.6724572010894434,0.787094470589192,0.484152850785192,1.1704751905608648,0.7199757099794889,0.6151140287172538,0.53759765625,0.7216379616928306,0.737632
2.5433863259782017,0.3385506034260496,4.55140077554566,1.0183479834440583,0.13311017676240788,1.789504303399588,0.4003906024981854,13.443782789002864,3.0079638705074663,0.22374386121203982,-1.46240234375,3.3883046283594966,1.4376320000000002
1.4141406964925354,5.1996982093925785,0.16193936488740016,2.1350526236115708,3.6769313140405937,0.1145143232841365,1.5097879785986634,0.031143993048457646,0.41061087348394104,13.184271934721481,2.53759765625,-3.4265101864553165,2.1376320000000004
0.33346237610299195,1.1710202509174548,6.283048610660461,9.44282211707717,3.511701273776619,18.8418516178266,28.317503843854023,5.365448296677965,8.063756463373744,1.5029045137507795,-2.46240234375,-0.7598435197886504,2.837632
2.9280917663896306,1.4670943731104515,1.7839962971712024,0.6595525341867374,0.5010411182978035,0.6092692577633554,0.2252499534876166,1.2160065022871522,0.44956380876057145,0.3697051026577568,1.53759765625,1.9068231468780157,0.17763199999999998
0.7011899162985431,2.66604685013909,0.9786969240693102,3.2830091528327454,3.802175114286693,1.3957658279452694,4.68205414328142,0.36709667124501233,1.2314146514947657,3.354469675027043,-0.46240234375,-2.537621297566428,0.8776320000000001
3.8740346720735506,3.578224467344911,0.6142170331521558,0.5315559620745058,0.9236428607980657,0.15854711822271852,0.13720991345438685,0.17165413706086272,0.1485529951867238,0.8654204188160752,3.53759765625,0.129045369100238,1.5776320000000001
1.3817119161321674,0.14532159437137887,8.579132757326942,2.085138668017163,0.10517503154939728,6.209060410611895,1.509097984661015,59.035498436676974,14.348443375101256,0.24304772137211264,-3.71240234375,2.795712035766903,2.2776320000000005
1.8797660782996723,10.791667827613846,1.1006897015828143,9.018960433530355,5.740963172064135,0.5855461029376775,4.797916367172869,0.10199440152951673,0.8357336954397848,8.193917341609453,0.28759765625,-1.6487324086775392,2.9776320000000003
1.4034698825327916,0.7871020463714019,2.963579301195087,1.943273352891025,0.560825747789434,2.111608762025461,1.3846206299661161,3.7651779903983282,2.4688963290715065,0.6557183579016713,-1.71240234375,1.0179342579891264,0.317632
3.858177788178523,1.1567153647449469,1.9846355161810836,0.30517651701393,0.29980872532342306,0.5143971131299384,0.07909861436375287,1.7157509761432894,0.2638302613722268,0.15376955341460538,2.28759765625,3.6846009246557925,1.0176320000000003
0.21210055004388664,1.757850817410683,1.5149751865464187,4.8555779884322705,8.287818287349838,7.142721630061538,22.89281186412568,0.8618337640152989,2.7622241548259163,3.205054466602312,-2.71240234375,-3.1302138901590206,1.7176320000000003
5.24231093889821,7.175342367577703,1.280731886801688,2.3094064486929815,1.3687365078512044,0.2443067383314853,0.4405321385187342,0.17849070067914338,0.3218531368103353,1.8031927466568782,1.28759765625,-0.4635472234923541,2.4176320000000002
8.22129745923697,0.35477796244929477,19.90556590383525,1.4958020432835193,0.04315352463627101,2.4212195219223602,0.18194233339689267,56.10710926465782,4.216163915472345,0.07514491426718592,-0.71240234375,2.2031194431743115,3.117632
1.7730783216107486,3.222960782948903,0.39277273962168163,1.2022491913162359,1.8177204828836961,0.22152024241369564,0.6780575774137577,0.121867055193364,0.37302631719155366,3.0609282927176698,3.28759765625,-2.2413250012701313,0.4576319999999999
0.7706420788538294,0.5482677929607688,3.617573733724302,3.0182635168337,0.7114428448757998,4.6942333321646466,3.9165568551911183,6.598187564855112,5.505089949811572,0.8343336553713833,-3.21240234375,0.42534166539653384,1.1576320000000002
5.008054394251053,0.8980785801639117,3.688996076114779,0.4050928313651626,0.17932684221538256,0.7366126215301347,0.08088826507758881,4.107654004443003,0.45106613197614354,0.10981113099794976,0.78759765625,3.0920083320632,1.857632
0.5840615827728847,3.4714248528751694,3.2334281875098987,8.868816002738736,5.9435938867854805,5.53610831953526,15.184727542998525,0.9314412163731118,2.554805700429677,2.7428523190950207,-1.21240234375,-1.352436112381243,2.5576320000000003
17.290302234425607,5.843963090592129,1.5301445104756664,0.10651220302722807,0.33799080035492907,0.08849726799044,0.0061602279464588235,0.2618333632084297,0.018226022542595477,0.069609244289036,2.78759765625,1.3142305542854231,3.257632
1.892664293750877,0.36075882712911755,3.477963737064667,1.0418136021700857,0.190608988778547,1.8376020240610382,0.5504481727741702,9.640689223717553,2.8878395310815637,0.29954699960424425,-2.21240234375,3.980897220952089,0.5976319999999999
0.9706823909946967,3.8085511267221515,0.2963560174734391,2.3020990952567617,3.9235811446207225,0.3053068853652031,2.3716296047131435,0.07781332260294466,0.6044553476266642,7.76801873261469,1.78759765625,-3.975207031448458,1.2976320000000001
1.3690452656119954,4.264971084579599,1.779826038213417,5.053946668127987,3.1152885822756615,1.3000490801286932,3.6915847817995666,0.41731256857720417,1.1849896676676197,2.839573396286033,-0.21240234375,-1.3085403647817917,1.997632
8.455667758785346,4.022819239128505,0.8576380205138608,0.16715295708479605,0.475754175055996,0.10142759211687147,0.01976815573330988,0.21319327803047342,0.04155119759271304,0.19489919183462154,3.78759765625,1.3581263018848748,2.6976320000000005
0.047467425822049734,1.143947678217528,2.731110403877529,15.180593101591107,24.099635874632526,57.53651807696856,319.81075102959056,2.387443460817264,13.270356145348487,5.558395984299377,-3.83740234375,-3.086318142559569,3.397632
1.5909182174666185,1.89050848925072,1.508673252457154,1.7972588419433313,1.1883128048286289,0.9483034614183804,1.1296990770558213,0.7980251138967898,0.9506748328094802,1.1912843546580827,0.16259765625,-0.41965147589290286,0.06563200000000001
1.80350502781286,0.4860411843021764,3.7178181857888033,1.5138771297579383,0.26949810330809365,2.061440433186628,0.8394083223565181,7.649183455773576,3.1147095732874077,0.40719504131338835,-1.83740234375,2.247015190773763,0.765632
1.8383369323838012,4.525229997564189,0.3475134953245044,1.82677747557722,2.4615890144230796,0.18903688937689891,0.9937120031682156,0.07679465916905033,0.40368721071868735,5.256709452021122,2.16259765625,-2.1974292536706805,1.4656320000000003
0.8308550394498742,0.4595744816167773,5.840660151515532,4.32510094116444,0.5531343733812709,7.029698171395519,5.205602344336957,12.708843474007006,9.411098993026743,0.7405157685886182,-2.83740234375,0.4692374129959864,2.1656320000000004
10.456756379371834,1.0188421870122826,6.6780907241138285,0.17502258885094224,0.09743386477112201,0.6386388361583881,0.01673775141172949,6.554587952131316,0.17178576926048733,0.02620847725517647,1.16259765625,3.1359040796626525,2.865632
0.546342741351955,2.1813039925064617,0.827049530666151,2.8199722640923,3.9925560045123065,1.513792475067156,5.16154430296653,0.3791537234183561,1.2927919601210496,3.4096776063955203,-0.83740234375,-3.678910735152162,0.20563199999999998
2.5270096335693415,3.441934321784869,0.4941613008790369,0.9516479420052386,1.3620582510099963,0.19555180728814467,0.3765905477222334,0.14357081067798583,0.2764863745313265,1.9257840310692143,3.16259765625,-1.0122440684854954,0.9056320000000001
1.1009422321320708,0.290563477535082,4.929815199895528,2.4887400055111457,0.26392254657392916,4.477814599180658,2.260554580317519,16.96639660881094,8.565219643651398,0.5048343405578137,-3.33740234375,1.6544225981811715,1.6056320000000002
0.9525046846592473,5.837764043883608,0.4033855761588322,4.400166676813745,6.128855991896809,0.4234998343374457,4.619574840608661,0.06909932863447449,0.7537417825963565,10.908091257782576,0.66259765625,-2.790021846263273,2.3056320000000006
1.8400861214423947,2.2210221721447434,11.292241694225961,11.62818211818238,1.2070207727036946,6.1368006435341576,6.3193684157931465,5.084254374336812,5.235509246156492,1.0297496664571213,-1.33740234375,-0.12335517959660658,3.0056320000000003
3.2586452722543915,1.5230900494654123,1.4988210534538728,0.42119886347407615,0.4673997696017125,0.4599521973795449,0.12925581899335822,0.9840659480245061,0.2765423250069241,0.2810201141113333,2.66259765625,2.543311487070059,0.34563200000000005
0.42242687239899296,1.4807872870881136,1.927125459942902,3.92705609147728,3.505428711669347,4.5620333029445215,9.296416369477734,1.3014195061955778,2.6520055417274815,2.037779155070492,-2.33740234375,-1.9011329573743843,1.0456320000000003
5.011327778314848,3.1863438337018093,1.76824579173499,0.7747494529498156,0.6358282624197608,0.35284975758053405,0.15459963650797945,0.5549450668293664,0.2431468458473712,0.4381457920449153,1.66259765625,0.7655337092922823,1.7456320000000003
5.274044797424206,0.3892805704596764,7.508225887502334,0.5777525408220311,0.07381063024906376,1.4236181480994021,0.10954638479828614,19.287440620620632,1.4841545781229213,0.07694927529867175,-0.33740234375,3.4322003759589483,2.4456320000000003
2.287866295949547,8.083458748566995,0.05773326991054008,1.7371177025300102,3.5331866914067502,0.02523454714672419,0.7592741348589358,0.007142149382623472,0.21489782487452658,30.088676862089066,3.66259765625,-3.3826144388558657,3.145632
0.539152013035769,0.7858304462268612,2.4770645193539895,2.9712495435560142,1.4575303944468938,4.594371270926987,5.5109680975240884,3.1521615524666076,3.7810313380225598,1.1995043004898824,-3.58740234375,-0.7159477721891991,0.48563199999999995
3.634091270323781,1.1996189376383781,3.1316219130992664,0.8567490353762612,0.33010148848889465,0.8617345245762783,0.23575330712591838,2.6105139014096537,0.7141843201165985,0.2735799720242614,0.41259765625,1.9507188944774674,1.1856320000000002
0.3160056164897325,2.532076181698399,1.5282074790181321,5.4595872271694885,8.012756892821459,4.836013663281792,17.27686769563122,0.6035392971443228,2.1561702079229907,3.572543193334752,-1.58740234375,-2.4937255499669764,1.885632
7.343718040989397,6.169605730335001,0.8731324291494873,0.6397157603803763,0.840120181071629,0.11889514606580032,0.08711061029437199,0.14152159267754008,0.10368827253174258,0.7326675072686504,2.41259765625,0.1729411166996897,2.5856320000000004
3.0380315997120295,0.04489458452038589,40.68384154865011,2.189428697850442,0.014777523882451184,13.39151362102569,0.7206734446270981,906.2082205076705,48.76821383336911,0.05381568245546092,-2.58740234375,2.8396077833663558,3.285632
1.6713282640993856,3.186450746286144,0.7087829009512006,1.8200016511546284,1.9065379403508143,0.42408359636826726,1.0889552281552284,0.22243648415946726,0.5711689262028818,2.5677843648769607,1.41259765625,-1.604836661078088,0.6256319999999999
2.6352752094258967,1.1677397875037936,3.8444697143314186,1.9170143522406438,0.44311872373974537,1.4588494213357508,0.7274437012816858,3.292231501805302,1.641645144539032,0.4986420741186738,-0.58740234375,1.061830005588579,1.3256320000000001
5.882721749257072,1.4999082425270926,1.8485889076728355,0.15938756982451444,0.2549684153795844,0.3142404122558225,0.027094188135728746,1.232467997214466,0.1062648802809252,0.0862212086002211,3.41259765625,3.728496672255245,2.0256320000000003
0.10247468807261742,1.8193654692616525,1.4108293711330715,7.882151460814035,17.7542913619057,13.767588832603273,76.91803321448948,0.7754513290315573,4.332362900133981,5.586892094884364,-3.08740234375,-3.876441599349693,2.7256320000000005
6.367035144883248,22.364126207018632,0.8431215728990775,9.727575320521089,3.5124866909194234,0.1324198082331361,1.527802988230476,0.03769973237919204,0.43496335293744853,11.537571369539002,0.91259765625,-1.2097749326830263,3.4256320000000002
1.7489840460162802,0.8490455995465788,2.748779698001404,1.499954550259496,0.48545074009135675,1.571643666082828,0.8576147699437242,3.237493603958789,1.7666360335187254,0.5456801617641786,-1.08740234375,1.4568917339836398,0.093632
1.4935913316653362,3.537294545874806,0.3218541379853005,1.5024494191782636,2.3683148602173296,0.2154900950224698,1.0059307303980205,0.0909887864330232,0.42474535261148116,4.668106579530391,2.91259765625,-2.987552710460804,0.7936319999999999
0.8180384789647441,1.0615757531478054,3.557917427780525,4.035590855034481,1.2977088247624562,4.34932771412317,4.93325309115246,3.3515436060314285,3.8015100128917485,1.1342564679900216,-2.08740234375,-0.32088604379413743,1.4936320000000003
6.901869960133668,1.8677996966540478,2.5888184856152914,0.23362708745037047,0.27062226721783583,0.37508943236669645,0.03384982458374887,1.386025755466642,0.12508144629688453,0.09024467676992955,1.91259765625,2.345780622872529,2.1936320000000005
0.8561119936466334,7.9796525463639005,1.0088618425662428,9.16262317311221,9.320804527424436,1.178422741479146,10.702598773419535,0.1264292945970376,1.1482483879937049,9.08213868987773,-0.08740234375,-2.0986638215719147,2.893632
2.774975230417254,2.3554522706576964,0.7646702049715608,0.559754143888067,0.8488192056054938,0.27555929025592873,0.20171500550795926,0.32463837815658536,0.2376418961492142,0.7320203405975326,3.91259765625,0.5680028450947523,0.233632
1.2711697200481449,0.2778398550064324,3.9873979326763074,1.5653305213075022,0.21857022758212755,3.1367943003907355,1.2314095408504666,14.351425329472598,5.633930816985427,0.3925694269136729,-3.89990234375,3.2346695117614184,0.9336320000000001
0.5876070248929441,3.714599464663762,0.5295097758765563,3.7202886670954474,6.321570892282173,0.9011290768231157,6.33125287733455,0.14254828304200126,1.0015315789725934,7.025911204258392,0.10009765625,-3.5801453030533965,1.6336320000000002
0.5255006661002791,1.7136332138623043,4.150036321308008,7.083578604141168,3.260953457165169,7.89729983047457,13.479675785585853,2.421776309969139,4.133660894781394,1.7068714718883635,-1.89990234375,-0.91347863638673,2.3336320000000006
14.55156768056648,3.645425570165305,2.8442208380602487,0.12699569692639887,0.2505177208524238,0.1954580358966193,0.008727286276928137,0.7802164063745443,0.03483700173876821,0.04465043474367117,2.10009765625,1.7531880302799374,3.0336320000000003
0.38899736741094043,1.3566920941361067,1.5223599471136373,3.2430326126675477,3.4876639478716176,3.913548200200034,8.336901183296641,1.1221116078538234,2.3903969269700767,2.130266642140888,-2.89990234375,-2.6912564141645072,0.3736320000000001
2.8897617183483524,2.859965524844964,1.4815787237894709,1.456651648866524,0.9896890482996575,0.5126992701101561,0.5040732734528283,0.5180407634003861,0.5093248978745951,0.9831753287741671,1.10009765625,-0.024589747497841152,1.0736320000000004
3.2839333942848583,0.45434765504964375,5.18139260006225,1.1092468509390767,0.13835471079905595,1.5778007584074651,0.33777994793363864,11.404026283564976,2.4414054713628404,0.2140827643374775,-0.89990234375,2.642076919168825,1.7736319999999999
3.163452557177411,6.58297611211021,0.16567127514781474,1.3032603161271037,2.0809466850306957,0.05237039979370984,0.411974035510726,0.025166622561950614,0.1979743346978873,7.866543641704408,3.10009765625,-1.8023675252756188,2.4736320000000003
0.7406317551680133,0.16561715585720374,17.07779673480941,6.566929227960607,0.22361606115529475,23.05841818912462,8.866659013926414,103.11610923649724,39.65126193582661,0.38453023712217727,-3.39990234375,0.8642991413910481,3.173632
3.000424003565836,0.8078831382407772,2.620128724001338,0.565779356783218,0.2692563241997309,0.8732528205638475,0.188566467976133,3.24320263659278,0.700323264593989,0.21593571018113425,0.60009765625,3.530965808057714,0.5136319999999999
0.3783345484961289,2.356206293924469,1.0308705012283184,3.930132983391456,6.227838042521716,2.724759093046101,10.38798333119099,0.437512837431273,1.6679918874359145,3.8124410182545376,-1.39990234375,-3.2838490067571,1.2136320000000003
3.8449206254394364,4.978124590737021,0.5262881573540731,0.9961090097023362,1.2947275316426254,0.13687880937566133,0.2590714105023926,0.10572016584987784,0.20009724376039778,1.8927064874693347,2.60009765625,-0.6171823400904337,1.913632
2.095605974299988,0.14856217955339615,11.18251203155945,2.619285867127355,0.07089222944357254,5.33617109738143,1.2498942545734513,75.27159378770581,17.630906297964835,0.2342305431673284,-2.39990234375,2.0494843265762333,2.6136320000000004
2.345602776504172,13.177118920293537,0.08262962621837516,5.053572114836276,5.61779643692799,0.035227459246754605,2.1544876078156743,0.006270689876762111,0.38351115637679184,61.159324398740466,1.60009765625,-2.3949601178682114,3.313632
1.860350175961615,1.5535761517576068,2.3979930147324438,2.0047817504218424,0.8350987743232606,1.2890008804352768,1.0776367677045375,1.54353104095961,1.290430306975151,0.8360248499912858,-0.39990234375,0.2717065487984547,0.6536319999999999
4.382169811627567,1.7222919800314875,1.3703673712722155,0.23838522080977081,0.3930226472423753,0.312714347042442,0.054398900785917505,0.7956649552807894,0.13841161868814636,0.17395716346373585,3.60009765625,2.9383732154651208,1.3536320000000002
0.23882992235722328,0.921876586769178,3.0418742654913196,5.285494336978981,3.859971052497796,12.736571010317208,22.130787820938735,3.299654540692823,5.733407717298256,1.7375781757124253,-3.64990234375,-1.5060712289793226,2.0536320000000003
10.025189070400625,2.8485949058983526,7.546848676079958,1.6515803787425565,0.28414375887521465,0.7527886629452238,0.16474306540700046,2.649323236678306,0.5797877316015569,0.2188437120751218,0.35009765625,1.160595437687344,2.7536320000000005
6.372786180436221,0.05958014202672429,76.19696449870236,0.833980161288094,0.009349151272269108,11.956617143788531,0.13086586269728065,1278.8986717172425,13.997619557771742,0.010945057546252999,-1.64990234375,3.82726210435401,3.4536320000000003
1.1148565162064001,2.944979536709514,0.39660445039734554,1.6919926652231392,2.6415771840582685,0.3557448376826993,1.5176775133185751,0.13467137732321216,0.5745346085201112,4.2661968707814175,2.35009765625,-3.7776761672509274,0.12163199999999999
0.5399568098710272,1.100269366450827,2.380723835578654,3.474457825737571,2.037698842456741,4.409100491106516,6.434695816814443,2.163764536368243,3.1578247397228165,1.4594123744273246,-2.64990234375,-1.1110095005842608,0.8216319999999999
4.709443011531496,2.00367120202441,2.403343569091084,0.6195285585953426,0.4254582117499331,0.5103243766208191,0.13155028250227702,1.1994700361331065,0.3091967174900761,0.25777777533057455,1.35009765625,1.5556571660824057,1.5216320000000003
0.4074183222438653,4.034464515835582,0.8924305191945993,5.767687652367934,9.902511241064664,2.19045259005417,14.1566722394866,0.22120172719123968,1.4296042584410693,6.462898263019016,-0.64990234375,-2.888787278362038,2.2216320000000005
7.706779281325276,7.379818046677874,0.36123912771435446,0.4883351617518393,0.9575748542014587,0.04687290429994447,0.06336436323473689,0.04894959813771712,0.06617170757640427,1.3518335204761773,3.35009765625,-0.222120611695372,2.9216320000000002
1.2763060436173064,0.40914142742385345,3.2586546574638384,1.616774148250714,0.32056686518874805,2.553192217305624,1.2667605519350618,7.964616729187895,3.9516266011747656,0.49614774138387063,-3.14990234375,2.444546054971294,0.26163200000000003
1.337425619937356,3.454352827321886,0.7200733476406415,2.4643370274229452,2.582837337513906,0.5384025376113022,1.8425974429429377,0.20845390834001887,0.7134004980416297,3.4223416760215835,0.85009765625,-1.9998983894731497,0.9616320000000002
2.079136997554957,1.0848698958277538,4.675817294645068,2.9854493632820125,0.521788557994759,2.2489221730668922,1.4359079593085349,4.310025849760931,2.7518962179369164,0.6384871724353021,-1.14990234375,0.6667682771935173,1.661632
7.329613424935901,1.5935084455668818,2.2748051546706836,0.1306492608446893,0.21740688808302563,0.3103581352505746,0.01782485013468932,1.4275450883232905,0.08198843326381718,0.057433165463177005,2.85009765625,3.3334349438601834,2.3616320000000006
0.08065464142939123,2.6949616148097255,1.318376014641155,10.910377086531184,33.413596130968095,16.345941055299612,135.27277405457974,0.48920029413266325,4.04843505991884,8.275618613632659,-2.14990234375,-3.4813798709546306,3.0616320000000004
2.1253893502553427,2.8357084068456047,0.825483237935385,1.2994959951233243,1.334206556791547,0.38839153768988827,0.6114155013372979,0.2911030047880131,0.4582615024825004,1.5742245698089423,1.85009765625,-0.8147132042879646,0.40163200000000004
3.0783363638639214,0.9932145410007127,3.4405303468461272,1.1215846648709171,0.3226465283845823,1.1176590015418524,0.36434766454927175,3.464035417141218,1.1292471249372418,0.32599179539254863,-0.14990234375,1.8519534623787024,1.1016320000000004
2.1136315925355547,4.526630564629213,0.19941726359998957,1.1880666324781495,2.1416364992912396,0.09434816564260598,0.5620973099919089,0.04405423874398381,0.2624615849505419,5.957691982281376,3.85009765625,-2.5924909820657422,1.801632
0.44784973856128546,0.39803011779814457,6.307018830512107,5.233881866064661,0.8887581783051027,14.082890504242265,11.6866917972945,15.845581900690803,13.149461892526816,0.8298503630184482,-3.77490234375,0.07417568460092472,2.5016320000000003
13.17379251796119,0.6551228430895468,17.20670935545028,0.4100070752243887,0.04972925163322182,1.3061318016046328,0.03112293401200784,26.264859387750498,0.6258476246848654,0.023828325727749778,0.22509765625,2.74084235126759,3.201632
0.6101103521751925,1.5860338808107826,1.7230063363642818,3.266837920430802,2.5995852638070867,2.824089658897514,5.354503343180011,1.0863616201461463,2.0597529220250896,1.8960103926977783,-1.77490234375,-1.7036020931768534,0.5416319999999999
4.0530757984419,2.619565333632841,1.3349977252416576,0.5938760323991544,0.6463154068423456,0.32937891903103883,0.1465247782011515,0.5096256650298042,0.22670785293053214,0.44485171859873596,2.22509765625,0.9630645734898131,1.241632
2.0135355411886606,0.18321992639779153,6.7864486149196015,1.3248882007171083,0.09099413576262497,3.370414117901948,0.6579909684310715,37.0399047109398,7.231135972845136,0.1952255554995909,-2.77490234375,3.629731240156479,1.941632
1.0426878583446653,6.678533742234665,0.19745917712768674,4.158100512503358,6.405113178202027,0.1893751572413685,3.9878670104633356,0.029566246836332685,0.6226067985863077,21.058026134761654,1.22509765625,-3.185083574658335,2.6416320000000004
3.073443098821123,8.030150187847502,13.022146687810974,22.958984351948082,2.6127538170228752,4.236989678711105,7.4701185653166755,1.6216566792882845,2.859097752205589,1.7630721648557541,-0.77490234375,-0.5184169079916683,3.341632
3.5282315328360574,1.8385913794626498,1.2612366445880665,0.3737920741101264,0.5211084823519948,0.3574699202277865,0.1059431816283512,0.6859798532051629,0.20330350630675292,0.2963695002948562,3.22509765625,2.1482497586749982,0.6816319999999999
0.270881943971229,1.249127534340483,2.00070608574818,4.239113437577857,4.61133553616684,7.385896809573547,15.649302332340406,1.6016827991903302,3.3936594311132793,2.1188086884799007,-3.27490234375,-2.2961946857694455,1.3816320000000002
5.231873155155582,3.8012133607059533,2.9292108683737714,1.8730049198650132,0.7265492201316404,0.5598780363180774,0.357998916319162,0.7705989089309537,0.49273869739244597,0.6394230405490955,0.72509765625,0.37047198089722055,2.0816320000000004
4.6363559176546,0.17811995771125302,13.586491866161381,1.112512578576622,0.0384180940537798,2.930424692898555,0.23995409289876307,76.27720127907392,6.245861456918239,0.0818837260961716,-1.27490234375,3.0371386475638866,2.7816320000000005
7.5828931099820105,16.01824490143383,0.07108576002005992,1.5871402937920573,2.112418659884266,0.00937449057886411,0.2093053760315794,0.0044377995502926084,0.09908328306617341,22.327119993430145,2.72509765625,-1.4073057968805571,3.4816320000000003
1.2471111120773248,0.6545117110382351,2.871460416327685,1.8574227172624695,0.5248222910531274,2.3024896406741706,1.4893802960095053,4.387179584262535,2.837875451175789,0.6468564590689814,-2.27490234375,1.2593608697861098,0.015232000000000002
3.421985946264533,0.9747098106626617,2.2069412828923385,0.37798503973131403,0.2848374674731387,0.6449299668519836,0.11045780013910506,2.26420341598074,0.3877923825085323,0.17127099966879966,1.72509765625,3.926027536452776,0.715232
0.4884948610665646,3.160895645289137,0.5892912226784939,3.585512990656823,6.470683516276374,1.2063406795966156,7.339919570143121,0.18643172341255498,1.1343345029439733,6.0844500183791315,-0.27490234375,-3.9422852207488694,1.415232
3.3751908789548404,5.099519673170211,0.2572138182349528,0.8431653291577975,1.5108833414332183,0.07620719166988313,0.24981263560977965,0.05043883242341746,0.16534210733491064,3.2780716640488006,3.72509765625,-1.2756185540822034,2.115232
0.9559755924434167,0.15033700252027407,12.08510514160233,4.1715540249028376,0.15726029378639433,12.64164612269391,4.363661643536938,80.3867639969246,27.748019150110913,0.34518144244707355,-3.52490234375,1.3910481125844631,2.815232
0.8726733018322272,2.6209572507714087,0.6742088819146043,2.345984913934477,3.00336591628111,0.7725787880746029,2.688273961182207,0.257237649227651,0.8950870576939014,3.479611403623753,0.47509765625,-3.0533963318599806,0.155232
1.0243552504141273,1.317485578342328,2.6406173349277573,3.073753190356424,1.286160809748077,2.5778335532133076,3.0006710944408823,2.0042855711940355,2.3330450373687177,1.1640282557035158,-1.52490234375,-0.38672966519331453,0.855232
4.883757004961848,1.8838697965968056,1.752208456194617,0.29022183642076016,0.3857419185030731,0.35878289079788184,0.05942593706564386,0.9301112313387934,0.1540562075707373,0.16563202591263224,2.47509765625,2.2799370014733515,1.5552320000000002
0.18837550076257895,1.765619317856608,2.324958120389163,6.585207415186105,9.37287126356163,12.342146993517213,34.957876096031406,1.316794677581785,3.7296869991093473,2.8323982945911474,-2.52490234375,-2.1645074429710918,2.2552320000000003
12.954403306088953,7.773277409830473,2.682597640005617,1.0166634614505512,0.6000490509799709,0.20707998482220458,0.07848014589546469,0.3451050951318257,0.13078955089970518,0.3789846998629367,1.47509765625,0.5021592236955748,2.955232
2.3938867206451895,0.6443073988270897,2.922036462711414,0.8510687601060961,0.26914698731167985,1.2206243668555377,0.3555175576046973,4.535158944365296,1.3209048377457702,0.2912587748191113,-0.52490234375,3.168825890362241,0.295232
1.4086666555053415,3.571272295445661,0.2614821591963993,1.4539637818046172,2.535214616948899,0.18562387217336085,1.0321560293361427,0.07321820840428768,0.40712767370295866,5.560470306169321,3.47509765625,-3.645988924452573,0.9952320000000001
0.3957115678493118,0.9462623872149567,3.1682505591366956,4.6018875071453955,2.391293214797543,8.006464345624527,11.629398483740585,3.3481734051181125,4.863225643671297,1.452501126804613,-3.02490234375,-0.9793222577859071,1.6952320000000003
7.890038832184718,2.1505274463310133,4.2008205213635845,0.5749586263145287,0.27256233994168333,0.5324207663247198,0.07287145710477132,1.95339079653717,0.2673570278284325,0.136868172156019,0.97509765625,1.6873444088807599,2.395232
0.18194950477081087,5.087185550398919,1.1973865078500896,11.968702435834128,27.959326170229993,6.580872585272238,65.78035181195064,0.2353730753454029,2.352715920671615,9.99568840751677,-1.02490234375,-2.7571000355636843,3.0952319999999998
2.6798625858104876,2.701840118917142,0.7575851587628148,0.7793582642356632,1.0082009925520146,0.282695524305659,0.29082023397851087,0.28039599880782135,0.28845461979001874,1.0287401425714375,2.97509765625,-0.09043336889701825,0.43523199999999995
1.9222163277563074,0.3720862235266122,4.230123186617201,1.480608312827897,0.19357146131462066,2.2006488684625736,0.7702610218466546,11.368663818091227,3.979207557847144,0.35001541267452524,-2.02490234375,2.5762332977696474,1.135232
2.19604033143023,5.361847300823857,0.35456707148708955,2.0012147576266752,2.441597826817602,0.16145744976193957,0.9112832442031384,0.06612778238436773,0.3732323293352993,5.6441077543760105,1.97509765625,-1.868211146674796,1.8352319999999998
6.727628568814113,2.7157821715367882,7.099593465057141,2.8605110537708653,0.40367599723411934,1.055289154631287,0.4251886120810458,2.6141984211641214,1.0532917859727238,0.4029119509236354,-0.02490234375,0.7984555199918706,2.535232
15.738442352410607,2.5081769251276187,3.6578546847694144,0.051161177278897754,0.15936627456296204,0.23241529262323427,0.003250714151585755,1.4583718748561962,0.020397754546878553,0.013986662043170497,3.97509765625,3.4651221866585367,3.235232
0.30542514965050943,1.2055700918804448,1.5041501291747779,3.3039846267919852,3.9471867109173866,4.924774960071037,10.81765738863566,1.2476670907027967,2.740599363773565,2.1965790267256438,-3.97802734375,-3.349692628156277,0.575232
1.8241015864478618,2.8372230164118344,1.8420925457313992,2.878107133717605,1.5554084473644147,1.009862915211083,1.57782173706797,0.6492589884812959,1.0144099061192149,1.562411801940634,0.02197265625,-0.6830259614896108,1.275232
2.134330055177321,0.30782268305613114,6.371616459261517,2.1211381565417717,0.14422449906912688,2.9853004430152015,0.9938191852738287,20.698982920955373,6.890779248243328,0.3329042433900071,-1.97802734375,1.9836407051770557,1.9752319999999999
2.0673756568340367,7.811675516288762,0.13801340246633287,2.7446273143571913,3.778546724426224,0.0667577767059933,1.327590031973334,0.017667580044581965,0.35134937551286466,19.8866723471057,2.02197265625,-2.460803739267388,2.6752320000000003
0.5275733955963029,0.32550645436482917,19.107520850771042,11.1249685921928,0.6169880003083125,36.21774905683842,21.087053829957686,58.70089700081721,34.17741320644869,0.5822298287191914,-2.97802734375,0.20586292739927803,3.375232
2.7767818664465467,1.0379720157976267,2.1453504762059854,0.614921791519568,0.3738039448975233,0.7726031713652016,0.2214512414352823,2.0668673563009277,0.5924261754273145,0.28662999278656154,1.02197265625,2.872529594065944,0.043232
0.8101992149885405,2.04696971045213,1.5774265726066712,3.244413485588991,2.5265017202973743,1.9469613687899987,4.004463872055073,0.7706154930149177,1.584983631669065,2.0567762341087303,-0.97802734375,-1.5719148503784997,0.743232
4.330593122917132,2.7779721799506913,1.0562085024481558,0.41203575568898604,0.6414761445146849,0.24389465194935764,0.09514534014025185,0.3802084520756084,0.1483224917307486,0.3901083495672872,3.02197265625,1.0947518162881673,1.443232
1.751921462777693,0.15290055101373087,8.307600637901496,1.473252871057122,0.08727591633662914,4.741993756232481,0.8409354542190844,54.333359708791704,9.635366656885495,0.1773379505432349,-3.47802734375,3.7614184829548334,2.1432320000000002
0.5339010512388219,5.771241870588961,0.25981215569157196,5.826612381368838,10.809572030618456,0.48662978858858635,10.913281342767963,0.04501841397700039,1.0095942107472662,22.42625009541787,0.52197265625,-3.843519788650104,2.843232
0.8164222224298545,1.488050719767875,1.7865142958115452,2.7495029933414825,1.8226484763473296,2.188223503390783,3.367746391270866,1.200573523522255,1.847721288539402,1.5390321811516703,-1.47802734375,-1.176853121983438,0.183232
3.699947708711143,2.1120619771320137,1.3507343545086063,0.485263761319083,0.5708356288818306,0.36506849848943607,0.13115422149793626,0.6395334839287149,0.22975829619262722,0.3592592131082804,2.52197265625,1.4898135446832281,0.8832320000000002
0.2448152537361616,1.811503769840056,1.5144875844637884,4.66093773180448,7.399472631686264,6.186246818165824,19.03859200222708,0.8360388808892779,2.5729660679734665,3.0775674753746545,-2.47802734375,-2.954630899761215,1.5832320000000002
5.263054650785349,6.191502358085996,1.197467268144367,1.6746905112692583,1.1764085248786282,0.2275232441231979,0.31819743901374126,0.19340496036159874,0.27048209213425256,1.3985271713225291,1.52197265625,-0.2879642330945491,2.283232
8.09294453514631,0.43921766803497936,14.771769284766801,1.0713706200670519,0.05427167653596662,1.8252651084676863,0.132383289594321,33.63200153321331,2.4392703163792757,0.07252825300838465,-0.47802734375,2.3787024335721174,2.983232
1.837380364039624,3.087844553569707,0.4113307107901651,1.1037880306722279,1.6805690394888295,0.22386802364961733,0.6007400820619764,0.1332096560089612,0.35746230469930623,2.6834564055571106,3.52197265625,-2.0657420108723263,0.32323199999999996
0.7274024460037306,0.48001370937766563,3.464760992003855,2.786293691424965,0.6599011482774197,4.763196784721955,3.830470610502559,7.218045910596789,5.804612737076562,0.8041806340625832,-3.72802734375,0.6009246557943406,1.0232320000000001
4.304515809389205,0.6870588582111041,4.00952940043422,0.5244448936809618,0.1596135055916069,0.9314704784423029,0.1218359780528669,5.835787360159849,0.763318727956524,0.13079961294813452,0.27197265625,3.2675913224610067,1.7232320000000003
0.1738238406675702,2.8437592032564987,1.068918401294002,6.644265300407601,16.36000673057876,6.1494349520113145,38.22413125202107,0.375882177390386,2.33643737936707,6.215876995254496,-1.72802734375,-3.5472234923538077,2.423232
7.44053885753657,12.047286512707243,0.2797829446935309,1.5644967216294183,1.6191416701633738,0.03760251106143165,0.2102665884265532,0.023223731285748145,0.12986299611777455,5.591823058918546,2.27197265625,-0.8805568256871417,3.123232
1.2745964095388296,0.47439660835781194,3.379214714738037,1.852844975139231,0.37219358599123675,2.651203698244132,1.453671892744168,7.123184810354454,3.905687651421254,0.5483063763478158,-2.72802734375,1.7861098409795257,0.463232
1.2230293937103,3.8705678166733852,0.464709712440304,2.4304158743100173,3.1647381792936775,0.37996610288368926,1.987209699790512,0.12006241317836032,0.6279223073783714,5.229965738282746,1.27197265625,-2.658334603464919,1.163232
2.142824189399111,2.064719684835389,4.1200283832032145,3.951239990569393,0.9635506706755892,1.922709480127042,1.8439403522308548,1.9954420028361797,1.9136931853702976,0.9590322257676794,-0.72802734375,0.008332063201747175,1.8632319999999998
8.455316020190267,2.3091857204634088,1.7480855804666906,0.11238948276091097,0.2731046024713155,0.20674396749837318,0.013292168204303487,0.7570138534010524,0.04867061222704797,0.06429289504859714,3.27197265625,2.6749987298684132,2.563232
0.07285343604356381,1.2094046427996046,5.103185162461549,13.84761460120889,16.60051616613419,70.04728177007358,190.07496905058125,4.219584564061521,11.449943311903928,2.713523840575171,-3.22802734375,-1.7694457145760305,3.263232
2.780021273333775,1.7746942789352689,1.99589787445781,1.1200242684239503,0.6383743520088508,0.717943381801661,0.4028833445151404,1.124643212156661,0.6311082881812811,0.561163114985634,0.77197265625,0.8972209520906365,0.603232
2.629175791869694,0.37822972940590854,4.188845427852719,0.9056829421551807,0.1438586687795938,1.5932161861546326,0.3444740914456388,11.07487091094665,2.3945313436301037,0.2162130252248173,-1.22802734375,3.5638876187573025,1.303232
1.5495349288995397,5.009103302449563,0.17197095701842974,1.8889196150174101,3.2326494931011105,0.1109823043102109,1.2190235791321575,0.034331685061143,0.37709735674520556,10.983945474089436,2.77197265625,-3.2509271960575115,2.0032319999999997
0.49154082891331036,1.2236447320398898,6.182056604636947,8.516308907735684,2.489406088086521,12.576893395212208,17.32574062375121,5.052166239731269,6.95978880531646,1.3775850744148632,-2.22802734375,-0.5842605293908454,2.7032320000000003
24.636107767257247,3.292848315792681,6.760582200151261,0.06919418341973994,0.13365943788284038,0.27441762570694916,0.0028086491613623665,2.05311072718629,0.021013474288469607,0.010234944472414196,1.77197265625,2.0824061372758216,3.403232
0.8546217009439936,2.254512677770684,0.9708698879765536,2.5093721806595215,2.638024140131717,1.1360229759016829,2.9362373760082763,0.4306340334872603,1.1130441648883733,2.584663724497059,-0.22802734375,-2.3620383071686226,0.071232
3.075483764285705,2.7498700002086087,0.6947579898760752,0.5601891288087238,0.8941260012950445,0.22590201838943402,0.18214667081451177,0.25265121253854544,0.2037147678858372,0.8063082929188702,3.77197265625,0.304628359498043,0.771232
1.2726833570350677,0.22748551673423598,5.0164768303996725,1.7537179317155418,0.17874478791346982,3.941653517090385,1.3779687791322468,22.051851486704805,7.7091410340832995,0.3495915541935872,-3.85302734375,2.971295026164709,1.471232
1.5781322210608881,5.471855702523569,1.3348185665097858,5.082981478607478,3.4672986391755902,0.8458217560582241,3.220884416890291,0.2439425743435047,0.9289319300330334,3.8079942893648795,0.14697265625,-1.4731494182797342,2.171232
2.4576835607863448,0.3129124365304986,14.033940503476831,4.620809355482617,0.1273200673687955,5.710230856158969,1.8801482132240706,44.84941748906483,14.767100364297095,0.3292595799688503,-1.85302734375,1.1935172483869323,2.871232
3.0824024870880793,1.0703188313822696,1.852463785234513,0.4003764848308162,0.3472352607635582,0.6009804991380345,0.12989104651581326,1.7307588457937695,0.37407216718194863,0.21613188231916258,2.14697265625,3.8601839150535984,0.211232
0.28908699848404196,1.6213368796124072,1.2368833864476638,3.637717771851981,5.608473878502383,4.2785853149184145,12.583470688505518,0.7628787095395931,2.24365325774962,2.941035356857308,-2.85302734375,-3.7447543565513386,0.911232
2.459983672376984,4.5486497564520185,0.9003078420515301,2.317862487019869,1.8490568890877392,0.36598122668903676,0.9422267769688939,0.1979285920562451,0.5095715456509053,2.5745221564861187,1.14697265625,-1.0780876898846725,1.6112320000000002
4.06525448422506,0.6945278243366844,7.549327601448696,2.1357899701259635,0.1708448578143759,1.857036904022452,0.5253766961979255,10.86972665012918,3.0751683306075908,0.28291128467071835,-0.85302734375,1.588578976781994,2.3112320000000004
2.497963633249768,8.117389135971218,0.06641367198743703,1.884844920108966,3.2496026074690136,0.026587125250112243,0.7545525863628547,0.0081816543318261,0.23219841854772075,28.380375059904953,3.14697265625,-2.8558654676624498,3.011232
0.6669205726141869,0.7262115254012564,2.634211201797868,2.7171896796346346,1.0889025698437547,3.949812481375886,4.074232811538305,3.6273332350961756,3.741595368006994,1.0315003131791913,-3.35302734375,-0.18919880099578368,0.351232
3.608870890966096,1.0661578276834964,2.904060867694964,0.6498189476422034,0.2954269797659859,0.8047006821342799,0.18006156697621473,2.723856442535143,0.60949601528894,0.2237621652048854,0.64697265625,2.4774678656708824,1.0512320000000002
0.4713876343777782,2.5305130571962318,1.7859637555993113,5.201980496697801,5.3682211255635846,3.788736965823777,11.035462361171833,0.7057714049411509,2.0557018988321336,2.9127021645252738,-1.35302734375,-1.9669765787735614,1.7512320000000001
7.284692094706702,4.644795697389317,1.0613058928060892,0.3869178209713781,0.6376104352803571,0.1456898766630465,0.05311381949177034,0.22849355751053022,0.0833013648348089,0.3645676742153657,2.64697265625,0.6996900878931056,2.451232
3.5122634434832274,0.06257257348633909,32.53800520823224,1.4714792104594037,0.017815455615221108,9.26411293794159,0.41895468097350047,520.0042669706718,23.51636073879331,0.04522339956129559,-2.35302734375,3.3663567545597717,3.151232
1.0539115126973788,3.154808431472603,0.4267692806383306,2.017868785328154,2.9934281896192525,0.4049384369528882,1.9146472555021485,0.13527581465196067,0.6396168988258512,4.728242816141715,1.64697265625,-3.4484580602550423,0.491232
1.4683231257214857,2.4792469658616234,1.9738597616138338,3.142079162383589,1.6884886728480848,1.3442952215602706,2.139909879059948,0.7961529403053439,1.267352226562717,1.591845187529744,-0.35302734375,-0.7817913935883762,1.191232
5.382830292051041,2.5403348387066336,1.102390400813062,0.2256862624978919,0.47193292392257075,0.20479753977029316,0.041927062577315204,0.43395476218966655,0.08884114765469109,0.2047244445628683,3.64697265625,1.8848752730782907,1.8912319999999998
0.11799099913424717,1.2910790900975826,2.519675664678203,7.38162589177602,10.942182874717634,21.35481251253225,62.56092368009693,1.9516044245498243,5.717407979412091,2.9295936755887007,-3.60302734375,-2.5595691713661535,2.591232
18.156199546620975,14.70722747735613,10.194926696695093,8.038557638910314,0.8100388762302004,0.5615121529435083,0.4427445081923193,0.6931916102060456,0.5465719253534916,0.7884860654776642,0.39697265625,0.10709749530051305,3.291232
1.9881667757581583,0.47569630771164134,3.529484978072286,1.226875657666331,0.23926378486545302,1.7752459306269055,0.617088904525366,7.419618190965227,2.579115367887281,0.3476075589749128,-1.60302734375,2.7737641619671782,0.6312319999999999
2.217290525051749,4.265318352078689,0.4103252504168818,1.4817660520792386,1.9236623725612778,0.18505705309289827,0.6682778081346178,0.09620038096732245,0.3473987003472097,3.6111988003999156,2.39697265625,-1.670680282477265,1.331232
1.1923784383787948,0.38282465815376876,5.994428151600729,3.4544236470900214,0.3210596953382287,5.027286605208153,2.8970866428839437,15.658417042699883,9.023513960018969,0.5762724249464172,-2.60302734375,0.9959863841894014,2.031232
8.924063144937545,0.8957003985821088,5.801706303893294,0.15948213313729093,0.10036912379875113,0.6501193693574988,0.017871022486854786,6.477284494991158,0.17805298891208565,0.027488832557806108,1.39697265625,3.6626530508560675,2.7312320000000003
0.19159199666048468,6.714685516713763,0.6550317801696638,15.21378102244922,35.046795449460696,3.4188890537553562,79.40718447341607,0.09755211596123169,2.265747365916104,23.226019687943392,-0.60302734375,-3.152161763958746,3.431232
2.3473613401310276,2.6281941886532443,0.646281297272445,0.8089795218141127,1.119637673042081,0.27532245940302064,0.3446335713141447,0.24590317567196834,0.3078081236564392,1.251745215633373,3.39697265625,-0.48549509729207996,0.09923200000000001
1.2764433016890455,0.3641532208735949,3.7433571766077924,1.832362197584177,0.28528742357120873,2.9326466531293782,1.4355218090451143,10.27962121995672,5.031843994647044,0.48949702396410183,-3.10302734375,2.1811715693745866,0.7992319999999999
1.2950864676963192,4.324747246470857,0.5719368159583533,2.934888193613037,3.3393501934767755,0.44162056374174474,2.2661716161960777,0.13224745479058309,0.6786265245923925,5.131490248088429,0.89697265625,-2.263272875069857,1.4992320000000001
2.34949888003104,1.40184063843169,6.249613017938747,4.456355371924874,0.5966551635100885,2.6599770151225526,1.896725897509685,4.458147985302027,3.178931506016564,0.7130610101991041,-1.10302734375,0.4033937915968089,2.1992320000000003
11.212014630875482,2.0389327776175916,2.865891478429473,0.07534818945497411,0.18185248991762892,0.255608967057305,0.006720307806902193,1.405584092761581,0.036954719783854444,0.026291361700920165,2.89697265625,3.070060458263475,2.899232
0.6453205365992357,1.3047493927972014,1.8720525858220236,2.957911705255977,2.021862499019602,2.9009654577049777,4.583631757395833,1.434798587496257,2.267034360456474,1.5800366547701166,-2.10302734375,-1.3743839861809688,0.239232
3.6898074049828744,2.106088346367209,1.6107384702216465,0.622605017577005,0.570785440866929,0.43653727510179424,0.16873645403177753,0.7648009984956275,0.29562151020442057,0.3865338967730318,1.89697265625,1.2922826804856982,0.9392320000000001
3.7053149590037004,0.49925048646373255,4.113558689878217,0.5306802130711844,0.13473901462832,1.110177875670868,0.14322135066592984,8.23946856620047,1.06295382269945,0.12900757059257986,-0.10302734375,3.9589493471523642,1.6392320000000002
1.6451084955632571,4.840600691935771,0.12908765305717734,1.556709097865348,2.9424203357958056,0.07846756211235778,0.9462653083755167,0.026667692972946876,0.3215941981041231,12.059318308125317,3.89697265625,-3.909363410049281,2.339232
0.14325316310227681,0.7024052484022174,5.81268551145549,9.357668676576257,4.903244250884214,40.57631528391086,65.32259723923352,8.27540159285225,13.322321690879205,1.6098701122113703,-3.91552734375,-1.2426967433826146,3.039232
2.4636315375591016,1.2223877583592808,2.4822959006354175,1.1700854557426665,0.49617312480517645,1.0075759555728079,0.47494336628843253,2.0306943387319394,0.9572130019636194,0.4713722709057967,0.08447265625,1.4239699232840515,0.379232
0.35385764941045056,1.9619415391874335,1.263622735365966,3.9027239999137904,5.544437268647869,3.570991717916066,11.029079084247515,0.6440674760825511,1.9892152349912322,3.0885199282074467,-1.91552734375,-3.0204745211603923,1.0792320000000002
3.934546231412933,4.591102503874618,0.8002374786061567,1.1307342971645946,1.1668696296461891,0.2033874890621844,0.2873862017777174,0.17430181049776255,0.24628818376638772,1.4129984253350554,2.08447265625,-0.35380785449372576,1.7792319999999997
1.6952135666949333,0.13683282596342664,9.9327430048106,2.382574273817766,0.08071716074700974,5.859287112818437,1.405471452463033,72.59035202171059,17.412300426029297,0.23987072580694416,-2.91552734375,2.31285881217294,2.479232
2.123538775248983,12.546466699758072,0.2249411105070419,6.397377539873095,5.908282366205915,0.10592747969985515,3.012602178231009,0.017928642054370524,0.5098947530778887,28.44023275893279,1.08447265625,-2.1315856322715034,3.179232
1.6480240172001408,1.1825837037480014,2.6898306114811272,2.021630110267157,0.7175767412401642,1.6321549828205364,1.2266994225616583,2.2745371874787033,1.7095027640410894,0.7515826839199988,-0.91552734375,0.5350810343951631,0.5192319999999999
4.206305819238936,1.4996813048622262,1.6054466288542952,0.25737079339303864,0.35653168583295486,0.3816761542898883,0.061186895212389895,1.0705252000202707,0.17161699126247557,0.1603110242143071,3.08447265625,3.201747701061829,1.219232
0.17399448318184818,1.5535075789596475,1.5043841923467256,5.107429345499197,8.928487562079875,8.646160296786176,29.353972908217038,0.9683790492700276,3.2876758470142375,3.3950299208688124,-3.41552734375,-3.613067113752985,1.9192319999999998
3.668665668466153,8.70624678001985,1.6348322726072597,5.320762679328665,2.37313714761582,0.44562040271463965,1.4503264020657525,0.18777692775250418,0.6111431037699729,3.2546229778318585,0.58447265625,-0.9464004470863183,2.6192320000000002
5.729082038557876,0.17940144110565692,32.89206593429961,3.681512556797902,0.03131416863962658,5.741245405970692,0.642600774787406,183.34337634962537,20.521086865905982,0.11192706971193461,-1.41552734375,1.7202662195803482,3.319232
1.5012213038147013,3.4378498735511056,0.37436942431770676,1.5546589076348774,2.2900353630842463,0.24937657317172998,1.0355960867890612,0.10889638526623742,0.4522183820752481,4.152740065426721,2.58447265625,-2.724178224864096,0.6592319999999999
0.8151492564895565,0.83129708748562,3.6317438966027766,3.61336075025849,1.019809661687731,4.455311549007474,4.4327596713017225,4.368767738122984,4.346653927523828,0.9949382041058891,-2.41552734375,-0.05751155819742948,1.359232
6.218614796364314,1.4806726887878043,2.9502034490232547,0.27579761712239564,0.23810329748249937,0.4744148891081143,0.04435032980072018,1.9924750901149693,0.1862650801968836,0.09348427045385836,1.58447265625,2.6091551084692357,2.0592319999999997
0.7909187867439874,6.543442770473508,1.620968911448657,9.240315806225516,8.273217023218283,2.049475797789272,11.683014692653286,0.24772416727828395,1.4121489451885054,5.7004892203438144,-0.41552734375,-1.8352893359752072,2.7592320000000004
18.54084614428387,8.062585250766675,0.6607586005132202,0.1216424539275676,0.43485530207327483,0.035637995988491156,0.006560782230808269,0.08195368854554293,0.015087276617137236,0.1840951503818282,3.58447265625,0.8313773306914589,3.459232
1.3116158270964406,0.3584560321964978,3.164325544597576,1.3703844742857973,0.27329346352126715,2.4125399215428263,1.0448062961541524,8.82765321372235,3.8230197045047425,0.4330731636084164,-3.66552734375,3.498043997358125,0.127232
0.7575816150497576,3.0623044186455326,0.6006565459701608,2.8264577438696343,4.042210578782857,0.792860510389643,3.7308953751260105,0.19614527618904498,0.9229839223886781,4.705613820131489,0.33447265625,-3.3167708174566886,0.827232
0.840527412569744,1.4937324986970186,3.1519697750604423,4.327785480162099,1.7771371597866525,3.7499904559018806,5.148892725498104,2.1101300117724575,2.8972961918798856,1.3730415546510464,-1.66552734375,-0.650104150790022,1.5272320000000001
7.060219552684133,2.379717226215145,1.9881730888582725,0.21853812651841995,0.33705994671375783,0.281602161805636,0.030953446261502843,0.8354661078872764,0.09183365322189856,0.10991906476508922,2.33447265625,2.016562515876644,2.227232
0.08373061558771426,1.9623317135673986,2.6164437943298293,9.894520962311098,23.43625088378462,31.24835254064152,118.17088519964155,1.3333341026086232,5.042226497131551,3.7816676909910316,-2.66552734375,-2.4278819285677997,2.927232
2.424472849725514,2.1587680164911256,1.3409544988897248,1.1326015170139594,0.8904071731450942,0.5530911591942721,0.4671537225678508,0.6211665582619295,0.524651796006732,0.8446233768198129,1.33447265625,0.23878473809886636,0.267232
2.7255694311432577,0.5806408079194605,3.602477539472262,0.9250080278737763,0.21303467865645492,1.321733909365567,0.3393815682346334,6.204313390201735,1.5930813254208658,0.2567699639313459,-0.66552734375,2.9054514047655324,0.9672320000000001
2.6807807385099323,4.531258325176729,0.2996294863309474,1.0538648282703267,1.6902756201148155,0.11176948641368241,0.39311862142671916,0.06612500652768703,0.23257663824081884,3.5172266961279965,3.33447265625,-1.5389930396789109,1.667232
0.9862862145321061,0.2515655832414018,7.570668506929625,3.7273832939850973,0.25506346893507426,7.6759346276791955,3.7792105770771287,30.094214039067605,14.816745780396788,0.49234533127072316,-3.16552734375,1.1276736269877556,2.3672320000000004
10.900554416521175,0.5957839077974887,13.250346824433274,0.1744951891616675,0.05465629407752898,1.2155663205855558,0.016007918725418027,22.240189187750207,0.29288335397769705,0.013169103531682897,0.83447265625,3.7943402936544217,3.067232
0.4739658940682758,2.1405694917745226,0.8628571302322378,3.0235704440909306,4.516294354855349,1.8205046840521004,6.379299611915491,0.4030969952379042,1.4125074919125398,3.5041379831643016,-1.16552734375,-3.8105979779505157,0.407232
2.537655726915958,3.752509647527356,0.480394509747296,1.0883668581594443,1.4787307859477943,0.18930641562286502,0.4288867266806711,0.12801952689551183,0.2900370579664206,2.2655688940574334,2.83447265625,-1.1439313112838492,1.1072320000000002
1.7100451158313916,0.37982141396800706,5.636228641314041,2.545447485910386,0.2221119258501815,3.2959531822491206,1.4885265086546196,14.839154492191927,6.701695566129383,0.4516224674158952,-2.16552734375,1.5227353553828165,1.8072319999999997
1.4904166523818438,6.6658808924441,0.15889489830673517,2.982808481029964,4.472494910595179,0.10661105943281315,2.001325251071987,0.02383704432625634,0.44747401418633703,18.772210516613736,1.83447265625,-2.921709089061627,2.507232
8.038525080513816,11.408242127647853,10.728502744976126,14.59153528927512,1.419195936242404,1.3346357245290037,1.8152005676571752,0.9404168166255535,1.2790345020739489,1.3600719164757589,-0.16552734375,-0.25504242239496033,3.207232
3.365240939929954,1.780600047299611,1.1477628090958265,0.3480904432665615,0.5291151745398276,0.3410640811708765,0.10343700480293302,0.6445932711483857,0.1954905279231358,0.3032773326579355,3.83447265625,2.4116242442717057,0.5472319999999999
0.29242734608419624,1.0230896516189976,2.1628268293168196,3.939902281660624,3.498611416883111,7.396116875793464,13.473097965763571,2.1140149603646505,3.8509843936217023,1.821644816060071,-3.79052734375,-2.032820200172738,1.247232
4.42822078354098,2.534990873967404,3.9100068770340264,2.0861160671583123,0.5724626205155754,0.8829746907757907,0.47109576715598445,1.5424145771833273,0.822928432832353,0.533532582618053,0.20947265625,0.633846466493929,1.9472319999999999
3.4635776342315996,0.14171895699264395,12.343398614387885,1.2021169763293087,0.04091692808961232,3.5637713133363293,0.34707377841005155,87.09772408943554,8.482400674115219,0.09738946410821411,-1.79052734375,3.300513133160595,2.6472320000000003
1.4888833347671482,10.272769974155558,0.04927903860619214,3.8322801244910267,6.899647362741254,0.033097985218498716,2.573929088332748,0.004797054614302602,0.3730522667335446,77.76694174405998,2.20947265625,-3.5143016816542194,3.347232
0.5858954746048515,0.9804594260513889,2.476716620073775,3.238238029826322,1.6734374449856353,4.2272328895254905,5.526989318376803,2.5260776267390006,3.302776171848029,1.3074721603514992,-2.79052734375,-0.8476350149875529,0.687232
4.405715745137379,1.6811798163709148,2.549300630139177,0.6066792870740899,0.38159062309601915,0.5786348411045036,0.13770277570532924,1.5163759434384803,0.36086519786069077,0.23797871459395858,1.20947265625,1.819031651679114,1.387232
0.4324212253994954,3.6942797943298817,1.0877725677073249,5.642355060069904,8.54324343333724,2.515539256201817,13.048284239186396,0.2944478026209273,1.5273220693056333,5.187072396909379,-0.79052734375,-2.6254127927653306,2.087232
7.594829744340975,6.521896402370094,0.49375004493833946,0.4440067964928476,0.858728453686491,0.0650113381812463,0.058461718226624354,0.0757065145590028,0.06807940039211495,0.8992541895328761,3.20947265625,0.0412538739013355,2.7872320000000004
2.120393004993426,0.03204147778568081,65.7358399614499,2.9371757284918982,0.01511110332387658,31.00172458909508,1.3852034606674268,2051.585772701999,91.6679233129662,0.04468149688532731,-3.29052734375,2.7079205405680016,3.487232
1.276330675151419,2.47496627814362,0.8922742319541983,1.9704333397118445,1.9391262204444,0.699093306558931,1.543826672878547,0.3605197532725415,0.7961455301887156,2.2083270693543797,0.70947265625,-1.7365239038764417,0.020832000000000003
1.6710440403665308,0.9069688930576907,3.2318625570777635,2.038673746419786,0.5427558287804036,1.9340379301845805,1.2200000102765804,3.563366485681875,2.247787947331629,0.6308045934549723,-1.29052734375,0.9301427627902248,0.720832
4.497879248783257,1.298774156364701,1.8960305357324825,0.23831884381195964,0.2887525619359476,0.4215387810256104,0.05298471360173317,1.459861613692342,0.18349521558006635,0.12569356838965218,2.70947265625,3.596809429456891,1.4208320000000003
