RSS0/RSS1,RSS0/RSS2,RSS0/RSS3,RSS0/RSS4,RSS1/RSS2,RSS1/RSS3,RSS1/RSS4,RSS2/RSS3,RSS2/RSS4,RSS3/RSS4,X,Y,Z
-1.3435047090426078,-0.22802751115881217,-0.2747288184455532,0.47092434579585973,0.852629025364798,0.7525931584438585,0.9707830387041984,-0.040655089167466095,0.5055358628199584,0.5250673367078105,-1.6977493752543307,-1.6977493752543307,-1.6977493752543311
-0.2301896266495808,0.4947322457104877,-1.3076728354183873,-0.22306324814880477,0.5321267566807297,-0.8437179958725489,0.005796040899157204,-0.9848295018763039,-0.5136089607086352,0.821030423099649,1.6977493752543307,-1.6977493752543307,-1.6977493752543311
-0.2415428070081998,-1.3327883300894392,0.39710105831959963,-0.2195246612301818,-0.7809246586284561,0.4798136904625353,0.013766536298069686,0.8912827804304982,0.7845226395818232,-0.4449278467173228,-1.6977493752543307,1.6977493752543307,-1.6977493752543311
0.4545020828841865,-0.18934504180698072,-0.25024398682560034,-1.3378381686717478,-0.4811615311486425,-0.5193950188255596,-0.9512701540430127,-0.046226315723688904,-0.8427060744502075,-0.7247902628037792,1.6977493752543307,1.6977493752543307,-1.6977493752543311
-3.0571353424646928,-0.22473128532437195,-0.019496561341001115,2.015762567219845,2.152873883570048,2.179829360924997,2.708013365441786,0.10155564299682183,1.6312922405456831,1.387098824966565,-1.6977493752543307,-1.6977493752543307,1.6977493752543311
0.19885097537804636,1.9091174672900213,-3.078604756608882,0.11690550647828027,1.2300555655449765,-2.518175330794384,-0.04506204852403603,-2.691334555866171,-1.2680241027321137,2.3701153404070574,1.6977493752543307,-1.6977493752543307,1.6977493752543311
0.20034268566943186,-3.333493469572712,2.493447230090826,0.04538930863411391,-2.5624935858657367,1.780074242147261,-0.08366031862868865,3.0748348851843548,2.396291650815992,-1.8242412328220863,-1.6977493752543307,1.6977493752543307,1.6977493752543311
2.167398486122243,0.38450590289826764,1.2845252991393221,-3.3373790145699402,-1.3634615260946668,-0.5649629076873148,-2.9284190230511293,0.5314621450047435,-2.7096470819888987,-3.2282203800008626,1.6977493752543307,1.6977493752543307,1.6977493752543311
0.7284920350396936,-0.3270747841418536,0.7719863736189717,-0.11041502835250745,-0.7882798603766319,0.0726329163716007,-0.449790919973059,0.5989277847570286,0.15123779680202618,-0.6495500227236647,-0.10279341920485197,0.6590714309972231,0.11680515701749805
0.2509781057932973,1.1334933983175752,-2.181598678581377,-0.16404165910752957,0.6296499055771176,-1.8634821899197327,-0.2215534428735704,-1.7973071471246707,-0.9233335669597943,1.511429034766996,1.5949559560494788,-1.227316763729811,0.7959049071192302
-1.5943688805917717,-1.3426150910163288,1.4489255011367248,1.4818000176118744,0.23656538381446732,2.262649826452318,1.6398321116303947,1.489064070560137,2.033853736313549,-0.06901210857688309,-1.641378790529089,-0.09548384689359046,1.475004657220963
0.42678647480339343,-0.500485473942464,0.3443515000988743,-0.5862637326522674,-0.6851849944774424,-0.04071467744367827,-0.5391663129511439,0.4447353427236179,-0.07331044558331545,-0.655405314645483,0.05637058472524154,1.0363490699426299,-1.1055743931656203
-1.1507742992633925,0.11264032263464424,-0.01198989950750306,0.8090184105884433,0.953028407718646,0.8169480384843579,1.0459091924691555,-0.0631680897951295,0.5109207482006132,0.5598055023148598,-0.7925041029019239,-0.850039124784404,-0.426474643063888
0.9922876397830064,0.7525286661931764,-0.2429774975146145,-0.8665980576796495,-0.20731043990558298,-0.899891843083908,-0.9911817687328317,-0.5138185608997325,-1.1662942980518545,-0.4093150714948229,0.905245272352407,0.28179379205181654,0.25262510703784463
0.24124670052241665,-2.460973946149161,1.6036022280040299,-0.023368723099375644,-1.962473280892632,1.064114709825868,-0.14197804025135444,2.1363188104549957,1.727544399069843,-1.2090075941632428,-1.2169414467155064,1.4136267088880368,0.9317248571395773
-0.6001265430477725,1.6046065580775488,-2.270038117026933,1.247625724203221,1.6149610383730582,-1.3206696434980574,0.9818397864303521,-2.0830882632423253,-0.22646313901132875,2.538475476143936,0.48080792853882426,-1.4788351896934155,1.6108246072413095
-0.38931091544638624,-0.010515753025264243,-0.05063502167989911,0.297038830711459,0.28724944726731794,0.2404367647570326,0.3661727193043052,-0.023274129886397047,0.22436252044892,0.23993558232630527,-0.36806675908834113,-0.34700227285719504,-1.621690203242937
0.6133431559746404,0.1766470042603472,-0.3175188338120127,-1.2253255080772005,-0.3367809191789967,-0.6853434573971485,-0.9771555857804376,-0.26743363470817527,-1.020000945265743,-0.598123898631895,1.3296826161659896,0.7848306439790257,-0.9425904531412046
-1.647139368345555,-0.1947258088219097,0.016391093424039504,0.8130727141457649,1.106677891267331,1.1952121109702285,1.3147605500602695,0.10675702562189893,0.7317762608342724,0.5414504737376388,-1.4291601186222977,-1.1015575507480087,-0.26349070303947203
0.8816985727901617,0.8991731042957178,0.33185969716026137,0.33993268059524906,-0.017500815535513303,-0.3769576719814509,-0.29410093603440685,-0.2632511670326337,-0.3892024643881449,-0.015436374389706123,0.26858925663203287,0.030275366088211946,0.4156090470622606
0.8281985945473016,-2.0174211738791032,1.6578423573925771,-0.1556940338609708,-2.086241742548362,0.6845631067994326,-0.5272958267552714,1.944761100809213,1.3164769887020384,-1.3394670337623333,-0.5802854309951325,1.1621082829244318,1.0947087971639928
0.040224110661032944,0.5321744811959706,-0.9669560855550918,-0.2419738891878269,0.3544001059518136,-0.7749692719215541,-0.14949801160238754,-0.8115357345066464,-0.5539613252404145,0.5546571361094045,1.1174639442591983,-0.7242799118026017,-1.4858702532225907
-0.3045720016455109,-0.8769121698357484,0.5338599107386326,0.32042990706901237,-0.40350148680217984,0.6305868442313884,0.33300283054245633,0.740065166399955,0.8556405558928528,-0.17900645538572457,-1.004722774808715,0.4075530050336186,-0.8067705031208582
0.8351497887764515,-0.4107822362933722,0.2978206370366249,-1.5071637463236789,-0.9295964205426138,-0.3698020191256852,-1.2452907075118775,0.37358509902514725,-0.8093742959820831,-1.2478543593026663,0.6930266004456156,1.539385921869839,-0.12767075301912564
-1.1656554536974433,0.8753105575415083,-0.7933722127318316,1.0262454228445845,1.5158567738295807,0.22472786629378536,1.168710964497337,-0.8855370009360072,0.12888270434463925,1.2890776763601084,-0.1558480871815498,-1.3530759767116132,0.5514289970826072
1.2097085345359542,1.381501873511881,-1.5569997859788254,-0.9901849863422737,0.08288940465103137,-2.069871306268405,-1.1733235648966838,-1.5694544650316327,-1.7024270462469082,0.48417581433848556,1.5419012880727812,-0.22124305987539275,1.2305287471843394
-0.37456009781235083,-1.2364693100494752,0.4469374812802655,0.06409454267689728,-0.6105234460874503,0.613766670895431,0.2351343058858693,0.8711367192838653,0.9233494562087788,-0.2888817899641921,-1.5352694545756935,0.9105898569608277,-1.3500503032022442
-0.42955637043220846,0.6334495230766543,-0.6775683004731424,0.48111357885785766,0.783441509686609,-0.21440228596721575,0.4850821567661115,-0.6991408100894257,-0.0977332957462935,0.8317218519955124,0.16247992067863723,-0.9757983377662065,-0.6709505531005114
-0.13884132966390392,-0.4441441541300008,0.7412263509653715,0.6833848081247993,-0.21604697327110972,0.6716015449853755,0.4357756798023767,0.6402179682322263,0.8138889249259498,-0.08614215600431596,-0.6863947669485282,0.15603457907001406,0.00814919700122097
1.2770301118882055,-0.004317789443137259,0.2748666159814363,-2.1487915032568057,-0.9703133131214072,-0.7047613480901841,-1.8218275189532216,0.15709070389224603,-1.5660592890443288,-1.6676799388935089,1.0113546083058027,1.2878674959062344,0.6872489471029534
-2.241847751729017,-0.040217550155153506,0.8636139372489886,1.7654923003151164,1.6688344567170115,2.275889225791333,2.1376708190765856,0.5069162084382781,1.3177327979191478,0.5596397815756905,-1.1108321107621109,-0.5985206988207995,1.3663486972046857
0.470565386790908,0.07903117204594323,-0.03771818434402588,-0.6222009948425584,-0.29923968558174635,-0.3669456225555147,-0.5816828111142676,-0.06083844007282098,-0.5103781929012986,-0.3956126382743287,0.5869172644922199,0.5333122180154211,-1.2142303531818976
0.43775739051630125,-1.10351051819743,0.5447630133253661,-0.7534536843112463,-1.1295975640533837,0.10604357976575059,-0.6334221353571866,0.8596905780874151,0.23209228033196747,-0.918358017501115,-0.26195742313494547,1.6651451348516413,-0.5351306030801652
-0.17380752678695452,0.8670277660127577,-1.8460707445634321,0.008666814059699405,0.7586658647258141,-1.299618169889706,0.09797133796627068,-1.4747417521330044,-0.6083158496427762,1.3793954785133833,1.4357919521193854,-1.6744606321095523,0.14396914702156738
-1.7963940564828176,-0.39052441890457323,0.632861165205794,1.2774034592184504,1.0781194869415625,1.7780296635517827,1.6403601876486218,0.5522853818054774,1.209649863315712,0.3989676793763088,-1.3230507826689022,-0.5426277152733319,0.8230688971233
2.1582847676246684,0.8495048646860606,1.310736938642922,-0.7948877506153174,-1.0202750436542718,-0.5381951572203187,-1.579800141025613,0.3133659996147991,-1.1826764035867423,-1.5164635158556794,0.37469859258542854,0.5892052015628886,1.5021686472250322
-1.014438765288707,0.2669273178928248,-0.4638032185515979,0.5683016982395795,0.9613505488429007,0.37045274352522495,0.8454326765718752,-0.395098875670433,0.2257656722226862,0.7320476278294129,-0.4741760950417368,-1.2971829931641454,-1.0784104031615513
0.5342497718126827,0.7232122797449458,-0.8548202084802055,-0.5999067124289683,0.11839459913064404,-1.043132833252987,-0.6041192682029942,-0.844001681510357,-0.9507645806625447,0.22749979314609128,1.223573280212594,-0.16535007632792512,-0.39931065305981867
0.18773319154495638,-1.650675877899409,1.0068351499390242,0.1238477893975165,-1.3359416199460459,0.6420773042775061,-0.03541916348859502,1.3941562409185184,1.2606184738575628,-0.6647631396752629,-0.8986134388553194,0.9664828405082954,0.27978909704191396
0.27400077656489685,1.4557475412277583,-1.9008995407853073,0.47063302321459705,0.8452650399257183,-1.6634276456044566,0.10150530658977353,-1.8004753532894973,-0.6883218367922764,1.734755267925154,0.7991359363990113,-0.9199053542187388,0.9588888471436466
2.1082478745181126,1.4565233497820407,2.124847004303781,1.591770990428024,-0.5433868499756811,0.12588527125523513,-0.29155069617519497,0.46824520011982096,0.12982103766242115,-0.4970215255385914,-0.04973875122815412,0.21192756261748186,1.637988597245379
0.4758183213054204,-0.07594234954030343,-0.3000441155830412,-1.3071238362691873,-0.41529388816184265,-0.5731241395590002,-0.9464911619346612,-0.13108790620410266,-0.9006697325261941,-0.6668241886564003,1.6480106240261767,1.3437604794537021,-1.5945262132388678
-1.526113961707855,-0.2110612785119527,-0.19182031355638068,0.6208661799049777,1.0032025735723837,0.9476687002985427,1.148148445697734,-0.0024204182861127604,0.6030009281745191,0.5654825225703218,-1.667906124517438,-1.5487014191277502,-0.9154264631371354
-0.003965362405003149,0.6489000352520374,-0.08263433638604928,0.5924661260099516,0.4722832093647668,-0.06091261021604909,0.3152525799611906,-0.37154429706336756,-0.027372923160384012,0.4649086807056372,0.029843250736892632,-0.41686850229152966,-0.23632671303540273
0.1905511300617161,-1.431901911475807,1.0831770377180172,0.3722389575462629,-1.1798600619551642,0.6989585394339686,0.09434291245054728,1.3276248347201514,1.2869110520248015,-0.5524252241717951,-0.8190314368902728,0.714964414544691,0.4427730370663299
0.08053376315976277,1.4463504301901335,-2.30308017015346,0.5176715446756315,0.9849962002050341,-1.8348450332584896,0.23031982668323916,-2.022458119250878,-0.6473110119495458,2.066011376503375,0.8787179383640581,-1.1714237801823433,1.121872787168062
-0.6875261135908889,-0.6391191357067598,0.2678257455298034,0.37796124314036805,0.05850864517046412,0.7002606481421749,0.5691787437650799,0.4710290484678785,0.7290780238851798,0.05810027646980381,-1.2434687807038554,-0.03959086334612283,-1.4587062632185215
0.6240683551520961,-0.286877650139341,0.24916906750900367,-0.9503790509634508,-0.6801216881094025,-0.2557948414347653,-0.8376076377698783,0.28411157092457695,-0.49062848447285157,-0.8325257330246335,0.4542805945504753,1.0922420534900972,-0.7796065131167889
-0.8262219768903065,0.49408904482809796,-0.10703511791060182,0.8917765324783372,0.983081616934528,0.5105998363957266,0.9152577543953306,-0.30776882291759833,0.30094071491344865,0.6868725258602808,-0.3945940930766901,-0.7941461412369365,-0.10050676301505632
1.116927142984888,0.825158326674249,-0.5538650338943883,-1.3906711128734757,-0.2491840274897968,-1.22925352087715,-1.335129256972965,-0.7254228441647573,-1.600478055865197,-0.534868886675064,1.3031552821776409,0.33768677559928395,0.5785929870866765
0.15008223351204425,-2.8059265869469647,2.1036487177669514,0.07287963579359062,-2.1428949144047005,1.5153954702130257,-0.04212539215973785,2.5909210657635335,2.042368580478163,-1.5155084876011475,-1.4556874526106467,1.4695196924355043,1.2576927371884088
-0.6139805670359679,0.47741595137368287,-0.8768858422397989,0.32105884841176047,0.8102774090163262,-0.2357855344380411,0.49958773411207946,-0.7333447734349173,-0.10399691315147296,0.8710299091984972,0.24206192264368398,-1.4229422061459478,-1.3228863131981747
-0.506116044225434,-0.04095660131077809,0.2585890864418663,0.6311599393653333,0.35370012763361125,0.5628902685461907,0.6055198719186784,0.16626451166874642,0.48992887332647,0.23738302526083577,-0.6068127649834814,-0.2911092893097274,-0.6437865630964419
0.9529778271470256,0.2733586129407115,-0.08614460358476612,-1.532356924415529,-0.5240705827508414,-0.7506591765993776,-1.321917231251266,-0.18545265184570564,-1.3127654933265867,-0.97933540215923,1.0909366102708495,0.8407236275264932,0.03531318700529008
-2.082049955714008,0.20028559465450144,0.10824247524903004,1.2807101520702286,1.721737779591603,1.578327791962187,1.7955974323740638,-0.039291733229459065,0.7932333977704163,0.791540541854902,-1.031250108797064,-1.045664567200541,0.7144129371070227
1.8468407814395476,1.7189789218909812,0.10962859147353717,-0.20754878014247105,-0.15559762089662874,-1.2413527945607428,-1.1020417922335826,-0.7990682685559168,-1.3701604781532903,-0.22289089280226443,0.6664992664572666,0.08616834963567942,1.3935126872087549
0.3230852188578338,-0.7580239168243592,0.39570005535768854,-0.5435722793091131,-0.7928942438055971,0.0733575744402303,-0.46088249857816077,0.6026525259616451,0.14043587374985994,-0.6645392311506926,-0.18237542116989872,1.2180012664718998,-1.1870663631778284
0.27480178419513523,0.7547578428386158,-1.301736857729382,-0.44386239502163705,0.3377075557267152,-1.201696842924982,-0.3822414014868667,-1.1117038609150511,-0.8591787087511438,0.666265237354915,1.5153739540844322,-0.6683869282551341,-0.5079666130760957
-0.6268167810778986,-1.4824379600779243,0.8367252841007613,0.5453925106905799,-0.5973533314846551,1.0956295871574764,0.625046618655828,1.2140208119367308,1.449179141425451,-0.2511573545964655,-1.5617967885640425,0.46344598858108643,0.17113313702563648
1.1556867719904471,-1.0181980403329658,1.1257459698031986,-1.3653798102795685,-1.611641966104834,0.038884287510670835,-1.3425891129127718,1.1444369183132608,-0.275235736375448,-1.7672936531677428,0.1359525866902883,1.5952789054173067,0.8502328871273693
-2.57630978910447,0.6163332877766945,-0.578340741488299,1.7714067969321199,2.3969606016088205,1.4034236180468533,2.320510990423686,-0.6346395017030354,0.8566163113041276,1.6364949733917642,-0.712922100936877,-1.6325408944489515,1.5293326372291016
0.19117527088699607,0.6110635993499153,-0.8630829296162948,-0.23925551958658478,0.2971255221402946,-0.8031976389431643,-0.22917094809682972,-0.7924951796346229,-0.6079015642927307,0.4792255512122326,0.9848272743174538,-0.5007079776127312,-1.051246413157482
-0.24281040299978732,-1.2440683984250702,0.691607054098774,0.30528521166900224,-0.7158029823122499,0.7079606366490842,0.2918128077338115,1.0128501483243453,1.1048621078407834,-0.30668429008478204,-1.1373594447504596,0.6311249392234891,-0.37214666305574934
-0.32377429223342463,1.0513527921951422,-1.4523169134003466,0.5377808904883665,1.0055495109648365,-0.8881342437303222,0.4581919702291986,-1.3451122070347703,-0.3526087136206195,1.4467285741070994,0.560389930503871,-1.255263255503545,0.3069530870459829
0.4342211142938991,0.8467647474753587,1.0664834575485307,1.4609819688323906,0.2835060824609002,0.5111349463204601,0.538820499775175,0.17706494865862366,0.4665784401539416,0.20135273244982824,-0.2884847571232944,-0.12343033866732436,0.986052837147716
2.189823374495421,0.7780317103724829,0.3855955663026812,-3.288902781387242,-1.095850479602828,-1.2746649934354108,-2.9148484636702747,-0.17229567695328582,-2.953222476070234,-2.5263992885489337,1.4092646181310364,1.008402578168896,1.6651525872494481
-1.1302283374341435,-0.30704176244933173,-0.04223858063749091,0.501346740670973,0.6339562762488724,0.778857573065627,0.8722630426210336,0.12995800157755236,0.5837653168187665,0.37280793591507366,-1.349578116657251,-0.877985616558138,-1.5673622232347986
0.4300476584012914,0.2169314061558992,0.036276899803753794,-0.24921789151844884,-0.16882409017003697,-0.28076227455137986,-0.3627878771705647,-0.08819125760261003,-0.3357721735517601,-0.19669029269057148,0.34817125859707965,0.25384730027808283,-0.888262473133066
0.4084498076736352,-1.2922550490259663,0.720389250732377,-0.46256569197153796,-1.243899450224977,0.26259582941603465,-0.4639384344893761,1.053204966331961,0.5783114128202295,-0.8509512288814436,-0.5007034290300857,1.385680217114303,-0.2091627230313334
-0.13863281900408828,1.021467677602411,-1.981801548526857,0.15915939322905504,0.8437152775468236,-1.4295999452259953,0.15860736939826248,-1.6285894411986739,-0.6079050768416728,1.5828553839456458,1.197045946224245,-1.5067816814671493,0.46993702707039925
-1.3793476518321666,-0.024699321767542866,0.9612547422542936,1.6036243107034953,1.026821092113935,1.7319949575846685,1.5886810135843055,0.5541798863445198,1.1885302914065066,0.37677333516390865,-0.9251407728436684,-0.3749487646309289,1.1490367771721315
0.47267769773073226,-0.010578515013518813,-0.08429444353546547,-0.8417910400448942,-0.3656445927520706,-0.4043997744372252,-0.6988724600809653,-0.04221480718858716,-0.6072050660306836,-0.5104849126294994,0.7726086024106623,0.7568841522052919,-1.431542273214452
-0.7041977867670162,0.5182903596027237,-0.599760032565537,0.5657196202692142,0.9081657630675721,0.0428125434237324,0.6773682534253935,-0.5976128162104212,0.04568637863352668,0.8314425609428107,-0.07626608521650305,-1.1295040425217426,-0.7524425231127194
0.6716164417226917,0.720788890429082,-0.9597325877652592,-0.9990529416698607,0.012603935396170407,-1.2227043226194956,-0.8888807866297885,-0.9019218395516847,-1.2405166887449697,0.03376494846241811,1.6214832900378278,0.002328874314477878,-0.073342773010987
-0.2286988072484986,-2.1547303456185816,1.2522895526593931,0.2478082382846641,-1.3850750696482972,1.130444298423947,0.2538533903993088,1.78493565066684,1.7084678359338858,-0.7629751341154837,-1.6148514565407401,1.1341617911506983,0.6057569770907458
-0.0837060323390726,1.6825932538175634,-0.4237064849988001,1.5435110868283375,1.280236469059145,-0.2668294289266348,0.8607320787310258,-1.081460340230081,-0.06568319058061275,1.3662646078476357,0.08289791871359047,-0.7522264035763357,1.2848567271924776
-0.2134808195259617,-0.6345000711586339,0.3855219233134477,0.18216761435062054,-0.2971809482144394,0.45073225998775046,0.21098494439023832,0.5350551964584916,0.5828283947072688,-0.16278854119040442,-0.7659767689135749,0.37960651325988487,-1.2957223231941055
0.6976737121978523,-0.28536010182858845,0.08089100307167954,-1.4526349934308562,-0.734771067275977,-0.43848096012520804,-1.1426028033656612,0.18850177939315216,-0.8584685616980597,-1.0493264091736834,0.931772606340756,1.5114394300961052,-0.6166225730923726
-1.8201705693163317,0.06837489950626538,-0.16140364439562457,0.9335173311841395,1.427999984466933,1.1822559593467752,1.4713899884958501,-0.12521702394657194,0.6332142706657867,0.755745782528055,-1.1904141127271575,-1.3810224684853472,0.0624771770093594
0.9190492818527506,1.3918595347795018,-0.29276235298409,0.42627281199867245,0.31051805241194447,-0.8857236347327876,-0.2685390743233422,-0.862055057502765,-0.6754243165723837,0.5080798870964638,0.5073352625271732,-0.24918955164912665,0.741576927111092
1.3416775976091515,-1.3990586561428189,2.011866900693419,0.07577174383908442,-2.0279424924874427,0.5890710530491636,-0.6808691297747937,1.8346323721850801,1.0471377560641535,-1.4452526299334183,-0.34153942509999224,0.8826433651870941,1.4206766772128243
0.00195803146307898,0.624636672099076,-1.2342676823941658,-0.2401130070017663,0.4502498851317689,-0.9537501525854518,-0.12795325924907106,-1.008510553147143,-0.6181498175488908,0.7548066070729839,1.3562099501543385,-1.0037448295399403,-1.159902373173759
-0.7423115147163228,-0.9469478963480923,0.529892544051496,0.5440480781589621,-0.12261785532407314,0.9418010939228029,0.6863941166297585,0.7729026797050411,1.0685831322798967,-0.02378637657556467,-1.4026327846339488,0.12808808729627996,-0.48080262307202665
0.9250567561700872,-0.5160584763542857,0.593411777068171,-1.1614317185395466,-1.0738247491744246,-0.20627663737407612,-1.1108783889367544,0.5929169051259557,-0.4822777000533903,-1.2323576368395952,0.2951165906203818,1.2599210041325002,0.1982971270297058
-1.1074753942437656,0.6732299040267379,0.4217676967627384,1.4800704934173612,1.3256493418710102,1.1205430978175945,1.3772987181841414,-0.09942279983124172,0.6035381114617032,0.6940252670400188,-0.5537580970067836,-0.6264671905945334,0.8773968771314387
2.0434120986667317,1.250287395880699,-0.12710165680404018,-2.3032251359820664,-0.6434302441125493,-1.565139204522493,-2.315241697911122,-0.6977815550936867,-2.56823410673001,-1.4737702590777453,1.1439912782475472,0.5053657262416871,1.5564966272331708
0.06372862939862868,-1.3528780286854114,0.520102229413719,-0.36447234542087104,-1.0266583504295024,0.35554988353174743,-0.2268687107935262,0.9706731707596352,0.6929187275999271,-0.6351411003267473,-0.9781954408203661,1.6371986430779073,-1.0240824231534127
-0.4567196608647626,0.783019509502515,-1.4157652758666786,0.30288884134108995,0.9121822700835374,-0.7644832620571641,0.40548479039176494,-1.1901292668090644,-0.33391068393625595,1.259588769774861,0.7195539344339645,-1.5906211567883508,-0.34498267305168
-0.09764431446619161,0.8347697667351771,0.15221309635198205,0.9974272674065853,0.6776529913152667,0.18754939265174636,0.579612875285919,-0.332255811000796,0.13657848466750303,0.565930172504823,-0.12932075319320088,-0.4587882399521304,0.3341170770500526
1.4172282330185149,0.7679712169279751,-0.48057314808671825,-2.129702157754882,-0.5179818899634869,-1.388303881376973,-1.887070435610524,-0.6554727652000485,-2.0996030000702173,-1.0926271461996095,1.5684286220611299,0.6730446768840901,1.0132168271517852
-3.1929390011886607,-0.23612729049058828,0.408454674966842,2.0217991773682034,2.2474866727405676,2.607531132783733,2.7841742521275803,0.34847713316081896,1.6437791193722113,1.0728095918520575,-1.5087421205873446,-1.213343517842944,1.6923165772535176
0.01830264709271382,0.13009455727016506,-0.17271073981316346,-0.051454307976028624,0.08022150121232306,-0.1464016888287892,-0.03702835310550482,-0.16249931014837937,-0.1297990076195118,0.09346163189037497,0.18900725466698615,-0.08151060100672361,-1.6966628156541683
0.11454411716046309,-1.0187757261984383,0.5204091112369786,-0.19640792260014542,-0.8235242959594793,0.31930365131218613,-0.1653500139062975,0.8035285472664192,0.5787965899442471,-0.5209293162575265,-0.6598674329601792,1.0503223158294968,-1.017563065552436
0.14092741147553564,0.8686692134730236,-1.2859017344931596,-0.05471864508868092,0.5214805649615747,-1.0933634665185203,-0.1046427467788585,-1.1598249347837026,-0.6557656936894145,0.9194634095484813,1.0378819422941516,-0.8360658788975373,-0.3384633154507035
-0.40003243084198,-1.1110584249938884,0.9149722353111738,0.7312413270751439,-0.5005350668444027,0.993183887930455,0.6014122627577345,1.0721387063522043,1.3216175664776462,-0.18282378762877724,-1.084304776773762,0.29576703793868336,0.34063643465102933
1.4539904622892803,-0.38784412358887366,0.8806341576291972,-2.0635632222262004,-1.381702211830363,-0.3644080593703265,-1.8718688229142864,0.6906001613865435,-1.2319370643096814,-2.060342190179066,0.6134445984805689,1.4275999547749039,1.0197361847527615
-0.8637726697246033,0.284347008286797,-0.636782296572145,0.41261815840026383,0.8598376079405625,0.12881356995808324,0.682196553809876,-0.5013221430174443,0.09973129462593573,0.7547360952643288,-0.23543008914659655,-1.4648619438065487,-1.560842865633822
0.34747908727626964,0.6103583153812708,-0.9940188266196341,-0.5959786537688792,0.1782348582466083,-1.0164444641278554,-0.5016869811035993,-0.8659438971388184,-0.8678928759590055,0.3337396063182095,1.4623192861077343,-0.33302902697032816,-0.8817431155320895
-0.2529277319148072,-1.506882999925172,0.7596009527059119,0.2550607949014837,-0.8982060419132069,0.7676875604716439,0.270705181491258,1.182791754122151,1.2544984386245899,-0.3914717017002996,-1.2965234486805532,0.7988038898658925,-0.20264336543035694
-0.28754694485500426,1.149041926713132,-1.2375984801246047,0.7274198368910384,1.0487599178937799,-0.7484698333183932,0.5389514832640064,-1.273008794355896,-0.2833807466437436,1.4161068889718698,0.4012259265737775,-1.0875843048611418,0.4764563846713759
0.4745671994686221,0.3605464776604596,1.4386560870956748,1.5104310843851325,-0.09868066896688532,0.7693318509286947,0.5432757524900662,0.6303366703814139,0.8473728481759052,-0.04187581578044194,-0.4476487610533879,0.04424861197507883,1.155556134773108
0.5167327710721721,-0.07638981464269881,-0.19003666909199368,-1.227444957561184,-0.4466050743604371,-0.5176184302717268,-0.9263646939397944,-0.06885820057291898,-0.8421683086136644,-0.6944150240972025,1.250100614200943,1.1760815288112987,-1.4250229156134753
-1.0223916804297792,-0.05104601674786019,0.05548757259934864,0.6996586449008458,0.7374178083260154,0.7768403516437202,0.9191288984020342,0.05683924692291461,0.547101431726551,0.4351352838703938,-0.8720861048669705,-0.7103066659157349,-0.745923165511743
0.8837113967700683,0.5155302266121911,-0.09249520872853254,-0.8835524374490046,-0.29647310979695946,-0.7058293319051971,-0.941801689246465,-0.31031110400593315,-1.0106643965347373,-0.5328200544830386,0.8256632703873602,0.4215262509204855,-0.06682341541001031
0.9508517541578242,-1.1289768970628702,0.9993201615128966,-1.0855147948915258,-1.5366195287828561,0.0883972871702257,-1.084616099444915,1.1286548788415856,0.0076633998907593565,-1.4826631792867295,-0.023211417239805205,1.553359167756706,0.6122763346917222
0.3305319261636478,1.352549523352105,-2.5935517112584563,-0.11956271436835786,0.727817677939441,-2.2384553482595244,-0.24079219411122704,-2.1392069300827194,-1.0461446143058075,1.848213010684983,1.6745379580145257,-1.3391027308247463,1.2913760847934543
-0.9587830527249304,-0.7432281180540575,0.24912068177151347,0.44496968470081616,0.18866099332688901,0.8805771978473935,0.7503458442097672,0.5126234709441687,0.8518137519624893,0.11764507766321292,-1.6811697915116124,-0.2072698139885259,-1.289202965593129
0.5451809801324741,-0.46719000906976876,0.47722981929118413,-0.5056656849769066,-0.7507749903103239,-0.02318897452478724,-0.5601859160432487,0.502957824004069,-0.03805851377169512,-0.6993864046124247,0.01657958374271817,0.9245631028476944,-0.6101032154913966
-1.4651199924547194,0.21487881147991755,-0.0040299302208554036,0.9902273080813228,1.2650441425132635,1.0487745736695542,1.3105845197919117,-0.10988223839374867,0.5707677256579049,0.6772737844884774,-0.8322951038844472,-0.9618250918793395,0.06899653461033609
1.247031214490221,1.0904116461249218,-0.25770227590192,-0.7479604030680944,-0.15589226687550561,-1.0941466278697283,-1.0653607756757215,-0.6913291224099546,-1.3191896931629148,-0.31757576010777794,0.8654542713698836,0.17000782495688088,0.7480962847120683
0.31119830407045285,-3.0573248692191006,2.3301129683110378,0.1810062857966931,-2.446729673120761,1.5744588417587893,-0.0715512664569142,2.8444671046577334,2.299545071749595,-1.6103733389735564,-1.2567324476980297,1.3018407417931013,1.4271960348138009
-0.04703652852096756,0.5193712142696275,-0.5756456054691339,0.12037661394401371,0.41122990247395225,-0.4103905137487028,0.0888935955248234,-0.5845620264435643,-0.28028437172414344,0.5102537883022642,0.44101692755630084,-0.5845474529339326,-1.1533830155727827
0.251380822103034,-0.5406238658146688,0.6122285910269131,0.11146417655659119,-0.5813649359366142,0.29190831342349866,-0.0761633469568802,0.6158252740433948,0.46464857334733534,-0.3796045244719986,-0.4078577600708645,0.5472854639022879,-0.47428326547104993
0.9900757715512789,-0.19313794221846653,0.0979973005181836,-1.9378096823768842,-0.8895346680979012,-0.6352122516205041,-1.556135041793782,0.15195910454979722,-1.2781367356833788,-1.3924236550384756,1.2898916151834663,1.679118380738508,0.2048164846306825
-2.3177705090342,-0.014892900896596319,-0.16285010648566428,1.263841196043469,1.7446510655196883,1.5383921440738042,1.9133402891663842,-0.0843320151216949,0.9334573021532042,0.9817493924280712,-1.468951119604821,-1.6604873862226854,0.8839162347324153
0.8301087294246439,2.1905543687411466,-0.18447918443589031,1.699997538874045,0.9554898939713726,-0.7383188575054096,0.4524219275631599,-1.201005703890621,-0.3115102040504024,1.294833567193059,0.2287982556495095,-0.5286544693864648,1.5630159848341476
-0.0829227623795768,-0.6463436807566464,0.3225417980706366,-0.0344119413460337,-0.4046275757307821,0.3084033839117857,0.02636943467998604,0.5054877452868173,0.43307073313035627,-0.26340625241450244,-0.6200764319776558,0.6031784474497554,-1.669498825650099
-0.1797050769837126,0.6677358093836867,-1.2923370903500842,-0.016440405523158258,0.6190059802206768,-0.8681305616107218,0.08787091450754145,-1.062825272314861,-0.48536993011757196,0.9503161763667253,1.077672943276675,-1.2832097472772788,-0.9903990755483666
-0.7656852976058942,-0.49537137596290315,0.48952872083803317,0.7254577518952405,0.22166182855476116,0.9274381347470879,0.7948294997954666,0.5240032488406577,0.8809275007225779,0.12977197597155896,-1.0445137757912384,-0.1513768304410581,-0.311299325446634
1.1147925199698359,0.03856158820917654,0.37743622207902267,-1.4522849693207287,-0.8164285477994242,-0.5091414136936052,-1.3665455660850305,0.19343010180768747,-1.0878442863157731,-1.2697204973729372,0.6532355994630922,0.980456086395162,0.36780042465509866
-0.9195618866877345,1.2056520506527946,-0.2686933333283393,1.4732344782907538,1.5683722964490228,0.4528799857840222,1.2727154929634215,-0.7552363301085049,0.22110684011986456,1.2030799151808511,-0.1956390881640732,-0.9059321083318719,1.046900174756831
0.3838682894344451,0.315526643068495,-0.6340080036786904,-0.8641209209640236,-0.06254560717015965,-0.7647905991370791,-0.6629545506777256,-0.5153730979619482,-0.8546903065033493,-0.1166979429867006,1.5021102870902576,0.2259008085043487,-1.5336788756297526
-0.2328998012081098,-1.5147252605739923,0.5794500368281379,-0.07020460696030509,-0.9190461642751627,0.6143064629393795,0.08803898921035648,1.0851772075270734,1.022538100895893,-0.4789206963948896,-1.5750604555582168,1.357733725340569,-0.8545791255280202
-0.8349712205777395,0.7282164420519214,-1.0285981561041444,0.6257311584420472,1.1590273630844243,-0.19418431223241725,0.7793523547328063,-0.9444575657171884,-0.05930986532631827,1.1913658119713528,0.12268891969611384,-1.5347281732408833,-0.1754793754262876
-0.8897644604521722,0.15387595736783352,0.5817055180898665,1.2044702646037098,0.7851673945528795,1.0876432440918813,1.1146611372865194,0.2508171925477306,0.7704607098228692,0.38736556159824537,-0.7261857679310515,-0.40289525640466267,0.5036203746754453
1.7017348509388714,0.719304243924241,0.19227102493840756,-2.1857015999025924,-0.7686557106759785,-1.0734080885405162,-2.069538578155183,-0.25185234409894186,-2.105995182597602,-1.6313612348775346,0.9715636073232793,0.7289376604315579,1.1827201247771775
-1.2100899716587574,-0.1245376274089239,-0.17813611898356932,0.5488812291511671,0.8264271910178423,0.7313375770207553,0.9402968402509018,-0.03803816009141974,0.4890976019184376,0.5062846408479852,-1.1506231117446342,-1.1574505342954764,-1.397858925609406
0.42517712416131787,0.505207980710505,-0.2477513656563076,-0.1806102137709943,0.043344322606925265,-0.49641786934148446,-0.32391125573346347,-0.39265176763626986,-0.49003467279326307,0.06134643218619069,0.5471262635096965,-0.025617617459255813,-0.7187591755076737
0.5648902306332141,-0.9969866640985783,0.7593257709229617,-0.4024241326374305,-1.1488475002512935,0.18032220520922138,-0.5162123812133425,0.9272818388220815,0.4129101033820546,-0.8389681740066868,-0.3017484241174688,1.1062152993769643,-0.03965942540594099
0.48251335176447696,1.1726176114011868,-1.857119189375982,-0.27477029558722865,0.48258524773037004,-1.7793490759723969,-0.4044835276763884,-1.6340078299440624,-1.0319269071530628,1.1946147949010735,1.396000951136862,-0.7801728953500694,0.6394403246957915
-0.6423488687668978,-1.8938715490663007,1.6629437002658576,1.1457069497316996,-0.8831355947717247,1.7442799051002187,0.9506621528028613,1.8857631259622392,2.1792184273628252,-0.4570995121560632,-1.3628417836514255,0.3516600214861508,1.3185400747975236
0.4631584981732201,-0.5588684041876943,0.23665973589905104,-0.9506455816149348,-0.7549543813824213,-0.14992151956150448,-0.7512878475507826,0.4132729845155274,-0.298006149744109,-0.8234001614497881,0.3349075916029052,1.4834929383223712,-1.2620389755890598
-1.2001559364035717,0.35551195116568063,-0.5011285560839019,0.6961437966750885,1.1660718806405648,0.4749887982744134,1.012788198578942,-0.460500237408018,0.25632176320949995,0.8468695495499262,-0.5139670960242602,-1.408968960259081,-0.5829392254873272
0.6335795344305625,0.9431912742132823,-1.030775003702309,-0.4969684988857719,0.20225197934329933,-1.2502110709716168,-0.6030880248217508,-1.0533434023719295,-1.031540924601175,0.42850553206046493,1.1837822792300707,-0.27713604342286036,0.09616052461440541
0.2233867172916913,-1.9531666147881939,1.344745360937628,0.3551057315773468,-1.581703884067649,0.8772068130777998,0.06764456604658245,1.7361056868222458,1.6439295499452817,-0.7587010425981122,-0.9384044398378428,0.85469687341336,0.775260274716138
0.2755533734478599,1.758451224382722,-2.4873504921738046,0.790890169849788,1.0630023170802898,-2.117040018846284,0.26992888059131126,-2.2826212474960985,-0.6690489062875845,2.38915298579707,0.7593449354164878,-1.031691321313674,1.4543600248178703
0.08527368713849459,0.010376805157352011,0.14632405131885018,0.10484955341974117,-0.05707972875057112,0.05167936604345283,0.00959405813126684,0.07727876574092822,0.06920846829862205,-0.037471263294445244,-0.08952975221067751,0.10014159552254626,-1.1262190255687132
0.7507150646554038,0.06562439168208153,-0.2746753050554968,-1.6323066447368533,-0.5211137452996872,-0.7509122318780754,-1.2660607146364689,-0.18768506465016788,-1.2384872927166355,-0.9071255511191956,1.6082196230436534,1.2319745123587666,-0.4471192754669806
-1.6440803351599547,-0.5336945903395474,0.36776083265169873,0.9391347197224514,0.8592212165094665,1.4641280518963926,1.3797413847933102,0.47456103819007867,1.0641293574854607,0.3658674864487121,-1.6281151235349147,-0.6544136823682671,0.2319804746347518
1.3585422872968724,0.3831474054991836,1.126181800723378,0.14462784696520675,-0.7518364947368573,-0.1064197028163939,-0.6535400614045659,0.44289228079347165,-0.16600488160113902,-0.7394084050262064,0.06963425171941601,0.4774192344679533,0.9110802247364846
0.9546109822464427,-2.909756751180362,2.800210846895858,-0.48300336191580007,-2.8273141436058373,1.4752414351018128,-0.7682051188400169,3.035535683518437,1.710050260715075,-2.412274666836127,-0.7792404359077494,1.6092521513041735,1.5901799748382168
-0.399790971785683,0.5014946602414768,-1.1603278184967407,0.032918844891678754,0.6654691110293526,-0.6082631430503108,0.2322149052239208,-0.9051651918420238,-0.33147612406262494,0.8857102316439677,0.9185089393465815,-1.6185676485620848,-1.6423348356460297
-1.008927171915593,-0.3829253264723313,0.18810507330364368,0.603239934695104,0.4872073425411142,0.8694993815973153,0.8609362350363582,0.29779333155526755,0.71196578951189,0.2708122247885799,-1.203677779721332,-0.4867347317258641,-0.9632350855442973
0.7961228101337714,0.14145122291851375,0.24530073848430842,-0.7372790221767006,-0.5006670066621561,-0.3823062191180474,-0.8174319038139465,0.06742516211085596,-0.6386622576419736,-0.6845414577795713,0.4940715955329987,0.6450981851103559,-0.2841353354425647
-1.2960889684245638,0.7166359766007425,-0.5045192297458931,1.0388962887966178,1.4998915195906277,0.5412477933312897,1.2454820202462338,-0.6432613965760904,0.25060679100276484,1.0827826962647387,-0.35480309209416666,-1.241290009616678,0.394964414659168
1.2088399228878008,1.3183637371105241,-1.2125963586916888,-0.9368660070676688,0.037886213119643804,-1.8035106225640858,-1.144677439402433,-1.3437123060436291,-1.6187324686593385,0.2642429198822014,1.3429462831601642,-0.10945709278045732,1.0740641647609002
-0.29493192570992405,-1.2069845956587744,0.4286260938338934,-0.014650038829093652,-0.6495086971187427,0.5424687432732157,0.15073123178652992,0.8460496480304083,0.8449454914216709,-0.3288774932955772,-1.4158964516281234,1.022375824055763,-1.5065148856256834
-0.27846102399245587,0.6158774405269162,-0.6770572628070222,0.35997609917506806,0.6562976607338186,-0.32248699514330537,0.339873187184699,-0.6900527091071931,-0.1737349544797048,0.748855491417591,0.28185292362620734,-0.8640123706712711,-0.827415135523951
0.046938406362709774,-0.43087403020162734,0.7037602747935564,0.5088587231678565,-0.34715504593179203,0.5093125204427452,0.24371377360757093,0.6124545971171537,0.6770367529054433,-0.1771070898087283,-0.567021764000958,0.26782054616494966,-0.14831538542221828
1.1736389637067741,-0.05520111049463483,0.18365422458342479,-2.096947359119745,-0.9288058992682653,-0.7009098518778107,-1.7388730808566744,0.13116114651059355,-1.492129247046327,-1.5645148294613394,1.1307276112533728,1.3996534630011699,0.5307843646795146
-2.5427203334011614,0.3647113562945073,-0.22823736005537604,1.538382769824233,2.1895495749937774,1.6494431142057826,2.179307990813896,-0.3112923547413873,0.8648315899220842,1.2173417168258214,-0.9914591078145406,-1.4928084355802824,1.2098841147812462
0.13196673476058254,0.46104416179489205,-0.5854566667670431,-0.1635865211243577,0.23347558650067962,-0.5464761261227347,-0.15736528906213867,-0.5608819819682479,-0.44629522409731376,0.324194293236153,0.7062902674397901,-0.36097551874406186,-1.3706949356053366
0.4187061848448932,-0.4846871249003023,0.49286554113881237,-0.2725191172537243,-0.6676399296902586,0.07967801419630656,-0.3690086739129049,0.5205333989450233,0.14459687372274319,-0.552263036821255,-0.14258442018737533,0.7708573980921587,-0.6915951855036043
0.13359605020261361,0.8901697869074958,-1.7048573172615087,-0.24366994671032002,0.5425822184503188,-1.4113604162557558,-0.2005653288457579,-1.406736373961235,-0.8089862946090728,1.1025076914529233,1.5551649550669555,-1.1155307966348758,-0.012495435401871664
-1.0916365692398085,-1.156390742864468,0.9193635083087673,0.9607904884967491,-0.009515375938033565,1.4931098528287239,1.094345550816793,1.0973161555187454,1.5213786592237717,-0.02978402607300823,-1.522005787581519,0.016302120201344722,0.6666043146998608
1.6806435570884395,-0.6197568935736283,1.553514493039213,-1.3262855934861644,-1.721081290709847,-0.007948383163012263,-1.603999220908634,1.1860100020613125,-0.5291467292140214,-2.058937030025641,0.17574358767281167,1.1481350370375651,1.345704064801593
-0.8231582161781712,0.0219058832539786,-0.09390239983893413,0.5432820712710931,0.6392816586765797,0.5185332361105581,0.7294301128712801,-0.06389843006649559,0.3811936389194739,0.4398013275451495,-0.6731310999543537,-0.7382531576894686,-1.2348749855849903
0.6843314736744557,0.4213817676017869,-0.31621912256837376,-0.9101116190973634,-0.21355523831238335,-0.7353067343661336,-0.8487068506734068,-0.3892636106108549,-0.9633160253040017,-0.3844523033424634,1.024618275299977,0.39357975914675175,-0.5557752354832579
0.15715134067340397,-1.8481802541809829,0.9678724274442944,-0.22453119745441183,-1.4556134659709075,0.6339704535105442,-0.203107197150295,1.4711046285813814,1.1462331845005465,-0.8729962106209898,-1.0975684437679363,1.525412675982972,0.12332451461847452
-0.3681392606287264,1.2104187393593695,-1.798182044335289,0.6818669943242439,1.154185804746656,-1.1231472751346325,0.5581806810872507,-1.61971866183947,-0.3601556085929536,1.8021680325867397,0.6001809314863944,-1.3670492225984803,0.8024242647202073
0.6263009277462234,1.53618800333682,1.3658537090819844,2.123050506611436,0.6366156792700939,0.6042211672026574,0.7855186843561699,0.0005433288474008926,0.4613042353770949,0.4294407794318651,-0.24869375614077102,-0.2352163057622596,1.4815240148219395
0.5756570536136041,0.11925386466669805,-0.3364319736998673,-1.268651689371379,-0.3497447213135788,-0.6728798164844783,-0.9798041024236258,-0.24935167136347347,-1.0109526174704668,-0.61355444131939,1.4490556191135597,0.8966166110739608,-1.099055035564644
-1.509596464413707,-0.18109986721691967,0.034702077502526046,0.785176861105434,1.0123605155600954,1.110591588021267,1.2261123851499416,0.11025416085169852,0.7017461994852432,0.5088318063375058,-1.3097871156747276,-0.9897715836530734,-0.4199552854629113
0.9062280516419973,0.7638031371292082,0.23353426257073898,-0.01068846907587744,-0.13397743872576204,-0.47043521599820404,-0.49258658071896966,-0.25087928497226814,-0.5492727605809133,-0.18102978552075916,0.387962259579603,0.14206133318314682,0.2591444646388209
0.8586397379670532,-1.7546224995191453,1.4534531526236445,-0.40896170423415945,-1.9192429509451572,0.5050038967933224,-0.6775060508351156,1.6979483573792196,0.9452317647657718,-1.359857098580025,-0.4609124280475624,1.2738942500193668,0.938244214740554
1.1629440874421886,1.8909673281724277,-2.5008013480056595,-0.164616904050038,0.4867494637469985,-2.764521357270415,-0.7118782488820539,-2.356566545723854,-1.4607344710133983,1.7485271194088292,1.2368369472067684,-0.6124939447076664,1.6173439648422863
-0.23735346642221727,-0.7592134293456277,0.35068087170301093,0.08777056439872205,-0.3692922253232115,0.4409887570700232,0.17392287293620712,0.5778732011323784,0.602307023248582,-0.20114425432593636,-0.8853497718611449,0.519338972128554,-1.6151708456419605
0.5941933420031779,-0.4066302130825726,0.11345250661393633,-1.3182432114780527,-0.7440993106633229,-0.3390631303552453,-1.015973503003809,0.2675868152077027,-0.6743615441932745,-0.9820410780844839,0.8123996033931857,1.651171888964774,-0.936071095540228
-0.9699412688054896,0.6448310939943889,-0.9110590012582775,0.6563739536887189,1.200946609879178,-0.0065908286294556655,0.8680698391342287,-0.8364475339320065,0.022179246668793735,1.1247811745311682,-0.03647508423397966,-1.5766479109014842,-0.25697134543849537
0.6383685143756092,0.9931885928285547,-1.4842529266404034,-0.7115154826923926,0.23478263479557954,-1.603546803367957,-0.7190506228783542,-1.333984431862421,-1.2236539856418354,0.6198058917112488,1.6612742910203513,-0.44481499406526337,0.4221284046632373
-0.5321544048687,-2.229917461519398,1.5461137866596293,0.726689853450337,-1.2096201711274472,1.5750213121484709,0.66999902789139,1.9882029833834118,2.1114642818845106,-0.655498268740482,-1.6546424575232637,0.6870179227709569,1.1012281547649696
-0.6141314898777496,0.38389922396224513,-0.6651268145929081,0.34809276031037717,0.7427610744861481,-0.072286754906401,0.5139564129217196,-0.567154010276831,-0.017960893705495747,0.7318874039094282,0.04310691773106709,-1.1993702719560773,-1.479350895621614
-0.48723834832844326,-0.3701553245029745,0.37303415345737273,0.5249084075438742,0.10132843022931536,0.6376412905004176,0.5392218704313906,0.39563328640202544,0.6457126777006438,0.07988496444354647,-0.8057677698960983,-0.06753735511985655,-0.8002511455198815
0.8922625805896532,0.013234785426270532,0.099424708327243,-1.4805640762133507,-0.6662060941780608,-0.563885828006786,-1.261920669709357,0.04941271622252132,-1.090540222710221,-1.0821334103511295,0.8919816053582326,1.0642955617163636,-0.12115139541814918
-1.8926931972108971,-0.11341447209334149,0.3057604433535261,1.1731480389179954,1.35145801654988,1.5947811769718159,1.6370043681350916,0.2291393326727112,0.9370730188606513,0.5713430476979693,-1.2302051137096808,-0.82209263301067,0.557948354683584
1.8191632658882482,1.2735392984818021,0.7289747153186251,-0.25928324220902144,-0.4567741653902806,-0.7436025423940104,-1.1145119848949916,-0.22689923283811703,-1.0921621299160886,-0.7189177771953825,0.4675442615446498,0.30974028382555024,1.2370481047853161
0.23088495290752628,-0.9465584496045566,0.3996876403327071,-0.5386316729014423,-0.8594109131662216,0.14262959261876296,-0.40872998560558466,0.6993177476257341,0.27769768652577986,-0.6641418247413088,-0.3813304260825156,1.4415732006617705,-1.3435309456012674
-0.1653638467325394,0.724415727545511,-1.49935864209316,-0.06310116448043677,0.6491348088242157,-1.0381619103076265,0.055504543282749945,-1.2078979787559612,-0.5596241546261209,1.0725694461358921,1.3164189491718152,-1.4508886979196818,-0.664431195499535
-1.2353573724968199,-0.6646831151246019,0.48401570468687805,0.8314503211297489,0.45493467065989207,1.2603857891156223,1.1032130675551735,0.6056867367229739,1.0783536430910825,0.20604723171963846,-1.4424237856164723,-0.3190557810834611,0.014668554602197443
1.2572383626842256,-0.031198183938390158,0.8324942099644451,-0.7962350147209871,-0.9747632487875062,-0.2602938773808147,-1.0963587381322653,0.48485872102850264,-0.5593210265258242,-1.1615638233472314,0.25532558963785845,0.8127771357527593,0.69376830470393
-2.212100905812027,0.8692986843677835,-0.03727170215224991,1.7932797661338644,2.304060684170634,1.5594211837905638,2.136372980831886,-0.4563507737431048,0.6932589946700839,1.248828483583146,-0.593549097989307,-1.0736110589742747,1.3728680548056622
0.4047911867960346,0.4194839496927778,-0.5653127074168645,-0.6295634574578353,-0.003210893970314334,-0.7268078403769413,-0.5502318910266017,-0.5287146038677225,-0.75710488936393,-0.00809067599477387,1.104200277265024,0.05822185786194569,-1.2077109955809213
0.0287705932770862,-1.4397661711482097,0.6689185737001239,-0.09888157419501747,-1.063018900499024,0.4954727266160924,-0.06771862132154192,1.0980667580214092,0.9484579619607348,-0.5650131359567228,-1.0179864418028894,1.1900547746981653,-0.5286112454791886
0.24063481714096324,1.081900720698746,-1.0668549426699634,0.28074438407137847,0.6001721924297019,-0.9959349088938441,0.019076338353090725,-1.1431451771768206,-0.5619611937066198,0.9849173772963189,0.6797629334514411,-0.6963334200288679,0.15048850462254384
1.047369584537531,0.03435863615905709,1.22244849972331,0.512292082722512,-0.7684036454847498,0.1912650692254553,-0.292026893081398,0.6718254778769063,0.3497358203965864,-0.560678126698849,-0.16911175417572427,0.43549949680735234,0.8295882547242767
1.9553084184124723,0.2689485153673952,0.9162190077928831,-3.080176574195267,-1.28640009503693,-0.696872874634717,-2.678525007211849,0.38173742560033014,-2.439909376039054,-2.779060180485416,1.5286376210786066,1.5673324136435727,1.508688004826009
-1.4374069539000036,-0.22994662705853322,-0.1403231419891487,0.6023322158016428,0.9223603496715882,0.9237159631191607,1.0906887715529758,0.0360636598591902,0.6028548132607443,0.5145478107791738,-1.5485331215698679,-1.3251294849378794,-1.0718910455605746
0.24253006776631875,0.5506886627380368,-0.01268215601586119,0.3339759585051149,0.2145679517145198,-0.18391002816730653,0.04619118161652476,-0.2829317924528571,-0.14650816012870155,0.23684989190056413,0.14921625368446276,-0.19329656810165885,-0.39279129545884195
0.34382313412359533,-1.4430379735488532,0.9945757626805466,0.06104725848320188,-1.303997972282563,0.5205532324828509,-0.15248042017071214,1.2832617032986446,1.067562816711495,-0.6984048056967619,-0.6996584339427027,0.9385363487345615,0.2863084546428907
0.33810756355267213,1.4133622610268415,-2.1149914042024625,0.2533405290866969,0.7660594236465795,-1.8746435712580152,-0.04778116392606125,-1.8999216322081314,-0.8169488145269181,1.7460806490100647,0.9980909413116282,-0.9478518459924724,0.9654082047446233
-0.6070927878509377,-1.5190199238819813,2.0499209011227824,1.6415910198180816,-0.6387476104340811,2.0175541907160577,1.1937959329311152,1.916157784268808,2.275593678564655,-0.407351848061568,-1.1240957777562852,0.18398107084374776,1.6445079548463555
0.43729224897868135,-0.36941890734897104,0.09184164732862199,-0.9622203849515538,-0.5983553861042152,-0.24309052024485087,-0.7435066559957165,0.23677054146764662,-0.44076110460807677,-0.7235357732430354,0.5736535974980455,1.3158139876799682,-1.5880068556378912
-0.46035026743729146,0.2729701239474037,-0.11553646054586492,0.5263757700411311,0.5460678715075178,0.24136244220489983,0.5255497816130064,-0.20182479606769646,0.1908661361861408,0.4443852643895318,-0.27522109012911994,-0.5705742070470656,-0.9089071055361588
0.7840706168131059,0.4316920283760173,-0.4635116405098968,-1.3523824689371386,-0.2816388666520306,-0.9205634585802579,-1.1360418337512008,-0.4774482827129811,-1.2935862013652522,-0.5760207743439878,1.422528285125211,0.5612587097891548,-0.22980735543442604
0.1269753052989312,-2.0856516067280024,1.2246168094014769,-0.21042956868282334,-1.6044965027359381,0.8537358812136114,-0.17944010783534237,1.7347434696913417,1.3248764862854852,-1.0544142218448422,-1.3363144496630766,1.693091626625375,0.4492923946673066
-0.8789189814863517,1.1424028198160592,-1.7419003130812172,0.9978355729801034,1.4918489759211122,-0.7130063571156556,0.9996259335886738,-1.553933303111906,-0.08120750329152389,1.9754463790617534,0.3614349255912541,-1.696196792378012,1.1283921447690388
-0.5862572003502661,0.03415554480314159,-0.09351073396312162,0.42468924160482213,0.46871761402116235,0.34875217561483546,0.5394606004196418,-0.06981226774077168,0.28590923717457056,0.3587565092308433,-0.4874397620359113,-0.5643638755417915,-1.4521869056175447
0.6413148746407462,0.29954415294024805,-0.34513711694440347,-1.0957894121757905,-0.2690876466164629,-0.7267356707885689,-0.9237248457391994,-0.34454724425016725,-1.0125323252172012,-0.48937062292933403,1.2103096132184197,0.567469041294429,-0.7730871555158123
-1.6147742023848335,0.20568251983493668,-0.23947324174346551,0.8886132455827637,1.3717378106583809,0.9745540275910141,1.3372936081286406,-0.2379842077526034,0.5030850444025661,0.7832537578153788,-0.9118771058494939,-1.3189191534326052,-0.09398740541407985
0.9187566322763713,1.2292037883504032,-0.6206408231727334,-0.11865606819387403,0.19310820575358226,-1.1385001548907403,-0.5563800049935952,-0.9654059249719285,-0.9580415260795243,0.38096612949811604,0.7858722694048368,-0.18708623659638474,0.5851123446876533
1.4914066615692003,-0.7490493218190015,1.606750562042366,-0.5043116119616935,-1.6712613664748315,0.16899062653660454,-1.0678996089700987,1.2807657977558624,0.1627431604635053,-1.5388384244431166,-0.06300241822232859,0.9447466802398355,1.2642120947893853
0.050084990151171585,0.5701529491885915,-1.2294184871798213,-0.38519090177503834,0.37439748307610227,-0.9845613652460801,-0.23048754348497513,-0.9784919957118373,-0.6854665460544317,0.6524108697152313,1.6347469570320023,-0.9416415144871984,-1.3163669555971982
-0.7786797316990918,-1.0441600217892688,0.48856182320808006,0.47032182920285615,-0.16537660152195552,0.9360214533574763,0.6669708512513544,0.7982902385386788,1.0836603798520354,-0.04323834633383381,-1.6015877895465658,0.19019140234902224,-0.6372672054954657
0.7868652720347776,-0.737216230373186,0.6390141200861275,-0.9417203398124487,-1.1291017025406371,-0.07187580017191894,-0.9205060720118345,0.7293758821017202,-0.16505607960320723,-1.1166781400609664,0.09616158570776492,1.3220243191852425,0.041832544606266765
-1.974407188986666,0.4824725158089073,-0.45577524457449575,1.1958567888738774,1.8442874332530805,1.065857080998158,1.6929129295176597,-0.498518409900033,0.5312254735955333,1.1533958261042745,-0.7527131019194004,-1.5704375793962098,0.720932294707999
1.1914743689758143,1.8257494743231941,-1.6403660866639125,0.06842423267580858,0.4179762476012553,-2.1211043922302517,-0.6040446035795707,-1.8389219060779158,-1.2443263645899978,1.2670398985712845,0.9450362733349303,-0.43860466255998926,1.4000320448097316
-0.28750207215260776,-1.06841462283129,0.4796686913168078,0.1308156991732346,-0.5549230526480735,0.5765182575878588,0.22361851071022495,0.8054242748154026,0.8529358530569568,-0.2678016809322852,-1.177150445732983,0.6932282542762314,-1.1805470055768519
-0.34057448047848804,0.7722982969480823,-1.1081977539075645,0.35042556450659484,0.8164633051728609,-0.6105548096978154,0.3682006944370993,-1.0113999030632035,-0.2915973865618719,1.0631248234579973,0.5205989295213476,-1.1931599404508029,-0.5014472554751193
0.11027927313806268,0.27348321832523753,0.6204403066906723,0.8214535713838753,0.1142583728540275,0.3995483275237778,0.3748874853477771,0.2127510105797218,0.40597818651061823,0.09773895881834875,-0.32827575810581777,-0.06132702361458244,0.17765249462661317
1.3730565325676625,0.37172225354468746,-0.04888225051749663,-2.3246462641698207,-0.7710918112312929,-1.0235038712550815,-1.9663650696172288,-0.2137100190938392,-1.9610529271217587,-1.5465525212905669,1.3694736171485131,1.0705058932216376,0.856752244728346
-2.8060456251743733,-0.24737519188404536,0.7615438611923029,1.870026820698317,1.9463288876216709,2.602199617353737,2.496074735567351,0.5531285139103213,1.5409235623607962,0.706761568214787,-1.3893691176397744,-0.8158823015053961,1.5358519948300782
0.38836796008482144,0.12104461048203226,0.058067979015915816,-0.27743099538433535,-0.20660158386927507,-0.23402459909197093,-0.35530318874290473,-0.027888864469471714,-0.28839922801111134,-0.23211420918282458,0.3083802576145563,0.31595061533082436,-1.0447270555565054
0.35270464304233823,-1.292219866789156,0.667944322807437,-0.4744460631932919,-1.2016540109937568,0.2621523101093302,-0.440264092909965,1.0236268021407533,0.5696110230016649,-0.8200214107326685,-0.5404944300126091,1.447783532167045,-0.36562730545477284
-0.1336251458770356,0.9921785287648714,-1.8813323606659222,0.14116207574231673,0.8187408844673207,-1.3556745306951303,0.14640493864409565,-1.557292124965713,-0.600283956225406,1.4958504505323182,1.1572549452417218,-1.4446783664144074,0.31347244464696
-1.2276509231761958,-0.18834087168444602,0.921628197736287,1.4473065889596732,0.7935853595427005,1.592508865739084,1.4245559384691813,0.6137956924894247,1.1903889359226947,0.29981443083414633,-0.9649317738261917,-0.312845449578187,0.9925721947486926
2.3376858212211684,0.7602852012473247,1.0697428264760198,-2.660980292336022,-1.2206719551135423,-0.8529441035040581,-2.6624376386066406,0.22221082994600203,-2.482111564795046,-2.607840021322398,0.732817601428139,0.8189874672580335,1.671671944850425
-0.6277204585275669,0.2732498718300526,-0.5189320008996792,0.3421511289388321,0.6730321865571015,0.05027141209146105,0.5181178978221301,-0.4293384924488158,0.0561407579627099,0.6190712534277164,-0.11605708619902642,-1.0674007274690007,-1.6912300176533546
0.4494278107677214,0.46719274353641843,-0.7819809708718326,-0.8744775893460036,-0.002514894095955128,-0.9260330633726397,-0.7036547857658437,-0.6747319556493262,-0.9697707106562472,-0.013656830800768547,1.5816922890553045,0.06443218936721981,-1.012130267551622
-0.21328287302059956,-1.668405801239752,0.7456515003191333,0.04115423843747013,-1.045044222270981,0.7284612935642512,0.1363521690088723,1.2558193703441722,1.2128017667030733,-0.5267485689985103,-1.49547845359317,1.1962651062034402,-0.33303051744988965
-0.02619204565308879,1.0964376276447199,-0.5155993764588407,0.8051213423189962,0.8127731842938918,-0.3790249614817417,0.43958505595221314,-0.8397104297444257,-0.18934876659218053,0.9318420558125893,0.2022709216611606,-0.6901230885235937,0.3460692326518434
0.4528054893169946,-0.9892927602677112,1.5057834873007003,0.8959333585681083,-1.0583931388825012,0.8367502885827166,0.23020310161325597,1.3441690933282118,1.3555603597143082,-0.5102491674245687,-0.6466037659660048,0.44170982831262684,1.0251689827535757
0.47943462746392684,-0.2979374415985058,-0.05721230936863999,-1.23187270762373,-0.5785780778112187,-0.38835470594550586,-0.9086636159821078,0.11695864929755001,-0.6883442740391279,-0.7962525839627541,1.051145609288326,1.5735427451488473,-1.555410067633008
-1.4414158922638427,0.06140466625834807,-0.3818375641880788,0.6383225114906105,1.1360998262364648,0.7402448959260943,1.1118639553995728,-0.24597376518256472,0.4225942998767493,0.7187436828026093,-1.0710411097795873,-1.6542770547174113,-0.8763103175312755
0.27896823160958945,0.9028604319768225,-0.7548710049174024,0.16395449925582842,0.4416587436092477,-0.7827337928007014,-0.06324526132374376,-0.8776327316870896,-0.5203216662357544,0.6732726593398473,0.6267082654747432,-0.5224441378811907,-0.19721056742954302
0.8084986836068354,-0.4104973019625706,1.0127194730153288,0.15428824137708297,-0.9092054764845872,0.20093851148805109,-0.35288311120586957,0.77639460721735,0.40367213160912163,-0.6484133144559424,-0.2221664221524221,0.6093887789550295,0.48188918267219005
0.2813520656617156,1.3201417142639114,-2.508951947390593,-0.004999364929676281,0.7416281765540599,-2.1378705873331314,-0.15381928099021885,-2.07529258574935,-0.9395123629770327,1.863279612489343,1.4755829531019087,-1.2769994157720044,1.1609889327739222
-0.7672953459956776,-0.6025357447312214,0.24356019633280535,0.4158107760940072,0.14538072101002605,0.7388080570965764,0.6320443346983005,0.43903091885336015,0.7307827011028538,0.10192695552358151,-1.2832597816863787,-0.14516649893578398,-1.4195901176126617
0.626917915078135,-0.2391863619694001,0.26151894962065225,-0.8650369030931877,-0.647789869367508,-0.24831168182522254,-0.7940349368991669,0.26718889508645544,-0.4621175933249717,-0.7836021328444442,0.41448959356795195,0.9866664179004365,-0.740490367510929
-0.9770568222367833,0.49565803006969006,-0.17119394396387191,0.9121244912378175,1.0984548414131892,0.5693877391162715,1.007058884910241,-0.3447176418725172,0.3146872131070426,0.7484628309704936,-0.43438509405921344,-0.8997217768265977,-0.061390617409196616
1.1109649477853538,0.9164283416060176,-0.6250948172981999,-1.2373224414181883,-0.17866257667320914,-1.2799329034129903,-1.2508799375010244,-0.8112792542737511,-1.553199896702767,-0.37745354785900564,1.2633642811951173,0.2321111400096232,0.6177091326925362
0.6854387145599066,-2.6707134649322355,2.056339449440309,-0.14564370934676518,-2.4505753656983416,1.0945326805117794,-0.44527592657486825,2.4965408382800764,1.786941511072911,-1.6291090481996509,-0.858822437872796,1.3639440568458434,1.2968088827942685
-0.3865796352713952,0.5741343521826724,-1.1981019424617905,0.09540488636864812,0.707995689114386,-0.6468942393570339,0.2581403904896948,-0.9628343249952084,-0.3373417074636918,0.9563631549797691,0.8389269373815347,-1.528517841735609,-1.283770167592315
-0.08922275906700947,0.4685336359331464,-0.09943065895563029,0.46628673328261805,0.4064153208616643,-0.012661814511794645,0.29437682069966337,-0.2906844903875817,0.00835016120249493,0.3914859689744066,-0.009947750245630745,-0.39668492489938856,-0.6046704174905826
0.8968838644121684,0.4205959736449354,-0.5091168248308842,-1.6400797990196707,-0.3751053920975588,-1.036746163855941,-1.348708809528766,-0.497596734832547,-1.4958064156343984,-0.7379918308605914,1.6878016250087,0.7351479919368323,0.07442933261114978
-2.182761155910517,-0.2890646814837925,0.21635541483052598,1.201781733439231,1.444119248825858,1.7340519683274966,1.8079977883848677,0.26671143957534954,1.082502500070193,0.6573587707625689,-1.6878016250086998,-1.1512402027902022,0.7535290827128829
1.5954582104360127,1.7430082790011112,1.4276817215809687,1.6550018856173092,0.05217112323791923,-0.0438803767359885,0.01740116611184947,-0.06818243404170024,-0.027097654721117262,0.06473181064640725,0.009947750245630943,-0.019407285953981696,1.432628832814615
0.018024158036876518,-1.1203448915642005,0.5026421661800091,-0.16989194227735982,-0.8238765953408141,0.37489149302068303,-0.09947371374007581,0.8443798056679909,0.670162852000356,-0.4896550157289889,-0.8389269373815345,1.1124256308822387,-1.1479502175719687
0.10806813078042159,0.8275032976885107,-1.0937376070488392,0.03034814144816168,0.5165964627879429,-0.9215008586433278,-0.04202837552785232,-1.0308959781872218,-0.5644641205790868,0.8344160193678571,0.8588224378727964,-0.7739625638447953,-0.46885046747023623
-0.5061926527886488,-1.2733443211939703,0.85092803139517,0.6341568364533018,-0.5374959847127329,1.0199860516802726,0.6071449135699096,1.117312608763941,1.3657692827514782,-0.20128203994284946,-1.2633642811951171,0.3578703529914253,0.2102492826314964
1.3043990882659096,-0.6148199458844529,0.9294130251766574,-1.7471476738094054,-1.4325527593300826,-0.2193716988414921,-1.624262343755924,0.8317632581117568,-0.8399743025170354,-1.8811772874700428,0.4343850940592136,1.4897032698276453,0.8893490327332295
-2.1687696946925628,1.0079516642250206,-0.6567198448439305,1.8282236070447442,2.3715155670131347,1.0503536326027554,2.1315581305619604,-0.8749393287563112,0.6204836854397546,1.7334980333335432,-0.41448959356795173,-1.4027586287538067,1.5684487828349616
0.21318862843994543,0.42012469914203693,-0.7843963275751937,-0.5168376917482966,0.14236748473710045,-0.7582886194308625,-0.38770308435531436,-0.6525218108021318,-0.6752429573163855,0.23166795190534642,1.283259781686379,-0.27092571191758624,-1.6640660276492851
-0.358931748222224,-1.3050114714863181,0.5229318073006801,0.1221609916163011,-0.6719291770252401,0.6611824876818068,0.2574252920036182,0.9482966081627989,1.0143417640400567,-0.3058830958424779,-1.4755829531019085,0.8609072049186344,-0.9849662775475527
-0.4157390733538067,0.7821623540241732,-0.8020093111546488,0.5607875714022141,0.8805247076097636,-0.32033943902153994,0.5197659802815081,-0.8437569078260629,-0.14497666478372204,0.9785595450938496,0.22216642215242227,-1.0254809898083999,-0.3058665274458203
-0.048224550947905266,-0.2898319108684227,0.8941831634230106,0.8864560081995535,-0.17308032937375953,0.7245625838605823,0.4944094978377407,0.6491527776102932,0.8527848899162787,-0.06166619030384121,-0.6267082654747431,0.10635192702782037,0.37323322265591274
1.5360085957563776,0.15543640553992885,0.38897390581836727,-2.5101843393680974,-1.0509240393422736,-0.8026514939505855,-2.151981032755111,0.14140269263899885,-1.94321190357279,-1.998660058036141,1.0710411097795878,1.2381848438640406,1.052332972757645
-0.9252666618739831,-0.25089083349130376,0.011137554898652662,0.4869400490848005,0.5193313782663284,0.6728894920731661,0.7545182876234588,0.13192317633689252,0.5334391086514971,0.32328564093627393,-1.0511456092883258,-0.648203350862993,-1.5282460776289388
0.582372968093106,0.2029271868858989,-0.03951653552674093,-0.6608405184543,-0.29431922893938445,-0.4486055442958524,-0.6621808757480557,-0.12389889365389228,-0.6264252029787234,-0.4205854588127039,0.646603765966005,0.4836295659732274,-0.8491463275272062
0.5575405968006438,-1.1301921822076586,0.6506582347863986,-0.8133822472964501,-1.2396143652049476,0.1017524676249265,-0.7294570758692214,0.9327404522864898,0.20724531559763834,-1.0379522138083688,-0.2022709216611604,1.6154624828094477,-0.1700465774254739
-0.0772633850521234,0.9709943264832986,-2.035128620065134,0.009725119963284828,0.7607336280842791,-1.5148066299024834,0.04665521939848822,-1.6333702778489398,-0.681245972876865,1.520776947043437,1.4954784535931704,-1.6123573170568104,0.5090531726762594
-1.9824273713049059,-0.7029093406464679,0.892045041956703,1.4323886620812412,0.9931018952303381,2.1115752251144166,1.82223087443054,0.8548157703892056,1.544278092677377,0.3116665128671124,-1.581692289055304,-0.48052440022059,1.1881529227779917
0.318321589379254,-0.23835890705830595,0.19481026916050723,-0.385891822626252,-0.41346830863684997,-0.07822623765253817,-0.37498782222997795,0.22917420910660494,-0.11281624520925847,-0.4077059891010511,0.1160570861990266,0.6513085166156305,-1.3924261276085923
-1.2400879661629178,0.19283789298961196,-0.30417545736144197,0.6996314872729431,1.0786706677752163,0.6556243977037588,1.036087883370858,-0.26802100696339515,0.3741898587796857,0.7027094661247415,-0.7328176014281388,-1.235079678111404,-0.7133263775068597
0.6903487097699803,0.8564855075791069,-0.6637893980595211,-0.4586116851489242,0.09655142274099465,-1.0078073744929394,-0.6133196329499775,-0.8030702049211299,-0.9420648975484792,0.1815830973179115,0.9649317738261921,-0.10324676127518319,-0.034226627405127295
0.061469779617471354,-2.1159775308498827,1.2670331088565872,0.22438479672211728,-1.576815748411536,0.9334934707561731,0.0855595501738047,1.7738385325813149,1.6638909891130096,-0.789894202505444,-1.1572549452417213,1.0285861555610372,0.6448731226966056
0.30924311862708465,1.7628731038908736,-1.698024972288139,0.9778057266408345,1.040684417513561,-1.5321946170188905,0.35061257928455253,-1.839932965507264,-0.535691561095639,1.929163789915426,0.5404944300126093,-0.8578020391659968,1.3239728727983378
0.018320645426533562,-0.25927425283927424,0.26976396423596316,0.08670440688918814,-0.20138091598716304,0.19499293379921906,0.03597968456356873,0.28189615699487414,0.24711659926052176,-0.14166729327766367,-0.30838025761455606,0.27403087767022377,-1.2566061775882458
0.7198311060468988,-0.07884846248508755,-0.13820008982909154,-1.5910194530680724,-0.6022047585547078,-0.6234366254353597,-1.2276455086304001,-0.03840926614511151,-1.1059197388083415,-0.9805507066287752,1.3893691176397747,1.405863794506444,-0.5775064274865134
-1.8822477043164052,-0.010871243844087792,-0.1616990997570477,0.9314346387536664,1.417705402724866,1.2265963162774334,1.5036447787260716,-0.08569728681673665,0.6878718014130963,0.7545474363421752,-1.3694736171485127,-1.4865981040750083,0.1015933226152191
0.7240439510062979,1.4315950241580992,-0.15984963066453103,0.8147329025301074,0.48694664706419766,-0.6431657358969494,0.04154536485030369,-0.807038333085458,-0.41992650902210216,0.6737057009864461,0.32827575810581794,-0.35476518723878775,0.7806930727169522
1.0999730231814422,-1.7374910531757848,2.1256122020827495,0.48706007968672294,-2.0896334133181735,0.8503673845566869,-0.33362722350282503,2.0682309252963926,1.5873925151641264,-1.2498216376916038,-0.5205989295213475,0.7770677295974329,1.4597928228186843
-0.08082403668381959,0.6395290347054674,-1.2322945467914703,-0.12025033582759317,0.52371700832827,-0.8927942587944346,-0.020124365823584497,-1.0148564546519176,-0.5411793868389019,0.8349566640358878,1.1771504457329833,-1.1093204651296014,-1.1207862275678993
-0.5220532267893558,-0.5593968871657582,0.5270866213433841,0.6122209580143754,-0.009161817690892998,0.7815014761448158,0.6040739300827823,0.5772365476377139,0.8436264898396225,0.024722215208804386,-0.94503627333493,0.02251245170661922,-0.4416864774661667
1.0386559959318862,-0.08233095457000901,0.2998965002016741,-1.6012577369721608,-0.8461932825992998,-0.5143077472867308,-1.4043686200887793,0.21026757762324091,-1.110927306453259,-1.3134702418357362,0.7527131019194007,1.1543453685428389,0.23741327263556614
-0.4140996990244591,1.26455718256135,-0.13011226556820732,1.3759135112811751,1.2281476345754134,0.19691031583145494,0.9496840490018367,-0.7066247559758101,0.10828134244025439,1.0337055324357367,-0.09616158570776473,-0.7320428261841946,0.9165130227372987
1.8896161106659648,1.2933691149657651,-0.7915553823605408,-2.2640349491009504,-0.49579260690188204,-1.9674048369154533,-2.211891245298482,-1.093875625467211,-2.570157168438248,-0.9527246683253068,1.6015877895465662,0.39979009065202586,1.595612772839031
-0.25164386534716104,-1.3237062234134143,0.4076482429200388,-0.17443192885924805,-0.766706253585736,0.4952038191015966,0.04302585191356043,0.8926793969645601,0.8110124812782309,-0.4220700570454299,-1.634746957032002,1.5316230074882466,-1.636902037645216
-0.7131730271469127,0.5153699037182721,-0.7941809288726792,0.4600613756395931,0.9128513328503965,-0.10075623077679985,0.6263498459709667,-0.705735454281289,-0.029398503865790356,0.9041476668583799,0.06300241822232877,-1.3608388910932059,-0.9578022875434834
-0.6290068785542966,-0.19634199891645837,0.44023044117321286,0.7698235157249519,0.3344009498692914,0.7912718686485811,0.744836540435685,0.3464631459068422,0.7013399670684705,0.1966603388463367,-0.7858722694048366,-0.2290059742569855,-0.278702537441751
1.1425054100342442,0.24672769844156334,0.1316973782993244,-1.6635097685398417,-0.6868733314721438,-0.7186466987603951,-1.493069926117142,-0.049329483777351954,-1.3896588133035117,-1.2307177899743622,0.9118771058494942,0.902826942579235,0.40039721265998207
-2.4492509501497683,0.053698321468456184,0.3249409957877629,1.4300996752415933,1.89383575816643,2.0091616962113266,2.071856427059121,0.15626076800930702,1.0062398622036597,0.7320386135207327,-1.2103096132184192,-0.9835612521477992,1.0794969627617144
0.26244887505981396,0.18777319303465617,-0.18723500649305888,-0.3131391959078925,-0.06297597146908039,-0.33289338831342175,-0.3065158987031078,-0.19957121885652201,-0.36177912264581685,-0.07392126730351194,0.48743976203591144,0.14827166468842132,-1.5010820876248694
0.3316733842098029,-0.9702975433056096,0.5194683641485286,-0.480385932471276,-0.9529134999053873,0.162689660936254,-0.43210275905858425,0.77872054315568,0.3370595764870655,-0.713598537165343,-0.3614349255912539,1.2801045815246417,-0.821982337523137
0.3724341755558805,0.8859875585760941,-1.3290769234641089,-0.3694627166918682,0.35866762818731446,-1.2928873204886002,-0.3953809074321707,-1.1928335821611589,-0.8978796052320138,0.7372674760132838,1.336314449663077,-0.6062836132023922,-0.14288258742140458
-0.4939317101760899,-1.6789428343525041,1.0646495413700954,0.6228030958127975,-0.8401081093211804,1.1760879479935562,0.5945563005799666,1.440899301157425,1.6450112378574424,-0.3680239546807993,-1.4225282851252106,0.5255493036338283,0.5362171626803287
1.442577557009402,-0.9996204740169646,1.5196922711848992,-1.768814743695558,-1.8154907174220132,0.13687451023870278,-1.7099600633806158,1.357180862332011,-0.583007388638714,-2.33510435227267,0.2752210901291201,1.6573822204700486,1.2153169127820609
-1.1209100222265451,0.20356406018539738,-0.578508052117754,0.4961224592575213,0.9961653577153972,0.3583891530069044,0.8644950285190272,-0.42802000973088195,0.2179767980902083,0.7682400930646595,-0.5736535974980452,-1.6822235464911452,-1.365262137604523
0.26171348119147175,0.7276828023399985,-1.0367781215963168,-0.2793618745807293,0.3280398306785437,-0.9878614802214104,-0.2882692375682481,-0.9488009518121384,-0.719861099582869,0.5811467863642964,1.1240957777562857,-0.5503906296549247,-0.6861623875027903
-0.12757824408265647,-1.2448402659078028,0.829265208806602,0.4057498998439292,-0.8036351511619181,0.7314448055296751,0.28299204633347813,1.09082761518598,1.1787720047504995,-0.34069383113213214,-0.9980909413116279,0.5814422871812958,-0.0070626374010579725
-0.2434163873417022,1.1849397471905818,-1.8057685121271116,0.5459035768103331,1.041297586974591,-1.218545773696901,0.4193066650480979,-1.6112349532920307,-0.44137838117458006,1.7152308663645526,0.6996584339427028,-1.3049459075457384,0.6720371127006749
0.9116767418543297,1.5365642937952526,1.2601484700913477,1.863055006908833,0.42075129436864045,0.3177746401921191,0.4947703635631065,-0.05922579660982638,0.2711799741533566,0.33104773575336477,-0.14921625368446256,-0.17311299070951788,1.3511368628024072
0.5437756413156808,0.08939494695572356,-0.35942099098261343,-1.279435632929931,-0.34719229508885247,-0.6677285495288645,-0.9683728480313971,-0.24735614274371526,-0.9976601324548511,-0.6037935070530365,1.5485331215698683,0.9587199261267024,-1.2294421875841763
-1.4824519066237187,-0.33672634313857386,0.07848070305913182,0.722747055991945,0.8792539321803781,1.1248821321554707,1.1785324493291964,0.21286730070223134,0.7664830092978653,0.43374977040922535,-1.5286376210786061,-0.9276682686003315,-0.550342437482444
0.7634527997614206,0.49917003539547405,0.44908440235845815,0.15206811588834365,-0.21722382664262677,-0.20161401961612635,-0.3298522472565583,0.0031429879037045616,-0.24282134777488207,-0.2305752744280584,0.16911175417572444,0.20416464823588912,0.12875731261928844
0.6132980392973063,-1.9880559938670046,1.3925044719370252,-0.2819718861843806,-1.9022447365518074,0.6341199718822916,-0.47856330216394677,1.780497588331076,1.2034473614291104,-1.2280395308022405,-0.6797629334514409,1.3359975650721094,0.807857062721022
-0.13871405534415515,1.5236379175573025,-2.759878877050134,0.6036963345577117,1.2069427905591759,-2.029895648027811,0.3935914565735721,-2.318637754409532,-0.6392826739832035,2.464450767770996,1.0179864418028899,-1.5564643335093429,1.4869568128227537
-0.8957622938423225,-0.3609412897916455,0.18234916539871943,0.5595723432441493,0.41739779046862835,0.7838113899424841,0.7770514989235004,0.28353946773352734,0.6644935343343971,0.24536010142612955,-1.1042002772650235,-0.4246314166731224,-1.09362223756383
0.7640626104736373,0.11206234758240745,0.16387710497367447,-0.8672024367264195,-0.49763924001326615,-0.4221139574489407,-0.8688705070185135,0.036248666267869316,-0.7127026605661253,-0.7124302595209636,0.5935490979893071,0.7072015001630982,-0.4145224874620976
-1.089336413891181,0.7449347645191882,-0.5370901334985564,0.9687831276673667,1.3637677820299354,0.36767836713381585,1.0973337809027657,-0.6757919246874806,0.17934649636143973,1.0592736001443446,-0.25532558963785823,-1.1791866945639358,0.2645772626396355
1.1413135458114105,1.185166694606453,-1.1491787020710325,-1.0761898135648749,-0.007298159670498809,-1.7060977958303751,-1.182027394230951,-1.241262244932197,-1.6260467082466061,0.12218982807998222,1.4424237856164726,-0.047353777727715596,0.9436770127413681
0.19881655662028191,-3.3384314621689604,2.628090789366796,0.5063627635275556,-2.56490885535793,1.885059091357906,0.16078693930556684,3.1531995625839326,2.73641064686818,-1.610526652873603,-1.3164189491718148,1.0844791391085045,1.6227767628431002
-0.24676519792254298,0.41409672607543374,-0.6416192261522278,0.13065471701633793,0.4863656396266411,-0.3178995240179777,0.20164454938503001,-0.5690268088667274,-0.19814881629823694,0.566337450864976,0.38133042608251577,-0.8019090556185293,-1.6097380476411467
0.005663812849858745,-0.39998327265385364,0.42251466787707936,0.19252915946814977,-0.2935547208117623,0.3219403097111304,0.098709514390329,0.4384607037357224,0.42414344256865116,-0.18325600394164468,-0.46754426154464956,0.3299238612176912,-0.9306382975394142
0.8256433596438147,-0.12961742889846137,-0.0201927179024163,-1.698446794123571,-0.7190600767414873,-0.6083517086811092,-1.3412769162523048,0.053530473527321744,-1.1483761879186911,-1.1414997995603537,1.2302051137096812,1.4617567780539116,-0.25153854743768167
-1.9005811589849226,0.3294767042827535,-0.2882767827161298,1.0813368422676475,1.6777279464923456,1.1420931922516209,1.5927199881189316,-0.32748810554802893,0.5560593964704101,0.9507953292250926,-0.8919816053582322,-1.4307051205275405,0.4275612026640514
1.13532957553613,1.6247870478752395,-0.94156451478953,0.08455316753809138,0.315164298382055,-1.5416092786647637,-0.565352445950055,-1.3444014341628525,-1.090084198010648,0.7581076367658731,0.8057677698960984,-0.29887220369132017,1.1066609527657836
0.27264050732726575,-0.4424711850135262,0.2679320692126741,-0.40409175769049427,-0.5264831620353971,0.01099032975306606,-0.3600610764397142,0.37260817601270024,0.01859078100173319,-0.4745021773381264,-0.04310691773106689,0.8329607131449004,-1.4739180976208002
0.06837946276879302,0.6841615414280096,-1.4071409965169974,-0.34458571373259683,0.4429919186263881,-1.1348241993213626,-0.21885750902357487,-1.135760375020269,-0.7366370954483226,0.8122873776402357,1.6546424575232639,-1.0534274815821338,-0.7948183475190677
-0.9480585477651595,-1.0895852315770245,0.5936142464927617,0.6321532878008682,-0.06994450809585886,1.1386841434936887,0.8435109710540447,0.8802517909977039,1.2340375682544635,-0.011202441909384023,-1.6612742910203508,0.07840543525408665,-0.11571859741733527
1.0152117808915508,-0.7885743330023213,0.92205602140765,-0.8957410711379784,-1.3391874650397246,-0.017426016790343463,-1.0189017065098318,0.9146322507123597,-0.09507219057164601,-1.2959553115945024,0.03647508423397986,1.210238352090307,0.563381152684398
-1.932718767236601,0.4454004241341963,0.6115123633418565,1.7401604572038023,1.7859033875819241,1.8594316443393293,1.9581805093090972,0.12162307532822979,0.9549751932142226,0.7299565101498653,-0.8123996033931855,-0.676149842636727,1.2424809027861303
0.4619200200349969,0.18795738363627418,-0.2531393049578103,-0.7432669958847792,-0.21391723035171245,-0.5269547210707344,-0.6410215590117435,-0.2368103703600275,-0.6760035607343803,-0.3177747716345959,0.8853497718611453,0.45568307419949383,-1.3380981476004536
-0.01652876601541856,-1.5502859581409774,0.6398971966960494,-0.24363455937580358,-1.1086374297944004,0.5056029310103578,-0.11988102939533524,1.137056913059054,0.9211030194022797,-0.6419876085526237,-1.2368369472067682,1.587515991035714,-0.6589983974987212
-0.649862317233191,0.838765441210824,-1.376435381947042,0.5144815073930807,1.0987787609177688,-0.5954699264852384,0.6210928771737043,-1.195878424186641,-0.21891741280145374,1.3744067526337644,0.46091242804756255,-1.6403038088305444,0.020101352603011352
-0.5438836860521493,0.7686743538487608,0.4219008159630632,1.3460755517537297,0.9678238104924776,0.7160147149340504,1.0036504993890323,-0.1471461089738217,0.43802894970246176,0.6026850497967191,-0.38796225957960284,-0.5084708919943239,0.6992011027047442
1.7988307376505583,0.9927852657497541,-0.2375588781462224,-2.406499603035796,-0.6444141586367654,-1.4747691400978618,-2.238403550883945,-0.6310842640505253,-2.4611027805140444,-1.461911730836266,1.309787115674728,0.6233620248418965,1.3783008528064764
-1.3709462523598481,-0.21257634732107614,-0.14365795646737928,0.581424665505731,0.8845867380793279,0.8734273537569767,1.043928106821749,0.02548500149917798,0.5752734481410848,0.5027923659212113,-1.4490556191135595,-1.2630261698851375,-1.2022781975801073
0.3049279773534776,0.5172681738284006,-0.06816223919864788,0.17642113467513196,0.14313987053432134,-0.27151634260482677,-0.07060535217607691,-0.297466203262071,-0.23786790125184293,0.1708437894213316,0.2486937561407712,-0.1311932530489171,-0.5231784474783747
0.40439340158958215,-1.3201001045546843,0.9120181783857757,-0.07479362770805603,-1.2609645779210656,0.4133664385635965,-0.2568189726937448,1.1751612044711797,0.8812153241596944,-0.7294793213477047,-0.6001809314863942,1.0006396637873034,0.15592130262335774
0.39327760893197333,1.332792550927369,-2.0064784087958816,0.08979735153562106,0.6660075610859355,-1.8305257760956972,-0.1638588769890269,-1.798409252990914,-0.879256899807269,1.5539845050343921,1.0975684437679367,-0.8857485309397307,0.8350210527250909
-0.3253413627029767,-1.466494637757411,1.9282717713649258,1.478519884797393,-0.8141531866496902,1.7214077043363245,0.9562201890945234,1.8212858099585905,2.1192779214319404,-0.4278837797441011,-1.0246182752999768,0.24608438589649007,1.514120802826823
0.568565210003315,-0.34357457303993727,0.13273047677249641,-1.1459692426289312,-0.6790878079269786,-0.30578877037546015,-0.9111550797739876,0.2468747221184503,-0.5932620405536265,-0.8790775558754504,0.6731310999543539,1.3779173027327103,-1.0664582475597606
-1.034023551634648,0.5592592555096993,-0.7708457285498189,0.6669100262957696,1.1875959787890855,0.14760377495240726,0.9080711354142521,-0.7145622633706,0.0905357748407528,1.0276355096923386,-0.17574358767281148,-1.514544595848742,-0.38735849745802825
0.6268457199844398,0.9661521410797177,-1.3520744007968442,-0.6673251744382628,0.22395713972897335,-1.4932868273868554,-0.6895043115732876,-1.2459423156859908,-1.1722183174331133,0.5515543326558342,1.5220057875815194,-0.38271167901252173,0.2917412526437048
-0.4056251307907399,-2.203056027226028,1.454739485375528,0.6611905705878647,-1.2860242833537616,1.4136763387008564,0.56739510754843,1.9232477866437532,2.0445921515163734,-0.6321153562979286,-1.555164955066955,0.7491212378236992,0.9708410027454374
-0.701139470842746,1.7327259733531077,-1.3296446266383017,1.7138713939576729,1.7841207677855608,-0.5225523360611072,1.2825300399556152,-1.6171980473333656,0.023180080092026392,2.1562945435011196,0.14258442018737552,-1.1372669569033353,1.6499407528471697
-0.39178684649573836,-0.36126037224245733,0.19555234570261587,0.2768417711129959,0.03546861318284816,0.4321692306835971,0.35682882831924945,0.29114122628472744,0.45826031128479966,0.04301708337952539,-0.7062902674397898,-0.00543404006711481,-1.5825740576370775
0.6393390357956119,-0.07738933459705803,-0.04635688077717612,-1.2640700112827579,-0.540186843476554,-0.4947822945743167,-1.0116004859225045,0.012627363426415052,-0.8682045915634619,-0.8262532347666592,0.991459107814541,1.1263988767691056,-0.9034743075353449
-1.3834859800648804,-0.14812272266240986,0.16702663178511062,0.8612202766977034,0.940696422876669,1.122150320355977,1.198539654584876,0.16832392696741683,0.7338978453987766,0.4621613370546699,-1.1307276112533724,-0.7599893179579285,-0.22437455743361234
1.1481807943722404,0.7031383026649956,0.2623330256721136,-0.5808039504941688,-0.3610987860256517,-0.6219246326140372,-0.9239029317228218,-0.20426608602725885,-0.9225844549569635,-0.5906650693434577,0.5670217640009583,0.37184359887829216,0.4547251926681207
1.1027204720697399,-1.685149960089687,1.6565042428995358,-0.8612535122931595,-2.0538615520048027,0.4864374446925933,-1.0476953043647366,1.777606280991959,0.565703215434927,-1.818908077967079,-0.2818529236262072,1.5036765157145124,1.133824942769853
-0.16978761879695103,0.558517598316756,-1.2843750120910975,-0.17707971831952357,0.5325089027378345,-0.8691073755146016,-0.002356808488273189,-1.003641245912636,-0.5252483064527628,0.8350081884290297,1.4158964516281236,-1.3887853828669399,-1.4467541076167307
-0.9570036051262347,-0.601955965663432,0.33052972943755954,0.5973805483708893,0.28948031143519587,0.9421137709269292,0.8299397597685322,0.48776088025442543,0.8629600770932386,0.1608571100859007,-1.3429462831601637,-0.2569524660307194,-0.7676543575149983
0.8556124426453433,-0.12945200546833843,0.44969338903986283,-0.8458425276001622,-0.7416382787904092,-0.26731021941965233,-0.9067735465717571,0.3182985881361194,-0.52589299356891,-0.9105356583308306,0.3548030920941669,0.8748804508055013,-0.08855460741326615
-1.39318921107,0.6857214598960655,-0.1600018595944161,1.2179610452971328,1.5510756575777767,0.8767859665417747,1.3922930626265977,-0.4335925219014711,0.4032815408675353,0.9483890990326701,-0.4940715955329985,-1.0115077439215332,0.5905451426884674
1.5462300216385627,1.3750041532424526,-0.7760112620632207,-1.2514703440196202,-0.1766826720483949,-1.7088768982795794,-1.4922353572019351,-1.1259968164343845,-1.8886201504589337,-0.27480402580238816,1.2036777797213323,0.12032517291468721,1.2696448927901995
-0.0036923576689862274,-1.161383061546271,0.46959944223288475,-0.22291499606676074,-0.837107564606349,0.3649875595688401,-0.11582792036041431,0.8463071114962892,0.6605359941721431,-0.5011759064400317,-0.9185089393465811,1.2521580897509075,-1.3109341575963844
0.14585751136108388,0.7566931774477542,-0.8984761779929417,0.007118586174415663,0.43676634849841944,-0.7979706745410107,-0.07461045825400105,-0.8853754863916825,-0.5312291252332043,0.6733219799067285,0.7792404359077496,-0.6342301049761262,-0.6318344074946519
0.6830578931814453,-0.09768053767874053,0.6996020610819571,0.034766253561488575,-0.5879728697570519,0.049401628795562036,-0.3486489088735732,0.44324835556920505,0.09463420350406165,-0.49683712392214646,-0.06963425171941581,0.4976028118600943,0.04726534260708067
1.228132098973984,0.05090374467721881,0.09432879386040784,-2.2860864469682873,-0.8933433539695632,-0.8089555436028424,-1.8681146661374852,0.027675887234628667,-1.705463796864667,-1.6268463480871589,1.628115123534915,1.6294357286963146,0.7263650927088136
-2.7531382862740665,-0.18666736984753546,-0.011808713964218854,1.6454443989770549,1.950161660325576,1.9675062829273322,2.3489532216832925,0.08682657887090452,1.3338895022850417,1.1292182448441632,-1.608219623043653,-1.5983840711699437,1.4054648428105454
-0.15841743794081603,0.36086712428696693,-0.28119569193804617,0.26659053942050176,0.3809579785980641,-0.10323090268402717,0.22601611524209275,-0.33921709774759795,-0.06114888555456752,0.39074173307987364,0.08952975221067769,-0.46655115433372313,-1.175114207576038
0.02562907152580986,-0.9643778555368595,0.6643761613231148,0.16831930419287,-0.716842103108396,0.49422332010829584,0.07518665744067626,0.8574331515279479,0.8065695492494412,-0.37968844497222015,-0.7593449354164877,0.6652817625024973,-0.49601445747430556
-0.0871799327519822,1.0192238130994835,-1.6701736608638649,0.2197094284348597,0.8031233992929606,-1.2260926873573015,0.16296157903787586,-1.4518168900080792,-0.562098695769158,1.3922316419189937,0.9384044398378432,-1.2211064322245369,0.18308529262742707
-1.034528435755634,-0.7850511298087391,1.01008658747762,1.1963041624496489,0.2157825469723521,1.5221097354959687,1.1881303944081942,0.9624862031249883,1.4301123437238428,0.06308547577818514,-1.1837822792300703,-0.08927351538831635,0.8621850427291602
2.0707457797064484,0.07097557013891989,1.4098663117830004,-2.212744836105379,-1.5170021118928982,-0.39885958001144334,-2.282109347442232,0.7591257207411773,-1.6661363904118853,-2.5556781230082657,0.5139670960242604,1.0425594014479038,1.5412847928308924
-0.689075130579403,0.27966687812619556,-0.27698382676476285,0.5440089159724696,0.724141416921533,0.2810050103075295,0.6577682570323555,-0.29617820291809827,0.198995059598326,0.5765105602875782,-0.334907591602905,-0.84382879327913,-1.0392942575556914
0.6975850476203472,0.5448233297332469,-0.5938356792057295,-1.0637747150577788,-0.13432109448380178,-0.9590273579277132,-0.9370401747876287,-0.6075612038601482,-1.163034971154796,-0.28253678750248656,1.362841783651426,0.28800412355709065,-0.360194507453959
-0.011449083946544768,-2.0259431458294124,1.0999744052937068,-0.03591487250223167,-1.4564765878076065,0.8569453702684029,-0.012829363039247603,1.634587022541935,1.4099850935430123,-0.842846810043921,-1.3960009511368616,1.419837040393311,0.31890524264777453
-0.7651889005006982,1.1879681357963567,-1.5537562864331418,0.9944836231240544,1.4386651686593657,-0.6494895488681413,0.9367445587865356,-1.470705057247713,-0.11595691839556864,1.8331830116968213,0.30174842411746905,-1.4726248581881414,0.9980049927495067
-0.5915111264565,1.0169329750652585,1.4968845405775366,2.3668462182149383,1.1834345338432306,1.57965188986973,1.5687252573287849,0.3344403796081769,1.007437187623305,0.4979604225844544,-0.5471262635096963,-0.3407919413519209,1.677104742851239
0.44067712829405997,0.03891319493431672,-0.2724028929951095,-0.9867269550606735,-0.3056161038993698,-0.5265668968282848,-0.7582773004531782,-0.17302732076177554,-0.7481273398304739,-0.4692216705002708,1.1506231117446346,0.7910409754842997,-1.6857972196525406
-1.222955054687755,-0.014906569406418628,-0.16521312989282233,0.638827080945385,0.9154552939523217,0.7505452781561779,0.9947464737423038,-0.08565708636996386,0.4770605513399287,0.5579166441511445,-0.971563607323279,-1.0953472192427345,-1.0066974695508082
0.6345223142841698,0.6587356794159032,-0.31428723587152146,-0.36235858541678145,-0.004178344646926166,-0.6980555926164314,-0.5324524568294395,-0.5070409493057398,-0.7315907995665977,-0.01290817328604794,0.7261857679310517,0.03648569759348606,-0.32759771944907573
0.8177578639639393,-0.9292563456127488,0.8691488904117303,-0.6441489986731858,-1.2913810413058853,0.0835137407875326,-0.7798371520118845,0.9552643852246878,0.18837973289607926,-1.085275319566333,-0.12268891969611365,1.168318614429706,0.3515020306526571
0.7123317387873418,1.310968113807894,-2.06269007881329,-0.4628303407756492,0.4085806507304259,-2.102963101813106,-0.627361216600065,-1.8191632959056379,-1.2673327651943065,1.219505742644468,1.5750604555582173,-0.7180695802973276,1.0306017807543892
-0.5633990653726167,-0.9683723341515171,0.35448018852990487,0.22393124099193223,-0.27361567963077077,0.6780049448897316,0.4210765803314519,0.6847609395044729,0.8500109917358842,-0.111255092566707,-1.5021102870902574,0.41376333653889275,-1.549977269632194
0.514876662116808,-0.6936465994429177,0.3499602923222041,-0.9594226700480579,-0.8915950704499571,-0.0996314256538431,-0.783715978081546,0.5446313427188866,-0.20886986661107496,-0.9136734231256275,0.19563908816407335,1.545596253375113,-0.8708775195304617
-1.4077354561095126,0.35799804510708405,-0.38574815636689297,0.8407968396026075,1.325085351076877,0.7130466407002453,1.200775559915974,-0.39671118967634755,0.36018988948729885,0.8595240438964691,-0.6532355994630921,-1.346865645206339,-0.19177776942872932
0.8362109849837812,1.1292327736867462,-0.9452176465445166,-0.4262944693131231,0.18332788289328408,-1.3296755663491229,-0.6746150241781192,-1.0982881784828977,-1.1118190371812784,0.41297412098528424,1.0445137757912388,-0.21503272837011864,0.4873219806730033
0.2231097481388269,-2.5277301519711246,1.7557589168874317,0.45873107937554036,-1.997014424722304,1.1945382081077325,0.12256000528359179,2.255513156987348,2.126914117778728,-0.9939373834371765,-1.0776729432766745,0.9168001884661019,1.166421730774736
-0.21879781223210332,0.5269518520525561,-0.872303176228173,0.08798857451036995,0.546799873666348,-0.5159713704370232,0.16406770287157282,-0.7555692122391103,-0.3093092031630451,0.7089158215630044,0.620076431977656,-0.9695880062609322,-1.4141573196118478
0.1237388359174953,-0.0608430233862213,0.3447546490857235,0.2405098395546112,-0.13771795116280156,0.17716966990708863,0.06062310243569141,0.22479073804028887,0.2187606447225516,-0.09273033473196736,-0.2287982556495093,0.16224491057528817,-0.7350575695101152
0.8960088608654337,0.052718911797697665,-0.1639576206296892,-1.8049628219169245,-0.6404887907429994,-0.7697977437572524,-1.435380315042988,-0.11881609129537045,-1.3554178476511456,-1.1070673192622558,1.4689511196048215,1.2940778274115086,-0.05595781940838271
-1.7233069299575876,-0.3224654908161114,0.5088351295241001,1.1806724968853135,1.0719848606148674,1.6298598804747984,1.549965861251096,0.4482944571887045,1.0907659893855286,0.4253772016709579,-1.2898916151834658,-0.5923103673155254,0.6231419306933494
1.9085819617911937,0.8523535214939006,1.014854921263546,-0.7071022889880644,-0.8290962452455114,-0.5872194321945272,-1.3992338041000434,0.14516571814429113,-1.1205919324881717,-1.236548759808218,0.4078577600708647,0.5395225495206952,1.302241680795082
0.22880139253451665,-1.0557221437687763,0.41012826194527824,-0.6048689566794156,-0.936779292627384,0.15218132991909136,-0.4426172409230029,0.7598715012360239,0.30671621623488965,-0.7170126988353441,-0.4410169275563007,1.6713554663569157,-1.2783373695915012
-0.2769022229848845,0.7155497689184789,-1.5348935555255945,0.012060690496373646,0.7271993908442951,-0.985501110579297,0.15516022866083276,-1.2234871566524204,-0.49845325996434436,1.1501877174456798,1.2567324476980302,-1.6682503006042781,-0.5992376194897687
-1.1011967693106777,-0.010463844353781252,0.34673286344763465,0.9909249070615765,0.8264515565414579,1.058139483694851,1.1154086920847155,0.2006759902914282,0.7310247973152784,0.4167779853157497,-0.8654542713698833,-0.5364173837680576,0.07986213061196369
1.3706781274955153,0.656981200534492,0.16119800228820128,-1.4424255970647726,-0.5629932018924262,-0.8597011893024745,-1.4988281881201417,-0.2381554062340184,-1.5190484843500913,-1.1021236871383882,0.8322951038844474,0.5954155330681626,0.7589618807136965
-1.1739706862238364,1.361768355065514,-1.0965675026711736,1.5669795688112655,1.8739573820557096,-0.003243623645899323,1.4589601706415882,-1.300049650847304,0.17889026626694207,1.8828599224740976,-0.016579583742717976,-1.2909726616588715,1.4380616308154288
0.3541593307115917,0.49489133372885435,-0.9195608390908739,-0.7666854091934693,0.08967049942976597,-0.9637897658824768,-0.5954959761727259,-0.7661501317552132,-0.9106930233814299,0.1621028132161153,1.6811697915116128,-0.15913974482265084,-1.1425174195711547
-0.39251086724349454,-1.5587629120034612,0.6705777893359067,0.16114500774770618,-0.830008448364413,0.7992123003752936,0.2960714290604924,1.1585952437996607,1.222696143528929,-0.38918770816298054,-1.6745379580145252,0.9726931720135693,-0.4634176694694223
-0.4978018549967509,0.9247292418740586,-0.5578102576386922,0.8717792947019869,1.0457803801104422,-0.07300168943437216,0.7282212333559747,-0.7775114318429494,-0.018947084738466506,1.0086367474997486,0.0232114172398054,-0.9136950227134646,0.2156820806323103
-0.11561667724715705,-0.8231480257577656,1.278074090662659,1.08513576014562,-0.5077296801508316,1.0691519006653034,0.6356243127249493,1.1326159921813552,1.3759406877677505,-0.21199764527246162,-0.82566327038736,0.21813789412275597,0.8947818307340432
2.0527223409051745,0.027791564409662028,1.3307247335752717,-3.057009777731595,-1.5345819787109214,-0.4469842182337525,-2.7186240097254997,0.7361440704769792,-2.2520336247278623,-3.071681369670307,0.8720861048669709,1.3499708109589763,1.5738815808357753
-1.2651208712413364,-0.10233784587262647,-0.3144802834785739,0.490911541241321,0.8841609461049377,0.6656457253960861,0.9392289103907667,-0.1260060430852531,0.4310285286225913,0.5682526812560831,-1.2501006142009425,-1.542491087622476,-1.6586332296484714
0.09396836021944507,0.5354285333118045,-0.4667337178559711,0.07964748787517499,0.3160488609884626,-0.42759012983614336,-0.008397236990398477,-0.531215386374229,-0.3214093507420923,0.40148863655835265,0.4476487610533881,-0.4106581707862554,-0.9795334795467389
0.3646941995306499,-0.7149240757339026,0.6960352720603653,-0.007499527076230633,-0.7932383447239204,0.27521899842363196,-0.19992232169983273,0.7503519571617181,0.5013404155680425,-0.5229634372752144,-0.4012259265737773,0.7211747460499651,-0.3004337294450064
0.11198564313796756,1.0527150648098351,-1.897780579767391,-0.025763016859878682,0.676501003207787,-1.54470220877186,-0.0737884304797567,-1.5968796973502488,-0.7650932586494172,1.394423777230545,1.2965234486805535,-1.165213448677069,0.378666020656726
-1.2266604102765861,-1.1604984643005771,1.15260697820582,1.2135869130245458,0.08977763433662204,1.7700178539998603,1.3005014634903689,1.2308408022310529,1.708891161051533,-0.031182691138974757,-1.4623192861077339,-0.03338053184084854,1.0577657707584587
0.38030355357776996,-0.42641675612536645,0.20081171556900862,-0.7001573202009848,-0.5964140147338356,-0.11809560050449654,-0.5743833887968439,0.32673582027413434,-0.20898744878254763,-0.6261639261487071,0.23543008914659674,1.0984523849953713,-1.5228132796281248
-0.8793428353331507,0.14078248217655712,-0.09530217881543143,0.6546620745656374,0.7678052067305986,0.5577909755215166,0.8184844301672936,-0.12422051778343371,0.37825427414458074,0.5166847616373572,-0.6134445984805686,-0.7879358097316622,-0.8437135295263923
0.8083934346123851,0.5688291882367659,-0.37341750852533667,-0.9966638738518595,-0.20088373172877805,-0.8685106207708212,-0.9611116473823561,-0.49534473810676294,-1.131046358736436,-0.4008321932166472,1.0843047767737621,0.34389710710455806,-0.16461377942466
0.27800329110194444,-2.0575930576317982,1.2174274095671491,-0.19552078001075718,-1.6985895824598196,0.739757979406599,-0.2527116150014765,1.7166395185788388,1.3158724019537493,-1.0389133993613737,-1.0378819422941512,1.4757300239407785,0.5144859706770735
-0.33992731557692735,1.3768139139889353,-2.1577578377580098,0.8135975452421493,1.2531546023634288,-1.420845919996721,0.6126421244620878,-1.9057235802395545,-0.38192070870117495,2.1593950862023603,0.6598674329601795,-1.4167318746406736,1.1935857207788052
-0.2336825853748483,0.10183784949452347,-0.05544541768141834,0.27273657667157564,0.2506337716031831,0.12499164971696029,0.26970606788083173,-0.08225190909973083,0.12696760087566908,0.22696642837811287,-0.18900725466698595,-0.2848989578044531,-1.3869933296077785
0.666413765427402,0.20470852344119045,-0.3708833670409016,-1.3799534892911502,-0.3566813801945034,-0.7646208996456255,-1.0873934878281581,-0.31156565317543156,-1.1528086170674745,-0.6637110152249468,1.5087421205873448,0.8469339590317673,-0.707893579506046
-1.740507505151501,-0.2869035673561649,0.10185035500459302,0.8576011401816035,1.1107302797534033,1.328185055405287,1.388462987397824,0.2010884663545724,0.8296381576266698,0.50818872094001,-1.5684286220611297,-1.039454235695267,-0.02879382940431339
1.0109533065219778,0.8985574462934396,0.6801394101623154,0.5741844044684657,-0.11584036279562918,-0.2010282530898174,-0.23974910694805096,-0.06663524321465536,-0.2177074887092307,-0.11505072850284485,0.12932075319320108,0.09237868114095353,0.6503059206974188
0.807322322843837,-2.547555061329042,2.0302321677758663,-0.10249049692516615,-2.4538196755445805,0.9868822229466279,-0.487960126588687,2.420148067791136,1.7311452224982213,-1.5803006684325336,-0.7195539344339643,1.224211597977174,1.3294056707991515
0.07324606566776393,0.5790420852720128,-0.9199004316305125,-0.17876390065380057,0.36328442354623036,-0.7623698984749143,-0.1338346275502132,-0.8084840286792554,-0.541028167310553,0.5626888646635911,0.9781954408203666,-0.6621765967498598,-1.2511733795874318
-0.349378120385485,-1.0614151889838634,0.607758992005116,0.3574569513605603,-0.5029977374734743,0.7197749708166105,0.3766472274396556,0.874116979539366,1.0134749902422748,-0.2087752412308948,-1.143991278247547,0.46965632008636055,-0.5720736294856994
0.8981171968525562,-0.5427714639594678,0.44297677614837566,-1.5100810665216737,-1.0727400444619406,-0.30300898843905405,-1.2806663990511644,0.5215021249678959,-0.7179361389494371,-1.3578383819332611,0.5537580970067838,1.6014892369225808,0.107026120616033
-1.5403983194436268,0.7790320856699982,-0.8689050761735815,1.123574578874657,1.7300497487831392,0.43549464805442106,1.421508168181129,-0.879895025970181,0.26820851621555974,1.4115491786635133,-0.2951165906203816,-1.6263305629436775,0.7861258707177659
1.1694908048830819,1.6664929770832735,-2.130447349144628,-0.5348239511391205,0.3194528710685178,-2.483461401906516,-0.9110525967615437,-2.035400593498592,-1.571940063292876,1.2208951796762626,1.4026327846339492,-0.49449764610745683,1.465225620819498
-0.3988531873013447,-1.1246289408031478,0.4819378186892771,0.19202271331300774,-0.5112422980705001,0.6582137036970491,0.31579835929589706,0.8348552565880986,0.937482176325935,-0.22781224103245534,-1.3562099501543383,0.6373352707287632,-1.1153534295670855
-0.4893077525097793,0.7520183344347985,-1.016805710365014,0.46789154632256313,0.9144438451104672,-0.43325476933054485,0.5102000572252523,-0.9497306905141525,-0.19144308659348994,1.0751143948027315,0.3415394250999924,-1.2490529239982706,-0.43625367946535304
-0.17105840658845556,0.11833425002287944,0.6693502238850383,0.9454593583441961,0.21513386324367065,0.6392731646596332,0.5915946435180016,0.31801726456314633,0.6065180597103245,0.14578878094919578,-0.507335262527173,-0.11722000716205008,0.24284607063637983
1.44467525282643,0.3810392161447064,0.0765463274501745,-2.336423683290072,-0.8185960797293576,-0.9781435782104628,-2.0110719301726587,-0.14767820502296408,-1.9762580847168116,-1.647892160152207,1.190414112727158,1.0146129096741703,0.9219458207381125
-2.92831764846857,0.44374041338148335,0.5876536848314935,2.065677134110559,2.5387446111247316,2.555813582712668,2.665176734325144,0.10900647798241594,1.193855275660449,0.9693616612338559,-0.9317726063407555,-0.8717752850528638,1.6010455708398443
0.3276220010870203,0.19265640383404778,-0.2888194390063462,-0.5414665673355337,-0.10880496597570816,-0.4580656688244639,-0.4622073370511989,-0.2592747092075722,-0.5319732466850489,-0.15381645122120613,0.7659767689135751,0.26005763178335695,-1.6314692396444022
0.4159859484861071,-0.8030592618355669,0.4183245733845865,-0.706839345772414,-0.8958241814675105,0.024116199427635522,-0.5970878699382898,0.6379584070006846,0.05313874750180082,-0.7925455283834556,-0.08289791871359027,1.3918905486195772,-0.9523694895426695
-0.08069578211247087,0.7780471831662479,-1.679170271860266,-0.16099533799786903,0.6237952225258199,-1.2376896525731713,-0.0417272577978917,-1.3361071702934626,-0.6691296652424663,1.139691909359736,1.6148514565407406,-1.5005713499618751,-0.2732697394409371
-1.468496202380928,-0.7635562653388261,0.58318785929095,0.9577156333818596,0.5600038316978766,1.5042878932903734,1.2952160219709234,0.7111004749153167,1.2406490080727715,0.2182400553636333,-1.6214832900378273,-0.36873843312565463,0.40583001066079577
1.487433610009058,-0.12543084145698763,1.2844925180957782,-0.41893393790623895,-1.2172557762707967,-0.07680690074194797,-1.0206421825718504,0.7868187137744386,-0.21700054960344725,-1.2409391915117176,0.07626608521650323,0.7630944837105661,1.084929760762528
-1.0207042892117058,0.03265793622491534,-0.27564125936677386,0.5104263760802895,0.7966739305972872,0.5201343241559427,0.81821183551187,-0.17172000567122295,0.34957906150484364,0.5526443187163271,-0.7726086024106621,-1.1232937110164687,-1.4956492896240556
0.4779572487720892,0.5289436517013933,-0.5065958910722004,-0.5047624914375194,0.020535444562339324,-0.7340323626299305,-0.5235876798350879,-0.5504360584748964,-0.7435680809954717,0.03320418227042414,0.9251407728436687,0.008539205819751995,-0.8165495395223231
-0.043312830259208505,-1.6752241921206803,0.8188316279799043,0.028892257363263753,-1.1787063006969776,0.6628959765680374,0.038542734219085446,1.3004819285195743,1.2086812789597565,-0.5895448225283394,-1.1970459462242447,1.1403721226559722,-0.1374497894205907
0.19692422321538214,1.2807200629948738,-1.0354510224477167,0.613395668172479,0.7770622551706998,-0.9403220112472019,0.21837126598396736,-1.2250126098660155,-0.45999299725422904,1.1880648035800025,0.5007034290300859,-0.7460160720710614,0.5416499606811419
1.075141577937074,-0.14966317396235565,1.6894273681064456,1.0129555926373135,-0.9225207389652968,0.5316407743758819,-0.04234577400226579,1.0271954353633561,0.8457921450759446,-0.5671979912139379,-0.3481712585970795,0.385816844765159,1.2207497107828746
0.5256579317957363,-0.1865277624931306,-0.15325052520907068,-1.3499917793615632,-0.5330157576981156,-0.49564256118076094,-0.9959271224281276,0.0070330910781350245,-0.8535782493957965,-0.8052300679682778,1.3495781166572514,1.5176497616013793,-1.359829339603709
-1.551980338719366,-0.12943166588820584,-0.15953257746605684,0.6967167924210761,1.0818270835032577,0.9911522692944763,1.2021345620277792,-0.02510136538476053,0.6005215618077758,0.5931091008520846,-1.409264618131036,-1.3748121369800728,-0.6807295895019767
0.4317505862458118,0.8351598105042596,-0.10743023222976339,0.3878221190967661,0.2769845898932546,-0.3928673877169828,-0.02702343788449605,-0.4787989149506806,-0.30885231324099477,0.3440088171266544,0.2884847571232946,-0.24297922014385234,-0.0016298394002440646
0.6029042214652112,-1.4228782610435835,1.234861204222694,0.1069646796677915,-1.4856401560124746,0.5199467911855272,-0.26742315381443654,1.408602481940399,1.0868018485585094,-0.8459128831054354,-0.5603899305038708,0.8888536966923679,0.6774699107014885
0.5011590751832824,1.6131662873011172,-2.653723470691543,0.23376675702758515,0.7870651472041361,-2.4073849619680594,-0.14573743445229215,-2.3036389213468245,-0.9728853162455396,2.133574001360601,1.13735944475046,-0.9975344980346661,1.3565696608032207
-0.4639256346508932,-0.6225061564438142,0.35657052004011036,0.34992372245207326,-0.09882638428148932,0.6082007913344959,0.4342149461851434,0.5127302368354055,0.6968269711745814,-0.0270182587571046,-0.9848272743174534,0.13429841880155408,-1.2240093895833628
0.7224034281236239,-0.24528104996967132,0.1829080311386706,-1.282719391412586,-0.724515848097525,-0.3775207084988913,-1.0660892480291124,0.22593211325975437,-0.7628028842198363,-1.0095274064182922,0.7129221009368772,1.2661313356377744,-0.5449096394816301
-0.3458654067549261,0.7650949091926307,-0.08328116737480333,0.9121658595338095,0.8152610812397333,0.18405570074940011,0.6679267452932222,-0.43009898503966604,0.12371092467657135,0.683083067825813,-0.13595258669028812,-0.620256859089259,0.13419011062010233
1.2508669260878955,0.7899406546402166,-0.6118600387678256,-1.814287131588197,-0.37609584740515606,-1.3701638576906976,-1.6309818588145135,-0.7404747639210358,-1.8848506367851119,-0.7801729125767901,1.5617967885640427,0.5115760577469611,0.8132898607218352
0.23816603654532653,-3.0698838319715853,2.584446167147743,-0.017452185737927103,-2.4004994109355593,1.8231324974116614,-0.13719580154615213,2.9941113220680418,2.1635271595612253,-1.934735955887511,-1.5153739540844318,1.6434089745831815,1.4923896108235675
-0.7259642106570687,0.5082681011423837,-0.9324888431745935,0.38813166020987055,0.9174030821455167,-0.19828932170783528,0.5952075643408115,-0.7801360433932725,-0.07688947540747143,0.9580709540739647,0.1823754211698989,-1.5844108252830769,-1.088189439563016
-0.7207188723771452,0.04453137241071305,0.23050631783328954,0.7707679358266161,0.5780592523561192,0.6952962449165324,0.7946146848961407,0.1076235164565609,0.5312720738049119,0.3533401417474797,-0.6664992664572664,-0.4525779084468561,-0.4090896894612837
1.0587405245606498,0.44598026263849194,-0.08783469191340576,-1.4725215517928059,-0.47933384547174585,-0.8278956351853283,-1.3471226648200474,-0.2728537591806699,-1.3914448940472595,-0.937334260420761,1.0312501087970645,0.6792550083893641,0.27001006064044875
-2.373966243403918,0.22847899810767064,0.0378369565266457,1.4006734160904208,1.9632171576178339,1.7335853593511783,2.015852227981921,-0.09309493793820614,0.8608480439615982,0.9256094945957959,-1.090936610270849,-1.20713318633767,0.9491098107421818
2.0195254374002496,2.1812076584391775,0.010929339550452576,0.40106112679714595,0.0478959049826452,-1.4414868931893994,-0.8731753397567452,-1.0861830240700823,-1.253411516948905,0.26496302076402173,0.6068127649834816,-0.07530026950144929,1.628209560843914
0.20179461955806482,-0.6718439325831163,0.31688331426019184,-0.4216640914305988,-0.6387070139832531,0.09962431265491892,-0.3312809972085613,0.5150688073693607,0.1683635023394947,-0.522887892908971,-0.24206192264368379,1.0565326473347707,-1.6043052496403327
0.1256215110308365,0.6656803130209864,-1.249892378963375,-0.34274997239290766,0.38627272622074516,-1.0545902480887819,-0.24864480848387857,-1.0378719545535917,-0.7221950474897819,0.6965429395754025,1.4556874526106471,-0.8298555473922627,-0.9252054995386003
-0.5680508772832219,-1.0960440442052017,0.6552699481335411,0.5316743100523353,-0.3624237964651654,0.9134300593230168,0.5862201642247099,0.9182385390418368,1.1652431380249755,-0.1254940134991929,-1.3031552821776404,0.3019773694439575,-0.24610574943686775
1.0378251480887748,-0.5742230300666669,0.6470723867917787,-1.4502259640405488,-1.2012969095593085,-0.2458349837375071,-1.324100989072484,0.6522913312711864,-0.6519315896166571,-1.4689302997196958,0.39459409307669024,1.433810286280178,0.43299400066486465
-1.8877593974260405,0.8165810714858416,-0.6203173062550682,1.4209348776146546,2.020287517853707,0.8766897861182045,1.7653101502804878,-0.758583150619586,0.45873220965888917,1.4290790889242262,-0.45428059455047515,-1.4586516123012745,1.112093750766597
0.22399990543934645,0.4740018848493981,-0.820103317456433,-0.47580245099891033,0.17314289538315247,-0.7936016182596861,-0.3718248673343967,-0.6996295891701306,-0.6834717125052252,0.28617641436595964,1.2434687807038558,-0.3268186954650539,-1.4684852996199864
-0.03695458084935681,-1.0735260914223894,0.5889928801277862,0.061728098043052355,-0.7483780443102824,0.48099057268440304,0.05248023570428672,0.8696045840366693,0.8061093218200879,-0.396183724998328,-0.8787179383640578,0.8050142213711666,-0.7893855495182538
-0.07228421590325167,0.9436985211587807,-1.3981458302610852,0.21901863765775062,0.7372223952189456,-1.0268940545665608,0.15459267273072555,-1.260665726305306,-0.5090625001286762,1.1893699990485025,0.8190314368902729,-1.0813739733558676,-0.11028579941652135
0.7687027026076855,0.723557830775661,0.7487801853626262,0.7626002883117754,-0.05892429607756784,0.02585805350556575,-0.010003232427732428,0.05969344881986325,0.04393913738666978,-0.03782208305839535,-0.029843250736892434,0.05045894348035295,0.5688139506852117
1.6230765022174973,0.4977980904943059,0.004892179804379292,-2.6887242675878604,-0.8692735342132324,-1.1615142698728356,-2.2931240898956227,-0.24653856475132718,-2.316291416945652,-1.8344728368642624,1.6679061245174385,1.1822918603165729,1.2479137007869439
-1.1832310002976754,-0.49428122709477124,0.07979772306171848,0.5133667818222384,0.5386889052787384,0.911072449669883,0.9070952845949404,0.2925127297614813,0.7252786854761198,0.2901965855584013,-1.6480106240261763,-0.7040963344104606,-1.33266534959964
0.4493488809543616,-0.036367053639823045,0.3508832817538028,-0.12466212525951088,-0.36662601927531185,-0.0518735390311831,-0.307330409558602,0.21598763291831388,-0.06525153122867472,-0.3459466401679244,0.04973875122815432,0.4277365824257596,-0.6535655994979074
0.30440535109132033,-1.6602353506295506,0.8774165376288613,-0.3915596226063321,-1.4312195436410196,0.4584547737991208,-0.3705057661194429,1.325996895394392,0.8910273598280622,-0.9194308435598528,-0.799135936399011,1.55956949926198,0.025534150603825044
-0.13527434626464344,1.1832385171417394,-1.9954248772381835,0.39263411050204977,0.9581631878571814,-1.4425227409222294,0.28019556991657846,-1.7172826521100084,-0.5520949090127518,1.7519712072253115,0.8986134388553197,-1.3328923993194721,0.7046339007055579
-1.4746863775870405,-0.7228671964111789,1.3232538561193725,1.6249777803583814,0.594118164377082,2.079757127283236,1.651194191440816,1.1078611452719935,1.6990615023475848,0.12198281012596116,-1.2235732802125936,-0.20105948248325156,1.3837336508072902
0.5049635863378897,-0.20259803715360628,0.13499683303716775,-0.7967480121395331,-0.5289642868446192,-0.2583772461706917,-0.6924149177698667,0.17755145569078296,-0.4381885652930122,-0.642968534594076,0.474176095041737,0.9307734343529687,-1.1968453995792934
-0.8662006035277755,0.4092581271992604,-0.2939323429504886,0.7238024478552679,0.9520113072881176,0.3950951307546022,0.847963901252645,-0.37063019490483334,0.2384178440796003,0.7115472248614464,-0.37469859258542837,-0.9556147603740653,-0.5177456494775607
0.8576366178682431,0.7633143043767355,-0.6882480890902672,-1.0674547122153781,-0.09752902056671686,-1.146783853256869,-1.0249845509389726,-0.7701964226520939,-1.3206126655190076,-0.21479888763915955,1.3230507826689024,0.176218156462155,0.16135410062417166
0.011792883888830237,-2.393119461732544,1.4915049816243993,0.12858993984161463,-1.739618803815791,1.142358520933597,0.061623959599122945,2.0391539240257486,1.7904070306633804,-1.022132977281688,-1.435791952119385,1.3080510732983752,0.8404538507259045
0.7085587655521585,2.1119942503561204,-0.4248584030552526,1.5849378426170337,0.9907346761586306,-0.836525348118639,0.456923845040588,-1.297152562758197,-0.3398386315640504,1.3953303664285917,0.26195742313494563,-0.5783371214286585,1.5195536008276367
0.005003873671606492,-0.6496035453703817,0.4600212034706948,0.0729644164928788,-0.47357852543654494,0.3513536531500738,0.03587343219683376,0.584610442971298,0.5137915309709333,-0.29257643908904407,-0.5869172644922197,0.5534957954075621,-1.0610254495589468
0.7668246758289594,-0.2927960582481742,0.058520562064494186,-1.6262556103063253,-0.7925219117669007,-0.5053886792141314,-1.2715187799175556,0.17961660515970654,-0.9799807829676417,-1.1509060770431379,1.110832110762111,1.6853287122437823,-0.3819256994572144
-1.8777353467003939,0.24835520009428735,-0.3936190138496125,0.9899546828765263,1.601758597307218,1.0444103718660154,1.5321483767253083,-0.3462387302310444,0.5468368989891623,0.9669460857047478,-1.0113546083058023,-1.6915390437490567,0.29717405064451846
0.7022024511669517,1.5764337320211097,-1.212660129750006,0.4746387372241832,0.6082351887659996,-1.4398190690094135,-0.1264604873040726,-1.472989058348906,-0.7709523760349822,1.2254262883095546,0.6863947669485283,-0.5597061269128358,0.9762738007462511
1.9413475878020239,-0.065572549221108,2.336190362124093,0.6842293495425964,-1.517749792346929,0.408781158240462,-0.6815124388542533,1.3496305463085736,0.5461324426231021,-1.2722352974957614,-0.16247992067863704,0.5721267899233844,1.6553735508479834
-0.12778610044066824,0.5314881725597554,-1.257393296428399,-0.24530181163755452,0.48115051089434646,-0.878443667821518,-0.06098099790997189,-0.9748967529480852,-0.5559049556881304,0.7684790685396103,1.5352694545756937,-1.3142614048036498,-1.5771412596362635
-0.9628240447907067,-0.7375125805432651,0.32886302823530833,0.5314469132906038,0.19585497635058127,0.9450065557302865,0.7982208978001945,0.5547078589364116,0.9109105466733127,0.1172009614675971,-1.5419012880727807,-0.18242848796742905,-0.898041509534531
0.7383485339703343,-0.3703578503652037,0.5324573740909739,-0.6798933669856947,-0.8270469356985369,-0.11926092658806425,-0.7560597628787787,0.48559349179018796,-0.23393074362634525,-0.859113079551417,0.15584808718155,0.9494044288687911,-0.21894175943279864
-1.5140261899797436,0.43853232678237997,0.020266804327659493,1.174223846435484,1.4638291249838058,1.1026338497729713,1.4341062437120349,-0.2081925227654955,0.5465780067849861,0.7844855480460144,-0.6930266004456154,-0.9369837658582428,0.4601579906689344
1.5317127483263875,1.284716648775198,-0.39742693551835395,-1.1030278633767052,-0.2309829401452965,-1.406343624314913,-1.4059821441513973,-0.8673922831403,-1.7162167173317755,-0.4553953850068326,1.0047227748087155,0.19484915097797773,1.1392577407706665
-0.08972451048211408,-1.2247801051186031,0.44771728594461424,-0.20287490559850274,-0.8177972565150688,0.4098704309855641,-0.059009511950685434,0.8657223310242543,0.7201127437700094,-0.4712494777404706,-1.117463944259198,1.326682067814198,-1.441321309615917
-0.5160274717178155,0.6657190397800994,-1.212240570271685,0.2929520633875171,0.8722696501232906,-0.5648662421583505,0.43210062632261326,-1.0166689345677875,-0.2580113796451343,1.1013982257325086,0.5802854309951326,-1.5657798307672541,-0.7622215595141846
-0.2955251051222237,0.49211321589787527,0.15769673860752592,0.8238448880504962,0.5797161526449985,0.3338491617048192,0.5941995538241012,-0.15756341670125648,0.25273541604707495,0.44365284196644533,-0.2685892566320327,-0.4339469139310336,-0.08312180941245224
1.18011335154574,0.5775386167545381,-0.372743547732425,-1.8614599310686732,-0.47611651716840114,-1.1348671989619914,-1.617895405150711,-0.49932652061390226,-1.7687238821544833,-0.9901992035568968,1.4291601186222982,0.6978860029051869,0.5959779406892806
-2.724261949217274,0.011859536915207957,0.23324448144058346,1.5986957179086874,2.071864706779812,2.1358542522236523,2.3087303281168268,0.12552885383364287,1.1590143259259822,0.9150637849645681,-1.3296826161659894,-1.1885021918218475,1.2750776907910133
0.1837146869734145,0.28208654912330555,-0.20842501508897698,-0.10635945236264473,0.06486209250410083,-0.29271604435485316,-0.15492583298335286,-0.2587468443715764,-0.2776412429370883,0.08264682853143103,0.36806675908834136,-0.05666927498562676,-1.3055013595955705
0.2957409032846749,-0.9973333620714431,0.60230435993133,-0.27646854784244396,-0.9452512501541034,0.25240255582397625,-0.30502383179801396,0.8389504615929388,0.5051329080162659,-0.6363758323596729,-0.48080792853882404,1.0751636418505932,-0.626401609493838
0.27304443507018905,0.9843404549358991,-1.5150724237286533,-0.15685368277394093,0.5050710588810012,-1.3650420129844345,-0.22961131237867155,-1.3469246933871526,-0.812348651064669,1.0204217453059026,1.2169414467155069,-0.8112245528764404,0.052698140607894364
-0.13145976947270133,-1.0883699735200445,1.185956748145914,0.8906365139079251,-0.6875371654879346,1.0094499553265688,0.541343162056992,1.2135166077785284,1.421929251511926,-0.27590184792220707,-0.9052452723524066,0.3206083639597798,0.7317978907096272
1.8149427125937947,-0.201469202893855,1.2307556976353433,-2.690753333824807,-1.5202934007164468,-0.35340491985510525,-2.3972906940814336,0.7946098156528099,-1.8220555354125558,-2.7479084678653263,0.792504102901924,1.452441280796,1.4108976408113594
-0.799544799446138,0.4257816728915227,-0.7385388473033477,0.4527467275313477,0.9134775777949616,0.004187132423856636,0.6688935966875078,-0.6295072741078613,0.02877008513031314,0.8577686718821682,-0.056370584725241354,-1.440020617785452,-1.1696814095752242
0.4396913999758283,0.6871063177662106,-1.1102838674264373,-0.7215785967521205,0.1638991709204645,-1.172356909666872,-0.6176151494002333,-0.9699118093767832,-1.014017627338423,0.3347171205566195,1.6413787905290895,-0.3081877009492313,-0.4905816594734914
-0.41053008441392697,-1.7667217013156093,0.9279817571223525,0.3435985472359271,-0.96675547745009,1.0107586587712205,0.4021813673466943,1.407826042145094,1.503353951940736,-0.45646059128080574,-1.5949559560494786,0.8236452158869888,0.188518090628241
-0.594098803091822,1.256892103278631,-0.9036980739721256,1.1336457318679025,1.358931129814841,-0.270747620234445,0.9183618310142682,-1.1388171748424432,-0.06319693060494276,1.444293246222297,0.10279341920485215,-1.0627429788400449,0.8676178407299738
-0.05533755947125617,-0.37501793492353885,1.9139444222838087,1.821978072058761,-0.22929904796644482,1.5165034779860298,0.992660500745903,1.2666014081437968,1.596323957908319,-0.18335311473576218,-0.7460812684223133,0.0690899379961753,1.5467175908317061
0.6025680633336143,-0.14099427645253645,-0.027365364357944042,-1.235389835933467,-0.5583360738639003,-0.4537289476650486,-0.9766849324795268,0.055185113424908575,-0.8021711786656416,-0.8208539097482396,0.9516681068320176,1.2009228548323956,-1.0338614595548774
-1.299773558899116,-0.22677612056541283,0.19387438040218297,0.8087606800711835,0.82041314113047,1.0827642864540203,1.125833789336343,0.2228460655998903,0.751348254126198,0.4064650467408448,-1.170518612235896,-0.685465339894638,-0.35476170945314506
1.0800549612625303,0.545806300241832,0.30956565640101574,-0.6212606965739523,-0.42328337909899344,-0.5365695747733079,-0.9086789509140096,-0.09885197529923272,-0.840593109673302,-0.6533548025481303,0.5272307630184349,0.44636757694158236,0.3243380406485874
0.9865001785392261,-1.6919896726527202,1.520289979491415,-0.8498002933129363,-1.9707856358435303,0.4647767949626043,-0.9791943104819335,1.7042545226421963,0.5789154838111538,-1.709764545365637,-0.32164392460873054,1.5782004937778027,1.003437790750321
0.059232358251366975,1.8524363395234595,-3.068010073560265,0.38070793732003627,1.29480782669448,-2.40976132307649,0.16937948576394052,-2.6569771035885936,-1.035204829663191,2.5418637852446286,1.3761054506456003,-1.6496193060884556,1.6825375408520526
-0.9623193917005554,-0.4610961097143081,0.08337492634695065,0.4384068014233403,0.395375212844255,0.7552289141875522,0.7487774792369531,0.2779099940001848,0.6470151117173287,0.23649261341865935,-1.3827372841426873,-0.5177863892522351,-1.6803644216517268
0.485798845664745,-0.062448208935563826,0.1765524153056424,-0.49725965768427993,-0.41309402048464444,-0.21255417632915793,-0.5238358618096933,0.1307875457074731,-0.31884565640899426,-0.4699556738909687,0.3150120911116435,0.614046527583985,-1.0012646715499944
-1.2395929693054475,0.3945271446587141,-0.40928002697787114,0.7923717662327419,1.224156018189826,0.5741717387038976,1.0848357030018048,-0.42826859288672525,0.29893241968227063,0.8440578917086592,-0.5338625965155219,-1.272341667143049,-0.3221649214482618
0.8150274581951409,1.0117439884551027,-0.9263338958319596,-0.6268246128685756,0.11440469372807764,-1.2998963884986563,-0.7692139990321082,-1.028806276592896,-1.1749639542726165,0.26237744279778746,1.163886778738809,-0.14050875030682827,0.35693482865347037
0.35127751074523017,-2.351098954671824,1.6189295919570217,0.2841905868273137,-1.9663470477124494,0.9969443942412592,-0.03855324615828737,2.0899329470235526,1.8742431269429747,-1.0109849368292954,-0.9582999403291045,0.991324166529392,1.036034578755203
-0.1475584167076008,0.5062391446454692,-0.8735251802878912,-0.006780220931028139,0.47786565004774906,-0.5680606306131966,0.07570322278699705,-0.7458851218786401,-0.3638291366987137,0.6452940884151825,0.7394494349252262,-0.8950640281976419,-1.5445444716313803
0.20866274691950984,-0.046897972629185415,0.2864966408862758,0.08922032761271347,-0.19195223807346154,0.0712473859393478,-0.06496592720808156,0.1849700080776038,0.09839814164439772,-0.15240339608060002,-0.10942525270193919,0.2367688886385787,-0.8654447215296478
0.8408643385349999,0.024639009594500827,-0.20940796631677058,-1.7655227474349908,-0.61903089437392,-0.7652755688591887,-1.384905549662546,-0.13037180041016777,-1.3067112483057195,-1.0463959050687655,1.5883241225523916,1.368601805474799,-0.18634497142791542
-2.0908473431226953,-0.045514101556558106,-0.11106065054596606,1.0808109924730445,1.5506400891223835,1.4154325336810256,1.694676572118506,-0.03980590572815436,0.82151013391763,0.8185867943691008,-1.4888466200960828,-1.5238600931066535,0.49275477867381745
0.8287395820032541,1.7748019073674168,0.10075866692207583,1.305392802800091,0.6558575952450534,-0.5172501782685416,0.24460663536923752,-0.8320238064644101,-0.3049328493522807,0.8139157228916548,0.20890275515824783,-0.3920271762704328,1.1718545287755502
-0.01568904815802175,-0.7613907868676404,0.4037824073509689,-0.06683714676680622,-0.5387499702072914,0.3228170516507977,-0.026893737700899194,0.6088942578066695,0.4909507952905442,-0.34592932433444357,-0.6399719324689176,0.7398057405657879,-1.4087245216110338
-0.09403623904725136,0.7411051328057054,-1.3185689187785166,-0.010771575425247254,0.6071827204141091,-0.9498766958520766,0.04483504228856005,-1.1143539967064051,-0.5332426054882694,0.9736929797306715,1.0577774427854132,-1.1465824541612464,-0.7296247715093014
-0.6779351461029818,-0.6530373516061638,0.635602178622623,0.7630317671563047,0.04117913001458551,0.9771461667065672,0.7675373703339584,0.6852961719252583,1.0201363033593407,0.046677224584122816,-1.0644092762825001,-0.014749537325025982,-0.0505250214075688
1.2491665500345002,-0.07897461611338108,0.5104005775260254,-1.6876946582237502,-1.003201439266601,-0.5030218383017026,-1.5631633260776112,0.3272371999324237,-1.1764258109405306,-1.5289447464358392,0.6333400989718305,1.117083379511194,0.6285747286941636
-0.7696118860444882,1.4046521953750846,0.04280373204874062,1.7715631181158151,1.5987194157858353,0.5855702246843657,1.3498123020661963,-0.6793200131379099,0.29788330851705447,1.1744640908401713,-0.21553458865533487,-0.7693048152158397,1.3076744787958958
0.46689018358189555,0.3147915616123374,-0.572919088692502,-0.9704538309653858,-0.12595592240673545,-0.7772608441161354,-0.7637617484130682,-0.4805722490493588,-0.9318170862473791,-0.2345539380533122,1.482214786598996,0.3625281016203808,-1.2729045715906875
-0.045396288733999916,-1.5760887103449273,0.6604407067024577,-0.18453282253954692,-1.1054342579028849,0.5421794875879621,-0.07313420799239452,1.1615582010988346,0.9825529350247251,-0.6170280275592809,-1.2766279481892915,1.4943610184566012,-0.5938048214889549
-0.5380309727640973,0.9148778750436246,-1.2956418572126325,0.5670202588694643,1.0691244701261688,-0.6134201257644812,0.588770308718503,-1.188456129890646,-0.23450870515164052,1.350070822785179,0.4211214270650392,-1.3981008801248511,0.0852949286127776
-0.17551405048266458,0.5945422723728518,0.7881143597095763,1.3600763391072226,0.5628987500803321,0.7341089112170989,0.8131163243992294,0.14647479610152792,0.5716967712589104,0.3397522873743962,-0.4277532605621262,-0.26626796328863056,0.7643946787145103
1.9047518357678148,0.7746647505627264,0.11868103750981923,-2.8485895598655158,-0.8823793763231864,-1.2759453341981286,-2.528964640828131,-0.3210556895563514,-2.6293040018608913,-2.027989889566702,1.2699961146922047,0.8655649535475899,1.4434944288162428
-1.0966144376152602,0.011998994886229394,-0.1742514157103433,0.6020785258526211,0.8392259803361984,0.6528651159035674,0.9074388551375656,-0.10422574880073705,0.43115189034501245,0.5396180202169986,-0.8521906043757088,-1.0208232411794442,-1.137084621570341
0.6301325872874066,0.5875360055964487,-0.36706572385013914,-0.5384917010769592,-0.0523447785165472,-0.7356271579236178,-0.6231811601440364,-0.5011328866825774,-0.8097349957437945,-0.09357480420055872,0.8455587708786219,0.11100967565677587,-0.45798487146860845
0.8211691750359263,-0.814852829665972,0.7542785642665545,-0.8186575732258058,-1.211228864798498,-0.007567814923634629,-0.8738989569740219,0.8332248158961666,-0.02015412498799979,-1.1186388405226062,-0.003315916748543517,1.2428425924929962,0.22111487863312398
0.7126789388410085,1.2049174266078937,-1.8948779520664867,-0.6088150134470848,0.3316225787684757,-1.9737307890510458,-0.7047015495484615,-1.671466195382409,-1.2987553171228705,0.9952466002957531,1.6944334585057874,-0.6435456022340375,0.9002146287348568
-0.8041505326459191,-2.4073855552343297,2.0694540033496014,1.138149373234848,-1.1319607734836667,2.1741034281657616,1.0336077704443427,2.372058888570031,2.5377348416276586,-0.7646931789122983,-1.6960914168800587,0.48828731460218294,1.5793143788365895
0.3065784803350006,-0.7516898887246425,0.2686121338951808,-0.7680977846088846,-0.77581172765108,-0.012850735015669619,-0.5706761142907825,0.5278474471657327,-0.028010497976516134,-0.7228707748941667,0.0016579583742719053,1.6201202314384031,-1.6532004316476576
-1.3275784405125928,0.1381451717143965,-0.44483661817404113,0.61108941621502,1.1053803768654458,0.609905986056175,1.0363035593176464,-0.31991458872005096,0.34830566143676606,0.7470717395837615,-0.8472167292528935,-1.607699568427855,-0.9741006815459251
0.354123567220724,0.8628864813340412,-0.8922108633913488,-0.08246790031795462,0.3558290890766707,-0.9426612151875541,-0.23386370661193634,-0.9350253873340619,-0.6719297015295108,0.6076584009232415,0.8505326460014374,-0.4758666515916343,-0.2950009314441925
-0.27842756981251593,-1.6798224936581183,1.0209811217427114,0.48221745268633187,-1.0039617273253767,0.987672619744916,0.40446049921793054,1.416726159762523,1.5429744468745001,-0.431263221684985,-1.271654073066476,0.6559662652445859,0.38409881865754014
-0.38773992505962934,1.376214347005347,-1.6664582529563927,0.9560695626647089,1.288933076235033,-1.0074386532213921,0.7136302796783218,-1.6285026693146185,-0.2774577851198416,1.8908770479584196,0.4260953021878546,-1.2304219294824479,1.0631985687592729
-0.27589649381271436,-0.14074149121138865,0.09981545677216207,0.2517932194189399,0.10717385817904071,0.27509636485827177,0.28131990462216155,0.12674389540827605,0.2836409727498431,0.09718991831205968,-0.42277938543931076,-0.0985890126462275,-1.5173804816273109
0.6531204816588723,0.05553112360259495,-0.20127844708409373,-1.3580818972401583,-0.4544974256689859,-0.6242120959557569,-1.0686914261491836,-0.14126029628699363,-1.0310838910490456,-0.7750056466353652,1.27496998981502,1.0332439041899926,-0.8382807315255785
-1.5895789099184692,-0.33293748564025516,0.169183338721715,0.8313165635048412,0.9631293245206449,1.2717789823451044,1.2934739447233092,0.2620943241623826,0.8430781758087937,0.44019439147032347,-1.4838727449732674,-0.8531442905370413,-0.1591809814238461
1.0765040606756824,0.6513205156774134,0.6451192990176079,0.12367263375963994,-0.3442868769604362,-0.2751115147897536,-0.513069240035425,0.03744133321971358,-0.3714176853673311,-0.39576241561669945,0.21387663028106324,0.2786886262991793,0.5199187686778868
0.8522612594769059,-2.2744112730462605,1.864738704643268,-0.38962505293736494,-2.290319636848613,0.8269257436139494,-0.6638592081532646,2.1900780733290066,1.3278354988495409,-1.6526905089589294,-0.6349980573461022,1.4105215431353997,1.199018518779619
-0.29406395451761563,0.5690180403516851,-1.23445910321865,-0.012676826847151938,0.6342265419691228,-0.7413686401740536,0.15130770479182157,-0.9807647757250957,-0.4126396244390598,0.9098171435751925,1.0627513179082286,-1.4819403554460526,-1.3815605316069646
-0.8845932934878584,-0.3639706003556884,0.2921135709573864,0.6545920187050902,0.4067478924001318,0.8604853401536536,0.8212685999644739,0.3469251652698681,0.7360276228134162,0.22839609941966663,-1.0594354011596847,-0.35010743860983207,-0.702460781505232
0.9332017778444903,0.14907295829206557,0.24171259833344944,-1.083086693488938,-0.5989752083897466,-0.4834907291181632,-1.0738490856294458,0.061585763549876715,-0.8965858364844238,-0.9173426645840637,0.638313974094646,0.7817254782263883,-0.023361031403499696
-1.0813704283499839,0.942483612609452,-0.518709156234354,1.1601039404595823,1.5006004814168972,0.37614169717344415,1.1941676652648587,-0.7643634692678172,0.1790110698747363,1.1758740608981477,-0.21056071353251946,-1.104662716500646,0.655738718698233
1.4679626414159057,1.3800511256495367,-1.2004867047282282,-1.3563113230885895,-0.11375497771636925,-1.9802043290502267,-1.5055895373409869,-1.3677795983491134,-1.9687564275715086,-0.0303796745197083,1.4871886617218113,0.02717020033557472,1.3348384687999655
-0.312394968558958,-1.3515591425922104,0.4767215401684942,-0.017919788682915445,-0.7408379203312045,0.5921161492286093,0.15838645332380483,0.9455611823475456,0.9450481510370303,-0.3668874281689781,-1.5899820809266632,1.159003117171795,-1.245740581586618
-0.27314720288472905,0.6281839435502603,-0.45454237074915155,0.5060441291548906,0.6611730817737513,-0.15461255203171517,0.4142157750644549,-0.5707954199387191,-0.07579534297620878,0.6827644236551851,0.10776729432766757,-0.7273850775552388,-0.5666408314848855
0.01774875781898992,-0.822192010940748,0.8656433535376189,0.5392490653059264,-0.6080459472216201,0.655176062253877,0.27545953667272216,0.8996709410030258,0.9766380365729326,-0.2768559263042361,-0.7411073932994978,0.4044478392809813,0.11245891861684691
1.3055522847654855,-0.2239635655726525,0.47712634968684675,-2.204757181239802,-1.1507615755407963,-0.5691779671987807,-1.8667313498644702,0.3810923090538728,-1.4512182331603687,-1.8562717907479103,0.9566419819548331,1.5362807561172016,0.7915586687185796
-2.9547141577084104,0.1954097550720736,0.03517979604652907,1.7852669306312399,2.379145682070926,2.148483537087802,2.5311617273540814,-0.07803165030914716,1.165134349562439,1.1894677079052058,-1.1655447371130805,-1.3561811424642505,1.4706584188203122
0.20507015767853787,0.4575186750199733,-0.39766379686603326,-0.09231517111766493,0.17555927219377893,-0.45406232562689164,-0.15897814322147974,-0.4532671141447147,-0.39175122159550724,0.23300543318886444,0.5322046381412503,-0.2243482256280298,-1.1099206315662715
0.41971426226401304,-0.7745419453424515,0.6350826227869609,-0.24116026716890573,-0.8780243904489067,0.18868705618546103,-0.35297699747652894,0.7458525212161535,0.37297714605927484,-0.6367207005264272,-0.3166700494859151,0.9074846912081905,-0.4308208814645391
0.23130478072402366,1.0131052255968778,-1.759334367713531,-0.17821663118720982,0.5574861106950707,-1.5235442348633226,-0.2184740599650841,-1.4990080834705142,-0.8483402318055352,1.1876082549919362,1.3810793257684157,-0.9789035035188436,0.24827886863719353
-0.8748461339128015,-1.3445363561562709,1.180403625359459,1.0491171831933985,-0.30977262283146534,1.538880046472104,1.0245401349868841,1.3386740777389263,1.719256104303688,-0.16385603061812457,-1.3777634090198718,0.1529294133173768,0.9273786187389261
1.9948716803424196,-0.6152724398269714,2.0070262150494034,-1.990335925829095,-1.9558266992859161,0.11637485608317817,-2.1237959664459174,1.439385747081036,-1.017237809629756,-2.848525804891746,0.3199859662344589,1.284762330153597,1.6064783688406588
-0.6217497794764019,-0.0014118057718341761,-0.11911954303815413,0.3970263766839271,0.4698767493178306,0.3544746863486732,0.5439116086679883,-0.06643461393948039,0.2909229282014828,0.3589732293306407,-0.5288887213927065,-0.6016258645734366,-1.6260364416435882
0.5885003818524085,0.2786989040858938,-0.34677050014853916,-1.0090880681565255,-0.24416240600661207,-0.6900777620552614,-0.8495241959494765,-0.33502865101640067,-0.9344426668801578,-0.42911782449755415,1.1688606538616244,0.5302070522627839,-0.9469366915418557
0.18719561773721144,-1.6079067373942029,0.7649379825786213,-0.3748630933604172,-1.3046041332761025,0.4558186472282321,-0.2987020020411455,1.236392402057636,0.8661234530355384,-0.8243765738175554,-0.953326065206289,1.6620399690990042,-0.2678369414401234
-0.49248985735519657,0.9660880712401236,-1.738176900749213,0.46289483997726655,1.0716676203341997,-0.9875705059201483,0.5092690878097192,-1.463536619520825,-0.34684802682956234,1.6084189332446546,0.7444233100480416,-1.6775657978621896,0.41126280866160947
-0.029821611190875806,1.4229515883556765,0.26766127442646803,1.568593101391272,1.0516547271745096,0.2279342963377824,0.8450347060235295,-0.5617435151384979,0.13669511663542389,0.8689595929125972,-0.10445137757912377,-0.545732881025969,1.0903625587633416
0.45218242408361703,0.2036518106730051,-0.5127792243479398,-1.0728408826823472,-0.1951921190535629,-0.7202982846143791,-0.8099710933728851,-0.39101594957252134,-0.9277954930247979,-0.3490169772504244,1.593297997675207,0.5861000358102513,-1.4902164916232419
-1.520485524849081,-0.26248122021919507,-0.09417727524626789,0.6509114602278021,0.9617531957478856,1.0189678179634152,1.161003264774643,0.07836698653404739,0.6613931184735925,0.5132939169970293,-1.6430367489033608,-1.3002881589167825,-0.8111167415215093
0.2839660936385982,0.5923669840019138,0.15314282436273396,0.49239131922391205,0.21332680929980466,-0.08571072465065675,0.10765009699415892,-0.21033706335796465,-0.06037408577484537,0.22134431913625818,0.05471262635096974,-0.16845524208056217,-0.13201699141977677
0.3359199974666907,-1.7302761656720638,1.1707063798828907,0.1311804149027599,-1.5057409748190302,0.6621273163844787,-0.11116808546260758,1.5263857640021388,1.322402444644402,-0.7816918702814336,-0.7941620612761956,0.9633776747556579,0.5470827586819561
0.42282878278291225,1.6054615325924406,-2.284089032183899,0.4386604135387527,0.8408185302594054,-2.065942695898397,0.0046388003112480735,-2.091436220324317,-0.8178030625245802,1.9980807420233997,0.9035873139781352,-0.9230105199713757,1.2261825087836886
-0.5450188806792197,-0.7783570062484227,0.3560482923153776,0.3148835507632098,-0.15011862345887036,0.6660188051392332,0.45926931517054315,0.5904855992273486,0.7817236783328603,-0.05048962044601763,-1.2185994050897782,0.20882239686484458,-1.3543965416028951
0.6436437285881044,-0.4237103395753979,0.2761396031538654,-1.1165894155684923,-0.7939040260266937,-0.24903889227832662,-0.9359691201943531,0.3678389620179496,-0.5149988514575766,-0.9657696882092139,0.4791499701645524,1.3406553137010648,-0.6752967915011626
-1.3088796625380001,0.5616221337878561,-0.6866007340470597,0.8265801951913021,1.397473950740137,0.4099392363454682,1.1401444336474742,-0.668260957770229,0.2054572630924752,1.0736806497038063,-0.36972471746261293,-1.551806584880387,0.003802958600569628
0.7694298254410052,1.1976516625194655,-1.4781504624594928,-0.5005171898407693,0.2833863248770824,-1.6929337919247909,-0.6779590879322893,-1.432939376181899,-1.2145218116398133,0.7589406680523907,1.3280246577917179,-0.41997366804416675,0.6829027087023023
-0.29352749577055365,-2.5588280215310553,1.9024625140428157,0.8243302799382725,-1.628216037689142,1.6786528377144752,0.5933827238254687,2.3537762667940387,2.415932606691528,-0.8541387757947648,-1.4308180769965695,0.7118592487920538,1.362002458804035
-0.4866979872757325,0.5105092114631657,-0.8015121956266609,0.3175063425841567,0.7378095744750256,-0.2690108650899971,0.42931828771950326,-0.7074334948693394,-0.13005121591304125,0.8125321999104982,0.2669312982577611,-1.1745289459349804,-1.2185765915825488
-0.271920057414663,-0.1793176741025883,0.42285128804059124,0.5629299838079084,0.07626418031928554,0.5214915922511008,0.4436209159429444,0.32814165976389864,0.5381906002960124,0.06871057992618737,-0.5819433893694043,-0.042696029098759886,-0.5394768414808162
0.9986786825927199,0.1135140928600754,-0.0015764859583325302,-1.7568449942013409,-0.6742817024851137,-0.7182185157210188,-1.46511666640302,-0.05773615885731705,-1.3633788944134477,-1.1951155373368367,1.1158059858849265,1.08913688773746,0.13962290862091625
-1.946313430873879,0.14008818270532886,0.35569489348782757,1.367658586246661,1.5753999800836627,1.6718066162492289,1.7686157713585422,0.1303313534352395,0.8994006314856927,0.6666394140013889,-1.0063807331829868,-0.7972513069895735,0.8187226587226485
2.102853031711458,1.4762523517383692,0.4437514743856234,-0.9643970049539533,-0.5250330552532657,-1.167352251292107,-1.639602021248983,-0.48918329251959225,-1.750765351424448,-0.9868421179625683,0.6913686420713437,0.3345816098466467,1.4978224088243814
0.3616445133729159,-0.864436435704489,0.4065540345497599,-0.6841926571586417,-0.8990548760492483,0.054048684300399934,-0.5559200272713175,0.6620614865681012,0.11318701737908468,-0.7683673272374983,-0.1575060455558216,1.466414526682867,-1.0827566415622025
-0.07745984074452167,0.7648674796188952,-1.6192458595298937,-0.15594893572011512,0.6118129324028075,-1.1937760266493447,-0.040798951414928376,-1.2957304568370003,-0.6561013880725075,1.0985438300582926,1.5402433296985092,-1.426047371898585,-0.4036568914604698
-1.3278140302095756,-0.7668738473252612,0.5752425259266465,0.901575039013901,0.45105541548968936,1.3971545080862384,1.189953539328214,0.7082835303725344,1.2020051148069675,0.18592364327447525,-1.5369274129499653,-0.2942144550623645,0.27544285864126283
1.4099615781331096,-0.14696227747089807,1.0935845066487175,-0.7088123357518945,-1.1741517770058971,-0.16848785652939793,-1.132217106589483,0.6899964429554691,-0.4134157071963493,-1.2962887334385684,0.1608219623043654,0.8376184617738557,0.9545426087429955
-2.7460877429972896,0.8334697291069316,0.15766198409681678,2.097197033086069,2.6825777320026996,2.0932056566915827,2.583918772687668,-0.3285334938431731,0.9405891639447659,1.310742372727927,-0.6880527253227999,-1.048769732953178,1.6336423588447282
0.31509696298467355,0.31286490636201725,-0.4984510309912291,-0.5718145468975268,-0.012384871069582129,-0.6108222317369945,-0.4715164283258159,-0.43763351902015113,-0.6393513765947845,-0.018513426146160184,1.009696649931531,0.08306318388304214,-1.598872451639519
-0.061923110754150294,-1.346268691976822,0.5616456911251151,-0.11623678086311304,-0.9267130342389805,0.4778160236427401,-0.028159090323968208,0.9907791730810437,0.8695033056116226,-0.4970187839177867,-1.1124900691363826,1.2148961007192625,-0.9197727015377865
0.12603716476116344,0.8956725363822878,-0.8508182259017,0.2555304041018464,0.5522866792603269,-0.7469684052513179,0.06732661461579649,-0.9281136320281165,-0.44835427300634967,0.807015074210698,0.5852593061179481,-0.6714920940077712,-0.24067295143605405
0.7011267000788601,-0.24575255903748514,0.9899461663947533,0.38175962605168273,-0.7087423776179542,0.2604547309702434,-0.1749696276747445,0.6810546946183788,0.4529902331450181,-0.47657767086471853,-0.26361538150921726,0.4603408228284492,0.4384267986656788
1.510911089513667,0.07607451988341281,0.437995693705724,-2.623416273991876,-1.089309772512638,-0.7468081664782408,-2.1983393078545914,0.20877802107610102,-1.969637256906031,-2.1122357499441735,1.4341339937451136,1.5921737396646694,1.1175265487674115
-1.34014171037193,-0.09799414229788585,-0.3214750497483825,0.5216446335284176,0.9441211922082078,0.7141099261533516,0.9957819963303571,-0.13212395382657147,0.4503915769093444,0.5943839375610246,-1.324708741043174,-1.6356460602015888,-1.4630525016191724
0.03643562774358477,0.6056116329582032,-0.4823782746790868,0.21339826394752273,0.41037864010910274,-0.3983555908912289,0.09320454077128106,-0.575180950024434,-0.273493512420239,0.5042032495066835,0.37304063421115674,-0.5038131433653682,-0.7839527515174399
0.335748869865367,-0.7316068786532272,0.7819473116562096,0.16307207809919044,-0.7833807605961383,0.36228889687807286,-0.09422119949355758,0.8071309209955262,0.637724174989119,-0.47073547950121714,-0.4758340534160086,0.6280197734708518,-0.10485300141570744
0.055869262214792104,1.1167837900396296,-2.0325301688752377,0.08805435451375587,0.7653362004437704,-1.6083843852690223,0.016517384441803677,-1.7049166613523377,-0.7273989253057469,1.572180400431223,1.2219153218383223,-1.2583684212561819,0.5742467486860254
