RSS0/RSS1,RSS0/RSS2,RSS0/RSS3,RSS0/RSS4,RSS1/RSS2,RSS1/RSS3,RSS1/RSS4,RSS2/RSS3,RSS2/RSS4,RSS3/RSS4,X,Y,Z
-1.3435047090426078,-0.22802751115881217,-0.2747288184455532,0.47092434579585973,0.852629025364798,0.7525931584438585,0.9707830387041984,-0.040655089167466095,0.5055358628199584,0.5250673367078105,-1.6977493752543307,-1.6977493752543307,-1.6977493752543311
-0.2301896266495808,0.4947322457104877,-1.3076728354183873,-0.22306324814880477,0.5321267566807297,-0.8437179958725489,0.005796040899157204,-0.9848295018763039,-0.5136089607086352,0.821030423099649,1.6977493752543307,-1.6977493752543307,-1.6977493752543311
-0.2415428070081998,-1.3327883300894392,0.39710105831959963,-0.2195246612301818,-0.7809246586284561,0.4798136904625353,0.013766536298069686,0.8912827804304982,0.7845226395818232,-0.4449278467173228,-1.6977493752543307,1.6977493752543307,-1.6977493752543311
0.4545020828841865,-0.18934504180698072,-0.25024398682560034,-1.3378381686717478,-0.4811615311486425,-0.5193950188255596,-0.9512701540430127,-0.046226315723688904,-0.8427060744502075,-0.7247902628037792,1.6977493752543307,1.6977493752543307,-1.6977493752543311
-3.0571353424646928,-0.22473128532437195,-0.019496561341001115,2.015762567219845,2.152873883570048,2.179829360924997,2.708013365441786,0.10155564299682183,1.6312922405456831,1.387098824966565,-1.6977493752543307,-1.6977493752543307,1.6977493752543311
0.19885097537804636,1.9091174672900213,-3.078604756608882,0.11690550647828027,1.2300555655449765,-2.518175330794384,-0.04506204852403603,-2.691334555866171,-1.2680241027321137,2.3701153404070574,1.6977493752543307,-1.6977493752543307,1.6977493752543311
0.20034268566943186,-3.333493469572712,2.493447230090826,0.04538930863411391,-2.5624935858657367,1.780074242147261,-0.08366031862868865,3.0748348851843548,2.396291650815992,-1.8242412328220863,-1.6977493752543307,1.6977493752543307,1.6977493752543311
2.167398486122243,0.38450590289826764,1.2845252991393221,-3.3373790145699402,-1.3634615260946668,-0.5649629076873148,-2.9284190230511293,0.5314621450047435,-2.7096470819888987,-3.2282203800008626,1.6977493752543307,1.6977493752543307,1.6977493752543311
-2.018430950935731,-0.04220084790862383,-0.1593374467365841,1.0213046429704167,1.4981898437240853,1.3261914016253251,1.6243160779828245,-0.06867635549728411,0.7757077867811645,0.813985526054947,-1.4981726359513619,-1.5956239238342664,0.3675831127350667
0.5909580605031162,1.6372163995141513,-0.07579139026929603,1.2247932922019198,0.7364465101336263,-0.48275840911168416,0.32977491893206134,-0.8626336381118092,-0.26625359546507255,0.8903880002445492,0.1995767393029689,-0.463791006998046,1.0466828628367986
-0.059341368822853985,-0.7114273458837588,0.3675088245178536,-0.040198212029425376,-0.469555583360675,0.3261690587006586,0.010640518194461872,0.5634271133043322,0.47498386342402277,-0.30080218801071396,-0.6492979483241965,0.6680419098381747,-1.5338961875497852
-0.14672552250792098,0.7045478245714037,-1.3018501649653573,-0.0018500760574775778,0.6206502797380494,-0.8991484185761913,0.07786130023594798,-1.0866226749256072,-0.5008119837437225,0.9673289863003671,1.0484514269301344,-1.2183462848888593,-0.8547964374480526
-0.7431917279723869,-0.5820534889178319,0.5614492036811293,0.7473318760168083,0.14193786599598113,0.9667817388448393,0.7943037810908039,0.6079513613484181,0.9583505421564561,0.09115720805470758,-1.073735292137779,-0.08651336805263919,-0.17569668734632016
1.1827641267348012,-0.026278525601284377,0.45588620772451466,-1.547227128846849,-0.9148004598500368,-0.4974107242200028,-1.4532458103172299,0.27012014523717087,-1.1112084566617395,-1.3927369884896874,0.6240140831165516,1.0453195487835814,0.5034030627554129
-0.9069638342868815,1.2811449594925022,-0.10524324551465601,1.6249805467717513,1.6134267870065604,0.5699510990674994,1.3461449692989835,-0.7009144683179122,0.2783992726213662,1.1847999636584592,-0.2248606045106138,-0.8410686459434527,1.182502812857145
0.42576171039990895,0.3168198049236034,-0.5991818568557662,-0.9077479138428242,-0.0933394325320341,-0.7679966250128516,-0.7085219988811673,-0.49639097816587474,-0.8874649472364211,-0.17231585170433866,1.472888770743717,0.29076427089276796,-1.3980762375294387
-0.07756950243119931,-1.5219503549734674,0.6183947237226264,-0.1551156477351249,-1.0419145912998322,0.5328361545536326,-0.04029962991693042,1.1107466608231997,0.9656551294535833,-0.5657143842704442,-1.2859539640445705,1.4225971877289882,-0.7189764874277061
-0.5861634881002153,0.8559396893883162,-1.2738597590021998,0.5362605373893288,1.0629551538744588,-0.5620565750347012,0.5983763449343291,-1.146662570349419,-0.2151886248905192,1.312919519916633,0.41179541120976026,-1.4698647108524638,-0.03987673732597354
-0.33434772647974437,0.5706376344787304,0.6353758217049651,1.2855901301014627,0.665907744016149,0.7302926633070961,0.8590949890080891,0.07235521445228109,0.5342506595866772,0.4026713010909526,-0.4370792764174051,-0.3380317940162438,0.6392230127757591
1.7708684031598063,0.784367850685513,-0.016857706758749674,-2.589944002854707,-0.7739621938717874,-1.2844034982791803,-2.320330194880622,-0.40231129124561354,-2.4473108951753253,-1.751028271409188,1.2606700988369257,0.7938011228199771,1.3183227628774914
-1.1054952057764156,0.008021024388496898,-0.21692296459067684,0.5714166303292373,0.8430752120869588,0.6263162756126375,0.8960057053870016,-0.12628537823949862,0.41158156050827377,0.550487449200518,-0.8615166202309877,-1.092587071907057,-1.2622562875090921
0.5557919657640198,0.5797054018141966,-0.4158008277203298,-0.466225595739606,-0.0017040857229712533,-0.7198576043383197,-0.5450431248880446,-0.5246808453172707,-0.751412648782333,-0.008107269933987249,0.8362327550233429,0.03924584492916342,-0.5831565374073597
0.7728224814587115,-0.7501566936988029,0.7104149068355957,-0.7340696596444211,-1.1278244957085064,-0.00670187898475433,-0.8032159215020264,0.7761014346461216,-0.004248907808470508,-1.028405419334468,-0.012641932603822433,1.1710787617653833,0.09594321269437307
0.6114716311701843,1.1515970152212986,-1.8827616125514952,-0.5384565470800067,0.369713519756859,-1.8917201204816796,-0.6131356101273701,-1.6379341009128188,-1.2095778133042576,1.03414112015269,1.6851074426505084,-0.7153094329616505,0.7750429627961057
-0.8725464825522329,-2.172871626470572,1.8176541534762856,1.1162561894005165,-0.9105605645835261,2.0289229669332887,1.0587878452374142,2.112688099760572,2.355498430161682,-0.5922594496018658,-1.6904958073668914,0.41652348387457006,1.4541427128978375
0.4106586341227044,-0.7799417204469312,0.3606126865084389,-0.802858788529906,-0.8750709632100858,-0.01658876870931587,-0.6449722293562948,0.5938519375598428,-0.03336615250027792,-0.8149898610517415,0.007253567887439256,1.5483564007107904,-1.1264363374887456
-1.4361956765225854,0.19069525286165084,-0.3045419962603334,0.773519226370553,1.2256482083409903,0.7961372611270967,1.1805112844789794,-0.26715457752842114,0.42966412325284353,0.7532945525178725,-0.8416211197397261,-1.3441054978706617,-0.4473365873870134
0.7287192652465985,1.032195659236326,-0.707305769197196,-0.22710327243973,0.19456286838183984,-1.0689321920728048,-0.511583452260114,-0.9155933798232505,-0.8975723094997684,0.3716007093600836,0.8561282555146047,-0.2122725810344415,0.2317631627147197
-0.03962413969813597,-2.310081178072604,1.4715103360289037,0.42017688269619596,-1.6406241312026337,1.1638458118992356,0.24335698287281735,1.9862985920494578,1.9444670064612402,-0.8087064767308353,-1.2660584635533088,0.9195603358017792,0.9108629128164524
0.08798774399338362,1.925161758955557,-1.8239692514350063,1.3472253950604078,1.3256237275619425,-1.47052106826975,0.6647388076270793,-1.9921951181607123,-0.38097687781112743,2.2744164512628617,0.4316909117010219,-0.9668278589252547,1.5899626629181844
-0.1503115216174687,-0.28687502047063657,0.17537811364472244,0.11168329879864207,-0.09362380464698306,0.2432356706297713,0.13979121081370724,0.24251803717223008,0.28492349082551527,-0.05443445651417194,-0.4171837759261434,0.1650050579109655,-1.6425521475660623
0.6203491973043166,-0.08512705499690286,-0.14307145000181035,-1.4059885001256562,-0.5314002789836696,-0.5557721894789163,-1.0764015704355088,-0.038010701298445325,-0.9663529234919421,-0.8509332425299434,1.2805655993281875,1.296837974747186,-0.9634523974643298
-1.3719442250207148,-0.4817888278841514,0.2809801580350453,0.7797252507604014,0.6906500046169104,1.2017889203699683,1.1492673884643596,0.3996528988536668,0.9109266592432896,0.3218864346794593,-1.4782771354601,-0.5895502199798482,-0.28435264736259747
1.0584039618334973,0.24274346594039567,0.6811606292930695,-0.3107608765952869,-0.6260583636241656,-0.23430752820901513,-0.7329443441033235,0.26237036680002473,-0.399011369422723,-0.7183963132562554,0.21947223979423058,0.5422826968563725,0.3947471027391356
0.7901214479448815,-2.1474235558453962,1.7497973364936952,-0.6337991530763646,-2.1514198710873895,0.7828518512130189,-0.7595174998351029,2.0616963247229205,1.059508452506259,-1.7334385201674238,-0.6294024478329348,1.6741156136925928,1.0738468528408678
-0.36557109836232854,0.5328461489536112,-1.239526340938686,-0.0014112585130466688,0.6622250095950559,-0.693939844456182,0.19568409650667934,-0.9655061278204986,-0.3787705101227907,0.9212582794837848,1.0683469274213961,-1.6654901532686006,-1.506732197545716
-0.9924124668314437,-0.2601932381204147,0.17292432959009707,0.6534695054025698,0.5634585006300933,0.8459293783569605,0.8786091243852717,0.22777279374950993,0.6616391161748536,0.31630966225439994,-1.0538397916465174,-0.5336572364323805,-0.8276324474439835
0.8694525923330076,0.2880676764829456,0.1434452337286238,-0.8689189789511131,-0.45017316427257503,-0.513543732841216,-0.9264062275389606,-0.0634107712895003,-0.8387280747848918,-0.698397600372188,0.6439095836078133,0.5981756804038401,-0.14853269734225083
-1.1818052058578332,0.8542892239706567,-0.68990668722055,1.0482913498500783,1.5128857122104447,0.316155204340011,1.1890400109399646,-0.8166913023929351,0.1598836191889765,1.227110085949383,-0.20496510401935208,-1.288212514323194,0.5305670527594822
1.2478044770612122,1.3675332746538382,-1.428718755961146,-1.0341384731911996,0.043934496595250866,-1.9982423957064932,-1.2170230925776873,-1.4901535175418503,-1.7246208891873818,0.35880427462030096,1.4927842712349788,-0.1563795974869737,1.2096668028612145
-0.37232136300865665,-1.2634481594944833,0.4435977350404713,0.041802172931583864,-0.6317299221473958,0.6095824661530006,0.2221497300086036,0.8827652140791695,0.9261963901028659,-0.3015765306495732,-1.5843864714134956,0.9754533193492466,-1.3709122475253694
-0.4187310806532426,0.6050742253104611,-0.5946722748665779,0.49344736515605075,0.754721889695315,-0.15821284993949702,0.48578395374580136,-0.6382062481540106,-0.06861121571486588,0.7784448748942296,0.11336290384083493,-0.9109348753777873,-0.6918124974236368
-0.13983273549562064,-0.5756489147696661,0.7587350207103232,0.6359190362746763,-0.31039942549856625,0.6858227802017943,0.4112224406705857,0.7159439721654428,0.8724528527197298,-0.1314896387679205,-0.7355117837863304,0.2208980414584333,-0.01271274732190422
1.256242107245973,-0.0883674503680866,0.32997394293320365,-2.112850222981783,-1.0153531213049303,-0.6473165102853633,-1.7916624528297418,0.23024376806909613,-1.4802301060905863,-1.6842068121974498,0.9622375914680004,1.3527309582946536,0.6663870027798284
-2.7320544811388894,0.20490327686507084,-0.16590148303720562,1.6309309113676567,2.2173744512583067,1.8334732359733996,2.3299539318035656,-0.19612529719146313,1.0457029172069483,1.2339820442409968,-1.159949127599913,-1.5397309402867987,1.3454867528815606
0.08042261460648308,0.47801977889141245,-0.5198841911268998,-0.022487940968725077,0.28479046292636195,-0.4588751434690242,-0.05509797516345873,-0.5324234509192689,-0.3552944545282585,0.37148601090467653,0.5378002476544176,-0.40789802345057824,-1.235092297505023
0.3517955237377384,-0.6011637956982571,0.5830931547223587,-0.10621070555996713,-0.7011985751282342,0.19733499023943904,-0.24516100888431447,0.6297213522428198,0.34861237561143527,-0.5061488429826896,-0.31107443997274775,0.7239348933856424,-0.5559925474032905
0.09288840423391252,0.9531110445217817,-1.771038184039665,-0.11483235490628972,0.6189318479497313,-1.4331985996431782,-0.11060071337656044,-1.4755599951412828,-0.7595244153627378,1.2394762594372413,1.386674935281583,-1.1624533013413918,0.1231072026984424
-1.091808409770568,-1.0322135948037667,0.9892156411534235,1.0850877436521884,0.08041881214242912,1.5471301942998192,1.1601297288668968,1.0745006536971562,1.5241142962615675,0.002883060219375383,-1.3721677995067043,-0.03062038450517139,0.8022069528001751
1.919902612185459,-0.30580566200382636,1.588051433278135,-1.7167681250720925,-1.6752428013339522,-0.15307636420746257,-1.9389310998751697,1.0482507316940606,-1.036853443615975,-2.3505241074702843,0.32558157574762625,1.1012125323310487,1.4813067029019071
-0.7755826522446955,0.14599111320469613,-0.16059442747555594,0.5621114399126339,0.6929866803805492,0.43291765011769784,0.7138180767952323,-0.16363091506028654,0.30697822068767555,0.5022423048770913,-0.5232931118795391,-0.785175662395985,-1.0992723474846762
0.7102160945617685,0.4967504889253913,-0.4391986237755957,-0.9965648866990301,-0.17865347448739582,-0.8487799506341613,-0.9083063366068466,-0.4963253830055996,-1.0798767645144227,-0.3518230218840463,1.1744562633747917,0.34665725444023543,-0.42017259738294405
0.2714332881325609,-1.8520253849235804,1.0280116600713924,-0.25557143842539054,-1.5449485307705062,0.5983242672973573,-0.2809185305484452,1.5069276946331527,1.1262924025946033,-0.9388765961434542,-0.9477304556931218,1.4784901712764558,0.258927152718789
-0.28232361885006885,1.2557320605629858,-2.055607241218302,0.6165731645919368,1.121961455841029,-1.383384508267143,0.4775617368088985,-1.7875089824376351,-0.43995843721810807,1.9492342712363069,0.7500189195612089,-1.413971727304996,0.9380269028205216
1.0244373193412557,2.0625947871920123,1.2803077908104783,2.283364885706928,0.7157708028709183,0.2523727591283354,0.6563177406628135,-0.311297765364113,0.20519618458095173,0.6022506164310344,-0.09885576806595642,-0.2821388104687759,1.6171266529222539
0.4551108966353995,0.09246838476880778,-0.4191112546472946,-1.1553401051031649,-0.27781714289005793,-0.650127835122067,-0.85514596394972,-0.2825396858819208,-0.909220172760336,-0.47488302240185154,1.5988936071883744,0.8496941063674446,-1.615388157561993
-1.4119500121110065,-0.35575525857693113,-0.0019714733941170004,0.6229801332951033,0.8120959799246229,1.0121894234788746,1.0879227056945269,0.1770501239168725,0.7071196172795409,0.4256726554119705,-1.6374411393901935,-1.0366940883595894,-0.9362884074602605
0.4395094039463755,0.35017508032139694,0.30851997620434646,0.2380732972650145,-0.07962929169439965,-0.07749623715769814,-0.11033558281595203,-0.0014697466787997819,-0.07439344318786126,-0.06743051228059885,0.06030823586413709,0.09513882847663085,-0.25718865735852814
0.36555626964574556,-1.7992575840747478,1.0961716466100841,-0.13860973929520307,-1.5780736240844297,0.5833399321252135,-0.269678064979132,1.5189200382191943,1.1742941686459387,-0.9099455372420203,-0.7885664517630283,1.2269717453128512,0.42191109274320493
0.6969516889545162,1.5848981068057568,-1.8073155654542146,0.24255804394960556,0.6183333612783382,-1.89487743542107,-0.24629516611678406,-1.812405094614794,-0.9464260255458066,1.5098248156137901,0.9091829234913026,-0.6594164494141828,1.1010108428449372
-0.4114358103291101,-0.9053880626199696,0.383367586323514,0.1882613142942957,-0.34315907203010443,0.5911919387930562,0.32057137687017073,0.6695009343990717,0.7793134254548019,-0.1570363111335767,-1.2130037955766109,0.4724164674220379,-1.4795682075416465
0.5903256865214651,-0.5490550331152306,0.26189874944619085,-1.1720341171549906,-0.8441706733994501,-0.22174721503164066,-0.9366229383103517,0.42258442423908726,-0.4666283410946698,-0.9929283197224421,0.48474557967771975,1.6042493842582581,-0.800468457439914
-1.285042644382008,0.527627010783621,-0.719123404255783,0.7729031383562679,1.354835354493023,0.3677313750710699,1.0989675966251093,-0.6695676643408982,0.19035994372002765,1.0613275038312018,-0.3641291079494456,-1.623570415608,-0.12136870733818172
0.6647071111409164,1.1493591856452539,-1.5052670989571915,-0.43713000624987863,0.3277759139501624,-1.6386708723558936,-0.5881886025084007,-1.4240388967832118,-1.1339993272617184,0.8222779352421886,1.3336202673048851,-0.4917374987717797,0.5577310427635516
-0.3716260170810746,-2.3267328593671337,1.7080236423897457,0.8307608391863449,-1.4012165784873558,1.5846973061353393,0.6387454865133637,2.1279482633911497,2.2560938379611484,-0.7050956670960601,-1.4252224674834022,0.6400954180644406,1.2368307928652837
-0.5178711145423753,0.48147653532044926,-0.8209861314259619,0.29614921464107524,0.7404230953962035,-0.2616559222042245,0.4347809725970392,-0.7038704728694734,-0.12506535855497256,0.8124782820978471,0.2725269077709284,-1.2462927766625933,-1.3437482575213002
-0.33501847459704986,-0.13628875208556324,0.3443800754854461,0.5498810396805,0.1551715597235076,0.5062458142088058,0.4706287353990378,0.26236264208393467,0.4981581871237536,0.11820848211026562,-0.576347779856237,-0.11445985982637293,-0.6646485074195675
0.9450590577926585,0.14759623387251206,-0.04423260558575621,-1.6530977555034956,-0.6090235728525248,-0.7126351548306815,-1.3814745427643893,-0.09884750023210667,-1.3117803231487983,-1.0927343764181479,1.1214015953980938,1.0173730570098476,0.014451242682165102
-1.91596357898396,0.15638831134361383,0.2519240782814048,1.2868770616690188,1.564201898545764,1.5699487483614123,1.709614561886484,0.06367794619867184,0.828855906627982,0.6888393125000932,-1.0007851236698195,-0.8690151377171863,0.6935509927838978
1.9124729782366834,1.4668052307914954,0.28812573724619656,-0.7380919072282431,-0.3876760481557784,-1.1507474775927269,-1.417702737730825,-0.5721705301520686,-1.5788125584964883,-0.7169571771789514,0.6969642515845111,0.26281777911903426,1.37265074288563
0.336922576005336,-0.8152662014557941,0.3819883224391423,-0.6468279155282213,-0.8447715303369342,0.05284324420717085,-0.5228888586518957,0.6235907107276731,0.10561474456308882,-0.724647433109373,-0.15191043604265425,1.3946506959552545,-1.2079283075009535
-0.11912707560640007,0.7295858548508615,-1.5851326841107698,-0.14829928669396897,0.6178552326615926,-1.1375397352404966,-0.014367280116198193,-1.258833641212061,-0.6255038592139551,1.078372182416079,1.5458389392116767,-1.4978112026261978,-0.5288285573992212
-1.352835880217907,-0.6903801357632394,0.49673735660512564,0.8736558968218294,0.52532605422106,1.354545429074158,1.1886429343133083,0.6257262901064179,1.1273904563696253,0.2253212456792231,-1.531331803436798,-0.3659782857899775,0.1502711927025117
1.326028965873924,-0.03923768248626099,0.99238073053124,-0.5825835770435913,-1.032677642702134,-0.18631584937895132,-1.0204054833289031,0.5790048013968593,-0.3976062416151182,-1.1350392244455219,0.16641757181753275,0.7658546310462434,0.8293709428042444
-2.5865927541368023,0.7904834192171364,0.005789027001317191,1.9216120335878648,2.5306928131092197,1.8615129721673287,2.405420637092966,-0.3926091378545519,0.8428444850060268,1.3041761869440271,-0.6824571158096326,-1.120533563680791,1.5084706929059766
0.4166056722921593,0.46425369776658776,-0.5507933850940482,-0.556068110302026,0.020218276751675857,-0.7240871449465488,-0.5177373608184607,-0.5429513763571107,-0.735173823697207,0.031151998295926943,1.0152922594446983,0.011299353155429355,-1.072108357480607
-0.01855301377373781,-1.5203985651891427,0.7158187028810222,-0.02828044639558608,-1.0854899626533279,0.5656362566913378,-0.004977414408063592,1.1648824825108541,1.0571744028824936,-0.5518328470891434,-1.1068944596232153,1.1431322699916497,-0.3930086073788745
0.18665925964904706,1.1460096193652054,-1.0630253642941783,0.42678390910376457,0.687415036604058,-0.9542282650194827,0.1252614397302331,-1.1730922142050582,-0.5007656335788297,1.081510828422852,0.5908549156311155,-0.7432559247353843,0.28609114272285835
1.0184724780146048,-0.004546275833973612,1.375058024766775,0.7599584338531329,-0.7746534573930962,0.3297632306666924,-0.1456066471465962,0.7773272069081193,0.5581702453916288,-0.5055775997961401,-0.2580197719960499,0.38857699210083635,0.9651908928245909
2.155772974455509,0.31217818877440784,1.214723868042168,-3.3080602156626204,-1.4069635481558729,-0.6104742103806408,-2.9066772011302318,0.5283401580336451,-2.636963664119359,-3.156323409543737,1.439729603258281,1.5204099089370569,1.644290642926323
-1.267171121500211,-0.15769455158000603,-0.2364887566521466,0.5082919058218907,0.8456801741152173,0.7272949197436659,0.949516184925687,-0.0543236766834451,0.4829631805580858,0.5220610638814787,-1.3191131315300066,-1.3720519896443955,-1.5882241675579236
0.18647858845857956,0.4805814142150211,-0.2949419438652822,0.05511832687775902,0.20631887329813323,-0.3614556908947396,-0.07106896846329165,-0.406917779413523,-0.3004397025199705,0.25697130053041817,0.3786362437243241,-0.2402190728081752,-0.9091244174561912
0.3739202060477221,-0.9548428389441059,0.7368023473565004,-0.10522112315174217,-0.9737334542964364,0.3000505083106982,-0.2565261211752953,0.8934810055113054,0.6000616113552861,-0.6198360906402036,-0.47023844390284125,0.8916138440280454,-0.2300246673544588
0.2290700344612076,1.115084523753417,-1.8522587384259699,-0.035377431094658796,0.6329293630929436,-1.5936389946710927,-0.14178190511831296,-1.6024558139902971,-0.8163283619211025,1.3540083563591347,1.2275109313514896,-0.9947743506989888,0.44907508274727426
-0.30299329060582836,-0.8310569147245446,1.4285624349993085,1.3038787687316917,-0.3715349650464167,1.3197938700939666,0.8519131677616679,1.221399388485067,1.5412809194805142,-0.17501371155709625,-0.8946757877164239,0.1370585661372314,1.1281748328490064
0.49314876575422323,-0.2528164624439653,0.013038799174642365,-1.083033301589016,-0.5563336488315176,-0.3439959692426311,-0.837370027381106,0.1339591614351925,-0.6116434201812615,-0.7471708526004193,0.8030735875379068,1.2688914829734517,-1.4524042175375773
-0.3151125770218281,0.46150114870071823,-0.26572618374827534,0.4940305844576338,0.5724127829899635,0.021204556637527468,0.4304155279159226,-0.3808949884988259,0.03359505993551419,0.5341030229157134,-0.04580110008925858,-0.617496711753582,-0.7733044674358448
0.802039687235263,0.4947407344932906,-0.6111550301423637,-1.417660716315258,-0.24965181093490493,-1.047384024737284,-1.1801969830621493,-0.5922420048687775,-1.385950442880487,-0.5106226216155494,1.6519482751650723,0.5143362050826384,-0.0942047173341124
-0.052592472389802934,-2.194981416674289,1.3363643061515174,-0.062355367597795995,-1.5475629017080095,1.0688795729538945,-0.004696012172970281,1.852481959258993,1.510510269931823,-1.03672724432986,-1.6639684733785425,1.6461691219188588,0.5848950327676209
-1.2527383328363342,1.137461925959923,-1.3304121405039422,1.310167885892604,1.7713971983328076,-0.12712371664524508,1.3655573678762836,-1.3195239102938445,0.15037076158931184,1.881971752247999,0.03378090187578817,-1.5816506779473989,1.2639947828693532
-0.7248073604535739,-0.18907847709516928,0.08189243912689059,0.49093710688660014,0.4122107705450775,0.5835631033251288,0.6489192560366354,0.1408486413054462,0.49253849807281597,0.27336505861768823,-0.8150937857513773,-0.44981776111117894,-1.3165842675172308
0.7025479973065442,0.19438571470326915,-0.08922434655748654,-1.0222492063274402,-0.39151392781228306,-0.5732391780054272,-0.917760404291993,-0.14763911684711437,-0.8842829122263932,-0.6296963971817777,0.8826555895029536,0.6820151557250415,-0.6374845174154982
-1.7876459247199867,-0.013789654015118403,-0.0453507941674953,0.9350747861028625,1.3439458034343725,1.248449688048688,1.4547368557232794,-0.018656117514404953,0.6925988502357169,0.6704618889729058,-1.2395311295649598,-1.2043730390019924,0.04161523268623464
1.078898905019212,1.276527992955865,0.05722703482140765,0.30652790406628505,0.10604497929552362,-0.7304406778599429,-0.417715940313387,-0.6070260491262826,-0.6811064144226207,0.16614659321044212,0.45821824568937086,-0.07254012216577213,0.7207149827879671
1.2511205054545842,-1.7907279748455203,2.0234068689556706,-0.1842072492914549,-2.242609309531487,0.662990670957354,-0.769611128402848,2.03728388170336,1.134950599803672,-1.6308659699542452,-0.39065644193779453,1.0592927946704482,1.3998147328896993
0.06953391959256601,0.6125330227213048,-1.1437409566655876,-0.2811365428295211,0.3903163207672086,-0.9324171060131667,-0.18594455886176772,-0.9514237535091329,-0.6395261925117562,0.6595197161335404,1.3070929333165364,-0.8270954000565859,-1.1807643174968843
-0.6425187162074896,-1.10146831812474,0.5653836241348,0.46226423852718024,-0.30994651155175423,0.8975392194515032,0.5895498480461178,0.8702906415022007,1.1184028788261484,-0.10588114345691692,-1.4517498014717511,0.30473751677963484,-0.5016645673951521
0.8766014003036666,-0.6903068291906761,0.6157213511271826,-1.1966226484675058,-1.1631410561976439,-0.15427430975271167,-1.1034408031204346,0.6927548192748428,-0.3844489078543036,-1.2729187294549298,0.2459995737825795,1.4365704336158551,0.17743518270658104
-1.9155462275472144,0.6385984993887972,-0.47713661712248706,1.2814909462542148,1.9126168244297106,1.0071156604984326,1.7065437148687521,-0.5887462337813447,0.48307916044888793,1.2275997546321487,-0.6028751138445858,-1.455891464965597,0.856534932808314
1.4501521275525886,1.8652153768327535,-1.6438554694191805,-0.33008336908761154,0.25060163587027084,-2.309514646805895,-0.9536519066284634,-1.8606531193375129,-1.563307863003724,0.9982802518199707,1.094874261409745,-0.32405854812937673,1.5356346829100458
-0.1520361896690114,-1.0943612369343723,0.5235346728669908,0.06261504961425221,-0.6762859382179396,0.5131068269223381,0.11478505185784117,0.8431433024500342,0.8215272467740482,-0.34687825163532154,-1.0273124576581685,0.807774368706844,-1.0449443674765375
-0.17059745928019382,0.8473449017864058,-1.195219124560911,0.2712776533816293,0.7420001307416493,-0.7997344633932677,0.23503789518364188,-1.0980325865136282,-0.40259515585934436,1.073975354188678,0.6704369175961622,-1.0786138260201903,-0.3658446173748054
0.4594610005244115,0.39711311191230225,0.7019635161949678,0.7260120722709473,-0.06079487832112051,0.21175525514812896,0.1368225208923304,0.1967879661963542,0.24864110928344568,-0.027904055037672945,-0.17843777003100317,0.05321909081603027,0.3132551327269277
1.43881902587562,0.3680314266404574,-0.026310171528056737,-2.4758570185028836,-0.82356786158015,-1.0533017901029966,-2.0816165946903027,-0.19913892650927245,-2.0688556687648143,-1.6663102987965384,1.5193116052233278,1.1850520076522502,0.9923548828286602
-2.7543948017764213,-0.5830241798824998,1.013889412901185,1.9470012089674453,1.6644708556682826,2.7598233111225206,2.5090029579219824,0.8634550717962298,1.8350777862346757,0.5714282760140182,-1.557859137425147,-0.7013361870747835,1.6714546329303925
0.19816545001531913,-0.1304572572280182,0.06234344394899695,-0.2849429158831389,-0.24443133461849093,-0.09416967084105962,-0.2570729985437009,0.10047250431820766,-0.11559249827503788,-0.24041028728466463,0.13989023782918383,0.430496729761437,-1.691447329573387
0.15897850042955208,-1.2333564437963158,0.5050726813654224,-0.4413023155712765,-1.0123610544711976,0.2755685685174407,-0.31865380782025515,0.9023456663812232,0.5520848392396052,-0.6762748067099212,-0.7089844497979816,1.562329646597657,-1.0123475794716545
-0.18591776309173635,0.8380840897364367,-1.4938091958016904,0.12294618723701414,0.7469059921275749,-1.0191233321166255,0.16487578639456815,-1.2616948688417051,-0.5043467257607408,1.1951258286975721,0.9887649254563493,-1.3301322519837946,-0.3332478293699222
-1.0111264938940319,-0.5504987780560235,0.6772300552006703,0.9879942957534033,0.3676851121586991,1.248480659468048,1.0654629676096512,0.6574086328157593,1.1117209286511451,0.16888942721776912,-1.133421793611564,-0.19829933514757442,0.3458519207318111
1.5636113132635132,0.16367749462063896,0.7363157990701138,-1.6975614803872452,-1.0658697506397572,-0.5544645417740399,-1.7373365726392584,0.33305457826435314,-1.3556494050147139,-1.7037464097927109,0.5643275816427665,0.9335335816886462,1.0249516708335433
-0.6745401243893652,0.21565206100868212,-0.3870734242272965,0.4065150025556689,0.666837900551928,0.18562593532358818,0.5772918990675779,-0.32617166322401064,0.14397309867599364,0.5647945253770635,-0.28454710598439886,-0.9528546130383878,-1.5556273795530406
0.5208726273244502,0.4626698949788775,-0.660068354091047,-0.9014779755975315,-0.059896306390217514,-0.8832607845076217,-0.7563136331079835,-0.6037509677106137,-0.9862810131121056,-0.12274633646584342,1.413202269269932,0.1789783037978324,-0.8765276294513081
-0.08536207761707651,-1.7324184483976641,0.8091287489193015,-0.039643361423012925,-1.188221734746399,0.6855986544237626,0.024915299312613094,1.3236556483315731,1.1991798327159064,-0.6289937480481719,-1.3456404655183554,1.3108112206340528,-0.19742787934957556
0.29007848041366924,1.2341164970040401,-0.5708846158195358,0.7030291190563234,0.6728061756722006,-0.6487489752764567,0.21568910698917804,-0.9398211475305388,-0.3615018868371215,0.9034571361702972,0.3521089097359752,-0.5755769740929813,0.4816718707521573
0.8454795022057718,-0.958597972724781,1.6724139338051422,0.7395563183448511,-1.3335963762943446,0.6833994988321263,-0.06343609003777254,1.4227183490200983,1.2196087156181434,-0.7407056033788196,-0.4967657778911902,0.5562559427432394,1.1607716208538899
0.5058422450041034,-0.2910942299754607,-0.08128854540515833,-1.3237117017413955,-0.5936295853849649,-0.42589097573085305,-0.9713905090589747,0.09996103332041012,-0.7602594340376495,-0.8408755641087168,1.2009835973631406,1.6880888595794596,-1.4198074295326941
-1.4355733058237479,0.14536001304237478,-0.4477840451818067,0.6615022059351879,1.1923907136422096,0.6851667866754959,1.1209752035938296,-0.3251890782695878,0.3800041119684313,0.7835922337636567,-0.9212031217047728,-1.688778896413379,-0.7407076794309616
0.34026176424280075,0.9752190348825058,-0.9553436051181129,0.07033529280136072,0.4475657853953467,-0.9814214995937428,-0.14565803052747772,-1.0268659725064504,-0.6399813132633849,0.7586780320669522,0.7765462535495579,-0.5569459795771586,-0.06160792932922918
1.0202472850833026,-0.10778790617762192,1.0248003105012593,0.07902962399148297,-0.8506612730923477,0.058234853990397406,-0.5064352486178115,0.6316078543010263,0.13412202784142874,-0.7086474212477477,-0.0723284340776075,0.5748869372590618,0.6174918207725039
0.3410266166067774,1.3699561890053886,-2.6096855253471354,-0.09440230151230891,0.7324576396690107,-2.258438653719455,-0.23313380933974942,-2.1570179571261776,-1.0401113893672378,1.8773491998717244,1.6254209411767233,-1.311501257467972,1.2965915708742362
-0.924073236953049,-0.7323167601073147,0.2594161682010466,0.44428106784207105,0.1702636629428242,0.8636011183795111,0.7313315051433119,0.5129621335296612,0.8435757299271943,0.10951623911826565,-1.6109138054018446,-0.1796683406317519,-1.2839874795123476
0.5762751189306702,-0.43220961878633657,0.4512521845365187,-0.5847038017645719,-0.7490273422913781,-0.06555702955253069,-0.6186656469255689,0.4707974573615229,-0.12057276752315207,-0.7338782248714332,0.086835569852486,0.9521645762044684,-0.6048877294106152
-1.3838344946338832,0.2699846341606487,-0.010602493400637453,0.9960252273959495,1.24333267973398,0.9853442870796049,1.2699721438060954,-0.1411837169225632,0.5359364938395328,0.6861118104536199,-0.7620391177746794,-0.9342236185225653,0.07421202069111765
1.249109596225189,1.059035397739931,-0.31970945965229225,-0.8950878331961596,-0.1801574635194201,-1.1434827145914463,-1.1442352674486564,-0.7105662791891797,-1.4043841813642102,-0.37162531324915177,0.9357102574796515,0.1976092983136551,0.7533117707928505
0.3985929447163166,-3.0549581097617606,2.3763004361926594,0.11949115189390164,-2.5112085678250917,1.5473514234637267,-0.15102158060299076,2.869315369711156,2.252946821513822,-1.6866247491666013,-1.186476461588262,1.3294422151498755,1.4324115208945827
-0.5420108957905382,0.5638653954822899,-1.0883465313024323,0.25575429560750945,0.818289007291633,-0.45061644500218373,0.426402888466733,-0.895828100472947,-0.21296938085918382,0.9838908203563487,0.5112729136660686,-1.5630196834315768,-1.1481675294920013
-0.38689987748321836,0.29813467534323096,0.0998962465474813,0.6750635555905905,0.5086372069089953,0.3548536649610109,0.5646655439314191,-0.09299865369643703,0.2816035827657817,0.3853472789586707,-0.3376017739610967,-0.4311867665953563,-0.4690677793902688
0.9930726253088895,0.455311198460063,-0.3333973477710813,-1.6286426481597178,-0.42285055118710546,-0.97022216724951,-1.3943486918628456,-0.4159378786867884,-1.5120645912423387,-0.860940874240543,1.360147601293234,0.7006461502408642,0.21003197071146426
-2.3473533987875026,-0.053850110268139136,0.15596363908155836,1.251855252832691,1.7388828276089838,1.8056236105452195,1.9229012292801757,0.11487679084481378,0.9523219162859888,0.7363873809720884,-1.3986951334950533,-1.18574204448617,0.8891317208131971
2.0073793771030033,2.2110447142655456,0.9241216331045063,1.2575275261378052,0.07867297673475114,-0.7281596994067396,-0.4140013520421945,-0.5864051830084014,-0.649142579434683,0.1687330346906631,0.29905424175927736,-0.053909127649949616,1.5682314709149294
0.07098402929733,-0.844389080423383,0.36195364820913994,-0.29495621947603745,-0.6644177770828716,0.22831554042269847,-0.1940275188449443,0.62688284627291,0.3832088549384291,-0.47014145402731583,-0.549820445867888,1.0779237891862705,-1.6642833395693177
0.07710828182187622,0.6668156133297904,-1.1266266041925883,-0.19412680430809587,0.42383647580543826,-0.9246499204120839,-0.14402927381900935,-0.9689618469063547,-0.6144702104706178,0.706034018082614,1.1479289293864428,-0.8084644055407632,-0.9851835894675853
-0.3061581339320665,-0.8798982309616435,0.6709800597855584,0.4954247281781359,-0.40445968822591183,0.7375256762485375,0.4263409082050023,0.8188482494037852,0.9855445399787682,-0.16186591192380945,-0.9742577896814706,0.3233685112954572,-0.30608383936585287
1.0655825563145243,-0.33275724741617985,0.4190976722939106,-1.7526399123731078,-1.0476933212222457,-0.4416656668562694,-1.498843281435421,0.402868091442197,-1.0439419873295748,-1.5052376985567029,0.7234915855728601,1.4552014281316774,0.37301591073588
-1.340657766811256,1.0364204540007143,-0.9696588136417259,1.2741360323859972,1.764912700127969,0.2143505343372198,1.3937554985214082,-1.0655842468287298,0.19568839331148008,1.5890327164857614,-0.12538310205430533,-1.4372604704497745,1.052115660837613
0.2425932473022493,0.4545103654058835,-0.9086683382830486,-0.6223213498691799,0.14496463273736712,-0.8752863039121452,-0.4592516234578069,-0.7397878937854663,-0.776647033754613,0.25230050880948096,1.5723662732000254,-0.30542755361355417,-1.5284633895489712
-0.3827153116964615,-1.3382997983824285,0.5509092827939328,0.15989051843012958,-0.6779899838985796,0.6998449598714432,0.29014504140002756,0.980736802454312,1.0654915679685193,-0.3010074339613732,-1.504804469448449,0.8264053632226664,-0.8493636394472388
-0.4664470930860627,0.8210999137429619,-0.8207779427844669,0.621667366292044,0.9470890649380249,-0.29841520198771104,0.5791879290938933,-0.8738356657174705,-0.12812340532882022,1.0339784620183468,0.19294490580588167,-1.0599828315043673,-0.17026388934550646
-0.10125069139276206,-0.2740258806236325,0.9521753790491334,0.9918307483278676,-0.12148884477471608,0.8073787571947295,0.5785928726216405,0.6739244268521423,0.9185280353715493,-0.033060122243918334,-0.6559297818212837,0.07185008533185262,0.508835860756227
1.6565621874571816,0.21202381345032623,0.4838531630322879,-2.6475954008457614,-1.1013047038460286,-0.8159954750890638,-2.2893798841799766,0.16654248381016118,-2.083669486095634,-2.162818430919988,1.0418195934330472,1.203683002168073,1.1879356108579593
-0.9810215717750917,-0.24442803438695213,0.019702836878609152,0.5233260924102802,0.5662326056458024,0.7195276287216498,0.8037069548467579,0.13351443759673481,0.5554278849268285,0.3416893390344129,-1.0803671256348664,-0.6827051925589609,-1.3926434395286247
0.6167308863869804,0.24649537237402114,-0.01411123689011396,-0.623600599338718,-0.2888328529021027,-0.4536704503451073,-0.6609606735025714,-0.13139805407147023,-0.6301172770500512,-0.414129461743648,0.6173822496194644,0.4491277242772598,-0.7135436894268923
0.5879703809478372,-1.1791196512301763,0.7158646987781746,-0.7885702729715219,-1.2980451254334608,0.13021781361457102,-0.7326944379807993,0.9939967817871828,0.26004903010086183,-1.0695712182640433,-0.231492438007701,1.58096064111348,-0.03444393932515985
-0.09019312161337717,1.0057981724607539,-2.1113923057572177,0.056086254964752044,0.7956961843840294,-1.5643677522753878,0.07810480878745844,-1.6937859271351199,-0.6720642988017201,1.609086533532636,1.4662569372466299,-1.646859158752778,0.6446558107765732
-2.1152960641496747,-0.37502382279249935,0.943648155022325,1.6453571037454522,1.3308578263982502,2.246784673908912,2.006179447681258,0.7196975800622163,1.4673535286993227,0.41828991221200595,-1.2925857975416577,-0.5150262419165579,1.3237555608783054
0.4347741586124372,-0.05430892261635481,0.07936037048621819,-0.5535285433668072,-0.36856292200700347,-0.25091304108834955,-0.5261575397833155,0.07192918697233464,-0.3657051207978131,-0.43595905124852563,0.40516357771267303,0.6168066749196625,-1.2568234895082784
-1.095579626958216,0.3851981872586847,-0.4626648796705604,0.6995540756952487,1.108337272441277,0.4295862139274218,0.9583992391425621,-0.45368700727897765,0.23776719474607952,0.8205743740703972,-0.44371110991449236,-1.2695815198073714,-0.5777237394065459
0.7076073416231337,0.8884064965126096,-0.9343330537427249,-0.6832868076453374,0.10656520069031775,-1.2289460769550093,-0.7413352504388583,-0.9715478886691578,-1.1287593771186868,0.22988208931148552,1.2540382653398385,-0.13774860297115113,0.10137601069518698
0.3545388273424884,-2.015161547468851,1.3630374854624139,0.17989201907533162,-1.7258695166452442,0.7971600136814938,-0.09542804629482714,1.7774629365275991,1.5599314000362583,-0.8916188280045483,-0.8681484537280749,0.9940843138650693,0.7804757607969198
0.5350283929505228,1.817000330456625,-2.4622608255940897,0.6397550337992945,0.9088247184707864,-2.2839714565155838,0.05063102076801838,-2.29780072123932,-0.8209189395557117,2.267573590218557,0.8296009215262558,-0.8923038808619645,1.4595755108986521
0.19522228434279365,-0.028662368400249463,0.18019618037342136,-0.015404437083900616,-0.16858490657950653,-0.001123032722095699,-0.11303886534766994,0.11592148679288462,0.009070198642512567,-0.14455699513552128,-0.019273766100909664,0.23952903597425604,-1.1210035394879319
0.7509399932117036,0.013852368600686431,-0.26350000419319247,-1.665605451691352,-0.5587252636405502,-0.7424510073104317,-1.2837801930320407,-0.15545881491376115,-1.2261015028065796,-0.9381142365353821,1.6784756091534212,1.3713619528104761,-0.4419037893861993
-1.948207353951267,-0.1637993583317548,-0.08833990937526548,0.9548874998205864,1.3570650571692113,1.3305550639071753,1.551481428468976,0.032237583965142556,0.8134101426423563,0.7159372658388218,-1.6772321403727168,-1.521099945770976,0.2371959607155336
0.4334094105241569,1.386874624243255,0.3169181728084271,1.3043751086807147,0.6747245118431009,-0.06663680642401015,0.4564889833994366,-0.5159126472604991,-0.030670475198801516,0.6523980404142806,0.020517234881613715,-0.38926702893475573,0.9162957108172665
0.6552884666092329,-2.628911480771039,2.3892004113761813,0.8259056315450398,-2.397509419755247,1.3730101258981897,0.08439415904553593,2.663223345338558,2.466765846526921,-1.215203642005408,-0.8283574527455516,0.7425658879014652,1.5953954609189986
-0.22613232727317029,0.5092075557266819,-1.0189372740425187,-0.020131891032033004,0.5395223018712307,-0.6238464521267331,0.11086639657209406,-0.8293331143142332,-0.3756833139571751,0.744390500180294,0.8693919225087792,-1.143822306825569,-1.6371193495652483
-0.7168773904415845,-0.7002360470840873,0.37893363389522505,0.4821044961570046,0.0365392487513437,0.8070627755215986,0.6399902088205389,0.5642621242591958,0.8484533380651309,0.04634922827118277,-1.2527947965591342,-0.011989389989348832,-0.958019599463516
0.7847717709740415,-0.289908129492191,0.3660485561988665,-1.0830805200971376,-0.8040260637042095,-0.28098933595187564,-0.9940908868736041,0.3515082651562159,-0.5853832471857652,-1.0098455821991918,0.4449545786951964,1.1198435268468714,-0.27891984936178355
-0.9145223155665247,0.6722193139824997,0.016177397047690403,1.1419570786121154,1.1787806466782234,0.669064255041599,1.094925522180226,-0.32752737270500765,0.3573526806671478,0.7655566953609753,-0.403920108931969,-0.7665446678801624,0.40017990073994975
1.4650423895126912,1.049197165602368,-0.5383982977219482,-1.688052450432866,-0.35081450942620257,-1.4672492009897515,-1.6793475907236788,-0.8289031197282518,-1.976459336414748,-0.7488721572306819,1.2938292663223618,0.3652882489560581,1.079279650841682
-0.19343768764730154,-1.32855628362644,0.43449505470027194,-0.1879589566589143,-0.8142976885590341,0.4741292892592529,0.004601187477297933,0.9102404806804077,0.8045728443544051,-0.45125529634552625,-1.4650134684659255,1.4971211657922785,-1.501299399544902
-0.6322138119149776,0.5982312782488659,-0.9346269563824802,0.4266142409895257,0.911459608297203,-0.26724723130468936,0.5651715431385849,-0.8263945233481197,-0.11256398924588312,0.9858656740347782,0.23273590678840506,-1.3953407327891736,-0.8221996494431696
-0.4977133520787649,0.023344947527428047,0.4302498768537473,0.8268429875390765,0.39383856642223036,0.6893087118715038,0.7044245710793858,0.23081893502360135,0.5872392410247107,0.24291224131177144,-0.6161387808387603,-0.2635078159529534,-0.14309989934143713
1.206444386755539,0.3651642410435966,-0.0008748294292560477,-1.8541795906377194,-0.6496466409776384,-0.8668426724019143,-1.6281959865471258,-0.18336643528713534,-1.6128532135191451,-1.2619156229082418,1.0816105944155705,0.8683251008832673,0.5359998507602959
-2.572212968018425,0.27268939553345384,0.273153155000367,1.6189042701580763,2.1453369250049015,2.0574835674668663,2.237711172899423,0.01740040766972597,0.9888664000082081,0.8991319661766942,-1.0405761246523428,-1.0180630938437667,1.2150996008620285
0.32532841525494505,0.2850579714024239,-0.28583826540243323,-0.3930807147220352,-0.04024369737503076,-0.4541187535789975,-0.3825521272284196,-0.3038688467625532,-0.4891212746248907,-0.0549940941361939,0.6571732506019877,0.11376982299245318,-1.3654794495245555
0.43780940298453946,-0.8499082127771853,0.5174066719017469,-0.5736769340540886,-0.9462335528663621,0.0848984513978607,-0.5384369932199945,0.7172677963076863,0.18359013281716596,-0.7755892602413155,-0.19170143702517764,1.2456027398286738,-0.686379699422823
0.3952839973920814,0.9012770983551887,-1.4514454667828578,-0.4570500290688941,0.35241903137238156,-1.403710293559004,-0.45394907386813643,-1.2694634847842992,-0.9726777299217886,0.7686699939542175,1.5060479382291532,-0.6407854548983601,-0.007279949321090528
-0.6346612673647779,-1.7414353836910998,1.1266796851092469,0.6909853140513411,-0.7787172291290576,1.3249864672854705,0.7062083146718723,1.5071586583704335,1.7391017919875682,-0.36774764693031897,-1.5711228044193213,0.49104746193786025,0.6718198007806425
1.5014824645835616,-1.2243299481789809,1.8683674484666206,-1.6137926002203555,-2.0226121352294935,0.36361677529866304,-1.6596809249261024,1.6662453117806406,-0.3105061852047131,-2.4889627335180333,0.1266265708350094,1.6228803787740804,1.3509195508823748
-1.2023178653427964,0.15899714488192476,-0.493037815168085,0.5457912871181793,1.0255911454796045,0.48278366393144756,0.9344876517280053,-0.3575257739136101,0.2858405874139108,0.7384704282915546,-0.722248116792156,-1.6049394210921775,-1.229659499504209
0.3134003507341938,0.7642426755716506,-0.9276615452555445,-0.21071897770588371,0.3153333296129298,-0.9407772213660013,-0.27976362677637695,-0.9056065669356655,-0.6956533948447852,0.5467040356051219,0.9755012584621748,-0.4731065042559571,-0.5505597494024765
-0.19331082050263493,-1.4829764782089585,0.8909603176301735,0.40238882050861324,-0.9260693735172136,0.8262406769495813,0.3165353561328475,1.2448600371905756,1.3451347723319527,-0.38888423170168257,-1.1466854606057386,0.6587264125802633,0.1285400006992563
-0.276655996852482,1.2677615926922816,-1.6913785424184626,0.7186152363429847,1.1263686135185913,-1.1064196049989112,0.5284462364339635,-1.588236104097696,-0.3739717216352597,1.747728203684127,0.5510639146485921,-1.2276617821467706,0.8076397508009892
0.8446804881940496,1.2704416150146085,1.6600307659055833,2.0412612906183547,0.279034533822648,0.6744184653553078,0.6249521161325348,0.2994411367638747,0.5899692554452657,0.1548775535878749,-0.2978107729785733,-0.09582886531055036,1.4867395009027213
0.5845626552324601,0.048239458781088866,-0.2708263828143709,-1.3141746601881146,-0.4078467206132911,-0.628653206309812,-1.0086484546040297,-0.1768092915604464,-0.9938522078295267,-0.6933635739626972,1.3999386022757576,1.0360040515256699,-1.0938395494838626
-1.4559182038730087,-0.27142041107727877,0.1160806342964568,0.77892334971866,0.9063867591699499,1.1348438424986647,1.1939647741747434,0.2013554268734107,0.7612088104256512,0.44402719172698757,-1.35890413251253,-0.8503841432013638,-0.4147397993821302
0.9582119958470058,0.601128224244177,0.3923552212367449,-0.12413919640598042,-0.29099413316683187,-0.38521300765094785,-0.5804781665586775,-0.07989277916154497,-0.5167964459292314,-0.37644607498741983,0.3388452427418007,0.2814487736348566,0.2643599507196027
0.8228387784243105,-1.8823571611078957,1.4924987268262688,-0.5016623923590572,-1.9845050072926835,0.5608342640904194,-0.7072622217746676,1.7839255654821509,0.9680909662556416,-1.4520300521125444,-0.5100294448853646,1.413281690471077,0.9434597008213358
0.08860105332078713,1.7335361434201022,-3.035692551908428,0.4748997999281722,1.1865769246099427,-2.4059108339834703,0.20337995844114132,-2.579216435565186,-0.8821332090912649,2.581957310170057,1.1877199303689663,-1.4791802081103753,1.622559450923068
-0.6978899808114227,-0.32543566432028614,0.10033414470574298,0.4074336818695467,0.29321166031930385,0.5784671226979141,0.5903238539978524,0.21953063329342437,0.5282264466889375,0.20278426933931268,-0.9344667886989473,-0.3473472912741549,-1.6099553595611793
0.611987611629717,0.03982885718068775,-0.008035537437937135,-0.9447502126750003,-0.43470018570292396,-0.44557708444886895,-0.8281414951865446,-0.024475416790851915,-0.7181236252931105,-0.6373302446827647,0.7632825865553834,0.7844856255620658,-0.9308556094594468
-0.7472537403208539,0.6683963365119587,-0.59968842840294,0.7235444833955329,1.0493308542073718,0.07377984686070113,0.7839146164027627,-0.672745154268301,0.05452380272569594,0.9388569704446315,-0.08559210107178196,-1.1019025691649684,-0.2517558593577142
0.8769281124181251,0.8781953155135077,-1.02374314541294,-1.130336589561947,-0.02905877731904543,-1.4194976802588088,-1.068583773938043,-1.0168300871181666,-1.4479714357634685,-0.008005569069896343,1.612157274182549,0.02993034767125208,0.42734389074401863
-0.16368682026974157,-2.572629487128124,1.7378886440090888,0.34681803349477386,-1.7365352459530796,1.4584506360350378,0.2712481896944835,2.267926065550129,2.0770210150573085,-1.0568466825206544,-1.6241774723960192,1.161763264507472,1.1064436408457512
-0.3474735661432844,0.3402326319336478,-0.4392934918372722,0.2751559123866506,0.5092216494142835,-0.08948405259707376,0.33212727340822057,-0.41799510412364027,-0.040266162696154614,0.5142004015305863,0.07357190285831154,-0.7246249302195616,-1.4741354095408328
-0.15397815827468647,-0.7116923098092451,0.5296529851661143,0.2776683298949086,-0.3980716622433319,0.5192218724357652,0.22948546443572151,0.6549522433544743,0.7072885959897205,-0.20499410386271355,-0.7753027847688538,0.4072079866166587,-0.7950356594391003
0.8617152580413143,-0.2890484420908637,0.1686401469203838,-1.6544278249584023,-0.8616794195770705,-0.4885486508423058,-1.3373949072875209,0.23980863129833957,-1.0032098092545145,-1.2520193892255287,0.9224465904854771,1.539040903452879,-0.11593590933736782
-2.1137262736301907,0.11956269248062248,-0.09097177083906022,1.1533398988531784,1.6873503965282208,1.4473587892835875,1.7453019215354095,-0.11115286892489315,0.757448604353094,0.8530275871037147,-1.1997401285824365,-1.353420995128573,0.5631638407643657
1.349045941800996,1.8426858212630797,-0.14458050045155627,0.6841578578109176,0.3108837200698706,-1.0801049349143508,-0.36329260808972796,-1.0043051417789497,-0.8067031972523107,0.5734328597073499,0.4980092466718942,-0.22158807829235266,1.242263590866098
0.1833280108265965,-0.6872153899444965,0.3881926162378692,-0.28132141218779627,-0.6358373955406019,0.1679037290315537,-0.2471865068579392,0.5629602303205872,0.2817434519340807,-0.4803791435617226,-0.35086544095527117,0.9102448385438678,-1.3383154595204863
0.07544038040255556,0.7476297804317087,-1.368541415260657,-0.21861598315851688,0.4835439401126858,-1.1101106715403748,-0.15607574888304937,-1.145788484766226,-0.6896430078183661,0.8693454947341628,1.3468839342990597,-0.9761433561831658,-0.6592157094187538
-0.7769345419144735,-1.0847706648939164,0.6889539429689012,0.6705612951043607,-0.19606769623443812,1.0893883637813635,0.7718608771888629,0.9315788177780627,1.2586712994350664,-0.055982907846532176,-1.4119588004892278,0.15568956065305414,0.01988404068297901
1.1805264298282172,-0.5761139823789347,0.8510817706823188,-1.352236449333113,-1.31074282038606,-0.19087657435463778,-1.348989700675437,0.7682280544968383,-0.5790358176441083,-1.553991198765358,0.2857905747651029,1.2875224774892742,0.6989837907847118
-1.323844127431394,0.9139375858014657,0.7067279957715503,1.950469443310217,1.6635997204427044,1.4957567376332046,1.7421673943533014,-0.05935094189708039,0.7763992485800263,0.8023208821151773,-0.5630841128620625,-0.5988657172377594,1.378083540886444
0.5218246158618409,0.22400338936030242,-0.3379891638790725,-0.9413717678025851,-0.23321925746928562,-0.6354322838741906,-0.7779092671625953,-0.3026876803590795,-0.8462197375215185,-0.3895411609778788,1.1346652623922684,0.5329671995984612,-1.20249550950014
0.12969451965376586,-1.5236640227809848,0.6678791748247601,-0.3652099959675415,-1.2001304985673926,0.4222123306303684,-0.26270358890827067,1.1394967358071972,0.8134519686561646,-0.7455908250260208,-0.9875214566756451,1.6648001164346815,-0.5233957593984072
-0.5083421821883999,0.894722395426819,-1.6034066545377372,0.4146460858950128,1.032062620359793,-0.8722024036024417,0.49228715941713086,-1.3518337175612405,-0.33148905753337793,1.4752945793803949,0.7102279185786856,-1.674805650526512,0.15570399070332563
-0.14811714073071275,1.1762930288697369,0.21234941768152624,1.3643056413431551,0.9628670714070191,0.27018677531795326,0.8006305315586595,-0.469394012987897,0.16237622417193726,0.7710066745140421,-0.1386467690484798,-0.5429727336902919,0.8348037408050585
1.8581248943376125,1.0918723851512093,-0.48904911511943316,-2.4967923077734913,-0.6176629642411411,-1.711385917390635,-2.317983932246918,-0.8224591324675873,-2.597281416036329,-1.3362836420389264,1.559102606205851,0.5888601831459286,1.5139034909067908
-1.4293929333969468,-0.22471367874700504,-0.13438709223199982,0.6057400206855587,0.9200751620844438,0.9225424673422024,1.0881836950212127,0.03678886251240985,0.6016336182479696,0.5124518105394776,-1.5180681364426234,-1.2975280115811052,-1.0666755594797932
0.28548106338088175,0.555235020002086,-0.012965750826496926,0.294950079201769,0.18532583376763162,-0.21496554611143345,0.0024871897561046996,-0.2853684448025584,-0.178229134895752,0.21048699720428235,0.17968123881170722,-0.16569509474488503,-0.38757580937806085
0.37901365770598566,-1.4349228179920108,0.9950175787734354,0.01852317222648097,-1.324781572666102,0.4956290686607225,-0.19386335109555342,1.2794466830142857,1.0307573761573718,-0.7276894469756795,-0.6691934488154582,0.9661378220913353,0.29152394072367244
0.3823040521825312,1.4169174101424584,-2.11649312550945,0.20888219262195212,0.7351571656274982,-1.907533181920316,-0.09502547465591632,-1.9025484860998503,-0.8519340758370965,1.7169249288340762,1.0285559264388726,-0.9202503726356982,0.9706236908254051
-0.5018797815754394,-1.558003670758246,2.0932079805847823,1.6284457933614354,-0.7466260857592774,1.975416162467459,1.1303151774644666,1.9600794776432995,2.2936305575746307,-0.4485088210483759,-1.0936307926290407,0.21158254420052194,1.6497234409271373
0.4427207739842951,-0.36795376982352035,0.08495195451182302,-0.9870838409348596,-0.6014072382317068,-0.2523039284364975,-0.7595640157037997,0.23215343397646585,-0.4599558915171055,-0.7353400500557241,0.60411858262529,1.3434154610367424,-1.5827913695571099
-0.9973359373203133,0.4098801760273724,-0.7031121483440185,0.5482443652797231,1.0517797958742592,0.17352619597247246,0.8256425039343634,-0.6015756114743206,0.10977841937431634,0.8964380811313591,-0.24475610500187547,-1.5490464375447095,-0.9036916194553775
0.45894946634120687,0.8135718481072155,-1.1985685581704815,-0.5678442470297677,0.24077257467487556,-1.2543025358515763,-0.5467134367662255,-1.0830070315148626,-0.9914082855598914,0.5050840906312373,1.4529932702524553,-0.4172135207084896,-0.2245918693536449
-0.26344694260534707,-1.7905655467512118,1.0730686074722702,0.4594529951094559,-1.0953962776241326,1.0171072721212617,0.3843799034166097,1.5015450766722478,1.6048579275622372,-0.485517802671997,-1.305849464535832,0.7146193961277311,0.4545078807480884
-0.35373746553332275,1.4406915979829145,-1.6111684605157341,1.0332990738799686,1.3098099570112651,-0.989189882947056,0.7361762173117071,-1.6296286644859403,-0.2667707524018566,1.9023288136113414,0.39189991071849856,-1.1717687985993028,1.1336076308498206
-0.258047384522521,-0.18460527980130892,0.14960288340448458,0.2563365019037019,0.061933405021184024,0.30069689360240004,0.2741303101256898,0.17677341736077434,0.3180541094462429,0.06324126228619849,-0.45697477690866684,-0.039935881763082735,-1.4469714195367633
0.6737936168151964,0.0259639462144254,-0.16205368903744383,-1.3947570046015476,-0.4915375168017272,-0.6087890920831724,-1.0991826022063012,-0.10434412182825324,-1.0369048269358592,-0.8291624160564245,1.240774598345664,1.0918970350731374,-0.7678716694350309
-1.3009537850717017,0.08054421507265992,0.11368768236957445,0.9329032558329652,1.0435589208410871,1.02174065047126,1.19207804773844,0.023743637073230184,0.6241389026284203,0.5506571075542827,-0.8814121207222494,-0.7944911596538964,-0.08877191933329892
1.2122653116869604,0.854882902605126,-0.03769338255878245,-0.92300452635224,-0.2998941714736186,-0.8994305114526304,-1.1391921058123216,-0.44936906615339217,-1.280044150105697,-0.600457239028357,0.8163372545320813,0.33734175718232406,0.5903278307684345
1.3788584277346596,-1.3256926432103173,1.7150171010561723,-1.223640912179011,-2.0030445400898245,0.3333317254730443,-1.387594639135423,1.6305716854350034,0.04625279742145828,-2.1092026457263153,-0.03253743309508412,1.4691746740185443,1.2694275808701672
-0.12404580994941511,0.5718435678049277,-1.3569863132833513,-0.25458237324644467,0.5075024463659976,-0.9579736476988255,-0.06789557643658825,-1.0512421645532586,-0.5912902786706751,0.8362577963420573,1.6652119421592466,-1.4232872245629076,-1.3111514695164168
-1.118601832333412,-0.7411137706883685,0.33703705208811535,0.6062475227889714,0.31123282733224245,1.0631543039926408,0.9214565396660392,0.5611186084783252,0.9680854006672815,0.16205338974208616,-1.6507048063843681,-0.2914543077266873,-0.6320517194146845
0.8055505997925483,-0.3600822733110937,0.6831168724516989,-0.47420368614271374,-0.8705128771812679,-0.05126185350068247,-0.6834607857512983,0.5653666238453652,-0.09101364294407177,-0.8311448884675463,0.04704456886996263,0.8403786091095331,0.04704803068704833
-1.9044386050012463,0.42575233320197775,0.013716423270723428,1.304642286540968,1.750275337674912,1.3778765541679971,1.7128109499052244,-0.20548445141459892,0.6508738268123011,0.878164921227853,-0.8018301187572028,-1.0460095856175007,0.7261477807887812
1.7706427303857453,1.6308756923124166,-0.38476220703668035,-0.7478915721728,-0.16160275591516252,-1.568111652233379,-1.3466731891388621,-1.0336094012159622,-1.702279795452444,-0.22299510810909937,0.8959192564971281,0.0858233312187195,1.4052475308905135
-0.13835663308761764,-1.3053891058148317,0.5032545844557093,-0.10779031137366134,-0.8392603637606617,0.48763773476142785,0.01737444986788818,0.9373946743194955,0.8466912559634416,-0.4478237972991333,-1.2262674625707854,1.2176562480549398,-1.1753315194960705
0.020043541821172958,0.7696837756924325,-0.7097812661132471,0.2778164304772462,0.541449416650219,-0.5620479772374508,0.1360577813136002,-0.7855233973277618,-0.34276557112204237,0.7172574744340967,0.47148191268354533,-0.6687319466720941,-0.4962317693943381
0.4629630297110109,-0.43148328646467193,0.8776917654705534,0.3606856664670911,-0.6626823169930246,0.3448305298580659,-0.05813639616748,0.710796067801459,0.569267684556117,-0.4074092327681556,-0.37739277494362006,0.46310097016412655,0.18286798070739493
1.3355212287155613,-0.03709240033948535,0.31559001065218917,-2.3844091533331153,-1.0383153925835913,-0.7153334650328194,-1.9777815124393368,0.19645785845720207,-1.7148810148245286,-1.8584176531841952,1.3203566003107108,1.5949338870003467,0.8619677308091278
-2.932008136876074,-0.055333388456349934,-0.1031371207753572,1.800133381944102,2.180613030527178,2.025458255056868,2.526818256553578,-0.030422339693342692,1.3537446559224775,1.3024998066930598,-1.4384861344775768,-1.6328859128659112,1.5410674809108604
-0.06754371641194871,0.4794306776488242,-0.40387626278870087,0.22039596453505333,0.39787681924853097,-0.26313244257182256,0.15277341629057237,-0.46774224208409954,-0.17893261428607632,0.45056195907854757,0.259263240776754,-0.501052996029691,-1.039511569475724
0.17225535656870572,-0.8117411282297959,0.695507117363902,0.15715146342527467,-0.717507382052666,0.41297309512537156,-0.009501367209845816,0.7985400008227334,0.690208712523393,-0.4104546866479411,-0.5896114468504114,0.6307799208065292,-0.3604118193739915
-0.02649400678426004,1.0409859458776054,-1.8377971490893328,0.12960425228167008,0.7728996157566005,-1.3989982284496791,0.08273247726477323,-1.5571961673916503,-0.6433239356036933,1.4555897752383833,1.1081379284039194,-1.2556082739205043,0.3186879307277413
-0.9333222340818578,-0.5264858064282715,1.0968718555487573,1.3556324057876965,0.3261241208584958,1.516411014335689,1.2179558515344207,0.8819137885284543,1.3631596719843635,0.10700780101017127,-1.014048790663994,-0.12377535708428429,0.9977876808294744
2.3003628004287364,0.3780278760703385,1.3821678990013795,-2.8341011469711823,-1.468850240965253,-0.5850850184579952,-2.7338785100599035,0.5897425041609766,-2.3375442276714105,-2.9581703948407467,0.6837005845903367,1.0080575597519361,1.6768874309312065
-0.5633367321882926,0.22744322864400762,-0.4065613741780407,0.3369418796745735,0.5911425176742703,0.09075073455683584,0.48076988690230427,-0.34306101911862874,0.08480957525629168,0.5319193169067796,-0.16517410303682872,-0.8783306349750977,-1.6860145315725732
0.5010065226436972,0.4065062250595073,-0.6603889594529813,-0.9724258244089548,-0.0854673859628094,-0.8692452743264536,-0.7831354706899183,-0.5758050513050792,-0.9982745442563491,-0.1708183215850232,1.5325752722175021,0.2535022818611229,-1.0069147814708408
-0.17825320495374544,-1.7129699887185184,0.7641662331413921,-0.04439893925812884,-1.1038033251840176,0.7175974361290142,0.07231453689999161,1.2885728194647588,1.1819199415020027,-0.5987794293188581,-1.5445954704309723,1.3853351986973432,-0.3278150313691083
-0.8630063113091062,0.9027165219254174,-1.163022462226093,0.7822822073921485,1.3064576715489546,-0.2777764884094879,0.8771544361662789,-1.107614930325088,-0.06869584685736695,1.3979790645433612,0.1531539048233583,-1.507126699884109,0.35128471873262435
-0.9315802468951756,0.3475124417245823,0.8663093439259829,1.548748171713363,0.956874171001972,1.3372614130148135,1.3190826801836146,0.31426126254172915,0.8845932393313319,0.4100467947030712,-0.6957207828038071,-0.37529378304788885,1.030384468834357
0.46218634971827305,0.038424502418853604,-0.21332590666865647,-0.9319218410935528,-0.32226007009254864,-0.49642644876341907,-0.7408698802552043,-0.13948388492213623,-0.7077603534674639,-0.475857057458158,1.0020285924505237,0.756539133788332,-1.5501945815522267
-1.3404853320947225,-0.06815462307252072,-0.12948002178168405,0.6714467635539572,0.9659611732143438,0.8624974170322023,1.0751379556416623,-0.038849654233170335,0.5386286240786053,0.5535425962682848,-1.1201581266173897,-1.1298490609387022,-0.8710948314504942
0.6461047852348378,0.7061431498257986,-0.19354769621326764,-0.16738564286692142,0.021334130345079742,-0.6132102277269632,-0.43563162273502176,-0.4627277392398246,-0.6228225939311872,0.030023399704331676,0.577591248636941,0.001983855897517969,-0.1919950813487619
0.7845534659273723,-1.1394123374321448,1.011562249003048,-0.45492039937258466,-1.418216194995252,0.217237100226539,-0.6619871989496492,1.1407811648716883,0.47554253789026735,-1.0623807672054155,-0.2712834389902244,1.1338167727337383,0.487104668752971
0.7354928061640735,1.4368988847688038,-2.2232317426511155,-0.296748213754039,0.4821112847566348,-2.2434634014441324,-0.5520308039833939,-1.9727183015729235,-1.2353275626441789,1.4520405517978319,1.4264659362641066,-0.7525714219932956,1.1662044188547036
-0.5101053632738528,-0.9150398590042575,0.3796448530627029,0.24768268033554258,-0.27540932777773475,0.6591594083991402,0.4049933978964638,0.6722362140190545,0.8295471711014378,-0.11380477196165048,-1.332376798524181,0.379261494842925,-1.4143746315318804
0.593872772468971,-0.5781152753225683,0.31894114479396685,-1.0837514869924154,-0.8678733105558816,-0.18028070122857512,-0.8918709720780021,0.4692896249750181,-0.3815602832407127,-0.975254106846404,0.36537257673014967,1.5110944116791454,-0.7352748814301477
-1.3321667143406726,0.4937242462429918,-0.5068452076153815,0.8590118481087875,1.3660077074133523,0.5653551451579624,1.169797437540114,-0.5329387954215072,0.2772734438723707,0.9620245338929998,-0.4835021108970157,-1.3813674869023067,-0.05617513132841526
0.8618700976857756,1.1594116870669395,-1.170642294106957,-0.5720086153253816,0.18571948962410723,-1.5220321791687612,-0.7654130685633418,-1.2404621394415258,-1.239618567027507,0.4814710444005382,1.2142472643573152,-0.24953457006608656,0.6229246187733176
0.47037799981218664,-2.5299288292324063,1.9291459886739954,0.48866752600163565,-2.1858792919653105,1.1507949167046112,0.00551854546093479,2.3543437444242628,2.150333387640394,-1.102554369950117,-0.9079394547105983,0.8822983467701341,1.3020243688750497
-0.16044452174233487,0.5848797680982363,-0.9973842957420125,0.029248036258120506,0.5444976101604178,-0.6543770732455644,0.10166838009563682,-0.8550812485965098,-0.39326920914359764,0.7619791555240037,0.7898099205437323,-1.0040898479569,-1.2785546815115336
0.25816079046416873,0.1274320267357724,0.28908453594045047,0.19998814110244012,-0.10336659046551216,0.03770701300075242,-0.03302093786567399,0.09912464568765558,0.05570026527627636,-0.07890368734896368,-0.05906476708343304,0.12774306887932008,-0.5994549314098016
0.9387837059631557,0.13080863972790593,-0.2500645866061046,-1.8686550290894506,-0.6164114481251699,-0.8669469559224461,-1.492025959154428,-0.20645735965376183,-1.4572866396956654,-1.0863728617501012,1.638684608170898,1.2595759857155404,0.07964481869193113
-1.8832275168392556,-0.5472698734770336,0.5618805311299013,1.185029840102087,1.0305277708800915,1.7856041076686167,1.6381978384076503,0.5907749311584976,1.2533139427991074,0.38887797001841035,-1.5976501384076702,-0.6268122090114933,0.7587445687936638
1.9753186876643498,0.671251921810893,1.660461118893232,0.2275092921307185,-1.0106123784609762,-0.13699203594548956,-0.9411451971647532,0.5997564041738669,-0.30972221942425493,-1.0804807770794822,0.10009923684666046,0.5050207078247271,1.4378443188953964
0.128978760354738,-1.2341644224067754,0.4759027256734358,-0.4552343804739218,-0.9902243249089395,0.27459975832713196,-0.3098974211924179,0.886308675996968,0.5424839584740218,-0.6640588464329004,-0.7487754507805049,1.636853624660947,-1.142734731491187
-0.349382380219032,0.7629109171519395,-1.480401357575176,0.16285916233980324,0.8163453014318891,-0.8914184777594593,0.2738034188997215,-1.2164910139388903,-0.42190990826397423,1.2123282130806743,0.9489739244738259,-1.5909661752053108,-0.4636349813894549
-1.3118350990973697,-0.3448988927680614,0.4674556146830423,0.9909745583287949,0.7441226921862074,1.302515487894609,1.22861586517154,0.43620551568428123,0.968145403254717,0.3269929327828209,-1.1732127945940876,-0.4591332583690903,0.21546476871227796
1.4911911472580397,0.4827898938621928,0.6294157659446438,-1.1343082675100755,-0.7802406819402048,-0.5849530596494456,-1.4007408152010596,0.1129897621284248,-1.1705648333303438,-1.2406757715138572,0.5245365806602431,0.6726996584671301,0.8945645188140108
-1.870298922666208,1.2093181944339628,-0.5290924102329976,1.8919901372959578,2.2910881161466183,0.9345419306948836,2.004883753363481,-0.903846073733915,0.5242974158099836,1.6819625657278112,-0.3243381069669222,-1.2136885362599037,1.573664268915743
0.27928329541103614,0.37743618751973573,-0.725848542236671,-0.6473097123316748,0.06143700296590575,-0.7605666503139573,-0.4921725491106791,-0.598143094879244,-0.7402557258071313,0.09926553666923237,1.3734112682874087,-0.08185561942368352,-1.658850541568504
-0.24682242437484936,-1.358054310925456,0.5402041950323657,0.022597014483173878,-0.7951981879602192,0.5940206559078185,0.1445661552778644,0.984595898077016,0.9792393804692121,-0.38653001336640935,-1.385431466500879,1.0499772974125368,-0.9797507914667714
-0.18914184442154405,0.8179808725788594,-0.7349130715163438,0.4877734701812884,0.7348093255215103,-0.43125453379563883,0.3594215661074225,-0.823875986229186,-0.22368613618685246,0.8789218204076296,0.31231790875345183,-0.8364108973144971,-0.30065104136503895
0.2502891247772319,-0.4241737138997313,0.9704927627152937,0.700047075593555,-0.49632218057119665,0.5691239260572554,0.2354928364018629,0.759442665925569,0.8118990313277723,-0.24537268343160298,-0.5365567788737136,0.2954220195217235,0.3784487087366937
1.5039683422966905,0.03797023485671822,0.4438473809635926,-2.5515487373843215,-1.111608260146624,-0.7373085324587755,-2.1566263826748484,0.2311588509006289,-1.8901446430515574,-2.0676526987323722,1.1611925963806173,1.4272549363579439,1.0575484588384263
-1.199767750373496,0.005127821458549463,-0.35986161895197427,0.5121009309546861,0.912382539278686,0.5837097729984262,0.9153118598451043,-0.20540373675015447,0.37031825165094556,0.6164453124660936,-0.9609941226872961,-1.4652069622235082,-1.5230305915481575
0.2711887957952886,0.6184773733615464,-0.6160911976278584,-0.14274657971349627,0.24188686562121436,-0.6700679037709827,-0.22115854523117368,-0.6569912712109659,-0.542683171630208,0.36117721338009195,0.7367552525670344,-0.3333740453872881,-0.8439308414464249
0.6197835995174263,-0.495723329843293,0.6644026350850044,-0.2850048632880727,-0.8279122482958107,0.06767005129720717,-0.4836510928834652,0.6227470594868708,0.14330303579009554,-0.6883901659803457,-0.11211943506013088,0.7984588714489326,-0.16483109134469257
0.26790324574228197,1.0543589206867867,-1.9594850989226,-0.24614333535552171,0.5596017294096046,-1.7042537492704999,-0.2740389467286622,-1.6324826430558042,-0.9271877648368061,1.290268949684442,1.5856299401942,-1.0879293232781013,0.5142686587570403
-1.1724838480910809,-1.3439497931265418,1.3135560648787628,1.251886711462294,-0.08392505213496795,1.855307905614174,1.291632794501268,1.4134316029496157,1.866909449732076,-0.12485084269589324,-1.4915408024542745,0.043903593558118924,1.193368408858773
0.4075985224870134,-0.48205846742980063,0.24326252263089732,-0.7329587428061526,-0.6573262369888562,-0.10493757108178214,-0.6063853663750428,0.37852841623563177,-0.19349519133892146,-0.6800831982063434,0.20620857280005614,1.175736510394339,-1.387210641527811
-0.8704843870655157,0.12158303826254521,-0.01458581576920618,0.6961715496844673,0.747211136374108,0.6137107085243736,0.8356625837324633,-0.06910976569792468,0.42217657415590926,0.4848960756861937,-0.6426661148271092,-0.7106516843326949,-0.7081108914260786
0.883882692999229,0.5590952357348781,-0.2909205223416845,-1.092226859429091,-0.26509693700365816,-0.8590546236883491,-1.0521794130512092,-0.4439706335185549,-1.1939291858616616,-0.5272824298523069,1.0550832604272216,0.4211812325035256,-0.029011141324345943
0.3136437973724121,-2.1597455931519165,1.3415701150354398,-0.22862917966297902,-1.799458807358928,0.8099566966020665,-0.28936008542977015,1.8377701973391414,1.364112482596406,-1.1538212415204996,-1.0671034586406918,1.5530141493397458,0.6500886087773865
-0.2751640056802683,1.4960127042296425,-2.2375709062022113,0.9131132721738793,1.2903082156279673,-1.5289254803160466,0.630437931752454,-2.0104046134432862,-0.39375217389116757,2.2865400029752987,0.6306459166136388,-1.339447749241706,1.3291883588791191
-0.19059151506558836,0.07737183271826362,0.022143343863761794,0.28904127978255023,0.20030401966843153,0.15392083031673526,0.25516935491465953,-0.026266540784586644,0.15621805026132268,0.18034202199635055,-0.21822877101352656,-0.2076148324054858,-1.2513906915074644
0.711405161105698,0.18252752481249826,-0.32398614525313435,-1.4575634652893026,-0.40679788205320894,-0.7607372393505715,-1.152585760948384,-0.2740238800209958,-1.193757714127164,-0.7514499497845769,1.4795206042408042,0.9242180844307345,-0.5722909414057322
-1.7307110051252552,-0.1270348423101844,0.12273788374890428,0.9566848760645159,1.218926593132765,1.337268187666379,1.4355654454509919,0.1327998490207163,0.788659914637005,0.5601172912743638,-1.2793221305474831,-0.9621701102962992,0.10680880869600046
1.3053158880704463,1.0903656692022436,0.43660683744846035,0.04106285425934153,-0.20006887341174473,-0.6002725579664175,-0.6796749835493975,-0.29995927669124334,-0.7429856377805446,-0.2968786613966743,0.4184272447068475,0.169662806539921,0.7859085587977335
1.238110065220716,-2.1444941703082288,2.2346146426500972,-0.4993175828493863,-2.488596752110971,0.8352966106355972,-0.9291580119557311,2.3334962134682864,1.155634771644857,-2.0025746173633823,-0.4304474429203179,1.3014957233761413,1.4650083088994656
0.1818544834530531,0.605146318583251,-1.0255386200838779,-0.36175175462047204,0.2999055179499256,-0.9218544034546275,-0.28890266380154583,-0.8810998505633842,-0.6931576376152621,0.5166827507822722,1.267301932334013,-0.5848924713508926,-1.1155707414871179
-0.0864594898938155,-0.9628771691412074,0.6730193363428815,0.29412802668738375,-0.6308637397915916,0.5813663459670442,0.20190514319674174,0.8615533307723205,0.8973754808202756,-0.3004521153147343,-0.8548847867339004,0.546940445485328,-0.4364709913853856
0.9873599944429963,-0.4084107035793025,0.34793427072408123,-1.7852009718908066,-1.0431615537050543,-0.4404144448067944,-1.4740211729744541,0.40064395410956394,-1.0140876826600285,-1.4744632611166022,0.8428645885204302,1.6787733623215484,0.24262875871634706
-1.2386601553298733,0.9581456093626849,-1.209400789677883,1.0914144689233352,1.6310544388938553,-0.04386042032717469,1.242380340213355,-1.1615147887621984,0.11774874909077898,1.6429824061752656,-0.006010099106735204,-1.6608324046396452,0.9217285088180797
1.2260822971068244,1.6780444558755525,-2.318349602893337,-0.814328015959893,0.28494583623954434,-2.6690741645544187,-1.0891801103814316,-2.147096512169709,-1.7842323411318761,1.1703735203331358,1.6917392761475956,-0.5289994878034247,1.6008282589198124
-0.5506295725130124,-1.0852229451703155,0.35884075102096386,0.15712841364931768,-0.36779251493662446,0.6722016292800543,0.3789095367741568,0.7457372609962036,0.8840658746095473,-0.15998744110709456,-1.6938117241154351,0.6028334290327955,-1.6316865515644348
-0.714085951309665,0.4989699373563958,-0.7218053697948066,0.4887510175211454,0.9016824184545393,-0.0442567859256723,0.6420030292409715,-0.6567279615662553,0.0031777428155219983,0.86983520843771,0.00393765113889564,-1.283554765694238,-0.952586801462702
-0.606528796765041,-0.32011283164092574,0.4922000280979661,0.7440620100620713,0.22786641606076313,0.8152327486652233,0.7191434279597363,0.4377398886876948,0.7702704251132507,0.140452695732162,-0.8449370364882698,-0.151721848858018,-0.2734870513609696
1.1431061388070796,0.15068736522412787,0.21383107628106943,-1.684179084646432,-0.7567840021405413,-0.6557047331423752,-1.5043165692298204,0.045061873218827236,-1.3366682945621762,-1.305900390599493,0.8528123387660611,0.9801110679782021,0.40561269874076256
-2.4044266396182783,-0.0461206812669382,0.41744525846685004,1.4784122362882064,1.7876985437500545,2.0483550962139305,2.07330474802582,0.2583898344032294,1.1122820167322467,0.6961120447349706,-1.2693743803018522,-0.9062771267488314,1.0847124488424957
0.27349564941310356,0.13085644453853504,-0.12014239906626621,-0.3230404843933872,-0.11250431483131441,-0.28905667272262314,-0.3176844808447338,-0.13325075482496695,-0.328660526331022,-0.13058088216497696,0.4283749949524783,0.22555579008738882,-1.495866601544088
0.30987419070686106,-1.0467839097460205,0.5269215564838328,-0.488779404250693,-0.9917177375045088,0.18409119170351915,-0.4248255394579897,0.8212257104833229,0.385152329327508,-0.7248591490327194,-0.42049969267468706,1.357388706923609,-0.8167668514423556
-0.18092907675264241,0.8395813729214047,-1.6999629702787633,0.028200534601835303,0.7442105103378769,-1.1817704494985266,0.11212160271748703,-1.3786431277287143,-0.5745946439833065,1.283991017487466,1.2772496825796438,-1.5350731916578428,-0.13766710134062324
-1.5261743011560422,-0.6513447857221365,0.6164584311677734,1.0579607953897183,0.6848383365049449,1.571369055045115,1.3791879906812985,0.6736581800057723,1.2343035753879037,0.26174637510992776,-1.4815930522086436,-0.40324027482162256,0.5414326487611096
1.715378503689781,0.19944267951890957,1.2684532834920015,-0.6581971335811114,-1.1549493006621305,-0.2528357688663975,-1.269574371249667,0.6150823644826952,-0.6220247118587442,-1.3919273374763106,0.216156323045687,0.728592642014598,1.2205323988628423
-0.9912859174788562,0.12453583564849165,-0.3351358892281311,0.5260882528540888,0.8408386412940793,0.4531081236729611,0.8106820477152635,-0.25126633215806365,0.2958827321703262,0.6075735242265085,-0.6327183645814783,-1.157795552712436,-1.3600466515237417
0.5122811166737458,0.5919415519008792,-0.6222698865321036,-0.5820483313936242,0.04009904257995489,-0.8479277125056177,-0.5828767313739064,-0.6471848116646174,-0.844664655802999,0.0666404752745289,1.0650310106728524,-0.025962635876215723,-0.6809469014220093
0.05674765725920777,-1.6726727148269112,0.8740366735186139,0.026975092149427508,-1.25264440490451,0.6336529457931513,-0.01623535401091498,1.3303204383503457,1.2054725323365034,-0.6319233505757434,-1.057155708395061,1.1058702809600043,-0.001847151320276621
0.27804237037089374,1.3532514858675988,-1.33354262313325,0.5186861258134124,0.7680796111410508,-1.2285643260542174,0.12473001575470129,-1.4293552762488422,-0.5805713582292981,1.3453571877460273,0.6405936668592697,-0.7805179137670294,0.6772525987814563
1.4551105300165414,0.36985396944663745,1.8170771682160238,1.0954452520959235,-0.8345885898603742,0.3573346489854354,-0.2029157554846073,0.8389722655615618,0.5377379874826865,-0.6060009586343814,-0.2082810207678957,0.3513150030691909,1.3563523488831881
0.5530819374516744,-0.13299884003470355,-0.2016024781777201,-1.407894734415698,-0.5150742744346691,-0.5526393650421704,-1.0412647447847976,-0.047027602061125245,-0.9338081332764524,-0.8086836195552071,1.489468354486435,1.4831479199054112,-1.224226701503395
-1.6252738772315667,-0.19257088377791393,-0.12724367615142965,0.7173304400490903,1.091675940938481,1.0686871040603103,1.252411341558098,0.02471821242363269,0.6603343670337927,0.5831223058266529,-1.5877023881620393,-1.4093139786760402,-0.5451269514016629
0.3229021442077438,0.8310944446059081,0.07333215853610496,0.6382749180724079,0.356483637816594,-0.1752457306499716,0.16382919670688897,-0.3748764014015333,-0.12308123230095071,0.38006072325271756,0.11004698709229131,-0.2774810618398203,0.13397279870006978
0.44628052278038355,-1.7455912730146999,1.3680526621305102,0.28643825915243065,-1.6004010588356428,0.7351636366367031,-0.08841269218703315,1.6452896181459205,1.446634004964519,-0.822799635581027,-0.7388277005348741,0.8543518549964,0.8130725488018025
0.43148768174005403,1.7550018743138716,-2.7838443880808095,0.5273844978496202,0.9424070200830047,-2.4577638859182733,0.04687738026630315,-2.448012387761157,-0.8590243792013631,2.4303183144378315,0.9589216747194568,-1.0320363397306338,1.492172298903535
-0.5887805767196018,-0.7129415436257892,0.38423068198877947,0.4096799297997497,-0.06966660503232473,0.7191827018429063,0.532883958713362,0.5736106823981113,0.8045735243117748,-0.006907885093134801,-1.1632650443484567,0.09979657710558636,-1.0884067514830487
0.7425697344014975,-0.3206735377175632,0.29390443590799614,-1.1866536347084935,-0.7943126219353652,-0.3063557868636532,-1.0261537510131105,0.32625152433503485,-0.6392059321822927,-1.0266957193184185,0.534484330905874,1.2316294939418069,-0.40930700138131626
-0.6219509538254497,0.6802395193217732,0.05026118199133525,1.0544979512801003,0.962994559174179,0.4853110143181196,0.8914973708584641,-0.31233257118238683,0.2878014648817966,0.6806444956502691,-0.3143903567212914,-0.654758700785227,0.26979274872041636
1.3736872644611209,0.8856302407808831,-0.5073983866011054,-1.8205895560156895,-0.3999148688780491,-1.3777416039583843,-1.7003069863447464,-0.7295161359186585,-1.9572881843557632,-0.8621848734551537,1.3833590185330396,0.4770742160509933,0.9488924988221494
0.40635911743639064,-3.290132563072364,2.733136847534327,-0.03890431385607177,-2.6871669841722934,1.8171058808299836,-0.23890748067750966,3.188220728105047,2.303998617375611,-2.0599706171599035,-1.375483716255248,1.6089071328872138,1.6279922489238816
-0.63548858061467,0.429919496116903,-0.9376796379895714,0.25231523826248825,0.7922179389454931,-0.267251516791499,0.47481308616418333,-0.7438250456900707,-0.12052510980594945,0.8694514783312783,0.32226565899908266,-1.6189126669790443,-1.6045225615603653
-0.5886957443322338,0.07138256162140297,0.04735205735451143,0.5707108347199562,0.49748682314994286,0.45919076981504636,0.6179441743574632,-0.009058256003167195,0.36614853756928334,0.35338375159817004,-0.5266090286280827,-0.487079750142824,-0.9254228114586328
0.8223837829405851,0.3625825471467469,-0.25734758215879916,-1.2992390386616353,-0.3606357928598762,-0.7889970042366002,-1.128541778320429,-0.32663420770388274,-1.2057866695533461,-0.6932218156048583,1.1711403466262482,0.644753166693396,-0.2463230613569003
-1.9056877279097784,0.2634787929904833,-0.12441784197292385,1.1133187256708459,1.633866308883498,1.2721908173261667,1.6123664847895456,-0.20207754537339476,0.6262002281848045,0.8506601610213205,-0.9510463724416653,-1.2416350280336375,0.4327766887448323
1.3528867569987126,1.5804745659925736,-0.4567281229817152,-0.06189939329898676,0.11834544641626554,-1.3237113682753165,-0.7596520957764077,-1.0489321787929908,-1.1656152485963296,0.29766086247118073,0.7467030028126653,-0.10980211119741722,1.111876438846565
0.27675102425257003,-0.5836197463558184,0.3061721580631288,-0.47766107837903704,-0.6316740120193278,0.03754472045164626,-0.4011515807087012,0.4648490203266996,0.06492960150941297,-0.5530487202152622,-0.10217168481450004,1.022030805638803,-1.4687026115400188
0.1445182340657202,0.6859274403399517,-1.3305971815549837,-0.39299519764760643,0.3866034001761636,-1.130427907562384,-0.28535336511248965,-1.0935008678254066,-0.7732392008724128,0.7223745901205167,1.5955776904398309,-0.8643573890882308,-0.7896028614382863
-0.7946556696769463,-1.2400065669143296,0.6569763555097381,0.5602284681552218,-0.2949116694140264,1.0774377835366602,0.7230712961007594,0.9912964255012621,1.2881508212071675,-0.1073202138164707,-1.6407570561387372,0.26747552774798977,-0.11050311133655391
0.9981488421994195,-0.9182394482021643,0.9226262589059367,-1.0687826073679974,-1.4200373209522863,-0.004735679366656724,-1.1011868766564878,0.9798896299460659,-0.12951207508519264,-1.4142087465047446,0.05699231911559347,1.39930844458421,0.568596638765179
-2.424480551684536,0.5452074385679258,-0.3607891718974982,1.5639767860105238,2.230531214457156,1.4622775734792894,2.129301564156382,-0.47639707232768863,0.7555657289551524,1.3333892440472144,-0.7918823685115719,-1.4931534539972422,1.247696388866912
0.18679545978748716,0.49774247497824275,-0.7045153663194135,-0.27846801404252153,0.21848964134595691,-0.6777045460406974,-0.24754161077694395,-0.6463677537481832,-0.5562013757941022,0.33454883001557495,0.905867006742759,-0.3613205371610218,-1.3328826615196723
-0.24500992419413745,-1.2803772838250025,0.615938349990604,0.181182004034043,-0.7403954505070403,0.6511548277929606,0.22740537342726663,0.9883829379293295,1.039977481113615,-0.3348916599105648,-1.2163197123251546,0.7705123796751989,-0.65378291141794
-0.28024347322356435,0.9640575622786273,-1.1865265404846264,0.5046438674095476,0.9094490591717879,-0.7143069429891928,0.4172887214103003,-1.1515824262738015,-0.31492202723111606,1.2264140454967685,0.48142966292917616,-1.1158758150518355,0.025316838683792486
0.34995977183504273,0.34718893129185396,1.011145337342268,1.1255258835610604,-0.01396619844971068,0.5289322902464668,0.4068055512367139,0.39605997681816046,0.575771353812699,0.01410270265327175,-0.36744502469798923,0.015957101784384812,0.7044165887855252
1.8160220664898525,0.4772413000876238,0.32838504730021995,-2.9416678936981735,-1.030272212850756,-1.0504369286500683,-2.530480504604727,-0.05390725893677116,-2.4864264913492202,-2.247391473454828,1.3303043505563417,1.1477900186206051,1.3835163388872578
-1.1775957047011723,-0.38443229410618995,0.06635372239365561,0.5537406873270191,0.6138628490713182,0.896653374382396,0.9254051586042537,0.2299229578687798,0.6768880697765948,0.32769085179211777,-1.428538384231946,-0.7385981761064285,-1.1970627114993257
0.5841367480650258,0.16919791476855103,0.24350887115009762,-0.26773797638908364,-0.3200478442823314,-0.23149324529513793,-0.45537154744560526,0.05251970354704697,-0.3154574165484822,-0.36348370845438266,0.2692109910223848,0.3932347407297918,-0.5179629613975936
0.4661261113308049,-1.548019655760143,0.9075685211989115,-0.506473090827408,-1.4725492076239939,0.3656120968370635,-0.5181345932617016,1.2867946994936186,0.727562831918735,-1.020112230370362,-0.5796636966047806,1.525067657566012,0.1611367887041391
-0.021877213577850826,1.2067724157758923,-2.210352422369201,0.26308671679910034,0.8892985812072574,-1.6897715085848877,0.15079804788638468,-1.850212122251218,-0.663378212295033,1.8236666143826195,1.1180856786495503,-1.3673942410154398,0.8402365388058721
-1.3563319141014771,-0.313183520622758,1.4534621701122767,1.8798703816489708,0.8007598028807901,2.095251438088265,1.7223118196617975,0.9760844057329525,1.5947638454860373,0.1986706190993458,-1.0041010404183632,-0.23556132417921952,1.5193362889076043
0.5742527760294203,-0.07212173554071914,0.04196305752235722,-0.9407547647438296,-0.4870826449923894,-0.3799070855146392,-0.8057540617356426,0.05977083119937396,-0.635843119852683,-0.6718090489106386,0.6936483348359676,0.896271592657001,-1.0612427614789794
-0.713788762762899,0.5850640981380172,-0.4599526300352614,0.7066649765334698,0.9637200269955929,0.15757190780520422,0.7570121758306473,-0.5522505978998472,0.10127287285547912,0.8233984605405887,-0.15522635279119787,-0.9901166020700329,-0.38214301137724693
0.8709616538142285,0.7957268345298834,-0.8660618742175763,-1.1809738611995284,-0.08418055614884193,-1.293549303666212,-1.0921399567644883,-0.8866531457418789,-1.4264857531782895,-0.1598023541119473,1.542523022463133,0.14171631476618693,0.2969567387244857
-0.05474877181442561,-2.4982940883032443,1.620764650986111,0.2078734095541169,-1.7652833658149454,1.2898671797747998,0.13928014608406758,2.1646822313547482,1.922861845197377,-1.0643168933327478,-1.5346477201853415,1.2735492316024073,0.9760564888262183
0.5606336277259609,2.216129004403569,-0.23736388446836326,1.9090875728657468,1.178079003651426,-0.5856541280720133,0.7077225777125933,-1.2436218396857883,-0.1769557061022944,1.4765559574175937,0.16310165506898913,-0.6128389631246263,1.655156238927951
-0.13716629197196478,-0.6459497983563802,0.3372718803009704,0.04061509874087636,-0.36326002794476575,0.35871310107151505,0.0951680000018098,0.5135930899710727,0.48757878753340256,-0.2232774098119712,-0.6857730325581762,0.518993953711594,-1.577358571556296
0.6167258137218059,-0.32587374741241926,0.029452148186176624,-1.411010848433675,-0.7027623339354506,-0.42005388502728597,-1.0771089823307751,0.17979743905488113,-0.7993526752391469,-0.9827122887209319,1.0119763426961546,1.6508268705478142,-0.8982588214545635
-1.6824983665072097,0.11346394296449742,-0.3113960977162524,0.8181823871410359,1.3563385750532153,0.9676819321586524,1.3364602647609842,-0.23234063999380863,0.5170287210575446,0.7888065543783307,-1.1102103763717588,-1.5769929293184437,-0.2191590713528312
0.569541019481512,1.2398878464460965,-0.7148535297525642,0.3515515242436594,0.46532202634925446,-0.960473800136838,-0.12023070734165452,-1.023859397240694,-0.6222540784540099,0.7712397234773432,0.5875389988825719,-0.44516001248222326,0.45994067874890165
1.2066071876458286,-0.6682978716933611,1.5828341237856942,0.28179220072644423,-1.3971624756788417,0.3550090227646396,-0.4994095736816176,1.2268451907459479,0.679537234951629,-0.9857627022970641,-0.26133568874459356,0.686672904353997,1.1390404288506344
-0.09277146838959974,0.5615720130023006,-1.244851029255437,-0.23100775375713992,0.4763877248058756,-0.8939050044945913,-0.07224068856749334,-0.9828932253175897,-0.5667936865105974,0.7688807566788346,1.4364136865097372,-1.1997152903730368,-1.4415386215359496
-0.8122345191128698,-0.7185409716190899,0.40379650836779996,0.5473257919778184,0.09552236413715517,0.8947083589664359,0.7256976839641347,0.5874431255623591,0.9090566775954138,0.07226215278952501,-1.3224290482785501,-0.06788237353681646,-0.7624388714342171
0.8504060763555679,-0.2848786277578129,0.45500699635491254,-1.0295000304896902,-0.8500985473621668,-0.25947239667246713,-1.0010401341079183,0.39913086257368535,-0.549822426003391,-1.0395469351189228,0.3753203269757805,1.0639505432994036,-0.0833391213324848
-1.1550252039498103,0.6926896818515446,0.039691988715567554,1.2570227306982868,1.3757355548767265,0.8598770302280042,1.2849662710436098,-0.3245248994375496,0.42686586214699984,0.8264132723510393,-0.4735543606513849,-0.82243765142763,0.5957606287692483
1.6356373774109625,1.2263977219783149,-0.5355549222387107,-1.6604627580615379,-0.3518686969255933,-1.587534092028559,-1.7564309750528893,-0.9160420485318033,-2.0819316558997163,-0.7322010061540405,1.2241950146029459,0.3093952654085903,1.274860378870981
0.03645620055453416,-1.2081262473926564,0.4633669872089731,-0.3165257885960891,-0.9013194233990808,0.33135399296356194,-0.18687455034423778,0.8662030633371615,0.625314939890479,-0.5602812980580306,-0.8979917044649675,1.4412281822448105,-1.305718671515603
-0.35106420579399966,0.7365348843747358,-1.340279340113349,0.1993722319345852,0.7985441126784142,-0.782094741283009,0.29400447941632657,-1.1243022907285218,-0.3765485969268059,1.132938959499864,0.7997576707893632,-1.4512337163366413,-0.6266189214138707
0.10050679839531715,0.6925908719998141,0.1536726180171853,0.7421550716780457,0.4247555094718377,0.046412797683791335,0.3382287338090602,-0.2602303179174823,0.05096213551157377,0.3910217790401787,-0.049117016837802195,-0.31940079950042105,0.05248082868786181
1.2338944490149288,0.5677425205799009,-0.4419546004031171,-2.0437161008021385,-0.5239334453037002,-1.2268816983963038,-1.7431167323009231,-0.5334314190429311,-1.8948689494516195,-1.0628092230893391,1.6486323584165286,0.8124321173357995,0.7315805787895949
-2.710106549765478,-0.3899132016486387,0.47634029896926344,1.6635443386704796,1.7705845411544088,2.3132608433730395,2.3353971834548353,0.4637564147090383,1.491189692118279,0.7783555830906099,-1.6672843901270862,-1.0739560773912344,1.410680328891327
0.11566619364771907,0.0947381319539352,0.05568018639103065,0.05039117652889494,-0.01908873588111693,-0.04008054706241627,-0.0355181294015152,-0.016060523392958978,-0.03036346777771065,-0.007113718289304364,0.030464985127244562,0.05787683944498578,-1.1698987214952565
0.1434062343045642,-1.3511376891927604,0.6724588886465028,-0.17210921798170967,-1.0857455774796536,0.4159016403947304,-0.16801629775631072,1.0556773319076773,0.8321550436010247,-0.6175100628604377,-0.8184097024999208,1.1897097562812056,-0.490798971393524
0.32022351455263487,1.0886985097486335,-1.276385892538787,0.0900940000893084,0.544809813655067,-1.2147469442244194,-0.12444841216878419,-1.2646514585631272,-0.7059995711948215,1.0109908078320693,0.87933967275441,-0.6966784384458278,0.18830077870820885
-0.4117722271133976,-1.6791117035701653,1.288367729190111,0.8288718036983294,-0.9024557752276545,1.2897194364780524,0.6593186234552607,1.5670824623029793,1.7956092892692748,-0.3941540243367184,-1.2428470463135035,0.43515447839039245,0.8674005288099407
1.8642653724493552,-0.7342823733999958,2.034389055961831,-2.324475145306533,-1.942975890212587,0.2312565551406923,-2.2302127028376497,1.5144086692035617,-1.1768702344415176,-3.096409433629924,0.4549023289408272,1.5669873952266125,1.5465002789116737
-0.9852456412902258,0.31498667408106434,-0.5169872487266085,0.5633840882426523,0.973996594181619,0.30845743386731944,0.8271475376219914,-0.4491440204656933,0.18810490910946082,0.7682684979831244,-0.3939723586863381,-1.325474503354839,-1.03407877147491
0.5320703087087227,0.7391836021675554,-0.9274046645925255,-0.6326736768754414,0.1315956181396599,-1.0975732784610286,-0.6202657284186232,-0.8929122550726916,-0.9860143561746227,0.2591913016793783,1.3037770165679927,-0.19364158651861876,-0.3549790213731776
-0.2535466120309562,-1.9000758253862202,1.0307511450386515,0.28708605275772303,-1.1820916042926826,0.9773477360491434,0.2879632610028034,1.53253534368617,1.5566226891959023,-0.571403034531325,-1.4550657182202948,0.9381913303176015,0.324120728728555
-0.23886339786684072,1.4457859054772337,-1.0336000048877698,1.1293283638156597,1.226491374029677,-0.6260197366803505,0.7252037322236915,-1.3066338461239524,-0.20025832334210278,1.538001678330515,0.2426836570340359,-0.9481968644094323,1.003220478830288
0.6178612708260584,-0.2665605431659269,2.304582190551416,1.8984467865621069,-0.6607274085293796,1.3345907258121024,0.6713490988710276,1.4324689081944604,1.575277469708432,-0.42192144427559397,-0.6061910305931295,0.18363605242678788,1.6823202289320203
0.46231744779025175,-0.19200320926798797,-0.12038949808414895,-1.1566802938362606,-0.48900306138930455,-0.4248120848752877,-0.8597265112710628,0.0282972748708957,-0.7085340672376187,-0.6980473916268012,1.0915583446612014,1.3154689692630082,-1.6805817335717594
-0.9680540593178599,-0.2388579220210359,0.12140177056674123,0.6093439295242306,0.5604396016191466,0.7886871259264144,0.8422001475040859,0.1880474683622968,0.6142923097874151,0.32459650214139885,-1.0306283744067122,-0.5709192254640255,-1.0014819834700268
0.792906220627614,0.2820097092259719,0.07199710079860473,-0.8190535073902407,-0.39657993309952766,-0.5137156276943582,-0.8589218599629271,-0.10064864396944012,-0.798020067796,-0.6112846225134354,0.6671210008476186,0.5609136913721949,-0.32238223336829436
0.7433029960195305,-1.2832008320292796,0.9044745855399264,-0.9447692364097884,-1.4909609474241226,0.16422550226219754,-0.8987103959638347,1.152430200553433,0.21977145490154937,-1.316259306525692,-0.18175368677954679,1.692746608208415,0.3567175167334385
-0.035220200170720674,1.1349781056954253,-2.3762361144899,0.09716199140400354,0.8474830858218855,-1.8081855322275395,0.07027533709278726,-1.9077579323230835,-0.733646353133034,1.8341025175637682,1.515995688474784,-1.6841211477844233,1.0358172668351706
-1.0521426235604894,-0.5202115833830607,0.10124281962066593,0.4638146835069366,0.42065319078829977,0.8335041985697653,0.8104698336742081,0.3175861002040436,0.7074763565506578,0.24049972197247538,-1.5611750541736904,-0.552288230948203,-1.544761783551413
0.4593827079897985,-0.1280230607901511,0.291434025355289,-0.33507940551245285,-0.44051036923055337,-0.10494758133905727,-0.42392861432588036,0.2283802023857481,-0.1539294844638336,-0.44499527279499596,0.13657432108064022,0.5795446858880177,-0.8656620334496803
-1.4394571523009703,0.31768998929446934,-0.3296806236806355,0.8525068541703338,1.3199600691065074,0.7790822125357295,1.2240091867296263,-0.34492259264886627,0.3973157217709494,0.8257829728010541,-0.7123003665465252,-1.3068435088390165,-0.18656228334794797
0.8710768203751249,1.1307680563397673,-0.8355953872525369,-0.4035086880669902,0.15803167541875893,-1.270124455041522,-0.6813068362105956,-1.0372685384482419,-1.096268466475475,0.34692965172201706,0.9854490087078057,-0.1750105920027962,0.49253746675378507
0.18407707345655663,-2.591511685910681,1.7729141381363986,0.436793609208853,-2.0135784084782875,1.2357984851334547,0.13193909562438477,2.2971243174388962,2.15611000227111,-1.0216389107934196,-1.1367377103601077,0.9568223248334241,1.1716372168555174
-0.22177388243681834,0.5158461740626207,-0.8221314768516073,0.10878376760568334,0.5410223266890397,-0.47512288853019247,0.1766571995834384,-0.7217282750693564,-0.28625092387153495,0.6857476764569571,0.5610116648942229,-0.9295658698936096,-1.4089418335310664
0.10559253901666435,-0.13973878779322033,0.3864515607575883,0.24514111119914356,-0.18103126110054457,0.2223705951384107,0.07282118965740024,0.287803973035503,0.27807255192246816,-0.12059965712762565,-0.28786302273294245,0.20226704694261094,-0.7298420834293339
0.8998890139148087,0.014859336505694631,-0.12115128688047366,-1.8094261316848068,-0.670807300421677,-0.7395547098443221,-1.4398240985528339,-0.07572835220483982,-1.331838075985406,-1.14195483541016,1.4098863525213885,1.3340999637788313,-0.050742333327601356
-2.1658794320487904,0.05713440564932192,-0.16278033859286306,1.1534782725665773,1.6817021983175082,1.4293956617106303,1.7733981723463936,-0.12036378541595474,0.801805686098706,0.90654805924047,-1.348956382266899,-1.5583619348026212,0.6283574167741313
0.9836673891985207,1.9486522005134157,-0.26222683308662303,1.1994929280710027,0.6642464523752835,-0.9085554566564389,0.10539155994021109,-1.123684108172798,-0.5055087293464601,1.011869945086002,0.34879299298743155,-0.4265290179664007,1.3074571668758634
0.07085222662869008,-0.6695254658779846,0.4111692736131323,-0.08649332100927794,-0.5378578165082891,0.26638428443840356,-0.08378280730392891,0.5670519366200558,0.4114729478660349,-0.3648097009412938,-0.5000816946397338,0.7053038988698201,-1.27312188351072
-0.05761472144793956,0.770695239149673,-1.4276432866720636,-0.06370766582876339,0.6009973293140846,-1.0601858708480187,-0.0027121372698614486,-1.1906523350958949,-0.5928750508145052,1.0187995627014224,1.197667680614597,-1.181084295857214,-0.5940221334089874
-0.5939563754495808,-0.4902482327377877,0.6768274450980643,0.8446223579126959,0.0953036522970954,0.9486624068500824,0.7655347164434243,0.6270083795711211,0.9643136779259274,0.07156271962660336,-0.9245190384533164,-0.049251379020993906,0.08507761669274504
1.3504221981532922,0.07078066497141323,0.43665457955020703,-1.9344867314050784,-0.9715879723977887,-0.6326198304578239,-1.7480014582792995,0.21067325236509424,-1.4628047433480655,-1.6421251566188162,0.7732303368010143,1.0825815378152264,0.7641773667944779
-0.5165506685340255,1.6479248669630007,-0.2193377738794466,1.8217221610307048,1.5829902543838636,0.2016198623806247,1.2403459086625668,-0.9489062252623445,0.16205270899562554,1.4036546320430792,-0.07564435082615112,-0.8038066569118075,1.4432771168962109
0.48205983318370405,0.35514785393924353,-0.648153727999898,-1.0197977533001645,-0.10825964936085805,-0.8462019437898318,-0.797991316773745,-0.5431885283387325,-0.9964586658516195,-0.2121784162096071,1.6221050244281798,0.32802625992441303,-1.1373019334903733
-0.19807113905745466,-1.6735935493031857,0.7204040243445445,-0.07601520504885272,-1.0603169526469907,0.6980594038941588,0.06625379341867318,1.2441866603493683,1.1309183236584253,-0.5877483984504006,-1.6142297221503883,1.4598591767606333,-0.458202183388641
-0.8685411387141785,0.8577180957500942,-1.0279646341684006,0.7792445124213988,1.2781070662023872,-0.16959394692965604,0.8785229892038462,-1.0089545857210298,-0.03901424030952982,1.2954263134554393,0.0835196531039424,-1.4326027218208186,0.22089756671309188
-0.8711167595313601,0.10475046056559562,0.8774732996487211,1.4320914894997485,0.7355168776529261,1.30246556467874,1.2249404698687925,0.4421284107729391,0.9715029805904518,0.32230567237618524,-0.765355034523223,-0.3007698049845985,0.8999973168148245
2.1625706524603983,0.792608574622281,0.6191941799759411,-2.8777219765290796,-1.0646680627269667,-1.074857325008828,-2.6828934157148714,-0.04792804747818615,-2.663298033814266,-2.420213508202127,0.9323943407311078,0.8310631118516222,1.5790970669165567
-1.1279852251302158,-0.1873991564779761,-0.14746797683480217,0.49455789396107325,0.7187820904004935,0.6960535387355155,0.8674698194249242,0.010728812139691582,0.4939920320525278,0.44647686634375444,-1.1897923783368056,-1.0553250828754122,-1.65341774356769
0.38164435302880517,0.360462438361776,-0.1802693225725264,-0.2477562323287961,-0.028364002070174546,-0.41309524419858645,-0.33600714635352014,-0.2821273582576619,-0.43645540408581934,-0.034582580375769036,0.507956996917525,0.0765078339608085,-0.9743179934659575
0.46777063941149244,-1.0382724024118986,0.6695529267917517,-0.4530617966275768,-1.1051491026800473,0.18078176768409987,-0.4907900479009216,0.8973572357741366,0.40520064150762974,-0.8066570386344374,-0.3409176907096403,1.2083407507970287,-0.29521824336422503
0.46734760756503285,1.076847124007996,-1.6189865865826183,-0.3233136961736108,0.4248108605909242,-1.5847208973145552,-0.4219900944454202,-1.451822943210582,-0.9994822838124223,0.984387242612656,1.3568316845446906,-0.6780474439300053,0.3838815067375078
-0.5496234290364505,-1.9016857830218274,1.4424034536637835,0.9026094562575796,-0.9590147264386738,1.5075417099855877,0.7723601098435223,1.7653691271410779,2.0072400062936664,-0.4585478715176092,-1.402011050243597,0.45378547290621557,1.0629812568392396
0.39913560343241516,-0.6060676195612529,0.2116023708278853,-0.9199123992666808,-0.740599180302261,-0.12329016022220866,-0.700644168377223,0.42278666811341314,-0.24210374521514794,-0.7838301005442311,0.2957383250107337,1.5856183897424359,-1.5175977935473435
-1.2211252118209,0.29538402880423936,-0.5858597636386775,0.6101537242790032,1.1384693955443455,0.4246662426899426,0.9786092153061415,-0.4781470070805809,0.23615418996209248,0.8513571445524389,-0.5531363626164316,-1.6422014101238227,-0.8384980434456111
0.4129159899631964,0.898823178327924,-1.1573314229854645,-0.29024265478139344,0.33729034277617953,-1.1894347462563675,-0.3752644617028837,-1.1024574035138315,-0.8491297364928132,0.6634305260201886,1.1446130126378993,-0.5103684932876023,-0.15939829334387864
-0.006509740622464311,-1.5290786343266791,1.1152584553415392,0.5228474841016827,-1.1008886019750486,0.8651921329057608,0.27982586488563005,1.3943733618261467,1.4657800408964101,-0.4737402367832765,-0.9775737064300143,0.6214644235486182,0.5197014567578544
-0.12726330812579806,1.4582326023970058,-2.229654647063854,0.7433781453429601,1.150969616510443,-1.6290028193681863,0.4612613745098504,-1.9870224393307772,-0.4909158109395752,2.1650724922651645,0.7201756688243164,-1.2649237711784156,1.1988012068595866
-0.11066584285293468,0.06710799708782814,-0.0019489016738845203,0.1867354106486315,0.13234757759030905,0.0779488797279185,0.15815414532317992,-0.03470601404021268,0.0887869810113526,0.12860374388987042,-0.12869901880284895,-0.13309085434219545,-1.3817778435269972
0.671350174112494,0.1391995137450011,-0.3418872557292395,-1.4586733898454118,-0.4077957480662755,-0.7457919875984104,-1.131649875496765,-0.2624152682202745,-1.1638525584062822,-0.7388871362664334,1.569050356451482,0.9987420624940254,-0.7026780934252644
-1.6696085239704754,-0.3241731297655314,0.17692762475251267,0.8694159129015433,1.0300800763363003,1.3352116918570476,1.356611474330777,0.2620702177874769,0.8646864695082793,0.46037555977001404,-1.5081203861969925,-0.887646132233009,-0.02357834332353225
1.151670893839429,0.7597171021222248,0.7298944832260321,0.2653907724349291,-0.3228247102649703,-0.263666205245755,-0.47855926318340203,0.030940064089408845,-0.3447737322525733,-0.36233581762441114,0.18962898905733808,0.24418678460321191,0.6555214067782006
0.9028798042104073,-2.4570581616954534,2.082486733821872,-0.33045933571834324,-2.460745804269347,0.9585955784786943,-0.6597883075292625,2.404280694547682,1.5005205112844717,-1.774409377557017,-0.6592456985698273,1.3760197014394322,1.3346211568799333
-0.3101381886082142,0.5951527505585963,-1.26700429549501,0.01657670597851028,0.6653012041425164,-0.7549395652448695,0.17540543645920637,-1.012197046878088,-0.4098048629287646,0.9539506805522462,1.0385036766845035,-1.5164421971420203,-1.2459578935066506
-0.9531143939397853,-0.35463022679819056,0.30729851170765093,0.7003477909218903,0.46539895533104586,0.9213966129100343,0.8822687996894178,0.3508065102353785,0.7628185506507906,0.24825483864733047,-1.0836830423834098,-0.3846092803058,-0.566858143404918
0.9949114419017303,0.20063896208755277,0.2851823351493946,-1.0665894693754807,-0.6084203956309853,-0.49425456374530413,-1.0982882587129286,0.060263323014190545,-0.9210946611686829,-0.9384511025630425,0.6140663328709207,0.747223636530421,0.11224160669681436
-1.1969431625501001,0.9734468231620188,-0.5313560740626683,1.2388792394866184,1.6105247605058122,0.44935903755951323,1.2979008329501687,-0.7869981935700944,0.21458532739168293,1.2389239508068794,-0.23480835475624462,-1.1391645581966137,0.7913413567985472
1.5794913995882656,1.5045246451046892,-1.2934162355379395,-1.342614178826244,-0.10820570012081679,-2.1319796649198026,-1.5582775411932297,-1.482495287102788,-2.0469948318929174,0.04808756624023231,1.4629410204980862,-0.0073316413603931605,1.4704411069002794
-0.19042349888941706,-1.3179033896353556,0.5150525356405986,-0.043244887309272104,-0.8088764618263609,0.5341223215244354,0.07946384563642454,0.9503117028475117,0.902696007996834,-0.41265066841341785,-1.2959017142902012,1.1245012754758272,-1.1101379434863041
-0.08429999508327833,0.787352305993203,-0.7369230456042958,0.3717475986175052,0.6332543628310261,-0.5080766883646627,0.24176720464019325,-0.8096701971265307,-0.28669925378359035,0.8014117635735368,0.4018476609641294,-0.7618869192512068,-0.43103819338457167
0.3637904472587266,-0.3999794546220434,0.9072322317901546,0.5263854896850648,-0.5647881297956898,0.43882458835461347,0.08272471584777116,0.7116694897263786,0.6679339169947783,-0.31655763712718193,-0.44702702666303595,0.369945997585014,0.24806155671716118
1.3947959697901262,0.004023216639669701,0.3421448060212917,-2.439995836802946,-1.0534740762259647,-0.7374004867079368,-2.0390091211522514,0.19083485119992472,-1.7846195625335133,-1.916025310764866,1.2507223485912948,1.5017789144212343,0.9271613068188939
-2.9739305211446676,0.5223070441782884,-0.17341720986044273,1.9483844966481745,2.630109496863671,2.0013292890275385,2.627695742671561,-0.3593165436517335,1.0525075558081705,1.455737484703549,-0.8714643704766185,-1.390682984160218,1.6062610569206264
0.15844183127248512,0.38797890117515477,-0.5823853757200386,-0.299951888749395,0.16058372677144328,-0.5631141748534251,-0.24366089536134883,-0.5225599513116596,-0.49407713285388555,0.2290539543793434,0.826285004777712,-0.25885006732399773,-1.6262537535636208
0.4200123149506421,-0.4576115404473007,0.39214770116997744,-0.43714374767987796,-0.6490482877166558,0.0010277431986624745,-0.4567155919037433,0.45020447764024146,0.00518824963198843,-0.5894258664589185,-0.02258968284945328,0.8729828495122232,-0.9471540034618882
0.161823028450828,0.8057810087869189,-1.5695735420682893,-0.3596836916750691,0.4601744390022496,-1.3272428510643715,-0.2770463079188243,-1.2882220847156973,-0.8338794055974645,0.9228580521198568,1.6751596924048775,-1.013405345214811,-0.2680542533601559
-1.00834732024491,-1.2636788077562713,0.8215277460765931,0.7811550234642064,-0.1501865474770107,1.3578235117334698,0.9546538574963025,1.0959006946407606,1.4662603502877947,-0.07931247620755735,-1.6805480571212605,0.11842757162140906,0.41104549674157714
1.3328255218099125,-0.9688226277405767,1.3775706087768593,-1.0355592846877697,-1.7100944806899037,0.10601189971344409,-1.2634578083316312,1.2616506075822294,-0.06939235986297745,-1.7300688617141047,0.0172013181330701,1.2502604884576294,1.0901452468433093
-0.8180473060049791,-0.13893397151138936,-0.02939102218015161,0.4808891281979171,0.5190925308788018,0.5646399676533115,0.6937088562994022,0.05301155732478296,0.4496531830167156,0.34931902965852774,-0.8316733694940953,-0.6361277062694045,-1.4904338035432743
0.6198922376290756,0.269432589916723,-0.1778310490226953,-0.835197435624436,-0.27463914694215275,-0.5822641551345796,-0.7744895377089666,-0.23516550680936554,-0.8008928644681819,-0.436403015971277,0.8660760057602356,0.49570521056681616,-0.8113340534415419
0.04846604237438487,-1.7698576373506705,0.8561075947354917,-0.23306685122967666,-1.3166555692251007,0.6257649008854747,-0.1492191725625556,1.3688846923500382,1.0844764754956302,-0.7956543073332356,-1.2561107133076779,1.6275381274030363,-0.13223430333980932
-0.6743203206947231,1.0016748673482148,-1.5460252094441418,0.6900221536355564,1.235117593522362,-0.7087635196346025,0.7270090213751975,-1.3730522386360497,-0.20621981799484496,1.620114070062145,0.4416386619466528,-1.6002816724632216,0.5468654467619237
-0.5250184740836055,1.066957849897258,0.7684870800213854,1.8174730441085265,1.1692522970569392,0.9698917325158948,1.242650176126908,-0.10117264494987459,0.5708031860115406,0.6658103051800953,-0.4072360256805126,-0.46844875562700145,1.225965196863656
0.5019498469568578,0.16310785136366077,-0.36169654612768515,-1.046612433259648,-0.2622058286972028,-0.6394554764500441,-0.8228504083188485,-0.28555399583381236,-0.879900574348688,-0.4435641718419711,1.2905133495738184,0.6633841612092192,-1.3546138535229277
-1.5309377995318543,-0.20122283349064898,-0.07941544407642442,0.6997495760643061,1.0139711221472865,1.037862067384923,1.19243075480013,0.05600943499179027,0.6536296793253658,0.5355663139628617,-1.4683293852144692,-1.2230040335178152,-0.6755141034211951
0.531424557634752,0.7240935274855342,0.10762017376247922,0.33480598855737737,0.12117165797057015,-0.29849838361195435,-0.10859995124013672,-0.3019641952698142,-0.26883048613025246,0.14790902020739446,0.22941999003986144,-0.0911711166815947,0.003585646680537071
0.5709011996816493,-1.6693877094563432,1.251999090608155,-0.03168313237996951,-1.6396757662734929,0.5561467482139387,-0.3235033763885797,1.5417135540166922,1.16030954021949,-0.9530730859787285,-0.619454697587304,1.0406618001546257,0.6826853967822699
0.6628519309805684,1.6790656340429038,-2.5007282886951394,0.2160838811863863,0.7122609600460976,-2.405423441311437,-0.2419643172418401,-2.2504055276264068,-1.0325146557482006,2.0077033473772223,1.0782946776670268,-0.8457263945724084,1.361785146884002
-0.41189780484821154,-0.7543371124947154,0.40108154279390806,0.2942870994336246,-0.23357018386835948,0.6051914792374496,0.3768548801083831,0.6038394550088264,0.7496555103505704,-0.09801952361600641,-1.0438920414008865,0.2861065222638125,-1.2187939035025814
0.7049758098873288,-0.36558086329563116,0.22722538794644853,-1.3002069439081945,-0.7983165843645593,-0.3308138588558965,-1.065967254853512,0.31115740433797745,-0.6902911461523394,-1.0544077354930903,0.6538573338534441,1.4179394391000328,-0.5396941534008487
-1.1578466749822898,0.6974600550422428,-0.789559423630367,0.843419149299469,1.3813223669317554,0.22206344458252836,1.0678903429196471,-0.794320838472063,0.1214567765185812,1.1617490314243455,-0.19501735377372126,-1.4745224594814195,0.13940559670088412
0.8785706537625371,1.1915128826590706,-1.511276822695321,-0.7407964283929812,0.19628626441925354,-1.7968513877609191,-0.8635920409156228,-1.4485367391455655,-1.3856299938270846,0.619973650082771,1.5027320214806097,-0.34268954264519924,0.8185053468026166
-0.35520513413667626,-2.7751341078375784,2.154153214977839,0.8158858496522214,-1.7379339752453447,1.9171355127960377,0.6220606385382397,2.6039670919357456,2.563107744988307,-1.0471490887797956,-1.574438721167865,0.7891433741910218,1.4976050969043493
-0.5302677021280665,0.501653113560053,-0.6886945829756848,0.39986329770392376,0.7644035207954395,-0.1506813990072185,0.49625546517957675,-0.6394088188816067,-0.06363320620345071,0.7846741569991399,0.12331065408646577,-1.0972448205360126,-1.0829739534822347
-0.328002402703375,-0.3691406312403154,0.5306219695970557,0.6001164190475765,-0.018539079689621263,0.6449103665665199,0.49340853382866545,0.4839493871059849,0.6999127845253413,0.013849539190219287,-0.7255640335406996,0.03458809630020792,-0.40387420338050234
1.06188610249924,0.01946347631193499,0.14026293326748562,-1.797739857477121,-0.7901701685678942,-0.6541569382711575,-1.5206926810103083,0.06931183883286013,-1.3265682841415258,-1.3284919375163369,0.9721853417136312,1.1664210131364279,0.2752255467212305
-2.0570046911217417,-0.04641305643611601,0.5149009132018344,1.4276385968536751,1.524358391730171,1.8741187193910855,1.859792585657119,0.3134670632011725,1.075412656079251,0.5890308274653419,-1.150001377354282,-0.719967181590606,0.9543252968229636
2.3729597851737796,1.4678485007929074,0.9678486582905645,-0.8256124622205948,-0.7356827714314386,-0.9568892457346165,-1.7113882746342923,-0.18956767312274983,-1.6434626116325317,-1.2822727903293305,0.5477479979000485,0.4118657352456146,1.6334250469246954
0.22108343418375817,-0.8934890519254689,0.3359358864314185,-0.6072783146448119,-0.813608072381722,0.10047660255383517,-0.4397435603749432,0.6368070968879211,0.18994816105606385,-0.6634534782460922,-0.3011266897271169,1.5436986520818348,-1.5990897635595516
-0.11898836002449209,0.670009912082453,-1.4141545535513138,-0.1446815806685161,0.5746652700285976,-1.0057148948326544,-0.012529835952828397,-1.1326264607084904,-0.5806281065856339,0.9536262508429469,1.396622685527214,-1.3487632464996173,-0.919990013457819
-1.0394896279299797,-0.6767884824904177,0.4684125061835046,0.7344540987617317,0.2978348153556429,1.1077231742172775,0.9467056338501773,0.6029543430644118,1.016105337701148,0.1516085205922873,-1.3622200492610737,-0.21693032966339698,-0.24089026335608663
1.1062771960113267,-0.12341321816287745,0.6498857551165902,-0.992836688443862,-0.9271182951469468,-0.2928094263957581,-1.1191489128370413,0.42811265831966816,-0.6375140568421752,-1.1595733938556847,0.33552932599325713,0.9149025871728237,0.43820948674564647
-1.7106330913151646,0.8789249068532903,-0.016803342393029292,1.5910988813223563,1.9312230999891338,1.2151850964288013,1.7600687127460402,-0.44963458597083117,0.5387955508572427,1.0959288021319364,-0.5133453616339083,-0.9714856075542105,1.1173092368473787
0.3795294916686984,0.332318995623986,-0.5413373533660546,-0.709778760161791,-0.04711539878962324,-0.6901721256466525,-0.5790524557821506,-0.47154892228479994,-0.7538887084735442,-0.08054957062722848,1.1844040136204226,0.16034730928201002,-1.463269813539205
0.061360801760324296,-1.3405113786889966,0.5903372975439208,-0.2048002399379012,-1.015921542578977,0.4114423033462983,-0.14120875683675374,1.004067927825768,0.8007498562423607,-0.5786711247368828,-0.9377827054474909,1.2921802261182302,-0.7841700634374725
0.2927686468974563,0.9601382198356991,-0.9659651840184886,0.09768268928183209,0.4726295471224797,-0.9555192476062334,-0.10568559790416979,-1.0253003831887673,-0.6093203791132925,0.7852022492192623,0.7599666698068398,-0.5942079686088036,-0.10507031333574
0.9726018922095725,-0.07961104977685704,1.0038485610412566,0.1456609666374735,-0.7941985378482916,0.07627581131521129,-0.44561919384720333,0.605687516951693,0.16280363209441395,-0.6476878427389977,-0.08890801782032558,0.537624948227417,0.574029436765993
1.618791553098662,0.1462693960387221,0.5646769348976207,-2.74464331274198,-1.1202513008840347,-0.7265154815195525,-2.320375236293475,0.24502839105087015,-2.1079231890619963,-2.289034911251425,1.6088413574340052,1.6694578650636374,1.2531291868677252
-1.4221494588584822,-0.19246317001915764,-0.26353265163849293,0.5373919593692238,0.9379124764947676,0.8176950285132221,1.048169245752514,-0.052154911054859976,0.5288608447896335,0.5619970753244493,-1.6274933891445627,-1.6701479018975565,-1.3274498635188585
-0.15417163331647377,0.5429111715839547,-0.2755736278152683,0.4543757021531865,0.5093952872000581,-0.10194127210513654,0.322980328126867,-0.4272154288806399,-0.05307465499463357,0.5144274149429927,0.07025598610976794,-0.5383149850613361,-0.6483501134171258
0.07522750059853373,-1.065854754755656,0.856829173729141,0.3586534311357599,-0.8277940947735408,0.6071082522534391,0.1491289806654033,1.0167285275344315,1.01749595278538,-0.3932710784281729,-0.7786187015173974,0.5935179317748845,0.030749636684606608
-0.08944167024938884,1.196629134425199,-2.00626778460323,0.3680370441203948,0.9331346637925446,-1.4837945873861813,0.24256889743550725,-1.730100236497843,-0.5795492610372788,1.7432895518628755,0.9191306737369334,-1.2928702629521496,0.7098493867863392
-1.370992163976809,-0.7647428308616995,1.3703470327844096,1.618843088804183,0.48529859193090497,2.041646250916571,1.5922346287191518,1.1553763925950131,1.7242677990010915,0.08276774856166802,-1.20305604533098,-0.16103734611592935,1.388949136888072
0.5124147818370471,-0.21527377904062112,0.13448770599066434,-0.8332872128282454,-0.5437746436586667,-0.2641196732484133,-0.7157298069720512,0.18361246642987514,-0.45588476500917635,-0.6674703771240107,0.49469332992335063,0.9707955707202911,-1.191629913498512
-0.8199160121125568,0.417297293082048,-0.27656210994062663,0.721076022785094,0.9227703817588566,0.3752677118363392,0.8216531689642306,-0.3648654700179586,0.2307278712487382,0.6967671036259425,-0.35418135770381476,-0.9155926240067428,-0.5125301633967796
0.8700146127694903,0.7413440949575495,-0.6678293698690276,-1.1243947665714278,-0.12279250578858598,-1.139915834343725,-1.0617286988119536,-0.7476848006846116,-1.3466173174576608,-0.2687627977282852,1.343568017550516,0.21624029282947782,0.16656958670495323
0.044103793200193,-2.401922884779092,1.5036789894609812,0.09239353070450931,-1.7704568533437532,1.1285541800967565,0.025132528466164806,2.0504245268170997,1.7702160233945345,-1.0558377743206855,-1.4152747172377713,1.3480732096656982,0.8456693368066859
-0.9410248079644143,1.4137948201927188,-1.851027926024099,1.3438113427482936,1.73515516449721,-0.7526188336030781,1.215847123122888,-1.7513554366103856,-0.020956799626974103,2.2922236288439426,0.2824746580165593,-1.544388688915754,1.524769086908418
-0.5573847779168571,-0.012466188817024064,0.08021036806445497,0.5197374705861701,0.41313385229666405,0.4620640692978428,0.5741803268234912,0.05145355107966356,0.3883672808633576,0.29422756688280394,-0.5664000296106061,-0.41255577207953387,-1.0558099634781655
0.7870905909619644,0.2806303945412263,-0.20470051933390987,-1.2862425199467757,-0.3931728310939223,-0.723036462931663,-1.1027091776130526,-0.2559182965095951,-1.1381994719408672,-0.7235420057092092,1.1313493456437247,0.7192771447566869,-0.376710213376433
-1.8216743677180636,0.1928235781738373,-0.06773747033537225,1.0611662481307353,1.5191393332043681,1.2556071756517393,1.5396612321968886,-0.13474574081743151,0.6382049137123241,0.7729772453876681,-0.9908373734241886,-1.1671110499703472,0.30238953672529983
1.318630329964066,1.440931612995311,-0.26080512816465035,-0.12738733819862355,0.04337392639621161,-1.1479453864936686,-0.7758560825417578,-0.8686175652589511,-1.11451336603641,0.10729960671874489,0.7069120018301419,-0.03527813313412706,0.9814892868270325
1.7977107741487275,-1.3501487005431345,2.4439803194054237,-0.6670877815937172,-2.337959296850464,0.5950746026507253,-1.3185121986507653,2.0536987991227384,0.47000385571468406,-2.2725844096894563,-0.14196268579702342,1.0965547837020932,1.660589036928765
0.06697920857386247,0.5120931634936096,-1.1062271649521993,-0.41257795405113745,0.319613795126428,-0.9016378109645169,-0.2540394258791781,-0.8799791022130984,-0.6643063352124172,0.5421067026842037,1.5557866894573074,-0.7898334110249405,-1.5719257735554821
-0.6325527742350492,-1.0627987812648643,0.47245095162951206,0.36383981603411736,-0.2895289299823551,0.8186785606867443,0.5321770158629308,0.7985436017479505,1.019116816250515,-0.10375850342900127,-1.521384053191167,0.3419995058112799,-0.8928260234537496
0.7049605311919074,-0.7311136029937474,0.5163547572292613,-1.0431666828854644,-1.062655719849619,-0.107714547686671,-0.9301117272190191,0.6571828420053635,-0.24346184309056906,-1.0944962793890445,0.1763653220631636,1.4738324226475001,-0.21372627335201708
-1.7489716583807688,0.49588008936167044,-0.4049757043926754,1.087727803576037,1.683244454620755,0.9432017137892008,1.5146342965667614,-0.47659976576637625,0.4427612694301741,1.0419722210527216,-0.6725093655640018,-1.418629475933952,0.4653734767497162
1.162859149726471,1.556301045266166,-1.2577650960899254,-0.29215963716471305,0.24478549078570058,-1.805350283179872,-0.7792397084839426,-1.4883300402625768,-1.3166222140104558,0.7368487919579311,1.0252400096903291,-0.2867965590977316,1.144473226851448
-0.20730297020903565,-1.0489824983988139,0.4368168625760528,0.008882151345526718,-0.6016106740596543,0.48587535523104336,0.11608303509820513,0.7715393137938603,0.7501202262148652,-0.3189477280238611,-1.0969467093775844,0.8450363577384891,-1.4361058235351358
-0.21556415708491658,0.7123438696217234,-1.0203891011451467,0.22750227738468898,0.6784249875683895,-0.6325540882691805,0.23606401173375133,-0.9318815933710132,-0.3388578343960046,0.9140922068988624,0.6008026658767462,-1.041351836988545,-0.7570060734334032
0.2546688591869921,0.1318277941620601,0.5643786741602765,0.5384752859898407,-0.0975429008180082,0.25262731088938656,0.1477478431453945,0.2520925946947545,0.2997588203287287,-0.05323906286373979,-0.2480720217504191,0.09048107984767534,-0.0779063233316709
1.2042913921955505,0.2138455319155419,-0.08077859277393573,-2.1722837357605362,-0.7574486431376425,-0.9269495999717132,-1.795159078546872,-0.1526241017188552,-1.7378722708839807,-1.4190731267579317,1.4496773535039118,1.2223139966838956,0.6011934267700624
-2.325396611092291,-0.24832294332797417,0.7618507434304069,1.6248342010773982,1.5816119194129683,2.257354078066128,2.1082249393716985,0.5537761194098768,1.362547491245075,0.5395742350522487,-1.3091653812843758,-0.6640741980431384,1.2802931768717947
0.38500063862006917,0.01941195072961863,0.029221418792346375,-0.4462809117468517,-0.27755128360239567,-0.25386464689043015,-0.4427320401459822,0.006749174830218843,-0.33965073785054073,-0.3256270703985346,0.38858399396995497,0.4677587187930824,-1.300285873514789
0.3389698402305192,-1.2023298064481829,0.5654315112905518,-0.5952253514865967,-1.1262437547178337,0.19291571238655997,-0.49671663762598356,0.9208288140729445,0.41768994042262414,-0.8259931559541359,-0.4602906936572104,1.599591635629303,-0.6211861234130565
-0.2291791043501071,0.8735129238556949,-1.7799134604967457,0.09234548432926847,0.8052929354472073,-1.2088180309409118,0.17194846840068195,-1.4406999984964464,-0.5518082483922668,1.3871531541144277,1.2374586815971205,-1.6282281642369556,0.057913626688675716
-1.3357806679633766,0.06711985933210382,0.6038013642479336,1.2990937238229527,1.0602275326035122,1.4249097781733013,1.4043252079858066,0.3067187368121438,0.901060224394448,0.435357996242067,-0.884728037470793,-0.49639524740073526,0.7370133767904086
1.987486385987742,0.9379286092919942,0.47573558762532114,-2.0437729751769433,-0.826969184024296,-1.059846167568932,-2.1480694747253253,-0.2015642872343005,-2.157339099790628,-1.7456180756525945,0.8130213377835377,0.6354376694354851,1.4161131268921408
-0.7048084929098895,0.4318280903194404,-0.6663566028226894,0.4560817861442707,0.8460993914448655,-0.008134019657819243,0.619752147968683,-0.59184983586736,0.02691909194245721,0.8063353450141827,-0.03585334984362774,-1.2509505252915487,-1.1644659234944428
0.5092051565936341,0.6397839445264815,-0.9915770124588261,-0.8577326973066093,0.07702797988883008,-1.130671747649211,-0.7269247848025746,-0.8793038518417386,-1.0798946519315722,0.15368669339121166,1.6618960254107031,-0.11911760845532861,-0.4853661733927103
-0.34490100446516037,-1.8626471641827664,0.9649746319750803,0.24182453324571945,-1.0858339240531902,0.9921834167368299,0.313129141887641,1.4767162806331633,1.497037645140498,-0.5532846169638586,-1.6540207231329116,1.0127153083808922,0.19373357670902255
-0.4162623564540852,1.3035984670094116,-0.5636483103259904,1.2206853821517683,1.258019959711837,-0.13604759759550786,0.8688070994291317,-0.9705388060107105,-0.032748243016266824,1.2505609348640319,0.04372865212141902,-0.873672886346142,0.8728333268107552
0.1426127570892943,-1.0776102240278358,2.0640697344178607,1.5637958372989036,-0.8873314780909598,1.490219574012357,0.7498462787835821,1.7030758903992926,1.9058652571345047,-0.4708517864624451,-0.8051460355057464,0.2581600304900788,1.5519330769124877
0.593984901493367,-0.2577000540554733,0.032583440834365617,-1.2753375471708222,-0.636236199187058,-0.4013109663918531,-0.993185602352347,0.14742117477892816,-0.748608455811457,-0.8926579791766458,0.8926033397485845,1.389992947326299,-1.028645973474096
-1.6568783336060426,0.02329008580946795,-0.2418874218663471,0.7844521636828066,1.2717215024320152,1.0029199716592234,1.3048673929047125,-0.14800328396265097,0.5563229200967715,0.7141235252677935,-1.229583379319329,-1.5024689512551535,-0.3495462233723637
0.543787671127176,1.133859350653353,-0.4393041865383011,0.4040295455661028,0.40814790666709283,-0.7293739881640631,-0.07865787845427202,-0.8154474073727543,-0.5087681922847958,0.6019622812218598,0.4681659959350017,-0.37063603441893317,0.32955352672936916
0.9621093751418329,-1.057981497295829,1.486308478860815,0.22959193553011273,-1.4938023958800932,0.45606852090190075,-0.39562329753878844,1.3675911668123417,0.9176694537991089,-0.9494914417015822,-0.38070869169216365,0.7611968824172879,1.0086532768311018
0.58347105843118,1.8897706994747459,-3.186215718740312,0.18207342640871965,0.9247624724978126,-2.877344786638042,-0.2172858352712023,-2.7423005825296674,-1.2067211669659168,2.494553699211229,1.317040683562167,-1.1251913123097466,1.687753026932834
-0.7279414739863285,-0.7295970737424443,0.24675424929517967,0.3277142960029757,0.023685221314243658,0.7130184031415397,0.5643390554839417,0.5044632401328087,0.7565267187869608,0.039563014121205456,-1.4418020512261203,0.006641604526473853,-1.6751489355709455
0.5166764498916614,-0.43848468867925533,0.2978356369943223,-0.7945420356014198,-0.7084268850183063,-0.1411422693022214,-0.6975426432089085,0.38746687258734386,-0.26935528139379195,-0.7626200196314972,0.25594732402821035,1.1384745213626941,-0.9960491854692131
-0.9395734062252137,0.25871770346088435,0.004835055983377955,0.8350792055917199,0.8987122599103415,0.6782981064731917,0.9461992682042373,-0.12683990287124378,0.42639550642173446,0.5650331543743249,-0.592927363598955,-0.7479136733643399,-0.31694943536748066
1.0464470989957642,0.7198524458240224,-0.3419188359448815,-1.2249824939589162,-0.2719606747183945,-1.015117477192915,-1.2096912427116653,-0.5532226040561082,-1.4048342322805896,-0.57973649911114,1.1048220116553757,0.3839192434718809,0.3621503147342522
0.4655308428794308,-2.4741166794949487,1.7438683554833803,-0.20538745597287217,-2.1418452220829014,1.0113172009880864,-0.3586891795087423,2.2219615579233087,1.6039451807406815,-1.43730892668452,-1.0173647074125376,1.5157521603081012,1.0412500648359844
-0.3903967104055612,0.510623116206445,-1.038382200116815,0.11261490678454597,0.6649557672123448,-0.5209161572755692,0.2692869937017364,-0.8410021417274176,-0.27975061857510075,0.849248984659175,0.6803846678417931,-1.376709738273351,-1.5393289855505992
-0.13094099692667477,0.21775338146651443,0.05465426569112631,0.39686519207593385,0.256649155750082,0.13617968646849785,0.2801033112920239,-0.07824451202866084,0.13543683369515008,0.22957412693308166,-0.16849001978537234,-0.24487682143713088,-0.8602292354488665
0.8324576421898502,0.2739528683993572,-0.35323234185581354,-1.6032483577021654,-0.43236184279218126,-0.8702129331586047,-1.2946254466032823,-0.33629406053962796,-1.3649540886118956,-0.8288917180753911,1.5292593554689584,0.88695609539909,-0.18112948534713408
-1.9908579496662178,-0.26237812708685526,0.22854228483682845,1.1004659799417167,1.3180760809110659,1.605678140712023,1.6513376963455515,0.2602160002065932,0.989599945882463,0.5793026891485538,-1.547911387179516,-0.9994320993279443,0.49797026475459877
1.5748642610928918,1.3423698026393192,1.1034882327030708,0.8615815497018312,-0.22197046288343866,-0.27923828113962035,-0.39086062160031104,-0.05027510875805759,-0.3224633913066996,-0.23432889403372678,0.1498379880748147,0.13240081750827593,1.177070014856331
0.07316816923018958,-1.0452843244077847,0.435089636767332,-0.31320535187263676,-0.8113580180273392,0.28317818293267766,-0.2048458844489483,0.7687137279559759,0.5122993680537419,-0.5369816985856332,-0.6990366995523507,1.2642337343444965,-1.4035090355302524
0.19201029567701916,0.7294020461225231,-1.0113713653847811,-0.16284622284714464,0.3820746278511088,-0.9182145129404348,-0.18923685542890964,-0.9353414453628875,-0.6359962200261974,0.6415829234062215,0.9987126757019802,-0.6221544603825376,-0.7244092854285199
-0.2823052686266391,-1.2500583282195192,0.7927423996635493,0.4615198892104857,-0.690222432419211,0.8143506810971097,0.39560529174632275,1.0728547532513482,1.2231962732800357,-0.2755450591322845,-1.1234740433659334,0.5096784564536829,-0.045309535326787664
1.1497351493228867,-0.5822217974845169,0.6933536461409456,-1.7802674167337924,-1.2918394023558537,-0.2904708555888265,-1.5586617518283394,0.6823834917421987,-0.8872686119428868,-1.7280991172589817,0.5742753318883974,1.6415113732899032,0.633790214774945
-1.7597157071578582,0.9536914106309813,-0.9506450801726286,1.4797048840990636,2.0224676574193756,0.5298842431934012,1.7275695624669953,-1.013436672013997,0.404449165590039,1.7148643177843197,-0.274599355738768,-1.586308426576355,1.3128899648766772
0.22643946347393898,0.5427576443503997,-0.9797785202338022,-0.4993329709848602,0.22101891687598696,-0.9185563447582834,-0.3855717200807922,-0.8240631120035525,-0.7493961390481221,0.38895362907249004,1.4231500195155629,-0.4544755097401346,-1.267689085509906
-0.3562844146797076,-1.2937181780874056,0.6171341685886317,0.2589419061636177,-0.6657669709642362,0.731967110518141,0.3282923502588351,0.9957380466712573,1.1062178842588937,-0.2828323102153431,-1.3356927152727247,0.677357407096086,-0.5885893354081735
-0.4452552927485446,0.9485263240396662,-1.1473909317074944,0.629006066331096,1.0231928084967592,-0.565640070949774,0.5716796229518969,-1.1217456639451069,-0.21309829445657308,1.281978736552882,0.362056659981606,-1.209030787630948,0.09051041469355894
0.03481733585596954,0.28743294561857957,1.003512092476652,1.26013498697732,0.1814997044932985,0.7492993327114824,0.6472807168345264,0.421683152093066,0.7164290882658899,0.11144128504460811,-0.48681802764555937,-0.0771978707947278,0.7696101647952912
1.918115587227506,0.553844075423918,0.40134029480720973,-3.0147944939692013,-1.0521967075827656,-1.0674437595045554,-2.6239856025179598,-0.05114856562766844,-2.594130480683334,-2.351464959041007,1.2109313476087715,1.0546350460414926,1.4487099148970237
-1.029748102014781,-0.0768355301934014,-0.05948337080201134,0.5988109783335716,0.7243385835474613,0.6934118628646702,0.8697830808382221,0.004951283127806118,0.4917414994983329,0.45200454499699627,-0.9112553714591419,-0.8317531486855416,-1.1318691354895596
0.6936193480177236,0.4677573065882377,-0.1832730558639934,-0.661639711889344,-0.1870511786977089,-0.6393955696135079,-0.7223785524511103,-0.3375534118867038,-0.8147495202038401,-0.31417345132436825,0.7864940037951887,0.3000797681506793,-0.4527693853878271
0.7697261641763277,-1.0130545794659813,0.7750861606049917,-0.8946932063286449,-1.3156053247954138,0.04542059601837773,-0.8864427041664781,0.9442119426798454,0.0648292864144722,-1.1858948312323718,-0.06238068383197666,1.4319126849868997,0.22633036471390536
0.13190926088419902,1.1184957566539333,-2.2830494881637255,-0.07895759938083066,0.7089834864567492,-1.8562747055012572,-0.11260751479193302,-1.846979039834773,-0.8505703314901296,1.6448456792004211,1.6353686914223542,-1.4605492135945526,0.9054301148156382
-2.0459532691820908,-1.0100433835985023,1.34493515390637,1.712422633755718,0.819097643665673,2.5066276253761073,2.0043644663606153,1.2638989088755659,1.9664987608582472,0.1653955446089513,-1.6009660551562137,-0.3287162967583324,1.5845298649173705
0.28102335454417343,-0.34656280768237935,0.1831970952923758,-0.4623074517066553,-0.4634718570628185,-0.060408510695036305,-0.39533272063717356,0.2768166949265278,-0.0919106946370696,-0.4510993727203367,0.09678332009811685,0.8031166200778884,-1.6479849455668765
-1.1119063137048837,0.11091074807276866,-0.2282004123811209,0.6388296464603852,0.9223399498630974,0.6222176080346831,0.9350787275031149,-0.1841688195891393,0.3878692707078839,0.6047815212645069,-0.7520913675290485,-1.083271574649146,-0.9688851954651436
0.6684178995562855,0.6864539637565464,-0.4973107809385911,-0.5762625942412402,-0.00980434618863443,-0.8636094654369582,-0.6637149028392817,-0.6240832831916177,-0.9074405084309751,-0.022390591769459154,0.9456580077252823,0.048561342187074766,-0.28978544536341133
0.06025024373487728,-1.991377415738931,1.106520967186685,0.06515421555267897,-1.4857821752367448,0.8105200227010455,0.002060519312713326,1.6209665561827868,1.4592851675199279,-0.7788965397343133,-1.176528711342631,1.1803942590232948,0.3893143047383215
0.4450295230888108,1.636995509722889,-1.2231149972773703,0.8299063619744507,0.8468093944607228,-1.2632484050506338,0.1994856479728966,-1.5092111234895742,-0.5544567933171182,1.4751171908862764,0.5212206639116995,-0.7059939357037391,1.0684140548400538
0.025156079824386054,-0.3782102035022579,0.25861986513404434,-0.033164274273349045,-0.2925715465609258,0.18148679113431776,-0.031044471413553508,0.3351776202707976,0.24389931946911875,-0.21499815958229962,-0.3276540237154658,0.4258389811324815,-1.5121649955465297
0.6445923397835305,-0.17043947864709494,-0.11847752569221703,-1.518373453792414,-0.6114587746528632,-0.5542012300769714,-1.1488241028446733,0.018575894356594617,-0.9879413868246809,-0.9457576396020554,1.370095351538865,1.5576718979687016,-0.8330652454447973
-1.7502114598459466,-0.08471695987174287,-0.10082643335967081,0.849013510437665,1.2642997456250495,1.1787693266673296,1.3891385368703029,-0.014404703381484063,0.6800350728662805,0.6531345817040424,-1.3887473832494224,-1.3347900006127502,-0.15396549534306475
0.7508949615594154,1.163758487705837,0.04249362414384144,0.5735877787864769,0.27291286223591726,-0.5063180989805489,-0.10032895781723346,-0.5588558391127287,-0.4061468342196808,0.3589574690867808,0.3090019920049082,-0.2029570837765301,0.5251342547586682
0.9106211775021856,-1.8171671469580026,1.7640105868598834,0.15312409761253082,-2.003844244484844,0.7073057319293572,-0.4083711876450144,1.9043160295138504,1.4000243489591284,-1.2081736648148471,-0.5398726956222571,0.9288758330596906,1.2042340048604003
-0.042325267348663737,0.576666827273185,-1.1041702830848783,-0.17511408986894408,0.449097495369273,-0.8215755168294528,-0.06980648341142515,-0.9111580715291454,-0.536679107924802,0.7022726317132809,1.1578766796320736,-0.9575123616673435,-1.3763450455261832
-0.4203117270309243,-0.6826154506502066,0.5047790626460799,0.4638541011650228,-0.175329087759342,0.6912438759836431,0.47099305491586296,0.6263704569176917,0.8226348655869452,-0.05970819493593227,-0.9643100394358398,0.17432055516887687,-0.6972452954244506
0.9074260586705485,-0.23339663923389514,0.2758457203828,-1.5223446113792425,-0.8560526460110461,-0.4386483729410089,-1.292149626531082,0.2723646902183558,-0.9462102998987887,-1.241841921180039,0.7334393358184909,1.3061534720050971,-0.01814554532271813
-0.20538720006858685,1.0803279148948624,0.07139234546808136,1.2193717384471134,0.9368406885954699,0.20254327244409648,0.7548046462603948,-0.5007852739817121,0.12457121618638688,0.7771902189176174,-0.1154353518086745,-0.5802347227219369,0.6609542047790143
1.6557895161751142,1.017696194493288,-0.5901121344427245,-2.2581751911707433,-0.5180629008473234,-1.644097948284264,-2.0831537956531103,-0.8422759782040037,-2.3704508860520983,-1.098610253150972,1.5823140234456563,0.5515981941142839,1.3400539548807464
-0.15172077558406305,-1.4232792104894405,0.4878489146353923,-0.23742401748725342,-0.9143959907310947,0.4853457229178183,-0.04395687222940876,0.9877503493429409,0.8356018140906178,-0.5246333133521647,-1.4948567192028182,1.6834311109505045,-1.240525095505837
-0.7883875727094518,0.6290201721034958,-1.0543671184225272,0.5013304006977914,1.0520080264743206,-0.24751206323494526,0.6885753185320167,-0.9093049785422824,-0.079830277662218,1.1258299544602108,0.20289265605151252,-1.6561746560106896,-0.5614253454041044
-0.8629371155082911,0.22706270990411054,0.31344825039034824,1.0155388304523458,0.817777178233122,0.861398823072722,1.0003947785006428,0.06296243853252964,0.5806137677704031,0.4583024090620692,-0.6459820315756528,-0.5243417391744691,0.11767440469762827
1.3626575533665173,0.6950294220045362,-0.08030467294386136,-1.723579830612838,-0.5294024130885377,-1.0402830357424853,-1.6431102418642425,-0.393332665455474,-1.7513295769425854,-1.1138897785048798,1.051767343678678,0.6074911776617513,0.7967741547993604
-2.9626322299300063,0.3001546419580602,0.07338865083917276,1.817497794550949,2.4608933979557404,2.1836497627400138,2.5524504986112273,-0.10895123472960741,1.1144157188586687,1.1829869229133372,-1.0704193753892355,-1.2788970170652825,1.4758739049010932
0.2747868220472286,0.4547963358793201,-0.408198593413677,-0.20033933856088507,0.12078883496363617,-0.5122439655359242,-0.25352996754143464,-0.45784170383237927,-0.4687042278727736,0.16728652475573969,0.6273299998650952,-0.1470641002290623,-1.1047051454854901
0.4844536491184442,-0.7460763499061777,0.6110573710765703,-0.3723785790062818,-0.9064702669818352,0.12366980226676724,-0.4571126577270904,0.7180552067994985,0.25697755269486655,-0.7081961722110831,-0.22154468776207017,0.984768816607158,-0.42560539538375775
0.29862648273631437,1.0000562161815885,-1.7322222990397076,-0.2821914955626918,0.4970613828163754,-1.5509585936641375,-0.3095989337109741,-1.4771914746540384,-0.915015620277647,1.0966370169262878,1.4762046874922607,-0.9016193781198759,0.2534943547179749
-0.688145869487978,-1.406107437818001,1.241634883846645,1.017617087265438,-0.49570251436798834,1.4520836669733366,0.9075736993742543,1.404021675160615,1.7399020244065408,-0.23086202267900596,-1.2826380472960268,0.23021353871634467,0.9325941048197075
2.0095148912781964,-0.5653070054331598,1.9938289824861966,-2.2698268423410477,-1.9307824507617934,0.09567894408009943,-2.2793767322916776,1.4069245721248607,-1.2567525232491226,-3.029020688939526,0.41511132795830386,1.3620464555525649,1.6116938549214397
-0.9723801761825493,0.2075725802149201,-0.574181491694463,0.4340037621323378,0.8865714947456147,0.25509035295565097,0.751856342879237,-0.4275888039355128,0.16977394510004443,0.7227226071600419,-0.43376335966886154,-1.5304154430288872,-1.620820955562807
0.2995754502541231,0.6211298399122513,-0.9478957383380114,-0.45285542058815453,0.22230576753358153,-0.9464640554248043,-0.4003057432180216,-0.8453410049208396,-0.7710154930539311,0.3968804979622482,1.2639860155854694,-0.3985825261926668,-0.9417212054610743
0.026983858807621768,-1.1738057150668277,0.7512362400140494,0.19778933538638366,-0.8693249406320043,0.5602707207827663,0.09003378640670803,1.0112727190284612,0.9765550656088074,-0.4242461316300273,-0.8582007034824441,0.7332503906435538,-0.26262145535934184
-0.05233955589844097,1.126219347837497,-1.7147608118943785,0.33304688322219067,0.8541145862667842,-1.285509209905398,0.20414054849248878,-1.5305315009699763,-0.5551860581102677,1.5025797741699085,0.8395486717718865,-1.1531378040834805,0.41647829474239084
1.1535514921817844,1.287592787318347,1.0695206133112711,1.266565263720076,0.05750695540402072,-0.002965417366174303,0.04955696434326488,-0.041988740193244244,0.012101384178591747,0.06670889346873149,-0.009326015855278818,-0.02130488724726001,1.095578044844123
0.49028024004307114,0.021856837636641653,-0.36978091857904377,-1.2845963055197536,-0.35551929977352903,-0.6373150665918516,-0.9423559562654534,-0.2193725921306482,-0.9535501892569651,-0.5995996803244946,1.688423359399052,1.1105280295889601,-1.4850010055424605
-1.3523769561010162,-0.48376887910392496,0.12293099795627713,0.6342385248566731,0.6743982846295529,1.0657919735328005,1.061862828008552,0.31156021082781116,0.8060910107229193,0.34041021933093807,-1.6871798906183477,-0.7758601651380735,-0.805901255440728
0.6115645612294048,0.11241087055946335,0.538443547020031,0.07914414164056478,-0.38188897616244266,-0.023617426147514872,-0.28677987923286774,0.24719822613722658,-0.021895461482055716,-0.34671543953695144,0.010569484635982871,0.3559727516981468,-0.12680150533899542
0.42130908623561775,-1.971855332863031,1.2168248977355238,-0.3110325192385989,-1.7451208935126845,0.6364065846687824,-0.3907618377967385,1.6733626751684356,1.1707414940096434,-1.1171205332123686,-0.8383052029911825,1.487805668534367,0.5522982447627375
-0.15181658651006666,1.4067883622425759,-2.4126162850228763,0.6340375478996729,1.1323615436803416,-1.7525455193445285,0.41666726798850684,-2.0643854851075147,-0.5342906762523459,2.2267443777736418,0.8594441722631483,-1.404656230047085,1.2313979948644695
-0.8395649990525198,-0.5270674343021465,0.2114468102688056,0.46356279480863016,0.2546941030608103,0.7659158517250595,0.6961137481971147,0.38313589138876636,0.7121526001550916,0.15833539857237527,-1.262742546804765,-0.2728233132108646,-1.3491810555221138
0.6525269059963357,-0.12804965358110448,0.24610567112203208,-0.8034545718833151,-0.5868121935361105,-0.2785903552222485,-0.7752486194217216,0.20284422649600087,-0.49593401630415646,-0.7302012521311793,0.43500682844956556,0.8590096036253559,-0.6700813054203812
-1.081042849465128,0.549097189120412,-0.2881160774808389,0.9253867416710378,1.2158580858913892,0.5538290371459464,1.0699422035299415,-0.43738291350659425,0.28648820277184517,0.8444846613926885,-0.41386785917759983,-1.0273785911016782,0.00901844468135141
1.093682348896828,1.0215993838998139,-0.7898713196052215,-1.0970443802874925,-0.0895142095369894,-1.3946641866053244,-1.1674557945648159,-0.9568248033480428,-1.525320916412781,-0.15933874160757863,1.283881516076731,0.10445432573454223,0.6881181947830837
0.050025628906966116,-2.9333107236294578,2.175748072364912,0.31119158046448225,-2.1592378525555906,1.6428620802300342,0.13758666701454988,2.695353470856076,2.3066959084137615,-1.4068773331549094,-1.4749612187115564,1.2362872425707625,1.3672179448848159
-0.2036304950006118,0.44837993687690975,-0.4802057198044319,0.2471335839495003,0.47848986974267826,-0.2243236211513413,0.24002703737227063,-0.4952151510435659,-0.13739571998276745,0.5255582396288957,0.2227881565427742,-0.6501009521562714,-1.2133611055017675
0.03978826540866898,-0.6810247770243927,0.615969218270869,0.24707144005486387,-0.5226469689414776,0.4467075683451915,0.10919956497626922,0.6882461009054593,0.66320519190011,-0.290048532688865,-0.6260865310843912,0.4817319646799494,-0.534261355400035
0.9664931686262616,-0.2537265294506833,0.16763282985784994,-1.8461393512600175,-0.9154910337924127,-0.5645512638274965,-1.4950152349645471,0.2215517322980448,-1.168244105091446,-1.38181206501025,1.0716628441699396,1.6135648815161696,0.1448383947016976
-2.216631521776592,0.28284977458909466,-0.3123313524320032,1.2572892337673016,1.8833763315018854,1.3504416075486914,1.8555331796261012,-0.31769579632310146,0.7176000788051431,1.0885034167019647,-1.0505238748979737,-1.6142549183500887,0.8239381448034302
1.1737603364780447,2.0717365739953197,-1.2295875821329667,0.7543767918827208,0.6092885543590252,-1.7914354068205594,-0.23199639951677847,-1.7305766285029633,-0.9178033255202083,1.4285025048712512,0.647225500356357,-0.4824220015138683,1.5030378949051624
0.2553412121104708,-0.4340769589468886,0.38377715985416105,-0.17798317598919877,-0.5073104625478723,0.11279488945781894,-0.2312660177900236,0.43370036865487305,0.1777521620400308,-0.4067278975841925,-0.20164918727080847,0.649410915322352,-1.0775411554814212
0.004753898338960317,0.7886615797502815,-1.5792154852810036,-0.1903772259318598,0.5667540252839465,-1.221914543555773,-0.10316988603175627,-1.2850833916780977,-0.6981099651489996,1.0453175998072703,1.4961001879835223,-1.236977279404682,-0.3984414053796884
-1.155976099234081,-0.9701291752365823,0.67019319109656,0.8364552681015525,0.1739168335154661,1.34704599395127,1.0632047856071456,0.8635921625938654,1.2985421899206566,0.0709374505122598,-1.5810705546649522,-0.10514436256846153,0.2806583447220442
1.3469408467070343,-0.5073555029524458,1.1503543065620456,-0.9112098000394437,-1.3870552953514106,-0.07943925855462391,-1.2053228569230605,0.9024787245491364,-0.3057268192083462,-1.4763445030171325,0.11667882058937853,1.0266885542677588,0.9597580948237768
-2.6393260360980713,0.7796647727084635,0.511173610277893,2.16349994460733,2.562807714983126,2.2893208353256194,2.5615946808687404,-0.10233153844913977,1.0271486632863083,1.0928740416419724,-0.7321958670377868,-0.8596996404592752,1.6388578449255091
0.3650414013744375,0.23652037013455907,-0.3880917116116938,-0.653324063360521,-0.10542337334857926,-0.5615281092554139,-0.541431018367902,-0.3371964171591336,-0.6447509767236607,-0.15612407186212574,0.9655535082165441,0.2721332763769456,-1.5936569655587376
-0.04106220412944725,-1.4124109709751889,0.5609387174617448,-0.19542175265979395,-0.9903461951078455,0.4622934284607904,-0.08121787846633563,1.0235045757395567,0.8585686844646737,-0.5504122115239778,-1.1566332108513695,1.403966193213166,-0.9145572154570051
-0.504811249229849,0.814230388741781,-1.3162631259658264,0.41552185837410865,0.9711771266345908,-0.6531813458360157,0.4908527570383399,-1.149675283508398,-0.2737879507021334,1.262253435065498,0.5411161644029612,-1.4884957053682866,-0.23545746535527248
-0.17939937976016135,0.6563461818505526,0.45371695373001936,1.1239608099679421,0.6105375542287654,0.478881834799538,0.6904155314046863,-0.07295929883755978,0.3554638188317498,0.4277689536701622,-0.30775852322420416,-0.3566627885320661,0.44364228474646017
1.557991858432167,0.7244551835321308,-0.22569286672292702,-2.3502970689570017,-0.6560632342362385,-1.2927030282524277,-2.079291776788016,-0.49001696159829333,-2.2298399121745263,-1.432470163465583,1.3899908520301267,0.7751701283041548,1.1227420348481925
-1.2433808903811905,-0.23724411199797857,-0.11990370840937159,0.5322846620095443,0.7701323643698798,0.8001701640968961,0.9494134492280607,0.05122762076404213,0.5568769809723264,0.45165807964088833,-1.3688518827581608,-1.1112180664228797,-1.457837015538391
0.35232961400184976,0.3797211112632661,-0.0655614961404887,-0.048584147329933575,0.007765986082767781,-0.30354168526907827,-0.21499200685374384,-0.22711707154341948,-0.30466587871269,0.015695966003658177,0.3288974924961699,0.020614850413340696,-0.7787372654366587
0.4120654689100297,-1.2368930590105187,0.7802365001281563,-0.2798816323849357,-1.2066004598454734,0.3061772972863238,-0.36933159430790513,1.0592126783028888,0.6724668221262569,-0.7710830886671168,-0.5199771951309955,1.152447767249561,-0.0996375153349261
0.4635093520935314,1.2050999825770325,-1.7179789651346746,-0.11604716194789635,0.5204694249760073,-1.658346409894329,-0.31038610424934676,-1.5718486352036132,-0.9390489856637599,1.1991725033220961,1.1777721801233354,-0.7339404274774729,0.5794622347668068
-0.011687297721602569,-1.5746638764808165,1.7049594594851285,1.1081967907976102,-1.1299341761197825,1.323914746190735,0.5919685039371466,1.749586873897615,1.9255377310074646,-0.5139014243470668,-0.944414538944578,0.3978924893587477,1.2585619848685385
0.5101614514575363,-0.3812095963457279,0.08197839043594342,-1.1642305073622372,-0.6620716438311366,-0.3030173763025285,-0.8894245535653028,0.23711587153227554,-0.5799171893040064,-0.8537521695827298,0.7533348363097526,1.529725406194968,-1.3220170655180445
-0.8598235860720966,0.537338033992444,-0.725597626392538,0.5897109579702078,1.0398080015344657,0.057449605573244286,0.7736692238604983,-0.6780801110092896,0.0497025778665969,0.9414033349980802,-0.0955398513174128,-1.362736492386484,-0.6429173154163117
0.6133537305904021,0.8263634943671453,-1.165577853504782,-0.81460587930093,0.1330814691792019,-1.3397020098408614,-0.7600934830961233,-1.070817869561751,-1.1806700991403478,0.31251129861311555,1.602209523936918,-0.23090357555026383,0.0361824346854203
-0.3680644493651464,-2.118429931071512,1.2774381665176933,0.443947150151727,-1.2532708078322126,1.2499063002698234,0.43239842006989737,1.7809314915672336,1.825961374719509,-0.6481290704039351,-1.63412522264165,0.9009293412859568,0.7152821847871529
-0.5745840712487631,1.5982598997077564,-0.8363290397224616,1.5821035908718744,1.5910259493430254,-0.23277719394133775,1.1448887717658038,-1.2718008066805015,0.022283118549796525,1.6995384604121706,0.0636241526126807,-0.9854588534410774,1.394381934888885
-0.3411864972456324,-0.5021182203800346,0.35003284835340276,0.32247908368163664,-0.10472223316547069,0.5150357544604782,0.3537596628902636,0.44875530581571077,0.59144175665482,-0.04084204738824148,-0.7852505350144847,0.1463740633951428,-1.1861971154976982
0.7450799944145617,-0.16001555688504143,0.07150185406629217,-1.4238305785194891,-0.680027108078624,-0.47976087791536876,-1.1528520086710954,0.12043735795580947,-0.9262926048424409,-1.0227270038899567,0.9124988402398462,1.2782069802313634,-0.5070973653959655
-1.4683710694490333,-0.26698434534203813,0.3589577041562365,0.9850533984640478,0.9190263801465128,1.331185075011397,1.309596957744311,0.33603133787245215,0.9085871705874515,0.40368450259421174,-1.2096878788280672,-0.6081812144956706,0.1720023847057667
1.4564481071322568,0.6695142252308127,0.6034259437383932,-0.7653715372011605,-0.6188894473786966,-0.5800626656310575,-1.187087289555049,0.00482953998499835,-1.0335255029800203,-0.9701190126304327,0.4880614964262634,0.5236517023405498,0.8511021348074995
1.3020196559773243,-2.188458489414286,2.571835593114145,-1.0152080078762418,-2.568794966722329,1.0496078318750248,-1.2361493198536204,2.545587774951478,0.8100808846878512,-2.604755439868476,-0.360813191200902,1.65548461917677,1.5302018849092318
-0.23559493546249702,0.6298914331884717,-1.4033705587105387,-0.07979770438605663,0.6339667766425057,-0.9136763295220384,0.08441713880937864,-1.106456836096515,-0.5048073154734428,0.9897842350467165,1.3369361840534288,-1.5723351806894883,-1.0503771654773517
-1.216791637661612,-0.5420840492277731,0.33474996715563504,0.7391249255341785,0.5295362291272718,1.131885065418967,1.0444427365237345,0.46015590817769875,0.9240228140716221,0.254235211961785,-1.4219065507348587,-0.4405022638532676,-0.3712774153756191
1.031924101212728,0.07276395771501744,0.6222300294284254,-0.6024751660498234,-0.7289311635913432,-0.2607663522495988,-0.8728888415831035,0.31427949002458205,-0.4915308348363246,-0.8731884035008238,0.27584282451947206,0.6913306529829528,0.3078223347261131
-1.898778435489321,0.7397327184355322,-0.2554652312659265,1.4320131248453294,1.9730568735436955,1.1661158783813788,1.7770858588093899,-0.5144490842119053,0.5213004860474033,1.1651692268147307,-0.5730318631076934,-1.1950575417440814,0.9869220848278462
1.8709878946247094,1.8865131023524608,-1.1221239109601897,-0.8862112770993947,-0.052726500117592084,-2.209092936148777,-1.473693800377923,-1.5772453581661663,-1.9845094364019735,0.23142289359233612,1.1247175121466375,-0.0632246249078608,1.6660218349295783
-0.10733877874527004,-1.0684847477197397,0.4195669185796621,-0.1317448990679085,-0.6914249460618623,0.40079616255327577,-0.011952316416793032,0.7715830732276165,0.6612549384481179,-0.40187078466374304,-0.9974692069212759,1.0686082919283595,-1.5664929755546682
-0.043784237737546465,0.679460000351661,-0.9217904356232499,0.08839968666277728,0.5245417831130129,-0.6798062047886401,0.07024606548130964,-0.8598383686782707,-0.4171235460016965,0.7460147462715966,0.7002801683330547,-0.8177799027986744,-0.8873932254529359
0.4376913900168153,-0.02437307633905281,0.5685322941655543,0.22500655041179202,-0.34912296668629805,0.12443102303610835,-0.11626457514613733,0.33265878470647264,0.18158570875189128,-0.26977966055551494,-0.14859451929411063,0.3140530140375462,-0.20829347535120318
1.118176822532194,0.07770854319389242,-0.05247005097492277,-2.114314751678087,-0.7906809314592488,-0.8432810881262414,-1.7182507380940863,-0.06849094961895946,-1.5990324864322774,-1.4006621277303453,1.5491548559602202,1.4458859308737666,0.47080627475052944
-2.5559257805200613,-0.10883068690189511,0.04202407937969396,1.448691763432036,1.857088774855768,1.8674540753325262,2.1390013540785198,0.0781889771252127,1.1350348723663763,0.9551913689798052,-1.5280158866882543,-1.4465759677076857,1.1499060248522617
-0.06112991054991506,0.27479915841349734,-0.2560499116038182,0.11009937034595092,0.24503108695718231,-0.153676410323108,0.09103471656656342,-0.2819410751953946,-0.11440958731463165,0.26547350478631765,0.16973348856607637,-0.31474305087146537,-1.4306730255343219
0.09045818210633363,-0.9523562338826078,0.588183380691621,-0.013978186543773434,-0.757248100367996,0.38888988363738763,-0.05599286557367107,0.8084667487700025,0.6649275096951115,-0.4471321299924378,-0.679141199061089,0.8170898659647553,-0.7515732754325893
0.019413100242787498,0.9483152692820959,-1.5206166794034692,0.0787912920302079,0.6711119375153892,-1.1872250763805632,0.031210554264055515,-1.33200838617128,-0.6147341083323623,1.1850044557681823,1.018608176193242,-1.069298328762279,-0.07247352533085699
-0.6885131680206611,-0.8755344297276476,0.9562491790151754,0.9950788493890582,-0.11171766278636518,1.2321475886746194,0.8958594637627805,0.977454597702615,1.347315331863152,-0.03387933825971248,-1.1035785428746716,0.06253458807394166,0.6066262247708761
1.7415371485412559,-0.12266118477219333,1.0529842942887633,-2.2179761334810424,-1.4077044549213733,-0.4378693687674343,-2.1079825738002085,0.6549422367230984,-1.532685429451411,-2.2937166950332797,0.5941708323796591,1.1943675049101616,1.2857259748726082
-0.5247480237014879,0.22761648970524534,-0.24497046518723362,0.42981942742421364,0.5620416946423009,0.18772731908731094,0.5091216060942058,-0.25206719093487967,0.15250907460962557,0.47493727022163823,-0.25470385524750633,-0.6920206898168721,-1.2948530755139753
0.6463585932082989,0.4109076514142734,-0.534250482401904,-1.148058917303237,-0.1923703340446234,-0.8762741476484563,-0.9540597010701071,-0.506911414884849,-1.1296479825408239,-0.3842603755886632,1.4430455200068246,0.4398122270193483,-0.6157533254122424
0.035604061149791276,-1.8773008608148631,0.958031842424227,-0.1726783863150448,-1.3846164095669673,0.7136425519987646,-0.11039246180543756,1.4801415170258923,1.2047417496412882,-0.830366588310874,-1.315797214781463,1.5716451438555685,0.06334642468948963
-0.5274751235444008,1.1747328958355479,-1.478863567894795,0.8241366361362366,1.2490550574400887,-0.7623701192508334,0.7189859484173614,-1.4218636565198501,-0.2309674543561125,1.6614677517584298,0.38195216047286773,-1.3208167547258836,0.7424461747912222
0.08070993761127526,0.8710736716510387,1.4531297181659641,1.9857039355219792,0.5688266632299066,1.063269631389993,1.0060890784230043,0.3828239803978215,0.8325153234012233,0.2709832080581207,-0.46692252715429766,-0.18898383788966308,1.4215459248929545
0.571202379380405,0.051718268680984156,-0.22797763653290573,-1.2064905959803882,-0.3952121304419018,-0.5859996684038037,-0.9445579908133995,-0.1543998065584244,-0.9176838261178584,-0.6519181343397703,1.2308268481000333,0.9428490789465575,-1.1590331254936288
-1.2700127239391328,0.06095727400955212,-0.04820379469105511,0.79128145648405,1.005959795709739,0.8746132006305066,1.1006047178788894,-0.057697283707246326,0.5346072543759951,0.5746713565832421,-0.8913598709678803,-0.9435391157804767,-0.4799333753918964
0.939595093641278,0.7947515923520175,-0.21396023004947032,-0.6256259360745183,-0.13686709792107102,-0.8396718552505142,-0.835513613464153,-0.5186081352397933,-1.020260561246588,-0.2668190450276332,0.8063895042864504,0.18829380105574373,0.19916637470983603
1.1253603100902334,-1.0807915062435383,1.1990611622204372,-0.965283318227495,-1.633940615575073,0.11722621264514722,-1.114840597916239,1.2171076236724079,0.06130138433553336,-1.5494031420244876,-0.042485183340714966,1.3201267178919638,0.8782661248115688
1.156655294398776,1.6488812560185553,-2.3306545662909866,-0.7273427568229341,0.31643749335400934,-2.6287233397663883,-1.0059031171855946,-2.139427338203879,-1.7000386797620273,1.2387594010495333,1.655264191913616,-0.5662614768350699,1.557365874913301
-0.569127672564381,-1.1945888984500252,0.470038355795599,0.25577562869526166,-0.4328752043013734,0.7712809340930775,0.4409846455017224,0.8631839048476996,1.0336320241371577,-0.17554765627965985,-1.6606525566299988,0.5655714400011508,-1.0232131754732825
0.6007776032092633,-0.9211101055089019,0.5233556029155463,-0.9909860956060419,-1.1211543064375862,-0.027514576648391482,-0.8465540349836962,0.7562786366366178,-0.0706673939890635,-1.064173647207716,0.03709681862433179,1.6974043568373711,-0.34411342537154976
-1.7979755970547098,0.3683512083853071,-0.4968753998823552,0.9924491098908461,1.628130824068934,0.9074755569240816,1.4906099056695028,-0.46453281693969595,0.4635920441562159,1.0454683375818963,-0.8117778690028336,-1.697404356837371,0.33498632473018286
0.7621016432027108,1.5445011515586988,-1.551522936085325,0.18532810599132185,0.5397756187911465,-1.7442857340512599,-0.3115481349874389,-1.6479970732650366,-0.9595794559776206,1.2805431136979133,0.8859715062514972,-0.5655714400011504,1.0140860748319156
-0.1595076201758957,-2.7351221350304993,2.4365036849734363,1.2041280700538424,-1.857214008177834,1.994492167780376,0.7220960981007064,2.7430758306056005,2.81825045453668,-0.9928547180058122,-1.236215212816416,0.5662614768350698,1.6931858249336478
-0.45893606357204664,0.44356530932558935,-0.8971034743608427,0.17037620010499885,0.6683700273772898,-0.36269950737725937,0.3366419908753112,-0.7277881100477762,-0.19003341947772648,0.7834676821666209,0.46153416243791445,-1.320126717891964,-1.6957935679740381
-0.26769642124725357,0.0015721129679526053,0.15085351864515548,0.41153337554672503,0.20388352587715222,0.30858940023401116,0.3613374422510583,0.0842411644851241,0.2994010994762696,0.1679889847118486,-0.3873405251892509,-0.18829380105574364,-1.0166938178723057
0.7990704834907708,0.18178746952720384,-0.21724240087780733,-1.517309494530991,-0.47372861092464713,-0.7413145834042421,-1.2312665363504431,-0.21348722925303115,-1.2368616522929154,-0.8715511624136418,1.31040885006508,0.9435391157804764,-0.3375940677705733
-1.8751039578600912,-0.2339749989890707,0.2099604738753588,1.0416327621991628,1.2509478405282395,1.508234998180753,1.5580466441262633,0.23551816064744713,0.9265026795166685,0.5530664283339599,-1.4484338847232074,-0.9428490789465572,0.3415056823311595
1.4898779078335074,1.1753508023984347,0.8629164053530229,0.4405224028610939,-0.278390887727546,-0.4038442581349938,-0.5677277357104538,-0.10223054467356012,-0.5115335788481343,-0.3420529972476534,0.24931549053112312,0.18898383788966314,1.0206054324328917
0.10037175359610123,-0.9825390729163289,0.3916409642837194,-0.3839124048485948,-0.7865844088288271,0.2301229361345495,-0.2568321117274011,0.7128012507305813,0.4161859511434489,-0.5528020313058026,-0.5995591970960422,1.3208167547258836,-1.5599736179536918
-0.2984060543492841,0.6708501586174371,-1.3951370353119839,0.03801595982371711,0.7111594118753793,-0.8622281627313668,0.1804322587115568,-1.1223280439160912,-0.4478118441021581,1.0638812743418848,1.0981901781582886,-1.5716451438555685,-0.8808738678519591
-1.0483094897513567,-0.252231938222717,0.35957823662257454,0.8315088869407723,0.6115510660986925,1.0300803386635833,1.0027387902532543,0.3289931319634282,0.7860056475705486,0.2986697567420387,-1.0239965409096248,-0.43981222701934813,-0.2017741177502269
1.1962048610915001,0.3896914340578271,0.31231865388871966,-1.2173524878271016,-0.6241535863994597,-0.6178353078407103,-1.2861271089684432,-0.019118315885245755,-1.1652081022071672,-1.061299840548702,0.6737528343447058,0.6920206898168723,0.47732563235150616
-1.284197544816108,1.1597132731019826,-0.6886056517266906,1.448053082005596,1.8113156377192556,0.390671723560576,1.4553342951826287,-0.9689135743701915,0.23528499170910241,1.498351858635957,-0.17512185328245955,-1.1943675049101619,1.1564253824532384
0.3315376286436301,0.42038608703590236,-0.7886427197985427,-0.7342863707672572,0.05292194115057185,-0.8465338334697905,-0.5662177173060047,-0.6550461890559272,-0.8342166358572051,0.0867599791453735,1.5226275219718712,-0.06253458807394136,-1.424153667933345
-0.30840040502811406,-1.4780064232182537,0.5937629901270011,0.06620502979513929,-0.8353090872644284,0.6795558616340731,0.20070055093177597,1.0748559912345896,1.0961186792468474,-0.39668425454387557,-1.5545432206766032,1.0692983287622786,-0.7450539178316127
-0.28443039033948825,0.8566785799304115,-0.5746391908234177,0.6871724898588201,0.8349644006215317,-0.23917687392783782,0.5160059211204674,-0.7529174463952097,-0.10551142127637729,0.8954533207801519,0.14320615457772745,-0.817089865964755,-0.0659541677298803
0.10821389054116032,-0.7408960916749407,1.1188882291673656,0.8335118034203557,-0.6177693425509664,0.7856268993702064,0.38237011190645054,1.0016994357363387,1.1338871480827166,-0.2649001684133383,-0.7056685330494379,0.31474305087146526,0.6131455823718523
1.7057292355669895,-0.04181926737609979,0.8264071459730545,-2.7327442201123566,-1.3221201295515213,-0.5869849378343942,-2.360800157465227,0.4867467639041397,-1.965896135608411,-2.4756621991300434,0.9920808422048929,1.4465759677076855,1.292245332473585
-1.308101369310164,-0.04054802681412873,-0.2940562629246095,0.5651636851467599,0.9613992647623668,0.7122625069102453,1.0015660465179648,-0.14543824573091205,0.4414465344082751,0.6036175301745491,-1.1301058768630206,-1.4458859308737664,-1.2883337179129988
0.2951832266161162,0.6690739260910241,-0.4832372457704904,0.012058995912065005,0.2603051540555412,-0.5847863970152358,-0.15223564338407633,-0.6074468660746243,-0.4655073078442451,0.36774438476932597,0.5676434983913101,-0.31405301403754593,-0.6092339678112664
0.6001034594231143,-0.7320270293084399,0.8176326877088139,-0.13281144047249102,-0.9839001755553893,0.2000296754303467,-0.3926413545873154,0.8274553673330399,0.4219578739661619,-0.6987616982792505,-0.2812311892358552,0.8177799027986744,0.06986578229046632
0.30503738887824355,1.185654661834989,-2.1138357886302868,-0.11607800447755454,0.6264294134928734,-1.8500091567097336,-0.2252516891421949,-1.7852348743597888,-0.925286525668175,1.4936726989850513,1.4165181860184757,-1.0686082919283595,0.748965532392199
-1.0846828597015739,-1.3632751462244797,1.5913153869842744,1.4627880625097625,-0.16439928775017543,2.006586485149284,1.3559178846545594,1.5796685288505334,2.0346166835028083,-0.1878973324862376,-1.3423245487698119,0.06322462490786071,1.428065282493931
0.49913749167688726,-0.4126066157404723,0.23132703560863813,-0.866461487482927,-0.6764284756365604,-0.17986730532299905,-0.7261284094018026,0.3370196741954869,-0.34021852157177207,-0.7621091072963329,0.3554248264845188,1.195057541744081,-1.1525137678926523
-0.7697248376190166,0.27760796553426387,-0.0259605691815915,0.7565668848100245,0.7837345000280451,0.5325937061991841,0.8134414028563415,-0.1536580303092796,0.3556716594211429,0.534483994537083,-0.49344986114264655,-0.6913306529829527,-0.4734140177909199
0.963524135494947,0.6200986465065053,-0.3922087031620301,-1.3070398300080415,-0.2812981390934789,-0.9943858591892886,-1.2085025765370325,-0.531611997561969,-1.394038808186229,-0.5981956668763329,1.2042995141116843,0.44050226385326774,0.20568573231081272
0.4765162333067869,-2.2830061111758964,1.5278015800382754,-0.3445434227238886,-2.011955463220672,0.8367160068067577,-0.4381366505273664,2.0044679845300934,1.3668485962504324,-1.3713086870887925,-0.9178872049562292,1.5723351806894883,0.8847854824125456
-0.4335254208096219,1.5466091042559982,-2.6118630961529896,0.9112865842015118,1.4468381577619431,-1.7040286133236453,0.7145638316947653,-2.246712681303721,-0.43095437696584504,2.5637730635658347,0.7798621702981015,-1.65548461917677,1.5638852325142787
-0.3217314712822075,0.1896099544783899,-0.2669623491028712,0.2381751240834582,0.3807959683039661,0.02500278820890462,0.29875087179145376,-0.2454293223591157,0.03950713695154606,0.3608030835363085,-0.06901251732906388,-0.5236517023405496,-1.668629577969969
0.5587987122888638,0.2730211413273834,-0.5257502588138867,-1.2059015562776598,-0.22577322126156635,-0.8068518060313762,-0.9375818975451436,-0.43306705083908603,-1.074137508019564,-0.429971409848945,1.628736857925267,0.6081812144956704,-0.9895298278682364
-1.6920539552628646,-0.22971798547783778,-0.04475129984533407,0.7812524440023697,1.1153889817230878,1.1802819225924035,1.3220770112778708,0.0898181551921565,0.7333463274518688,0.5652736125234525,-1.607597888653301,-1.2782069802313634,-0.310430077766504
0.5600060181626938,0.8865835954303868,0.3257533908506653,0.6974421674316151,0.21703644809635092,-0.15070980154576105,0.067697950640701,-0.2603881875460667,-0.11921211988718512,0.2325457089145991,0.09015148660102962,-0.14637406339514286,0.36866967233522885
0.5649486711335792,-2.1347102066889616,1.6167151679905865,0.1922795076736394,-1.9716854279780631,0.8418304021857792,-0.20193934554141416,1.9803178449705159,1.6537264026262035,-1.0719223954939698,-0.7587232010261358,0.9854588534410776,1.0477694224369611
-0.08836638700449505,0.5283083274714391,-0.9585598339038844,-0.10195447634691904,0.44899536267392826,-0.6761691911326375,-0.006402212125588404,-0.8048670333320935,-0.4489736604607971,0.6437536644175267,0.9390261742281951,-0.9009293412859565,-1.5328096279496224
-0.5250717912308916,-0.8444943668672609,0.4768212822355213,0.41188146431980244,-0.21305612507969193,0.7448845955848424,0.4998152530301137,0.6916806308142227,0.8994402706852637,-0.07429707102334095,-1.1831605448397184,0.2309035755502641,-0.8537098778478898
0.8106225553643746,-0.41292797696311795,0.3675473102584854,-1.3022965766191463,-0.9125718909884075,-0.2983925077589525,-1.1238381210662176,0.41396106861305915,-0.6582522244442244,-1.160231458150203,0.5145888304146123,1.3627364923864844,-0.1746101277461574
-1.442688918791362,0.7140432999275136,-0.7393146884518467,1.0215442890176365,1.6090476557258124,0.4653343138150084,1.3150829880472648,-0.7743052780282919,0.23977374844854346,1.2456572271734583,-0.33428585721255305,-1.5297254061949679,0.5044896223555755
1.0596787266880905,1.462310263972795,-1.737328970877778,-0.586804540116359,0.25495829453109664,-2.101296870951216,-0.8795200353749858,-1.7115655171131439,-1.465150880614683,0.8930162690698411,1.3634635180417778,-0.39789248935874744,1.1835893724573077
-0.3824400141750975,-1.1167257535161634,0.4310494414685056,0.11353987615817684,-0.517957696068209,0.607165064511844,0.265500525407467,0.8022141638109169,0.8745687064118433,-0.24339212820610928,-1.3953792167465098,0.7339404274774732,-1.3969896779292759
-0.4538323138572868,0.6604894661864026,-0.8832862162662205,0.4119756022585383,0.8213825997762803,-0.35570253742299834,0.46158635763783884,-0.8286350977361497,-0.16738907000120873,0.9376997926099163,0.30237015850782095,-1.152447767249561,-0.7178899278275434
-0.1569033069026194,-0.09085862463536301,0.6144172081703476,0.7514653064411095,0.05312632814753538,0.5867249222285038,0.4814617565432686,0.39181757895388175,0.6131559634377906,0.05456309164709548,-0.5465045291193444,-0.02061485041334057,-0.038790177725810976
1.2563150760328687,0.199385546905534,0.07338808157516956,-2.1237885068664775,-0.8073074416850011,-0.8453471060517364,-1.797482609247141,-0.05848664490310457,-1.6922085870491554,-1.5007527253629884,1.1512448461349865,1.1112180664228795,0.6403095723759217
-2.401117973628274,0.28294960653989976,0.5772593362787506,1.6968319350993493,2.0231739611068904,2.169290035012053,2.1869630434221694,0.18367134486250478,1.0384982497843924,0.7259373937696156,-0.970941872932927,-0.7751701283041543,1.319409322477654
0.4409778639580783,0.2116853402833381,-0.19561903127709246,-0.594117784837458,-0.18089627287419147,-0.4675374128067641,-0.5509425939850439,-0.2162720117709398,-0.5839107492760323,-0.2590102239532305,0.7268075023214037,0.3566627885320662,-1.2611697279089293
0.4873040412719361,-0.9305657935555721,0.5090372922507974,-0.7640120734551474,-1.0420505512727556,0.04290603712788462,-0.6656248888426693,0.7529435162884731,0.10177994347530876,-0.8989672691366665,-0.12206718530576173,1.4884957053682866,-0.582069977807197
0.0004959069683217405,0.8862283063834643,-1.8201449097828737,-0.14439358552338294,0.6405384923045618,-1.4047554265794544,-0.0765793375826506,-1.4697442570260049,-0.7336971838779882,1.2558829962418028,1.5756821899485691,-1.4039661932131655,0.09702977229453563
-1.4742770018851084,-0.8238429051988703,0.8090337437462086,1.1345030722950689,0.5207831908359163,1.6826978767536898,1.3917554023036243,0.8685897398341418,1.4124829753468253,0.1705884650018491,-1.5014885526999053,-0.2721332763769452,0.7761295223962683
1.9272288685980867,-0.0519365168329835,1.607439774203313,-0.9477490286461236,-1.4971951442346012,-0.14337647186898606,-1.5364364697608612,0.9320419230273804,-0.6552600711700928,-1.8413010438528337,0.19626082255442528,0.8596996404592755,1.455229272498001
-0.9887279887660687,0.1282305750914315,-0.2469789047328428,0.5868067003231249,0.8415733395471855,0.5192924031581306,0.8413976757032643,-0.20342702901759166,0.33760215787122383,0.5833289114807656,-0.6526138650727401,-1.0266885542677588,-1.125349777888583
0.6357837566422126,0.6087217048653143,-0.5221787260497726,-0.6937104061711121,-0.04130348432239769,-0.8593675304636215,-0.7082516820920495,-0.5991719613686073,-0.9380996966293316,-0.08386234517446679,1.0451355101815907,0.10514436256846128,-0.4462500277868506
0.12073761930470879,-1.865906782006351,1.007960358178918,-0.031919287275498434,-1.4408543229727377,0.6910450219407995,-0.08174469905772669,1.5025775620128754,1.2994514269070636,-0.7716667803284228,-1.0770512088863227,1.2369772794046818,0.23284972231488205
0.5219523359984688,1.5294410291928628,-1.2287161102904063,0.5902805611804464,0.7107673327207618,-1.3227969407741569,0.03150953871114785,-1.458505171953083,-0.6531932091807763,1.3161160756492725,0.620698166368008,-0.649410915322352,0.9119494724166148
1.7418471692309516,0.013742834541051454,2.248726563490369,0.9907550608139404,-1.3092928291774644,0.48452674216089753,-0.41231549360820363,1.2606106948475708,0.7137404131985202,-0.9984388574118815,-0.22817652125915738,0.4824220015138683,1.591049222518347
0.46844793137348234,-0.20633329249097385,-0.1931747953579855,-1.3139314372368762,-0.504009551999632,-0.48537362897784075,-0.9461287358574726,-0.0055516345269487795,-0.8132054300658867,-0.7509714670597071,1.4695728539951733,1.6142549183500887,-1.6414655879658995
-1.4676239477355295,-0.045642145739631636,-0.3033062266177613,0.6235310030345486,1.0785336512509767,0.8196547156406919,1.118128759583145,-0.1481008589436517,0.4876795953424885,0.6502436477309471,-1.289269880793114,-1.6135648815161692,-0.9623658378641671
0.18907847742769168,0.8154823517263784,-0.4980797358134992,0.31353558546424287,0.4465477855411841,-0.5200606777356424,0.06410911949835454,-0.6891337979245762,-0.349149304735323,0.5840717902671431,0.4084794944612166,-0.481731964679949,-0.28326608776243467
0.5574750498930864,-0.804323966689951,1.021466307619912,0.2520928736219144,-1.0038991194214644,0.3879100605951301,-0.16631187067153808,0.9785521624975574,0.7542800405604037,-0.5883229336106922,-0.4403951931659487,0.6501009521562714,0.3958336623392982
0.20768561970758057,1.3332867398826846,-2.436007200672505,0.15268211611718369,0.8069276933035985,-2.0286985185898883,-0.03090095829783824,-2.040760328906303,-0.8336866538666794,1.916378085849519,1.257354182088382,-1.2362872425707627,1.0749334124410304
-0.5319681427456755,-0.4066654895870176,0.2021400566284943,0.35568222807815286,0.108801764902134,0.5378954883817182,0.473819191931985,0.31759315386696774,0.5480204203717928,0.0918005967070298,-0.8648325369795313,-0.1044543257345421,-1.5056456379455532
0.6559534932732809,-0.06900545156239583,0.030280223535647677,-1.1586430315090863,-0.5467070534309636,-0.44757849559071267,-0.9648090344703104,0.05162518320382014,-0.7971616646021304,-0.8114835675879514,0.8329168382747993,1.027378591101678,-0.8265458878438207
-0.4788225952717699,0.7456932481631294,-0.4595859608294831,0.7395090443821041,0.9019283909239563,-0.010839313949621,0.6481176106134817,-0.6324866015322482,0.011385111624593524,0.8454901662469865,-0.01595784935236605,-0.8590096036253557,-0.14744613774208806
1.0035122632753184,0.8012562469611395,-0.856264791984914,-1.4398876233363627,-0.18057224565549865,-1.3811548174252402,-1.30019999348244,-0.8839001434657681,-1.6194731927327672,-0.3433936228076935,1.681791525901965,0.27282331321086467,0.5316536123596448
-0.06076326346658773,-2.7139040471856886,1.9936900385018084,0.187791535448225,-1.916655746275126,1.581929513751187,0.13189848321602993,2.482858279462539,2.061045436828412,-1.3554512371888998,-1.6739162236241734,1.404656230047085,1.2107533624613767
-0.7522712468810419,0.4083695046032415,-0.7806792308181094,0.38484275666668144,0.8650814118689149,-0.06226790510524989,0.6076047488275709,-0.6445396999363895,-0.008472030288617679,0.8428836625681544,0.02383315163015733,-1.487805668534367,-1.3698256879252064
-0.7343864655681506,-0.18754247626092257,0.25965874770704006,0.6572959771279586,0.4205765705632817,0.7276025275761068,0.7419879943423763,0.24027726489049547,0.6129304838991239,0.2543839993572987,-0.825041535997008,-0.3559727516981467,-0.690725937823474
0.9430919301117145,0.25434022983699456,0.045484348612845796,-1.2980473914876431,-0.5303372121330949,-0.6419984559719014,-1.1927713140632494,-0.10173573116757739,-1.128182427739254,-0.9177201900535387,0.8727078392573228,0.7758601651380738,-0.011626187721741654
-2.152554577537983,0.022130891277764884,0.11658558010275039,1.2210030472534088,1.6462959907705264,1.6353840666229487,1.8019256624123878,0.05463028141140239,0.8759289010427033,0.7446768346880549,-1.2494788798105907,-1.1105280295889604,0.667473562379991
1.7814716166022782,1.8057443996337548,0.49899497879081434,0.5029971827670532,-0.04334046434421714,-0.8939910729509168,-0.6913896027619121,-0.6230541251735049,-0.912804704719631,-0.02875108372225455,0.44827049544374004,0.02130488724726013,1.3465733124817236
0.21898642413373595,-0.8600181219960669,0.4315682232471134,-0.3880614232609606,-0.787813908152521,0.175770780413457,-0.32275934696530817,0.6739480351608071,0.32629987075421407,-0.5853334783411966,-0.40060419218342536,1.15313780408348,-1.2340057379048601
0.21313238614668575,0.7740646936905853,-1.262755490541486,-0.28794714174583574,0.3983769966526874,-1.1273437517840659,-0.26670283695150127,-1.099400864601156,-0.759010938383724,0.7434301068292151,1.2971451830709055,-0.7332503906435535,-0.5549059878031277
-0.6127135463937036,-1.3762662977254896,0.8043964892743721,0.5740491880621466,-0.5312521695732014,1.0605596947790958,0.6326138444219692,1.1426282076541903,1.3948390634591117,-0.20759123613900238,-1.461697551717382,0.39858252619266676,0.12419376229860474
1.1774623766671033,-0.8497675725590419,1.0037609987166618,-1.4517440585134478,-1.5063265353178372,-0.07087149134477469,-1.399933680458806,0.9913306222943776,-0.4577038729572618,-1.735343695508628,0.23605182353694867,1.530415443028887,0.8032935124003376
-2.452714363108482,0.7991674332563737,-0.3739275390689134,1.8019096771320335,2.4355768807014524,1.4724106720615462,2.2702212140896783,-0.6109850332780351,0.7492775924455246,1.5051799556911463,-0.6128228640902167,-1.3620464555525649,1.4823932625020697
0.32111556600458646,0.5392516373100193,-0.7370541723905919,-0.4469482086796644,0.14677808132666179,-0.799246274697403,-0.4087577574831073,-0.6854959124806712,-0.708657570879989,0.24403478902680495,1.0849265111641142,-0.2302135387163444,-1.0981857878845136
-0.05625706976467048,-1.3559303276054726,0.7016130629025454,0.10176947140405945,-0.937991579151278,0.5817450311913841,0.08401402302722599,1.0745102020904036,1.035548072577687,-0.4527088272121352,-1.0372602079037994,0.9016193781198759,-0.4190860377827811
-0.0211363838369654,1.1040655641362263,-1.3606015518805084,0.4147549865639812,0.8144606223152913,-1.0346470180979765,0.2305575719364327,-1.3198153353427033,-0.4798149995198654,1.2947194546549354,0.6604891673505313,-0.984768816607158,0.2600137123189516
0.9411955804989884,0.6024634391379406,1.2266738804709796,1.0744612540717968,-0.27714070707450933,0.27075302332795365,0.06213267350629321,0.38970164661371315,0.3575155843116251,-0.18102399718404194,-0.18838552027663402,0.1470641002290622,0.9391134624206842
2.1221617562757475,0.5374830549220376,0.6650730971595342,-3.2621350632894903,-1.2185683557919482,-1.010446170337623,-2.864345384347812,0.1056977923929144,-2.7631484367890176,-2.7161062560442253,1.5093638549776969,1.2788970170652825,1.618213212522417
-1.0647186502762436,-0.4987764559779171,0.07392387448336127,0.4580111333710945,0.44567969281119874,0.8214542350185569,0.8141600177936428,0.2914531387128352,0.6880428319173769,0.2568734625402549,-1.5678068876707776,-0.6074911776617512,-1.6143015979618303
0.4202334051524079,-0.10154076690141865,0.2597552370489486,-0.2924193897084542,-0.39170785611878695,-0.1012832375616823,-0.38034669855489694,0.1972622101543636,-0.14155126131356027,-0.39237747209237933,0.129942487583553,0.5243417391744692,-0.9352018478600977
0.29224717181893883,-1.4980177072127032,0.7358081785638786,-0.4882344331724907,-1.304696583139017,0.35792063809975083,-0.4150661068669045,1.164941258082542,0.7054344352898196,-0.8799016719924416,-0.7189322000436124,1.6561746560106896,-0.25610209775836534
-0.3579600867582253,0.970169742653742,-1.87035132830106,0.31758118111807176,0.9727299674801704,-1.1861402719077057,0.3601839364608362,-1.540080729136009,-0.45585451171115676,1.6078095202464473,0.9788171752107184,-1.683431110950504,0.4229976523433675
-1.9268670948401612,-0.16165241397129565,0.753504482571318,1.5221560288121876,1.3424551328696113,1.9647896456441019,1.8398196214084723,0.5056673713572013,1.2261268133438479,0.4758672839809906,-1.143369543857195,-0.5515981941142836,1.1020974024450998
0.4014144339401744,-0.001634332120538098,-0.04161977959243425,-0.6117293470419055,-0.3052032060856103,-0.32030906186459046,-0.5389920480336325,-0.02264048868978201,-0.4455468593443246,-0.38557935562723616,0.5543798313971356,0.5802347227219367,-1.4784816479414837
-0.9546083804837516,0.41035693647917604,-0.5656710532055576,0.6038076775956842,1.019763801078212,0.24889761885223982,0.8320495254991328,-0.5243457998248794,0.15001464854937338,0.8320153406872807,-0.2944948562300297,-1.3061534720050971,-0.7993818978397513
0.6045139602473119,0.7963171963160994,-1.0045075411885638,-0.7311581427116329,0.11804721901340771,-1.209075798243195,-0.7112410376689031,-0.9649835957121652,-1.0984336192122728,0.2494955394559628,1.403254519024301,-0.17432055516887676,-0.12028214773801894
-0.14972588964669847,-2.055976837445001,1.1884789282762305,0.3091349840669379,-1.3734693426674593,1.024510210554785,0.24383093568758396,1.699513329385046,1.6832433502506459,-0.6737402089709238,-1.3555882157639862,0.9575123616673433,0.5588176023637141
-0.04519753309301323,1.6412910902166953,-1.301326412497172,1.1812186224503967,1.2212016590128159,-0.9716363954775797,0.6485668176316138,-1.5554461460634568,-0.30096188168610066,1.772526275591698,0.34216115949034437,-0.9288758330596901,1.2379173524654463
-0.14567835826849757,-0.3509427239801688,0.27968194831538973,0.18552809180387883,-0.14346615957351913,0.3203887267661969,0.1763291186534252,0.3333937624249583,0.38426569105726943,-0.08175435511706276,-0.506713528136821,0.20295708377653,-1.3426616979211372
0.7000154937558558,-0.10465918859437956,-0.0707213227782646,-1.4946986729406446,-0.6058630442589561,-0.5571442802780099,-1.1660920043615057,0.012551038285952346,-1.017285566499438,-0.9651678349529808,1.1910358471175098,1.3347900006127504,-0.6635619478194048
-1.7128280070424533,0.24312943094667483,-0.36442590145614423,0.8964024839900564,1.4730826566309014,0.9485400356512469,1.394096884294873,-0.3271670018074204,0.48222652005200173,0.8815236371388824,-0.9311508719504036,-1.5576718979687019,0.015537802282327668
0.7436007420616018,1.3662322315402449,-0.989316145583474,0.16679413533196377,0.4248649098322604,-1.2972117821005966,-0.31140247991597736,-1.2418330005536053,-0.8467369686301005,0.8496356408889355,0.766598503303927,-0.4258389811324812,0.6946375523840603
1.650386885690561,-0.28628478858701667,1.7695667473854755,0.04816858721601436,-1.4570009617380266,0.1804774375743573,-0.8613343295825965,1.140785700290857,0.23812447951141477,-1.283774855910936,-0.08227618432323834,0.7059939357037391,1.3737373024857926
-0.03303649868521884,0.5995369304927094,-1.3261663073056598,-0.2982548298805962,0.4586019117747844,-0.9995335489210133,-0.139878176336764,-1.0477392576225792,-0.6428134848475215,0.7835895364314348,1.6154731909310924,-1.1803942590232948,-1.206841747900791
-0.9625559759293837,-0.9037364684027982,0.44352593854698535,0.5735045756252412,0.07544000075524933,1.0332864585437502,0.8203045846282099,0.7025820310894686,1.0594602495263823,0.06052900241310067,-1.6208615556474755,-0.04856134218707447,-0.5277419977990584
0.8497836305560094,-0.5774726417772477,0.6991019583160821,-0.7605617319998089,-1.0612290560856787,-0.07068511383910758,-0.8585701772087081,0.6832451583713586,-0.14601176541741898,-1.038027726073319,0.07688781960685516,1.0832715746491455,0.15135775230267406
-1.71235175234555,0.4249780986706336,0.27936525101942045,1.4095482981387195,1.6042336310854453,1.4449387231284831,1.6650416187771355,-0.055363950507951794,0.7280286062850339,0.7519533468248747,-0.7719868680203102,-0.8031166200778881,0.830457502404407
2.0155720431484974,1.453516654626671,-0.04411099287728334,-1.4924184787474049,-0.4753709102905033,-1.4811169327506266,-1.8717664044744216,-0.7527806327969699,-2.120226922717754,-0.9834135178783744,0.9257625072340206,0.3287162967583321,1.5095572525061396
-0.06296606897516183,-1.384586435265839,0.5225743019550518,-0.21801221446891267,-0.9536342462499099,0.44841785666527706,-0.08138761078308843,0.9879460433129809,0.822347273892032,-0.5372512489126222,-1.1964242118338928,1.4605492135945524,-1.0710217978804444
-0.4960782173538791,0.7731949704836434,-1.2241422346803454,0.4001330091358142,0.934886420410517,-0.5883719890751635,0.478027194448003,-1.077200976155924,-0.2559349905597719,1.1832358970466053,0.5013251634204379,-1.4319126849868995,-0.39192204777871176
-0.18215496383774024,0.49458713656037434,0.46809372752303,1.017226571612882,0.49564156061863884,0.4919531342374458,0.635486487104845,0.016152684308914082,0.39219547314562786,0.3443939541752191,-0.3475495242067275,-0.30007976815067905,0.2871777023230209
1.448697960589881,0.6023018785868005,-0.1793312525549429,-2.260789507380572,-0.6616271764198891,-1.178463391693152,-1.9732603105932371,-0.40271120239817193,-2.077882765230197,-1.4060152564603596,1.3501998510476034,0.8317531486855413,0.9662774524247535
-3.144123886903629,-0.17071979897335515,0.5419064519855747,1.9777930404867372,2.2578175621053362,2.675453884827092,2.734687235320218,0.3909412209192919,1.5652763256702804,0.943555116779652,-1.4086428837406841,-1.0546350460414924,1.6453772025264857
0.14996891726037195,0.1273913877641269,-0.12981882759849397,-0.16664291842514176,-0.021454157167715746,-0.20783676376929727,-0.168653609697667,-0.13696957487986539,-0.2119973219778514,-0.0168857341686698,0.2891064915136465,0.07719787079472755,-1.587137607957761
0.21175390845654674,-1.0558555521992408,0.5330586331171532,-0.3300319506044944,-0.9239644339165926,0.25927200901244074,-0.2882042220822485,0.8292279250541469,0.5075060657526252,-0.6213292884968836,-0.5597681961135189,1.2090307876309478,-0.9080378578560284
0.2879957929601029,0.8930925379870517,-1.2669807478017665,-0.19079792193778325,0.4277574218160544,-1.184352143495605,-0.2555847626404038,-1.1613912743774844,-0.7724493218058621,0.8127255559552312,1.1379811791408119,-0.6773574070960858,-0.22893810775429602
-0.14535577827791077,-1.274053145134763,1.0342521317488775,0.6502979582865558,-0.8112974395364911,0.9023733589765943,0.42178944798162177,1.2209980802216136,1.378058568073888,-0.3266859195843105,-0.9842055399271015,0.4544755097401346,0.45016164234743683
1.5092417652841736,-0.4377341888764336,1.003258410681228,-2.2755601252228086,-1.4596283134691104,-0.30946054611974383,-2.013598281819658,0.7847020512214274,-1.3513768051721422,-2.295930837624024,0.7135438353272292,1.586308426576355,1.129261392449169
-0.8797161827759644,0.3414399513885327,-0.7504124439050138,0.40537739734002637,0.9132020416166617,0.05258473028907236,0.6869365930085256,-0.5939616949738857,0.05397008798852009,0.834347541457491,-0.1353308522999362,-1.6415113732899032,-1.4513176579374145
0.298497202264949,0.6596152411718963,-1.1505746978729914,-0.5490202260059267,0.2509547772251902,-1.1020742921034343,-0.45055005104015383,-0.9788542439164499,-0.8685209712686967,0.48219404807521193,1.5624185229543948,-0.5096784564536828,-0.772217907835682
-0.48419352404121613,-1.492372447146842,0.7620385478228062,0.39596697146433957,-0.7125571761295654,0.9356058276407632,0.4694394931470912,1.1768988542872767,1.3471062173208994,-0.29733805290725646,-1.51475221969408,0.6221544603825373,-0.09311815773394984
-0.6835457456265644,1.0786955271286196,-1.1272834614378808,0.8942817544218695,1.2978054995981307,-0.3790446046727142,0.8399184821735428,-1.1756005143720327,-0.11166326646830926,1.4476527633441427,0.18299715556025084,-1.2642337343444963,0.5859815923677839
-0.34461048401166083,0.19140415205406724,1.3583298489470803,1.7182107384154328,0.39942151230699346,1.2954824447551823,1.0932519937519136,0.6697668988775807,1.119007262643998,0.15937105969649512,-0.6658775320669146,-0.132400817508276,1.2650813424695158
0.535320915799496,-0.04037234662255929,-0.13575238222342229,-1.111526195564819,-0.4346356913909076,-0.4890787755625105,-0.8750887813315495,-0.0562983601171209,-0.7830536521402875,-0.6558704814060798,1.0318718431874163,0.9994320993279443,-1.315497707917068
-1.293848885660304,-0.10765795374285073,0.018035418813029787,0.7371599322603536,0.9020713622569617,0.9428356794270348,1.0848088987436086,0.0640804844251891,0.6146189078348657,0.48853578980552986,-1.0903148758804972,-0.8869560953990896,-0.6363979578153355
0.8777907754115615,0.6476230093655436,0.017294727808115844,-0.4455152471933732,-0.19646040731708025,-0.6168661754174478,-0.7071151204532717,-0.31457982222890685,-0.7844367229033259,-0.3162321362469083,0.6074344993738335,0.24487682143713096,0.04270179228639699
0.9040201884813509,-1.3579882940809438,1.1704105720992182,-0.7338081214370509,-1.6667699024464608,0.25403111052097577,-0.8735733127928815,1.3397781974834166,0.426839973759737,-1.37046842849479,-0.24144018825333186,1.3767097382733513,0.7218015423881292
0.13947692627306635,1.4390840611400613,-2.7483204124335883,0.15916093605079698,0.9350991333215674,-2.22070471881679,0.009173273170677258,-2.269778474586224,-0.903956379093715,2.153153673616435,1.456309187000999,-1.5157521603081008,1.4009012924898623
-0.9472355839742596,-0.49186746939627407,0.20150953697590568,0.5252375814091156,0.3616974825685593,0.8355505633876998,0.786563181816511,0.35990670025368765,0.7322360077629827,0.2077250355935228,-1.3025335477872886,-0.3839192434718806,-1.1796777578967217
0.6971023826826871,-0.04418483656327154,0.28572036611253593,-0.706128779053553,-0.5599221004982072,-0.2800271855306164,-0.7477628075087084,0.183173729618965,-0.4843160386003732,-0.6934029056561868,0.3952158274670422,0.7479136733643402,-0.5005780077949893
-1.263175944909474,0.5796310216719487,-0.3447560369785426,0.9866238572794201,1.375882997363436,0.6408889988934048,1.2001707848315855,-0.4845992519295566,0.3095598760919034,0.928323512592606,-0.4536588601601232,-1.1384745213626941,0.1785217423067434
1.146303393547439,1.176842697516818,-0.9254861355205802,-0.9470104985844322,-0.017097201911677018,-1.5370820779534717,-1.1164365149011972,-1.1110094575611056,-1.5258146397397518,0.043722526762143415,1.2440905150942076,-0.006641604526473725,0.8576214924084763
0.738388031426014,-3.052390012663798,2.4586766760918417,0.21235086050216415,-2.7667036517463877,1.3669556837132781,-0.284524565597253,2.9144605800834644,2.318935570917195,-1.6846824847298856,-0.8780962039737058,1.1251913123097466,1.5367212425102084
0.008933654208361974,0.6387889066753469,-0.9267952179107054,-0.028947297811448693,0.45520151918932095,-0.7215166782964065,-0.020099082998953396,-0.8422913285705284,-0.47398213707484343,0.6698332694746353,0.8196531712806249,-0.7611968824172873,-1.0438578078763752
0.48707912454354385,0.0017715395614470149,0.47146738534710325,0.03806005988555144,-0.3676204011715858,0.014079080208077821,-0.24160410762840517,0.2648550620772598,0.026536880556111763,-0.3248599294469524,-0.029221516346540504,0.37063603441893306,-0.36475805777464265
1.0340994343884768,0.05710413168728518,-0.12352835532319971,-2.0208280406928143,-0.7419037826933025,-0.8377452974923029,-1.6236656917420964,-0.09822427281879952,-1.5161586557051314,-1.2841361755432277,1.6685278589077903,1.5024689512551535,0.3143416923270902
-2.3981985324718083,-0.19425371949010323,0.09523872626395463,1.3205919799407069,1.6758527592402925,1.7952733850476361,1.9865492883989297,0.15096301466837095,1.102049320709268,0.8283721862762796,-1.6473888896358244,-1.3899929473262986,0.9934414424288228
1.4890253299628733,2.3762931281450683,1.1628546248079579,2.195955900955657,0.5907678792829175,-0.17180384362530549,0.36048749603624364,-0.5345995002313516,-0.08101670135717774,0.6301174760797416,0.05036048561850625,-0.2581600304900783,1.6725411925305556
-0.09189366603366557,-0.8692369644139146,0.3708016167500548,-0.1118719571660363,-0.5590280928310384,0.3520806795641246,-0.00974837012101367,0.6443137553635716,0.5345180872831239,-0.35205685948457016,-0.7985142020086591,0.8736728863461422,-1.6903607699732244
-0.10112865090956259,0.6645181290982344,-1.1082479259244258,0.007000109315672125,0.557167153477986,-0.7825038373453143,0.05803840397270022,-0.9574521440756834,-0.46597182786504004,0.8293134575268949,0.8992351732456717,-1.012715308380892,-1.0112610198714918
-0.6535115531475293,-0.8643472761262143,0.5847448692874139,0.5990807639258596,-0.130136541044955,0.9203704120715098,0.667764911479568,0.7624539684904835,1.0502134548879636,-0.027123615510198245,-1.2229515458222417,0.11911760845532814,-0.3321612697697594
1.0424787419848511,-0.35342101684532806,0.5364448517888255,-1.4208480320061112,-1.0451389619303952,-0.3345347566319654,-1.3110750614970936,0.47935910680590776,-0.7870075846407597,-1.3666180587194676,0.4747978294320889,1.2509505252915487,0.34693848033197366
-0.8021287716782979,1.0188340549965478,0.35539350743637316,1.590772258090823,1.344325926661813,0.8501058238536771,1.2717353372728133,-0.3099122569316076,0.4393740458488463,0.8187884400924905,-0.37407685819507647,-0.6354376694354851,1.026038230433706
0.43397797131722166,0.2040942953268981,-0.4462786376580157,-0.9360017524197319,-0.181084519319362,-0.655917423505387,-0.7278691122201738,-0.353754538049987,-0.8281846149358394,-0.3053161701315664,1.3236725170592545,0.4963952474007352,-1.5545408199528779
-0.11330984535716616,-1.5203486681957123,0.5811114237478687,-0.21509625529360754,-1.0136874194203882,0.5297286669655292,-0.052795612966478715,1.0889298355092265,0.9207198099120207,-0.578817853631899,-1.435170217729033,1.6282281642369554,-0.8754410698511453
-0.7566271967513811,0.7483662471283107,-1.1560359388995607,0.564632547168994,1.1142637531113213,-0.34876074702234977,0.7049652847210311,-1.0263787501405504,-0.11821053545638026,1.2445768429072663,0.2625791575252976,-1.5995916356293025,-0.1963413197494128
-0.7798539436513178,0.3811614876724676,0.4737576304327078,1.2106164365002445,0.8662952111008084,0.9254417632186115,1.0588519184717684,0.07614842020172115,0.6138238679355164,0.47186491741245257,-0.5862955301018677,-0.46775871879308206,0.4827584303523203
1.648016995997203,0.8143199469212703,-0.035628377407765956,-2.1713163242675413,-0.6592564604005745,-1.2106854346078626,-2.0330720060490037,-0.42789130079679627,-2.162848149568949,-1.4520065718433608,1.1114538451524631,0.6640741980431382,1.1618581804540524
-1.1760899299158871,-0.04857636510162585,-0.2424895673728269,0.5422374033092644,0.8556110592092625,0.6572729638859599,0.9185165158463905,-0.11235214401788679,0.4303963574651424,0.5496402309812173,-1.0107328739154504,-1.2223139966838956,-1.4187208699325315
0.4202196267009717,0.5610104910154822,-0.40122564547629197,-0.24982423107401058,0.08745499047983782,-0.6112773252669348,-0.35782749851738105,-0.5071031900197681,-0.5801360459426745,0.12840283821204881,0.6870165013388803,-0.09048107984767526,-0.7396211198307988
0.6401408303098743,-0.7872399151640552,0.7145380163238101,-0.46779123084937374,-1.0541530513295687,0.09173834940527087,-0.591193202546132,0.7969966068063518,0.216485271005432,-0.8501560816623965,-0.1618581862882851,1.0413518369885448,-0.060521369729066396
0.45079530462538986,1.1252058506949256,-1.8977099150554828,-0.34185348855102965,0.472319852627892,-1.7878963391771914,-0.42289454386191744,-1.6331430714465742,-1.047302651848218,1.1791357178867514,1.5358911889660458,-0.8450363577384888,0.6185783803726664
-0.8950148301472292,-1.8206863182149222,1.5656529951203744,1.1508874441252679,-0.638845660552133,1.8506134217397208,1.0891634428248365,1.794274311121344,2.131119657812192,-0.38118675907524036,-1.5412795536824286,0.28679655909773155,1.2976781304743987
0.42172027504519716,-0.6258510977177152,0.29074017132547886,-0.8197541633118188,-0.7720115189218786,-0.07844317739914154,-0.6598452161688421,0.4773001474679657,-0.15494010922790724,-0.7745086205465405,0.15646982157190192,1.418629475933952,-1.2829009199121848
-1.3282738821110494,0.2631533558689463,-0.44495306135134716,0.704492494947833,1.196312126779619,0.6103154328879384,1.0860413231999166,-0.38258400770234363,0.3278921964264099,0.810759332580634,-0.6924048660552634,-1.4738324226475001,-0.6038011698104524
0.5833096362693039,0.9798750709345443,-0.9650871642619104,-0.27972273701254435,0.2668546087809988,-1.1634359038072049,-0.4612611386085285,-1.034689653650754,-0.8989062337070839,0.5275623182424711,1.0053445091990674,-0.3419995058112798,0.07529858029128043
-0.006272827311118443,-2.0021876790937223,1.3114457848253482,0.4575621125210074,-1.4432171688155373,1.016397551813533,0.24519485574360397,1.7418860316218205,1.7534981861971686,-0.6641602217626063,-1.116842209868846,0.7898334110249405,0.7543983303930131
0.0046699178699527895,1.7115286951668336,-2.1713673657765367,1.0237368230426445,1.2342286389283164,-1.6787506952463422,0.5385417880143792,-2.081018905690937,-0.465752556832641,2.3126108408925785,0.5809071653854846,-1.0965547837020932,1.4334980804947453
-0.06065618923769064,-0.06810538457848772,0.18782749338584595,0.22484985695870574,-0.003313852170161119,0.18847333087004497,0.15142649466955774,0.1399758345751808,0.21247355636259851,0.013361592126729343,-0.2679675222416808,0.03527813313412698,-1.1470809698918385
0.7535761919649652,0.06205415694173662,-0.2120618491097741,-1.5837650317543548,-0.5258626603399366,-0.7046546779435608,-1.2419435323752814,-0.15060507167654802,-1.2005095904744796,-0.920657110422955,1.42978185301265,1.167111049970347,-0.4679812197901058
-1.6342324731299323,-0.2872705610563629,0.305514197778715,0.9838443078938376,1.0299748170196825,1.409029103609857,1.3980791819795593,0.3160672309241545,0.9220853528751343,0.442623667605741,-1.3290608817756373,-0.7192771447566865,0.21111853031162706
1.467090966845294,0.7944037039335065,0.737617420236247,-0.3025745154978403,-0.5366308906984172,-0.48416337217018984,-0.9482149497021157,0.017922128443673396,-0.7841108689697008,-0.7548263575024905,0.36868849347869326,0.41255577207953364,0.8902182804133597
1.242817746519204,-2.426776188212795,2.6552688278107777,-0.7523928466338756,-2.696306602916719,1.156487852221662,-1.065439353150308,2.711963763584677,1.17094320099519,-2.4878718235392006,-0.48018619414847213,1.5443886889157539,1.569318030515092
-0.2130551646344841,0.5198052564703735,-1.181314143504433,-0.12199305242561222,0.5372821680996418,-0.7585230247106154,0.05000549520000395,-0.9261640192633268,-0.4575785942501725,0.7958400968259194,1.2175631811058587,-1.348073209665698,-1.663196779969155
-0.6505170077368414,-0.35457941591156694,0.27315430803772844,0.5311316822158606,0.23625599722528398,0.6778013797576756,0.6302443749448077,0.33153570900882684,0.6392152059942394,0.15843412259569414,-0.9046235379620547,-0.21624029282947754,-0.9840970298674225
0.8250927450240682,0.05745089965056068,0.10918182770323714,-1.2330618468675707,-0.583356555100561,-0.5081327310462739,-1.0950223250347977,0.03276898999480494,-0.9411509713729855,-0.9208611064347543,0.7931258372922759,0.9155926240067428,-0.3049972797656901
-0.664416266371611,0.9466598338197424,-0.5369057718256394,0.9808512957554217,1.1878300246693565,0.0627488747884988,0.8753922840304953,-0.7767114193833067,0.04515416264826547,1.0673540109942983,-0.05574885033488943,-0.9707955707202911,0.374102470336043
1.2773032995830302,1.096537844488692,-1.0423950673556834,-1.5100177149686913,-0.1743891646219802,-1.7213389233288998,-1.4843785347467013,-1.136688621437154,-1.8800126331491507,-0.2526646316551944,1.6420005249194414,0.16103734611592907,1.0532022204377751
-0.287992248351975,-1.3076211080309896,0.42545442468922784,-0.0912343300040504,-0.7275442536039922,0.5350391792772023,0.10652712306453045,0.8946604526691376,0.8603632820524404,-0.3786662828489215,-1.5943342216591265,1.2928702629521491,-1.5273768299488086
-0.19906314675620004,0.5027073609823898,-0.3552040669921095,0.3892983415851697,0.5143198853550205,-0.13115315425447385,0.3127078198694603,-0.4519650995340858,-0.0720954609322569,0.5293600831462897,0.10341515359520408,-0.5935179317748843,-0.848277079847076
0.0382488777166297,-0.9154221932574529,0.7682678649114325,0.34018090977155657,-0.6909956384498256,0.5653243651242156,0.1592356268331957,0.8914747605815033,0.8973635464684565,-0.33995912622468,-0.7454595340319613,0.5383149850613362,-0.1691773297453437
1.1254897016133176,-0.33704097776041647,0.3857935283062955,-1.995825144576658,-1.0961634608012027,-0.5103730780495372,-1.6595576528424651,0.3862415166411099,-1.2184872874874035,-1.6460512219941033,0.9522898412223696,1.6701479018975562,0.5099224203563896
-2.5289405945936116,0.19401161473895975,-0.2823640277667124,1.4770188929098713,2.055664292057717,1.5977865297027838,2.139472636221346,-0.25631480764544085,0.9410323652315844,1.2158279617689172,-1.1698968778455439,-1.6694578650636371,1.1890221704581219
-0.02071632511682687,0.46135009832699814,-0.5880183509964864,0.012520749137233757,0.3493351745676391,-0.43883376824840387,0.017748659994781424,-0.5624790856481334,-0.31791262207209825,0.4460169334984182,0.5278524974087868,-0.5376249482274165,-1.391556879928462
0.2650844825848495,-0.49119131860568255,0.5173509244958998,-0.019912761424063816,-0.5559944756252678,0.20886342551754314,-0.1529601451379598,0.5375918511831985,0.3336694641076352,-0.3984731469005902,-0.32102219021837863,0.5942079686088035,-0.7124571298267295
-0.008881915539490496,0.8926736366922158,-1.7295752192245126,-0.07922474590461198,0.6523022384597124,-1.32814025379587,-0.03709829063262739,-1.4219225229133046,-0.6906778527077331,1.232873713024444,1.3767271850359522,-1.2921802261182302,-0.03335737972499707
-1.2262811860369316,-0.8457023436149601,0.8201683861833714,1.056474504841045,0.31714876042794826,1.5132404327047664,1.217262848302113,0.8858129249159824,1.3710002514030533,0.1091721941259624,-1.3821155497523352,-0.16034730928200974,0.6457423703767358
1.7862337906219146,-0.10940866164127572,1.3137439443197736,-1.4063807751363604,-1.431972443971874,-0.26876070986325473,-1.703066121916123,0.7952823910643533,-0.9494259022944861,-1.9350847000686888,0.3156338255019954,0.9714856075542102,1.324842120478468
-0.835520068600144,0.14534885120058758,-0.2445034490613814,0.5309919575500173,0.7379173034716187,0.41120668864183557,0.729577028382282,-0.2106045300986657,0.28470902837287876,0.5434812165316124,-0.53324086212517,-0.9149025871728234,-1.2557369299081156
0.6272512154068728,0.5199642364307295,-0.5179478047689381,-0.8506359983960436,-0.09902992774944276,-0.8499770638991446,-0.7866030625933821,-0.5523376875705317,-0.9897710136126117,-0.1938655335121155,1.1645085131291608,0.21693032966339687,-0.5766371798063831
0.20464908667212134,-1.7546926280444086,0.9321190939591181,-0.17253700757429327,-1.4239774788444726,0.572282618236902,-0.20114961308371465,1.4041339192081246,1.1179267873491217,-0.810990990878048,-0.9576782059387525,1.3487632464996173,0.10246257029534976
-0.40382018795863295,1.1366877975311358,-1.938985277235621,0.5764250465577526,1.1278879494140914,-1.2061720114163221,0.5216261819536517,-1.662158029201871,-0.38488428248680084,1.8351283760075268,0.7400711693155781,-1.5436986520818345,0.7815623203970828
0.4689225781426932,1.819995043042686,0.7945788042960662,2.026548118398419,0.9610573669702739,0.27642302188790185,0.819079685218709,-0.46358520610175485,0.189641281008334,0.7887633069254258,-0.10880351831158727,-0.41186573524561426,1.4606620704988147
0.5465682056660803,0.20670502177147926,-0.4604263614849318,-1.217040697634468,-0.2644694923279734,-0.7476678618254189,-0.9368972614326726,-0.3630363374412642,-1.0352595256247328,-0.4861579789265445,1.5889458569427435,0.719967181590606,-1.119916979887769
-1.6042448857414058,-0.2144303579042551,-0.025757851480831293,0.7571210267366855,1.0599404899084954,1.1318944241989677,1.2621415329739325,0.09286779273858116,0.7048871985993095,0.5347105025232088,-1.488224885705731,-1.1664210131364279,-0.4408172297860365
0.6852283109066343,0.8037858057101673,0.2609885419807201,0.40224258611524777,0.06231743113376148,-0.2905849303110725,-0.1556016818751125,-0.255427920988769,-0.2760806550025161,0.0797211149858587,0.20952448954859976,-0.03458809630020746,0.23828252031569638
0.6633304932501451,-1.9194240136671912,1.4696465084846804,-0.04946681781846701,-1.8905039023104042,0.6577208937977845,-0.3825665955090411,1.7896079164631482,1.3245765272609382,-1.1271142553903049,-0.6393501980785656,1.0972448205360124,0.917382270417429
0.8776071480320604,1.9160363144622268,-2.7529186034647517,0.28002862911946896,0.7209862511544517,-2.7541937758556876,-0.32356216734353854,-2.5112267367698493,-1.1538109227914148,2.2388772089138484,1.0583991771757653,-0.789143374191021,1.5964820205191612
-0.4022192513915078,-0.7477300279077561,0.3238458726831465,0.1932947270250655,-0.23612228145725578,0.5386487477024963,0.318279291622106,0.5569968149805301,0.6712236368355103,-0.10932419503270031,-1.0637875418921483,0.34268954264519896,-1.6360327899650855
0.5790044375201157,-0.4133410846777462,0.16780100420915217,-1.1882443345372844,-0.7374488688400603,-0.286223673321028,-0.9391069617811104,0.3015810935711583,-0.57467456461917,-0.9339567361420142,0.6339618333621825,1.4745224594814192,-0.9569330398633532
-1.0498754234394845,0.5773745252225385,-0.7042162674116437,0.7212024579658282,1.2127026263414296,0.21039503656442884,0.94528259465429,-0.6860786984028026,0.11733984846219736,1.0150319097348866,-0.21491285426498294,-1.4179394391000324,-0.27783328976162075
0.7243659722818971,0.9977524133486488,-1.2807163531210832,-0.7365860251804408,0.17295083052173213,-1.5082426546424195,-0.7785090129309667,-1.2215467419399089,-1.2451966814688809,0.4513014835733255,1.482836520989348,-0.286106522263812,0.4012664603401123
-0.06467597417959906,-2.4164811991356236,1.6232632185788862,0.5849228672389475,-1.698598244437845,1.2989222834978933,0.3438871630719373,2.125118856928549,2.1401981334882008,-0.8094315647842498,-1.2760062137989396,0.845726394572408,1.0803662104418446
-0.3445363112504019,0.47239626391606926,-0.7898815113628478,0.18020398006318306,0.6025768552747852,-0.3621018686801817,0.2803663520776609,-0.6817909994683528,-0.20329539415340067,0.710385564119959,0.4217431614553911,-1.0406618001546257,-1.5002128399447392
-0.08369969725346584,-0.1807267478771016,0.3569569190633452,0.34943714328581116,-0.06730825268156551,0.3355154304738169,0.22965344116983355,0.2917060078221515,0.38328981576006926,-0.02763706961260635,-0.4271315261717743,0.0911711166815944,-0.8211130898430068
0.8730022542138444,0.03055531494199626,-0.08838836250648927,-1.7112648560143657,-0.6390927187683464,-0.6949719074162097,-1.3734983874348792,-0.06512206073314496,-1.2712844293602747,-1.0994898018692303,1.2706178490825566,1.2230040335178147,-0.14201333974127436
-1.4382066660803463,0.17684355420400175,0.3653873044027657,1.2255026776830138,1.2171538305417529,1.3144895119315365,1.420467798618981,0.1173874756223129,0.7695373300398733,0.5626299467046402,-0.8515688699853569,-0.6633841612092187,0.5370864103604589
1.7467444958385538,1.0544052589991226,0.17495137788320206,-1.5136519025391462,-0.5604021938779203,-1.1190864046290203,-1.7385410279822424,-0.4294323003832685,-1.8527982287766145,-1.1608564558631378,0.8461805052689738,0.46844875562700145,1.216186160462191
0.357194253314021,-0.7788814805275609,0.31702263372434925,-0.7907031054704763,-0.8338116181843308,-0.011837475652976754,-0.6098202079024714,0.5687514708999618,-0.02524127638526586,-0.7742812828488118,-0.002694182358191589,1.6002816724632216,-1.364392889924393
-0.15104146013939565,0.6710365384344148,-1.5552989075385215,-0.1887727261426655,0.599683936620182,-1.0916074368781568,-0.018609385431442204,-1.2126965038317519,-0.613552737555776,1.0286159932169499,1.6950551928961393,-1.6275381274030363,-0.6852931398226602
-1.4414338257427524,-0.6718983853809152,0.38674368540256315,0.8156918660855865,0.6057937977175107,1.3332847506883188,1.205614358108783,0.554472823957587,1.0719612635845184,0.26768812355348615,-1.6954696824897069,-0.49570521056681577,-0.006193389720927747
1.125323997890663,-0.0819150403386191,1.0208008220701792,-0.10321649159342179,-0.9115326768573248,-0.020291003557002488,-0.6592136034847343,0.6163964791094818,-0.01730178130251776,-0.8297686113146695,0.0022796927646238333,0.6361277062694041,0.6729063603808051
-2.649013618476776,0.5405820647990086,-0.06115013073926295,1.7215395489630079,2.3972419146659405,1.8546787233046091,2.3332213297378632,-0.3051893717611372,0.8739023598614089,1.2177441929739987,-0.8465949948625415,-1.2502604884576294,1.3520061104825374
0.30610605184510126,0.4494346272212926,-0.5322545471582338,-0.3736152510093259,0.0931908823821915,-0.6304495397418575,-0.3619358847570296,-0.5250806205490616,-0.5914351892869816,0.1415965536710951,0.8511543803917893,-0.11842757162140899,-1.2285729399040461
-0.17223490598815094,-1.4646312926487115,0.6579656506109945,0.07014026233487612,-0.9287646356789009,0.6313336493183975,0.12961541753597633,1.1043455416240433,1.0895105553486533,-0.4417720194891401,-1.2710323386761242,1.013405345214811,-0.5494731898023137
-0.08418760898352051,1.035543393047049,-0.9648482108814583,0.5519972039770398,0.8126592934623184,-0.6840213752922945,0.33696981335900283,-1.0624335241931533,-0.33102003972226607,1.0937275921137883,0.42671703657820653,-0.8729828495122227,0.12962656029941907
0.5750375520609429,-0.1205767589793501,1.240083421205815,0.9509228785409202,-0.522719347012191,0.5439830802477386,0.19358722827616962,0.7593566466457583,0.7798741093842301,-0.27512180727986363,-0.42215765104895886,0.25885006732399785,0.8087263104011517
1.92515515926044,0.2597871631354914,0.8078394903161844,-3.103367170017116,-1.270188195027233,-0.758848500730658,-2.674579320234827,0.3252373726406687,-2.450349359079816,-2.7142159732010933,1.275591724205372,1.390682984160218,1.487826060502884
-1.4515807340957008,-0.16030766408572605,-0.22160624114609678,0.5955138283170287,0.9834576252308337,0.8711750907412021,1.094701118601955,-0.04462651756972778,0.5485080391907367,0.5703803559433033,-1.4832510105829155,-1.5017789144212341,-1.0927529898836998
0.13327434267124255,0.6525257832918726,-0.22384618505470252,0.3735206510861906,0.37096339922743604,-0.2684011285958177,0.12579646107445,-0.4529540171527744,-0.18982464122065404,0.4208850816223574,0.21449836467141517,-0.3699459975850135,-0.4136532397819674
0.3495052569259778,-1.1762441553220178,0.9742424210065792,0.2016812042783335,-1.1153580567651773,0.5007848144878657,-0.08120767551014228,1.1381911535473175,0.9811256745422301,-0.5875147360074651,-0.6343763229557502,0.761886919251207,0.2654465103197657
0.18552898358454223,1.3391606482564666,-2.2358175080616984,0.25575182027183513,0.8279565454669289,-1.8583274641355922,0.03547727995860871,-1.9308651946633708,-0.7625857431419878,1.8376183264047221,1.0633730522985807,-1.1245012754758272,0.9445462604214984
-0.8700026845620515,-0.9358548179126808,1.8582577303144105,1.8134558050312564,-0.017885315520097457,2.058425820301991,1.425895176906572,1.5160793530750687,1.9876835829565174,-0.14772475978819047,-1.0588136667693329,0.007331641360392907,1.6236460105232304
0.4394303262206394,-0.26384185460297066,0.03989753199882632,-0.9243019563264845,-0.5236221302132429,-0.2847049368335768,-0.7246153784985139,0.1546195552273933,-0.48791641394604235,-0.6590690677112944,0.6389357084849978,1.1391645581966132,-1.6088687999610165
-0.5391726630692468,0.3544930084759241,-0.272865810245874,0.5297349977820749,0.6647227625741542,0.17655982595147207,0.5696782819069328,-0.3313298248132487,0.13552677010625416,0.5637271782137352,-0.20993897914216753,-0.7472236365304203,-0.929769049859284
0.7406974149962007,0.5235625144947219,-0.6025734181540706,-1.2243087319927992,-0.18234899706955668,-0.9967218370301447,-1.045048654259354,-0.6018388609058873,-1.2651903340353678,-0.3853482553687892,1.4878103961121634,0.3846092803057999,-0.2506692997575514
-0.07271237625506075,-2.0994795522664287,1.1920619602429794,-0.023552786990692895,-1.4632583120928977,0.9719829193852882,0.026622282048144527,1.7233189534599798,1.4711429999937722,-0.9029431015824058,-1.589360346536311,1.51644219714202,0.42843045034418165
-0.9535092940576887,1.2169244828085306,-1.2658502822216517,1.205153239603931,1.6022353587692129,-0.2921403692301658,1.1492736930356215,-1.322928316068628,0.017353715115954314,1.762429500034263,0.1083890287180195,-1.3760197014394318,1.1075302004459138
-0.5464829045893048,-0.2525901434384048,0.12990379568038,0.388926682577531,0.23122109006398373,0.49257984300943797,0.4991882084745011,0.19971669068809297,0.4630710920929017,0.16818220011071694,-0.7404856589091459,-0.24418678460321125,-1.47304884994067
0.66776309434228,0.06115631454762093,-0.08022736113850079,-1.1561945136491598,-0.4615192763370512,-0.5413233772175252,-0.969860554711272,-0.07584702236315134,-0.8876466511889282,-0.7275976166892987,0.9572637163451849,0.887646132233009,-0.7939490998389375
-1.5987353595335783,-0.05389002213842643,0.04225747612392051,0.8962406151916309,1.171869354358655,1.1804185698187706,1.3327066709192164,0.05080638356879303,0.6926683773441835,0.578837160556121,-1.1649230027227284,-0.998742062494025,-0.11484934973720504
1.1292262681337717,1.0048820016987121,0.1446483808106057,-0.15161374174416195,-0.1285241796667544,-0.6991201089636356,-0.6868886218100666,-0.4217114390186338,-0.8230843767835379,-0.21085809965062477,0.5328263725316021,0.13309085434219498,0.5642504003645282
1.1837308069300645,-1.6910340727771167,1.7770016696422517,-0.5806374630123545,-2.1194721056499386,0.5212502107663384,-0.9429168005294775,1.8484713157781245,0.7747898494424345,-1.7174794102301407,-0.3160483150955632,1.2649237711784154,1.2433501504662605
0.1443521660740935,0.5524559729462126,-1.037385478995828,-0.40424944357639464,0.2902035491819651,-0.9040704635236498,-0.291212069276335,-0.8613901305965169,-0.6868381743466121,0.4965589739199326,1.3817010601587676,-0.621464423548618,-1.3372288999203235
-0.4697670458679103,-1.1784655648565534,0.5717656250134643,0.3332216734838656,-0.4964681803500633,0.7784362924864555,0.4285265409615619,0.912447880125699,1.0787557523817848,-0.1984983656007485,-1.3771416746295198,0.510368493287602,-0.658129149818591
0.8082314908404912,-0.7314196617129467,0.5307037233834685,-1.2924029841417153,-1.1410919054326172,-0.1707865420197309,-1.1173245229196593,0.6654238996553576,-0.4252456496531851,-1.2748845190904337,0.32060770062481087,1.6422014101238223,0.02097060028314179
-1.752034336554317,0.6309761477795827,-0.6269748300908321,1.1495412112761583,1.7832645701414978,0.7741090192971999,1.5489487019618537,-0.6693851775945306,0.39212856357880965,1.2492322606589807,-0.5282669870023545,-1.5856183897424359,0.7000703503848744
1.1556050934977655,1.7005614534953015,-1.8850302980264435,-0.2782100166059434,0.35460764472933387,-2.284131641196724,-0.7679694752978706,-1.9141328610638562,-1.408703374849045,1.2130387128433595,1.1694823882519763,-0.453785472906215,1.3791701004866066
-0.1738208527392842,-0.9472533338447251,0.47210692745357036,0.09040751645862204,-0.5533993772332071,0.48906618404835617,0.1411789492891678,0.7404848217854344,0.7375359827930091,-0.2896908013057852,-0.9527043308159371,0.678047443930005,-1.2014089498999772
-0.23308461410678893,0.7902243666599732,-1.2596055196701936,0.2151333439100646,0.7480171720738682,-0.8045514415571661,0.2389411101951454,-1.1057181096323208,-0.40310031071263475,1.083649092791509,0.7450450444383936,-1.2083407507970287,-0.5223091997982444
0.3410587308428475,0.5317828865809634,0.46916433723330037,0.6912767929021332,0.1262722782645019,0.11713753198603288,0.18208504379494117,-0.0018714058676778786,0.12780748432772163,0.12164842844902898,-0.10382964318877184,-0.0765078339608082,0.1567905503034884
1.3240352819604435,0.43215933554241054,-0.21852584168693837,-2.27637772806574,-0.6902566673751827,-1.1192037457481387,-1.9145145873846883,-0.3395962438243014,-1.9686500615162812,-1.3874686008373158,1.593919732065559,1.0553250828754115,0.835890300405221
-2.6739031667931257,-0.5294213471773309,0.7650090029620881,1.780145989274232,1.6422736929962982,2.510001495673584,2.37756892468936,0.6963296474475994,1.6752348789797922,0.6429809158428272,-1.642415014513009,-0.8310631118516218,1.5149900505069533
0.27352348266311377,-0.012078715924021665,0.18375711157359967,-0.09278373430130836,-0.2158950980695549,-0.05459187092119662,-0.1960073642760068,0.10962355137226164,-0.05919109763952723,-0.1998962460864964,0.05533436074132166,0.3007698049845984,-1.0655889998796304
0.21098877592290938,-1.4575396715573072,0.6974403098408811,-0.326819069549515,-1.2138800724087941,0.38665603259397086,-0.28609507147622815,1.1230439381374941,0.7946101076700957,-0.741443053883549,-0.7935403268858437,1.4326027218208186,-0.38648924977789806
-0.26397247553259956,0.9984753172146751,-1.7649264037806638,0.30414423511008565,0.9220164901910259,-1.1722742917508624,0.3025806744201829,-1.4948334089671411,-0.48573272878683105,1.520222765920557,0.9042090483684871,-1.4598591767606333,0.29261050032383545
-1.5028144167153827,-0.5073833495066008,0.8893114059538352,1.3524790451894437,0.7712580417851048,1.7651275024508395,1.522290834635803,0.7553560312852697,1.347315058786362,0.2592875085068489,-1.2179776706994263,-0.32802625992441276,0.9717102504255677
2.316483328742737,0.5477327272536009,1.46633148440469,-1.8241617820055083,-1.3583301714324252,-0.5317192708358316,-2.2087814437966027,0.5521934822183484,-1.7203578195264349,-2.3330908840441724,0.47977170455490437,0.8038066569118075,1.6508100005272999
-0.7814013670767099,0.19510492092257903,-0.41357757978461046,0.42911152392984475,0.7329123901045318,0.2418967950512193,0.6466533567428032,-0.330820754642609,0.17503991564420868,0.5999005154647813,-0.369102983072261,-1.0825815378152264,-1.581704809956947
0.4799240742232586,0.5043883231405345,-0.697952045176804,-0.7709700754092519,0.0012875791191438385,-0.8830922873614444,-0.6653368045777155,-0.645996566750724,-0.9205543422582445,-0.0056937700725487,1.32864639218207,0.04925137902099382,-0.9026050598552147
-0.1765159293779798,-1.704512054909074,0.7882914425585947,0.04921227458318757,-1.0990023760628638,0.7349648456827829,0.12085514524099077,1.2979352639006607,1.2442821013164922,-0.5529861282562217,-1.4301963426062176,1.1810842958572139,-0.22350530975348212
0.04032241261172371,1.1861040142704624,-0.6293089545994942,0.802992808523433,0.8272428948683279,-0.5145158521653288,0.4027203292043411,-0.9487074518396963,-0.2544684917455795,1.0149936681724276,0.26755303264811303,-0.7053038988698195,0.455594440348251
0.6094608787623091,-0.8420332762334809,1.6207242307879204,0.9728698977941963,-1.070542995591444,0.8129661678994582,0.18668989583877968,1.3352081775944733,1.3073483018566883,-0.5433777634145526,-0.5813216549790524,0.42652901796640064,1.1346941904499832
0.5039577634578274,-0.2687247866741322,-0.0716308990641079,-1.2756561911257853,-0.5760249020092606,-0.41708630043929706,-0.9449803074822071,0.09420199733060033,-0.7410255972427794,-0.8153385050281576,1.1164277202752786,1.5583619348026208,-1.4458848599366005
-1.3954472385071135,0.053862147401028605,-0.25577476894014456,0.6898853828598929,1.0958296191556052,0.8045100272828856,1.114415202298619,-0.1711412888748728,0.4655942190696005,0.6600624841753712,-1.005758998792635,-1.3340999637788309,-0.7667851098348681
0.5832915144225144,0.8728444980317749,-0.49757396247155883,-0.09198626777548095,0.18946457605364425,-0.8026959797759551,-0.36203155248091967,-0.7175755385101976,-0.6859396728727157,0.3075634955887526,0.6919903764616957,-0.2022670469426105,-0.08768535973313593
0.9333022539916539,-0.7774456595308452,1.038283368227374,-0.34467157601238024,-1.2691030563143917,0.1310604516672161,-0.68364625995684,0.9745704973488521,0.2994481603100293,-1.0071898000277872,-0.1568843111654697,0.9295658698936096,0.5914143903685976
0.6149516182241772,1.4366358120194096,-2.478363049405834,-0.23998137451360085,0.5732159181180023,-2.3537766567686065,-0.45725957203115397,-2.1163911286233,-1.193688002261942,1.6805148856642784,1.5408650640888613,-0.9568223248334242,1.2705141404703302
-0.7052105385396942,-0.8947515184584098,0.350755625250973,0.34428282813048416,-0.11296915475298047,0.7769447769393585,0.5608817573835152,0.6457924718444761,0.8857052579594966,-0.026532976537785694,-1.5363056785596134,0.17501059200279592,-1.3100649099162542
0.5878625167055589,-0.6123797176907209,0.4210029719721656,-0.8695623153942889,-0.8881010967199914,-0.09721609713727444,-0.7754412596767829,0.5439762457392799,-0.20086170201424552,-0.9053412334225045,0.16144369669471734,1.3068435088390162,-0.6309651598145217
-0.958728334415597,0.19437221304059624,0.2580065088093524,0.9877983147793733,0.8666855179650479,0.8873940977084653,1.0372046261805667,0.04808406074858077,0.5835313252388291,0.4806622366141519,-0.6874309909324481,-0.5795446858880172,0.048134590287211114
1.3163288138802802,0.7181597209760152,-0.08398422324206974,-1.556044578859829,-0.47758651309126493,-1.009860373603473,-1.5296733354084744,-0.4069902371282365,-1.6453869713699887,-0.9970723799234172,1.0103183843218828,0.552288230948203,0.7272343403889437
0.5599398263562491,-2.8795563135172952,2.455653771657766,-0.28045308922565787,-2.506559321257438,1.4927402758682544,-0.44908998524026905,2.826202038098488,1.8365499265519245,-2.017998407730773,-1.1118683347460305,1.6841211477844233,1.4063340904906756
-0.5563701275153404,0.5579742167351718,-1.1478136578475078,0.2287673815055225,0.8249038717896888,-0.48619126057174594,0.41985569582807425,-0.9263964149928617,-0.22849982254639845,1.0097587220714954,0.5858810405083,-1.692746608208415,-1.1742449598959077
-0.43910308732878756,0.39729134316007364,-0.05067386445433576,0.6683623398147531,0.619884019452077,0.2761551218956014,0.5891739245269876,-0.22752479707935766,0.20641697541023454,0.4928097978827097,-0.26299364711886536,-0.5609136913721947,-0.49514520979417537
0.9524179878131408,0.5370372583565354,-0.462194747285239,-1.5253110280329154,-0.33295603205212326,-1.0404124845846834,-1.3178926179466384,-0.5294626444312077,-1.494544769067358,-0.694752798612581,1.4347557281354655,0.5709192254640253,0.18395454030755773
-2.3457696671206416,0.04311750179132598,0.025414845618905654,1.303004141230266,1.8078096440268945,1.7037568718495804,1.9490827469630714,-0.007268078000238472,0.9209312546022614,0.8683457227669686,-1.324087006652822,-1.3154689692630086,0.8630542904092904
1.7497044672003226,2.2410845789601366,0.389984559310461,1.198419771691675,0.2955541380496943,-0.9552948008341328,-0.30678536079151353,-0.9025150405050899,-0.7136006207190319,0.5258877947561955,0.3736623686015087,-0.18363605242678796,1.5421540405110226
0.18986540294745252,-0.8322656527466743,0.48842853102678246,-0.222587892211751,-0.7456879832582336,0.24055089027414825,-0.21965818429109546,0.6920989386131713,0.42746023544135603,-0.5149621906466416,-0.4752123190256567,0.948196864409432,-1.0384250098755612
0.11656683568868006,0.8455540970669413,-1.4194547316798682,-0.13955306737325268,0.523213967101016,-1.1789214732135884,-0.136388736538688,-1.223525990861233,-0.7013281202788836,0.9610617917318952,1.2225370562286741,-0.9381913303176015,-0.35932525977382873
-0.30092088499989966,-0.7797059395503102,0.8902954116774774,0.804348051680757,-0.3359678891194826,0.9029863721510419,0.5867946385067434,0.8922891371667966,1.1401034795538088,-0.11468343710120298,-0.8996496628392393,0.19364158651861865,0.3197744903279048
1.4805318026376426,-0.13031040142932576,0.6541982310265673,-2.2540258470604293,-1.2155573831744673,-0.5581783575383091,-1.9867907481498692,0.4339974743155132,-1.5535875431109194,-2.0215634472304904,0.7980997124150914,1.3254745033548387,0.998874240429637
-1.5949845438556451,1.3234101736590869,-1.3942277791631776,1.7201124927641493,2.1650823976459277,0.0693529205406747,1.766112492982072,-1.4486159652736925,0.31790560348336694,2.208594767380256,-0.050774975212074004,-1.5669873952266133,1.677973990531369
0.1792477855105762,0.4430649804422376,-0.9633916239412308,-0.5848854600604352,0.18466368177529943,-0.8720311343437174,-0.4054295238988263,-0.7649008133045216,-0.7411963333787115,0.31850636803140736,1.6469744000422568,-0.43515447839039245,-1.6849279719724106
-0.5123685332421182,-1.2652311500737814,0.4894356414993429,0.2065770414958489,-0.526951138766394,0.7454973521920102,0.3844848759703346,0.9094946335302436,1.0477845505348442,-0.2234802130190165,-1.668942348501358,0.6966784384458277,-1.005828221870678
-0.6976112716976558,0.6925789898355676,-0.7470606032417748,0.6483685039904077,1.0292216129378537,-0.07557139394725297,0.7175095941063707,-0.7679219844038438,-0.017515564050591844,0.9973136741719915,0.028807026752972753,-1.189709756281206,-0.3267284717689457
-0.5045038757187783,-0.35210044313639965,0.7892907916874008,0.9826895602535861,0.12746207279445584,0.9712151257837932,0.7904391266995191,0.6212141946754928,0.9672006685624611,0.08190303250205455,-0.8200676608741926,-0.05787683944498568,0.35237127833278736
1.5515065201347311,0.20182711175160856,0.45535070234857367,-2.296873269528203,-1.0291123477230073,-0.7625627949913594,-2.047572253792523,0.15558357552920163,-1.8203317830159746,-1.9027951122411966,0.8776817143801382,1.073956077391234,1.0314710284345197
-1.0736957208071192,-0.28280661763168663,-0.02975842300845122,0.5023579771962895,0.6086665704138425,0.7478994600971874,0.8424211817406321,0.12485553334565005,0.5673232195017446,0.3642111626251192,-1.2445050046877753,-0.8124321173357992,-1.5491080219520639
0.4921694561850327,0.22840720162465475,0.00533287745436121,-0.380309480916943,-0.2075743739808803,-0.3492386589938094,-0.4654500716386871,-0.1113798826787874,-0.43963499087575625,-0.262931844881545,0.4532443705665554,0.3194007995004207,-0.8700082718503314
0.46913973448691326,-1.2331392722711672,0.7003933990903685,-0.5773267260861997,-1.24711237122177,0.2035949194426386,-0.5572004546715302,1.0123292861756787,0.4526012601992863,-0.9142183580081349,-0.3956303170606099,1.451233716336641,-0.1909085217485991
-0.05064407165321708,1.0325148598191367,-2.011404896171064,0.07610495272539387,0.7850640419646213,-1.5156130791852682,0.06743417514354806,-1.6508077475199907,-0.6763856955352467,1.5483262928555248,1.302119058193721,-1.4412281822448108,0.4881912283531344
-1.6976256736058748,-0.7910098876013133,1.0253231667718694,1.407492165102869,0.7136865050488538,2.009937242264989,1.6560422714541916,0.9740584208215708,1.5885531871623746,0.1955535637198741,-1.4567236765945666,-0.30939526540859025,1.1672909784548662
0.38195611831401965,-0.2729280720484375,0.17610102901090813,-0.567239806880304,-0.48666368889618394,-0.1383484947964634,-0.5050236485457509,0.2359409110097016,-0.22073624864048672,-0.5172714210701558,0.2410256986597641,0.8224376514276299,-1.4132880719317176
-1.0695473054394142,0.23301125005199663,-0.2597524114870954,0.6914632012944854,0.978560519254129,0.5674608266617024,0.9401353845060592,-0.2631007065690519,0.3397458057595244,0.6640962715183372,-0.6078489889674012,-1.0639505432994039,-0.7341883218299851
0.7587870041116274,0.7607712559672953,-0.6007842912539704,-0.7403267076284171,-0.024501906199886705,-1.008328804994682,-0.7989812165392518,-0.7196239651112641,-1.079929942894703,-0.0571215039032395,1.0899003862869296,0.06788237353681621,-0.05508857172825248
0.2308015735661639,-2.1089896604525853,1.267814463251896,0.028592666483285265,-1.7000098420436855,0.8125244629715703,-0.10890372197931543,1.7707794343987338,1.5159631840820795,-0.9237962722954223,-1.032286332780984,1.1997152903730366,0.6240111783734797
0.6739772257839026,1.8082640892836659,-1.6356506588128825,0.7212239438952128,0.797270353970544,-1.7459285635256727,0.01902734975647055,-1.8275074215594296,-0.7552343779842777,1.7080424817327025,0.6654630424733468,-0.686672904353997,1.3031109284752123
0.15360445858761715,-0.28860023007670693,0.2765097255055967,-0.07977411015514628,-0.32504983845611374,0.10307075605077802,-0.1246963859639797,0.3003847763991873,0.1463378353598165,-0.2600464192779676,-0.1834116451538186,0.44516001248222326,-1.2774681219113708
0.7071477032916317,-0.12771454976104427,-0.1549786059335482,-1.6227159796647292,-0.6279382767507607,-0.6272766446663651,-1.2375822220375643,-0.023394450143579146,-1.094423956543635,-0.9896504487286405,1.5143377301005123,1.5769929293184435,-0.5983683718096388
-1.8798250201243596,-0.08093888025526673,-0.19102179607217623,0.9023471640531626,1.36519810022686,1.202231949291149,1.486970108830745,-0.0671353059924193,0.7163027917098881,0.7565572639209235,-1.5628330125479621,-1.6508268705478144,0.08073137829209391
0.2748126688542,1.3486120075160575,-0.13422080936362424,1.0894365462013964,0.7671704682988746,-0.30086494031498695,0.4281104272734403,-0.7510349797049757,-0.16050112979729164,0.8416915684871867,0.13491636270636842,-0.518993953711594,0.7598311283938267
0.6656061600310201,-1.8390741309552956,2.0685059867482507,0.8916015747136615,-1.8341189652898975,1.1181590150682292,0.1135709191250186,2.086915600269531,1.9548156529494198,-0.9318696375090414,-0.7139583249207969,0.6128389631246259,1.438930878495559
-0.21613031264068028,0.6298314527246575,-1.2141700421823465,0.009689447232302115,0.6191813799166775,-0.7816663904203426,0.12125283465671097,-0.999784066178253,-0.43941825076658786,0.9099517584265313,0.9837910503335339,-1.2735492316024075,-1.1416481718910245
-0.8030110798858084,-0.5702381317729162,0.452008161498134,0.6664503993665334,0.19578833260242823,0.925285848407292,0.7836997817396534,0.5403478971945069,0.8909121282579976,0.11750774835282862,-1.1383956687343795,-0.14171631476618718,-0.46254842178929234
1.0257756390170736,-0.05352314671029293,0.41044910421467473,-1.2793395693994574,-0.8156044178176494,-0.41975937936762214,-1.2273120208057766,0.25815359338361704,-0.8962739183769758,-1.1765186812084294,0.5593537065199511,0.9901166020700329,0.21655132831244076
-1.0453247640201961,1.0314865745088209,-0.16207898106205354,1.398008352975509,1.5376667115871916,0.6254337429526363,1.3005333889057338,-0.6079215942283249,0.2896418268143643,1.0725341097146392,-0.28952098110721425,-0.8962715926570006,0.8956510784141734
1.8552714484414383,1.4598228541313065,-0.884237225006743,-1.849037016588238,-0.349402643568034,-2.014259126716463,-1.974108156130071,-1.2294752939720364,-2.3851123653212594,-0.6011839651018009,1.4082283941471165,0.2355613241792196,1.5747508285159055
-0.18816554383826392,-1.2442799494398622,0.40877612708327976,-0.17343456701364074,-0.7573426263164176,0.4504997701444228,0.009444567477414055,0.8535386487506011,0.7554347090399689,-0.4222300798645101,-1.3506143406411708,1.36739424101544,-1.6577639819683412
-0.6159793647992798,0.5758591707696192,-1.0231138386339018,0.3497294254554902,0.8829846926160045,-0.3471780560017654,0.5158143069433376,-0.8650661939316175,-0.15284807064017378,0.9993475688438311,0.34713503461315975,-1.525067657566012,-0.9786642318666086
-0.510592268725244,0.1845652150307181,0.24773964753796635,0.7786479602172316,0.5201861001660573,0.5577326958517606,0.6858733554018991,0.04720847201898059,0.43775494322198466,0.3458841274637747,-0.5017396530140056,-0.3932347407297917,-0.2995644817648764
1.1006984106906261,0.45605013925944243,-0.18005735238784903,-1.6941095390238152,-0.5038292367323314,-0.9291770988524622,-1.486778203459089,-0.3298779628812492,-1.560394571114056,-1.0196056418600161,1.1960097222403252,0.7385981761064287,0.3795352683368567
-2.3743286670647112,0.39773131443934967,0.03779866556665877,1.5020093906792376,2.085893733359494,1.7338160169033616,2.069603636479109,-0.17787765718224946,0.8148623401675075,0.9946406883647326,-0.9261769968275883,-1.1477900186206054,1.0586350184385889
0.26473218440830404,0.32659427046528955,-0.4228865329946607,-0.391172009023497,0.03568913415493524,-0.5163582478888025,-0.34898358382778377,-0.4019172765487462,-0.5171729707958236,0.04827080001076773,0.7715723784267424,-0.0159571017843849,-1.5219440319479947
0.44176839176273863,-0.6668195579288471,0.4469757926897988,-0.5656296659178908,-0.8168235642683376,0.02771257102852106,-0.536311221641753,0.5858791428058115,0.05967314249851622,-0.7177083978679093,-0.07730230920042293,1.115875815051835,-0.8428442818462621
0.2979004167115295,0.8393182243314646,-1.4912511941944,-0.4469599774885822,0.38136670158048736,-1.3645072428460798,-0.39628993127142487,-1.260871104636505,-0.9213863679315694,0.8051564480736463,1.6204470660539079,-0.7705123796751985,-0.16374453174452977
-0.7667778247411615,-1.5354034120844118,0.9772602993037073,0.706304110336568,-0.5296545744433039,1.3045496570267037,0.7852937260138955,1.319758235646748,1.6042299708004943,-0.24614719160760018,-1.61588768052466,0.3613205371610217,0.5153552183572038
1.3930060636614563,-1.1190642065602916,1.5443061412750851,-1.377516010654031,-1.8643273737382458,0.19145613351322197,-1.4765204083934769,1.4308715745133886,-0.21259296673400277,-2.0869702576053157,0.08186169472967059,1.493153453997242,1.1944549684589354
-1.136220364943125,0.09505679418962619,-0.3939709710323505,0.5295514400058596,0.9292893371525179,0.5117675608717933,0.8903890526172378,-0.2696656524926854,0.3193096556989051,0.6537055660880053,-0.7670129928974948,-1.39930844458421,-1.3861240819276481
0.38136762764178034,0.6628672004908569,-0.7164140104817404,-0.3148260149388262,0.19054258050774475,-0.8265786162300793,-0.3713052372545984,-0.7357684651876386,-0.6998097859660565,0.31864427964201225,0.9307363823568361,-0.2674755277479895,-0.7070243318259158
-0.13443658547275944,-1.5898005894175007,0.8449238831737177,0.22867308079868204,-1.0479136951023533,0.748450779985426,0.19309103473945397,1.272408882434977,1.2940103455874126,-0.4729209500039798,-1.1914503367110774,0.8643573890882308,-0.027924581724183162
-0.10686398709467736,1.268990889391185,-1.3981855740106075,0.6901386687943278,0.9986614039160742,-1.0020981472632386,0.42216295686412325,-1.4235937320140046,-0.3956377348606282,1.5101993304486916,0.5062990385432533,-1.0220308056388028,0.6511751683775495
0.9452847947865062,0.6081399147888875,1.6974390810733744,1.609202397837032,-0.2761325885866356,0.6310532809035397,0.34254934086017697,0.6522053405525623,0.7439775384528645,-0.16715644532089066,-0.3425756490839121,0.10980211119741677,1.3302749184792817
0.5531994339307923,-0.06586221884118261,-0.20508257169613822,-1.322581231979676,-0.46661053094303845,-0.5554089151919117,-0.9962391812069213,-0.08261100613776633,-0.9191031509533776,-0.7480018742586725,1.3551737261704186,1.241635028033637,-1.2503041319073016
-1.2914237545800629,-0.40648117855015253,0.1994636991321092,0.7138641819285777,0.684127773462946,1.0810821814225975,1.071193875108209,0.3159923244283189,0.8094463344061577,0.3376886688191222,-1.4036690086178687,-0.6447531666933963,-0.5712043818055694
0.9111925790990879,0.278025154710717,0.4740466314907393,-0.3527079058323818,-0.48904866909817546,-0.28842338558651315,-0.6760134597328321,0.12796173294949,-0.4546540503865045,-0.5928645427830093,0.2940803666364619,0.48707975014282384,0.10789536829616324
0.7171575624045443,-1.859319366454355,1.3738177224780117,-0.6219894008404032,-1.88780392212585,0.5451355030701818,-0.7140707620692301,1.7054938348289252,0.8638923931036957,-1.445664539014307,-0.5547943209907035,1.6189126669790441,0.786995118397896
-0.1016473147163252,1.492178797582021,-2.767312302269415,0.48682622636576434,1.1561183524291374,-2.0622432738327476,0.3119080720282391,-2.3070729504847205,-0.7023234941118534,2.3904009435074367,1.1429550542636273,-1.6089071328872138,1.4660948684996282
-0.8582068439947341,-0.26115107203550214,0.13687263940501657,0.5620266686836423,0.4611218143758674,0.7217593488837243,0.7581691975303108,0.2079319659461823,0.5955434828671341,0.280866288006647,-0.979231664804286,-0.4770742160509932,-1.1144841818869553
0.7640735529088529,0.20130794366773136,0.052654879945114176,-0.9269668586484673,-0.4331057399621262,-0.5079393900375774,-0.9004622417165505,-0.07113563022707398,-0.8196117574614628,-0.6703752664190571,0.7185177104500446,0.6547587007852269,-0.435384431785223
-0.9731517373836286,0.807502165488909,-0.6931682672156704,0.908625505982947,1.321020713731325,0.16383569647243512,1.0031113562384077,-0.7950988477232112,0.09106271090268848,1.1344340693897619,-0.13035697717712075,-1.2316294939418069,0.24371531831651005
1.0782369678649164,1.1568437102516358,-1.2750310477665072,-1.0864572560892276,0.019991482248760906,-1.7579178999425997,-1.1535612692474537,-1.298014747226549,-1.6134658952209768,0.208833746526996,1.56739239807721,-0.09979657710558643,0.9228150684182427
-0.0664860925548695,-3.1785314991084834,2.519281073875392,0.6063789911902256,-2.2483367247337314,1.9915772137965488,0.3561994723418702,3.0117915450999795,2.696091195965864,-1.4614671522018405,-1.5097783445712645,1.0320363397306336,1.6019148185199745
-0.3662624594819471,0.36188498775211597,-0.568146609596332,0.2206487588925166,0.5391107195376392,-0.1754158890430156,0.31341563080054935,-0.5014665147097489,-0.09541870071881085,0.5729527763115871,0.18797103068306625,-0.8543518549964,-1.630599991964272
-0.16053253328235773,-0.5114542493871329,0.43733008805748014,0.28457065508419455,-0.24829678491330284,0.45269248233539633,0.23665520460699488,0.5026357906761286,0.5703781445766998,-0.13160500041320838,-0.6609036569440991,0.2774810618398202,-0.9515002418625392
0.8184585703584462,-0.17140493587065977,0.06269046569484217,-1.6145532804859146,-0.743838927970113,-0.5392418314029005,-1.2930781352574026,0.12117459788849046,-1.0574907261449225,-1.1460400571196057,1.0368457183102318,1.4093139786760405,-0.27240049176080683
-1.9817319238190334,0.20145123358936956,-0.23499713152699298,1.065632811687937,1.6466023891474375,1.2414653095863342,1.6280245297429474,-0.23334223395871515,0.6353503182825279,0.9004614224695324,-1.0853410007576818,-1.4831479199054116,0.406699258340926
1.0430677924210041,1.6872414402559026,-0.6854469160872754,0.494534916739211,0.4302076464894081,-1.2777529586642742,-0.2991002075478493,-1.2313179416594708,-0.8349762050253273,0.8467226076336001,0.612408374496649,-0.351315003069191,1.0857990084426583
0.17756831569727397,-0.5309695098018461,0.310331842236786,-0.2735153199989668,-0.5184792243634315,0.11196257804554889,-0.23996612061430797,0.44082651650632904,0.17667945809872435,-0.41713459357024335,-0.23646631313051644,0.7805179137670294,-1.4947800419439252
0.013507116860128811,0.6975107265569443,-1.3918621398602007,-0.23867694202829973,0.4942049000292853,-1.083639596024704,-0.13339988570480324,-1.1338336972286573,-0.6687623000171863,0.8730362243481433,1.4612830621238144,-1.1058702809600045,-0.815680291842193
-0.802920873965404,-0.8598616567112193,0.6033201882427455,0.692417422591616,-0.013733683921089722,1.0419714145385914,0.7973750393339315,0.7706775463639207,1.115191138612007,0.022611903363436554,-1.2975596726644731,0.025962635876215633,-0.13658054174046044
1.1474732337670324,-0.32435785778245096,0.6623558222277875,-1.3548604692400608,-1.1036408959163664,-0.3127644165983159,-1.3326162507477328,0.5357739752517873,-0.7594243990411912,-1.4153640931834954,0.4001897025898576,1.1577955527124355,0.5425192083612727
-1.2413760037720427,1.033508071649555,0.3321258910574298,1.7558720872385776,1.6876129575182388,1.1475107278725876,1.5950094619415154,-0.3303757426014559,0.549532966552088,0.9485211916338883,-0.4486849850373078,-0.7285926420145977,1.2216189584630048
0.4609595239190874,0.26634561314004596,-0.45443334011115166,-0.8902526628097154,-0.1564999581702612,-0.6815809087263606,-0.7181882674913364,-0.3895262343007171,-0.8389076642558589,-0.268097067382957,1.249064390217023,0.4032402748216222,-1.358960091923579
0.14289615083514573,-1.4057787000434752,0.6071541996790862,-0.3524955321682307,-1.1248752478482698,0.365879633456958,-0.2630774657525204,1.0462324735780464,0.7391664163432636,-0.6917532129701986,-0.8731223288508904,1.5350731916578426,-0.6798603418218465
-0.25399859489637683,0.9330509505576563,-1.5629711325720013,0.28590190824108286,0.8671480801044443,-1.0236090695042452,0.28758029456212386,-1.3482371098905028,-0.45267390517843437,1.357544398409308,0.8246270464034403,-1.357388706923609,-0.0007605917201138394
0.5139639393602505,1.0674163740182252,0.5059472033340293,1.0776194458281938,0.38268456285850433,0.021381271857725048,0.29336341271052546,-0.24938268089594867,0.030212019414894004,0.3573539320891817,-0.024247641223725087,-0.2255557900873887,0.6783391583816188
1.7112336781592243,0.7514144531955156,-0.23420681431905999,-2.6548731391726865,-0.7526280076492453,-1.4092923570905673,-2.322602491171755,-0.5083169766918997,-2.4713633530851107,-1.6335306891977959,1.6735017340306058,0.9062771267488314,1.357438908483351
-1.3198908126057278,-0.3994880596835731,-0.004756640124684602,0.5564291316999128,0.710745386757337,0.9439464538453658,1.0032845280417626,0.19738154412031042,0.689524445480987,0.38242827227946735,-1.6822060154955323,-0.9801110679782024,-1.2231401419032324
0.34131412252330134,0.1826304122025635,0.2793051953567784,0.14738169094578868,-0.12642576349933973,-0.029538593018774765,-0.10550400434927579,0.06596931422428261,-0.02184543065152756,-0.10744907602004602,0.015543359758798291,0.1517218488580177,-0.5440403918015001
0.2748017294778863,-1.6837745467539713,0.9328931723111956,-0.18298924268034233,-1.425821880986569,0.5225137434079534,-0.24436834802715476,1.369054630218538,1.0600196751123065,-0.8186841528732213,-0.8333313278683671,1.283554765694238,0.13505935830023255
0.6203535849108625,1.419987537506144,-1.4590854239712696,0.19042469614494523,0.5570846883721138,-1.571194063683258,-0.23268998870822888,-1.5335386312128774,-0.8675888078489399,1.2152391570029282,0.8644180473859637,-0.6028334290327955,0.8141591084019654
-0.27307450684185985,-2.3862667204749415,2.0320932811282537,1.1020962916433203,-1.518911501176898,1.7639899592507142,0.7291938529484173,2.340424285383812,2.4964363093110284,-0.7614460751950617,-1.2577686716819496,0.5289994878034248,1.4932588585036977
0.5105401104570734,-0.5846086640428316,0.23229991556666313,-1.0943762003656359,-0.809455206305132,-0.18730316303373556,-0.8527095961712491,0.4237062327316931,-0.38471558002803624,-0.9180269040280865,0.439980703572381,1.660832404639645,-1.0873201918828859
-1.2516232684635316,0.4403550047544415,-0.6973615203957073,0.6909239248500617,1.2664098525576033,0.360529086280133,1.0376840738745923,-0.6135959922474975,0.19236394750401786,0.9893143520462897,-0.4088939840547844,-1.6787733623215484,-0.4082204417811539
0.5190132744265451,1.0395083998722392,-1.421122435660408,-0.3642605609620895,0.35867747189206417,-1.4691449782405863,-0.4713919366105346,-1.3215978205797194,-1.00291327423877,0.8092925060949184,1.2888553911995464,-0.5469404454853279,0.2708793083205794
-0.4805926114086758,-2.013813707610713,1.3868728403921953,0.7420602940740182,-1.0923870706085552,1.4151343058331793,0.6504170326904729,1.7902227219573827,1.9694901859860563,-0.5265553139438031,-1.469987343588741,0.5848924713508921,0.949979058422312
-0.7790252245541686,1.638735417534876,-1.6890076938804315,1.5525496654501534,1.7751361836753572,-0.7439139206735945,1.2391203884221755,-1.7726825404197832,-0.027991656294797402,2.3138152389095326,0.22776203166558964,-1.3014957233761415,1.6290788085240442
-0.4328421692122303,-0.22792905504767869,0.10957884162808607,0.3115934141069979,0.16298716052578774,0.39530892872041345,0.3972552710167459,0.17591033393232317,0.389117232494641,0.13064561464114674,-0.6211126559615757,-0.16966280653992108,-1.6034360019602025
0.6336043716120391,0.03489332999371353,-0.13213316123245133,-1.2215086490407239,-0.4546415184821872,-0.5568489151171423,-0.9860251809324959,-0.0919512514149706,-0.9167231490494817,-0.7334535676225161,1.076636719292755,0.9621701102962988,-0.92433625185847
-1.4405714635739901,-0.01609640740132538,0.04210558633851758,0.8641786064545974,1.0794120454938139,1.0667474842082347,1.230776523417263,0.03179382329721364,0.642463343165879,0.557118184451287,-1.0455499997751583,-0.9242180844307347,-0.24523650175673753
1.084094358046122,0.8799122504138035,0.022630227140249017,-0.45862734675297934,-0.1847196433828941,-0.7608651899040246,-0.8248967140618022,-0.42790234271922545,-0.958683786355584,-0.3291302198192141,0.6521993754791723,0.2076148324054855,0.43386324834499534
1.1755444091235387,-1.4417196549583138,1.545807757609592,-0.8136123900890306,-1.9329694984053458,0.34874152092412214,-1.0616467011678252,1.593303000772542,0.42792219707691026,-1.7041085832666358,-0.19667531214799305,1.3394477492417058,1.112962998446727
-0.21164649740895058,0.5461588905943474,-1.3206652253377364,-0.17418107216166664,0.555274041617444,-0.8670558033555742,0.02166690402586917,-1.01790698798474,-0.5143704055711601,0.8639822232909533,1.5010740631063377,-1.5530141493397462,-1.467616051939856
-1.1447263907137384,-0.6179913421952705,0.26283392672811057,0.6047409529267288,0.4200601900740373,1.0246563146916974,0.9346976485420844,0.45763466734358305,0.8797025320950413,0.21623534381883072,-1.5760966795421367,-0.4211812325035256,-0.7885163018381238
0.763797660586533,-0.161500910217355,0.5686551194952866,-0.4171279693265366,-0.6952775981263433,-0.10960245175788338,-0.6308610905233107,0.40140129124422225,-0.19011133797265986,-0.7071197007475315,0.12165269571219396,0.7106516843326947,-0.10941655173639113
-1.7876648102805162,0.4742183212509599,-0.168363186365049,1.191166445439785,1.6968840432791246,1.1535485357044548,1.590092979736697,-0.3323851348987536,0.5336519072573791,0.9363647579197114,-0.7272219919149714,-1.1757365103943391,0.569683198365342
1.4843662086156966,1.5587477414645257,-0.7376406426504563,-0.5924143883128509,0.00305350619016582,-1.6348554715481178,-1.1106794530746786,-1.1963875743309138,-1.5376128732581078,0.1454188430619548,0.9705273833393594,-0.0439035935581188,1.248782948467074
-0.15148615073652397,-1.1937178359242202,0.47035969509984876,-0.079360224959942,-0.7485565177560515,0.4716828267056087,0.03945471972300334,0.8629288015763272,0.7882869868588547,-0.4039907917715106,-1.151659335728554,1.0879293232781009,-1.3317961019195095
-0.0660068155077474,0.7354863364971461,-0.8475790878965851,0.22796237508712974,0.5818904609621269,-0.6065910080213583,0.15594649657450033,-0.8460670461377806,-0.3549277816013601,0.7858332271596563,0.5460900395257766,-0.7984588714489325,-0.6526963518177772
0.4080788047700252,-0.17728089978312336,0.746396122893255,0.39474946577369346,-0.43727699685059046,0.28292874483376396,-0.0106428883432751,0.5094874562520403,0.41393560963497256,-0.28652897788640486,-0.3027846481013887,0.3333740453872876,0.026403398283955267
1.2516100216381483,0.054109368399161493,0.11903275777866133,-2.275442231810341,-0.908806661794516,-0.8067502889667005,-1.8751043750652108,0.03999488997022553,-1.6999635297422075,-1.6379783640282903,1.3949647271529422,1.465206962223508,0.7055031483856882
-2.824337369872896,0.0053214669691546475,0.0386167140511991,1.6644376355792225,2.1429310451972783,2.057531302841435,2.397248204358389,0.01910130510083917,1.211656200292705,1.1046343170154855,-1.3638780076353454,-1.4272549363579439,1.3846028984874204
0.06869071703253368,0.3957144785259083,-0.3223953771325073,0.056459549810634946,0.23415329467995263,-0.2980724996910033,-0.007069928581343282,-0.37989073779584676,-0.23929727712530208,0.2783101918395115,0.3338713676189853,-0.29542201952172337,-1.1959761518991632
0.25584850340574655,-0.885970438080844,0.6440709107466979,-0.07092543344683686,-0.8345008590284949,0.3132698448691185,-0.17495793896202824,0.8067218734919566,0.5762811501887444,-0.5274900663278237,-0.51500332000818,0.8364108973144967,-0.5168764017974306
0.12037264065922396,1.0110718716344629,-1.6994961064132486,-0.0138141791330509,0.6400328362164752,-1.3977300209550054,-0.07197992930974241,-1.4642619929642249,-0.7268465373968432,1.2550345874603719,1.1827460552461508,-1.0499772974125368,0.16222334830430232
-0.4703920671291556,-0.7438816223385286,1.1414456007937481,1.1457482831045165,-0.18170675330551964,1.2184424523572874,0.8582875611109799,1.0159090279337875,1.3640092557863657,-0.06907187955012523,-0.9394406638217626,0.08185561942368307,0.8413230984060347
2.011689027249637,0.07675806013799184,1.2166936865955886,-2.8231789844835293,-1.468092146173204,-0.505509145250202,-2.572994869303383,0.6473482562430886,-2.115995311237891,-2.827618797472351,0.758308711432568,1.2136885362599033,1.5204228485077669
-0.40083110464594895,0.3654924671579362,-0.3000689230718548,0.43584353276386556,0.5679010519158478,0.05624784193639458,0.44572190479219626,-0.3521713407195342,0.05916642136875972,0.5200330347826685,-0.09056597619459739,-0.6726996584671301,-1.0601562018788167
0.7000415600689015,0.45525838735255253,-0.6096236706918993,-1.2764845411192378,-0.2009543322447446,-0.9729728152983329,-1.0507785342865121,-0.5716061945732865,-1.2548693955755128,-0.4156308748005037,1.6071833990597335,0.4591332583690901,-0.38105645177708436
-0.0866134316105149,-2.0221592832769364,1.1174631946912976,-0.06725906593847954,-1.3968125250155983,0.9244037861205328,0.010992615966096837,1.6425496169111027,1.3844140856614033,-0.8772018352913692,-1.6291513475188346,1.5909661752053104,0.2980432983246487
-1.1495658380333065,1.0201054149518045,-1.301793197433344,1.0947942579183139,1.608385523483975,-0.17911449535249216,1.196294105375556,-1.244621016998473,0.0762928597506977,1.7140246256369491,0.06859802773549613,-1.6368536246609475,0.9771430484263818
-1.8418968829218405,0.5565009533492659,1.19318020281304,2.225899739906219,1.7974642818555724,2.2430331035187945,2.1660958945805655,0.39384085775088096,1.2309181660858464,0.627944619204514,-0.7802766598916693,-0.5050207078247271,1.6562427985281136
0.4345383151417008,0.07407483862654765,-0.22157650699378664,-0.8249670077151393,-0.2755380666225111,-0.48294257379976335,-0.6694876702934144,-0.1619879289018415,-0.6549311973580354,-0.3968897788333765,0.9174727153626616,0.6268122090114927,-1.5762720119561333
-1.4035727570819367,-0.07822856390497447,-0.17208516487108758,0.6589297031721522,1.0064566103726633,0.87491752508603,1.1024209724789653,-0.05781900740442205,0.5366297607036494,0.5767179812688497,-1.204714003705252,-1.2595759857155406,-0.8971722618544007
0.5299599497591664,0.7427900047026338,-0.23241228373040243,0.02937991885706449,0.1358020762662467,-0.5598113489394427,-0.26923249078431205,-0.5029863886186945,-0.5051170492438795,0.19292259157315167,0.49303537154907884,-0.12774306887932035,-0.21807251175266842
0.7123785904422781,-1.1326219608559518,1.0282028481743575,-0.23090494602477915,-1.358641993979403,0.2818947700547835,-0.5048124303678987,1.1467600227430594,0.6343124307657297,-0.922222687277547,-0.35583931607808655,1.0040898479568998,0.46102723834906467
0.5867844986894896,1.433098154149907,-2.330500990901337,-0.11354712979709208,0.5919905817983425,-2.219465671521451,-0.37530345989944924,-2.0312771379927077,-1.0988535605997785,1.6565969943614374,1.3419100591762443,-0.8822983467701337,1.140126988450797
-0.610712735278901,-0.8737110792390667,0.34636590656562083,0.2943911220063639,-0.16932313354546083,0.7057129591249115,0.4837377980111264,0.6327812108184495,0.8343568694633252,-0.057239743909698416,-1.4169326756120433,0.24953457006608645,-1.4404520619357866
0.5784131305534527,-0.5642925514606462,0.3459760140715315,-0.970390198735106,-0.8461680671046753,-0.14832169716594099,-0.8236520225657897,0.4776054236128207,-0.3085791045707267,-0.9181772019423106,0.28081669964228745,1.381367486902307,-0.7613523118340544
-1.4328994342465626,0.4358991526121027,-0.5321239278482301,0.8394780639740976,1.4004814529540557,0.6181715567434816,1.2135997767971858,-0.5182284652507734,0.30400200110490766,0.9675309997521098,-0.5680579879848779,-1.5110944116791454,-0.08225256173232202
0.7585899015116396,1.2038741959075159,-1.2742014205513486,-0.3479846808232607,0.29609630497242834,-1.5277869161285191,-0.5915201967520024,-1.321099878010083,-1.1075486320673122,0.7110646249941077,1.129691387269453,-0.3792614948429249,0.5968471883694113
0.25557792922418376,-2.4026688984984084,1.8534831605206352,0.6840232355298079,-1.931161595145664,1.2466303679138269,0.22418234181524868,2.2479649921139013,2.202772895319885,-0.9132369518403427,-0.9924953317984605,0.7525714219932956,1.2759469384711435
-0.2595313216318263,0.5714095419294412,-1.008102036325599,0.09640209726280724,0.609801905257994,-0.5915072946695801,0.1904013733448622,-0.8543764396214084,-0.33468186512360776,0.8156804698518619,0.7052540434558702,-1.1338167727337383,-1.3046321119154403
0.10830953598483296,0.1504731169259886,0.25308009497478684,0.3322511302674134,0.026790162174034054,0.1175122916693362,0.11739945024584084,0.0672918487221743,0.13594911303667492,0.03794579202496303,-0.14362064417129522,-0.0019838558975180543,-0.6255323618137079
0.9312893605030687,0.1799298384897875,-0.2590197202235845,-1.8209422989942132,-0.5752113124544354,-0.8684760458348838,-1.4627826072240548,-0.2361046875698955,-1.4572676996895317,-1.0472211289812006,1.5541287310830356,1.1298490609387017,0.05356738828802459
-1.9875312886631857,-0.39140228452140535,0.45290298132950196,1.2064229757659612,1.222247187485105,1.7764034648683014,1.7055491102382476,0.4512917168530951,1.158439841934273,0.4845255191464867,-1.5230420115654388,-0.7565391337883317,0.7326671383897575
2.004412471600353,1.1053609184865292,1.4736620148954378,0.40497916007597773,-0.7187027098613198,-0.3020116224526024,-0.862984083476555,0.2770665272731533,-0.48787192822071035,-0.8206559312582727,0.1747073636888918,0.3752937830478886,1.4117668884914896
0.14698655423289814,-1.1607450094221468,0.47188242026219623,-0.4313231119264592,-0.9507665750832808,0.25856903529463054,-0.30693618397346145,0.8472743754743445,0.5078970195023177,-0.644785801385889,-0.6741673239382736,1.5071266998841089,-1.168812161895094
-0.21494809584152846,0.7871326672531719,-1.463066923272146,0.09191447056407469,0.7320451307525027,-0.9745606576367186,0.16407401923628334,-1.2188506646567392,-0.49088716183648273,1.151122862234581,1.0235820513160572,-1.385335198697343,-0.48971241179336167
-1.0095102627341592,-0.4574470258219798,0.5905025428133929,0.9453381721118078,0.4337553919798976,1.1804025002231235,1.0420505116456433,0.5619246495913192,1.0146066675051049,0.2043696774004993,-1.0986046677518562,-0.2535022818611226,0.18938733830837162
1.4490282139308637,0.22810190976041128,0.5896089045558447,-1.5752538009297503,-0.9324960884049469,-0.5853965896965453,-1.6111280351739683,0.21809975925585215,-1.3120073137566683,-1.5113121335218556,0.5991447075024745,0.8783306349750977,0.868487088410104
-1.4174208914417845,1.3920862729549046,-0.3220470305085792,1.9261394372310723,2.080266193361493,0.7691512403435089,1.7795898380533133,-0.8786748943410916,0.4196682714665233,1.5511721399544807,-0.2497299801246909,-1.0080575597519361,1.5475868385118363
0.467744654478309,0.44784146307840544,-0.6955802292529764,-0.8559248905165681,-0.030382324097328706,-0.8725180023432859,-0.703691644497886,-0.6163411684048213,-0.9425045864891046,-0.06530670546033022,1.44801939512964,0.12377535708428362,-1.0329922118747472
-0.0977329804831066,-1.6410813660003725,0.739039267700316,-0.03321099422747418,-1.112797986054895,0.6404002503003581,0.03496202118218239,1.238408381490628,1.1391271940043728,-0.5724665234839342,-1.3108233396586475,1.255608273920504,-0.35389246177301503
0.19707459796238178,1.1455293248849223,-0.6801327850190692,0.6114357025251886,0.6791793738548301,-0.6662711885499547,0.21725461250532924,-0.9570345635073546,-0.36558616480082795,0.9223700959584463,0.3869260355956831,-0.6307799208065293,0.32520728832871804
0.7807214452785801,-0.7061678097931653,1.4860133386283356,0.7291053527169981,-1.1019945221189618,0.5860683969669008,-0.034163459883120424,1.191237396726234,1.0330268012881607,-0.6091381846222027,-0.4619486520314822,0.5010529960296907,1.0043070384304507
2.173845724572937,0.06320172187341731,1.6156857361610948,-3.3613425633211538,-1.6007094280421146,-0.3140727577250136,-2.944548155105237,0.8790288115302651,-2.4993703298167933,-3.4909243568553756,1.2358007232228485,1.632885912865911,1.6834067885321828
-1.1690157322877746,0.03326088115707636,-0.43375764634171354,0.471864495861717,0.9094373596486787,0.5046141550054809,0.8775228797332526,-0.2611441440981973,0.3209924389800467,0.6440264557275143,-0.8863859958450648,-1.5949338870003469,-1.6794951739715966
0.1821930238037645,0.6078847006236847,-0.7420356898072421,-0.14381485810939942,0.3016294945792702,-0.7033504017808292,-0.17390361390384868,-0.7226750075020791,-0.535954013046286,0.45415367648522387,0.8113633794092658,-0.4631009701641264,-1.0003954238698642
0.5848605325575125,-0.2919167925128266,0.5641167206082767,-0.2347742917201591,-0.6540709346636913,0.015363827822761564,-0.4383389490355236,0.46415517362349784,0.035502605996751334,-0.5795730000628856,-0.03751130821789954,0.6687319466720937,-0.32129567376813156
0.17003321528563597,0.9722025304491168,-1.9078077691582225,-0.24171745615955,0.5743111228194572,-1.5941143521677608,-0.21911197226092133,-1.5622110394919517,-0.8657143519025228,1.2548342445443224,1.6602380670364314,-1.2176562480549398,0.3578040763336015
-1.3839516928538906,-1.1961184111116991,1.084104293901045,1.1770667879469567,0.18314602897606636,1.8300894980033429,1.365716666647089,1.2100676949009648,1.7074742672175036,-0.005083698853912752,-1.6556786815071836,-0.08582333121871959,1.0369038264353336
0.3203318160346403,-0.5015654632396895,0.257871719863285,-0.5602058249721144,-0.605339934860443,-0.031012112202321012,-0.4681939589826393,0.396531934198146,-0.05351646508605724,-0.5733199343281389,0.04207069374714721,1.0460095856175002,-1.5436752239512501
-1.0329405627925141,0.026562821003896432,-0.06139811966832959,0.6688768279011076,0.8015334341852616,0.694226497976709,0.9085286864532788,-0.04790959925205907,0.469605827245582,0.5011390749286468,-0.8068039938800182,-0.8403786091095332,-0.8645754738495176
0.7979450141576452,0.5786918560622619,-0.260021162936392,-0.7803667229740927,-0.1858377469585558,-0.7735140706414374,-0.8411831249581524,-0.4363681707696887,-0.9800906092828238,-0.33791692169555515,0.8909453813743127,0.291454307726687,-0.1854757237477852
0.1264251512977507,-2.1128828036752307,1.2117691559839416,-0.07662148975350645,-1.6237732399954092,0.8442177877095739,-0.10842612570424001,1.7411392146033886,1.4418921377204819,-0.9537415120835874,-1.2312413376936007,1.4232872245629073,0.49362402635394764
-0.5894041494786103,1.310087419263152,-1.882700068288002,0.9699720974255396,1.3938459948868722,-1.0295029529939204,0.8293367866673413,-1.7172710093567427,-0.22042764405326326,2.0612296439438995,0.4665080375607299,-1.4691746740185445,1.1727237764556808
-0.3849497331801758,0.011535795129666435,-0.0072185492370305,0.35157454288102635,0.29989392129661224,0.2708052182068207,0.3926518040671716,-0.009845827303116311,0.24855377858171107,0.24476832112274494,-0.3823666500664355,-0.3373417571823241,-1.4078552739309036
0.6711879766414303,0.20301178012071494,-0.29853595846039377,-1.2915081327162006,-0.3615243213907625,-0.7122262585130491,-1.0432148829987142,-0.26993736478118285,-1.0870199887771965,-0.6573130707474911,1.3153827251878953,0.7944911596538963,-0.7287555238291711
-1.7411258353551413,-0.19141980984313203,0.05210584435971986,0.8782993699244537,1.1802517696699832,1.2902467891008833,1.3997343692035364,0.12523198267624985,0.7770633146806945,0.5592931499287318,-1.443460009600392,-1.0918970350731376,-0.049655773727438575
1.0337370011243407,1.0346812680272035,0.46184492551681794,0.45043231728472477,-0.034652373404693626,-0.38581891926159156,-0.317395041834991,-0.2578472381380827,-0.4045749851717675,-0.0369040886472266,0.25428936565393856,0.03993588176308248,0.6294439763742943
0.9470063481216919,-2.262956041646084,1.9632729867497454,-0.13399827765170366,-2.3537928583145544,0.8349311650527984,-0.5796676918141781,2.239880097671789,1.506382085667589,-1.5519370014669012,-0.5945853219732268,1.1717687985993024,1.308543726476026
0.0716632715654098,0.5835086435443199,-0.9971694929417915,-0.22575716360913928,0.36771337581248426,-0.8208533011605791,-0.15782037606353516,-0.8542735194100686,-0.5785106247198958,0.5881786500849752,1.103164053281104,-0.714619396127731,-1.272035323910557
-0.29603112093700495,-0.9369275834331842,0.5982407374627848,0.36716229986443893,-0.4533728617059644,0.6741302944681651,0.3531119639169831,0.8064089409651745,0.9323116559088167,-0.19508490745749313,-1.0190226657868093,0.4172135207084891,-0.5929355738088246
0.9164250543596137,-0.42689954764702737,0.3627390836881742,-1.58970951508733,-1.0028082034246202,-0.37806345554900195,-1.332587753944606,0.41824784289004335,-0.8582262843371568,-1.3523621838951732,0.6787267094675212,1.5490464375447095,0.08616417629290782
-1.2466056492576032,0.9454956054039523,-0.7964578963880335,1.1447610303199915,1.627923763671337,0.2804652487055948,1.2748436184318828,-0.9224247406332216,0.16567192629774904,1.3720742863173638,-0.17014797815964414,-1.3434154610367424,0.7652639263946409
1.387186961124571,1.535777776910536,-1.6604316590019803,-1.0556291836538012,0.06004292472964193,-2.277098723106927,-1.3032745509589496,-1.7050147505595077,-1.8595843420941842,0.5165671828858791,1.5276013970946867,-0.21158254420052186,1.4443636764963732
-0.3723694638483801,-1.300677752710154,0.48922052112587233,0.0861350971536889,-0.658617671814472,0.6448189297672016,0.24560579179821243,0.9271249510078264,0.9849622211923653,-0.3053326943126214,-1.5495693455537878,0.9202503726356984,-1.1362153738902105
-0.42995548322081156,0.7016806683643111,-0.677839579593169,0.5560303051975997,0.8330880722663906,-0.21432505796586024,0.5248905482020814,-0.7334637032207295,-0.09139630994816615,0.8829367324981671,0.1481800297005429,-0.9661378220913355,-0.4571156237884782
-0.11265467711746625,-0.4761800849362982,0.8446760586510912,0.7729811099044559,-0.25904824991114306,0.7326212242261441,0.46905715738587334,0.7145708338080529,0.9020257656075318,-0.10210090127046412,-0.7006946579266224,0.16569509474488459,0.22198412631325465
1.4177164927439274,0.018242185711318953,0.3947548346760051,-2.3253525620261186,-1.0605504495100415,-0.713263101416714,-1.9907351999679583,0.21336763098259257,-1.7109831361490673,-1.87710362173594,0.9970547173277083,1.297528011581105,0.9010838764149876
-2.480360467257506,-0.05057768921691902,1.0426050099260744,1.9878454022691252,1.8419856518571904,2.585236721434504,2.3833442613033493,0.612992726502296,1.4874469575734566,0.577875638382252,-1.1251320017402051,-0.5888601831459286,1.5801836265167197
0.35477540883540104,-5.887038494808019e-05,-0.08555503908330668,-0.589777467759042,-0.2687406102399148,-0.3207243949939636,-0.5023301024394533,-0.04819355265234848,-0.430633715402246,-0.33794341651889176,0.5726173735141256,0.5429727336902916,-1.6523311839675274
0.3403640278344924,-1.0240159659519226,0.4418173636756361,-0.7105125628082717,-0.9983443619222154,0.096535736682597,-0.5583957493765163,0.761854665570745,0.2070948564977038,-0.8125255888318914,-0.27625731411303983,1.6748056505265116,-0.9732314338657949
-0.2082144953408877,0.7699033468730425,-1.6670877875099996,-0.03370127922843898,0.714485146522595,-1.136814812547718,0.09406722080380062,-1.3252184740436712,-0.5704019923569069,1.2173807705760233,1.4214920611412911,-1.6648001164346817,-0.2941316837640623
-1.5498259506786194,-0.42104365406373573,0.4718426509527252,1.042410251442856,0.8693036643545483,1.4767661792540983,1.3836780229771353,0.4768113714010006,1.0596852680125617,0.35875304295457705,-1.3373506736469964,-0.5329671995984608,0.3849680663376704
1.6317117600287963,0.5594713422845676,0.9197827484696792,-0.6889179251621758,-0.8312120007964174,-0.46179667295536053,-1.2408543831504681,0.2382530205376537,-0.8996859905969421,-1.1534318908670755,0.3603987016073342,0.598865717237759,1.064067816439403
-0.9387607711007057,0.18244751355821529,-0.45575985247818845,0.46899036951233414,0.842938725298549,0.32232582333271165,0.7522824769017096,-0.3482579636508713,0.21313375972569468,0.6584392250395387,-0.48847598601983117,-1.2875224774892746,-1.5165112339471807
0.4220591713939854,0.590952118209753,-0.7799803964114451,-0.5735312249117454,0.1077153395234305,-0.9048401114926592,-0.529897014940425,-0.7355827185348363,-0.8377437572252855,0.18977813021336068,1.2092733892344998,-0.15568956065305406,-0.8374114838454484
0.09589128288513021,-1.4343477550697061,0.7969153398360398,0.050599762054366414,-1.1099358743346903,0.5460439637208852,-0.02478236573434469,1.1674985118069618,1.0537731188069777,-0.5584576070446369,-0.9129133298334138,0.9761433561831657,-0.15831173374371588
0.1664791071168408,1.2322457705245888,-1.5592278909658452,0.3508566153810149,0.7650643583835575,-1.3226031207132714,0.09597668097973303,-1.4959632518096673,-0.6173439803900037,1.3989890000499956,0.7848360454209169,-0.9102448385438678,0.5207880163580174
1.4408163175049462,0.8961585285321209,1.4526291291130822,1.0610009831395226,-0.44314275370634004,0.08639397290806121,-0.21343914119880225,0.3699793901795505,0.1394830546318314,-0.3583023281395889,-0.06403864220624847,0.2215880782923524,1.1998877664597496
0.5176453179933462,-0.06625942831497857,-0.28621937134386455,-1.3610335092346033,-0.4399699904487715,-0.592486876512225,-0.9974573768458849,-0.1281447820157331,-0.9469007182319559,-0.7138186417902177,1.6337107330480825,1.3534209951285727,-1.3806912839268344
-1.5869751792778808,-0.17459535903647433,-0.18753418583946924,0.6728371884575481,1.0756692365633334,0.9946711764126441,1.2083175997129039,-0.018266586794465276,0.6151008610871268,0.5976822219940271,-1.6026240135304857,-1.5390409034528791,-0.7015915338251016
0.11621114486803477,0.7893896369108312,-0.09159575260389709,0.637662410728944,0.48286561576967546,-0.15410793359466934,0.27456542144861285,-0.44695223374203386,-0.09396355080873704,0.5023515646442219,0.09512536172384504,-0.4072079866166586,-0.02249178372336947
0.32578458748326644,-1.4879625403755496,1.2299843626130296,0.40232446845458086,-1.322825158347841,0.7151421377828014,0.03757916575217484,1.4384476980148697,1.348622449597792,-0.6411651268379047,-0.7537493259033203,0.7246249302195615,0.6566079663783636
0.1983386326536643,1.578125182356898,-2.5994998235230655,0.5276687247291828,0.9910723079658279,-2.1481365561774597,0.1723040672528261,-2.2555273048516726,-0.7334271720977026,2.2933577643944534,0.9440000493510106,-1.1617632645074725,1.335707716480096
-0.6674154717158876,-0.6263340599839274,0.3103797952266276,0.4193663867005532,0.052523424062454804,0.7186563312592652,0.5802556890239878,0.4886118733158067,0.7502499917699378,0.054633667843217645,-1.178186669716903,-0.029930347671251786,-1.2448713339064876
0.7016859349791513,-0.24413358805705446,0.2598166116953957,-1.0560479372271063,-0.7079950997372245,-0.30330493972387446,-0.9351600297031335,0.26870693201555346,-0.5980931711120898,-0.912400720444849,0.5195627055374278,1.1019025691649678,-0.5657715838047552
-0.7767897542222119,0.6249158982633305,-0.10975590782030703,0.9744488299093468,1.0402559463771068,0.4730106095190443,0.9323894622698436,-0.3748201550365395,0.26856635773698495,0.74519086641762,-0.32931198208973766,-0.7844856255620654,0.11332816629697758
1.2347777402491105,0.9054309338389258,-0.6102072307523647,-1.5378923414906815,-0.2803885419400029,-1.3573373299840548,-1.476260457982247,-0.7973804027816632,-1.764890028659918,-0.5931971135135423,1.3684373931645932,0.3473472912741545,0.7924279163987102
0.2745111446665784,-3.084218178503863,2.514145690811126,0.07026198222819474,-2.4383927868799855,1.7427955951182457,-0.11036742022582426,2.9616651152167677,2.2377407724505636,-1.8227045325680034,-1.3904053416236943,1.4791802081103747,1.4715276665004424
-0.5840050647487238,0.5428457502171833,-0.9403769814397789,0.33692572888009886,0.834893082567701,-0.3062953802073693,0.49186693263705594,-0.8018985868672974,-0.1387942189743189,0.929072148384307,0.3073440336306364,-1.413281690471077,-1.1090513838861413
-0.4396108020541955,0.04935295815351535,0.3047750957306613,0.6978959160536721,0.36864195632169977,0.5507792843552356,0.6050554035938406,0.1470704203648342,0.4746403906016455,0.24846272870317404,-0.541530653996529,-0.2814487736348563,-0.42995163378440887
1.0464390741805103,0.327642909192887,-0.10621618324180514,-1.6921655748328446,-0.5555977760811466,-0.8332467115889479,-1.4565959882035964,-0.2239514226939017,-1.4679458537498555,-1.0732204621923973,1.156218721257802,0.8503841432013636,0.2491481163173242
-2.2246776530684342,0.30477803403707066,0.137618330995969,1.4238812041743627,1.9053286334722972,1.7033934719693273,1.9479014098516378,-0.0750636059810709,0.8237060062776466,0.8671740932483227,-0.9659679978101116,-1.0360040515256699,0.9282478664190569
2.1130325659836213,1.9138050198174157,0.03592799166931913,-0.39045773230852215,-0.2163077673184765,-1.48933178278399,-1.3417413801896783,-0.9381779797904873,-1.6418409481008704,-0.29260514621119355,0.7317813774442191,0.0958288653105499,1.607347616520789
0.2595560710262822,-0.6780522653818762,0.29149921073245944,-0.5666542582954658,-0.68694391759753,0.038568400928723094,-0.4389457564436063,0.5038701936368992,0.06688792909769069,-0.6027300352809132,-0.1170933101829463,1.2276617821467701,-1.625167193963458
0.20718201502277586,0.6343208458983873,-1.1926999715670574,-0.4786703774561722,0.3018218910103211,-1.0690177798665974,-0.36430393531049104,-0.9899307535517244,-0.7992176834483149,0.561438969836358,1.5806560650713846,-0.6587264125802631,-0.9460674438617255
-0.5652183627328662,-1.3126648097998352,0.6680415706013674,0.4361545162052672,-0.5212276868124374,0.9212508658729454,0.5342154041276976,1.0339203920974909,1.2490559808479018,-0.2000385136496232,-1.49651467757709,0.47310650425595696,-0.2669676937599932
0.9438594308700936,-0.8661226112926554,0.7689179897987221,-1.2913549248073486,-1.3412293464617973,-0.0843577931754063,-1.1896467015452297,0.8671520956884797,-0.32898805381242957,-1.451404517195647,0.20123469767724073,1.604939421092177,0.4121320563417401
-2.1141826841638385,0.6140645906038658,-0.5790217090419933,1.396702789133703,2.045316366211948,1.071113685880802,1.8741659073023538,-0.6338871706951674,0.584603076981586,1.381854420516456,-0.6476399899499247,-1.6228803787740806,1.0912318064434723
0.12865936923731214,0.49464108386944716,-0.8252928632218599,-0.3038679749720062,0.2602775603751452,-0.7291559916048609,-0.2297277525938871,-0.7128907320530521,-0.5725506789589512,0.4071128275415238,1.0501093853044061,-0.4910474619378601,-1.4893472439431117
-0.22781629013841662,-1.080759714804783,0.5684679363442517,0.20205551410585307,-0.6090554572515179,0.6021831109213881,0.22919860432515926,0.8616582950758669,0.9137091338693046,-0.28535982682858474,-1.0720773337635072,0.6407854548983597,-0.8102474938413791
-0.295937106478382,0.9024397608250556,-1.3281013006189453,0.377017471925715,0.8767734643555294,-0.8122768723268009,0.3582699652182693,-1.2005228947878424,-0.36443766127193067,1.244842356499883,0.6256720414908234,-1.245602739828674,-0.13114774373964655
0.3285434528602347,0.6399605790547195,0.724772128607803,1.045947619721627,0.21398438386042068,0.32334642743428915,0.3762554542279426,0.0880266198175912,0.31011186705616606,0.172979834514927,-0.22320264613634197,-0.11376982299245328,0.5479520063620863
1.638393613486248,0.5718150882359818,-0.03158730266127868,-2.6537538363633506,-0.8273457594734553,-1.2006582807578203,-2.2828722518469418,-0.3041677254755412,-2.3432262151930225,-1.783519343395619,1.4745467291179888,1.0180630938437667,1.227051756463819
-1.1554890325348917,-0.2725531113097679,-0.02527719741211738,0.5477005563790439,0.6780300459407893,0.8100806840501955,0.9103344779594116,0.12224644254081468,0.5931650908697216,0.391752210997882,-1.2842960056702986,-0.8683251008832669,-1.353527293922765
0.5294794475328918,0.29961420421204454,0.04136377442084213,-0.2932659245655725,-0.18433562616878224,-0.348224439041455,-0.43949456704155426,-0.12673138287504193,-0.4265521987435951,-0.23046860225389942,0.41345336958403206,0.2635078159529533,-0.6744275438210323
0.501296367791655,-1.3147115881876985,0.7933288780133576,-0.52072242231279,-1.3304595276200006,0.252215808619913,-0.5445632568775873,1.105563512179857,0.5517630669534501,-0.9448196593771222,-0.43542131804313333,1.3953407327891736,0.004672206280700068
-0.07446999329809342,1.0886119914800845,-2.128088369554089,0.1551572349553256,0.8436782512464783,-1.588538643015849,0.12201600840862345,-1.7446696045785894,-0.6584268634356533,1.6889689640892007,1.2623280572111975,-1.4971211657922785,0.6837719563824334
-1.370073470864337,0.12931510058608517,1.1392868443630224,1.8289168275735266,1.1311792063614847,1.8627037334629104,1.7027662229043434,0.5773975122396356,1.2438641415127563,0.39772421087826565,-0.8598586618567159,-0.3652882489560578,1.3628717064841651
0.5349478062330082,0.033556742725452386,-0.09456258758544475,-0.9168259711984639,-0.3808881099216115,-0.4570294084047705,-0.7719880656374604,-0.07010526567823583,-0.693286035324953,-0.5539388524391567,0.8378907133976148,0.7665446678801624,-1.2177073439024186
-0.6653104981889769,0.6104667075574532,-0.6514654302681613,0.6036633058468766,0.9453747884724277,-0.025001806097259247,0.6765266632076264,-0.6729182100031345,0.008049406359209468,0.8957488565329419,-0.010983974229550626,-1.1198435268468714,-0.5386075938006859
0.7431445275135302,0.7715189572747352,-1.0141735092859077,-1.0763468724466487,-0.004882023015705215,-1.316063850816757,-0.9681648161113947,-0.9580129154440704,-1.3329223820469147,0.021637749654748586,1.6867654010247801,0.011989389989348408,0.1404921563010469
-0.24962640176879763,-2.298790926329578,1.422597429842814,0.30274435711195496,-1.47340863117968,1.2768765536926985,0.29413234743387257,1.9530747386610254,1.8507100331926365,-0.8522781441706274,-1.6888378489926197,1.1438223068255686,0.8195919064027796
-0.1647711553732965,1.823837743483802,-0.233774353483589,1.8485518492421942,1.4437801907737458,-0.062079577962458395,1.0655061478705712,-1.0451401211795701,0.056938257896225655,1.4326647224851239,0.008911526261711064,-0.7425658879014646,1.4986916565045116
-0.2320992614168274,-0.7148800984019276,0.45006831403154085,0.2386957046955321,-0.34121007577355833,0.5139025135131813,0.2508645058552192,0.6116908386113612,0.6810893224800944,-0.1723199901207879,-0.8399631613654543,0.3892670289347554,-1.0818873938820721
0.7578271914952717,-0.31675747579394437,0.15389984073750468,-1.4987317864988632,-0.8030361704975457,-0.4253355568576526,-1.199287114870396,0.245376883324416,-0.8698720864163527,-1.1350343597875054,0.8577862138888765,1.5210999457709757,-0.40278764378033954
-1.9516200247582334,0.04514627458752434,-0.11276908323652099,1.0156576144733336,1.5107577413933913,1.3141559707484138,1.5854325065167638,-0.08617135210947054,0.7096628873505675,0.7754929948223347,-1.264400505179037,-1.3713619528104761,0.2763121063213931
1.0607746515410286,1.5700251611940785,-0.10664659092503781,0.6604501175628218,0.332026924710778,-0.8438710470596124,-0.22092734196256344,-0.8463759451985209,-0.6307235233181847,0.5290663629752118,0.43334887007529377,-0.23952903597425557,0.9554118564231262
1.4505374233350217,-1.8179665588148515,2.4641717995436068,0.20910088453014042,-2.4133414559192223,0.8599074492639545,-0.6688968265094668,2.299361725043537,1.4414672025756938,-1.6909839143565293,-0.4155258175518716,0.8923038808619645,1.6345116065248584
-0.05537028140018335,0.5286651973975223,-1.1087243355792633,-0.2334068379960742,0.4242630220528953,-0.8157236848606568,-0.09360515699103522,-0.8896858637167361,-0.5452176084167198,0.6659676087287808,1.2822235577024592,-0.9940843138650693,-1.598003203959389
-0.7327796424714663,-0.9111747217947042,0.4236149356518596,0.43410480965366316,-0.10396614903703671,0.8529553023748174,0.6231667411935597,0.6950842676552428,0.9629388790490948,-0.019578506603252572,-1.4766191770858283,0.13774860297115046,-0.9189034538576563
0.7298374644524025,-0.5674942450072482,0.49488442075911715,-0.9744678445303829,-0.9631685186590788,-0.14214118438873372,-0.9071709412671929,0.5631409375341226,-0.3092870268485897,-1.03174304742239,0.2211301981685024,1.2695815198073708,-0.2398037037559236
-1.0483815528508393,0.3946147399658614,0.3146164939121939,1.1924507159981426,1.0794006143980674,0.9954401990393237,1.1935374307270055,-0.020288719328982036,0.5910214995518098,0.5778978347040195,-0.627744489458663,-0.6168066749196623,0.43929604634580904
1.598832217649706,0.9473635354076341,-0.1275951885560904,-1.8302761365636224,-0.5257889497413422,-1.2463335430333626,-1.8264020844729871,-0.5463562224517674,-2.0081250026660484,-1.1513579057707997,1.0700048857956679,0.5150262419165575,1.1183957964475417
-0.013107149906303408,-1.2588777889700056,0.4324203257541387,-0.35070507550665997,-0.9004845374219544,0.34306000941380027,-0.17830695355897044,0.8741762454395029,0.6363343440256182,-0.5605303928280339,-1.0521818332722455,1.6468591587527779,-1.4621832539390422
-0.4885279340441325,0.6670509051458312,-1.2449105149467647,0.26020485151135136,0.8524053826451699,-0.6098172471103117,0.40001737982771784,-1.035750319675356,-0.282868673715708,1.10340641272495,0.6455675419820851,-1.58096064111348,-0.7830835038373097
-0.2428600671666454,0.5469984357557013,0.09442444418410884,0.7904141779459068,0.5795215730786771,0.24721820422548751,0.5482330588335391,-0.22071317966151616,0.18941450012861477,0.46796405035048805,-0.2033071456450803,-0.4491277242772594,-0.10398375373557722
1.1546588234159818,0.5853011533151252,-0.4304843405993635,-1.842782496988678,-0.45122408132527697,-1.1611441221302539,-1.594346952279998,-0.5357595348934193,-1.7605879280096943,-0.9345214858252475,1.4944422296092505,0.6827051925589604,0.5751159963661561
-2.628650586610487,-0.22935769611540907,0.284787322511802,1.5365604503318704,1.8250044413806241,2.106979766237631,2.224517231513323,0.27538192506672515,1.2846423603052133,0.8344056591631175,-1.582728513039224,-1.203683002168073,1.2542157464678882
0.056832684308662285,0.17016672419979195,-0.08505084979255724,0.04124558022110021,0.08001972251955457,-0.10642716345020894,-0.008739002596875,-0.1331579186165603,-0.090513974486764,0.09136398446451799,0.11502086221510673,-0.07185008533185253,-1.3263633039186957
0.137408453346227,-1.1755854236144352,0.6254969539262218,-0.13903058627365364,-0.9542448438422829,0.38397255310119416,-0.1473112938345045,0.9412911365821391,0.731859423041306,-0.5600457094319263,-0.7338538254120587,1.0599828315043673,-0.647263553816963
0.200553642336474,1.0108310732658294,-1.3804935805863026,0.04959672009897226,0.5791316040506495,-1.2091579635672565,-0.08155002844259669,-1.2843358629103665,-0.6803710502831655,1.0608720934614058,0.9638955498422722,-0.8264053632226661,0.03183619628476939
-0.46137063429946484,-1.3314434921103973,1.1318208972275163,0.8676205328256266,-0.6134599741657483,1.2045392156625605,0.7064479504752798,1.304733585236262,1.5774394510258747,-0.2512965379693774,-1.1582911692256412,0.3054275536135539,0.7109359463865023
1.7573672371869558,-0.47761150222689125,1.4332450925331124,-2.2940822633614695,-1.6763913425990598,-0.15583046335070508,-2.1567109986392046,1.0470341866501425,-1.3366328706769939,-2.6284572497665235,0.5394582060286894,1.4372604704497742,1.3900356964882346
-0.9552901994439186,0.3258591248826517,-0.6148004950151136,0.5033895896455275,0.959171970513989,0.21147951320928285,0.7793443217272039,-0.5097212808863211,0.13658730857274431,0.8001904187640808,-0.30941648159847596,-1.4552014281316776,-1.1905433538983492
0.43283269742023395,0.71623495692222,-1.0336103652941975,-0.580592515124235,0.19015940799418413,-1.108272453501782,-0.5394178182214626,-0.9412823959602735,-0.9317144068204437,0.37367296655627597,1.388332893655855,-0.3233685112954571,-0.5114436037966168
-0.2747242294488629,-1.717235940405867,0.9257954152033283,0.3313381039273684,-1.033823686464709,0.9115697897423136,0.32272996745301163,1.3818113668750591,1.4593200110931261,-0.46318243597684833,-1.3705098411324326,0.808464405540763,0.167656146305116
-0.32552513678808986,1.3195758760153293,-1.2715975812693316,0.9368492931512176,1.2008526051781307,-0.7474366117584335,0.6700427820794675,-1.3775753378438473,-0.2513414975618282,1.584009338926096,0.3272395341218981,-1.077923789186271,0.8467558964068489
0.5312530457482084,0.3322081106717628,1.9329151181849686,1.9136400409999592,-0.1621072211938651,1.1099978408966986,0.7259154625844488,0.9231171926715144,1.161899013705897,-0.13505210649604402,-0.5216351535052673,0.05390912764994933,1.525855646508581
0.6012435487878351,-0.0668777753220438,-0.13006254066421205,-1.3116956103318078,-0.5037323871373794,-0.5320177746921688,-1.0163012986037077,-0.03981743273139756,-0.9104341638076678,-0.7964051361232807,1.1761142217490634,1.1857420444861695,-1.054723403878003
-1.1700847722604186,-0.0573543129326913,0.14156485025556745,0.821122106429303,0.8447147526039518,0.9492927917995169,1.0626820398664412,0.108515820050775,0.6402701726244661,0.4538010948381516,-0.9460724973188499,-0.7006461502408639,-0.3756236537762702
1.0706551247851612,0.6272494854337604,0.052949185738895115,-0.9005874458109363,-0.35726503879224564,-0.7278227805183237,-1.0512540581286054,-0.2842802034517168,-1.1023028349965924,-0.652631699175279,0.7516768779354808,0.43118676659535604,0.30347609632546285
1.1159569329663175,-1.3592388542585454,1.3830582305465542,-1.1037800366570414,-1.8281898967959922,0.26594704346750625,-1.1829842875797691,1.4602631710246574,0.15756050595160667,-1.7806052603634657,-0.09719780969168461,1.5630196834315764,0.9825758464271954
0.46351029666564786,1.8263023575184887,-3.0563949508620736,-0.0059607056199686564,0.9697178992918811,-2.6910509038530686,-0.25220526002732174,-2.6373424154263554,-1.2990367061484234,2.2699277466748202,1.6005515655626463,-1.3294422151498755,1.661675596528928
-0.9012692074758173,-0.7086964084262796,0.20921915773921987,0.39313000995800085,0.1700745327083294,0.8084976083272197,0.6920447228304062,0.47283961251084244,0.7894787944597743,0.11203299697150956,-1.6357831810159218,-0.1976092983136548,-1.5708392139553193
0.47916756432613833,-0.4355684578111155,0.3846007977207742,-0.5363483077693924,-0.6779095940625178,-0.047265902553828565,-0.5409313040486233,0.43491155043170665,-0.08288083619473209,-0.651362260225642,0.06196619423840889,0.9342236185225651,-0.8917394638535869
-1.2965995382296192,0.19035689379864063,-0.05596472334681232,0.8822210649437066,1.1196768801435288,0.8877129957717258,1.162952566878189,-0.12687473128061444,0.509281747455372,0.6423690678179839,-0.7869084933887565,-0.9521645762044684,-0.2126397137518543
1.0676493716636515,0.9274013936076746,-0.3275174719094001,-0.7754689075886501,-0.13792080689443478,-1.0192277657397262,-0.9835130991240237,-0.6490452796105898,-1.2237177358188416,-0.28436396401546105,0.9108408818655743,0.17966834063175144,0.46646003634987876
0.27141272612149164,-2.6873168107183596,1.8404737160548708,0.09786665215840146,-2.149009843585521,1.2252238506389517,-0.09411333356426149,2.3831831906077046,1.9765312887009319,-1.302689403800031,-1.2113458372023391,1.3115012574679716,1.145559786451611
-0.0626824886256575,0.4476335716483633,-0.5835749511031241,0.04215827672577632,0.3711996032271675,-0.40527566147837085,0.05596167825369165,-0.5531053643256857,-0.2865465144122032,0.46289208380515884,0.4864035380519916,-0.5748869372590615,-1.435019263934973
0.2131424827546523,-0.4958442537233831,0.5063554133480391,0.023105006997744145,-0.5200198719532877,0.2376712349665473,-0.10231533778687575,0.5337244176855156,0.3683810053932621,-0.3610002943130302,-0.3624711495751738,0.5569459795771585,-0.7559195138332404
0.8763515705681615,-0.19993091183486764,0.011659342064035424,-1.8101251354034826,-0.8083154259320138,-0.6201810852295494,-1.4275463039282137,0.10669668001776919,-1.180081557998373,-1.2412431642081694,1.335278225679157,1.6887788964133787,-0.0768197637315079
-2.1324108100278467,0.02494685743614615,-0.21471814540789433,1.1227542094587923,1.6330760911922098,1.3652923242160258,1.7391768425916916,-0.13351904837443831,0.802188011021212,0.9242693394461697,-1.4235645091091305,-1.6880888595794596,0.602279986370225
0.6215440754173406,1.869204293770013,-0.406442267974529,1.3286331512472793,0.8810534401523594,-0.759843442383674,0.36822032093025864,-1.165183718946988,-0.35488475647343715,1.2071030359561856,0.2741848661452002,-0.5562559427432391,1.2813797364719577
-0.017341495684021158,-0.6344590852965187,0.39805202985075777,0.01618483195126633,-0.44570233363001505,0.3195819452205406,0.01787177443280674,0.5420972561663991,0.4615930993069689,-0.2851337138452399,-0.5746898214819651,0.5755769740929813,-1.2991993139146263
-0.15078887721597076,0.7580456888437375,-1.4335309564735668,0.007265343665082625,0.662417042411719,-0.9978342618135702,0.08486219029337175,-1.1876360526992618,-0.5320807667997889,1.071507695556064,1.1230595537723658,-1.3108112206340528,-0.6200995638128937
-0.8106000887599795,-0.4336738246380574,0.5934842401803898,0.8796825567013574,0.3002984051177123,1.0398954270986114,0.9004720075719926,0.5516997214415137,0.9498096571462614,0.15744438849034445,-0.9991271652955477,-0.17897830379783225,0.0590001862888385
1.3482704748579024,0.1669702694999833,0.4526414331916811,-1.7158546993282195,-0.9003946652450899,-0.6187397573209955,-1.6312969478032033,0.171512717356015,-1.3713420130644844,-1.5051464169054873,0.6986222099587829,0.952854613038388,0.7380999363905716
-0.965569010005422,1.4675831443197818,-0.350622320684632,1.7767307686044576,1.7926436680403521,0.4226955276622259,1.4578358109853062,-0.9325899799083782,0.2570445228603947,1.4706955800481907,-0.15025247766838246,-0.9335335816886461,1.4171996864923038
0.4524547232705602,0.3943741260813397,-0.6854276835821859,-0.9187372892996912,-0.057469314176468764,-0.8537070165814589,-0.7286727337055858,-0.5838423849116379,-0.9504687942990276,-0.1156311414147414,1.5474968975859484,0.19829933514757453,-1.16337936389428
-0.19830575989078916,-1.6395361095031629,0.6983903438053358,-0.034933299031551304,-1.0355091556904585,0.6812423895742137,0.0880918941906841,1.2147227848751032,1.1367740610222543,-0.5433961110603979,-1.529673845062526,1.3301322519837948,-0.4842796137925475
-0.8577934129100759,0.8432191465241975,-1.1595010093954432,0.7121609411888681,1.2594814689246934,-0.2788019870293656,0.8372939138410553,-1.0758339292829868,-0.07772248229124472,1.3476113969114858,0.16807553019180457,-1.5623296465976575,0.19482013630918532
-0.9695496931351165,0.3614335464056827,0.7111596749326707,1.4513906473523543,0.9956989264751592,1.244810203036751,1.2880305223304453,0.21983961143896183,0.8036306728090999,0.45918594782675715,-0.6807991574353608,-0.43049672976143677,0.8739198864109182
2.109456008167063,0.9888119343369943,0.31842348534425935,-2.6712409441106653,-0.882547467274191,-1.2687942579651799,-2.545227204466849,-0.31571537975152303,-2.651609125155541,-2.0558381555957337,1.01695021781897,0.7013361870747836,1.5530196365126503
-1.3056036669311848,-0.06124261224846767,-0.17298133232600651,0.6325326617702908,0.9445413886736636,0.8038890714599204,1.0358288800380169,-0.06683065362366884,0.5053122375797112,0.5594102009394784,-1.1052365012489433,-1.1850520076522506,-1.0275594138739335
0.5540066408123685,0.672933103189771,-0.2721870647979587,-0.15395292926616053,0.06706969293919306,-0.6077653764602752,-0.3790458525300236,-0.49042125318012436,-0.5894706382221923,0.09767856668847566,0.5925128740053872,-0.05321909081602996,-0.3484596637722009
0.730631725506865,-1.020665278595309,0.9156061065109778,-0.413220922222074,-1.2915001772677854,0.18191178279065331,-0.6109753552205507,1.0272273258222648,0.4218119290668417,-0.9625940704405486,-0.2563618136217781,1.0786138260201898,0.3306400863295313
0.6145761782449769,1.3361878738503565,-2.143647254667315,-0.27587820675813857,0.5008570243766716,-2.0952448933258347,-0.4760295302146688,-1.8774247412080944,-1.1486925354856452,1.4070399585517315,1.4413875616325527,-0.8077743687068437,1.0097398364312649
-0.6452576771212992,-2.1286392919608463,2.2056117132760074,1.4724133960941959,-1.0507149169037793,2.165083643624328,1.1248914383877777,2.3092086502688622,2.5842197212056734,-0.6383853945314122,-1.3174551731557347,0.3240585481293766,1.688839586532997
0.3864716016539486,-0.511436913213696,0.15790964175802133,-0.8997693091220794,-0.662571520130974,-0.1556266198107051,-0.6831937583360528,0.3451319799159679,-0.2944792333683095,-0.7301661711440437,0.38029420209859593,1.455891464965597,-1.6740623759707827
-1.0798784808434336,0.29543272601219484,-0.533768894361853,0.5790957867562193,1.0315278660380867,0.3634506604570024,0.8862997163574895,-0.4488104144018102,0.2134401118779594,0.791452766894694,-0.46858048552856946,-1.4365704336158551,-0.9949626258690503
0.4904982583392459,0.7912472836365094,-0.9874856023335123,-0.5003253204012154,0.2007333393622211,-1.1140842386543743,-0.5279811879573282,-0.9528501928223285,-0.9262775753920025,0.3940120501064199,1.2291688897257613,-0.30473751677963457,-0.3158628757673179
0.15887414440392003,-1.5811953397124603,1.0462279761148192,0.2653684604581909,-1.263836661597905,0.6931916552450746,0.054882004345594176,1.3815642986984096,1.3147062050662728,-0.597706102388566,-0.893017829342152,0.8270954000565859,0.36323687433441476
0.136724606112564,1.4530672275342538,-2.1005139876932333,0.5389929709798317,0.9472961994999796,-1.7188899433604268,0.21139566583043398,-1.9116455949414377,-0.6365029902968833,1.9298186316328876,0.8047315459121785,-1.0592927946704482,1.0423366244361474
0.014118337773540001,-0.017872383623845096,0.02938410840207188,0.017641812560508816,-0.02361805865318035,0.012536112418204572,0.001737688471514978,0.025512776072851403,0.02555255946450417,-0.009849213442294544,-0.04414314171498677,0.07254012216577206,-1.5382424259504361
0.6320116343636918,0.040758362287127946,-0.3154932605956069,-1.4825356805433383,-0.4491936689464419,-0.6971836005512652,-1.123123715840512,-0.19823922993067755,-1.1114916936264112,-0.7747730662661546,1.653606233539344,1.2043730390019924,-0.8591426758487039
-1.502343307252082,-0.5276448378794528,0.2611880539758667,0.7924324950075087,0.7562482693145335,1.2801377187880472,1.2260497390896412,0.41146166905176984,0.9527137025369713,0.34526468991669673,-1.6623105150042707,-0.6820151557250413,-0.18004292574697128
1.0118973336807444,0.21566804313192803,0.868836004144044,0.10877456089549652,-0.6104161601737943,-0.056110258110187175,-0.48622824583466223,0.3817127576719703,-0.07345836926097149,-0.572354291622964,0.03543886025005998,0.44981776111117905,0.49905682435476134
0.6876856390188876,-2.458424933299445,1.9246534657060126,-0.4065551435161586,-2.2987515567586536,0.9913123612914008,-0.5843765082037677,2.316002564970539,1.4459216974422218,-1.708795860854887,-0.8134358273771054,1.5816506779473993,1.178156574456494
-0.4175560685607378,0.5443528308549958,-1.207070423571497,0.07533338927247195,0.7099186793563573,-0.6315746451850422,0.2641768506694856,-0.9529748913985295,-0.33088617515271646,0.9493685047487266,0.8843135478772255,-1.6461691219188588,-1.4024224759300898
-1.0984247480433207,-0.3830932098922409,0.2225060822031387,0.6581620723190167,0.5548691597565839,0.9602975913752246,0.9380520678747403,0.3172675104921785,0.7521908057313166,0.28261568187968705,-1.237873171190688,-0.5143362050826383,-0.7233227258283573
0.894973693309576,0.20589386976371798,0.3292081395847771,-0.7058222323363459,-0.5289297280999078,-0.38853446110948736,-0.8539217079525062,0.08244679065531903,-0.6613754825776578,-0.7255494809977456,0.45987620406364266,0.6174967117535818,-0.04422297572662467
-1.458505216685498,0.7682019766960272,-0.5004541804371128,1.1601401371864961,1.660193699037961,0.6609911998949424,1.3968301933194387,-0.6667942583624801,0.302587495804238,1.1623168347669937,-0.38899848356352273,-1.2688914829734523,0.6348767743751079
1.3800725475293973,1.5059450148821487,-1.3265794555888053,-0.9132454379782687,0.04385636019683924,-2.0143950439062372,-1.2242011463968798,-1.5018990293007382,-1.7344621733387415,0.3651313693335815,1.3087508916908082,-0.13705856613723152,1.3139765244768402
-0.30849148122430753,-1.2706034937539044,0.4717654106749089,0.026462042104722982,-0.6852477681466772,0.5854895545093648,0.17974508119722268,0.9022252772089749,0.9200669958573147,-0.33297910131173397,-1.4500918430974794,0.9947743506989886,-1.2666025259097433
-0.3046747058592327,0.6891618476588641,-0.6919964620581465,0.4489946574615619,0.7291500167553457,-0.3151937479834817,0.40100525682416965,-0.7351738255109419,-0.16068264200124788,0.8205858027527129,0.24765753215685132,-0.8916138440280451,-0.5875027758080107
0.04561036541125111,-0.4395296623516718,0.8068375892344525,0.6382128878528075,-0.3524089131882902,0.5897990611921003,0.31279181234089537,0.6748887684419654,0.7776316019881726,-0.16571644950749428,-0.6012171554703141,0.24021907280817548,0.09159697429372173
1.3186335336237753,-0.011384204630171441,0.292973757063277,-2.2648996435114253,-1.0069330876464706,-0.7206593292933339,-1.9055458644109908,0.17083562367903934,-1.6458359266796754,-1.7602133377104676,1.0965322197840168,1.3720519896443957,0.7706967243954541
-2.8107339641219324,0.3322481248096821,-0.22108318708109723,1.7400390806064354,2.3690592256088787,1.8473837682522338,2.4298945909542105,-0.2910024053023119,1.0351013560044617,1.3493327761116525,-1.0256544992838967,-1.5204099089370566,1.4497964744971867
0.15622074217996706,0.5315038653779051,-0.5945200062416927,-0.10240254816995208,0.2660621691350657,-0.5708824603376457,-0.13806144178524077,-0.6012765698645011,-0.451566206421882,0.3725995055477247,0.672094875970434,-0.38857699210083607,-1.1307825758893968
0.4707197818163972,-0.497902204018401,0.5804331889481509,-0.20378277447380855,-0.7165907815095781,0.10990083473290065,-0.36062923473752584,0.576508917725631,0.20415877710223346,-0.5706095520986896,-0.17677981165673137,0.7432559247353846,-0.4516828257876645
0.1539720228472398,0.9648997104416617,-1.8263576100096477,-0.1983460971839045,0.5811941208286678,-1.5197373569259565,-0.1875598924716344,-1.5126444832622423,-0.8288660769513001,1.2237674199663713,1.5209695635975995,-1.1431322699916497,0.22741692431406813
-1.2040090909019114,-1.2056105097143492,1.0491772023029937,1.090045067988512,0.039997376618107004,1.6739502947416884,1.2230377711635458,1.195134684667251,1.6506571084076358,-0.038353313995151996,-1.556201179050875,-0.011299353155429227,0.9065166744158012
1.946338904836596,-0.6711590932247747,2.0175451827663875,-1.3295427842168426,-1.9594860218074905,0.15933529354571438,-1.7484850293710201,1.473302651691486,-0.4950857068614305,-2.406398143398687,0.14154819620345566,1.120533563680791,1.5856164245175335
-0.7990704910097537,-0.043696318802202615,-0.14236577448011065,0.44619359884800974,0.5735951658664188,0.4638457458970917,0.665175371828661,-0.05836135684239701,0.35680241029787907,0.40974808048133227,-0.7073264914237097,-0.7658546310462429,-1.6468983859667135
0.550273991886077,0.33047981374553437,-0.33211646108867826,-0.7953248609675007,-0.17776310301349704,-0.6513262363714519,-0.7160091211572831,-0.35270066269734335,-0.8150535494486945,-0.2944627871278735,0.9904228838306212,0.36597828578997754,-0.967798635864981
0.06438173460436218,-1.6591092105898915,0.7688856072012128,-0.21661468383299598,-1.2486172335605181,0.5470389022926874,-0.1490759795392626,1.264259548244705,1.0179797376330006,-0.7195575545180862,-1.1317638352372923,1.4978112026261978,-0.2886988857632486
-0.4267594235642015,1.0402797207326968,-1.5493861719963984,0.55960119309223,1.0755399103797776,-0.8890933277678326,0.5250604657750207,-1.3942798566951529,-0.3288249797970377,1.5338071134387175,0.5659855400170384,-1.3946506959552545,0.3904008643384841
0.21926180134192533,1.057499241527208,0.938098905380539,1.6156886474564374,0.5987126027292217,0.5664053508733118,0.7360866044141241,-0.0008342170465287252,0.43015869862879164,0.4022164642318334,-0.282889147610127,-0.2628177791190338,1.0695006144402166
0.48421896245528256,0.07446027309742695,-0.3438866413433547,-1.142486388491349,-0.3128862048282079,-0.6129836908669641,-0.8639931465470213,-0.23112097070219348,-0.8870678238886305,-0.5220983605005669,1.4148602276442037,0.8690151377171866,-1.511078435946367
-1.3813353458870017,-0.21824768123024993,-0.022816556410776248,0.6722159853632651,0.8883537092854107,0.9741258142034976,1.0974941678170684,0.09643735751067635,0.6455928051439609,0.47470776172670676,-1.3439825071440836,-1.0173730570098476,-0.8319786858446346
0.6581699185139199,0.5667317642578371,0.11890838558716944,-0.030191258182686753,-0.0886250341258598,-0.38078547914762184,-0.36960644848715535,-0.21679522565847978,-0.4238084904417719,-0.10902708983727057,0.353766868110247,0.11445985982637262,-0.15287893574290196
0.6351520857398006,-1.541898679317797,1.1074295905581595,-0.3546911925980913,-1.596138612786215,0.3984698892503538,-0.5287385848100054,1.396380874412134,0.8340598848471587,-1.0654578968323716,-0.4951078195169184,1.2462927766625929,0.5262208143588303
0.8373625639034036,1.551573652041886,-2.0876095154999987,-0.14299172051827128,0.48788965940592677,-2.211956580851994,-0.5255065944611111,-1.9537037696337218,-1.2043434611215669,1.455833748680827,1.2026415557374124,-0.6400954180644405,1.2053205644605633
-0.24745920080606015,-0.7919263549891095,0.40252707445998787,0.1480805966226549,-0.3852961522618484,0.4882480111409215,0.2112271352488852,0.6234788264662364,0.6695379680462702,-0.1986514063718537,-0.919545163330501,0.4917374987717797,-1.3752584859260204
0.6547420902815732,-0.40968024511400886,0.1611209051627427,-1.367387636736357,-0.7921631823722861,-0.34575385355965077,-1.0744808937076684,0.2959825213669291,-0.7080862670501012,-1.0509707280051552,0.7782042119238297,1.623570415608,-0.696158735824288
-1.0562652566494832,0.6886518210977275,-0.933470267960754,0.7318627291906359,1.2980170844101702,0.03809331147377811,0.9543500196409501,-0.8710249384095791,0.046238751570570905,1.1928579393194927,-0.07067047570333569,-1.6042493842582581,-0.017058985722555348
0.7190081363083508,1.103765912882724,-1.60538064110648,-0.6881741093178889,0.25367693915080164,-1.7549026005108521,-0.7500441339644888,-1.4576348241809445,-1.2849986930987938,0.7258198910474108,1.627078899550995,-0.4724164674220375,0.6620407643791769
-0.5212160193953346,-2.426765446109616,1.8195202439536562,0.8586866504937022,-1.360263709506454,1.7781248438689023,0.7338826740439143,2.240889309951769,2.3474003103270418,-0.7690346639689258,-1.6092558470275728,0.6594164494141828,1.3411405144809094
-0.6133900503501806,0.4553600940770341,-0.7203239374300231,0.3858771297712492,0.7938795255081655,-0.1154084313290239,0.5335272856620684,-0.6340532528960632,-0.04102879467819035,0.7986830926946805,0.08849352822675781,-1.2269717453128512,-1.239438535905674
-0.47319419591750433,-0.3003140455213152,0.42265528029376703,0.6098320947208926,0.14120046177446793,0.6658452762410005,0.576558294304848,0.38862586023174056,0.6582156447983527,0.10079346580406202,-0.7603811594004075,-0.09513882847663076,-0.5603387858039416
0.9956053423479027,0.08752362309029169,0.10081709167321766,-1.6169004744412034,-0.6907501563190493,-0.6370064981633193,-1.3895037711723386,0.012993868028833018,-1.2427617702899008,-1.176004899967071,0.9373682158539233,1.0366940883595894,0.11876096429779105
-2.07654024004543,-0.019821056677248292,0.3471773639658485,1.323583396333445,1.5583852759146533,1.758731041524231,1.8152956989431115,0.20561260120239905,0.9805766957742464,0.6429644170580692,-1.1848185032139902,-0.8496941063674446,0.7978607143995239
2.1211225481819436,1.5594326491722958,0.7754844647789804,-0.2823203859983752,-0.47871452458134384,-0.9245081403335789,-1.288937082587273,-0.34385872155471103,-1.3116572854257091,-0.7692081501959956,0.5129308720403405,0.28213881046877604,1.4769604645012562
0.29069057971637224,-0.9532600741468501,0.4419775813442662,-0.5579310390142689,-0.909552769259049,0.1323224483711233,-0.4510647870761285,0.726510598547351,0.26835548544624827,-0.7087474556504565,-0.3359438155868249,1.4139717273049965,-1.1036185858853274
-0.14880280371922847,0.7718554730873597,-1.5973221493940197,-0.058120086434820445,0.6708999788038832,-1.125639251509346,0.049238434689269424,-1.286872743405108,-0.5896173128436191,1.1488469817705245,1.361805559667506,-1.478490171276456,-0.42451883578359517
-1.3216629199220593,-0.6246277496457033,0.5433719619185521,0.9357977151759568,0.5492680958267018,1.3681474142220724,1.204735292400726,0.6190832205948832,1.1261559895503586,0.2329388892394182,-1.3970371751207815,-0.3466572544402353,0.25458091431813745
1.4590548777511194,0.11185201419459966,0.928071942017149,-0.8992514884451905,-1.024161140295499,-0.33144170238949827,-1.2592443251475012,0.46709185800299263,-0.7359568543702247,-1.3028215615191254,0.30071220013354916,0.7851756623959851,0.9336806644198701
-2.4081165093224066,1.0079269522449594,-0.07328376056571978,2.043254073619536,2.5527729961787067,1.6723643144633265,2.373809697194721,-0.5460736336796705,0.7775237215652417,1.445836798112905,-0.5481624874936162,-1.101212532331049,1.6127804145216027
0.3076949738307991,0.34109613818421225,-0.5858543158475428,-0.6099492019194178,0.013637839033426377,-0.6729471698131069,-0.4876935590096635,-0.5010364464491305,-0.6872119935897415,0.02054840872141492,1.1495868877607147,0.030620384505171475,-1.619734395962644
-0.004674503568596024,-1.2608744786161283,0.5558538996751644,-0.13409203032380984,-0.9083152051001807,0.4322454739703892,-0.06835672066670344,0.9447494256878535,0.7959279872424997,-0.5048678116156768,-0.9725998313071988,1.1624533013413914,-0.9406346458609117
0.13853065692290203,0.9007770024653393,-1.014134798502115,0.15415594551578488,0.5465159342510861,-0.8819509935048041,0.007036558477906945,-1.0227232017846957,-0.5259999374898525,0.8594952293650269,0.7251495439471318,-0.7239348933856421,-0.26153489575917926
0.8086395058907474,0.03710112675025974,0.9058430882966468,0.3179620097489938,-0.5856120953097285,0.11837302363406478,-0.26645621108174233,0.49199763838384747,0.20588525119985393,-0.4574459010069511,-0.12372514368003353,0.4078980234505782,0.41756485434255336
1.4873497037246886,0.16902957220830933,0.2886233140294388,-2.6020500470552967,-1.0042405270164505,-0.8451459755060251,-2.1743870417849633,0.07803273159581728,-2.0199316813286914,-1.9865523906844342,1.5740242315742974,1.5397309402867987,1.096664604444286
-1.3255872402466926,-0.2267080438756698,-0.1874727058084321,0.5223717057999608,0.8400130113756817,0.8070549437975606,0.9883457990356623,0.007865968568388967,0.5421690811468635,0.49518001952631086,-1.503146511074177,-1.3527309582946536,-1.4839144459422977
0.13354653926218069,0.43174871350661503,-0.14136612777101104,0.19446599903056908,0.2110928198026585,-0.2049560468577901,0.031018747005338666,-0.29589958939222116,-0.16406533085238528,0.23759545999159132,0.1946028641801535,-0.22089804145843303,-0.8048146958405652
0.2681234986368602,-1.1876725940870345,0.7975391870068138,-0.0035226213402825713,-1.0619865117709015,0.42287106543411557,-0.14593079275041002,1.0443158393330638,0.8393806369642102,-0.5957753095988157,-0.6542718234470118,0.9109348753777873,-0.12571494573883263
0.21393940213993962,1.1956695088838571,-1.833032179179905,0.13038963712034804,0.7026674208185175,-1.5679409905459483,-0.04604297150263895,-1.6319755369664648,-0.7524071451032894,1.4525793849370143,1.043477551807319,-0.9754533193492466,0.5533848043629
-0.5676605703454365,-1.1888241075373125,1.5056339685935813,1.3145201820468964,-0.4298172946329146,1.5692793062138957,0.9997491769660571,1.4440096167313514,1.8026763786057003,-0.2251095993891651,-1.0787091672605944,0.15637959748697358,1.2324845544646326
0.49735703909934414,-0.33215301945679565,0.10479674131909335,-1.021336307731996,-0.6168965301730575,-0.27621810533773816,-0.8070240007768109,0.22541000723563948,-0.510347710763981,-0.773428290092248,0.6190402079937362,1.288212514323194,-1.3480944959219512
-0.44428021454502836,0.37768806890734513,-0.12653732568948114,0.5988667298446582,0.6096280962246367,0.22133681556335544,0.5552268705682906,-0.2604679104529668,0.16956588821910848,0.5019312805374401,-0.2298344796334292,-0.5981756804038398,-0.6689947458202187
0.8670809373908916,0.5109112624530056,-0.5051102949427168,-1.43083682736444,-0.2872180175433755,-1.0122577450142716,-1.2221088311912698,-0.5405681278891978,-1.4070355336094564,-0.5984929105644142,1.4679148956209016,0.5336572364323806,0.010105004281513976
0.19737001758019249,-2.2437043696732273,1.4164328250827678,-0.1987155855018413,-1.7721143468477065,0.9511986078745333,-0.2110739332295026,1.922012853971966,1.445475616472343,-1.1891507378159052,-1.2909278391673857,1.6654901532686006,0.6892047543832466
-0.8529877541244766,1.278947680927634,-1.9522017737912543,1.1086682187658567,1.5709575953143,-0.8938894868091674,1.0442681921822325,-1.7408508914455851,-0.09707177470874356,2.207381915645251,0.4068215360869448,-1.6741156136925925,1.3683045044849789
-0.5535396296943124,0.09447282833806987,-0.06570688662838287,0.47546829670358914,0.48755917833834117,0.34671564639265307,0.5487177145456955,-0.0843473943483419,0.2802302949663925,0.37264716735768794,-0.44205315154022057,-0.5422826968563722,-1.2122745459016047
0.7130101260417816,0.3428859808460589,-0.3510488206845802,-1.20047382739749,-0.2920433345397602,-0.7827707223856076,-1.0175747323793545,-0.3695848506910061,-1.1197018799812026,-0.5562550183905917,1.2556962237141103,0.589550219979848,-0.5331747957998723
-1.7028562633485687,0.27706178666390524,-0.22772533536810433,0.9795255390390867,1.4900699480274282,1.0468571372298585,1.432669864350299,-0.26710906721965105,0.5188707993402047,0.8364181128218424,-0.8664904953538032,-1.2968379747471857,0.14592495430186037
1.0777253887317957,1.3648644195468487,-0.6777725868915166,-0.18202463331962657,0.170818053820504,-1.2967139968813712,-0.6752883256105073,-1.06554670623046,-1.1004865725746387,0.3803231417761042,0.8312588799005275,-0.16500505791096542,0.8250247044035928
1.7788583774779652,-0.7283098543285718,1.9432332892268935,-0.6571048279762401,-1.8739714811125856,0.22224000569757227,-1.3031063114163721,1.4600377657835812,0.03646597188574633,-1.8932262202239836,-0.017615807726637855,0.9668278589252547,1.504124454505325
0.09148352767817158,0.6150054248072758,-1.2870526419154669,-0.4104136993412846,0.37548025950901975,-1.0587532172363834,-0.26606235167636627,-1.033439452173471,-0.7356814540212198,0.6781162630448654,1.680133567527693,-0.919560335801779,-1.0764545958812584
-0.8184137435418833,-1.1344670603644627,0.5480665339248074,0.5102387623496728,-0.20059246846988107,1.010461553761849,0.7094172093126557,0.8770555639094375,1.1768286365285552,-0.06032977318861157,-1.675574181998445,0.21227258103444138,-0.39735484577952584
0.8513298434798701,-0.8670480085094419,0.7736094786949301,-0.9268285429833115,-1.2718189882797684,-0.014306215597774155,-0.9472739996120527,0.8702598865619108,-0.06214254067258259,-1.2066780807237591,0.02217519325588552,1.3441054978706617,0.2817449043222068
-2.2046137291195875,0.46758017667453483,-0.3892996762684541,1.3471081808799263,2.007870083335962,1.2824256982473992,1.8965455884933335,-0.45359145858363537,0.6522316824075656,1.2069289884904306,-0.8266994943712799,-1.5483564007107904,0.9608446544239398
1.4528333203725377,2.117651761235482,-1.6536563995003237,0.2564989293745014,0.4311311856299475,-2.3190018773740824,-0.6450803153328777,-1.9925969161097203,-1.3139203107677984,1.404993719008794,0.871049880883051,-0.41652348387457,1.6399444045256721
-0.33275835589021246,-1.0173570036007886,0.3936366847985456,0.07522011538363264,-0.48372256220805276,0.5426288990867301,0.21855317795732315,0.731362869706569,0.7761428212551648,-0.24164976022072282,-1.2511368381848624,0.7153094329616505,-1.5925704059585748
-0.38269701241763193,0.6354106922455842,-0.9552936940358255,0.298880734861512,0.749369705800054,-0.4623341848910657,0.36359237092400415,-0.8566626723233347,-0.23219617273166418,0.914264345068977,0.4466125370694682,-1.1710787617653835,-0.9134706558568425
-0.054206280134880595,0.04617121424880772,0.48344678483229303,0.6310111493961011,0.07444518049678212,0.411938492398649,0.3626194833135533,0.24937199577639074,0.4280544424613815,0.06998546870859187,-0.40226215055769715,-0.03924584492916313,-0.23437090575510994
1.1350611538800113,0.21848808833003425,-0.07760110236674522,-2.010127533773696,-0.7016579252228022,-0.8747939887158672,-1.6722595178000337,-0.1531580922274381,-1.6227514838273114,-1.3110201872537919,1.2954872246966336,1.092587071907057,0.4447288443466227
-2.3188301591624634,-0.31142338741099435,0.5768966900186516,1.4682996779727677,1.531004855207427,2.1099316229948712,2.0219671968520117,0.48112744789522194,1.2929732251207937,0.5705927366960075,-1.4633555100916538,-0.7938011228199767,1.1238285944483553
0.25762147315013095,-0.0036677127014169827,0.029327896284716357,-0.2710844834931357,-0.19776853476138828,-0.1623305214826095,-0.2816958545551822,0.01836742849448919,-0.19535497787659986,-0.20640978718111017,0.23439386516267685,0.33803179401624345,-1.4567504559382283
0.23398413478444274,-1.2226092593186404,0.5565380178085461,-0.4429100646997239,-1.0613961607257458,0.2614281792827713,-0.35980580550937824,0.9259719022802783,0.5432920199555281,-0.7156602653470824,-0.6144808224644885,1.4698647108524638,-0.7776507058364959
-0.18578645933256527,0.8839424246910365,-1.6511023496028847,0.1189502836161102,0.7799709713356268,-1.1405828886734355,0.1626933747889656,-1.373318778596769,-0.5397741017579677,1.3094324828521968,1.0832685527898422,-1.4225971877289882,-0.09855095573476332
-1.1186598010613253,-0.34663156991183935,0.7179504905608551,1.1562559396734213,0.5965634852868876,1.3571036207370428,1.2121704313794035,0.5782644884376296,1.0900677687483367,0.2531674413785914,-1.038918166278071,-0.2907642708927677,0.5805487943669694
1.807868946097072,0.4478743193281177,0.7481059547875534,-1.9685806401003445,-1.0453352370538755,-0.720732369230887,-2.0118171972571566,0.19737503206288196,-1.7550267293830577,-1.897063472236367,0.6588312089762596,0.8410686459434527,1.259648544468702
-0.6853154327675525,0.3185241633142708,-0.47544462658978826,0.44539025950914235,0.7493952311135177,0.1251760421918546,0.6036275320872994,-0.42750011783954883,0.09943406414330484,0.6570148591440333,-0.19004347865090582,-1.0453195487835814,-1.3209305059178817
0.5483289960754599,0.5487486949002143,-0.777642122262624,-0.9161771451011456,-0.01843949161289635,-0.9936914472742174,-0.7788351853942522,-0.7131293832260924,-1.058036965435595,-0.04527945334685253,1.5077058966034251,0.08651336805263894,-0.6418307558161493
-0.21859715024961882,-1.8509631522928138,0.9146065221929578,0.08799672803119521,-1.1730435140701245,0.8626401107953443,0.16396419165029177,1.4424750087126987,1.3764244675416206,-0.6205562369227623,-1.5694648460450495,1.2183462848888593,0.037268994285583085
0.008147398620906673,1.3011611721732395,-0.37655172808762816,1.076927436560579,0.9348199746224376,-0.2963916918853361,0.564784813703166,-0.8638613640160393,-0.13599733312649892,1.013470221643964,0.12828452920928118,-0.6680419098381745,0.7163687443873155
0.5086740465561932,-1.4032626860809623,1.9548022449098692,1.1131808687427391,-1.400086728658041,1.1430962638533342,0.3150002216949731,1.8045732886386876,1.8076692560130372,-0.6963929967464315,-0.7205901584178842,0.463791006998046,1.395468494489048
0.5516053489208426,-0.32158886211379495,0.005509840448463274,-1.306993310978789,-0.6503429210919262,-0.3917741611511671,-0.9871443321678325,0.16415651508745044,-0.7264331502471767,-0.894070325203896,0.9771592168364467,1.5956239238342662,-1.1851105558975354
-1.584910683916235,0.06832623180012201,-0.3362544222299781,0.7303528690512302,1.2497848257725694,0.8784384315165918,1.2376056795704162,-0.22374716348261087,0.48489121180412126,0.7474956279121944,-1.1450275022314669,-1.6321958760319921,-0.5060108057958029
0.3843108587665091,1.0761832853408753,-0.7048906871727657,0.32721374789283747,0.4872207371723303,-0.8198004696103606,-0.033564843109384686,-0.9362610137202613,-0.5239745458895381,0.7472549529665808,0.5527218730228639,-0.5003629591957715,0.17308894430592947
0.9519916400617724,-0.5950476050942891,1.3064675802487853,0.3150864671552238,-1.1513489401560184,0.32456973222897895,-0.3450024281407264,1.0343878416912913,0.65192198786536,-0.757472331627163,-0.2961528146043015,0.6314699576404487,0.8521886944076625
0.40129600032456797,1.6418857336350676,-2.9421679647096517,0.12265569413599095,0.8834686480857978,-2.5582480926163482,-0.15080151646374734,-2.4806030749197303,-1.0743818739787139,2.2725205601576173,1.4015965606500294,-1.254918237086585,1.5312884445093948
-0.8305565235292676,-0.6755127189954151,0.32283841116914774,0.4917866720381195,0.14051672251908,0.8453964744753023,0.7061897705004109,0.5202627124144371,0.8379969758568904,0.0946774852077317,-1.3572461741382582,-0.12308532025036467,-1.049290605877189
0.7357901301848999,-0.2799978035281968,0.3927345944368431,-0.8854114902746393,-0.7597615140311542,-0.2252323406323059,-0.8633026318510099,0.3615867645143586,-0.44806416693341666,-0.8951014734603517,0.3405032011160725,1.0087475965858557,-0.37019085577545635
-1.1572762328563442,0.55475067985783,-0.05104912088743292,1.096725648465659,1.277683911605907,0.7914785355338624,1.2014578334591532,-0.30659155196800836,0.40759784992852605,0.784774418932817,-0.5083714865110929,-0.8776405981411782,0.3089088943262761
1.3807489727552327,1.099196406100483,-0.550990311561541,-1.3658497955660445,-0.25081368128671055,-1.4164465071887984,-1.4637687203982845,-0.8610400936088799,-1.7766210245283416,-0.5201061275748051,1.189377888743238,0.25419231869504233,0.9880086444280087
0.8291930078317664,-3.2932620956138194,2.888469089984281,-0.07801846093739556,-3.0096740701452545,1.6333842414176056,-0.48677814272638864,3.2773408942737516,2.2776547015054285,-2.2021732615606995,-0.9328088303246754,1.3860252355312626,1.6671083945297414
-0.4098819695910391,0.5102107210739574,-1.1035375507912908,0.09043217463306197,0.6794151746948597,-0.5571996949420766,0.2680331752074058,-0.8775203807172444,-0.2956568486289165,0.8826202901932594,0.7649405449296552,-1.5064366630501898,-1.5654064159545054
-0.1685352352953925,0.3237510624365644,-0.08243998692565385,0.40194098811481055,0.36177887070706616,0.057390412723348876,0.30298616898929,-0.20860096002559933,0.06400053597633219,0.3350298011884003,-0.08393414269751015,-0.3746037462139692,-0.8863066658527732
0.8023159452948977,0.3455366284380709,-0.4565019005996203,-1.5305514335395896,-0.3577644022944807,-0.9282540847926353,-1.2400088434680923,-0.43035083923327694,-1.362614779532574,-0.7025566793618534,1.6138152325568207,0.7572291706222515,-0.2072069157510406
-2.0219458929548284,-0.25733310253374225,0.1510019953490009,1.072912564667836,1.3452698391478468,1.5681687063206868,1.6534798348868582,0.21398393744756233,0.9659030420441643,0.6182314463178354,-1.6225195140217472,-1.1291590241047829,0.471892834350692
1.3452945164704089,1.4228041071246305,1.043406803235122,1.1755728097640235,0.010069452578837177,-0.1607765330600584,-0.10156113250058812,-0.12442126069638755,-0.15019703865590675,0.024178322149265873,0.07522986123258335,0.0026738927314374048,1.1509925844524247
0.012650968549077515,-1.030100425631183,0.43573022338229334,-0.22438797353273976,-0.7545429125672704,0.32712082126092185,-0.12538805160368166,0.7614707356106271,0.5663928032908901,-0.47697988382699186,-0.773644826394582,1.1345068095676578,-1.429586465934159
0.09249256985274512,0.7336424869416703,-1.0453246629667616,-0.06048025489382991,0.46051352532814277,-0.8729635947682366,-0.08166261173496143,-0.9566027987018393,-0.5642512197933057,0.7365485542420929,0.9241045488597488,-0.751881385159376,-0.7504867158324267
-0.43540819093331395,-1.1600468897404057,0.7464086760591552,0.5384015085963578,-0.5091704627688944,0.8885205612709745,0.5185034917603966,1.0016612808585654,1.215527822855822,-0.18872133238356115,-1.1980821702081645,0.3799515316768444,-0.07138696573069421
1.1429117973978333,-0.5499805765299344,0.6897406413334725,-1.6744149671492605,-1.2633549416956682,-0.2883597709110267,-1.4990517504167897,0.6642007014514474,-0.8328276978736704,-1.6533328994813856,0.499667205046166,1.5117844485130647,0.6077127843710386
-1.8138710165101075,0.9793573624414333,-0.6798458363272222,1.5486747075066134,2.0820449723009555,0.7777101517462323,1.7931194496700402,-0.8736543220363888,0.43661841293018794,1.5603507568590174,-0.3492074825809993,-1.3806774500683874,1.2868125344727712
0.2925760072821798,0.49745304324482353,-0.8404674898265944,-0.5702436971881267,0.13816478111418426,-0.8585486049298277,-0.4585851852992668,-0.7228521213873275,-0.769060664440332,0.23701967246635167,1.3485418926733315,-0.24884453323216693,-1.2937665159138128
-0.303700353582876,-1.421851115595405,0.6235387375735681,0.1550308844476058,-0.79825766523527,0.6991560233221259,0.24512009906414423,1.063516631797414,1.1211732628839632,-0.35835350150449785,-1.4103008421149559,0.8829883836040535,-0.61466676581208
-0.3293499598263408,0.9549232946475901,-0.9131404991574378,0.6436290926300605,0.9400352477664791,-0.46810990234479105,0.5171293166850983,-0.9929141669690988,-0.20695494261156144,1.1176514703215183,0.2874485331393747,-1.0033998111229805,0.06443298428965241
0.17837970997267774,-0.17028263560511128,1.1363055698523046,1.0856071094602284,-0.25824754279690265,0.7486902822705174,0.4779022454262261,0.7257549157882542,0.9134620817136223,-0.10619957744549506,-0.5614261544877907,0.1284331057132395,0.7435327343913852
1.8704959867191837,0.2837969676756508,0.6756787027343287,-3.0080123082019177,-1.2114269808092597,-0.821579396573697,-2.59481404459468,0.2387209919722347,-2.397738805177358,-2.55095711925697,1.1363232207665401,1.2602660225494595,1.4226324844931175
-0.9485018128332348,-0.19986147841066484,0.06278550232966362,0.573391223914852,0.5738331721930335,0.7294220496184586,0.8126930449653403,0.13547913052737842,0.560393459784112,0.34372628088861173,-0.9858634983013733,-0.6261221721775737,-1.157946565893466
0.7264513717599143,0.2988100935863317,-0.015101451324012279,-0.7807211780031211,-0.33409877016312894,-0.5332083925025859,-0.8029552398584215,-0.15815526920695308,-0.7819384651530472,-0.5203808481528001,0.7118858769529574,0.5057107446586466,-0.4788468157917338
0.7077133521820488,-1.175492569877924,0.796643462338104,-0.9311040285641076,-1.386112382025823,0.10657606635323626,-0.8723650984833649,1.0377112391318175,0.15339478802058407,-1.2267268874328028,-0.13698881067420798,1.6375436614948666,0.2002529343099988
0.016177591480676993,1.0871320453860953,-2.269272623744866,0.012601251137177343,0.7739537474773529,-1.7625550216357233,-0.0020327639243457258,-1.8235068522123876,-0.7614769145102636,1.6969407304511859,1.5607605645801228,-1.590276138371391,0.8793526844117314
-2.246228410436691,-0.741342105813046,1.190993873308581,1.762573666641979,1.1651039093829414,2.5316362889442217,2.1384821347181395,1.0425650917369897,1.8126357190198392,0.3140786469431442,-1.5164101780683517,-0.4584432215351707,1.558452434513464
0.4468898711389767,-0.1842963239366627,0.2539603575727956,-0.44110619146235475,-0.47174503479170576,-0.12489251885468666,-0.47325171070364225,0.23543970652391508,-0.19146114990261046,-0.4893113308603937,0.18133919718597902,0.6733896953010495,-1.0221266158731197
-1.3085142790110402,0.30121811265683907,-0.30106659057564156,0.8081000881402667,1.2088748612718274,0.7071498809928909,1.1301812571771137,-0.3205452393451034,0.3765654776868485,0.7742559641460465,-0.6675354904411863,-1.2129984994259844,-0.343026865771387
0.854329297450708,1.0041383009669627,-0.7376357742212325,-0.5581324622424833,0.07913808236440116,-1.1825162352118213,-0.7540275890751437,-0.9186378100005511,-1.1194108752972827,0.16875881274209995,1.0302138848131446,-0.08116558258976386,0.33607288433034543
0.23286865663957845,-2.4496516191073603,1.6112762717415303,0.2720448331042567,-1.9479397323568446,1.0760509219864753,0.0186515143614428,2.1349740865024094,1.9352388558597888,-1.0135612027104557,-1.091972834254769,1.0506673342464563,1.0151726344320784
0.6006941355140746,2.1370106506632864,-2.221273526825695,1.1546190317931295,1.0905203382777047,-2.145173660193685,0.28745597960242547,-2.3222287754401334,-0.6718063539201381,2.4388631158640086,0.6057765409995617,-0.8357208604805774,1.6942723845338108
-0.013127413305778754,-0.26275469548736186,0.15575450309927857,-0.02879068736144492,-0.18007997324070824,0.12960292106167165,-0.008162382641893486,0.21937780512930366,0.165245496767309,-0.13548725689023358,-0.24309814662760365,0.2961120563556429,-1.6947070083738753
0.6013930075585067,-0.10569233677040007,-0.18871171918696425,-1.4556516908098749,-0.5319160014016545,-0.577377997927356,-1.0924632573780906,-0.05343676376374561,-0.988039730775543,-0.8507936096056791,1.4546512286267272,1.4279449731918632,-1.0156072582721427
-1.6758840963111301,-0.023598565118285782,-0.20152352981716812,0.7882945128783126,1.2522064498500676,1.0477094109644036,1.3171103410898797,-0.10177048684935996,0.5923685667530382,0.6867087810388893,-1.3041915061615603,-1.4645169253895889,-0.33650750817041053
0.5539227827440667,1.115397826418578,-0.2881094023437577,0.474682654278985,0.38712058169281205,-0.6199906325016853,-0.04676312118237186,-0.7209810934222658,-0.4440873442213098,0.5375817618761762,0.39355786909277035,-0.33268400855336844,0.3425922419313221
0.8815472766390723,-1.2960682059217616,1.5213083291926368,0.2382206711652791,-1.6049693078065232,0.5409135557317178,-0.34777504745256343,1.5065520347043626,1.0927524960355102,-0.9696560943701956,-0.455316818534395,0.799148908282852,1.0216919920330547
-0.09741373679710032,0.5400289594835092,-1.1376097933783775,-0.18770742724057776,0.46432387814651,-0.8078261857116588,-0.04686180649149895,-0.9116580743618619,-0.5199022379782203,0.7185767604770852,1.242432556719936,-1.087239286444182,-1.558887058353529
-0.4533233398802555,-0.5125692814465779,0.40496590607707683,0.46243353240949686,-0.027350722590655713,0.6379300962337704,0.4879801923492716,0.4849521485950367,0.7010500890813435,0.013586423797696352,-0.8797541623479777,0.04459363039203836,-0.8797873082517963
0.8522679321903185,-0.11019052568321626,0.16591342882747875,-1.4491519606478986,-0.7251754633394167,-0.48386983515032617,-1.2238291125411667,0.14870012159390145,-0.9801045969495971,-1.1102121915416405,0.817995212906353,1.1764265472282582,-0.20068755815006414
-0.3012195028978865,1.0421287085309143,-0.2448187529460154,1.0500803361956428,0.9817962842865645,0.027361906567952454,0.7168260776261138,-0.6598873598309467,0.028028709221335355,0.8971786540170726,-0.030879474720812313,-0.7099616474987753,0.4784121919516692
1.4426453597404019,0.9995646223976263,-0.7994672199154776,-1.9290986245603634,-0.3697454646160834,-1.6526065137748134,-1.7947074867770305,-0.9511985720611149,-2.1172943972838394,-0.7187699961527793,1.6668699005335186,0.421871269337445,1.1575119420534015
-0.24191471734210962,-1.381924658337384,0.44767939850610783,-0.16806999660812053,-0.8161780301262287,0.5191062724006428,0.0411604710219231,0.944398574895106,0.8569298098066807,-0.44752158253440266,-1.6490468480100962,1.5537041861736653,-1.4230671083331823
-0.7309375690775645,0.5668496105937737,-0.7989759743452279,0.5170128130749119,0.9635355153563548,-0.09170195712324825,0.6659943283640785,-0.7342190865398162,-0.024305117347795047,0.9464951679145677,0.04870252724423444,-1.3387577124077867,-0.74396735823145
-0.637842219120295,-0.20742004995959895,0.526591950944449,0.8501497826012078,0.3330810475660469,0.864250590278901,0.7920368901934893,0.4006886075568447,0.7678502643507168,0.18710312859277017,-0.8001721603829309,-0.20692479557156615,-0.06486760812971752
1.267497190672303,0.2699279799374733,0.20134688186612357,-1.8200026488876155,-0.76476070452021,-0.7546440204072993,-1.642938376516841,-0.021690235296964632,-1.5203821175221008,-1.3890983718925753,0.8975772148713999,0.9249081212646542,0.6142321419720154
-2.660992388582593,0.05889568666624966,0.44682704013091357,1.6384590211067342,2.0579621342285557,2.2552272594561407,2.2957492480863233,0.22235891968308993,1.1547064377028022,0.7832323798272748,-1.2246095041965135,-0.9614800734623797,1.2933318920737475
0.32072075050218,0.21929073980345398,-0.14471606961316882,-0.30662576503398586,-0.08431636661351312,-0.3419226844607355,-0.3343843615993444,-0.19138935995573447,-0.3793658991424579,-0.10112056550044149,0.47313987105781713,0.1703528433738404,-1.287247158312836
0.3743301990255968,-1.0390813646796653,0.5763815728192386,-0.48768219075049035,-1.0349646822474685,0.17597763642347264,-0.45887938582978693,0.8452463969798913,0.3804931405317993,-0.7609107404658332,-0.37573481656934826,1.3021857602100608,-0.6081474082111036
0.4389741893919508,0.9602730641826942,-1.3864999221917667,-0.36902661733047576,0.3619946386044288,-1.3849665893888763,-0.43090394180024955,-1.2624020084748553,-0.9502228882307628,0.780287679912033,1.3220145586849825,-0.584202434516973,0.0709523418906291
-0.4867019408290801,-1.8311457647736238,1.2156633082977337,0.6857028562229616,-0.9556558451902459,1.2874175258557223,0.6239144755995423,1.6022409464740057,1.7988409485781953,-0.4375492829198154,-1.4368281761033048,0.5476304823192474,0.750052091992362
1.6177690321580125,-1.1035945876558877,1.9968682855422502,-1.9092280283038665,-2.0233697139239437,0.37927826726850145,-1.8783038284301972,1.6782107475097225,-0.6118336283725825,-2.7857394093976953,0.2609211991510258,1.6794633991554677,1.4291518420940936
-1.1685697580595333,0.2299960248606083,-0.5692905807120473,0.5432902858836375,1.0513770625315364,0.39971857388143445,0.9150322052651912,-0.43606165053910667,0.2336824560087568,0.793500195777391,-0.5879534884761396,-1.6601423678057259,-1.1514272082924895
0.3195394171760531,0.7941416767642153,-1.0659774130010917,-0.2705654593266771,0.33230650142214646,-1.0519074364291778,-0.3146915157747363,-0.9985415489565614,-0.7605510201460968,0.608861076626187,1.1097958867781912,-0.5283094509695051,-0.47232745819075717
-0.10001621655787293,-1.3720555303415676,0.9290845732237092,0.4490568564103422,-0.9165111273132538,0.7886759091035432,0.29107030627858593,1.2107998126059973,1.300580381409136,-0.3854713706110359,-1.0123908322897222,0.6035234658667149,0.2067722919109755
-0.21472718857962006,1.287153999761964,-1.9289164744651797,0.6377012827649754,1.093489732990062,-1.334162521132975,0.45240692094739726,-1.7318358535641774,-0.4468052977179788,1.8693619194857665,0.6853585429646085,-1.282864728860319,0.8858720420127085
1.1688961792322274,1.7852812080708487,1.596558845835744,2.19278872405368,0.40581003910530417,0.39267348133513447,0.5308265511874531,0.005834855600471548,0.3356447769990273,0.30528083356813485,-0.1635161446625569,-0.15103181202409835,1.5649717921144408
0.45674841469218797,0.03133224747738126,-0.3575665079403399,-1.175662531395746,-0.32327058279996995,-0.6038163917019355,-0.8667663650010002,-0.21723321010842547,-0.8807202767491299,-0.5345110420865272,1.5342332305917739,0.9808011048121213,-1.6675430183698063
-1.3343333770258399,-0.3651689115667502,0.035687079281940086,0.614938736062565,0.7465031910159524,0.9855213351864697,1.0419675342907178,0.20299067327419779,0.7079209498205403,0.3921787096767839,-1.5429375120567006,-0.9055870899149121,-0.9884432682680734
0.5521797983436723,0.294959205029133,0.3051693987815602,0.026009986453780897,-0.20489476770321632,-0.16097329315555073,-0.2829527678527221,0.024293675027293456,-0.19010615733174832,-0.20933792091096018,0.1548118631976301,0.22624582692130824,-0.3093435181663412
0.4406947430991543,-1.7195873259557681,1.0512237393898591,-0.3081045544651113,-1.5773646571149686,0.4947130058150887,-0.39963076055668145,1.4536865174632416,0.9940442810694499,-0.9919179759019816,-0.6940628244295353,1.3580787437575284,0.36975623193539187
-0.18980798169879828,1.2459348737113376,-2.3157187371064074,0.45184888450828603,1.0448071658168074,-1.6505047204448346,0.34079313857065724,-1.9292142289372913,-0.5533003526922536,2.0305939652733525,1.0036865508247956,-1.5343831548239237,1.0488559820371242
-0.8244209129770554,-0.38935289965255876,0.11866419732428317,0.44896643765330074,0.3428185335781144,0.683453324403802,0.6802622121114988,0.26187194549948933,0.6038666363740118,0.2174274372069769,-1.118500168243118,-0.40255023798770295,-1.5317230683494596
0.6091272584945788,0.013008420537213046,0.09333998082436254,-0.7936700038461955,-0.45193017686257686,-0.3653035020977327,-0.7467577645493362,0.046096427015193786,-0.5887864726653291,-0.6098795368427822,0.5792492070112127,0.7292826788485174,-0.852623318247727
-0.9790006360966431,0.5897991388724921,-0.5017557230443582,0.8037089827249938,1.1680092254457701,0.315726268475953,0.9508050960150481,-0.5781841770524626,0.1687809698333825,0.9205805295432763,-0.2696254806159526,-1.1571055158785168,-0.1735235681459946
0.9119219913649359,0.9698496393754831,-1.0048136891247976,-0.9908884064454505,0.010721495165185335,-1.4300158478065286,-1.013687608404015,-1.0520607691006143,-1.4111163236479318,0.07286518853380368,1.4281238946383783,-0.025272599042296073,0.5055761819557381
0.073478181385472,-2.7053057148101356,1.8263734161760008,0.3470716664143306,-2.012108610959938,1.356451505499904,0.1439478990013371,2.3842443651249647,2.1712617304550665,-1.122507478401715,-1.3307188401499093,1.1065603177939236,1.1846759320574707
-0.22446035599338837,0.4624737621518853,-0.635810488637979,0.17119502064782824,0.5044584416595389,-0.32943135833357323,0.21108542622893234,-0.5899798168775273,-0.2028398802519348,0.5896208044141117,0.36703053510442146,-0.7798278769331097,-1.395903118329113
0.04819110148524861,-0.428344269992286,0.4994032538120777,0.23586985410731656,-0.3462743011407321,0.35073401168687895,0.09876441809785086,0.49600201510448017,0.4758976777964984,-0.2109498554418677,-0.48184415252274393,0.35200503990311033,-0.7168033682273807
0.9032589858387919,-0.13097425627227277,0.021417200238694752,-1.7974430254892362,-0.7788254619062034,-0.6319702520663822,-1.4353017203596272,0.07766336900862168,-1.2197047149504034,-1.2398674733288113,1.215905222731587,1.4838379567393307,-0.037703618125648194
-2.043875105300696,0.357388202492649,-0.25183219613980173,1.1913887415544113,1.806440602505322,1.273091344067828,1.7278782861434534,-0.32092414962746324,0.6166362744434705,0.9986178537948825,-0.9062814963363265,-1.4086239418421211,0.6413961319760847
1.341563055770179,1.8114546914557323,-0.9307091310964454,0.14402576092060637,0.29396493761330406,-1.6812988943721,-0.6447349267708393,-1.431765494024022,-1.178985857869457,0.790527802140414,0.7914678789180042,-0.27679102500590064,1.3204958820778168
0.3193970687982809,-0.46822397387463816,0.3226201981066911,-0.40770932619805367,-0.5805196499695701,0.01961804730894826,-0.3870963839932373,0.4163300318341849,0.03420551961006978,-0.5176539701542091,-0.05740680870916123,0.8550418918303194,-1.2600831683087665
0.10384794638835125,0.7350580389545971,-1.464884097573703,-0.3414279068410094,0.4529369639566307,-1.20484262611467,-0.23624664018202562,-1.19379607004572,-0.7704121939494941,0.8573990329824172,1.6403425665451696,-1.0313463028967147,-0.5809834182070343
-0.9348395462971801,-1.1340354603984333,0.6833138328505995,0.6939518010056347,-0.11210234265910879,1.198404548578229,0.8690689749485501,0.953071460196967,1.310676143746054,-0.0358593157806443,-1.5959921800333985,0.10048661393950578,0.0981163318946982
1.1678465637695226,-0.7572588728834158,1.0290748785727404,-1.0616542834320992,-1.4321421175936417,-0.0444359611190688,-1.1886020944842433,0.959270646685852,-0.23842747095569897,-1.4885536304272973,0.10175719522093227,1.232319530775726,0.7772160819964312
-1.9842852325874016,0.6287224882844497,0.7505652757853444,1.9418587274529633,1.9575357685827914,2.0037451888254205,2.0924871291111478,0.1081929159769222,0.9723032464064221,0.7638422390382179,-0.7471174924062332,-0.6540686639513075,1.456315832098163
0.5281669009709118,0.23202434057587698,-0.26479120714171517,-0.8239771266096133,-0.2322220503167749,-0.5835071710428733,-0.7192733549694874,-0.265446578233699,-0.7661803335326838,-0.3640635960174342,0.9506318828480977,0.4777642528849128,-1.12426321828842
0.04309319327385787,-1.615932157990444,0.7123475452736586,-0.2675746580177261,-1.201268483100714,0.5186990167856298,-0.16456979693190876,1.2107689513437634,0.9501583971699525,-0.7121928801530231,-1.1715548362198156,1.609597169721133,-0.44516346818668784
-0.6009031523285999,0.9158277435231249,-1.4970412843013996,0.5383161274860276,1.1174292271591375,-0.7236780921675278,0.6073827051135039,-1.3024504604574374,-0.2561428037258617,1.4803683853412029,0.526194539034515,-1.618222630145125,0.2339362819150448
-0.37635405798370525,0.9860765428480411,0.5077776158075648,1.5040081103213305,0.9981647880277595,0.661998077417939,0.9971011907879748,-0.20761618630394968,0.3992380591893985,0.6463329203004405,-0.32268014859265043,-0.4863897133089044,0.9130360320167779
2.0336758017508827,1.1059374727051807,-0.1996750014981737,-2.7182664327577304,-0.7404490654286888,-1.6141456417222468,-2.529361968534224,-0.6663973870197425,-2.768980192007896,-1.7023890777442336,1.3750692266616804,0.6454432035273154,1.59213578211851
-1.2381824561009838,-0.2171850437627493,-0.17876696655953034,0.4983364531409632,0.7807017771624594,0.7510198440836261,0.928678376350028,0.008003857455583487,0.5178667769730517,0.47233654316577195,-1.3837735081266072,-1.2409449911997181,-1.6403790283657367
0.22128754219750196,0.38230228647281883,-0.16696946024856027,0.01441556706922781,0.10888066679178618,-0.2877049544947176,-0.11128429099024094,-0.28556824194377395,-0.2604911779460613,0.13404283979037185,0.31397586712772363,-0.10911207436349762,-0.9612792782640042
0.33744050563012484,-1.1050693544934462,0.7222988667942979,-0.1806532432329025,-1.0547473998919419,0.31505044599695814,-0.2767910469908177,0.9605391925106613,0.6514756052418644,-0.6604093581331297,-0.5348988204994417,1.0227208424727225,-0.2821795281622719
0.30372034946613174,1.1218280720049756,-1.7120043572905552,-0.05028645196027314,0.5812679652733673,-1.5390158465894654,-0.18977278316697996,-1.5267786874112752,-0.8319960018439938,1.2395057790266888,1.162850554754889,-0.8636673522543113,0.39692022193946075
-0.2284663725759984,-1.1985031345214414,1.441971024269467,1.1263166952243415,-0.6937143142988331,1.276633100133721,0.7180254809394443,1.4129732775296489,1.6721053877530356,-0.3058971702883909,-0.9593361643130244,0.2681655645819092,1.0760199720411934
0.47450639599820416,-0.33623161567889837,0.05206058955750723,-1.0829198066995873,-0.6025396357994094,-0.3005029758193187,-0.8272930606226949,0.19772786490341465,-0.5524267064113987,-0.7761261493291527,0.7384132109413063,1.3999984814181294,-1.5045590783453904
-0.9009797028335877,0.48126843639008027,-0.7611200344486374,0.5388394573483598,1.0304294779193193,0.05958905750945095,0.7688974811503808,-0.6700227759578201,0.05230278620957117,0.933192409663457,-0.11046147668585907,-1.4924634171633226,-0.825459328243658
0.5035903298062933,0.8029989786574783,-1.216701824872404,-0.6871386643165167,0.1993164745635908,-1.3003438630307231,-0.6337478376556513,-1.0879329673731768,-1.0710258899441454,0.4373442642104811,1.5872878985684717,-0.36063050032710214,-0.1463595781419255
-0.3634855444108067,-1.9198159149807787,1.1234175940412714,0.4559568176094243,-1.1131024961787603,1.1277786648885597,0.43628524787910467,1.5946525069275652,1.6939317785871517,-0.5253585740369972,-1.4898828440800027,0.7712024165091184,0.5327401719598078
-0.5234914266546676,1.4640668364148042,-1.2514145365852003,1.2727004876828072,1.455282176331905,-0.5897335968038667,0.9539140974754284,-1.4385598910376882,-0.10852268530928415,1.7976841170748867,0.20786653117432793,-1.115185778217916,1.21183992206154
-0.33181058816880454,-0.32604175745483893,0.23726513958474982,0.30344863730634464,0.015513947369587958,0.42129426242673135,0.33866406134352156,0.29701521767405414,0.4527227165660579,0.03009978601381035,-0.6410081564528375,0.016647138618304247,-1.3687391283250439
0.6985839136749515,-0.04788487027021925,-0.04998701479880459,-1.3748319249397964,-0.5637200134374892,-0.5401181624440216,-1.1019724881793875,-0.004194520861103118,-0.9700026958220856,-0.8989734905376381,1.0567412188014935,1.1484800554545245,-0.6896393782233113
-1.4207594643068124,-0.08558721590427329,0.2122199087947052,0.9458353659337753,1.0141516678721079,1.1837813728780182,1.263287156562687,0.16247945895352334,0.751354598804649,0.4861540667076828,-1.06544550026642,-0.737908139272509,-0.010539628121578873
1.2983710343823174,0.8059606654484054,0.26453536450916876,-0.7510900166077836,-0.4004887136317816,-0.7280545346503055,-1.0946008887244965,-0.25451792139747953,-1.1198248991572641,-0.7082565207297817,0.6323038749879106,0.39392477756371125,0.668560121980154
1.2927409308517812,-1.7310203823740546,1.996275988554129,-1.0318825368838178,-2.230951469373238,0.612175431586857,-1.2399762309508113,1.992090168009298,0.47362213305764417,-2.1878878714937064,-0.21657081263925473,1.5257576943999316,1.3476598720818862
-0.13217278748492317,0.5988767771716548,-1.3441452070106592,-0.19497607575755901,0.5332078431494788,-0.942230852692561,-0.032026474773723494,-1.0575424480736995,-0.566927857115922,0.8672916085907588,1.4811785626150762,-1.3667042041815205,-1.2329191783046973
-0.948378781778637,-0.5895471417099927,0.38734744738810345,0.6558766425999881,0.29192205983454717,0.9797613612336975,0.8562209754784735,0.5135718371574579,0.896879163696166,0.1584159392151163,-1.2776641721732114,-0.23487128734529988,-0.5538194282029649
0.9669655625083001,-0.07275078941205208,0.47399752025099917,-0.9945723368005227,-0.7849684304173303,-0.32850353505020996,-1.0452107939282897,0.30360176665836036,-0.6746965881339386,-1.0298927490056988,0.4200852030811193,0.8969616294909204,0.12528032189876753
-1.3776591294496932,0.8343428276762075,-0.16164655295554933,1.3430212294604218,1.6467954897391157,0.8643671092927455,1.4500434409025296,-0.5089487612575065,0.38924554275514817,1.0347699972552444,-0.4287894845460461,-0.9894265652361136,0.8043800720005005
1.751689466145703,1.5040392973198355,-0.8579894121618883,-1.4678808426224228,-0.23897521589648854,-1.9196399034865979,-1.7170077975034572,-1.2368242177109152,-2.138124717564239,-0.36117191192825604,1.2689598907082849,0.14240635160010634,1.4834798221022327
0.05424646975026821,-1.20092672776182,0.512214803537478,-0.24515412336432374,-0.9095866870737374,0.3562717752955016,-0.15871332798267396,0.8901305976301472,0.6723291317111093,-0.548025424682266,-0.8532268283596287,1.2742392684363266,-1.0970992282843508
0.22636694134376178,0.8348186676653869,-0.9776419728626247,-0.0212364629658645,0.4322903218256571,-0.9168557461561857,-0.132855883184349,-0.9691222784299115,-0.6073188818640983,0.7129142718112048,0.844522546894702,-0.6121489262907066,-0.4179994781826183
0.8518329490968811,-0.0021853310311225156,0.777065661764044,-0.006340075449650384,-0.6467374206484962,-0.01200067617717162,-0.46106065981463296,0.43908689649199195,-0.003080534458417958,-0.5824613034112418,-0.004352140732463396,0.5196839905455134,0.26110027191911456
1.352549149834783,0.10850016036654574,0.20127148162465205,-2.4450324376259567,-0.9459203986359469,-0.8157653170396522,-2.0189707841980766,0.059109913583117846,-1.8623622085398288,-1.814643805957548,1.6933972345218675,1.6515169073817337,0.9402000220208472
-2.9554246879131574,-0.2542979250682073,0.09698448482064786,1.9223663360861918,2.05445838764759,2.1966813313556504,2.6040013691830075,0.18201699812470823,1.5840512410176124,1.2368395363954052,-1.6921537657411632,-1.5763028924845242,1.6192997721225795
-0.23669905931900992,0.20849226105942012,-0.2577059283755329,0.19571279888543386,0.33005009417136805,-0.02890416665112102,0.2306193622702487,-0.24966815952552912,-0.004886144580973812,0.3250023485200546,0.005595609513167447,-0.44446997564830365,-1.6132150383616675
-0.08309556675011705,-0.9416593158838058,0.537890452745357,0.09907336529133942,-0.6180668888933147,0.47468758135292777,0.09701007088318046,0.7747621871870843,0.7398984233790284,-0.3327335259852226,-0.8432790781139979,0.6873629411879164,-0.934115288259935
-0.15450209801722736,0.8799958864318141,-1.4165186083171273,0.19129849271664565,0.7534228685541161,-0.9820418525461517,0.18412001314876517,-1.2391194090346498,-0.48414525272766806,1.184164040376015,0.854470297140333,-1.1990252535391175,-0.25501553815820255
-0.9726229920158402,-0.8282676278650026,0.7740402085822825,0.9426245874686264,0.13764304219125423,1.2955344563442397,1.0207959671818878,0.8510815495423153,1.275503547834191,0.06596816784689828,-1.2677164219275805,-0.06719233670289686,0.4240842119435305
1.5754461978368577,-0.1428345092804779,0.9856897016430183,-1.6399868981241923,-1.2965005227381616,-0.37054784902025756,-1.7132672229720214,0.6271144395633139,-1.09631707474165,-1.8500786769637234,0.4300329533267501,1.064640580133323,1.1031839620452628
-0.6907253109205889,0.14066664595392095,-0.25818610468673775,0.442597204396121,0.6248672317477169,0.2966938286682194,0.6050582405815842,-0.21597191219546213,0.2234794528162992,0.4934706018636204,-0.41884173430041527,-0.8217476145937105,-1.477395088341321
0.5815806443723128,0.42513269560279987,-0.5203411561731797,-0.9442961187479121,-0.1330216812228825,-0.8190345204925311,-0.8115631246716017,-0.5061952999365376,-0.9909377731903131,-0.2558608431002659,1.2789076409539155,0.31008530224250974,-0.7982953382395886
-0.110483868418108,-1.8055026249848547,0.8613566277175978,-0.06887594119218833,-1.222049080340078,0.7439331937409844,0.02296423520870573,1.3896942265543637,1.2296433178698474,-0.6877571212268125,-1.4799350938343718,1.44191821907873,-0.11919558813785616
-0.7903202463446868,1.0109377177795587,-1.2685008468151762,0.8366954667944595,1.3296718688896292,-0.41134721032182386,0.866856236366864,-1.221264648274779,-0.10568053249996594,1.5135075946445802,0.2178142814199588,-1.450543679502722,0.5599041619638767
-0.7083157569073889,0.5104458114535005,1.0853604118423283,1.769013359018676,0.9056114887581577,1.3459853672812412,1.3155288862794756,0.3561326117846695,0.9299332324493971,0.3970559148183052,-0.6310604062072066,-0.3187107626665014,1.2390039120656093
0.519543452236638,0.05488721764046552,-0.20782026432280387,-1.031334375942189,-0.35379518738726673,-0.5333579444139842,-0.8242293216795726,-0.14462512026264965,-0.7920253312528437,-0.5476462842271257,1.0666889690471242,0.813122154169719,-1.3415751383209744
-1.36155914975338,-0.02555435248371739,-0.09677033759918938,0.7301806397776227,1.0127301726323505,0.902865733879157,1.1175026193485271,-0.04174697375530755,0.5513183288141538,0.5691999420009206,-1.0554977500207892,-1.0732660405573151,-0.662475388219242
0.7838778686711461,0.7805994416325068,-0.1804948535860185,-0.2745472420717512,-0.029165496020251674,-0.7020531196167027,-0.5662958902867555,-0.4926580387597415,-0.7538584266873177,-0.05265758538231121,0.6422516252335415,0.058566876278905215,0.01662436188249045
0.9302547207142922,-1.1655674018399316,1.128985094359504,-0.594307910876059,-1.5474818457559099,0.20323266535659198,-0.8139430472968372,1.2200648560293808,0.3922986504663602,-1.244657605661725,-0.2066230623936239,1.1903997931151251,0.6957241119842233
0.9075890890182758,1.5565545288936269,-2.347107485758191,-0.40859067366198176,0.43830397802055465,-2.46260091993407,-0.703611597326996,-2.1024640201937044,-1.4018237908412037,1.4680483829968598,1.4911263128607068,-0.6959884016119082,1.3748238620859554
-0.5965223105376082,-1.069220990346489,0.41981801607005853,0.27362660154281415,-0.3214619999252649,0.7521995949985593,0.4651387753398202,0.7720933126087182,0.9577928448494616,-0.1260279886136083,-1.5860444297877676,0.4358445152243118,-1.205755188300628
0.5842466748353466,-0.7882901209097137,0.4559595559653255,-0.9655724942798004,-1.0125797151113773,-0.06764806955057709,-0.8242403375340699,0.651774988400228,-0.14626693776545782,-0.9967254713432347,0.11170494546656312,1.5676774320605322,-0.5266554381988956
-1.6159670964197854,0.37606345880900993,-0.3118281855557883,0.9726768762399189,1.4958595758831583,0.9195823629800496,1.3823627106467005,-0.36409336653313124,0.44368639916363445,0.894327963885297,-0.7371697421606023,-1.3247844665209196,0.15244431190283686
1.0442424976514282,1.3382700879757596,-0.9055507060830609,-0.33896876033141576,0.17694432582684363,-1.4484254701999788,-0.7402430916644718,-1.1806153007075437,-1.1962394934045626,0.4429242392680624,0.9605796330937286,-0.19295154968469913,0.8315440620045703
0.2546476219135769,-3.080676991617459,2.297469781458585,0.5956003456079201,-2.4207876892996802,1.5898724020856576,0.17795019071065213,2.8377624808934665,2.6188502259664292,-1.3037769689906011,-1.161607085974185,0.9388813671515212,1.5106438121063022
-0.21529418075991072,0.6061440319961338,-0.8666905640358282,0.18525606010955623,0.601417538391113,-0.5141561890613404,0.21359156814810618,-0.7920649130965733,-0.2944213242399603,0.7709723340768061,0.5361422892801458,-0.9475068275755129,-1.0699352382802814
0.1650010031417833,-0.09510216473634722,0.5084047028701691,0.37768863166128586,-0.19374485640398825,0.2738156511953836,0.11095178240431852,0.3341888626534585,0.34321988493422195,-0.12107835828283775,-0.31273239834701955,0.1843260892607073,-0.3908354881785492
1.0463436945344826,0.06434840079139305,-0.0675334536886873,-1.9854633668796757,-0.7459382750980955,-0.8033311586188255,-1.6115543788935243,-0.07029069957901075,-1.495469709878027,-1.3017160413899964,1.3850169769073113,1.3161590060969277,0.28826426192318344
-1.940976696536968,-0.41125619430139043,0.6838933140308998,1.359068099347389,1.1726296939641394,1.921208601314471,1.7612080945990662,0.5914320361716198,1.283981107696734,0.4166071842166175,-1.3738257578809763,-0.5702291886301059,0.9673640120249165
2.3842553048902673,0.9791398545209105,1.6040264821885644,-0.566235865680939,-1.0976683727431022,-0.47413259998850926,-1.580375537873913,0.4137575563348978,-1.1076066059144138,-1.5789777653659576,0.32392361737335446,0.5616037282061144,1.6464637621266487
0.15506615367703286,-1.0421857848275493,0.3652638215184859,-0.5630244783262071,-0.8711446643434444,0.1705028005352168,-0.380882504156659,0.7278047177269419,0.32767640905730977,-0.6551399729399983,-0.5249510702538109,1.6934366450423346,-1.5860510483575982
-0.32662819546941785,0.650899081893852,-1.422745705143707,0.020990326243394267,0.7181056784226323,-0.8632685342236622,0.18659853000261462,-1.1278982010329988,-0.4461010197086592,1.0728291195523245,1.17279830500052,-1.6958517739610526,-0.9069512982558656
-1.102472298675756,-0.1134592812869965,0.2633512497864768,0.8613732031016091,0.7529320348308802,0.9947191166818768,1.0476252122686431,0.20525786227228934,0.7094362573356217,0.3905990481000365,-0.9493884140673935,-0.5640188571248318,-0.22785154815413325
1.1729120873568037,0.5449087981183764,0.17051661738739923,-1.1355562249228088,-0.4942601149020864,-0.7105247918819239,-1.2303815383962426,-0.17677739695361497,-1.2155128462116034,-0.9001002635161929,0.7483609611869372,0.5678140597113884,0.4512482019475994
-1.2467528318159098,1.1405452889285892,-0.9189600843283018,1.352319916158139,1.7690937957422306,0.18604987404760062,1.3846188178588916,-1.0891534022012375,0.17896577255275417,1.6045501371587871,-0.10051372644022823,-1.3185741350156457,1.130347952049332
0.29119157378494,0.44314955808514805,-0.8700546323330639,-0.6957154492836763,0.09994141782985737,-0.8803836920062292,-0.5241538693562372,-0.7123338429710661,-0.8221880969599029,0.1735953047204542,1.5972356488141026,-0.18674121817942502,-1.4502310983372517
-0.39390713562807667,-1.436674340436555,0.573200845718399,0.13075774726507308,-0.7406573530374791,0.7250800092274444,0.2807618276922949,1.0425671500266667,1.113956529627454,-0.3374299440913638,-1.6390990977644653,0.9450916986567951,-0.7711313482355192
-0.4846676870428067,0.8054421887173464,-0.6050859815935209,0.7230285834241053,0.9495653311715622,-0.11890868957467875,0.6425482936292601,-0.7444197010648846,-0.043006099445743975,0.9425215089827261,0.05865027748986528,-0.9412964960702388,-0.09203159813378728
-0.14711011631058865,-0.663763439315216,1.0465563440845922,0.938910900906613,-0.36861152358568555,0.9131266524435248,0.5752657645227658,0.922301782633685,1.1561730246530315,-0.13931515887792947,-0.7902244101373,0.19053642076598176,0.5870681519679465
1.7100161168270906,0.014087069310688764,0.7687912685409004,-2.6567489237280184,-1.2849358367717454,-0.6345183454383199,-2.3229396301884,0.4262738634635126,-1.9500343614752593,-2.3810479678138834,0.9075249651170307,1.322369337602202,1.2661679020696786
-1.345535211344307,-0.05551152352047884,-0.32011234668556104,0.5536776728290395,0.9789292263568523,0.7190336376803229,1.015609704541517,-0.15263105644642466,0.4436668322287757,0.61518233104898,-1.2146617539508826,-1.5700925609792502,-1.3144111483169052
0.16865151245544097,0.6747148776375604,-0.5179689731309615,0.13998969576070655,0.3602166112456908,-0.5207413913274609,-0.01663503398624108,-0.6298483530535327,-0.3760869120110733,0.4806969675051609,0.48308762130344796,-0.4382596441430294,-0.6353113982151727
0.500599916619697,-0.6944066940959798,0.829634321320716,0.06185222463995411,-0.8813319150222559,0.2807286191806361,-0.23629484580518892,0.8153799095293687,0.5374384327348815,-0.5751386974674192,-0.36578706632371744,0.6935732726931909,0.04378835188655977
0.1792065782197509,1.1705728427925353,-2.1366025111670703,0.00466942143307789,0.7108234618902584,-1.7772353280485953,-0.0938240950077808,-1.790514383513027,-0.8264210201340513,1.5928318989697134,1.3319623089306134,-1.192814922033843,0.7228881019882927
-1.3700467812595092,-1.192523079123968,1.4428078258584522,1.4915804813537892,0.17521491496635758,2.096877288336501,1.5244676017913625,1.4104501433474592,1.9345940340640422,-0.05780068951850713,-1.426880425857674,-0.060982005197622736,1.4019878520900249
0.4704400854183158,-0.39105251877732383,0.24834109291196116,-0.7447159980429058,-0.6391060053654115,-0.14613616233506044,-0.6463653969894869,0.3358153972350608,-0.26659576337762514,-0.6918675700082988,0.2708689493966566,1.0708509116385971,-1.1785911982965587
-0.9399161974505065,0.24661127211253417,-0.08305476491619304,0.7665944284469101,0.8902165953971285,0.6107296071885002,0.9101888429432534,-0.17031606518635448,0.38496797666413823,0.5837906680462505,-0.5780057382305087,-0.8155372830884362,-0.4994914481948265
0.9395507907612853,0.7022799862570018,-0.4137150963467463,-1.0898175425245373,-0.20370835936041373,-0.9937682225003597,-1.0808178537413318,-0.584890269588085,-1.2936749221418655,-0.4342815365147385,1.119743637023822,0.31629563374778386,0.17960830190690616
0.4024527746977204,-2.3052100609623905,1.5155717879187744,-0.16798975925819637,-1.9719193894646747,0.8804535797875238,-0.30503094210871756,2.008694353707302,1.5115146531121542,-1.2419889211641442,-1.0024430820440913,1.4481285505840042,0.8587080520086392
-0.30520848382398486,1.5979445812150566,-2.5491077841635,0.9722322400093354,1.386779569860935,-1.7477326992164335,0.6778262656919939,-2.2370493743279014,-0.4228420311055208,2.558582246883668,0.6953062932102393,-1.4443333479974478,1.5378078021103714
-0.19271669116049653,0.21158676720883082,-0.031297587344850816,0.36112096230554397,0.29897687189625205,0.11421229665826534,0.2944058061334777,-0.12360298572257684,0.11370676298096934,0.2691837951453815,-0.15356839441692607,-0.3125004311612273,-1.0427712482762121
0.7627835923177961,0.27880251775871834,-0.39396923070718626,-1.4950952904083468,-0.3760852249252084,-0.8516224328533741,-1.2000283957119706,-0.36168407021628773,-1.2894150267842992,-0.724938422037246,1.5441809808374047,0.8193324856749931,-0.36367149817447986
-1.9078412520401165,-0.2204321672932053,0.1526883009292561,1.030423392649615,1.2855363303196021,1.4875483232845383,1.5697129438122206,0.19645452629907664,0.9087165700809648,0.5880446673159259,-1.5329897618110697,-1.067055709052041,0.3154282519272532
1.3244070925302283,1.262765732725694,0.8514989785423134,0.7968288097965774,-0.0898495611976444,-0.29385389366918485,-0.2905063012831379,-0.15244314729755698,-0.3133159105801687,-0.09093860356630501,0.16475961344326095,0.06477720778417934,0.9945280020289858
1.1019109646800647,-2.9791125395269678,2.792769295618173,-0.0323868254203115,-2.989033090560703,1.363745499481072,-0.6091993267455967,3.0660744639044593,2.08827270409429,-2.0998997656237526,-0.6841150741839044,1.1966101246203997,1.6736277521307181
0.0053775910514347065,0.47573105702563806,-0.8783460983190653,-0.21821562704025899,0.3399725022646528,-0.6815809094566523,-0.118217772587388,-0.7333240548248334,-0.49659893126307086,0.5049081861641598,1.0136343010704265,-0.6897780701066341,-1.6892742103730616
-0.3598465518849379,-0.9226018724760358,0.48573828513490674,0.2737394692391172,-0.3946803943984481,0.6331412490250736,0.3380269711626719,0.7358227363283024,0.8539355063632514,-0.17499643337023088,-1.108552417997487,0.4420548467295864,-1.010174460271329
0.7447280948298104,-0.4892679099510957,0.3054378054603938,-1.368399736641283,-0.9178735747929997,-0.29900639018341535,-1.12336739269021,0.41718393940676984,-0.6524048454446367,-1.1590330274205973,0.5891969572568436,1.5738877635658066,-0.33107471016959683
-1.3443445144715098,0.6855756986337617,-0.8557109421633312,0.907974591271567,1.5139764905499973,0.3049180863131339,1.2022179592887816,-0.8256554372362186,0.17702228212763346,1.254924119906822,-0.2596777303703217,-1.6539320363004517,0.34802503993213624
0.8598882000744216,1.3508968106173234,-1.8370251809702018,-0.517782971510766,0.3257012243517283,-2.03478136828856,-0.7356895706774432,-1.7119636338364548,-1.3357668865840393,1.014190042950858,1.4380716448840092,-0.522099119464231,1.0271247900338694
-0.40283355443014657,-1.0014700901647007,0.38816650855411844,0.13433575159883623,-0.41916005258285094,0.5887187266242996,0.2874491993316504,0.7203234823916346,0.8080486659630508,-0.19732628765480711,-1.3207710899042784,0.6097337973719891,-1.553454260352715
-0.4808543919523567,0.6271380467696024,-0.9671335235797832,0.3488586776913715,0.8177289349407996,-0.4009974731519122,0.4427482833743915,-0.8591932633719878,-0.18983602789129442,0.9571047700218842,0.3769782853500523,-1.2766543973550448,-0.8743545102509825
-0.22085999427502054,0.07097379278805944,0.45300334630424155,0.7272320124908034,0.21860159249942657,0.508097904633516,0.5030197488788594,0.21979150478267698,0.4807353743676918,0.158155345183114,-0.4718964022771131,-0.14482148051882424,-0.19525476014925022
1.16254485137472,0.2878007806149401,-0.06959365012642185,-1.9672527197780725,-0.6723469397090422,-0.888347487546205,-1.664367559224108,-0.18335632055260603,-1.6405793053393862,-1.287783059989497,1.2258529729772178,0.9870114363173961,0.4838449899524828
-2.29753057243385,0.39746638324532096,0.3238934556864659,1.6275315083818216,2.0275371778267357,1.899425667662336,2.0946774040280434,-0.016487862474525657,0.9067106471870725,0.86725525087053,-0.8963337460906957,-0.8993767584096378,1.1629447400542146
0.37640070421303123,0.25614639402826034,-0.3090189129258201,-0.5552412004996446,-0.09983322318264072,-0.5086720189024949,-0.4956972584362888,-0.3024557560574126,-0.587040638293786,-0.1481674137015078,0.801415629163635,0.23245615842658274,-1.4176343103323685
0.4814219021470473,-0.7921903797511612,0.4590617071650114,-0.7365454258988737,-0.9375234396744819,0.008568632506958631,-0.6479479892486328,0.6554767535100129,0.023741304179254,-0.8430820998665448,-0.047459058463530386,1.364289075262803,-0.7385345602306362
-0.06124751022385,0.819428226190908,-1.7637382705270146,-0.1562134037472649,0.6389920663920143,-1.3169040872215698,-0.04964999110760301,-1.4044973833001824,-0.6949731702142433,1.2058674576847925,1.6502903167908005,-1.5281728233186493,-0.05943481012890361
-1.5869101628673252,-0.784199748703538,0.6540001299636475,1.0530514437361882,0.6347583864480739,1.643941084248303,1.409228176870191,0.7613519639699815,1.3249008121139048,0.23047207354852123,-1.6656264317528142,-0.39633990648242884,0.619664939972829
1.6812543877931532,-0.10525075192868855,1.5707025960920058,-0.2525478666692368,-1.3494566946305853,0.004875180154213342,-1.0368506125973946,0.9380346751817505,-0.10980568153588531,-1.3405849124869211,0.03212294350151637,0.7354930103537919,1.2987646900745617
-1.1012172457470264,0.0428109029705905,-0.26143616147696225,0.5636775742064097,0.8649949875584724,0.5888991255113084,0.8896169192486297,-0.16879789304828996,0.3812673473514001,0.5783359305880692,-0.816751744125649,-1.1508951843732427,-1.281814360312022
0.5277077420373003,0.6044017763668189,-0.4988055163849813,-0.4546257237329093,0.03742644846875216,-0.763739818559248,-0.5238222086432399,-0.583834259564188,-0.760449536805139,0.06154769939622207,0.8809976311286818,-0.01906226753702196,-0.60271461021029
-0.0563298474481475,-1.794995294316057,0.918814342097633,0.08604511825032671,-1.2554651558884888,0.7493868746179255,0.07574271333370945,1.4168181800533857,1.3353231621030892,-0.6250158041237974,-1.2411890879392316,1.1127706492991982,0.07638513989144279
0.18876368369162688,1.4009831252225815,-1.0805654029957459,0.7848656557731546,0.8702162450300746,-0.9692727963735795,0.31337903175911075,-1.3106687379306048,-0.42003550135199613,1.338389384977078,0.45656028731509907,-0.7736175454278356,0.7554848899931756
1.1669438696849086,-0.15093873281271603,2.0010596267122076,1.2793054273192872,-0.9929719775412332,0.7061825184178792,0.049094177509242026,1.2034855251843894,1.0411940569141795,-0.6176897282971449,-0.3923144003120663,0.35821537140838483,1.4345846400949083
0.5725284913928373,-0.17565877988538342,-0.12799457772090558,-1.3962181548793,-0.5606539773379196,-0.5098061649197959,-1.0455426936574377,0.01582542798921359,-0.8950394422787012,-0.855497656046427,1.3054349749422645,1.4900482882446051,-1.1459944102916757
-1.640228107206329,-0.12629825407429812,-0.14556495528767852,0.747557096893397,1.150929801121204,1.0652870517053452,1.2764215705284903,-0.018797730223890054,0.6354255642484625,0.6173357470751986,-1.4534077598460229,-1.4024136103368472,-0.46689466018994347
0.4690983703707792,0.9529401555456485,-0.044183402771645744,0.5432230267053565,0.33387622819231483,-0.3708808527889095,0.035039029473077056,-0.5021339882151395,-0.2788689798644491,0.4027697212113228,0.2443416154083077,-0.2705806935006265,0.21220508991178982
0.6404983543361996,-1.6010586361852541,1.424409843904472,0.22248821768277657,-1.642971807956456,0.6392092419024085,-0.2265684841953656,1.6046737192395686,1.297474891301824,-0.9082754100969429,-0.6045330722188577,0.8612522233355939,0.8913048400135223
0.5489750892623665,1.799930329271104,-2.978752929640405,0.3745907225124411,0.8859169341122757,-2.692502874970466,-0.09700379467671409,-2.5803725015576098,-1.0024497912289365,2.471290236192355,1.0932163030354731,-1.0251359713914405,1.5704045901152548
-0.5006327652629817,-0.6021350947534928,0.2579211069246262,0.27239204209753143,-0.056293111586053546,0.5584381402089231,0.41296259378162964,0.44692479102948957,0.6257694673216242,-0.006415815130103484,-1.0289704160324402,0.1066969454447799,-1.6621102203689921
0.5946871246246745,-0.27165807593581426,0.13033753198348277,-1.1143428878781902,-0.6468623887327019,-0.32638938295129793,-0.9084762813169704,0.20951033872535052,-0.6211497306169743,-0.8557618487966615,0.6687789592218903,1.2385298622810001,-0.9830104702672597
-0.44061486648927484,0.5489443225718633,-0.14840263967053047,0.7295189884561936,0.7307033716341298,0.2018342932565421,0.6223078942834701,-0.3585569819565254,0.14356731508802428,0.6071643217918391,-0.180095728405275,-0.6478583324460333,-0.3039107201655275
1.0106357498276093,0.6456351876562779,-0.579822358707981,-1.5516716486964042,-0.2985114523647291,-1.1729698577888557,-1.3631061376300144,-0.6501489323084739,-1.590780343260873,-0.6251864875191112,1.5176536468490558,0.4839745843901869,0.37518902993620556
0.07855634906848648,-2.5728795139162624,1.848861998862801,-0.028508372529534177,-1.9201849909956012,1.370157519797344,-0.057277020918087,2.330601328105013,1.803122228890192,-1.3949829103080937,-1.5595170957994187,1.6158075012264073,1.0542887800379377
-0.7248046217519526,0.4051241990232734,-0.8611937904649205,0.3219960542741299,0.8419318936856439,-0.14411154340680485,0.5596314259356131,-0.6882964312915103,-0.05206418785582105,0.8599930467768893,0.13823227945491204,-1.612012298639851,-1.5262902703486458
-0.7277823815094498,-0.04927975684477703,0.12644678434816534,0.6238704790302553,0.5155654287253,0.6200765569018483,0.7207738885298235,0.09595081584457317,0.4905062310680921,0.33073452779131185,-0.7106424081722533,-0.4801793818036303,-0.8471905202469133
0.8666035859495779,0.34424965671266183,-0.11953889658536072,-1.2198425192412703,-0.4073849849089908,-0.7144133127848263,-1.1103405829914015,-0.23977737787192022,-1.1348122771359361,-0.7416893011307769,0.9871069670820775,0.6516535350325899,-0.1680907701451809
-2.0450937677057737,0.1325147144915904,-0.03764980982011637,1.1432896254916354,1.6447366616054266,1.4392265390670909,1.7031124311060204,-0.08758432507099001,0.740927737038078,0.8065120143261835,-1.135079751985836,-1.234734659694444,0.5110089799565521
1.4564368832849912,1.7116511665583192,-0.05745136038385167,0.34973578820301665,0.13478516169669055,-1.0899786677103758,-0.5977403559693291,-0.8895730388788338,-0.9580177237814225,0.28088994152647534,0.5626696232684947,-0.10290174285822348,1.1901087300582849
0.22114010787526206,-0.7055689507289397,0.3697077562838227,-0.3825543103611176,-0.6777484997535753,0.12649383526308966,-0.32100602976391546,0.5617326699387455,0.2208307893883952,-0.5355587511315547,-0.28620506435867066,1.0289311739779965,-1.390470320328299
0.13787287394019487,0.7257396203010069,-1.3146376808321798,-0.30313214031114627,0.4204283186119667,-1.1133427295880673,-0.2342894924890516,-1.1044431471121914,-0.7358414101954787,0.7716910229998849,1.4115443108956602,-0.8574570207490373,-0.7113705702265667
-0.6292867549679684,-1.1534948978134076,0.7158885209190933,0.6025705016770657,-0.35759332519812637,1.004166881701274,0.6565927045830545,0.9811773967179028,1.2577414187886091,-0.12231945780076145,-1.3472984238926273,0.2743758960871833,-0.03227082012483429
1.1463203278390424,-0.6091609305274664,0.7912356564871729,-1.4814901929000204,-1.308735293435282,-0.21249473609706854,-1.3989213349266905,0.7510456652431587,-0.6499939597893016,-1.597477878619903,0.3504509513617034,1.4062088129234036,0.6468289299768983
-2.1100258341174896,0.8264408180146685,-0.6142330504788392,1.5924490457036744,2.195757066174366,1.0409606736370323,1.9753854033681453,-0.7600915007244246,0.5769879817617174,1.5413414875092601,-0.498423736265462,-1.4862530856580487,1.325928680078631
0.2486893423063679,0.5307936611006024,-0.8452178646634007,-0.4411763918520143,0.19551514568359205,-0.8307054658900758,-0.3667910031193614,-0.7422265646753603,-0.698446851186387,0.32843979590720224,1.199325638988869,-0.35442016882182803,-1.2546503703079528
-0.04515473894504615,-1.1492715945757725,0.6496408765471157,0.12636713751328568,-0.7969460646267712,0.533673062696734,0.09104849329578332,0.941721941043753,0.907007678446136,-0.39729174336159656,-0.9228610800790445,0.7774127480143924,-0.5755506202062205
-0.08817041233943473,1.018640255270313,-1.4732639428857173,0.3049625983978772,0.8034515388804334,-1.0734486755143438,0.20855059815973487,-1.340536628133398,-0.49943025840330546,1.303780401844205,0.774888295175286,-1.1089754467126418,0.10354912989551211
0.8445627680870459,0.8543729043862868,0.9128075526161754,0.9950967827983729,-0.021774273939608096,0.0979555774175345,0.07211115933895786,0.0866354920329982,0.12097982576746778,-0.001546148522595344,-0.07398639245187931,0.022857470123578746,0.782648879997245
1.869100068688207,0.6001789986687103,0.17393638239519602,-2.9520622691495735,-0.9815644871056867,-1.207714838186408,-2.5644940541136783,-0.20252902708168005,-2.581168579206368,-2.139558057182047,1.6237629828024516,1.1546903869597984,1.4617486300989777
