RSS0/RSS1,RSS0/RSS2,RSS0/RSS3,RSS0/RSS4,RSS1/RSS2,RSS1/RSS3,RSS1/RSS4,RSS2/RSS3,RSS2/RSS4,RSS3/RSS4,X,Y,Z
-1.3435047090426078,-0.22802751115881217,-0.2747288184455532,0.47092434579585973,0.852629025364798,0.7525931584438585,0.9707830387041984,-0.040655089167466095,0.5055358628199584,0.5250673367078105,-1.6977493752543307,-1.6977493752543307,-1.6977493752543311
-0.2301896266495808,0.4947322457104877,-1.3076728354183873,-0.22306324814880477,0.5321267566807297,-0.8437179958725489,0.005796040899157204,-0.9848295018763039,-0.5136089607086352,0.821030423099649,1.6977493752543307,-1.6977493752543307,-1.6977493752543311
-0.2415428070081998,-1.3327883300894392,0.39710105831959963,-0.2195246612301818,-0.7809246586284561,0.4798136904625353,0.013766536298069686,0.8912827804304982,0.7845226395818232,-0.4449278467173228,-1.6977493752543307,1.6977493752543307,-1.6977493752543311
0.4545020828841865,-0.18934504180698072,-0.25024398682560034,-1.3378381686717478,-0.4811615311486425,-0.5193950188255596,-0.9512701540430127,-0.046226315723688904,-0.8427060744502075,-0.7247902628037792,1.6977493752543307,1.6977493752543307,-1.6977493752543311
-3.0571353424646928,-0.22473128532437195,-0.019496561341001115,2.015762567219845,2.152873883570048,2.179829360924997,2.708013365441786,0.10155564299682183,1.6312922405456831,1.387098824966565,-1.6977493752543307,-1.6977493752543307,1.6977493752543311
0.19885097537804636,1.9091174672900213,-3.078604756608882,0.11690550647828027,1.2300555655449765,-2.518175330794384,-0.04506204852403603,-2.691334555866171,-1.2680241027321137,2.3701153404070574,1.6977493752543307,-1.6977493752543307,1.6977493752543311
0.20034268566943186,-3.333493469572712,2.493447230090826,0.04538930863411391,-2.5624935858657367,1.780074242147261,-0.08366031862868865,3.0748348851843548,2.396291650815992,-1.8242412328220863,-1.6977493752543307,1.6977493752543307,1.6977493752543311
2.167398486122243,0.38450590289826764,1.2845252991393221,-3.3373790145699402,-1.3634615260946668,-0.5649629076873148,-2.9284190230511293,0.5314621450047435,-2.7096470819888987,-3.2282203800008626,1.6977493752543307,1.6977493752543307,1.6977493752543311
-0.7238426999982857,-1.067081031645269,0.4907005923806528,0.43311477648238866,-0.22348511316610334,0.89830141030452,0.6178414732034878,0.810974538598878,1.072739464877192,-0.0701650090202418,-1.582314023445656,0.25505486473744154,-0.7050685245456227
0.7609888965090417,-0.7534394914349922,0.6041788969161345,-0.9849484298619369,-1.1212361302034164,-0.0801762274485379,-0.9294483910221364,0.717865602758941,-0.18512186069842812,-1.12019570986679,0.11543535180867469,1.3868877815736618,-0.02596877444388994
-1.919295642256877,0.4889178882040481,-0.4231518112389002,1.1709964452285013,1.807208571941702,1.0514615074980043,1.6501613578065193,-0.4833580620877774,0.5085024211382811,1.112195531341819,-0.7334393358184907,-1.5055741170077905,0.6531309756578423
1.2180440037616163,1.7516104604090996,-1.4647513203498994,-0.056927226662618444,0.34423625611145203,-2.004678084448543,-0.6845700909980026,-1.7028081396498345,-1.2833043506566368,1.0510252929545667,0.9643100394358401,-0.3737412001715702,1.3322307257595745
-0.25540765565582796,-1.0773760943268096,0.4712731623565791,0.08670067632847975,-0.5857114354513043,0.5469981693404132,0.18305837147220622,0.8051800236023161,0.8270744484306736,-0.2915945708781856,-1.1578766796320732,0.7580917166646506,-1.2483483246270086
-0.28989791284420713,0.758539256096963,-1.0704578860721572,0.31708876501103206,0.7681316966861567,-0.6178185143726319,0.32335228366956437,-0.9832373611068045,-0.3061871231789031,1.0123459802774208,0.5398726956222574,-1.1282964780623836,-0.5692485745252762
0.17844427411118174,0.2089253456803265,0.6253049410856079,0.7297112370327841,0.01594410368579623,0.3543626998173004,0.28977445263294954,0.24782337928064951,0.38475055312010625,0.03164951759606019,-0.309001992004908,0.0035364387738365827,0.10985117557645624
1.3248185917249085,0.30679518175778614,-0.04092258207916715,-2.292838034391587,-0.7815124011776923,-0.9827298315461956,-1.923634848673515,-0.1767082427262879,-1.891798031985791,-1.5308154115932027,1.3887473832494228,1.1353693556100568,0.7889509256781889
-2.645528616382497,-0.25887666282562616,0.7916054836503803,1.7945221754340175,1.8164395305016137,2.5101514532381843,2.369920511463303,0.5758326331499342,1.4939410250586442,0.6329820606427401,-1.3700953515388645,-0.751018839116977,1.468050675779921
0.395859935063906,0.0765381225410357,0.06209810315099809,-0.3406998283715584,-0.24446259777854126,-0.23629387852403178,-0.3927667605423379,-0.0033285501560290664,-0.3030491749807713,-0.2781943057126564,0.32765402371546604,0.3808140777192436,-1.112528374606662
0.34926891652904396,-1.2755130504575316,0.638177469638311,-0.5210572263824348,-1.1869696254249986,0.24165128807918182,-0.4630522752131845,0.9984820054455816,0.5237303464671138,-0.8296135314407274,-0.5212206639116993,1.512646994555464,-0.4334286245049298
-0.09228342185541483,0.9840636944890145,-1.8429510068158912,0.10307317762188044,0.7815611039426649,-1.3557413152915858,0.10406084645492177,-1.5315946144212869,-0.6223450704037653,1.4413584892223632,1.1765287113426315,-1.3798149040259882,0.24567112559680285
-1.051163809128381,-0.24863869831992047,0.9406401299840305,1.3817613893137584,0.6163114621525677,1.4804691596972126,1.2950842276273384,0.654708754826403,1.1852713469017915,0.2410376819137523,-0.945658007725282,-0.24798198718976794,0.9247708756985354
2.2179338295901587,0.6171592610589706,1.0101568573520543,-2.704684869606265,-1.2334824605529358,-0.812943804218821,-2.6211902060153798,0.2603023550810566,-2.412562715191238,-2.5932672579528253,0.7520913675290487,0.8838509296464527,1.6038706258002677
-0.5892354034267737,0.2858384305016802,-0.49791551642831944,0.34423387025325664,0.6529885239478068,0.03885707490924387,0.49853971321109253,-0.4237968851367206,0.04873749101435484,0.6048529924891906,-0.09678332009811666,-1.0025372650805813,-1.628644184683979
0.4802122633051946,0.4595542650901568,-0.7579515414758348,-0.9289654369260897,-0.03135436363649164,-0.9295939992068923,-0.7489931505601299,-0.6573624545652393,-1.0041445856399522,-0.06863736204221667,1.6009660551562142,0.1292956517556387,-0.9495444345822464
-0.2566620682622996,-1.7201805531200995,0.7782885102569667,0.040014955258609326,-1.0496330395295739,0.7847876987525811,0.15905871358162638,1.3001438631766187,1.2486734627625728,-0.5518065832338058,-1.6353686914223537,1.261128568591859,-0.27044468448051384
-0.0770110471370866,1.0613454482672822,-0.2505232516079464,0.9435665125421963,0.8258838096388769,-0.13801023952604316,0.5400604034758916,-0.6727263914844074,-0.06337422527476974,0.8288943969510562,0.06238068383197685,-0.6252596261351747,0.40865506562121834
0.29293766253221026,-1.4413211148070095,1.5777182354964439,0.8626257922728862,-1.264216966584768,1.0070314029975076,0.29850059917801225,1.6110897302303513,1.6516854676761015,-0.5864494172216226,-0.7864940037951885,0.5065732907010457,1.087754815722951
0.4820889187197764,-0.3657297922740529,0.004144852324637479,-1.2141435165589303,-0.6296153230700703,-0.3429179936971027,-0.9007198454403299,0.18549280792601325,-0.6273391441826132,-0.8298305509178662,0.9112553714591424,1.638406207537266,-1.4928242346636322
-1.4944714151188538,-0.0025070607170812917,-0.30973777579556466,0.6595157028705746,1.1300622428352856,0.833967378235965,1.151572665148668,-0.17332793956400494,0.4833779469596885,0.6795318423416162,-1.210931347608771,-1.5894135923289918,-0.8137244845618998
0.29371889428233955,0.8997276526965879,-0.5565512268628305,0.27682820676088954,0.42822135609017264,-0.6403031625899117,-0.011516708833509373,-0.7642810467635283,-0.4356766098493979,0.6025799738778602,0.48681802764555954,-0.4575806754927716,-0.13462473446016723
0.7132285586456922,-0.7439829255150452,1.095908097609522,0.20736637572539848,-1.0782247209426676,0.33352499673541997,-0.27364011879854805,0.9902925801659762,0.6788428721805887,-0.674163939133615,-0.36205665998160586,0.6742522413434487,0.5444750156415654
0.30651421530541423,1.4062854849421,-2.5822899421593406,0.10123961182133485,0.7848695619890758,-2.212522384540706,-0.11119156044624486,-2.1597700773451,-0.9230012500216372,1.9901850760731012,1.335692715272725,-1.2121359533835852,1.2235747657432976
-0.7963404506140194,-0.7049671376732124,0.2777320152712606,0.41179098332195724,0.09330109481354794,0.7860275290424216,0.6455264684388009,0.5095892247567309,0.8004619508814624,0.07376560357602135,-1.4231500195155624,-0.08030303654736486,-1.357004284643286
0.6137787392178898,-0.3691365980145382,0.35351849132542107,-0.8029463029970827,-0.7318176826596131,-0.16789278858040468,-0.754159694298456,0.3841231221320513,-0.3246539163116563,-0.8097713043844589,0.2745993557387682,1.0515298802888553,-0.6779045345415533
-1.086126381663903,0.3868461577658316,-0.02426418733706531,0.9632153156822507,1.1023694211948165,0.7610633410435955,1.092666333042791,-0.20740807930195962,0.4291332846423597,0.6739349860412112,-0.5742753318883972,-0.8348583144381784,0.001195215560178952
1.2003656438281574,0.9180219341459758,-0.4287057921624205,-1.2431759326711844,-0.24521995652047804,-1.1925870645252965,-1.302010640783123,-0.701382791994264,-1.5586040276222994,-0.5275546461694729,1.1234740433659336,0.2969746023980421,0.6802949656619116
0.5911177867865308,-2.8490980688201866,2.2311947291208853,-0.1089721498628892,-2.5081455415410985,1.297166450002729,-0.37521393327388364,2.684432451276977,1.9401789526567808,-1.734232254802987,-0.9987126757019797,1.4288075192342626,1.359394715763644
-0.41418568013945156,0.5797037336236031,-1.1366419830294572,0.15914342611223492,0.7329315556479397,-0.5796527783997858,0.3066599682722784,-0.930981596399665,-0.29474586071670605,0.9540378512266182,0.6990366995523509,-1.4636543793471897,-1.2211843346229392
-0.13724228249312057,0.36894523922196293,0.053470007526175645,0.5351501937577814,0.370762480546141,0.13978994152736088,0.3565735922681195,-0.1546285223739571,0.12923579846922587,0.324617632003487,-0.1498379880748145,-0.33182146251096944,-0.5420845845212069
0.947684498931548,0.3902342646315426,-0.39919138455694597,-1.7008838090943608,-0.43553789862195985,-0.9884015233334245,-1.4081404697171445,-0.4204322734360049,-1.5186838407458554,-0.8611806660284902,1.5479113871795163,0.8000114543252512,0.13701516558052557
-2.2428578998266944,-0.20172043431481515,0.2431876701307346,1.2603529277342236,1.55280176740926,1.7979018795206358,1.8712444104239911,0.23809364006265502,1.0633539566925747,0.6772782038192017,-1.5292593554689582,-1.0863767404017826,0.8161149156822582
1.9630477219984572,1.926095775460437,1.3293699129883711,1.332741445939345,-0.09382440367900942,-0.3836476187200568,-0.35042990311574723,-0.2152855727447705,-0.39221568084457803,-0.08156008016649492,0.1684900197853725,0.04545617643443754,1.4952146657839904
0.11588241978796095,-1.0749831975436217,0.5050831734340109,-0.263331719205209,-0.8651867410174203,0.30651752795586606,-0.20143874289192393,0.8230386547329251,0.5697726090556778,-0.5550970951489339,-0.6803846678417929,1.1772890932706574,-1.085364384602593
0.20697378884514628,0.8434780096447843,-1.1671764057189062,-0.10305707388910924,0.4532405864969402,-1.049174642789108,-0.16567816902625424,-1.0802897987732436,-0.6732057526647514,0.7982155628551265,1.017364707412538,-0.7090991014563762,-0.4062646345008605
-0.31109454889116245,-1.2649518025690856,0.9166898153340998,0.6156177857555337,-0.6791890063704875,0.9306561295883653,0.4925161112218982,1.1501762375370128,1.3462819007212008,-0.2628332210237582,-1.1048220116553755,0.42273381537984417,0.2728351156008722
1.36987948398507,-0.5215038466917765,0.8912958828663634,-1.9956944553773315,-1.4146604291387759,-0.2957940743413837,-1.790804964746954,0.7635460898988211,-1.0876242820992557,-2.0220607347147634,0.5929273635989553,1.5545667322160646,0.9519348657026048
-1.8380148923779644,1.2403609160190918,-0.8037063266268079,1.8744105154425499,2.289086875747891,0.6994751734400114,1.9782458485859566,-1.0741781228441978,0.4894536858683972,1.8743074087041007,-0.2559473240282102,-1.3378951663653873,1.631034615804337
0.254581781825434,0.4199721261567812,-0.8141573026278178,-0.6169311102277545,0.11090700427698076,-0.8109700344298904,-0.4628445712678792,-0.6692201543112696,-0.7482263954520009,0.18565378585622108,1.4418020512261207,-0.20606224952916716,-1.6014801946799095
-0.25419841016421085,-1.3086846096757818,0.5507999378069519,0.07726207926536438,-0.7539079796966632,0.607491783471335,0.17742026030912342,0.9658439578217843,0.9841589844465911,-0.35719026314652885,-1.3170406835621669,0.9257706673070533,-0.9223804445781771
-0.2420889215208492,0.8555799489755553,-0.9091223490292512,0.4772302255022619,0.8021015072610127,-0.5276586804910863,0.3822991087905686,-0.9408984406384815,-0.25803953105809674,1.0013559486642456,0.38070869169216387,-0.9606175274199805,-0.24328069447644474
0.2553419272911378,-0.12973285585914415,0.9490859432956635,0.8318564836189263,-0.2872114887827224,0.5489790480176934,0.3024399085804829,0.5999214828635966,0.6994186504036857,-0.13969282869260571,-0.4681659959350015,0.17121538941623965,0.4358190556252881
1.5604876688167904,0.19793323044332287,0.34323715897435414,-2.6323410570761894,-1.0387304730506446,-0.8555161232584185,-2.229694772062633,0.09434090536133348,-2.0625412933311402,-2.0478116620101936,1.2295833793193294,1.30304830625246,1.1149188057270203
-0.8238364904938942,-0.19250845350543747,0.01231899173777627,0.48386502974808104,0.4847324259685408,0.6009792041401764,0.6983923031769079,0.1033513425093424,0.4898057727809023,0.32031276791424695,-0.8926033397485841,-0.583339888474574,-1.4656602446595632
0.6323016041972667,0.22627586119203055,-0.10451049761013707,-0.8392709740058977,-0.31524833407462627,-0.534600315648362,-0.7833102718695849,-0.17222565021106861,-0.7732732635367556,-0.4937279898290326,0.8051460355057466,0.5484930283616467,-0.7865604945578306
0.6358041890048748,-1.032714541391603,0.624083718634172,-0.9749130033286216,-1.2283941111824672,0.025058521943991087,-0.8568799183314267,0.8689451871765115,0.020187221693285767,-1.1281716613414179,-0.04372865212141882,1.6803259451978667,-0.1074607444560979
-0.04229895033277993,0.9541360387913452,-2.0658461684701686,-0.06116423665540036,0.7220606431976576,-1.5636106206054288,-0.009597443998631742,-1.6422416130942472,-0.7210607694101986,1.4953604023322917,1.654020723132912,-1.6592798217633267,0.5716390056456343
-2.0808361862919336,-0.7341187656662447,0.8927650619280284,1.461755430495458,1.0450638376128845,2.1827834664866215,1.8906287598946427,0.8708512110841348,1.5878473733297451,0.3311275247872882,-1.6618960254107027,-0.5274469049271061,1.250738755747367
0.29495639323172895,-0.24953759726955174,0.23157309038630855,-0.3035728095580812,-0.4038564426849367,-0.03308547771755706,-0.3189270607971422,0.2554938063160372,-0.04477943316431903,-0.37900438824811106,0.03585334984362794,0.6043860119091142,-1.3298402946392165
-1.3256333238788514,0.16426758958753787,-0.29311744973289344,0.7192211871005557,1.1227987430302384,0.725573962699019,1.0924066911657084,-0.24748023263970179,0.40874869366036626,0.7078214187737552,-0.8130213377835375,-1.2820021828179198,-0.650740544537484
0.6859354768411354,0.9078526153420998,-0.648114097192791,-0.3326192762507794,0.13704222631670654,-0.9925440387340266,-0.544360556030957,-0.8199593521819167,-0.8864756365374286,0.2557125368339777,0.8847280374707934,-0.15016926598169936,0.02835920556424806
-0.017242704499759714,-2.164770612370011,1.3091240253999028,0.3002084298667336,-1.5524876919401889,1.0224819450713618,0.16792686485730077,1.8219984998553291,1.7538498731087264,-0.7695796536823655,-1.23745868159712,0.9816636508545208,0.7074589556659809
0.17089397404445797,1.7871195101225563,-1.6342928117932949,1.138845393882834,1.1630014354216274,-1.3836918634782072,0.5100612598213976,-1.8161529197434605,-0.4352834705629254,1.9914032037309461,0.4602906936572106,-0.904724543872513,1.3865587057677131
-0.040820191811175514,-0.27849128710491755,0.29396882852929573,0.16072463598977535,-0.17048674672373226,0.25612929141823476,0.10687758290563852,0.30516305361606383,0.31479182109726456,-0.10927334538425983,-0.38858399396995474,0.22710837296370745,-1.1940203446188702
0.7417139340249714,-0.07072564273745245,-0.1070677067723496,-1.5893391279411022,-0.6129038999037512,-0.6151260894041183,-1.2385156052311503,-0.024929409162207303,-1.110451056700044,-1.0025693084458684,1.309165381284376,1.3589412897999278,-0.5149205945171376
-1.9184761876460787,-0.03988435401526702,-0.1575926734561152,0.9476405605849597,1.4241618740644453,1.2557750468931947,1.5316761222654967,-0.0688530096684872,0.7202735973295955,0.7625273148926217,-1.4496773535039114,-1.5335206087815243,0.1641791555845949
0.6275026762337929,1.467536709728487,-0.09297271582707228,0.9823850816511753,0.5860573721431165,-0.5222525240537417,0.1820244451123077,-0.787342715484428,-0.322980639156994,0.738108045712117,0.24807202175041929,-0.40168769194530396,0.8432789056863271
0.9997480603514449,-1.9278671264629073,2.2396048973012457,0.6696767437890111,-2.151404166792232,1.010279206989915,-0.1832599909759891,2.2278226852422445,1.8557048795341518,-1.210284109679492,-0.6008026658767461,0.7301452248909166,1.5223786557880596
-0.11873724910122575,0.6548493032814382,-1.2384408445926045,-0.062283207766619275,0.5635110391993385,-0.8703168399945315,0.03088327001444714,-1.0259931630562522,-0.5097105214143015,0.8790011237400188,1.0969467093775847,-1.1562429698361174,-1.0582003945985237
-0.6287273118725348,-0.5867665122657487,0.5272775648321065,0.6538114438245316,0.051836950174553115,0.858235546158778,0.6833732475809943,0.5910508125695569,0.8933998697106075,0.052900360861961905,-1.0252400096903287,-0.024410052999897063,-0.37910064449679115
1.0682228734053942,-0.08188233384932371,0.3657685630547342,-1.5306260145838115,-0.8682620579354364,-0.4847093096435134,-1.3829263107506313,0.24717164922094664,-1.059667666195871,-1.3143844171606207,0.672509365564002,1.107422863836323,0.29999910560494153
-0.6539284950562493,1.217766506756147,-0.09959051164771832,1.4510399997720334,1.3759492882054507,0.3926457582734561,1.118254504920146,-0.6659885384692441,0.19631162240933608,1.0621529402792222,-0.1763653220631634,-0.7789653308907107,0.9790988557066741
1.9805557318728841,1.4003605709419296,-0.7969419205236499,-2.2256628968699697,-0.4872925364846999,-2.0368511877497957,-2.2404753845779357,-1.1504927972120846,-2.6179839110692633,-0.9225883518708404,1.5213840531911675,0.35286758594550954,1.6581986058084064
-0.2314973477795818,-1.3224761557568978,0.4202158412608194,-0.16940660761491033,-0.7810751466345439,0.4904366017279623,0.0348565662513758,0.8991470997121769,0.8138101335151909,-0.4279985763486196,-1.5557866894573071,1.4847005027817297,-1.5743162046758403
-0.6898930444936531,0.5536751374357871,-0.8710491065825146,0.44526670377106164,0.9229217310006538,-0.17678056655054422,0.6060218906567161,-0.7682453112684766,-0.06735703660869316,0.9512641776643216,0.1419626857970236,-1.4077613957997221,-0.8952164545741078
-0.6031232637187622,-0.07420188875910991,0.41717560031217815,0.8069995795374095,0.40312821519471076,0.7548999018162592,0.7505764374668855,0.2723008402395891,0.6419008408758508,0.23912765417823473,-0.7069120018301418,-0.27592847896350164,-0.2161167044723754
1.1742265285707059,0.3331094648638919,0.05908468089314176,-1.7282115623769019,-0.648427428444417,-0.7974478829639089,-1.544309715392332,-0.1335173497218888,-1.4981431486438617,-1.2207506529536924,0.9908373734241891,0.8559044378727186,0.462983045629357
-2.529314502324677,0.16444150832816345,0.2724729045373174,1.5091210600672846,2.034562587395757,2.02615970924027,2.156639733331292,0.0712272560879499,0.9854369971898662,0.824883397929745,-1.1313493456437245,-1.0304837568543155,1.1420827957310897
0.2815754405697905,0.2478835142650499,-0.24695929730571614,-0.3312183263921736,-0.033990592917368785,-0.3927077819935605,-0.326347981290665,-0.26333786988849994,-0.4175939226341193,-0.04179645587870782,0.5664000296106063,0.10134915998190497,-1.4384962546554938
0.37933982634415186,-0.9006263598251795,0.5209900457310425,-0.5031306004950947,-0.9386291628884846,0.12964161161596313,-0.4697357536032985,0.7446870834802276,0.27106005240927633,-0.7302182093078948,-0.2824746580165591,1.2331820768181252,-0.7593965045537613
0.36550211602478044,0.8963772170867707,-1.4114955044531494,-0.3923967409170212,0.37143152495876575,-1.3515035142755363,-0.4037769179103017,-1.2444918696478597,-0.9219921379688746,0.7829712098454181,1.4152747172377718,-0.6532061179089084,-0.0802967544520288
-0.4695699130884233,-1.6321792934051045,1.0981017182795854,0.6801906430739837,-0.8247400620937206,1.1844086280756312,0.611795796205687,1.436335531734588,1.6537664236867804,-0.35383578629280765,-1.3435680175505158,0.478626798927312,0.5988029956497041
1.5369598220110716,-0.8781087905921999,1.5330706646595018,-1.9193071932032748,-1.7990970930539933,0.07943528013650131,-1.8402100369643333,1.3038688369114002,-0.7790429109334667,-2.4475328260428304,0.3541813577038149,1.6104597157635323,1.2779027457514363
-1.0815710125719251,0.2404792125222384,-0.5895678407661963,0.5025063729920751,0.993067752742691,0.32161209656103695,0.8467311894228072,-0.45274086739398167,0.1964690272562195,0.7808156781320584,-0.4946933299233504,-1.617360084102726,-1.3026763046351473
0.3196801043947273,0.7314468667923212,-1.0446626704822224,-0.36504457031284077,0.28685950268875904,-1.035562273597276,-0.3646998865653164,-0.955130106047635,-0.7850978841271221,0.5286690470405491,1.2030560453309804,-0.4855271672665054,-0.6235765545334147
-0.009967767495693412,-1.2718401766504905,0.8688093686877705,0.3563534554227915,-0.9122365348949314,0.677518017508362,0.19369085238965614,1.1266381395404983,1.1618415574059267,-0.4037505785337943,-0.919130673736933,0.6463057495697146,0.0555231955683176
-0.12476969865949152,1.2339807016086037,-1.9044051614292221,0.4909817941142768,0.9869036210955634,-1.3798349692447798,0.3265285155737345,-1.6913910153337968,-0.5162497467899305,1.7512195711530483,0.7786187015173976,-1.240082445157319,0.7346229456700503
1.282602403960368,1.7039410082019824,1.3690121091173157,1.838953079008246,0.2608671232231038,0.13546600190082944,0.28272526204973797,-0.08168672643917099,0.13492490546121944,0.23364043942081475,-0.07025598610976774,-0.10824952832109859,1.4137226957717823
0.5554061963833506,0.07944380479298022,-0.3678485196454319,-1.3329655945554608,-0.36319758311455475,-0.6825812834284211,-1.0029131244503726,-0.24712280597148376,-1.0296950562988776,-0.6339735031609655,1.627493389144563,1.0235833885151218,-1.1668563546148008
-1.4848768323957977,-0.4052006892752404,0.12451540412218322,0.7272713947067211,0.8315703447436881,1.162142867108674,1.1822265591373937,0.2731065072975034,0.8183289828701646,0.4025802780968318,-1.6088413574340048,-0.8628048062119122,-0.4877566045130684
0.7846511410805123,0.3883924466964758,0.584646993499705,0.1873854412335364,-0.31339249425520993,-0.11223510854729009,-0.3225771969109921,0.1350298818695434,-0.13850010263168555,-0.3073864901021609,0.08890801782032577,0.26902811062430837,0.19134314558866422
0.579460353157458,-2.1340838841124268,1.4779733280928633,-0.2806415326369169,-1.9822232614897177,0.7243603869957496,-0.4596784171898653,1.9018024482742943,1.3079394616939892,-1.2907232854504294,-0.7599666698068396,1.4008610274605287,0.8704428956903969
-0.12562932163242507,1.6122469188981312,-2.8141761456016368,0.703755446155676,1.261114146718645,-2.081184886412425,0.43944256118642705,-2.3936175360388523,-0.6290319341831461,2.5729816965249124,0.9377827054474912,-1.4916008711209237,1.549542645792129
-0.9045159630797353,-0.4424252917939059,0.2298245194405275,0.5607452441074031,0.36509894365068246,0.8267274395915424,0.7823749365614284,0.35110590042876977,0.7231148497551846,0.21083665518887199,-1.1844040136204221,-0.35976795428470315,-1.0310364045944544
0.7803959750712008,0.029193160166399727,0.252270948326038,-0.8612722241088677,-0.5699401361636637,-0.36563700552641665,-0.8745126553325651,0.12757247272855002,-0.6496254234561173,-0.7741580501091744,0.5133453616339084,0.7720649625515175,-0.3519366544927218
-1.1581828840372987,0.7177685598680115,-0.4095645927613609,1.032212951370672,1.3962639711698344,0.515503738880331,1.1678496515285601,-0.5903074802118652,0.24492349242976666,1.0075846689494918,-0.3355293259932569,-1.1143232321755168,0.3271630956090108
1.23518482105298,1.214881806770232,-1.0233535669204106,-1.126319826553313,-0.056904159306805376,-1.67640776337174,-1.2589606519585261,-1.1852222539652322,-1.6837186788372138,-0.005560284704036271,1.3622200492610739,0.01750968466070347,1.0062628457107434
0.16965589386250815,-3.434474166870529,2.7776704380167265,0.47789176077476175,-2.612280706290364,2.021408661228004,0.1614085541775255,3.285607967653972,2.7837057913894667,-1.741202077177388,-1.3966226855272135,1.1493426014969237,1.6853625958124756
-0.25427210184365756,0.36743381690453847,-0.5635164444308886,0.13894528287590246,0.45830489338984753,-0.2522468782361746,0.2100597992718585,-0.5016355652800834,-0.15901496201354454,0.5138735421815014,0.3011266897271171,-0.7370455932301099,-1.6775393666913037
-0.029235442313244167,-0.510569260198743,0.4366269089822863,0.16785287581418556,-0.34709790504863,0.3578850723985245,0.10442014180306101,0.5017962439366518,0.4845194978728056,-0.21055846573186887,-0.5477479979000482,0.39478732360611046,-0.998439616589571
0.7976861416166761,-0.19652304369165427,0.022209019590070395,-1.6546400946458606,-0.7462716481110414,-0.5555631910137192,-1.3031027418703198,0.1109363461485669,-1.0689569955867058,-1.1432177950101718,1.1500013773542825,1.5266202404423308,-0.31933986648783835
-1.8976846870603326,0.25462672427536176,-0.2103785980376597,1.0611495648422453,1.6214032517338208,1.200118862093495,1.5804945485103041,-0.24609616837927284,0.5943798629420992,0.879092224904443,-0.9721853417136309,-1.3658416581391213,0.3597598836138938
1.1646530105032709,1.5840365269204015,-0.6532856417967329,0.13757981909269787,0.2634849707441342,-1.340229950826118,-0.5530837146417698,-1.16150550068891,-1.0224738923901855,0.5797328834953156,0.7255640335406998,-0.2340087413029009,1.038859633715626
0.23650353110470512,-0.5263567955413376,0.28451850476724333,-0.3993549551258171,-0.5597794023278543,0.04973277045572179,-0.33814040007334895,0.4239668120840734,0.08151710224248954,-0.48361721032454325,-0.12331065408646558,0.8978241755333196,-1.5417194166709571
0.07759242928226465,0.6759903448233291,-1.3555271480583122,-0.3352346214682144,0.4301048959145782,-1.101614102722909,-0.21886574447429963,-1.1025761525181488,-0.7240159687326586,0.7802536285111139,1.5744387211678652,-0.9885640191937145,-0.8626196665692246
-0.8149038485199542,-1.067299941582526,0.6075764063514826,0.6075055142684802,-0.15467598728183293,1.0538586410238608,0.7589373212820231,0.8769611346486745,1.2002406657559928,-0.038373828444619375,-1.5027320214806092,0.14326889764250553,-0.18351991646749197
1.0348931740335423,-0.6497121949462684,0.7870894629123787,-1.1432193655617304,-1.2536695388795405,-0.13569467353889822,-1.1602707436513409,0.7690166380543355,-0.3742299669504526,-1.3640543179791227,0.19501735377372142,1.2751018144787258,0.49557983363424046
-1.4385800752967204,0.6501640906824705,0.612719766810501,1.7232350911976453,1.559738725290931,1.5055960106644304,1.6837230029332484,0.019758495487902504,0.7974567085786233,0.7175332011868674,-0.6538573338534439,-0.6112863802483077,1.1746795837359727
0.46713421007239436,0.1781622500612196,-0.30916941309590307,-0.8546124245913914,-0.2249500994122053,-0.5739303324075975,-0.7026699922461894,-0.2634863211745062,-0.7503678896128501,-0.3519062870664676,1.043892041400887,0.5205465365879126,-1.4058994666506106
0.05771088190930234,-1.4843093291695475,0.6071877956381534,-0.3289247599244847,-1.1171508511297887,0.4270643843120101,-0.20484812151458953,1.0855793525090283,0.8120497392347622,-0.6757281627918499,-1.0782946776670266,1.6523794534241327,-0.7267997165488778
-0.5073598460304303,0.8577813543226217,-1.4543247108344213,0.4159835512226035,1.0046031222997285,-0.7578780452057889,0.49246618551876253,-1.2493038087831936,-0.3043245218178979,1.3652869323335348,0.6194546975873041,-1.5754403464421252,-0.04769996644714535
-0.16251205576315925,0.9055291972137195,0.3687533289719928,1.2446006951037207,0.7779549213607221,0.40120077485564165,0.745100476887417,-0.24563921405422992,0.2669108116977566,0.5731300057451699,-0.22941999003986124,-0.44360742960590455,0.6313997836545866
1.6920115339812745,0.8950019658250831,-0.3375359836178427,-2.4299403691729493,-0.6342281561130473,-1.4752192046135235,-2.1933956640490897,-0.6384666539848822,-2.408900461774726,-1.4034893455286614,1.4683293852144697,0.6882254872303156,1.3104995337563192
-1.2979634570102387,-0.16548855059602008,-0.1536381449420665,0.5744763914429283,0.8633649548316398,0.8133287207715829,1.0010405287128268,-0.0037217751798303304,0.536818573679124,0.5054864317073495,-1.290513349573818,-1.198162707496718,-1.2700795166302643
0.39718924033779757,0.5252547538002693,-0.1543279874533316,-0.01510039187898318,0.07903933227636,-0.4042397217753186,-0.22139977450547454,-0.350033123099335,-0.38338516227024927,0.10453916335969739,0.40723602568051276,-0.06632979066049785,-0.5909797665285313
0.5129104771779803,-1.1629605617808794,0.849524980815552,-0.24982713447269767,-1.2295104887606725,0.2872376088322187,-0.4076340084773883,1.0612418697887345,0.6420021464086156,-0.8021693603366705,-0.4416386619466526,1.0655031261757222,0.08811998357320083
0.47031162547882777,1.2672991222512426,-1.953792311146072,-0.11431018362881111,0.560299533445818,-1.8451805209020047,-0.31312312238596757,-1.7359138276126498,-0.9818741772333796,1.3758026097637432,1.2561107133076783,-0.8208850685513115,0.7672197336749332
0.06665161625792777,-1.3282565087819849,1.9206744042941346,1.3758535098572138,-1.011066037613717,1.4341140202362381,0.6913333414161861,1.7477742504644047,1.9463090714858566,-0.4921398816800629,-0.8660760057602351,0.31094784828490896,1.446319483776666
0.5628392458275424,-0.3089432445929829,0.06042063108854414,-1.230069460313123,-0.6497059724123674,-0.3574711167177629,-0.9525258533989248,0.18877404818970184,-0.6792253581202568,-0.8825447120864806,0.8316733694940954,1.4427807651211293,-1.1342595666099176
-0.867680530117076,0.614012489151109,-0.8409523543674134,0.6091587448158107,1.1012090816105404,-0.025915655752019907,0.788169216684964,-0.781498093822796,0.009548721696432103,1.0404709182597163,-0.017201318133069906,-1.4496811334603228,-0.455159816508185
0.6326314304120981,0.8939914448573651,-1.3100680412161874,-0.8051541317968296,0.1673890789993432,-1.4650291391785277,-0.7654565397356538,-1.1861275659014476,-1.2217102436452503,0.4264493347126429,1.680548057121261,-0.3178482166241024,0.22393993359354722
-0.4467863514195264,-2.184453452897351,1.40436211811037,0.6085051267020243,-1.2413965517275218,1.4043575677597073,0.5616674273828979,1.8855364979897797,1.9929319080318617,-0.6305092207443875,-1.6751596924048773,0.8139847002121181,0.9030396836952799
-0.8353400155323559,1.644617921757713,-0.930479895299986,1.7740761179879798,1.82204178582378,-0.11821280212244714,1.386457708480543,-1.3480848485742418,0.12960428381477784,1.9003074342993396,0.022589682849453473,-1.072403494514916,1.5821394337970125
-0.425278360489762,-0.4700835701429316,0.2233958543477726,0.2608835733836337,-0.017865921986741543,0.47769816631566003,0.366390603916196,0.3613335846819526,0.5237529485171181,0.01143483570973138,-0.8262850047777119,0.05942942232130439,-1.6503753766872342
0.6160185647188655,-0.1600365311364649,0.01962961253104484,-1.2139701323354184,-0.5822943724380291,-0.42712505178061433,-0.9725917617497163,0.09121011105535339,-0.7730305421342587,-0.8412332955309595,0.871464370476619,1.1912623391575243,-0.9712756265855017
-1.365766206840161,-0.2735497007755956,0.20991507185619646,0.8207430396695397,0.8365680004553806,1.1425205405662904,1.1676259410930507,0.25531148147694327,0.7932564368362676,0.4026897696282342,-1.2507223485912946,-0.6951258555695091,-0.292175876483769
1.1059458766811836,0.5436923783984278,0.41389219226450547,-0.4929865614732126,-0.44442128533125685,-0.4746610219798068,-0.8547971001592685,-0.03898975339434659,-0.7454244185409078,-0.6436290192687083,0.4470270266630362,0.4367070612667111,0.38692387361796315
0.9660328551306034,-1.843731698243875,1.6338171155226389,-0.7659040127298865,-2.065022962148472,0.5670673402439109,-0.923857048942931,1.8442360360658756,0.7477508234799017,-1.737102307456541,-0.4018476609641292,1.5685399781029314,1.0660236237196954
-0.17592323879000576,0.5491507139321707,-1.2283885865384185,-0.1483757967905383,0.5303818031828681,-0.821503927736506,0.016110199049877753,-0.9673936261018411,-0.4976474544079495,0.8128991228298644,1.2959017142902016,-1.3239219204785204,-1.5145554266668877
-0.9504881913016718,-0.7015257391319706,0.3398658452246252,0.5545611747528567,0.21253753963049285,0.944639646282259,0.8038085790628905,0.5428874684875914,0.9022779303509867,0.12475395621638648,-1.462941020498086,-0.19208900364230014,-0.8354556765651551
0.7908285500646822,-0.29148598607268134,0.5087114260222299,-0.7620861541964707,-0.8097544117289118,-0.17526104899615708,-0.8276978911819742,0.43271027333194184,-0.34986374906379986,-0.8974134054036426,0.2348083547562448,0.9397439131939201,-0.15635592646342264
-1.4614600898832726,0.5387554231372131,-0.0215740158724954,1.2040904026529362,1.4964975119808377,1.0326101627493354,1.4216458948645647,-0.2819675461781277,0.4973384211605977,0.835952545582986,-0.6140663328709206,-0.9466442815331138,0.5227438236383097
1.5578093118650238,1.315707864589729,-0.5212557289781387,-1.2140903221072716,-0.2283351963456167,-1.5206243074771042,-1.47870161681954,-0.9527086147554914,-1.8192882627569833,-0.43889135858681194,1.0836830423834103,0.1851886353031065,1.2018435737400424
-0.052505335436716725,-1.2112269342511122,0.4584773248411622,-0.21801761472407508,-0.8361845724229763,0.39145119756748126,-0.08701126318018196,0.8649998249645232,0.6994470472350742,-0.4895661726998614,-1.038503676684503,1.317021552139327,-1.3787354766465416
0.13434716042087877,0.7112439952576697,-0.7526724852153367,0.05666235878224254,0.4126154718826895,-0.6772066363603572,-0.04224149512127839,-0.7804325055648694,-0.46283120766838665,0.5985785030615138,0.6592456985698275,-0.5693666425877069,-0.6996357265448084
0.5824233965531603,-0.32175746901127383,0.7351228155299171,0.05291114952839327,-0.6738056761370604,0.1490595797641979,-0.2849859391061901,0.5754867692648205,0.26673459661827115,-0.5109094951170792,-0.18962898905733788,0.5624662742485136,-0.02053597644307603
1.1942473014581187,-0.04582975061998134,0.1609602416263556,-2.235185201169415,-0.9376368381037229,-0.7332159963955471,-1.8230059535486585,0.1136765461447505,-1.5997186442646576,-1.641760586301516,1.508120386196993,1.694299191084734,0.6585637736586559
-2.6759177200237674,-0.14243548887712654,-0.12162680151045395,1.5686160980108736,1.9236649170256255,1.8273315557935097,2.2668565766196256,0.0027764793455085815,1.246430456539442,1.1586092393452077,-1.5690503564514815,-1.6949892279186531,1.3376635237603887
-0.2060281689572282,0.3846715088680572,-0.3695100921199196,0.2611988307533816,0.43423232094099984,-0.13719094829507744,0.2487489312289886,-0.4009166206360918,-0.08196125971735048,0.4527771006962498,0.12869901880284915,-0.5631563110824328,-1.2429155266261949
0.002773426943845865,-0.835452734825185,0.628944882234095,0.21046985581926053,-0.6062940678376345,0.48329424800209647,0.10974435227956869,0.7728969592545685,0.7459530004554042,-0.3246256652995579,-0.7201756688243163,0.5686766057537876,-0.563815776524462
-0.14659514494951734,0.973246349542654,-1.6859904813001232,0.1994003423226481,0.8148724189962002,-1.1956395369558448,0.18415329723035187,-1.4377066304827597,-0.5443351936469774,1.3901704390250726,0.9775737064300146,-1.3177115889732463,0.11528397357727015
-1.1316388953442846,-0.5998631396126921,0.9001132323874097,1.2103804264805205,0.42325823653101535,1.5069762987012034,1.247749519778052,0.807758120315547,1.309109690253583,0.15449163601768137,-1.1446130126378988,-0.18587867213702602,0.7943837236790026
2.022960297928147,0.2628391836248608,1.1815992275195877,-2.1159154899924,-1.3420561650137242,-0.540679776340645,-2.2052581938395917,0.5343783291288063,-1.731442361282477,-2.319911260458195,0.5531363626164318,0.9459542446991943,1.4734834737807352
-0.7147386013074304,0.3029579978342315,-0.3590155695834426,0.5220878329356762,0.7604222628175553,0.23613552658846482,0.6599724201325836,-0.3540794688448021,0.16647623595938632,0.6226162249261139,-0.29573832501073355,-0.9404339500278396,-1.1070955766058483
0.6469322961269309,0.5687925881911787,-0.6769671565664162,-0.9881612674279319,-0.0786235661651075,-0.9868043089171911,-0.8698610991495533,-0.6664219445411688,-1.1248115218873833,-0.1691987222945283,1.4020110502435974,0.19139896680838098,-0.42799582650411566
-0.03251730714412681,-1.9733839057483258,1.0432702354412897,0.004257654364455195,-1.4025095687821814,0.8283191405441213,0.019722510284747058,1.5763042230135853,1.4020606603348629,-0.7733036960981854,-1.3568316845446902,1.3232318836446015,0.2511039235976166
-0.7863967554327039,1.1237747910953835,-1.5997060287147433,0.9201699109596336,1.4083032928791825,-0.6697175578710314,0.9088647962445489,-1.4644567292333905,-0.12471600005167179,1.8167676159808641,0.3409176907096405,-1.5692300149368508,0.9302036736993492
-0.7791526191643231,1.1310452951166892,1.196384558192106,2.284780086918933,1.408074742349372,1.4825074880640787,1.626177005519455,0.10791662137590088,0.8666143592588217,0.6656539432361255,-0.5079569969175249,-0.43739709810063043,1.609303423801082
0.4460806005253188,0.09547520603170394,-0.3170200622171775,-0.9698670296181037,-0.26880331011535336,-0.5648723329308218,-0.7522701416427579,-0.2265018689938321,-0.775913027257607,-0.42454564825908614,1.189792378336806,0.6944358187355901,-1.623211386683165
-1.2613566678071662,0.03665188016544168,-0.22046422834408289,0.6515410361608753,0.9818264250147953,0.7354847393154397,1.0220999657847714,-0.14261966988962207,0.44979441104668205,0.6076812941883774,-0.9323943407311075,-1.191952375991444,-0.9441116365814325
0.6134221957321695,0.7376132764221933,-0.4293579710873956,-0.31060082567525343,0.06884608180010898,-0.7716937817221294,-0.49376058039245385,-0.6114021877350397,-0.7497126503042365,0.10794894646057576,0.7653550345232232,-0.06011945915522374,-0.2650118864796997
0.8791224407232716,-0.8006465837136447,0.8899670958984542,-0.5979419742777046,-1.244847363900357,0.05552004421183789,-0.7883890941102002,0.902591104426011,0.13094891869488257,-1.069300511103668,-0.0835196531039422,1.0717134576809964,0.4140878636220325
0.6663730915350086,1.3242272470847531,-2.192069805026984,-0.41791766051442614,0.45297749448783464,-2.169794716774145,-0.5789299331502046,-1.8987282241093775,-1.2439355395483274,1.3463478662268764,1.6142297221503887,-0.8146747370460373,1.093187613723765
-0.6558380041475734,-0.9676790868257008,0.34375840323297147,0.2690442232018113,-0.20310338409429624,0.7360987656719892,0.4945886791381243,0.6783704365888567,0.8824625667995986,-0.07255920066522706,-1.6221050244281794,0.31715817979018307,-1.4873914366628187
0.5090167743448661,-0.7285868940582276,0.4099218941637172,-0.8454278540483013,-0.9124255131690221,-0.049158747347978586,-0.7203203791989593,0.5959266675807193,-0.10085747331788385,-0.8806629286772953,0.0756443508261513,1.4489910966264035,-0.8082916865610856
-1.5436118448373721,0.30230817919071834,-0.38051588204783926,0.8545614145603382,1.3877202154841413,0.8146363500675639,1.2810598018491974,-0.3658726765859556,0.40972035018135844,0.8650038946190077,-0.773230336801014,-1.4434708019550486,-0.12919193645935312
0.7951381039583637,1.2207432403394052,-0.9745919916591262,-0.17858364437139063,0.28061518340291297,-1.3228521107016682,-0.5216289433632859,-1.1606732192343234,-0.9958049014875451,0.6035026412707983,0.9245190384533167,-0.3116378851188283,0.5499078136423786
0.036323533886889726,-2.547535759038201,1.7972764624600372,0.6779660393028496,-1.869870486039539,1.36067589388559,0.33879162421628056,2.288833089452465,2.3010472913787425,-0.8755431668191459,-1.1976676806145967,0.8201950317173923,1.2290075637441114
-0.3151301409011894,0.5269694893938339,-0.8630587735930304,0.1756504401621231,0.6197723290967782,-0.43967664471354606,0.2621591515363818,-0.7503674442359098,-0.2453080480256341,0.7617294930849589,0.500081694639734,-1.0661931630096417,-1.351571486642472
-0.013431852920507588,-0.07541125587933778,0.36541071559636035,0.3790249293381897,-0.04436394001788362,0.2915894141231516,0.20753419682034485,0.24372924910686858,0.330236612559089,-0.013779562602853056,-0.3487929929874314,0.06563975382657851,-0.6724717365407391
0.9282937545775852,0.08719259691819592,-0.12490342065115556,-1.7960553937436174,-0.640009436372713,-0.7628430110949009,-1.448020119119684,-0.11406755548897499,-1.3733520823988266,-1.1300586760647833,1.3489563822668995,1.1974726706627987,0.006628013560992429
-1.894518459870876,-0.35094910350539316,0.4714972269571689,1.1982115206260344,1.1810570496448793,1.7239719040702677,1.6512313249739057,0.4415134978676169,1.1237658953348133,0.4650997995067639,-1.409886352521388,-0.6889155240642351,0.6857277636627253
1.9808892563507632,1.0159017418220415,1.2459483136897316,-0.10923424104918049,-0.7655830615785219,-0.46082394856117886,-1.12210936974336,0.19351679908984756,-0.7999494363196824,-1.0013781273222435,0.2878630227329427,0.44291739277198566,1.3648275137644579
0.19097729325273397,-1.1088242112545208,0.4454312572931815,-0.5119416203370264,-0.9465353061633829,0.2065764883051328,-0.37318080812590965,0.8063633911165824,0.41221948586070833,-0.6800014482668258,-0.5610116648942227,1.5747503096082056,-1.2157515366221257
-0.3080200623806744,0.7351925914016642,-1.5249117375513053,0.07129202749147596,0.7649728164679774,-0.955458197286307,0.2031846926374606,-1.227697988655718,-0.4691255281031238,1.1830935452141842,1.1367377103601082,-1.6530694902580525,-0.5366517865203927
-1.2127924565270702,-0.1266123388412756,0.39346476954129883,1.0027409659077806,0.8269735688536246,1.1743174039685667,1.1816165391952007,0.2851832702087856,0.8219921118106565,0.3900549168793614,-0.9854490087078053,-0.521236573421832,0.1424479635813395
1.4321909784957503,0.631641553815277,0.3391742223753475,-1.3253016538239208,-0.6279069535461297,-0.7665403241533383,-1.4699797849425311,-0.12514920912702657,-1.4155570918033975,-1.154786461257807,0.7123003665465253,0.6105963434143882,0.8215477136830719
-1.436035074090068,1.3127974463312502,-0.891893597719375,1.7016786167796512,2.037022988573988,0.34282934185091674,1.6709627879991842,-1.1601608464262032,0.3119680324214029,1.8223012359088797,-0.13657432108064005,-1.2757918513126456,1.5006474637848046
0.3739920360875434,0.5122501182810896,-0.884488414275842,-0.7357529852787092,0.08720345455221977,-0.9509672594151438,-0.5898045841723849,-0.7550748212029167,-0.9004109374066039,0.15707141485685153,1.5611750541736908,-0.14395893447642524,-1.079931586601779
-0.30691825121239946,-1.573143936648554,0.6981547689643408,0.14440784167583592,-0.9052344143282489,0.7590390440022566,0.24123480944179157,1.1813409692280017,1.2206689510532254,-0.42110207865087973,-1.5159956884747836,0.9878739823597952,-0.40083183650004633
-0.30744956460840805,1.0325374551560766,-0.7297793642244947,0.7996265304687384,0.9795784504539633,-0.34235431637529273,0.5878072994668114,-0.9284317756568525,-0.1480617929652675,1.0874523975286823,0.18175368677954698,-0.8985142123672386,0.27826791360168585
0.1916572198433649,-0.5641480305243836,1.3592106092442495,1.1236836896698892,-0.5531442814502386,0.9111482214212007,0.4908916276587798,1.0486419815171877,1.2204820036939106,-0.2461155361255354,-0.6671210008476184,0.23331870446898192,0.9573676637034185
2.150684492662591,0.17030367828963414,1.3233355436920575,-3.2892148235370864,-1.5057123075333723,-0.5230176194177766,-2.8939831374501033,0.6606094489540429,-2.5226258628760987,-3.224299124233481,1.0306283744067124,1.3651516213052022,1.6364674138051511
-1.2361008207548538,-0.04211830612976601,-0.34769269115106805,0.5000673577339173,0.905732232244916,0.6191845099427724,0.928474658134265,-0.1748839870610706,0.39502418172158427,0.5991974948242058,-1.091558344661201,-1.52731027727625,-1.5960473966790958
0.1779898133118948,0.5895886731088602,-0.5665522558584074,-0.02429513601471037,0.2915813427936032,-0.5649320406001185,-0.10847824074056885,-0.6146012943421443,-0.43570643383514873,0.40497691637117317,0.6061910305931296,-0.39547736044002985,-0.9169476465773633
0.50074321048591,-0.5689708750959263,0.679132830952908,-0.12257496095894076,-0.7907261398915969,0.16450081069242034,-0.33384271357417084,0.6677319109505978,0.3138407597693458,-0.5887461771473183,-0.24268365703403572,0.7363555563961911,-0.2378478964756304
0.17870809829949727,1.0472154502104543,-1.9441289990094626,-0.13653882545046256,0.6219897991790996,-1.6283674646275743,-0.16818565455528636,-1.62024975650234,-0.8420867679992811,1.353476865687858,1.455065718220295,-1.1500326383308432,0.4412518536261018
-1.102579746541487,-1.0733716858700821,1.2349654639839067,1.2917067525033985,0.05881151157758495,1.7444807495728045,1.2751168057792641,1.2336292294490614,1.7041718651515119,-0.03926403652039358,-1.3037770165679923,-0.01819972149462295,1.120351603727834
0.42920353182044735,-0.35581711456812015,0.15218328836715656,-0.8083963434220212,-0.58239247280997,-0.19072441903955242,-0.6578634702939249,0.26397031922079717,-0.33807603507269396,-0.6636871170843105,0.39397235868633834,1.1136331953415972,-1.4602274466587493
-0.7594462646701571,0.2520386357372759,-0.14710371003561962,0.6455616964474348,0.7574582060176523,0.431741774935418,0.7492515765506574,-0.20913521607495011,0.29273827093045685,0.5490288672879926,-0.45490232894082705,-0.7727549993854368,-0.7811276965570163
0.8185819492343839,0.5818292258554948,-0.4759522180196852,-1.1341482931382154,-0.19919872248813322,-0.9549398786399483,-1.0392475154254988,-0.5596487379425239,-1.2406579871031946,-0.41816267094428033,1.2428470463135037,0.359077917450784,-0.102027946455284
0.4079336306396363,-2.0092581264744704,1.2446935761282076,-0.2878033965083546,-1.7620400947917845,0.6675126015021583,-0.37129816016315054,1.7078020606915105,1.2142193991551533,-1.1220376853838911,-0.8793396727544096,1.490910834287004,0.577071803646448
-0.17765612369934586,1.4237662313707031,-2.4013345899231373,0.6882555733862714,1.1642100394884067,-1.7252891993899424,0.45920601079156803,-2.0665290403531547,-0.5067346218977714,2.255269370549988,0.8184097024999211,-1.4015510642944478,1.256171553748181
-0.12305128646998141,0.19464433503939918,-0.11192250724794775,0.2149987698502122,0.23396138617337084,0.001986859958165666,0.1797464903581682,-0.16056243482725,0.019014056719853217,0.22967050917242568,-0.03046498512724436,-0.26971814745822753,-1.3244074966384027
0.6705390610587997,0.22235773120018543,-0.43443666352697236,-1.433906527905963,-0.3470419931385655,-0.8166195295985053,-1.1181246104349567,-0.3562261010417744,-1.204718649993181,-0.6531650077686713,1.6672843901270864,0.8621147693779931,-0.6453077465366698
-1.7607460503164007,-0.33397733474119357,0.13189178458292194,0.8866388180147724,1.0920150309025367,1.3658948982794876,1.414684220758157,0.24159572095421372,0.8842135160952506,0.505610240877443,-1.6486323584165283,-1.024273425349041,0.033792003565061964
1.0072338404137642,0.845814472240799,0.821583754277273,0.7005125060255194,-0.15116668002804437,-0.08922130153892253,-0.1709853916884082,0.03950330666449419,-0.0880684158620336,-0.13426605604226005,0.049117016837802396,0.10755949148717907,0.7128917536667946
0.7690172106279466,-2.7408557492808807,2.1733927574493728,-0.031062139572332732,-2.564602038441246,1.1248441974897878,-0.42962757343033925,2.597644929680306,1.920337414220968,-1.6381757814880902,-0.799757670789363,1.2393924083233994,1.3919915037685273
0.07147340982013473,0.5900063502480003,-0.8832428855601969,-0.13387543571210986,0.37255626815825815,-0.732812748180739,-0.10915831516753736,-0.7933129062928146,-0.5160217694312104,0.5659812081752783,0.8979917044649679,-0.6469957864036343,-1.1885875466180562
-0.39145594834433,-1.13432270275844,0.6216978029525635,0.369369896909087,-0.5238552426273794,0.760739778924005,0.40555269782896985,0.9184854805617958,1.073859091210245,-0.21103396560021442,-1.2241950146029457,0.48483713043258614,-0.5094877965163234
0.9066388123826131,-0.6130136164670558,0.5096568728931379,-1.4711009400810826,-1.1299927340734173,-0.25767762085630996,-1.2646440332598168,0.5942634066478087,-0.6396761685124368,-1.3809062632212712,0.47355436065138506,1.6166700472688063,0.1696119535854088
-1.680401910019477,0.7316358628740709,-0.8087210131309496,1.1667207754101376,1.8018083571999284,0.5824475479692455,1.5195384158501046,-0.8222364133462978,0.33331498395850523,1.3961512096046873,-0.3753203269757803,-1.6111497525974516,0.8487117036871412
1.2418383394026689,1.7599912109779534,-2.14451820164889,-0.45519253814280464,0.3322759203468522,-2.546260250372403,-0.9078409509140182,-2.0901553007682825,-1.5800723455683396,1.2855874440502582,1.3224290482785506,-0.47931683576123124,1.5278114537888734
-0.4295208114017307,-1.1756793428715844,0.4920638962908191,0.20267754223364073,-0.5249346972013108,0.6880446933687452,0.337907936430059,0.8661287264081207,0.9814528330144471,-0.2280909453096658,-1.436413686509737,0.6525160810749892,-1.0527675965977097
-0.5380824618480725,0.7525652095175478,-0.9579696528025999,0.5249086783526106,0.951780088229622,-0.3528398170798968,0.5665417523964251,-0.9168416636573277,-0.15019493406770487,1.0701644905640417,0.26133568874459373,-1.2338721136520447,-0.3736678464959768
-0.2529814506782496,0.010266780126410488,0.7265588669987146,0.9819137970971061,0.19902669676859167,0.7422312979237805,0.6548802125169075,0.40438279269131794,0.7097484332032103,0.12804793367203113,-0.5875389988825717,-0.10203919681582448,0.3054319036057552
1.500544361235329,0.35633183984293326,0.18329327234014917,-2.3814190659748897,-0.8787781481534769,-0.9358903367641872,-2.064872046377015,-0.07513697588519856,-1.9915999285494805,-1.7579515962694978,1.1102103763717592,1.0297937200203957,0.9845316537074879
-3.079243083887155,0.33046224165387217,0.6940855023870364,2.1387770244332787,2.5711297898640275,2.746291976278052,2.7849062529173114,0.22572611858730504,1.3275393156040793,0.939951296782268,-1.0119763426961543,-0.8565944747066381,1.6636314038092204
0.3332471745803345,0.17756141878720058,-0.2372221634626473,-0.505505175449736,-0.12398191896275886,-0.4222925009351791,-0.4462240640832429,-0.22263241208732254,-0.49501203656877496,-0.16771811868813596,0.6857730325581765,0.2752384421295825,-1.5688834066750263
0.40156822411809506,-0.8738079341600558,0.4525534769747686,-0.6684662337609762,-0.9360694994262032,0.0608779783404833,-0.5690604676912921,0.6926822614065871,0.13131453243902969,-0.7918827512954244,-0.16310165506898897,1.4070713589658026,-0.889783656573294
-0.0873793499564647,0.8033418421289754,-1.6986302180139488,-0.1227861074185722,0.647150109424242,-1.2479062132921983,-0.01794221219808877,-1.3597432565413488,-0.6591596296875537,1.1801881034856838,1.534647720185342,-1.4853905396156495,-0.21068390647156107
-1.4590221932971807,-0.7342503046487935,0.6156682444533709,0.9976314473121249,0.5740223185050404,1.522547450629062,1.3112211607352708,0.7147316683060742,1.2490215966032454,0.2212542186098281,-1.5425230224631326,-0.35355762277942904,0.46841584363017114
1.5950444713845697,-0.013083334845436593,1.2699344584788845,-0.6133641179250015,-1.2175086287018404,-0.16529900403541642,-1.1812215461624396,0.7223497239561045,-0.4386243118415922,-1.362501200344171,0.15522635279119806,0.7782752940567916,1.1475155937319037
-0.9873672517846109,0.07644442482042015,-0.2916301964440612,0.5166990347209156,0.8030913715830652,0.4838631234505291,0.8036141983698016,-0.2026603222246017,0.32311888947826506,0.5688114796121085,-0.6936483348359673,-1.1081129006702426,-1.43306345665468
0.5077992499915212,0.5480593856502018,-0.5458273679240966,-0.5736155495543664,0.011758222404047404,-0.7857279312529107,-0.5760117431942422,-0.5821219632569249,-0.807398247054205,0.015508657078595268,1.0041010404183635,0.023720016165977926,-0.7539637065529471
0.01955774372954247,-1.6824617957051609,0.8451073669343585,0.003269315468437251,-1.231557087524075,0.6380320077300426,-0.00878098319569958,1.318916803204711,1.1951013499247995,-0.6265416490345846,-1.1180856786495499,1.1555529330021979,-0.0748639564512149
0.2833662948393647,1.322741324438592,-1.149725038971225,0.5469630949904039,0.741982669471767,-1.0905554601924596,0.1368138934702249,-1.3104672177507064,-0.5382936007790098,1.22784981401581,0.5796636966047808,-0.7308352617248357,0.6042357936505177
1.2847444894455993,0.03785944040205327,1.7515591091449252,0.9763083348945174,-0.9456537139842209,0.4290962222250467,-0.17433864677944338,0.968305089340795,0.686094422472859,-0.6383788076387391,-0.2692109910223846,0.4009976551113846,1.28333554375225
0.5377944085374009,-0.1698863347042506,-0.1745975349170303,-1.3843085677944655,-0.5301726585571155,-0.5208270201528582,-1.0205849653198416,-0.013333120630210344,-0.8904348031799014,-0.8127150227745995,1.4285383842319461,1.5328305719476052,-1.2972435066343335
-1.5567875554583983,-0.08901336751698542,-0.16622791476273077,0.717433647550288,1.1146981786106664,0.9894375817907807,1.2156665747852182,-0.049116570026159496,0.5869967741804583,0.612197222842732,-1.3303043505563412,-1.3596313266338471,-0.6181437565326005
0.5162536387190177,0.8948955064295113,-0.16540504102052125,0.3193009531523064,0.25618452334200703,-0.49826900311983785,-0.10864276356146414,-0.5413918603134268,-0.4012360175040623,0.340484502398638,0.3674450246979894,-0.22779840979762678,0.060955993569131506
0.7152621272947678,-1.3456465988242312,1.2673092915188107,0.0402599403273932,-1.5148838331302314,0.4643158559455198,-0.3630495554370166,1.3882143992402933,0.9833414950215652,-0.9154758230271783,-0.481429662929176,0.9040345070385936,0.7400557436708639
0.577217362740772,1.6420555047967569,-2.736138104759227,0.14640002356363932,0.7503529784165531,-2.525581093223548,-0.23277918453647767,-2.364559517010497,-1.0571633142330596,2.1354006340980165,1.2163197123251548,-0.9823536876884401,1.4191554937725965
-0.40602839373863053,-0.5901539867050785,0.37004272607216965,0.3481517185717926,-0.11927944712438943,0.5770283965583142,0.4021688813286175,0.504121950182731,0.6725982174971158,-0.03824831726572529,-0.9058670067427586,0.14947922914778003,-1.161423556613987
0.7465962611570641,-0.21335903454417873,0.15213223001647572,-1.3616867034621367,-0.7197531186171324,-0.4186361665875993,-1.120823324169306,0.19259889015376974,-0.8430973214484256,-1.0404011327326157,0.7918823685115721,1.2813121459840002,-0.4823238065122543
-0.22532133948792096,0.8563168542370031,-0.1259932569756996,0.9031925305790995,0.7899350840345435,0.06455492067547895,0.5984131227561604,-0.4998573447519762,0.05249014774104227,0.70875105506829,-0.056992319115593285,-0.6050760487430337,0.1967759435894779
1.2776758256167537,0.804807609503519,-0.6566360236079453,-1.8729757942841336,-0.3856485612425717,-1.4239598766141341,-1.676404221368545,-0.773158048612616,-1.9382464156515902,-0.786822029963872,1.6407570561387375,0.5267568680931871,0.8758756936912105
0.20638363604454832,-3.146009943192838,2.589180107829715,0.01359682274597206,-2.431482082802719,1.8496033411527546,-0.10370878272225835,3.034903370290747,2.2401667566393946,-1.9171158509755304,-1.5955776904398304,1.6585897849294073,1.5549754437929433
-0.8111534000440241,0.49460456962876087,-0.9262070754130951,0.4238532489771304,0.9720418770180878,-0.13228075062957934,0.6598607944702262,-0.769752667221404,-0.041118149355677217,0.9777211611722265,0.10217168481450023,-1.6810159820317863,-1.0256036065936402
-0.8936574876632661,0.038373750779985415,0.2009745893059646,0.8175999283318861,0.7045854924739441,0.7966713699161818,0.912289661741462,0.09406170092047471,0.5698355777975643,0.40720133387992263,-0.7467030028126651,-0.5491830651955659,-0.3465038564919077
1.0912620882947754,0.5361641395011717,-0.06216000995018484,-1.3264219207666457,-0.4387445201121271,-0.8314342765204449,-1.2873827360617693,-0.3035461034987933,-1.3486902551848075,-0.8569528437072153,0.9510463724416657,0.5826498516406545,0.3325958936098245
-2.45889737250288,0.1816542216773502,0.0031008951672739284,1.4203478581238904,1.9936785249144438,1.7677598492743352,2.071885783048167,-0.08922416246370773,0.9084095388717445,0.964850368491931,-1.1711403466262478,-1.3037383430863794,1.0116956437115572
1.9887563299313138,2.3836440586883163,0.02252273043217239,0.8699266353878892,0.21760023992099323,-1.4104508842173453,-0.6088441436013732,-1.181028060611071,-1.0545392564784872,0.5756020186291108,0.5266090286280829,-0.17190542625015914,1.6907953938132898
0.14285445795230317,-0.6647289128452127,0.31228837062567366,-0.3364474569511875,-0.5889216751250295,0.1383950496881868,-0.2545735592795152,0.5089156866886229,0.22554766166590878,-0.4614426489452494,-0.32226565899908244,0.9599274905860611,-1.6721065686904897
0.05970949682609525,0.6598437369764598,-1.2543170527201124,-0.26913869822645775,0.4319718691404311,-1.0106826862224472,-0.17432473252667,-1.0374429759783605,-0.6643039989608864,0.7499590631795235,1.3754837162552485,-0.9264607041409726,-0.9930068185887573
-0.6882367236062262,-1.0361741384910632,0.6000588019229401,0.5560364205660681,-0.22810054275808073,0.9571173995734413,0.6636743694749156,0.8571361181312931,1.140590800249267,-0.06782750994509287,-1.383359018533039,0.20537221269524783,-0.31390706848702443
0.9984802503613674,-0.568358832077891,0.6533342922988773,-1.2861142144955706,-1.1672571197453125,-0.212755682199455,-1.2162260065918509,0.6528840740189059,-0.536248829533564,-1.3618406030456476,0.31439035672129156,1.3372051295314682,0.3651926816147075
-1.95854256484007,0.7086397931931013,-0.6196933437116994,1.3629787245080145,1.9958345478376551,0.9279900561656771,1.7727134378899112,-0.7041747324767647,0.4929313181647078,1.3891507717309195,-0.5344843309058738,-1.555256769049984,1.0442924317164402
0.16614963786522646,0.4772110806002416,-0.82994879231449,-0.39141627760770475,0.21927811127293437,-0.7596646109167775,-0.2961419587807697,-0.7067861410287054,-0.6241251062780659,0.3509626170419672,1.1632650443484571,-0.4234238522137637,-1.5362866186701434
-0.13110554411682285,-1.0479491330331336,0.5641298812192441,0.13035870996040871,-0.6585733792971753,0.5294023720773923,0.1393414537728462,0.842781696234694,0.8380939537861629,-0.33095277771856874,-0.9589216747194564,0.708409064622457,-0.8571868685684108
-0.18930745191977297,0.9047631539055283,-1.362624411985206,0.28125441486727454,0.7976950881704217,-0.9154692834791851,0.2503639928017419,-1.2211453705354722,-0.4360141601689308,1.2053199376186257,0.7388277005348742,-1.177979130104577,-0.17808711846667785
0.5356900983126179,0.6897706768490743,0.683894297809549,0.8833777574863101,0.09311899972874385,0.1430845499150251,0.1790315400607943,0.0400410882250133,0.15608698040984817,0.09269462892833312,-0.11004698709229112,-0.04614621326835685,0.5010126316350542
1.5750960907621436,0.5249483240359202,-0.07283644190374218,-2.606699389572361,-0.8132995106944373,-1.1870410585003555,-2.223992446081618,-0.30394701418489295,-2.275641149454345,-1.7207888117650698,1.5877023881620398,1.0856867035678632,1.1801123817367867
-1.1724709072379835,-0.3901543923291287,0.023717968494864287,0.5148838428623844,0.6058432742423256,0.8600768465186365,0.9021154091980172,0.2087569590462254,0.6525699407047817,0.3329534624099392,-1.4894683544864347,-0.8007014911591706,-1.4004666686497966
0.46153143074485325,0.1293463921216221,0.1993203140442709,-0.18188887557834002,-0.25600997948001547,-0.1775639621479139,-0.34412106070775067,0.047570398704375544,-0.22451635753701088,-0.27214977863739365,0.2082810207678959,0.33113142567704995,-0.7213669185480641
0.37183122631982163,-1.4973769138394013,0.8142739497249608,-0.4250126328289869,-1.3645081414707176,0.3613263417745915,-0.4244153921279713,1.2088475245129593,0.7511468668026288,-0.8952313228647598,-0.6405936668592694,1.4629643425132701,-0.042267168446331445
-0.132821367840016,1.1131789841272361,-2.0409093205250866,0.27349205171617885,0.9056388015833907,-1.4793790447819324,0.21591023495731207,-1.707834286228867,-0.5894305656254489,1.7046846587261255,1.0571557083950613,-1.4294975560681817,0.6368325816554008
-1.4851235814337052,-0.33300676415623603,1.1742961028202592,1.6699915760317792,0.8839673653339766,1.9723167219897293,1.680592407431378,0.8286600881918549,1.4555561404537676,0.263460022387588,-1.065031010672852,-0.29766463923196146,1.315932331757133
0.5061810730015809,-0.08237136883917912,0.026999054640687876,-0.8307959778592585,-0.4429392996640712,-0.3425809783506369,-0.7110636558930731,0.056469372704272956,-0.5482814281110137,-0.5858014536319733,0.6327183645814786,0.834168277604259,-1.2646467186294503
-0.7871159086072437,0.49242887389450296,-0.46342313133119944,0.6569294163137036,0.9522630333845181,0.20753939574392188,0.7701270355199291,-0.5078152548599021,0.130624321533552,0.7921141112216751,-0.2161563230456868,-1.0522199171227749,-0.5855469685277175
0.774408422204506,0.7634436380591327,-0.8593745028181016,-1.0402230804052186,-0.034400530244042306,-1.2190689514997162,-0.9658720020104319,-0.866716469751409,-1.300818893123585,-0.06893639245631895,1.481593052208644,0.07961299971344539,0.09355278157401474
0.07827303990862551,-2.31510073673485,1.4063154796190545,0.13991404075371106,-1.733546620568997,1.0288979656382753,0.03188746230056977,1.952065341650179,1.743368018010455,-0.9510402671021299,-1.2772496825796433,1.2114459165496658,0.772652531675747
0.6090046893953706,1.9893254697673597,-1.1069999102940131,1.241807486885214,0.9774212478815985,-1.2913816574185004,0.3290701443222477,-1.6202089027037625,-0.5034428948635546,1.6692023068282438,0.42049969267468723,-0.6749422781773682,1.451752281777479
0.05192476874429727,-0.4627197026183374,0.39068838618163554,0.056450258394052356,-0.3739621586616569,0.2641704893022485,0.001933899461303652,0.451940090656736,0.3692485100732069,-0.2522371570143232,-0.42837499495247816,0.45689063865885243,-1.128826768609104
0.7529512636404685,-0.19367236639756769,-0.03602745057795222,-1.6388094523553878,-0.7103289788267485,-0.5683802302890909,-1.2706990497700268,0.07668379055507031,-1.0594177989316762,-1.089109754634178,1.2693743803018527,1.5887235554950727,-0.44972701850737107
-1.776701296176271,0.32671810514906097,-0.4435493483508917,0.962050596907457,1.5819094322954577,0.9333473222514767,1.4631129268566838,-0.41362587331217454,0.4709081451630846,0.9850939946674836,-0.8528123387660608,-1.6390962443711854,0.22937273159436114
0.7701223857269451,1.4883489218763664,-1.327364426563402,0.17281426536546948,0.493092011004095,-1.577086534049713,-0.3224715084673636,-1.4935293982584108,-0.928910608603787,1.1052460263212944,0.8449370364882699,-0.5072633275349653,0.9084724816960935
2.0480741818590853,0.1870829972802157,2.048038526290015,0.1799448238230476,-1.4158631348884458,0.10982262867690448,-1.005376543027722,1.060684710599482,-0.0012232120321711206,-1.4012300842430172,-0.003937651138895445,0.6245695893012551,1.5875722317978262
-0.0881205898167695,0.5127255236819696,-1.2509891561691444,-0.3160398972641441,0.4375398278881989,-0.901980202671558,-0.11967971240759089,-0.961890776389272,-0.5942592683470439,0.7155466435185603,1.6938117241154353,-1.2618186054257785,-1.6449425786864205
-0.9677867225814459,-0.8207885689816213,0.3268734241794847,0.49123440200462176,0.13938897528475452,0.9470343622343884,0.7796349082250222,0.5952908267398251,0.9405811918681569,0.09129934037110082,-1.6917392761475953,-0.1299856885895584,-0.965842828584688
0.6511859788483417,-0.5511809364093275,0.5817215003231689,-0.5735839322676989,-0.8918021773861603,-0.01867096501701525,-0.653040097376773,0.6039169293689437,-0.02811270649272995,-0.823376769363976,0.0060100991067354,1.0018472282466622,-0.28674307848295516
-1.5841020306617843,0.25190417382251723,0.12032011738892566,1.1398369507133137,1.3819346488735387,1.2301446467774273,1.4535859617661537,-0.05833463443352436,0.6537700960067522,0.6866298739236499,-0.84286458852043,-0.8845409664803718,0.39235667161877685
1.540521680245441,1.2212546082460782,-0.1074111754207075,-0.9541506269850216,-0.28354990670527325,-1.1888957346136844,-1.3320328791498113,-0.6721434823467336,-1.5625126503952202,-0.5697948601038206,0.8548847867339009,0.24729195035584878,1.0714564217205096
-0.1444836687244827,-1.2635115614158727,0.4354660055966303,-0.18885118517647934,-0.804334354310201,0.43973188679587843,-0.02217450716971914,0.8782135222883216,0.757810455145756,-0.4525852381005418,-1.2673019323340127,1.379124867192069,-1.509122628666074
-0.5701257812131324,0.6308654081797967,-1.0966921681513202,0.34494715246016394,0.8880364575439119,-0.4368707230248213,0.48864863735926,-0.9340855512727749,-0.1953347196394005,1.0508341444147595,0.43044744292031806,-1.5133370313893832,-0.8300228785643413
-0.4093433742725334,0.2999705173600502,0.2659453591528238,0.825054934897952,0.5269630189812063,0.4990882578130272,0.6559963056292125,-0.00032457871048016375,0.38983091286364097,0.36393880806871104,-0.4184272447068473,-0.38150411455316297,-0.15092312846260875
1.1702584600760788,0.4999107061319408,-0.22793429085693662,-1.8323272751119841,-0.5247926275936269,-1.016058992567055,-1.597203356799036,-0.37882902615901326,-1.6924190298817252,-1.0781013523569425,1.2793221305474836,0.7503288022830579,0.5281766216391235
-2.5837770685979127,-0.12901897750159433,0.32457072695815303,1.5408042251899552,1.8635826151620407,2.1054591308846455,2.2026484945993183,0.24755643244646683,1.2166101875694382,0.8076961459420755,-1.479520604240804,-1.1360593924439766,1.2072763717408561
0.1301096433452102,0.17790387793973822,-0.10827073548821373,-0.058177912117743105,0.030117038719380807,-0.17695256420478475,-0.10065834871112178,-0.15012053733013947,-0.16860131604506623,0.040939359260635806,0.21822877101352675,-0.004226475607756104,-1.3733026786457274
0.20381684163683242,-1.1221810559014775,0.6014132190392397,-0.2334953790057339,-0.9659192356274428,0.31771191349670963,-0.23291929277830062,0.9009715834033055,0.6250191471205229,-0.606451095406908,-0.6306459166136387,1.127606441228464,-0.6942029285439948
0.2668509944036649,0.9825842649885673,-1.3732915544096342,-0.07268806624571753,0.5084917519644018,-1.2511992111843633,-0.1818013983206673,-1.2661305152424243,-0.7496430913600914,0.9722463390217112,1.0671034586406922,-0.7587817534985697,-0.015103178442262125
-0.27667932504659476,-1.3210797583713323,1.1388534228925864,0.8032497617778278,-0.745845580516262,1.0773661520483833,0.5731886250098812,1.3035073312221745,1.5230867829808752,-0.3003607921375,-1.0550832604272213,0.37305116333765087,0.6639965716594701
1.709080010541822,-0.4267286170263637,1.3097272301776421,-2.4067766749218085,-1.6030216581081156,-0.21646733746542218,-2.19032480702275,0.9519314128607343,-1.4549975265091293,-2.6132958046469805,0.6426661148271094,1.5048840801738712,1.3430963217612018
-0.862337318062852,0.35416810740887333,-0.6352613207637843,0.4747412920697455,0.909244636387515,0.1289566226653849,0.7142577539411742,-0.5354310778802466,0.09559883229750703,0.7959059802287722,-0.20620857280005594,-1.3875778184075809,-1.2374827286253811
0.44898358515089354,0.6753925050985956,-1.0153577662883746,-0.6788877258538565,0.14839015494492788,-1.1057845351605868,-0.6000456781358088,-0.9105405342771576,-0.9745392710007521,0.2931607037356697,1.491540802454275,-0.25574490157136065,-0.5583829785236482
-0.37825318557169113,-1.7627402360359299,0.9043086094609344,0.2989322475368879,-0.9883218269545809,0.9693195515892855,0.36123182292911266,1.3924887820428837,1.467914609054727,-0.46926217026854955,-1.5856299401941996,0.87608801526486,0.12071677157808405
-0.5106784690558144,1.2460472833611875,-0.8432000618391973,1.0957946399245433,1.2879077543852508,-0.283959858147639,0.8535335933083052,-1.0992864561598508,-0.08314907656097655,1.37350821263903,0.11211943506013107,-1.0103001794621742,0.7998165216798163
0.051607759587255476,-0.4903578715920961,1.8686320318277945,1.687788802692829,-0.39370979331229566,1.404759572289914,0.8642764309253834,1.2988230643409462,1.5801000501190614,-0.24101376922257756,-0.7367552525670343,0.12153273737404595,1.478916271781549
0.5849024527994772,-0.16923743332138005,-0.02898124921895161,-1.238547274987281,-0.5653818340335669,-0.44229270421284594,-0.9688615096267683,0.06841842341199399,-0.7844549911968092,-0.8218016711916186,0.9609941226872966,1.2533656542102662,-1.1016627786050346
-1.233168295976953,-0.25321873642431536,0.21000222173977381,0.7823158823344452,0.7508448643226567,1.04738901321634,1.0760689799227992,0.2451789073628475,0.7507828033446743,0.3764587251433081,-1.161192596380617,-0.6330225405167674,-0.4225630285033015
1.049953164363116,0.465755649249004,0.3043390237461441,-0.69891783929954,-0.4583770977359212,-0.5189907664033376,-0.9335468121966762,-0.06170879720594329,-0.8405522744338478,-0.7023452167394648,0.5365567788737138,0.498810376319453,0.2565367215984302
0.9495718849629888,-1.6546018895663401,1.4464738498327834,-0.8846414557425155,-1.9157784865773513,0.43433395625929055,-0.9777656323119381,1.6439244072728936,0.5269687157485172,-1.678569043765303,-0.3123179087534516,1.6306432931556734,0.9356364717001628
0.09235432569457869,1.719287537018689,-2.990746724740414,0.32075249083831636,1.1734297978730215,-2.3739259015785805,0.11989546041682116,-2.546747086733204,-0.9845958068885947,2.4435536655089294,1.3854314665008793,-1.5971765067105848,1.6147362218018955
-0.9441604952059438,-0.4799547805374109,0.10843912445760732,0.4431174622370571,0.36798365994446963,0.761530919579943,0.7415098892342343,0.3014817859794217,0.6638240957877152,0.22105224470715507,-1.3734112682874082,-0.4653435898743644,-1.617778588682351
0.5174422386689405,-0.08503739561435739,0.2002718783412175,-0.5450580078300435,-0.4533962771573464,-0.21697095500986635,-0.5661003160576278,0.15546961175891846,-0.3377359276564834,-0.5201505077749634,0.3243381069669224,0.666489326961856,-0.9386788385806186
-1.2270498514372996,0.4117226608934838,-0.37896287076018087,0.8183365691919939,1.2270918503639394,0.5885587086271042,1.0918185444959676,-0.41979182161358897,0.3057027234066622,0.8391818557543437,-0.524536580660243,-1.2198988677651779,-0.25957908847888583
0.8718182276985174,1.0168120416133857,-0.8837867405235413,-0.7003091018465184,0.07505796343190262,-1.307840550548914,-0.8385660088055028,-1.0073626721685316,-1.232217606413477,0.18068416645109353,1.1732127945940878,-0.08806595092895764,0.4195206616228462
0.4106579371253567,-2.4496112248517514,1.7016224685814045,0.23753429677590593,-2.082563680997185,1.0181168859597658,-0.09511787564430096,2.1858774244963537,1.9100094594304176,-1.104278881726366,-0.9489739244738256,1.0437669659072626,1.0986204117245788
-0.11262762911165627,0.5187484894874703,-0.860651799976978,-0.018244922020497194,0.4604566140087649,-0.5832062886415087,0.05087492527688923,-0.744893699143948,-0.38106904869677743,0.6279095135838373,0.7487754507805051,-0.8426212288197712,-1.4819586386620047
0.25717327848165356,-0.0687557517149581,0.32216114031255105,0.0593472439890307,-0.2445002954738175,0.06393746209387587,-0.10681988122361692,0.21601859800405104,0.09207900396751345,-0.1992795976184048,-0.10009923684666028,0.28921168801644936,-0.8028588885602719
0.8629804972132215,0.008884037069154228,-0.19219289845776139,-1.8009563695440574,-0.6471750060492092,-0.7678709664465949,-1.415515963826079,-0.11277848926124245,-1.3214172197797418,-1.0833318935752687,1.5976501384076707,1.4210446048526697,-0.12375913845853942
-2.1138544841132036,-0.1476217546350652,-0.030836973747504506,1.046871704294365,1.4942215864405235,1.4938500406482256,1.689101733306728,0.056547367841036936,0.8691116540517747,0.7357893454049069,-1.6386846081708974,-1.4714172937287824,0.5553406116431928
0.8065228029528614,1.7493216977567627,0.5359340103107272,1.5702015112032532,0.6542569204929082,-0.1655241690368453,0.3964972226561214,-0.5739771193136785,-0.09349740115436223,0.6704573704577735,0.05906476708343323,-0.3395843768925622,1.234440361744925
-0.07146745075144546,-0.8796732884513204,0.4401055643442004,-0.03584411698567127,-0.5820458743880161,0.3908896588023646,0.01945731272795225,0.6886033593712443,0.5974346013593689,-0.3518500108372451,-0.7898099205437321,0.7922485399436585,-1.346138688641658
-0.1070741152773644,0.7618924440661374,-1.249581147369835,0.068760283759592,0.6320905196455066,-0.8872861039437339,0.09387366414322307,-1.0858793236127706,-0.4899020854337307,0.9765210580840145,0.9079394547105987,-1.0941396547833755,-0.6670389385399252
-0.751577753944784,-0.8374073253154054,0.6652845753411888,0.7464929389749324,-0.03638086635809315,1.052920472090882,0.7983664069627523,0.7943586545485504,1.1387608091552273,0.013331458212038976,-1.2142472643573148,0.03769326205284481,0.012060811561806767
1.254841508376861,-0.2525926403952322,0.6756834599485316,-1.5578969403909484,-1.1330588454103792,-0.3795661246415975,-1.4976137431884402,0.5073462471205934,-0.9585635755696627,-1.5635336047277693,0.48350211089701595,1.1695261788890645,0.6911605616635395
-1.0661485259702363,1.257433141688285,0.3391933045277504,1.9055462193233228,1.7168410775912324,1.0271591482144777,1.5799592896278407,-0.43853331504726245,0.5000873582046393,1.0451805759897523,-0.36537257673014945,-0.7168620158379689,1.3702603117652716
0.49695661859247203,0.29687716827685784,-0.4862835236236739,-0.9571412426738718,-0.16168305279701323,-0.7320002244806242,-0.7728813689002325,-0.4227686932162226,-0.9093960916243986,-0.28994667202279134,1.3323767985241814,0.4149709009982515,-1.2103187386213117
-0.097678567060759,-1.634494148059324,0.6912894218945499,-0.1639459193198937,-1.1080753677238222,0.6035180438231823,-0.03416140765246349,1.2081953537910013,1.0389903864932848,-0.625961521643422,-1.4264659362641061,1.5468038178344716,-0.5312189885195788
-0.6280619623925174,0.9144580732717834,-1.1502363463517797,0.6747695494368048,1.13700809582644,-0.43658936709605733,0.6940922240345623,-1.106288185064142,-0.15552892816122063,1.315257480233669,0.27128343899022456,-1.34565808074698,0.14788076158215316
-0.3554114928973234,0.31335386541453114,0.9175426495965406,1.3887526101291878,0.49579510196608345,0.9631315487429198,0.9249350352552399,0.36024540712103775,0.7919744265072193,0.2629829563841959,-0.5775912486369408,-0.21382516391075992,0.8269805116838856
2.0157119851253222,0.7041012021772606,0.3984235140227071,-2.9962366363611945,-1.017448884712472,-1.1397637165766354,-2.666618505161571,-0.12804100012471026,-2.6870976847157353,-2.336658244786341,1.1201581266173901,0.9180077529254606,1.5060802617856182
-1.1612301667228715,-0.07441018888961762,-0.09864367279234207,0.6216114411563347,0.8256738059098159,0.7575939477338531,0.952481669928613,-0.018335997116363138,0.5066718197130795,0.49666569683378337,-1.0020285924505234,-0.9683804418015733,-1.0744987886009654
0.6598258548188628,0.5539418936616559,-0.196097925432126,-0.45175283098503555,-0.09912874341903244,-0.625029002725015,-0.5932940390898328,-0.3879431657613932,-0.7225801381215317,-0.16171335451402238,0.6957207828038072,0.16345247503464688,-0.3953990384992324
0.7602158760265492,-1.0459699489857914,0.8424888281722384,-0.7132920957855878,-1.332206633830825,0.1042555085242072,-0.7854610287091012,0.9986873413381498,0.22062854556225728,-1.1125215916387676,-0.1531539048233581,1.295285391870867,0.28370071160249954
0.7743972191667773,1.2829171531919017,-1.8870181521545475,-0.5432825922248119,0.3412875482384199,-2.0119769592378844,-0.7032299568847257,-1.7060980928769818,-1.3061961131644881,1.034021826714868,1.5445954704309728,-0.5911028028561667,0.9628004617042322
-0.585776014327446,-2.5973194417167287,2.249817931590184,1.1562830166198177,-1.4347110318764535,2.1564876634420433,0.9258537413541587,2.5688392991008886,2.6856226719306053,-0.8865378949840252,-1.5325752722175017,0.540730113980054,1.641900211805965
0.35674828506218853,-0.6927352453999309,0.23858324360244265,-0.8687679957387738,-0.7711735014404273,-0.0720400733301941,-0.6508383409046902,0.4813973473789255,-0.14331682609919597,-0.769078364904642,0.16517410303682892,1.6725630308162744,-1.590614598678282
-1.2754885604159845,0.2274076343836221,-0.5352859180873965,0.6059023270479454,1.1304827877845616,0.5027185508228511,1.0055730330712325,-0.415598688009818,0.2812388214621056,0.8108348242215697,-0.6837005845903364,-1.6670427361449194,-0.9115148485765494
0.36086505643684635,0.8886252563369593,-1.0797898454693555,-0.17630338448682517,0.3693373545910518,-1.0922346981494808,-0.2870786830403129,-1.0536440566135803,-0.7586980198351807,0.6833235305987448,1.0140487906639943,-0.5352098193086988,-0.23241509847481648
-0.16671416355432123,-1.5621203758932218,1.0564629094213762,0.5364643014865106,-1.0034493276699938,0.9348451659718925,0.37310404140904657,1.3777805171640012,1.499147122267493,-0.42072369858075503,-1.108137928403919,0.5966230975275214,0.4466846516269155
-0.2825100766087329,1.3996823783281664,-1.9912393677143236,0.8377676991858635,1.2262065319445319,-1.3335852532659542,0.5945645617921492,-1.8233180369173183,-0.380482527989968,2.051961962280406,0.5896114468504116,-1.2897650971995125,1.1257844017286482
-0.2079092169631735,-0.007436399581355327,0.027238838927863704,0.2341513703312655,0.15208729735825283,0.17028570319584027,0.23546491770364564,0.019077281813990696,0.1762569860163108,0.13917473986542273,-0.2592632407767538,-0.15793218036329212,-1.4547946486579353
0.6595419405144729,0.12267366004949537,-0.29484778694748337,-1.3998758599807508,-0.4108038679960508,-0.701019234359655,-1.0942301868461404,-0.22762540008653542,-1.1092012710872,-0.7338479412850611,1.438486134477577,0.973900736472928,-0.7756948985562026
-1.6139565056711183,-0.19613476122064313,0.1266446187843361,0.8675690593720318,1.080527075215557,1.256458590248945,1.325732261938747,0.1696069438590682,0.7725701552526244,0.49652901084167106,-1.3203566003107103,-0.9124874582541057,-0.09659514845447009
1.1593728343542278,0.872542455798255,0.44186553200585355,-0.023821918132758073,-0.24706346521440617,-0.49143509330709695,-0.6355483369023736,-0.18790989706673694,-0.635949639151868,-0.34497316748291873,0.3773927749436202,0.2193454585821147,0.5825046016472621
1.045974312120257,-2.0516915201752757,1.8928025422829053,-0.4939373587054199,-2.2759637064599976,0.7095029905884066,-0.8230754690877295,2.094358739730774,1.0937748668828287,-1.744599646047286,-0.4714819126835451,1.351178375418335,1.2616043517489943
-0.26658330879336345,0.5808791931441395,-1.304862317702272,-0.06180530648592769,0.6219912894144133,-0.8154205663180788,0.11057701122351508,-1.026387531381544,-0.45692339124238746,0.9287447413348064,1.2262674625707857,-1.541283523163117,-1.3189746986375888
-0.8329032601152028,-0.207867999261838,0.2541000058375705,0.689691276197163,0.48049145538054616,0.7940436845673089,0.8120444963623363,0.2473230551952697,0.6509955931010162,0.28057868647162937,-0.8959192564971277,-0.40945060632689667,-0.6398749485358561
0.9654552043285445,0.2874066354807762,0.10121346931251368,-1.2126201560118635,-0.523361205531387,-0.6150543439557236,-1.159638821838697,-0.08688362653164251,-1.0892416773284914,-0.9010132123933421,0.8018301187572029,0.7223823105093239,0.03922480156587566
-0.9073610406022711,1.063255507035498,-0.7749494278471624,1.1108678162831913,1.4561515011755974,0.053499969433276305,1.0746467391818755,-0.9692753722924801,0.057440783951087815,1.3329928774156388,-0.04704456886996244,-1.1640058842177103,0.7183245516676088
1.4412804316983976,1.3860273934137481,-1.4194472864400163,-1.403683483286483,-0.08922454352878183,-2.1299948631234247,-1.5162890285772803,-1.4941894689770974,-2.0075858167092746,0.10027193131386561,1.6507048063843683,-0.032172967381489836,1.3974243017693404
-0.3581559698590745,-1.3634331970499143,0.48345597590266953,0.02180085736630697,-0.7147669133338196,0.6301664951931167,0.20396751576220973,0.9553035388563836,0.9824711457640019,-0.3448509322314725,-1.6652119421592464,1.0996599494547301,-1.1831547486172427
-0.37839910760123036,0.6239967264490249,-0.44234141553225914,0.5763365327104554,0.7378600802053458,-0.06963277359465321,0.5079200570785148,-0.5618214126645871,-0.021497093031179925,0.7215510044845341,0.03253743309508432,-0.7867282452723036,-0.5040549985155095
-0.09742981609446831,-0.850466257560792,0.8775908464112768,0.6249517317343787,-0.5412603078034994,0.7470871322534518,0.3826420679368441,0.9205648085345408,1.059264917542654,-0.22738745684803233,-0.8163372545320811,0.3451046715639168,0.17504475158622249
1.3530180898034938,-0.22278665141228984,0.5449732223960715,-2.2113166670454025,-1.1858598549672528,-0.5509063414370746,-1.8957025715978073,0.41874475324065524,-1.4568425177056288,-1.911217052377864,0.8814121207222498,1.476937588400137,0.8541445016879549
-3.021202494588513,0.11215449024166771,0.02038926653942639,1.8346993815874812,2.369292666015994,2.1848067150490227,2.5930128221125344,-0.0446742930433436,1.2602520861945525,1.2341320395835818,-1.2407745983456637,-1.4155243101813149,1.5332442517896876
0.15913387075130844,0.4759887031454996,-0.3857416420188006,-0.000957609467985686,0.22370766331461833,-0.4118833587538469,-0.08601247640780828,-0.45579694421790623,-0.3381324285581975,0.28634334216436486,0.456974776908667,-0.2836913933450944,-1.047334798596896
0.3802054255474512,-0.8093856926578061,0.6733232440621695,-0.1340708313756703,-0.8733001371533053,0.24655840584375674,-0.2751505611910693,0.7848564807264649,0.47587855388678646,-0.592251672912781,-0.3918999107184984,0.848141523491126,-0.3682350484951631
0.18748671811303977,1.0439131222938638,-1.8100944989647456,-0.09193605400738789,0.6129528714126472,-1.5312508596368428,-0.14932978164177735,-1.543047511669432,-0.8071752628593658,1.2841253029410833,1.3058494645358325,-1.038246671235908,0.31086470160656887
-1.0246153575817696,-1.3226659748495597,1.1833467400117095,1.105335824080913,-0.18052464671228013,1.6486778423767823,1.1347265523217125,1.3293803299042692,1.7448047248811733,-0.12776477657588534,-1.452993270252455,0.09358624560031224,0.9899644517083015
2.07016516286048,-0.6661078015216005,2.200905567609578,-1.7994023952082847,-2.049615878939244,0.21191254997392384,-2.063343411750796,1.5741239233714708,-0.8417739934349948,-2.862761496883319,0.24475610500187567,1.2254191624365327,1.6690642018100341
-0.7008426742831186,-0.012267111879788755,-0.11565369635864706,0.4369358682149772,0.5219292517732443,0.4139336911698642,0.6075024879423521,-0.05904478186976153,0.3277616233959864,0.3835701767991801,-0.6041185826252897,-0.6609690322905012,-1.5634506086742126
0.597229516455992,0.3108812633218444,-0.33189141663984856,-0.943554665106863,-0.22749957866470596,-0.6848643496993965,-0.8195797692560268,-0.34275891154016064,-0.9094023562449626,-0.39556434249166234,1.0936307926290412,0.4708638845457193,-0.8843508585724801
0.14970456903825863,-1.664814128151609,0.7988496972133987,-0.31002563880031336,-1.3173643740407457,0.5089011981647033,-0.24429019598590748,1.284005793962547,0.9538121728819401,-0.8054574404570242,-1.0285559264388724,1.6026968013819396,-0.20525110847074718
-0.5116333704605004,0.9974990066366216,-1.7131096438789648,0.5255372370651304,1.1088826067491828,-0.954484847065021,0.5526622301441904,-1.4651379965010578,-0.32337195643065825,1.6324237458301047,0.6691934488154584,-1.6251229984843187,0.47384864163098483
-0.04786762190525306,1.3844989143333928,0.4925227990386467,1.6808058614489532,1.037513621583006,0.41439057867824913,0.9140363683280993,-0.4157434793864792,0.24589615329484196,0.7780695396069639,-0.17968123881170703,-0.4932900816480981,1.1529483917327175
0.4748454172108427,0.18746567021017813,-0.4649229726821566,-1.0906342666726234,-0.22406220710630517,-0.6996439561269144,-0.8315523630169896,-0.35593582990452355,-0.9293143068910872,-0.3967385271999378,1.5180681364426238,0.6385428351881218,-1.427630658653866
-1.5228277396747743,-0.23956501153100931,-0.08103311264956653,0.6736529329418597,0.9800999717627256,1.0307912723723271,1.1742807965130184,0.07429930412716305,0.6617541813964186,0.5189998874463904,-1.5591026062058506,-1.2478453595389118,-0.7485309085521332
0.41840693769094844,0.6477661128848959,0.14765290908988302,0.4126304814564002,0.15156893160464133,-0.1864685759284721,-0.006742213316400597,-0.2411751952033557,-0.1578911427265823,0.17111732062737092,0.13864676904847997,-0.11601244270269133,-0.0694311584504012
0.4510641473136196,-1.7185831799599638,1.2103021602005928,0.04291555569686942,-1.5844919936099349,0.6100110591595994,-0.2196862541000917,1.5428480784375114,1.2496591854801977,-0.8712536933596283,-0.7102279185786854,1.015820474133529,0.6096685916513315
0.5581467843276877,1.645627475740076,-2.37984702858131,0.3264374736569391,0.7673797825678469,-2.2369799432496005,-0.1273812428316241,-2.16552514833547,-0.9282260864449587,1.9929096251691802,0.9875214566756455,-0.870567720593505,1.2887683417530635
-0.47473746282276913,-0.7771352828895071,0.3813923467171605,0.3001872739915316,-0.20246447261035153,0.6351153400061273,0.41373838491270426,0.6041589208311083,0.7701258682046531,-0.07935297083212554,-1.134665262392268,0.26126519624271566,-1.2918107086335195
0.6678587942710826,-0.4079212713698076,0.24977555296013274,-1.2154441125696611,-0.8008253689940924,-0.28676626449489845,-1.0012257445645036,0.3450717586801581,-0.5983789220808887,-1.013467715667176,0.5630841128620627,1.393098113078936,-0.6127109585317868
-1.2352267450712988,0.6270563653934149,-0.7244071028670244,0.8378689219840426,1.3890126464412145,0.32788918129163697,1.1065351473742016,-0.7223397892031426,0.16731369222446021,1.1094957761490325,-0.2857905747651027,-1.4993637855025164,0.06638879156994541
0.8302377767156464,1.1886810801116294,-1.4792546898126382,-0.6347174957490174,0.23084443888811593,-1.7374429138354424,-0.7815582970504792,-1.429069327889902,-1.3061600772117208,0.6683812095998704,1.411958800489228,-0.3675308686662959,0.7454885416716777
-0.14184975448127274,-2.726036000100676,2.035144810759073,0.7971746227917393,-1.8640166058280723,1.6721315677299997,0.49753077609589114,2.5122998829937497,2.5146380350788986,-0.971346753164247,-1.3468839342990593,0.7643020481699246,1.4245882917734103
-0.4125182182558523,0.5476770376868069,-0.8331868125417611,0.28878612974736945,0.7085071803424265,-0.3467079961231278,0.37428094739533996,-0.7439004237586966,-0.17737232999554745,0.8165419581408805,0.35086544095527133,-1.1220861465571097,-1.1559907586131732
-0.14621922232372103,-0.13490525054739716,0.4511754158500075,0.5367284884653274,0.013180259123140779,0.45309909898705175,0.3622312515262399,0.32186490294890746,0.48757297142672984,0.029795778461619956,-0.49800924667189406,0.0097467702791107,-0.4768910085114404
1.021225992377602,0.1104626215882826,-0.030843268951828935,-1.8494235601357014,-0.6935652744576334,-0.7569882310007496,-1.5261601934046325,-0.07270419036690218,-1.4288196751462716,-1.2363802983971826,1.1997401285824367,1.141579687115331,0.2022087415902918
-1.8570684797650814,0.22308789650390554,0.40828844854657553,1.4271829968696788,1.5678328920655007,1.648313617058325,1.752121366354469,0.1184096230084898,0.8840280420372321,0.6680412715038907,-0.9224465904854766,-0.7448085076117027,0.8813084916920242
2.1686968466490004,1.4430339810116464,0.3645839542665379,-1.3793251327545681,-0.5989248086497603,-1.2757094646022267,-1.8942734543130835,-0.5171703299996351,-2.030211065315899,-1.2104777479855346,0.7753027847688541,0.3870244092245177,1.5604082417937568
0.4012948211447278,-0.8405258510734633,0.39597866310076724,-0.7629759633509703,-0.9117930623686397,0.01742190094556555,-0.6188625201914045,0.6441263252742574,0.03870633082343699,-0.8141450679809079,-0.07357190285831136,1.518857326060738,-1.0201708085928267
-0.0281639804928278,0.7748660930421963,-1.6379302704035212,-0.20661776730142187,0.5817084057347662,-1.2435846677622413,-0.09406555841386324,-1.3112691918577106,-0.7001895991713265,1.0779432799919468,1.6241774723960194,-1.373604572520714,-0.34107105849109376
-1.318061281289171,-0.8652274470224226,0.6236877728566005,0.897683408501636,0.3725402952427641,1.4275322170713158,1.1826564077536397,0.7848448948003156,1.26888716460749,0.14722999627515077,-1.6121572741825485,-0.24177165568449363,0.3380286916106382
1.407822794948568,-0.34535923277377334,1.2194473532782235,-0.6603308358239848,-1.3160111991201981,-0.06983823187486904,-1.105445124853426,0.8602956426516862,-0.23736729180286734,-1.356919366662632,0.08559210107178215,0.8900612611517269,1.017128441712371
-2.9775796680571913,0.7440603366065373,0.3341608096457919,2.1951869103513277,2.7932436914878536,2.395589586030748,2.7600930695749444,-0.18427406068653898,1.0755278977717297,1.246149834531592,-0.7632825865553833,-0.9963269335753072,1.6962281918141036
0.30193488944378033,0.2634586525008136,-0.44048701569184845,-0.558583352182939,-0.03814650064183047,-0.5566482545726883,-0.4574513707523195,-0.3802196161436902,-0.5946649235877833,-0.052629680936661205,0.9344667886989476,0.13550598326091282,-1.6927512010935823
-0.09485203018750826,-1.357627505056791,0.5387196041279817,-0.1284659112576714,-0.9099881066773006,0.48376790530753,-0.01692877559596212,0.9835453661954957,0.8686255572293031,-0.4882887414441905,-1.1877199303689658,1.2673389000971331,-1.01365145099185
0.11329160594934698,0.8389719710442675,-0.7190331723098903,0.2727438715414216,0.5209343970613186,-0.6361341425335726,0.08327252401775861,-0.8254375823268246,-0.39558881948086133,0.7206869220573132,0.5100294448853648,-0.6190492946299004,-0.3345517008901173
0.5948312589139557,-0.4451473328026174,0.9634948800629121,0.33536108317617336,-0.7724377631591564,0.31636016624915897,-0.1423764933204995,0.7660018503938065,0.5604613965702151,-0.48849182491246834,-0.33884524274180056,0.5127836222063199,0.3445480492116149
1.434625050000288,-0.020384285460736,0.4420196079763376,-2.523416352062637,-1.1012909609123351,-0.6889337480861504,-2.104498465487365,0.2593524257818762,-1.828233321267058,-2.047136633381022,1.3589041325125304,1.64461653904254,1.0236477993133475
-1.3264192135533852,-0.14230939698830788,-0.2906857181181014,0.5061156464690363,0.9016796351816602,0.7280144842741739,0.9802014131182124,-0.09257660104198705,0.4704673125090372,0.560902232323532,-1.3999386022757572,-1.5832032608237179,-1.556931251073236
0.015082985811110828,0.533106692339656,-0.38933655139035184,0.2171157496245084,0.3741155346611632,-0.3112357001019401,0.10664253128287257,-0.486427758325611,-0.2193794014995069,0.4375106804108824,0.2978107729785735,-0.45137034398749737,-0.8778315009715033
0.26258647167908644,-0.8533651237632224,0.7560143177456297,0.13117286415963592,-0.8160240938881237,0.3948063462091968,-0.07176824672112102,0.8534900325981717,0.7007459274367094,-0.4731622199639798,-0.5510639146485918,0.6804625728487229,-0.1987317508697709
0.049725354619824615,1.1044685602291686,-1.9366304230382387,0.11324553384958352,0.7610831550301862,-1.5299784050239629,0.033132339807501285,-1.644695403934477,-0.7002730848426495,1.517983517869328,1.146685460605739,-1.205925621878311,0.4803679992319615
-0.8172397878047981,-0.5560126710929292,1.2757731903424165,1.4640504747895187,0.21685255381726065,1.5711074031147554,1.2128816201440282,0.9975383741299323,1.463262101446316,0.04772864192932645,-0.9755012584621745,-0.07409270504209058,1.1594677493336942
0.49109444426479065,-0.1805180207530148,0.015112573143227583,-0.9668074690868076,-0.5024920323532043,-0.3409209713972657,-0.7748401432395161,0.09892116388791387,-0.57802447534911,-0.6695721040758368,0.7222481167921562,1.0577402117941295,-1.4211113010528893
-0.5404341862669344,0.4695266111517013,-0.3681528066900955,0.5696128732426871,0.748869701364624,0.10394336959025356,0.591431824124803,-0.44264681063053024,0.08309847232780468,0.6617756407954676,-0.1266265708350092,-0.8286479829329042,-0.7420115509511567
0.7750335428641398,0.6071973935802258,-0.7129260237245996,-1.2402079520326919,-0.14787016641822387,-1.106520075921403,-1.0719010969370728,-0.7059231639972645,-1.3360900839274896,-0.3140711355041672,1.5711228044193217,0.3031849339033162,-0.0629118008494243
-0.023856413547050804,-2.223570550909546,1.317911925154677,0.025408292265985732,-1.5900023359711144,1.0340108880511452,0.026247047172711188,1.8563986551936251,1.5948653849748629,-0.9632375907361538,-1.5060479382291527,1.4350178507395368,0.6161879492523081
-0.9415335162055196,1.294992281001244,-1.5225273534331032,1.2629220220553832,1.6496232864065006,-0.4987869721237888,1.1733699733912755,-1.5067003163116808,0.004195390886734685,1.99273615037316,0.19170143702517783,-1.4574440478419155,1.2952876993540403
-0.5508354644573829,-0.14392964429683416,0.10876109797961593,0.44681305460887616,0.3131001191777695,0.4793913448251927,0.5321202357820496,0.1333827185779589,0.4283111642371615,0.2233291330855297,-0.6571732506019875,-0.32561113100569516,-1.285291351032543
0.7211091723828501,0.16325261722025894,-0.1344112978861334,-1.2145881836209176,-0.42808693552012805,-0.6214308331086469,-1.0293860624259525,-0.15751733136823914,-1.0026647730188498,-0.7270462600386011,1.0405761246523433,0.8062217858305254,-0.6061916009308104
-1.698998596578121,0.05971713268085305,-0.006406222893207078,0.9668556726972459,1.3299661219949859,1.2148543799749216,1.4239009489276415,-0.0335170534599364,0.6636966323612722,0.6631273209447689,-1.08161059441557,-1.0801664088965088,0.0729081491709221
1.2148867829708467,1.213302656840004,-0.021893838792922785,-0.1377835483567357,-0.04267296224973115,-0.8891218827838074,-0.7256066924337601,-0.6199593811447256,-0.9607365877764498,-0.07753172941546475,0.6161387808387605,0.051666507939711656,0.7520078992726543
1.432776086507354,-1.5581270677502728,2.0281750987821097,-0.611403292373245,-2.211975369988209,0.5362500104281717,-1.0929946158309616,1.923485538597194,0.6581044961223129,-1.925304178356563,-0.23273590678840486,1.1834994247759316,1.431107649374387
0.14855913898409914,0.6004827791957328,-1.138840850676741,-0.40545690521142724,0.3217499415416549,-0.9853724663934613,-0.29411072554326423,-0.942627080566432,-0.7217665866971503,0.5712205271627503,1.465013468465926,-0.7028887699511019,-1.1494714010121965
-0.46985319384308993,-1.1365244870161135,0.6168930538055867,0.4112846326871069,-0.4660714414300167,0.813317861029697,0.46982957195677844,0.9168799352900279,1.1060275154154393,-0.1789181861426524,-1.2938292663223614,0.42894414688511834,-0.4703716509104639
0.9156618582946904,-0.6368506773419318,0.5557632213163869,-1.4108166554955521,-1.154065358553381,-0.2285806837455675,-1.2376317225886904,0.6321887564422197,-0.578756214770429,-1.3741604420344102,0.40392010893196917,1.5607770637213385,0.2087280991912685
-1.700106378528399,0.7956710017013242,-0.5072203444113722,1.3043191463278652,1.863041791761338,0.8292282565995021,1.602847654000341,-0.6843644207042235,0.3883988170168789,1.2655267367081757,-0.4449545786951962,-1.3316848348601134,0.887827849293001
1.5810417237198404,1.7742576226918108,-1.5334983456508675,-0.789565276121071,0.08568911591842965,-2.3183368560659856,-1.2668209081117972,-1.7528989920603546,-1.8343562269181681,0.6032985006506775,1.2527947965591346,-0.19985191802389288,1.5669275993947336
-0.09860944878355125,-0.9363296072172976,0.3853649809421885,-0.11562577082412014,-0.6024626542037981,0.3681391773014131,-0.008123734999131198,0.6861222125282161,0.5793395707773754,-0.36544822364715035,-0.8693919225087788,0.9319809988123274,-1.6655872110895131
-0.0902308492819921,0.66695000588488,-1.0526433248676628,0.034535473367207616,0.5506721468460557,-0.7474241582424354,0.06673536355387495,-0.9273285294365698,-0.4475885557401285,0.8066927671010597,0.8283574527455518,-0.9544071959147065,-0.9864874609877806
0.4192204063692932,0.20187458174899078,0.39607234496834504,0.22150277241659938,-0.17151278938956696,0.004624497061587972,-0.10819144857025632,0.12214760017652679,0.01863790514728479,-0.1438536649751792,-0.02051723488161352,0.17742572092151376,-0.307387710886048
1.0637021315133548,0.1732164236041432,-0.20937969025664832,-2.0301008923010873,-0.680352533193266,-0.9252403145117405,-1.6444726752587868,-0.20476305984525,-1.605243169917248,-1.2265761382752318,1.6772321403727173,1.309258637757734,0.37171203921568424
-2.0001345079731623,-0.6692229537434495,0.7384700526605446,1.3306107346254161,1.0308745965296946,2.0057916762821333,1.7779550912379414,0.751383282451773,1.446075792202333,0.35662410442719067,-1.6784756091534208,-0.5771295569692997,1.050811789317417
0.227558873470478,-0.2434842838413914,0.18107811741927876,-0.2757582880526606,-0.3484335304856261,-0.023658620708409905,-0.26801264591913393,0.22400086775722006,-0.028759583463207016,-0.32249591170535047,0.019273766100909858,0.5547033598669208,-1.5297672610691666
0.14560165350671317,-1.35966539126705,0.5489313713691659,-0.44378469373395385,-1.0935755073412567,0.3190132626610773,-0.3127780648688295,0.9903217895986888,0.6398137982414228,-0.7105964100488953,-0.8296009215262555,1.686536276703141,-0.850667510967434
-0.4297264056215787,0.8133690976606514,-1.563355569643192,0.2597028655031692,0.9136868613677473,-0.8977417805251617,0.3681566320637979,-1.2885174250595506,-0.3869616701743673,1.3399907090945522,0.8681484537280754,-1.6903314792896975,-0.17156776086570158
-1.605256876246533,-0.3236935886767616,0.49021138621740284,1.1229483450739186,0.9816885460122169,1.5307359241163123,1.4560272289207796,0.4384122263207297,1.0494844727457222,0.399927335177184,-1.254038265339838,-0.5584985624534771,0.5075319892360308
1.7740517560502596,0.7384880204735681,0.8784816724208309,-0.858051285164516,-0.8095531564752851,-0.5958571375445859,-1.4067250072104738,0.12532259486681788,-1.150099601663854,-1.237871480528051,0.44371110991449253,0.5733343543827432,1.186631739337763
-0.9238478107262819,0.2406085074967073,-0.5026448971223194,0.48164778549751636,0.873705643371183,0.27544318073422175,0.7509589124932973,-0.4038115648013559,0.18114572287275374,0.7019409531552994,-0.4051635777126728,-1.3130538403442906,-1.39394731104882
0.4428499176669626,0.6278244903253742,-0.8553294309931179,-0.6126830228600311,0.11863478771400476,-0.977905147658585,-0.5617603320330724,-0.7965187381108213,-0.892472917110627,0.21917888645046796,1.292585797541658,-0.18122092350807031,-0.7148475609470872
-0.27708179915648945,-1.7128566179093434,0.8445318118008094,0.21463874368605695,-1.0288710268015318,0.8505605027130956,0.26232043404082084,1.333814042893553,1.3709976467745524,-0.48218564635412087,-1.4662569372466294,0.9506119933281498,-0.03574781084535497
-0.26947740323244046,1.2359185258173337,-0.9025013361668669,0.9325508619419606,1.0979030439001856,-0.5028864145153222,0.6376552690742265,-1.1276391193399649,-0.19517482556228868,1.3064713327487196,0.2314924380077012,-0.9357762013988837,0.6433519392563775
0.39705256087454777,-0.3684483857823108,1.7440585610508343,1.4673593999217664,-0.5671769767822817,1.060627995739214,0.5621625488534538,1.1675553537556773,1.3327121936736879,-0.29842692882386695,-0.6173822496194642,0.19605671543733647,1.3224516893581097
0.5504514587013779,-0.17578453799536495,-0.07851053974962909,-1.2632939108826804,-0.5440243314416339,-0.4557747227702881,-0.9634289250154779,0.04378004890851588,-0.7978845135403212,-0.8018021402412236,1.0803671256348666,1.3278896322735567,-1.2581273610284736
-1.519504217683201,0.09990972142906362,-0.34423734667871364,0.7184329392368073,1.2230885591332155,0.8253202919104007,1.1961614915564256,-0.24406366555970618,0.4537970244896692,0.7453183609520246,-1.0418195934330468,-1.5645722663078954,-0.579027610926741
0.461350384179184,1.0331265910980174,-0.731321181072661,0.15596445905970327,0.39773462583802877,-0.8955044699691868,-0.165466268490165,-0.9295958573940248,-0.6185032461250345,0.6503107110072026,0.6559297818212839,-0.4327393494716748,0.1000721391749912
1.0218872046606862,-0.5137907162575271,1.2013456286401856,0.06761609980735687,-1.1455216847612457,0.19327747108318352,-0.5133485319197703,0.9344426844219197,0.41360693711136726,-0.8477706082557038,-0.1929449058058815,0.6990935673645456,0.7791718892767237
0.47437648809530664,1.5568135795649918,-2.805468700483642,-0.03497528354054984,0.7665957278760993,-2.5052409663820248,-0.2733782986995,-2.3609487133571387,-1.1291808434622725,2.0634793615091565,1.5048044694484493,-1.1872946273624883,1.4582716393784563
-0.8638519603625806,-0.8025111492453456,0.3255071270235187,0.44799803879682387,0.0738894831641713,0.8713601040370672,0.7009376373073372,0.5853674282774207,0.8960514919390421,0.06287494160086032,-1.5723662732000252,-0.05546171052626802,-1.1223074110081273
0.6449143473551266,-0.49715940111217244,0.4849004104194959,-0.7236156647740056,-0.8479842058149867,-0.08887409624297044,-0.7289628717279112,0.5222899436019611,-0.1759673570011111,-0.8535020757292409,0.12538310205430553,1.0763712063099518,-0.4432076609063946
-1.3120237668541184,0.30744619814334695,0.11074739068918847,1.0779573877313735,1.2160369673615556,1.0274196627099,1.2746881873028644,-0.091545601611691,0.5692092505218168,0.6516164218870106,-0.7234915855728599,-0.8100169884170817,0.23589208919533783
1.4018763602188722,1.0284406391251764,-0.2229953842722112,-1.228112144114441,-0.31798511015492803,-1.1785384462190278,-1.4023257888678127,-0.640731683231574,-1.6258808635924178,-0.6703477375683023,0.974257789681471,0.3218159284191386,0.9149918392970703
0.5563599108843266,-3.2603998964633205,2.816603318343976,-0.014462175679429092,-2.7792713840422554,1.7738143059300435,-0.30658862088252353,3.2203764978783225,2.300769308565247,-2.1054270708381084,-1.1479289293864425,1.4536488452553589,1.5940915893988028
-0.46974542525671414,0.4695053719548474,-0.9840155032575878,0.15685854670510446,0.6953164388994844,-0.42199907324461705,0.3353059544991752,-0.7897667296171771,-0.21829363676541694,0.8389264728387433,0.5498204458678883,-1.438813053326093,-1.6384232210854437
-0.28385990865332383,0.13636394307025085,0.058201041080349895,0.4435650433517701,0.3136058513929003,0.24870457983632915,0.38695139280754226,-0.0354857475681074,0.2272364306323956,0.2587346223257625,-0.29905424175927714,-0.3069801364898726,-0.9593234709837113
0.8057555986815961,0.2759770167749216,-0.3122600528373877,-1.5000918784128114,-0.41067453194017073,-0.8194285122547527,-1.2257589928012402,-0.31421374844045424,-1.291060678403939,-0.7891331449999416,1.3986951334950537,0.8248527803463475,-0.28022372088197867
-1.963807428243129,-0.11351123502383177,0.12514474452852065,1.0768178503171784,1.4052481810765332,1.506477043546948,1.6243046363379765,0.12738388563244069,0.866798054123459,0.6401287101037254,-1.3601476012932339,-1.061535414380686,0.39887602921975357
1.4998959260846145,1.4409162020257151,0.6313527822821531,0.510462372348626,-0.09392325484566771,-0.5897080864183475,-0.5361469597706943,-0.3657456980655895,-0.6487230146802688,-0.12214326200263556,0.33760177396109686,0.07029750245553401,1.0779757793214861
0.1311910556257203,-0.9014237931716255,0.39220612046709585,-0.3655307508976062,-0.7512641786331136,0.2084322617122258,-0.2636772338102521,0.6724974714405211,0.372105423743822,-0.540705893237075,-0.5112729136660685,1.2021304192917541,-1.5026032710650974
0.17364072589848376,0.6992480830164124,-1.1161828766667936,-0.25912518316148775,0.3741801471992732,-0.9858972220866697,-0.23025046063873117,-0.9793173472525271,-0.6849259264737081,0.6540044406872859,1.1864764615882624,-0.6842577754352793,-0.8235035209633647
-0.17246679011202312,-1.0130772102864352,0.7586000580803237,0.4564770471357584,-0.6020282750716203,0.7091482891985674,0.33392131987437157,0.9349308965871186,1.051515536065797,-0.2535766585386461,-0.9357102574796511,0.44757514140094107,-0.14440377086163247
1.135155378729508,-0.3953318797618147,0.5023673153023906,-1.8852036380251342,-1.145639573756257,-0.4273657884259477,-1.6062871196327089,0.4811401837464474,-1.0963847198219463,-1.6574577129828836,0.7620391177746796,1.5794080582371612,0.5346959792401001
-1.4462978902955752,1.010005975383181,-1.1936410633095054,1.3107830651352534,1.8258191265176007,0.11737324293708142,1.4698865995557846,-1.1786033721524283,0.24117478371428824,1.7806316793292332,-0.08683556985248582,-1.6484117416290969,1.2137957293418329
0.1986420316962638,0.521424786247176,-1.0420752135692777,-0.5465546618197576,0.22664422459456957,-0.9466664501399562,-0.3955924522968392,-0.8484931553731976,-0.7687559380538856,0.4031482886018461,1.610913805401845,-0.5165788247928763,-1.3667833210447506
-0.5379557818439861,-1.3058635620048074,0.5573531984596053,0.2879232409468484,-0.5369570702226522,0.8162720124382441,0.4412254606588534,0.9681249247484074,1.1359910189354698,-0.21862044634419506,-1.6254209411767229,0.6152540920433437,-0.687683570943018
-0.7457305936263511,0.8087521993185021,-0.8801878797515406,0.7264202536882777,1.1496816340359293,-0.1437433104038532,0.7846160556657984,-0.9011383284600085,-0.042875886738437834,1.149509396869592,0.0723284340776077,-1.2711341026836898,-0.008583820841285436
-0.5713201141730053,-0.15652618832988083,0.8949912451715494,1.2120503686598327,0.3195049492773883,1.100742946665061,0.9475596256614205,0.5828490799584283,0.9960431420434709,0.15943955637107415,-0.7765462535495576,-0.13930118584746956,0.6705159292604468
1.859132166320986,0.442737917166199,0.5731759103893217,-2.682171248693231,-1.087875329890864,-0.8925105122664084,-2.416499044182095,0.10134813867310177,-2.2724734737048364,-2.2528191264740087,0.9212031217047731,0.9925317309887507,1.349615679362179
-1.1676986325092986,-0.21437849253046076,-0.0357537341819008,0.5803744174298537,0.7293487673360228,0.8107630204470941,0.934163314719885,0.08720764676363757,0.5757840802374189,0.4217954649489703,-1.2009835973631402,-0.8938564637382832,-1.2309633710244043
0.5893311048241539,0.39019484433116486,-0.010445437244712807,-0.3371049024531265,-0.16415849481506017,-0.4311702744978997,-0.4948234336280325,-0.20129616483970406,-0.5227784239760573,-0.22177333693772786,0.49676577789119036,0.2379764530979374,-0.5518636209226717
0.5873307437660292,-1.2635910012198415,0.8299893495266151,-0.5730470934294586,-1.358649766575274,0.21873409081593945,-0.6184454541530187,1.1006260979021842,0.4773139277269273,-1.0077248329265955,-0.352108909735975,1.3698093699341578,0.12723612917906052
-0.0361692084483551,1.1134763624712285,-2.221515329374395,0.1276828761797735,0.8326519314787674,-1.688123709251296,0.0869157320486409,-1.8097816564856415,-0.6961161703540731,1.7397713852429724,1.3456404655183558,-1.5226525286472945,0.806335879280793
-2.042592645890197,-0.6858091013067922,1.2048241206633892,1.7157440092227616,1.0510363446742352,2.396107070076855,2.0043140912062554,1.0225497107560153,1.7390712176986176,0.271901094408543,-1.4132022692699315,-0.3908196118110741,1.4854356293825255
0.4691128301401593,-0.1763146783182901,0.2043205839073696,-0.5609555313484196,-0.48280387902192357,-0.17914889248128535,-0.5485337238243113,0.20346309648541702,-0.2846374587392694,-0.533987883420635,0.28454710598439903,0.7410133050251465,-1.0951434210040578
-1.1706701038835123,0.3420696119989725,-0.31349799988841004,0.780718104960352,1.1340186422090397,0.5985926419185631,1.0416427954628782,-0.3480105227179122,0.32761019145310016,0.7648598357739652,-0.5643275816427663,-1.1453748897018876,-0.4160436709023253
0.8470264093986254,0.9236326932570154,-0.7431238203313765,-0.7306190751110628,0.02644801797683363,-1.1815076239165732,-0.8412637838179835,-0.8814141362231803,-1.1882952022771374,0.05539066174040946,1.1334217936115645,-0.013541972865667277,0.26305607919940693
0.3405030727983429,-2.3439407026368717,1.5433036436577119,0.1405409334553812,-1.953009959918847,0.9463279432028139,-0.10868358956424466,2.0437216022301974,1.7642707363768657,-1.052533878627733,-0.988764925456349,1.1182909439705528,0.9421558293011396
0.7636032958099863,2.068724204249652,-2.2506084273682756,0.8842267114261061,0.9177527303522066,-2.2847688314706938,0.05701709221457207,-2.3045656890141073,-0.8208470246065257,2.276570315519114,0.7089844497979817,-0.7680972507564809,1.6212555794028722
0.07613669913294226,-0.23537848734217648,0.16084730116065915,-0.09888192880219268,-0.22788810175589222,0.06944521824248161,-0.09316973219979865,0.20853842045973175,0.09465523464727311,-0.18700357538107898,-0.13989023782918367,0.3637356660797395,-1.6112592310813747
0.6175672084379129,-0.10544554636858418,-0.20987843676190412,-1.5067442806659206,-0.5439874601800581,-0.6053222330267575,-1.1281567760452398,-0.0654909605577557,-1.0255242196739471,-0.8698358498765081,1.5578591374251471,1.4955685829159597,-0.932159480979642
-1.7304127942980405,-0.14383580173358726,-0.11102740078447193,0.8059601496356588,1.2065503999760325,1.1566839300785023,1.3557462887556757,0.009452096936572578,0.6905059909982805,0.6314078724770036,-1.5193116052233273,-1.3968933156654924,-0.2530597308779091
0.5293811796120453,1.0564340327160213,0.10108105412352486,0.7228044488688027,0.3630655780642642,-0.30207683577714606,0.09755751486811447,-0.4720852587889225,-0.22110039725561192,0.4169739773322534,0.17843777003100336,-0.26506039882927185,0.42604001922382284
0.664896003554617,-1.9075858203005926,1.6583220544327884,0.3152694615275543,-1.8831282825177156,0.8021764540995953,-0.19064247205414878,1.8900262114137696,1.5825270777164935,-1.0191307610783822,-0.670436917596162,0.8667725180069487,1.1051397693255556
-0.11305173347010287,0.552478117739663,-1.0608266817109,-0.10476513054639704,0.4851708500491859,-0.737354055405987,0.005376357930182433,-0.8746138373066539,-0.46816030112194285,0.7179273016160005,1.027312457658169,-1.0196156767200852,-1.475439281061028
-0.5509576765421333,-0.7118787876277789,0.45905010813122277,0.47340677026551115,-0.09754414748973579,0.7497573871606765,0.5462408412748467,0.6152503713164443,0.8503556196761822,-0.019180724031012675,-1.0948742614097446,0.11221724011613457,-0.7963395309592953
0.8589684496206705,-0.2712201792210093,0.32441739192017144,-1.348457496841479,-0.8467057811175371,-0.3663809456138002,-1.174211830815002,0.31868401131821655,-0.7924185635987387,-1.1595747488330659,0.602875113844586,1.244050156952355,-0.11723978085756294
-0.5206804235626559,0.8949099807972101,0.0838196112324348,1.2082138318431188,1.0415429567005918,0.43849699375164,0.9183220953661873,-0.4009238172769048,0.24786796245910062,0.7603464630701233,-0.24599957378257933,-0.6423380377746786,0.5618599692441695
1.5924986995840795,1.026891815219312,-0.5589357872705762,-2.0685125443496526,-0.4634778085376901,-1.5746030071834254,-1.9489083050843254,-0.829308596925792,-2.2384716757010663,-0.9926587628207802,1.4517498014717516,0.48949487906154154,1.2409597193459017
-0.10120195795091956,-1.3556345611158254,0.46349531841341846,-0.2643080201846495,-0.9037375469075262,0.4302847912760618,-0.08531017843820991,0.9401471915929008,0.7680162381561229,-0.5248201327605713,-1.307092933316536,1.6213277958977619,-1.3396193310406816
-0.6419839396745102,0.6539025042955043,-1.1371030904456467,0.3984625612225632,0.9591202983304856,-0.4164606288738409,0.5555429312993105,-0.9684000579725929,-0.17258718635536507,1.1173404975774137,0.3906564419377947,-1.606492003968496,-0.6605195809389488
-0.5636026590490066,0.36731279269355677,0.25381691225585434,0.9387645162492535,0.6924966092970194,0.6004806818453594,0.7989796449709877,-0.04088561188082624,0.4251258818966511,0.4503907515111627,-0.4582182456893707,-0.4746590871322756,0.018580169162783027
1.2684213462235827,0.6289956843775936,-0.24053232767397587,-1.834081338291966,-0.5057853977114307,-1.096255587561376,-1.650875618749118,-0.4505753344886558,-1.785209537565624,-1.0699226887953786,1.2395311295649603,0.6571738297039447,0.6976799192645157
-2.715921265499677,0.5074171094047202,-0.006707513336369153,1.7506606527326607,2.4239314332279336,1.9447223124915816,2.3845630610192647,-0.2578939038552964,0.9186785429140066,1.1970678070503857,-0.8826555895029533,-1.2292143650230891,1.3767796693662484
0.31462193037896397,0.44355135128185375,-0.4950201368244616,-0.3632474214009491,0.08248642483732158,-0.6078339498126084,-0.3610322066517441,-0.5011471427050195,-0.5796935364137492,0.12095356861383548,0.8150937857513774,-0.09738144818686881,-1.2037993810203351
0.5508392452471861,-0.6013120325502688,0.5204574386624344,-0.5559721445984053,-0.8520565233481414,0.006102520810606708,-0.5898135003859999,0.5944910136425603,0.020286451549339907,-0.7658033371430785,-0.03378090187578797,1.0344514686493513,-0.5246996309186024
0.328818128630839,0.9285315631507569,-1.664699301346889,-0.4268885155016448,0.4224688579661728,-1.5205348698141161,-0.402294857632497,-1.4033128194218965,-0.9699737353934799,0.9478707305649702,1.663968473378543,-0.8519367260776822,0.15440011918312985
-0.9038217331551532,-1.5876486264566765,1.141173831543486,0.8818872968147349,-0.46364431200338585,1.5294139174774393,0.9517274094930147,1.4383122500680732,1.7694839053147833,-0.24854054143793666,-1.6519482751650718,0.279896190758538,0.8334998692848623
1.6828315876270818,-1.241282854811237,2.1317614005039873,-1.4182377525490701,-2.1722216554480887,0.43664827356412556,-1.653772168218578,1.8231970921639322,-0.1556873381282844,-2.5517711474674956,0.04580110008925878,1.4117291075947582,1.512599619386595
-1.2541734099340178,0.1322617764174057,-0.40886981628321156,0.5976207980470082,1.0455304095837528,0.5849562902188561,0.989743063355771,-0.296695537667699,0.3426412187714518,0.711140914794606,-0.8030735875379066,-1.4807327909866939,-1.0679794309999886
0.41851619645234717,0.7976163838090284,-0.7995799494456983,-0.21114538650913292,0.2598568440405004,-0.917419182072197,-0.33647020425299745,-0.8501269393396801,-0.7196237283513652,0.45111976996173,0.8946757877164242,-0.34889987415047335,-0.3888796808982562
-0.17159360466554222,-1.7221221470480301,0.9925113310840217,0.35914080086374384,-1.1154659166986398,0.8890041846849756,0.28200934742883127,1.4218627438068496,1.4830863612257332,-0.49388801408426725,-1.2275109313514891,0.782933042685747,0.29022006920347626
-0.19662280398361984,1.3972046279048023,-1.5917112665431623,0.8667410599044911,1.1593657646561533,-1.0869775640002401,0.5637279035383383,-1.5968834656110138,-0.3575686982686514,1.7744381303624874,0.4702384439028415,-1.103455152041287,0.9693198193052089
1.0303218805839427,0.96663496911329,2.137169964556835,2.177617040111909,-0.08127645130813506,0.9092912898429684,0.5972674574151072,0.7205259029991463,0.9049124025420728,-0.10726977457560934,-0.3786362437243239,0.028377764794933428,1.6484195694069415
0.4837734509988181,-0.06779056489488891,-0.22867575217752487,-1.2016898509987928,-0.41542359140678975,-0.5237686593900882,-0.8950431474144805,-0.09494357406760758,-0.8294571530460346,-0.6481297584698568,1.3191131315300069,1.1602106816311535,-1.5840952410773053
-1.250567218600365,-0.39013125506211077,0.11294487826778817,0.62107618902943,0.6650082030420059,0.9849924390435405,1.0002016865477408,0.25903805396561225,0.7300987803365113,0.3388773569334673,-1.4397296032582805,-0.7261775130958801,-0.9049954909755726
0.7085634135498827,0.23200116479919905,0.34771051978447,-0.24206039584016642,-0.3688666248399454,-0.24042487057211978,-0.5086581680975019,0.07980117559658918,-0.34122863073259135,-0.4235260795487212,0.25801977199605014,0.40565540374034004,-0.2258957408738398
0.5549948779231529,-1.701760859947453,1.0905902359569906,-0.5161755895172623,-1.6510407501792999,0.443025797552917,-0.5710137018228656,1.4669479646941919,0.8294664157814989,-1.1628888287477055,-0.5908549156311153,1.5374883205765604,0.45320400922789217
0.04170261801159578,1.3491462778809917,-2.4650825399820735,0.34863483215716795,0.9441085804111232,-1.9319650378649036,0.16184779952012945,-2.065091039454076,-0.7018383398530633,2.07144049403489,1.1068944596232155,-1.3549735780048915,1.1323037593296248
-0.6826696578585679,-0.42476188511399465,0.1889636578314202,0.4194973470806472,0.20985214329217958,0.6359250233513314,0.5885213356004687,0.31922891599062786,0.6074490937437453,0.1450575900846204,-1.0152922594446978,-0.2231406611686711,-1.4482752910569587
0.6603317300622301,-0.04995474427210875,0.09704377008515801,-1.006982090333072,-0.5362456830848892,-0.3992079973374504,-0.8870078480388836,0.07971586051655452,-0.699918954050434,-0.7578857894062642,0.6824571158096328,0.9086922556675492,-0.769175540955226
-0.7498816487367863,0.6801920916787637,-0.4381996523646716,0.820433077091185,1.0598517736177688,0.20026912845263725,0.8365328557294925,-0.5876294092182295,0.11691300120263091,0.8846821531425488,-0.16641757181753258,-0.9776959390594848,-0.09007579085349383
1.0161993114421553,0.9030769318526783,-0.8931013508894626,-1.2790540922279447,-0.11654509574603551,-1.4186860878933587,-1.2220155582195158,-0.9556545870254928,-1.5742088113659858,-0.20647050080897605,1.5313318034367982,0.15413697777673555,0.5890239592482388
-0.0078872720743322,-2.799013294804143,2.0212960467042875,0.2626725057932257,-2.018253111245548,1.5652675809979966,0.1430620100564378,2.5410408839379377,2.176060849744704,-1.3250016677971268,-1.5458389392116763,1.2859698946129559,1.2681237093499715
-0.22257602915507668,0.3837275364509471,-0.40805397455076403,0.24499348699313112,0.4460825828252029,-0.15505034197483245,0.2490758647040083,-0.42216911256750467,-0.0931257582025767,0.4704194068037217,0.15191043604265445,-0.6004183001140778,-1.3124553410366122
-0.008844101637109178,-0.7724382286419459,0.5984674235696732,0.2132464383500481,-0.5519235939913165,0.46811906332867087,0.11745416431534386,0.7241608550729709,0.7033089415646604,-0.3000594912651098,-0.6969642515845109,0.5314146167221426,-0.6333555909348795
0.9184225337525035,-0.3175414608048314,0.18961334898441715,-1.7694004472375262,-0.9252340449607507,-0.5130790413062782,-1.4286287809110942,0.2658993936875983,-1.0669677198435252,-1.345911956098478,1.00078512366982,1.6632475335583627,0.04574415916685235
-2.161198729843273,0.22520262690205034,-0.32263549333317443,1.1926139828913922,1.79970290722401,1.3026930555286556,1.7915665782802381,-0.29463417041980605,0.7112386629885316,1.0521304759546546,-1.1214015953980936,-1.6763582334028304,0.724843909268585
0.9474837066920854,1.9767284922900912,-1.166345499568391,0.8762816343029094,0.7119556467673045,-1.5801831859075584,-0.04598520115212839,-1.6473504656034614,-0.7614321087531998,1.4644584651005657,0.5763477798562371,-0.5445253165666103,1.4039436593703176
0.1782058073741673,-0.4402884449894757,0.3738223779313631,-0.10828612114074969,-0.4533821361722203,0.16049333584066394,-0.15298403831292007,0.4312000598226147,0.23305069271604348,-0.3518626308789085,-0.27252690777092825,0.58730760026961,-1.176635391016266
-0.051922343117451975,0.7673072862313854,-1.54844006559398,-0.14152208370355587,0.5942359203815033,-1.157477891975402,-0.04689617219975567,-1.2570426722595875,-0.6472960162087621,1.0556873301884595,1.4252224674834026,-1.299080594457424,-0.49753564091453323
-1.0760068928810234,-0.7411733477871572,0.6179545907061725,0.86873563270683,0.2789293980859425,1.249325438254927,1.0372958150148963,0.7194874083714424,1.1598053288866796,0.13178412877735707,-1.333620267304885,-0.16724767762120346,0.18156410918719917
1.3869656039645872,-0.10238933752120766,0.8445069982019837,-1.256504115522443,-1.124500363633885,-0.3441627427823372,-1.409319215601082,0.5272820718784934,-0.8449569666740071,-1.483912488411773,0.3641291079494458,0.9645852392150166,0.8606638592889316
-1.9436278952120378,1.1251121962321027,0.1371888397799065,2.0258443647267685,2.285728463038728,1.5012821947367114,2.1150278973515855,-0.4861269844516198,0.6817367725829224,1.2773884122275072,-0.4847455796777196,-0.9218029555120169,1.5397636093906641
0.494017756599774,0.40827382198033674,-0.5385579874512149,-0.8021010865991821,-0.07889595541222573,-0.7702245411497952,-0.6893625977602508,-0.5080203217436834,-0.8751507286138718,-0.14548248651120824,1.2130037955766113,0.21002996132420335,-1.0408154409959192
0.14884841901392099,-1.501454019132191,0.7187441239210395,-0.21894323697441223,-1.1985750651786082,0.44770748622568807,-0.19569257133390247,1.1570440126577255,0.9045160082139421,-0.6838374013720337,-0.9091829234913021,1.3418628781604236,-0.36171569089418665
-0.3867808404175057,0.9806041766964965,-1.7207052387642496,0.3994324206246573,1.0021041959539312,-1.0499834751367745,0.418928876214569,-1.4609583594008368,-0.40348104357087583,1.5522063874566352,0.7885664517630285,-1.5505990204210287,0.3173840592075456
0.290027345249915,1.3858152848062681,0.4111866416380393,1.453620072719462,0.7825524008705931,0.10904074213477827,0.6124083993646999,-0.4622477796652396,0.07906422030470231,0.6838867865995277,-0.060308235864136896,-0.418766103584808,0.9964838093092783
2.1057701299626768,1.1017841881722055,-0.2929939689403933,-2.8668714816097314,-0.7980551355275498,-1.7379094826664405,-2.646638606565606,-0.716916599814138,-2.87455231856566,-1.7341485244393091,1.637441139390194,0.7130668132514124,1.6755835594110104
-1.2494331480067902,-0.3168684267799888,-0.12334701996363316,0.4829741652900779,0.7171324485755276,0.8018585740727316,0.9266045767290306,0.08916245837507039,0.5773152616139671,0.42064293938685987,-1.5988936071883741,-1.1733213814756214,-1.6873184030927684
0.13388057051641916,0.2238494686046857,-0.005991997693610634,0.09820045050578727,0.060488560756023914,-0.10074300252518947,-0.02003765502878975,-0.11548063892501709,-0.08697983651270562,0.0713257351301824,0.09885576806595661,-0.04148846463940118,-1.008218652991036
0.1935997006879848,-1.3155661126809353,0.7245435281904357,-0.12196127093126795,-1.0980357415228204,0.42005301200369877,-0.1684829380952625,1.067220644120123,0.8435577240282573,-0.6221142827497967,-0.7500189195612088,1.0903444521968186,-0.3291189028893034
0.29445918021048584,1.1478180003683618,-1.499721198557125,0.10507074304378465,0.6070778770578776,-1.3685719461971404,-0.10268933056155892,-1.4201411323747635,-0.7369734449496407,1.1873524881416309,0.9477304556931221,-0.7960437425302147,0.349980847212429
-0.4417882900469094,-1.5577371434957572,1.3930851282176493,1.0031018433528527,-0.7919451302622873,1.392068031705723,0.7675285803889751,1.5653222711494692,1.836794316573055,-0.3534262929469145,-1.1744562633747913,0.3357891743060054,1.0290805973141612
0.434165775181765,-0.4548303782911174,0.12771113106345067,-0.9948469257084022,-0.6577564481548711,-0.21316945364741932,-0.759070050316223,0.29976220052768215,-0.4040370623334304,-0.7724393965921263,0.5232931118795393,1.4676220911422257,-1.551498453072422
-1.0120017387982967,0.3821981492774245,-0.6060776343550259,0.5830912048809656,1.0428678605899109,0.2589260482970855,0.8519395477544061,-0.5330190893613447,0.1548488254119491,0.8479717491203779,-0.3255815757476261,-1.424839807439226,-0.8723987029706896
0.5301699363981062,0.8104876430697181,-1.0747204202902998,-0.609398785999774,0.18460149369564408,-1.2098757651366563,-0.606943694368192,-1.0116555576089503,-1.019566391225249,0.38464417990075833,1.3721677995067048,-0.2930068906030058,-0.1932989528689572
-0.2478568608210478,-1.9315584338517469,1.1148859030079785,0.38398754802590346,-1.2091688808601746,1.038180025171288,0.3361190446098119,1.595724249630061,1.6497017734360917,-0.5680169502860994,-1.3866749352815828,0.8388260262332145,0.48580079723277564
-0.2822943312512594,1.5119190042489654,-1.35652140047891,1.1492531968339774,1.307211870497165,-0.8440002808980382,0.7590705885360949,-1.5217675434236348,-0.23259095135015204,1.7918256482290373,0.311074439972748,-1.0475621684938192,1.1649005473345078
-0.23438539202318273,-0.30204726278496097,0.2284078666757233,0.23529050787772718,-0.040920813563190515,0.34451361576883033,0.2502932307147048,0.28000643941987535,0.3859414086889123,-0.00972123460308279,-0.5378002476544175,0.08427074834240085,-1.4156785030520758
0.6831929354615337,-0.05801540737622889,-0.08872672448166266,-1.4228736525566001,-0.5593896040696364,-0.5589592381051112,-1.1190928942414493,-0.020956782066279715,-0.9979027507497695,-0.902863835897555,1.1599491275999134,1.2161036651786212,-0.7365787529503429
-1.2702973528984656,-0.04172065315844383,0.2306085183502756,0.9354183618264039,0.93191941160523,1.0899453898644322,1.1769348738011576,0.15087592031692085,0.7126503053433855,0.46537951778520015,-0.962237591468,-0.6702845295484126,-0.057479002848610176
1.2700441076616118,0.7289421842058412,0.1647237301709661,-1.0184746026496774,-0.43473383077859806,-0.7847305138390995,-1.2206945200896362,-0.27220601289455315,-1.260478993760876,-0.8160659122059758,0.7355117837863306,0.46154838728780795,0.6216207472531218
1.3121450031700914,-1.5653293537468833,1.8803679976004524,-1.2208860375210087,-2.1258210423264963,0.5088112125231337,-1.3502919782133194,1.8437810616394295,0.21814535960704173,-2.2303493900637927,-0.11336290384083474,1.5933813041240281,1.3007204973548545
-0.21178428020924364,0.5717564702885113,-1.3861008079096233,-0.17763744285819655,0.5738903845209518,-0.9174460995910071,0.01991422534497593,-1.0676089097970045,-0.5350407444487161,0.9103133652513712,1.584386471413496,-1.6344384957422298,-1.279858553031729
-1.21946171017436,-0.5363933218063082,0.2623860856995824,0.6758094272908091,0.5356739694324376,1.0779670460545092,1.0124148091441112,0.416518157613906,0.8737534828014596,0.264961197832284,-1.4927842712349784,-0.5026055789060094,-0.6007588029299964
0.8811597227310347,0.03429075298270543,0.5719588221100491,-0.4202990474406195,-0.6425695391978153,-0.19131354099564551,-0.6955984224836274,0.30521144570436665,-0.3312256336537019,-0.7117369687564625,0.20496510401935228,0.6292273379302107,0.0783409471717358
-1.855620432642295,0.6000670384097495,-0.2795298223904861,1.2752460022753411,1.8393648421149829,1.1165626417732895,1.671043684566574,-0.4580688501505737,0.5058342290509111,1.076326072392802,-0.6439095836078131,-1.2571608567968229,0.7574406972734684
1.5686782223307718,1.7246030845520741,-1.072937478293531,-0.598347545141009,0.05914311029497364,-1.9540978853582192,-1.1591179913106757,-1.4684373297669666,-1.6595219756331931,0.39084277570918996,1.0538397916465176,-0.1253279399606027,1.4365404473752006
-0.11778755942027537,-1.1807095085324852,0.5093641503565407,-0.04347173241238689,-0.7646714584303588,0.4775842117371658,0.04031495683282054,0.8783990962540387,0.8052722442989454,-0.40857292193350825,-1.0683469274213957,1.0065049768756176,-1.1440386030113827
-0.057939620050658315,0.8177915045070715,-1.0080074257283882,0.23457412877341363,0.6353030873623203,-0.7361672099933773,0.15510615402724873,-0.9777105828726701,-0.4084466118375703,0.909695559764932,0.629402447832935,-0.8798832178514161,-0.46493885290965004
0.5227776401536678,0.06778449517988866,0.7803823196267579,0.5018937053550674,-0.34691746012287916,0.22680392204223687,-0.015646899517494945,0.40591561434310464,0.3184466480488079,-0.23885730088384566,-0.21947223979423042,0.2519496989848043,0.2141608971920824
1.3659274595592956,0.18716221733658048,0.09839660967186895,-2.4249517724106373,-0.8991649498469314,-0.9047471555191805,-2.0155465129981254,-0.03826919358560752,-1.9034629463173713,-1.7244304070054515,1.4782771354601005,1.3837826158210247,0.8932606472938146
-3.032636025549543,0.07575664399945416,-0.052089166023444086,1.8619260033246534,2.3516294703813427,2.137092041250808,2.6135457601119536,-0.06729875786327687,1.3059366830473433,1.3065960980963733,-1.280565599328187,-1.5086792827604272,1.5723603973955473
-0.022221434208744707,0.3236663690028434,-0.4333994413820288,-0.03070046238081699,0.2509032016552497,-0.3184512980389197,-0.004285278717797471,-0.4063765838945206,-0.25186884013504734,0.3015483920546233,0.41718377592614364,-0.3768463659242073,-1.6601544130886994
0.18019563067387837,-0.6841914976275026,0.48287435485887653,-0.11404761546958288,-0.6312781513694548,0.2432077828325231,-0.15709820147688042,0.6148131648828143,0.40174876686495603,-0.4369215009921362,-0.43169091170102175,0.7549865509120134,-0.9810546629869668
0.021891495215065764,0.848613780472805,-1.5416906835888589,-0.09022195492567706,0.5971314473731166,-1.205264860797066,-0.05944565936030921,-1.2939564769595997,-0.6674739140797736,1.0855975231066812,1.2660584635533092,-1.1314016438150207,-0.30195491288523385
-0.4721265563914042,-0.4745938802120719,0.8320204942768767,0.959141445225762,0.014353907218890412,0.9809394699022773,0.7605967111221784,0.7066431669081057,1.036841860746174,0.03407711425715292,-0.8561282555146044,0.0004312730211997373,0.37714483721649833
1.5634803578653542,0.11865068018615713,0.5480036356900505,-2.31456752521651,-1.0983336438942433,-0.699669660749087,-2.06335759876478,0.24946188202807032,-1.7742881230323762,-1.9837783149588202,0.8416211197397263,1.1322641898574197,1.0562445873182305
-0.40994217212923423,0.3024756230869271,-0.4138235586344682,0.3013868488827594,0.5292282083729346,-0.024982410676407316,0.3795563327441767,-0.384730379457259,0.005654875083147251,0.5131119633661247,-0.007253567887439059,-0.7541240048696141,-1.5243344630683529
0.5525464566019763,0.3914686327606815,-0.6640226225690657,-1.1253269156816745,-0.13537752596140856,-0.9090520948453669,-0.8916382330883154,-0.5703223742441222,-1.0992677916754763,-0.2722297817897932,1.6904958073668919,0.3777089119666064,-0.8452347129666202
-0.19198073643985314,-1.7962469571183446,0.8527893334770886,-0.05899389257524481,-1.1536317536284832,0.7958335228877554,0.07197714237805983,1.3802300621518007,1.2302980884411758,-0.6746539904483012,-1.685107442650508,1.5095418288028266,-0.1661349628648877
-0.9626880803063801,0.9436722250494178,-0.9847728485391561,0.9451950215134376,1.4115730307725751,-0.0686748763071131,1.016816195089936,-1.0276551804563825,0.021234691266973818,1.3762918987554142,0.01264193260382263,-1.3829200697786255,0.5129647872368449
-0.9738027350377441,-0.017565476409925354,1.1380487886186925,1.6376496098363942,0.7248306457570932,1.577245589855744,1.388754759503859,0.6502571085151803,1.2083194610512957,0.2684057498712237,-0.8362327550233427,-0.25108715294240497,1.1920645373385772
0.5030392142658676,-0.0402931548283591,-0.09474593447256514,-0.956299820204422,-0.4101290658036614,-0.4342620785127963,-0.7757049938965407,-0.03322476508362925,-0.6697582440099955,-0.5806813685412762,0.8615166202309881,0.8807457638938156,-1.3885145130480063
-1.3936285751521884,-0.16977744943165082,-0.01880207621547865,0.7086779263084454,0.9327176249869745,0.9860492665640325,1.1233699634845613,0.07442634549849009,0.6378575154752919,0.4965489800907867,-1.2606700988369253,-1.0056424308332184,-0.7094147629462737
0.753505500617198,0.6511455372788365,0.08114758009453742,-0.11208160708994547,-0.09978237628370382,-0.4783674637289753,-0.4641120405830631,-0.2803532822121079,-0.543449359699323,-0.13669429072975076,0.4370792764174053,0.12619048600300142,-0.03031501284454085
0.7520028130047803,-1.5011053760817805,1.1731962090083037,-0.44068849461133297,-1.655137005677901,0.365321461013497,-0.6369753200969368,1.413020996282993,0.7423429666326252,-1.1729470217422466,-0.41179541120976004,1.2580234028392216,0.6487847372571911
0.9347267663312453,1.6090594332491945,-2.2073002485934987,-0.24454766827076918,0.4557217565292579,-2.3742110477454594,-0.6314955988202382,-2.0499560986327916,-1.3192552930375565,1.4757322877930579,1.2859539640445707,-0.6283647918878118,1.3278844873589237
-0.5152927076991903,-1.0621692231971078,0.4278684558258564,0.23574866565033267,-0.3778834843194725,0.7000923511083054,0.40147348187855414,0.7730994297045068,0.9251340270643106,-0.15780981425336404,-1.4728887707437166,0.5034681249484085,-1.2526945630276598
0.5943552846242127,-0.7360600228959798,0.4027978309550342,-1.061352669265751,-0.9824632841051979,-0.1159244273397602,-0.8802923278420248,0.5956537188230618,-0.25323529875723655,-1.0223922426027516,0.22486060451061396,1.6353010417846288,-0.5735948129259271
-1.5677271912902553,0.4374034638855128,-0.5506724975999049,0.8934245655100238,1.5036845367045055,0.7006594199999436,1.3145569531967638,-0.5294367082580237,0.3423291393298214,1.0180651011440272,-0.6240140831165514,-1.5925187580816291,0.10550493717580511
0.7759434000116534,1.3336354311452503,-1.4324572512482072,-0.19385095762325796,0.3767956114775959,-1.662353949083694,-0.5193840437029574,-1.47528476243682,-1.0869840124171792,0.9337627262207457,1.0737352921377794,-0.46068584124540873,0.7846046872775377
0.17879064572357586,-2.553768067757642,2.095040309044397,0.9001849201647404,-1.9822786808577602,1.4881421111512192,0.37968470195818027,2.459788586980856,2.4677371780607955,-0.9457667652911059,-1.048451426930134,0.6711470755908115,1.46370443737927
-0.3148231324701554,0.6117187962517231,-1.0509805346258296,0.16705131226901693,0.6808299114010967,-0.5848949709403632,0.2574494980667537,-0.898731647337591,-0.31166705278077866,0.8956896453998936,0.6492979483241966,-1.2152411191362225,-1.1168746130073133
0.05093939099760836,0.21717768432930445,0.2914785519883277,0.480405351820922,0.11848115153106614,0.18832896513350308,0.22652617315969792,0.05552963027915573,0.1968488005543749,0.11025963283551851,-0.1995767393029687,-0.08340820230000191,-0.43777486290558093
1.0150258348101584,0.2540141707891797,-0.24849256497816735,-1.887409973841238,-0.5850539589082813,-0.920472099564797,-1.542904750061807,-0.26727231253250383,-1.558323767075868,-1.1003132651014862,1.498172635951362,1.0484247145362182,0.24132488719615172
-2.1710325432169095,-0.38012662243783424,0.47059677022205204,1.3077598592907875,1.3693809350295474,1.9218006203418858,1.8577058032352511,0.4556179845749666,1.2244460312409415,0.5403644977663559,-1.5789981066971124,-0.8379634801908156,0.9204246372978844
2.2731159724450194,1.4680060885233084,1.8258693104879615,0.9442356294840489,-0.6599495945217367,-0.22316908202391506,-0.7223645234905213,0.29397611627398046,-0.35117140640320677,-0.715505563084521,0.11875126855721829,0.2938694366454048,1.5995243873996166
0.05057783777109067,-1.0616623672576972,0.3899102111434723,-0.3782781865842455,-0.8060931505115643,0.26453709000173325,-0.2270989507140949,0.7514504608476978,0.4763915421228781,-0.5476778264731352,-0.730123419069947,1.4257023534816249,-1.63299042308463
-0.302195002079375,0.6614245019667285,-1.311519933749676,0.07223446656330831,0.7072124976573411,-0.7949900512283395,0.20055283533743992,-1.0704769809102872,-0.4161423912239684,1.0249697725901783,0.9676259561843837,-1.466759545099827,-0.9538906729828974
-1.0202970366444966,-0.43657583870952166,0.40745451966125595,0.7823952162672467,0.45701892095277397,1.046909474225492,0.9617301706887287,0.4482975278121833,0.8808244183517825,0.22960638052637194,-1.1545607628835297,-0.33492662826360653,-0.2747909228811645
1.1409154366183374,0.1763628416686816,0.447417330313604,-1.1399427343729582,-0.736556494973294,-0.47389989747325456,-1.2155072814205736,0.16386437897161527,-0.95745011114242,-1.1091039023418514,0.543188612370801,0.796906288572614,0.4043088272205672
-1.4002169838867475,1.058230228660982,-0.3884496597158487,1.4791629945139626,1.825794039577545,0.7055643041098025,1.5341160455414955,-0.7489084156882816,0.3299448463981106,1.2962166521186766,-0.3056860752563644,-1.08948190615442,1.0834085773223
0.34642783478183725,0.3758100227649802,-0.6842076028987281,-0.7313450585087462,0.009407374589268823,-0.7766435334045411,-0.5726640743622745,-0.573857830836656,-0.8004683726373916,0.011062098354518228,1.3920632999979665,0.04235101068180031,-1.4971704730642834
-0.18954684541232975,-1.449732926657406,0.584321266205824,-0.024096693727506124,-0.9048786115233354,0.5869397505537866,0.08911273412681558,1.0553748741561668,1.0101339430026837,-0.4511486755881577,-1.366779434790321,1.1741839275180201,-0.818070722962551
-0.03835757998658112,0.8907966494503287,-0.6576504840758721,0.5032557863041528,0.6732689467024202,-0.47989543545137664,0.2865841288625628,-0.8167929445810022,-0.2640002575539504,0.8319801026555705,0.3309699404640096,-0.7122042672090133,-0.13897097286081836
0.42340831598253165,-0.5954752243165212,1.0984890333537307,0.6330035863377587,-0.7513223809133781,0.5435930759406469,0.10703893473343275,0.9173750374839624,0.8843789616209744,-0.38625503477901096,-0.5179047471631557,0.4196286496272069,0.5401287772409142
1.6171058679876023,-0.014905764211141368,0.6844249974430072,-2.7064440639633607,-1.2355353476993673,-0.6329092443232575,-2.2992809461557258,0.39324041536108484,-1.9657701237233998,-2.352117580895705,1.1798446280911752,1.551461566463427,1.2192285273426464
-1.2011276041971004,0.009571247536405803,-0.31057885130402346,0.5484487258220518,0.9166259131044557,0.6227120033300934,0.9352525686782036,-0.1798507977102119,0.3937106513334282,0.6045287740085533,-0.9423420909767384,-1.3410003321180244,-1.361350523043937
0.389465495278702,0.6382438427089786,-0.5421884238499203,-0.21771481793649253,0.1666020185563795,-0.6979623615669526,-0.3243325626573496,-0.625235025574293,-0.6114401618050835,0.2551447328164617,0.7554072842775923,-0.20916741528180421,-0.6822507729422046
0.7003830211343514,-0.608870863929998,0.7180279585256368,-0.42073784894293353,-0.9707837386683122,0.05118021522476856,-0.5986947552500459,0.7096369355562052,0.12439763806271187,-0.8207125722326741,-0.09346740334957304,0.9226655015544161,-0.0031510228404717433
0.4000357807750752,1.1225844616991627,-1.9981537308628594,-0.31724981957491716,0.508868078391216,-1.8289546009213191,-0.3826170705720002,-1.6884453692291328,-1.0274778919706238,1.270620237157651,1.6042819719047579,-0.9637226931726176,0.6759487272612604
-1.1371361083251557,-1.6889618806079605,1.5321601555976518,1.248793099664531,-0.3602068633596215,1.9986019521266198,1.2710046296238582,1.7094288279847831,2.1092329074228022,-0.2896008738846686,-1.6320527746738103,0.16811022366360237,1.3550484773629932
0.41114317587015703,-0.6280696458143026,0.3280232660953827,-0.7206361024337793,-0.7656051265105898,-0.042082205333547944,-0.6017774027942836,0.49942577972354224,-0.08098799875563238,-0.7347551325153032,0.06569660058052046,1.2999431404998227,-1.2255305730235904
-0.9146321812481242,-0.007660137104828619,0.14374772321366477,0.7497284526921215,0.6871798175969408,0.7675746851300681,0.8876893767226177,0.08485947586005295,0.5529074146214442,0.40356293637210156,-0.7831780870466449,-0.586445054227211,-0.5464308229218575
0.9903693604741233,0.4973421793111889,-0.07940282898512578,-1.1651231862275675,-0.3904066560841707,-0.7723025935916638,-1.1479233511917748,-0.2938230652178257,-1.2033831895506635,-0.7342908773585339,0.914571288207686,0.5453878626090094,0.13266892717987444
0.28459646673996963,-2.3160426261179596,1.5322774257607235,-0.23842328237084212,-1.89049199974903,0.9779584517953797,-0.278928512997911,2.023535395706562,1.4677610266776537,-1.3023783714567179,-1.2076154308602276,1.6772207794452296,0.8117686772816071
-0.7572629862540021,1.3965496824569985,-2.1656049012060037,1.1275282899478443,1.583506987076295,-1.1272741464453546,1.002800682086844,-1.9200301952476209,-0.16666874747172072,2.378998236403701,0.4901339443941031,-1.6623849875159635,1.4908684273833392
-0.49122716634723157,0.16469771857305865,-0.07515884825261261,0.48694557362264634,0.4911514214446505,0.29468535914026384,0.5213015710468019,-0.12484343489588369,0.23882826398524018,0.38749473778846405,-0.3587407432330622,-0.5305520706797432,-1.089710623003244
0.744546648257115,0.369065661609924,-0.3905450409628756,-1.284412303408316,-0.2969953479185605,-0.835887146122873,-1.0788820354938746,-0.4049575848023674,-1.1995556307819193,-0.5840256855554341,1.3390086320212686,0.6012808461564768,-0.4106108729015114
-1.955104476724315,-0.08103272432081275,-0.01868674289137046,1.005143970108668,1.4221450134916893,1.3892503071088056,1.5817482605265871,0.030048216733436058,0.7914350223742027,0.6983357935107071,-1.419834102767019,-1.2851073485705569,0.2684888772002211
1.1021305746070995,1.4909800321811766,0.3349813531864278,0.8423362327285983,0.24354009976119292,-0.532808367563488,-0.14702095110938418,-0.5578670767762628,-0.4418682497677361,0.3243427337415928,0.2779152724873118,-0.1532744317343364,0.9475886273019537
1.2032611703859866,-2.4539011126247927,2.5245548849966064,0.21299988848105192,-2.685963994528521,1.084030401801245,-0.5339688290547846,2.651871040231489,1.8951347492322101,-1.7332545487121507,-0.5709594151398536,0.9785584851018835,1.626688377403686
-0.05225917671959706,0.520713048807804,-1.025918105768567,-0.19177575949745782,0.41615581110857786,-0.7540651290011449,-0.07327455233452856,-0.8390297771271926,-0.5091798295914393,0.6327068456516832,1.1267899601144773,-0.9078297096251499,-1.6058264330805607
-0.41336602279531326,-0.7167926292803879,0.45662017827175855,0.3826434434467124,-0.2053062859830337,0.649098453350757,0.42434064537316907,0.6163415827459303,0.7875606409041537,-0.0791763052911265,-0.9953967589534362,0.2240032072110702,-0.9267266829788282
0.8109815957596168,-0.2950468974510104,0.2513184140203067,-1.4180583630856345,-0.8275930513696614,-0.3883309378690742,-1.185211839666181,0.28941418711866673,-0.8263524708262934,-1.1525817399171014,0.7023526163008945,1.3558361240472905,-0.24762693287709545
-1.213214596762765,0.7928606667567769,-0.9043951034716925,0.930807912687951,1.492249699905321,0.17320921646059415,1.1438263154587085,-0.9068242725400992,0.1176405591470566,1.3066934869913114,-0.14652207132627088,-1.5366257745341612,0.431472817224637
0.9952080657569247,1.3447886728945244,-1.7515177230344496,-0.7494960721251711,0.2187959748892222,-2.0659579616443033,-0.9308618813493045,-1.660708478031552,-1.5006415077184463,0.7927912895295666,1.55122730392806,-0.40479285769794093,1.110572567326369
-0.4400902706872302,-1.1338386557897688,0.41075046967449086,0.12157121033377973,-0.4866707619632854,0.6328926957891664,0.3007219732973307,0.7993427619477541,0.8925649656777744,-0.22282072604402203,-1.5259434387204145,0.7270400591382793,-1.4700064830602142
-0.5432004142676047,0.6004352533699162,-0.7843008264527318,0.45503376376525284,0.8456369829743212,-0.21516484311103515,0.5323624376638787,-0.7427670561096105,-0.0933735127554588,0.8933733260550729,0.17180593653391613,-1.1593481355887545,-0.7909067329584817
-0.3166413750172342,-0.24326932972908072,0.601755902884022,0.7434326057666667,0.06388560185279697,0.6916396965452488,0.5630474496379536,0.461007943350559,0.7153356861651798,0.0585135149303439,-0.6770687510932493,-0.027515218752534123,-0.11180698285674903
1.2208021316422095,0.1382049861690651,0.15152533605199678,-2.000906800726866,-0.8246561757407187,-0.7595609034825278,-1.7134569504551684,0.016194432809641925,-1.5591046991252584,-1.4752137372232508,1.0206806241610815,1.1043176980836853,0.5672927672449836
-2.40947631136111,0.09728983438074573,0.5729465079274413,1.6480986422997148,1.895236515590472,2.171963189462666,2.1656983377697476,0.2742183717391992,1.1345276199331895,0.6959622176487732,-1.1015060949068318,-0.7820704966433477,1.2463925173467159
0.3965476245593133,0.16043666205614737,-0.13391093249075656,-0.5026829441341175,-0.18430860276674618,-0.388025547584478,-0.4787453195112688,-0.15582507748045263,-0.48081123660412833,-0.24266090357157707,0.5962432803474988,0.3497624201928723,-1.3341865330398677
0.4185662468300826,-1.0107752936322656,0.5236110318492679,-0.6650509417702309,-1.047997208687126,0.10350129089160467,-0.5763889030730087,0.8013267108491423,0.23090602441744623,-0.842424665211907,-0.25263140727966654,1.4815953370290926,-0.655086782938135
-0.047836302094066356,0.8836398663875813,-1.7827609506558324,-0.07661330280071585,0.6752721589447791,-1.3412103190484732,-0.01478701859473524,-1.4473765317120344,-0.6823667585796263,1.2742226070388067,1.4451179679746642,-1.410866561552359,0.024012967163597364
-1.3674098316949468,-0.654070449437093,0.7749590176156615,1.1461809299908519,0.5626229109926956,1.5796809091043187,1.3405049743383257,0.7643619244384975,1.3006571509303868,0.20389218511800117,-1.3137247668136232,-0.27903364471613873,0.7031127172653298
1.914328237667396,0.2181311346194627,1.256292040228616,-1.415666831841321,-1.2921135018982994,-0.4050553339288278,-1.776802019700653,0.5988685571119877,-1.188403130618698,-1.8986630980148693,0.38402460844070746,0.8527992721200814,1.382212467367062
-0.8653260154125442,0.2144130069709808,-0.33454427777880363,0.5388733779637169,0.8104382951499635,0.36313159556654023,0.7497578430164571,-0.2959431333380414,0.24150403764908954,0.6158391349581348,-0.4648500791864579,-1.0335889226069521,-1.1983665830195214
0.6042648900035357,0.5895787402006913,-0.6433010662301637,-0.8043175094654155,-0.031275939230614905,-0.9301949086408423,-0.7497723700356288,-0.6578557304302928,-1.0052981044242901,-0.06906188025564677,1.2328992960678729,0.09824399422926774,-0.5192668329177882
0.23780997478025645,-1.7120087104402932,0.9516014294628511,-0.11352436716582913,-1.4182239983516107,0.5635070420412349,-0.18777920468997206,1.3937391241251582,1.1307607569130045,-0.7853025545112938,-0.8892874230000405,1.230076911065488,0.15983291718394377
0.5538310774099116,1.4437123758342845,-1.479527347492457,0.3066978315374793,0.6246248106895805,-1.5392068926899947,-0.13549483106402652,-1.5569420460347028,-0.799501007870774,1.3096220060378199,0.8084619522542902,-0.6563112836615456,0.8389326672856764
1.9442600640191843,0.522491770294182,1.9569076389134925,0.6623211011907653,-1.0946716480767826,0.1140406836868834,-0.6946560213919297,0.8413469786418181,0.11324962436788566,-1.0049633701160496,-0.04041273537287521,0.4755216331746748,1.5180324173874087
0.5828277318000809,-0.13672164053775412,-0.22834041282286305,-1.4895153122535165,-0.540295299442723,-0.5946260123397332,-1.1003848245982137,-0.060234050061454825,-0.9907711085740191,-0.844368244746496,1.6573366398814557,1.6073545500108952,-1.0625466329991746
-1.7003851779390238,-0.15984874748102776,-0.1872987510557706,0.7502221267645253,1.1722277833891737,1.0762756295931488,1.3101538647208073,-0.025518950324911988,0.6611559393274306,0.6502007821587552,-1.6585801086621592,-1.6204652498553629,-0.38344688289744205
0.055262808309228986,0.9585142322228047,-0.06308474742879014,0.8724994244362848,0.6513360821122423,-0.08835131993746027,0.43142716593032854,-0.5155792008703426,-0.0423717390368342,0.6410466760072714,0.03916926659217155,-0.48863233301914244,0.2956528672042904
0.3152841351129619,-1.6690825321644644,1.492463762985035,0.6339988353896363,-1.4458570824850656,0.9252065289487611,0.16566259696955335,1.6770984575480143,1.6461966786731623,-0.6786982415865934,-0.8097054210349939,0.6432005838170775,0.974752617306023
0.15868268715822936,1.8384331689428464,-3.014886770148548,0.7756352866834323,1.209359636440705,-2.4401725343042893,0.3246639538023553,-2.6200214399371013,-0.7368885378070166,2.771257427269204,0.888043954219337,-1.243187610909956,1.6538523674077552
-0.7128791895337613,-0.5888425085765978,0.2237231039069763,0.3721105234955571,0.11407013503212936,0.6844339018031846,0.5797094077816994,0.42099221790395047,0.6891640270206256,0.08692912583607568,-1.2341427648485763,-0.11135469407373565,-1.5786624430764913
0.5901844237572536,-0.2423624924197725,0.21126914660065269,-0.8918195220575903,-0.6222657955187841,-0.26071091753321984,-0.7884519420608821,0.24045622879134462,-0.479423576672622,-0.764452895776344,0.46360661040575424,1.0204782227624845,-0.8995626929747589
-0.8604204549818004,0.4759731826347015,-0.1907560929908692,0.8385330945157948,0.995881426113719,0.4705546787626333,0.9054939255793518,-0.34588571042333427,0.2749030719824305,0.7129066641134169,-0.38526807722141115,-0.8659099719645492,-0.22046294287302612
1.027755599170907,0.8227684008130138,-0.6215092766422202,-1.2569778313545292,-0.18337610447720815,-1.2174261331811131,-1.21655758745675,-0.7623536028979696,-1.5011564587724444,-0.3935051684293193,1.3124812980329197,0.2659229448716711,0.4586368072287063
0.10052994960959376,-2.67942860173797,1.8705653739326542,0.11170505290680872,-2.0138827984813292,1.3711275895530386,0.005019681794497093,2.396193936094941,1.9810445266492662,-1.315654897898516,-1.4463614367553679,1.3977558617078913,1.1377365573304385
-0.6320312659276831,0.45159299648000195,-0.8901588278961841,0.2986107175954863,0.8052735782040128,-0.23306727906584565,0.4974228278241645,-0.727894010823356,-0.10208314646018339,0.8656195296140826,0.2513879384989629,-1.4947060368735605,-1.442842493056145
-0.5548572454892876,-0.012107289588065836,0.18179121361417358,0.6078196963861794,0.41147911574963925,0.5386278428881629,0.619374208251552,0.10852978405418734,0.4524334732312331,0.27862829285772756,-0.5974867491282025,-0.36287312003734024,-0.7637427429544122
0.8995091251359141,0.3017417872126949,-0.13660217102430366,-1.4263331015688563,-0.4630482109456034,-0.7512036632927134,-1.2371530136161697,-0.22810724525080242,-1.255464428847525,-0.8695996963049221,1.1002626261261284,0.7689597967988804,-0.08464299285267993
-2.0181104791184485,0.20776992202008712,0.023024344865249072,1.2072997791927131,1.6787242295706688,1.4666692301206588,1.722443424834053,-0.0910730021027643,0.7343209467730375,0.8049563067818382,-1.021924092941785,-1.1174283979281538,0.5944567572490529
1.6448554565351385,1.6657289679911438,-0.06684479121389048,-0.0953437519271465,-0.04112897181408078,-1.2325017709775288,-0.9342092936169464,-0.87186991709941,-1.2504751479246226,-0.015189267847013863,0.6758252823125456,0.0144045189080662,1.273556507350785
0.29655882422248625,-0.702676538641154,0.36616635585764185,-0.506955377318029,-0.7327769801573706,0.06961441340632327,-0.42727699032991856,0.5582880494585594,0.12793846405915968,-0.6176323341554554,-0.1730494053146198,1.1462374357442866,-1.3070225430357985
0.21988578138280288,0.7270658575055572,-1.3068354016936703,-0.41311970567890277,0.3592729158720546,-1.1662038250176048,-0.3364860451791285,-1.1007095744937676,-0.8170982322675112,0.6909922213653752,1.524699969939711,-0.740150758982747,-0.6279227929340657
-0.6687863753341241,-1.3716166813592288,0.7631146496460074,0.5521094320676831,-0.4854214392592726,1.0689647114565208,0.6511478026223056,1.1170312128957602,1.375521752258534,-0.1918165974519677,-1.5524707727087634,0.39168215785347316,0.05117695716766647
1.1020435042443324,-0.9339188673695119,0.9999007878753017,-1.3008393235426867,-1.5100637893375894,-0.019702941373113028,-1.279655288685154,1.0312975752015177,-0.28785243882783274,-1.6297161015378947,0.1452786025455672,1.5235150746896935,0.7302767072693991
-2.515010696871562,0.6856081960285365,-0.30066984973163013,1.736267915873348,2.4006333264015933,1.5736610224288194,2.2690024362782806,-0.5128232087213108,0.7818470372513143,1.4059781019514344,-0.7035960850815982,-1.3689468238917584,1.4093764573711314
0.2912860774974433,0.5169736967767325,-0.687721873976166,-0.3894786929919492,0.1532589411015781,-0.7397660312002996,-0.36235668787814035,-0.6465330619150329,-0.650898332558894,0.24646381252124766,0.9941532901727327,-0.23711390705553795,-1.171202593015452
-0.12606615921361675,-1.370538099510551,0.6751667243674799,0.11696987445692958,-0.8956841559287356,0.611458880137952,0.12955759387530974,1.0669192784682646,1.0570035163867142,-0.4226820923632496,-1.1280334288951808,0.8947190097806825,-0.49210284291371936
-0.09486915429763991,1.0644478651084375,-1.2429816325277756,0.47086099996849234,0.84165274011488,-0.8909565678686552,0.2998282890990422,-1.2336785098360783,-0.4107591085416158,1.2454133967419747,0.5697159463591499,-0.9916691849463515,0.1869969071880131
0.7344959476961668,0.39966764433499585,1.19821719994603,1.0829854749738312,-0.26725205955298414,0.39719638916452055,0.17770235283226907,0.47522168625540767,0.5075042247712694,-0.1540475616958752,-0.2791587412680155,0.1401637318898683,0.8660966572897457
2.0037515906207912,0.46880321549651816,0.6089254784677655,-3.17778008306786,-1.1785562300985375,-0.9687562509753163,-2.7561387030186015,0.10844492020975736,-2.652861753214303,-2.6168920635354427,1.4185906339863155,1.2719966487260885,1.545196407391478
-1.1250096043509468,-0.39427559234559284,0.1330886290913911,0.5835724086891253,0.5669168457124233,0.910390902173226,0.9129156527199564,0.272467538030544,0.7056502139380615,0.2983527679356968,-1.340252100801972,-0.6143915460009447,-1.0353826429951054
0.713073529305651,0.15809516704084842,0.27951080598168576,-0.46542059718293893,-0.4257307718169643,-0.29628489568242566,-0.6291287641350618,0.07837239589478309,-0.4519411016796733,-0.5248775128498635,0.35749727445235857,0.5174413708352753,-0.3562828928933727
0.5727902063114706,-1.559776666719231,0.9834295527877027,-0.6557984940126023,-1.561836517322937,0.34756588273381006,-0.6543670921794913,1.3354415957737598,0.6268550359413534,-1.1782336973107512,-0.4913774131748068,1.6492742876714959,0.3228168572083597
-0.11146231072059518,1.1904492877574389,-2.3421055817141165,0.2875546577472387,0.945343325352368,-1.7271127897984324,0.21186568241361275,-1.9163001118461547,-0.6339392658541584,1.9383531582304765,1.2063719620795241,-1.578545512194762,1.0019166073100922
-1.9627933879535209,0.20314070338788812,1.3346354091888117,2.1954960229473954,1.6334806276742988,2.438975780528443,2.2149878855267793,0.6505339098069124,1.4592169573786524,0.5019978132331516,-0.9158147569883894,-0.4467125953585417,1.6810163574118246
0.4043200648951728,-0.0048394216561134865,-0.13855870626509412,-0.7746349650367954,-0.30972175663096563,-0.3971919369203098,-0.6266499071064398,-0.07567494252185067,-0.5622339299498974,-0.4243832051438519,0.7819346182659412,0.6851203214776784,-1.6818856050919548
-0.7146071160173887,0.4577692556780851,-0.6331885533125586,0.5015872676988847,0.8722810922939015,0.024492931215536338,0.6490670984329147,-0.586145959889574,0.041758781822278074,0.8126440518845516,-0.06694006936122412,-1.2012678732493554,-1.0027858549902222
0.5711753070709688,0.6718983796746844,-0.9742504447747252,-0.9032814119638797,0.05331826906125765,-1.161794317214595,-0.7842955737647922,-0.8856205734986546,-1.1359221076203214,0.1097800780221758,1.6308093058931068,-0.06943495641313491,-0.3236861048884897
-0.28370428729605945,-1.9734210879576992,1.0686839113663031,0.23756014732862005,-1.2122937122918995,1.0282678754789998,0.2779929519433465,1.590647243496647,1.5724523882353179,-0.6333490438678221,-1.6055254406854613,1.062397960423085,0.3554136452132427
-0.24800142095595448,1.458556322592996,-0.5752582516976087,1.304806440270429,1.2426477603985002,-0.2658087392885523,0.8228550218984043,-1.0546852473103931,-0.08117137479304062,1.316479392268126,0.09222393456886938,-0.8239902343039485,1.0345133953149754
-0.2622424680077,-0.5686605320264527,0.3072780231649517,0.16556613910144996,-0.21263540151220667,0.42536877914734184,0.22841174661578748,0.4579808032669787,0.5240311286947935,-0.11587878658160021,-0.756650753058296,0.3078426825322717,-1.546065655071608
0.6342930560431116,-0.2563213257018521,0.035797560548655176,-1.3570783092151024,-0.6657675022611096,-0.42777026498659276,-1.0580446049666743,0.1485423472795557,-0.8092757184828603,-0.9507090513566505,0.9410986221960349,1.439675599368492,-0.8669659049698756
-1.7068269797679423,0.058086427329646036,-0.22203811841201077,0.8401865089423558,1.3347158292971493,1.0540960963980353,1.3611619114663727,-0.1542411594612275,0.5723545492251504,0.737306644522311,-1.1810880968718787,-1.4527862992129599,-0.18786615486814331
0.6958286122922221,1.232051839919519,-0.4341373047667629,0.3694367144888736,0.3640080122461145,-0.8345452009530082,-0.17863557300813954,-0.8617096512263227,-0.6036386844247895,0.5745627762384337,0.516661278382452,-0.3209533823767395,0.49123359523358934
1.1417605538886837,-1.105544883368491,1.6496291981642572,0.13752877975088432,-1.6642632189881026,0.45310389596663386,-0.5408100335129247,1.4834663947593854,0.8841599843421856,-1.1336921563298499,-0.3322134092447133,0.8108795344594808,1.1703333453353215
-0.05423735697185105,0.5692607274563644,-1.199867409969455,-0.23501218461710238,0.4527633752811227,-0.8868618420635096,-0.09506233925823977,-0.9613887303863803,-0.5751684638615869,0.7326857840413423,1.3655359660096176,-1.075508660267553,-1.4102457050512618
-0.7645882922684751,-0.8472784664901577,0.4478574831452269,0.5095602328809831,-0.033665749407397416,0.8944975710684848,0.6801369206392953,0.6767494769057814,0.9727422863710993,0.013764671368437509,-1.39330676877867,0.056324256568667165,-0.7311459549495293
0.8310233551519071,-0.4448754249290339,0.5074352833527914,-1.0520341691554354,-0.9511271170587675,-0.20510359446322024,-1.0025347691214457,0.5088080236755611,-0.45285428713097403,-1.0938982443970875,0.30444260647566074,1.188157173404887,-0.0520462048477967
-1.1075077557118076,0.5986153836632668,0.2414935757118455,1.3005357156012058,1.271713155147367,0.9814692388625973,1.2824309009869164,-0.1636674103214567,0.5253307254078031,0.7059002916356641,-0.5444320811515047,-0.6982310213221462,0.6270535452539355
1.7312637569093607,1.1435039276124972,-0.29366407323050264,-1.8914771425090913,-0.484241938117195,-1.4695493905572259,-1.9299057657072738,-0.7381874447385146,-2.1918619313031735,-1.069474695554297,1.1533172941028262,0.43360189551407385,1.3061532953556678
0.02974157750013311,-1.2679323867654857,0.46852650450531164,-0.3421494719100269,-0.9394853150486955,0.3401557760120482,-0.19680889550257033,0.8990619864339046,0.6490008299529192,-0.581567962037647,-0.9688694249650872,1.5654348123502941,-1.2744257550309153
-0.3150433152255142,0.7549619481806684,-1.274389595680053,0.22873111791174341,0.7845891126144668,-0.7571163243837242,0.2901659542859847,-1.0963918122386067,-0.3681728754020255,1.103907716514168,0.7288799502892435,-1.3270270862311575,-0.5953260049291828
0.17247048599863718,0.5708888288841398,0.34200198858627134,0.7403288833618019,0.28223794761858756,0.14005882873303652,0.29859579928405916,-0.09313052813357454,0.13590438597821453,0.2496594508576581,-0.11999473733792196,-0.1951941693949372,0.08377374517254971
1.2767536935311825,0.4858577748120909,-0.3071526687350642,-2.159740095360727,-0.6156124392513828,-1.1536411639080355,-1.8274653893907813,-0.41644273368313883,-1.9215446786057246,-1.2421073455668314,1.577754637916409,0.936638747441283,0.7628734952742822
-2.7622433850910517,-0.2843053504733048,0.5814116158381935,1.7328814699622455,1.886446533738275,2.43176414223432,2.4000566214749113,0.47009163745677063,1.4669555485192174,0.7473952684389955,-1.4994161047320655,-0.9497494472857507,1.4419732453760148
0.2668887485432102,0.12633356541199323,0.03884435810337585,-0.11967383511693334,-0.11077132747539918,-0.16164119465686186,-0.20665394487658242,-0.04137293964110972,-0.17694900833269914,-0.11039007178037168,0.19833327052226504,0.18208346955046922,-1.1386058050105687
0.2624410509010455,-1.2967504461310089,0.660732644921281,-0.3313039682234414,-1.1365671033931422,0.32139269089993694,-0.3161118856031954,1.0218308480089522,0.6773499938214947,-0.7171861082180678,-0.6505414171049003,1.3139163863866896,-0.45950605490883634
0.46589447382039373,1.074784120035889,-1.2903011850092667,-0.1356509511743538,0.4244194778359859,-1.3300683732633949,-0.32202840635263236,-1.2655265113634684,-0.8609821178025961,0.8676274070924093,1.0472079581494305,-0.572471808340344,0.21959369519289632
-0.10216537802628364,-1.782460837450759,1.3798601971993647,0.7318033469466522,-1.211685638511223,1.1380313241951578,0.4416583156684873,1.6704091122217388,1.7979918540644744,-0.5283221044807347,-1.0749787609184829,0.5593611084958763,0.8986934452946287
1.9220015627259541,-0.6136791265180317,2.0997399030713737,-2.6195207760598627,-1.8994844188534683,0.24022865014188427,-2.4171691003766336,1.4908458217601108,-1.477819377737771,-3.3459364987445,0.6227706143358478,1.6911940253320965,1.5777931953963609
-0.9107816804096792,0.2778809732316755,-0.7106007666489702,0.38963883296405954,0.890764867688862,0.1056063839406936,0.6953108904605425,-0.5396916951527615,0.08753485107490473,0.7940104187933729,-0.22610407329131763,-1.6856737306607419,-1.6547216150878854
0.23959731192004555,0.6244678879794606,-1.104259899539152,-0.4775890414595922,0.2701457646913115,-1.0240511940536081,-0.3811499446938498,-0.9351472353875739,-0.7914431949792039,0.49637503913310776,1.4716453019630131,-0.5538408138245214,-0.9756218649861528
-0.3713441188378287,-1.3062489878836006,0.697686781521375,0.3681084525393556,-0.6634233206262123,0.804932551869927,0.3940794575836133,1.047416865843667,1.1948182040152187,-0.26842943517358797,-1.2871974328252742,0.577992103011699,-0.2965221148844204
-0.4850929681322948,1.043680107664697,-1.3536329323983238,0.6646726296010468,1.1221794163148289,-0.6961721419760273,0.6119353359271176,-1.28564659257711,-0.2545088323464785,1.4597111563399454,0.4105519424290564,-1.308396091715335,0.38257763521731203
0.05057397637988911,0.6628686832048042,1.109865426654673,1.5892683809637518,0.44107850404734167,0.8200476462633661,0.8127632737950554,0.29361185251133604,0.6906232742890538,0.25643020600198263,-0.438322745198109,-0.17656317487911463,1.0616773853190447
0.48996939291837294,0.010960934051216653,-0.2569110716088691,-1.129617183512848,-0.3631637127842689,-0.5500030342206713,-0.8602815362364797,-0.15029694472496863,-0.8326549790617935,-0.5780459741352083,1.2594266300562218,0.9552697419571057,-1.5189016650675389
-1.1320244915378042,0.021099668937603122,-0.09262677950647762,0.6819774434857047,0.8726262144408818,0.7412682651299838,0.9686925671982394,-0.0627756774926134,0.48304522282950074,0.5332940934994311,-0.8627600890116915,-0.9311184527699282,-0.8398019149658063
0.7786375262508765,0.6406401861671875,-0.2701490160496915,-0.636851172670441,-0.12641414098731094,-0.7674667605702367,-0.7549599290698229,-0.47310029645114643,-0.9192064921947787,-0.23265766046380854,0.8349892862426391,0.20071446406629231,-0.160702164864074
0.9407310361526224,-0.9557322032021273,0.9170364379287274,-0.9314463515473865,-1.4036650052206077,0.03217444732589933,-0.9977519040403048,0.9955152093696867,-0.002645508504994132,-1.3165334908119666,-0.01388540138452629,1.3325473809025126,0.5183975852376587
0.14379694686765845,1.2382757105668092,-2.508709325882556,-0.03940164244552551,0.7866040704027328,-2.0389255815951466,-0.0980894880110977,-2.034157542481058,-0.9065984408983687,1.8396735570602782,1.6838639738698045,-1.5599145176789395,1.197497335339391
-1.0508834982613044,-0.624191050466676,0.16770017375979787,0.4693667351859417,0.3445023412418315,0.8838778113358294,0.8127275685946856,0.4071173959117791,0.7852427360357602,0.1948353844089762,-1.6718437756563336,-0.4280816008427191,-1.3830817150471924
0.49208855550774006,-0.28673782125814484,0.42021794787191596,-0.33761947932766273,-0.5800623602491513,-0.029060822859580476,-0.44284468017956463,0.3804531204613943,-0.04326985200916508,-0.5425413340208207,0.025905599597997087,0.7037513159935016,-0.7039819649454598
-1.542315315300707,0.2548071187067515,-0.1833835830817432,0.9297420996295572,1.3523858234397237,0.9658101424728337,1.3200965885258977,-0.23097078915296812,0.49829380512445054,0.7695283950825019,-0.8229690880291682,-1.1826368787335328,-0.024882214843727372
1.055890985332352,1.1872554157793553,-0.5581572961836507,-0.41394340548325054,0.058909303024176525,-1.1887444170221002,-0.7861266474301304,-0.9091794909503286,-1.143932703730225,0.1334077922715612,0.8747802872251625,-0.05080396189731235,0.6542175352580049
0.18299715648196258,-2.8937187626343137,2.0404427403818626,0.39168918671057706,-2.2313145393128573,1.4429952921573264,0.10868140289352647,2.5992611650826967,2.3374108454551616,-1.2513956596204971,-1.247406431842751,1.0810289549389078,1.3333172853597375
-0.18708179597922317,0.5267951263937849,-0.7110932033974636,0.16399744678143502,0.5226656120393753,-0.4143544565158257,0.1871970852930103,-0.6646248419177571,-0.253693850143217,0.6407308078079735,0.45034294341157977,-0.805359239788126,-1.247261765026846
0.13299015761270663,-0.32639374275029065,0.5233487498621591,0.25805864432307923,-0.33676908428416946,0.3083284882486445,0.06492679801889412,0.4584423073480361,0.4198269348043494,-0.213656516693823,-0.3985317442155856,0.32647367704809444,-0.5681620149251134
0.9646474975128411,-0.07398363789403888,-0.0023549792992089828,-1.890497890824411,-0.7841043732276064,-0.6943864755062277,-1.5174672663745423,0.035723438412070666,-1.3280577431573874,-1.2855445975527509,1.2992176310387453,1.4583065938843145,0.11093773517661902
-2.282125813803741,-0.03559205685650429,-0.024497036783116294,1.229920277155413,1.7026851793834905,1.619552380171602,1.8762601466268722,0.00401667627912325,0.9233609387803403,0.8557156369967276,-1.4596251037495422,-1.4341553046971374,0.7900374852783515
1.3330252550437165,2.1579626626669106,0.4027797529036997,1.5398917407823822,0.5510233830731043,-0.6462670436207412,0.09757616832340905,-0.8536757913361367,-0.4053202852726681,0.7488865575607911,0.23812427150478843,-0.3023223878609169,1.469137235380084
0.07333314706225483,-0.8406130703208491,0.4825053620589012,-0.09435921825220568,-0.6634661562624694,0.31964507438621287,-0.08927303806500686,0.6929407146220945,0.5270147167461661,-0.4232405466106374,-0.6107504161223769,0.8295105289753035,-1.1114418150064995
-1.1581734042914246e-05,0.8297823632785092,-1.3970649695938624,-0.018885555337607912,0.6001015424088859,-1.0779482696905398,-0.009974906012254241,-1.2030075731222427,-0.6020318830984583,1.0265697269849592,1.086998959131954,-1.0568776657517307,-0.432342064904767
-0.5774501669844734,-0.7595393750511693,0.791574353045284,0.8381395070405037,-0.11194719847974567,1.025348936423907,0.7532393166229684,0.8265457200998518,1.1504828636911644,-0.01822442600024788,-1.0351877599359596,0.07495525108448989,0.24675768519696542
1.43782134989673,-0.11966534332305938,0.6752497272656136,-1.997021304825423,-1.175511121612759,-0.5112713034536923,-1.8280129762373705,0.44053211620544813,-1.3734605243330649,-1.8622238559610345,0.6625616153183711,1.2067881679207102,0.925857435298698
-0.49792987827095747,1.736809406754886,0.3037549639045083,2.162470205660622,1.6331680070220689,0.5918623894854592,1.4104279030141318,-0.698578543861071,0.3478673141904287,1.2464942838951596,-0.18631307230879426,-0.6796000268063237,1.6049571854004303
0.40806008566205826,0.2249417779532888,-0.5355809741320321,-0.9642289964775347,-0.14637820706605068,-0.7062141423419391,-0.7288610898753577,-0.41453010140108354,-0.8635760918293507,-0.25809516968745966,1.5114363029455367,0.4522328900298969,-1.6275576250838162
-0.1795081083165798,-1.511256843171456,0.562718150118496,-0.17034793559108077,-0.9569753641545924,0.5630637571112616,0.006424026814313789,1.074009317143486,0.9469512603980631,-0.5346626119484293,-1.5657344397029378,1.584065806866117,-0.9484578749820834
-0.8655656313855793,0.6860760820593346,-1.0570228110213251,0.5864549326928381,1.1517231938143142,-0.19415111403987864,0.7750337310820574,-0.9393753146802386,-0.05811697097949274,1.1857696620822324,0.13201493555139276,-1.6437539930001412,-0.26935812488035105
-1.012161768331444,0.21862406557014993,0.4393227497407478,1.16601390926605,0.9246934357599541,1.0656578508713517,1.1601036772936757,0.1381375593929172,0.6964779976832438,0.46711359353132637,-0.7168597520757726,-0.5119210761639207,0.40974162522138136
1.6086334271349585,0.805164337713407,0.06584664367428131,-1.912856658630179,-0.6360496009908788,-1.1041132066853183,-1.8753128057080763,-0.36610987368441306,-1.9676216594896556,-1.351512001768203,0.9808896231785582,0.6199118406722995,1.0888413753231136
-1.2163348535884522,-0.10160314436919843,-0.23077694247994224,0.5295327965556215,0.8477429655266931,0.6952041416770394,0.9334265997340597,-0.07919465322841218,0.45871023792035964,0.5322749801296675,-1.1412970958893551,-1.2664763540547344,-1.4917376750634694
0.3406762141703299,0.5256557405147856,-0.34016861979563573,-0.12380644245859974,0.12213087788708801,-0.5070582899406135,-0.24848579453155414,-0.4549828718469619,-0.4630502595905103,0.16878512974284207,0.5564522793649754,-0.1346434372185139,-0.812637924961737
0.5363793438745124,-0.8787172981378166,0.7301356087293708,-0.3169616744374549,-1.0417224926846338,0.17826888058186544,-0.45572538952177577,0.8515998228121205,0.3914753443412718,-0.7590564675235985,-0.29242240826218996,0.9971894796177065,-0.13353817486000466
0.37365249172778287,1.1246892895524219,-1.8803783014394315,-0.22078532280944327,0.5303723194050682,-1.71913875742873,-0.317458643903437,-1.6231154276635893,-0.9585283881670115,1.2486797802691039,1.4053269669921409,-0.8891987151093275,0.545561575241728
-0.7732704195365101,-1.6211207965811167,1.4960410149551537,1.1735922745605856,-0.5867274550365044,1.709495259630216,1.0357469445987475,1.6550956558010022,2.0062254995325772,-0.31393439142793783,-1.3535157677961465,0.2426342017268933,1.2246613253434602
0.44714751208094927,-0.5034329567393045,0.2132029204750328,-0.9023580143088067,-0.7027375345121871,-0.15652538394888493,-0.7171644992543125,0.37228963438043733,-0.3020436781819594,-0.7730676172175291,0.3442336074581841,1.3744671185631137,-1.3559177250431231
-1.2037849075297617,0.3444115202710664,-0.5598248771857189,0.6566857575846566,1.160792619180102,0.4323049270781686,0.9938843200991567,-0.4880253075646796,0.23537737528754626,0.8636720016620231,-0.5046410801689812,-1.5179947800183389,-0.6768179749413905
0.5377967144769341,0.9302585308429075,-1.1199620321099433,-0.4131841887178689,0.2654426263214249,-1.2502592368942742,-0.5073411514287366,-1.0971369197506484,-0.9611906372492661,0.5519127695708987,1.1931082950853495,-0.38616186318211837,0.0022817751603417336
0.15491002116239722,-1.7476255177943094,1.2527774635391935,0.44083280408811243,-1.3811954682144725,0.8554085135717172,0.1497459779811271,1.5813335820215366,1.5608202187053937,-0.6319019272641571,-0.9290784239825639,0.7456710536541024,0.6813815252620742
0.10205259553958897,1.6265388540204186,-2.4384964674899,0.7528771924908882,1.09900937506432,-1.9547798933616864,0.343064845714375,-2.189023327398619,-0.6032932697203831,2.326920955679967,0.7686709512717668,-1.140717141072932,1.3604812753638067
0.012491443622390548,0.06136796798427148,0.0685372752818154,0.13986202779426607,0.03492017547395921,0.04391420052191146,0.06720597303402666,0.007898059923364271,0.058627615923250546,0.044243873273037186,-0.08020373635539858,-0.008884224236711605,-1.2200977750227766
0.7185168472968019,0.10775164886862247,-0.3167164929443436,-1.5663095914281346,-0.46626148330181794,-0.7602339136868057,-1.2138800165438912,-0.2324787742554257,-1.2201584465532935,-0.8309071388405259,1.6175456388989322,1.1229486925995087,-0.5409980249210441
-1.676803234290683,-0.45716878830972923,0.28404992916753696,0.9173131822882175,0.9393476451447034,1.4230312723337004,1.3857913553696073,0.3890535188696547,0.9939446269682667,0.41329024599140407,-1.6187891076796357,-0.7634395021275252,0.13810172518068833
1.2634013333874548,0.5483473111571242,1.0199514396962215,0.30042308077346075,-0.5603077017955043,-0.12007910371686344,-0.5200798731395407,0.30028391656130127,-0.1693497984373345,-0.5542863697971891,0.07896026757469492,0.36839341470869535,0.8172014752824208
0.8921994891406859,-2.8014347414405343,2.5240140361421455,-0.3664941910880602,-2.7017075213968478,1.3069400608959607,-0.6730941598438217,2.8256101630019113,1.7183386412839488,-2.1274470542985093,-0.7699144200524705,1.5002263315449158,1.4963012253841534
-0.2871600345322903,0.6353403043090127,-1.2425145429585174,0.06288278174354438,0.6769614803329962,-0.752540783998294,0.18753177195859547,-1.0185192422646205,-0.4044799592267384,0.9672612705505175,0.9278349552018604,-1.3922355670365365,-1.08427782500243
-0.949611787208601,-0.5210275647190282,0.41235796244475753,0.7160678542220731,0.3424087836576357,0.9999443762487737,0.8886949142992002,0.4933545628260308,0.8922586086133485,0.1807938825298258,-1.194351763866053,-0.26040265020031617,-0.4051780749006977
1.0581997427683054,0.03927595735189854,0.4536514872966936,-1.1215200003244525,-0.7730499647783521,-0.4097039102362083,-1.1613256670249645,0.23603102565867012,-0.846814945167042,-1.1011975814793078,0.5033976113882777,0.8714302666359045,0.2739216752010347
-1.3299829161142236,0.9802755060354428,-0.25640098856140875,1.4192645062073,1.7162242031728832,0.7570266845357448,1.464720917968545,-0.635439749347308,0.3414678269998409,1.1571845221788257,-0.3454770762388878,-1.0149579280911298,0.9530214253027673
1.8790601578900965,1.6181404530336359,-1.0404169803167622,-1.584917550786599,-0.25292544372786496,-2.151844452358528,-1.8473016694252329,-1.3967909555144764,-2.3044763291135624,-0.3051378920284897,1.352272299015443,0.11687498874509046,1.6321211754044995
-0.23328154238635812,-1.2448459652740391,0.4172180606816201,-0.1132195481945,-0.7235822342745425,0.48940451833306003,0.06551045355952695,0.8585803977220309,0.7998070061255619,-0.38750874518511447,-1.4065704357728444,1.2487079055813108,-1.6003936350797467
-0.12410304360667672,0.5597212101965222,-0.5201001539333249,0.27646438239250665,0.49877898992209657,-0.31220242548444926,0.2127965687271592,-0.5734610505878524,-0.1949083208397379,0.5752122940950474,0.29117893948148627,-0.637680289145723,-0.9212938849780142
0.16865748213967763,-0.6599570554883761,0.720203577796517,0.2879640930730866,-0.6050132676316573,0.4346116493043962,0.06156711394428205,0.7364470586782849,0.6781312714501266,-0.33975484173355947,-0.5576957481456791,0.4941526276904975,-0.24219413487628197
1.1013455180116958,-0.21207721743838626,0.23484326800120997,-2.032932848521229,-0.9875043462332941,-0.6095099384654146,-1.6661960586144478,0.23857697502250386,-1.334172646493829,-1.5590105583316178,1.1400536271086517,1.6259855445267177,0.4369056152254507
-2.4128720251495914,0.3569573366919116,-0.3309744720642875,1.443996484994933,2.0855980562969427,1.4769478453571958,2.059653721675276,-0.36531685867286123,0.8014044352468453,1.2295086410643103,-0.9821330919592617,-1.6018342553395402,1.1160053653271829
0.06461394225246402,0.46336733633447175,-0.6479627882100992,-0.13010141226846914,0.28616701317876847,-0.5463490220782553,-0.10347796779933179,-0.5972769512998908,-0.42349018702694297,0.39350045016667995,0.715616283295069,-0.4700013385033198,-1.4645736850594004
0.3733789124236321,-0.38901145786371505,0.4457713063827732,-0.2006985008446557,-0.5641182157424143,0.07588348430170531,-0.30669563754395524,0.446074633511049,0.12921727955105092,-0.4683196713727141,-0.13325840433209643,0.6618315783329005,-0.7854739349576678
0.062274488999517555,0.854174095299004,-1.696849407491097,-0.21268090022980174,0.5705675568665729,-1.3539762513745972,-0.1458646786765532,-1.3841961692133413,-0.7608393394290325,1.1176511026648484,1.5644909709222343,-1.2245566163941335,-0.10637418485593535
-1.1897779857761084,-1.0007114727528723,0.8125129618740123,0.9663588484497113,0.17740063578779083,1.481126109616125,1.1500221553377197,0.9591261347004357,1.4150822731599229,0.05350544807266423,-1.5126797717262401,-0.0927236995579131,0.5727255652457973
1.6296736810291603,-0.4281045158099624,1.385740817839775,-1.161195179934853,-1.5438763273085367,-0.10080643845753676,-1.4893606341782988,0.9954654622539477,-0.5444564134026181,-1.8216968238978464,0.1850696035280906,1.0391092172783072,1.2518253153475296
-0.8631985420671023,0.0460710834200554,-0.16501988986793795,0.5272452594593211,0.6870833045098421,0.4924069175028946,0.7424691712160233,-0.11608562274990765,0.35235206472073943,0.48179346231830594,-0.6638050840990748,-0.8472789774487269,-1.3287537350390537
0.6268973411582437,0.45769114743650924,-0.3925191896747951,-0.8099746037135279,-0.14379737233132234,-0.7529439631999257,-0.7649231269146003,-0.45045373384352216,-0.9159326730414314,-0.25949803863868176,1.033944291155256,0.28455393938749385,-0.6496539849373212
0.12132939603331766,-1.787778670546055,0.9094345178445752,-0.16692322691214753,-1.3848008190221581,0.6145989389998565,-0.1534130656088314,1.4079171818895528,1.1454811860729543,-0.7902908613877756,-1.0882424279126575,1.416386856223714,0.029445765164410626
-0.45333190900736553,1.1289298132925856,-1.7716547246646706,0.6419793609787465,1.1597763709314977,-1.041515024471179,0.5828758429078201,-1.5639571073364502,-0.3315145929198791,1.7552707713476596,0.6095069473416733,-1.476075042357738,0.7085455152661435
0.2869301306397825,1.4979525268171345,1.027990478411025,1.9982262547481484,0.8659950188302388,0.5871819539389967,0.9019002359317883,-0.17074480140490425,0.3972588574770166,0.5958176210425133,-0.2393677402854921,-0.3442421255215177,1.3876452653678761
0.5451718754596989,0.1551035286480626,-0.38215654934216753,-1.197780332848092,-0.30072978369970194,-0.6862734286611859,-0.9259677621593899,-0.2930777167927938,-0.9846141417088621,-0.5312764946564053,1.4583816349688388,0.787590791314703,-1.1929337850187074
-1.5158137172021506,-0.14235013277224126,-0.03536968237574355,0.7587960353703127,1.0450928430619235,1.0609888396895393,1.2155106369357143,0.051352494919680046,0.6550119544154932,0.5430023586737603,-1.3004610998194488,-1.0987974034123313,-0.5138340349169748
0.788288507818366,0.8069619844858008,0.09576960012248878,0.08042904963038582,-0.013440798343596141,-0.49205779576785036,-0.3810587334685893,-0.35014407831775307,-0.5133314057651273,-0.01648693003929405,0.39728827543488193,0.03303551342388931,0.16526571518475766
0.814471509379454,-1.6125556482275416,1.3498647302607525,-0.29887021099273187,-1.7830492895906376,0.4567870733742877,-0.5955894082872635,1.5684140956810777,0.924911684662345,-1.2078217385033672,-0.45158641219228346,1.1648684302601093,0.8443654652864901
0.9550224168760642,1.7791587193530185,-2.579132917466082,-0.07700509075805836,0.563364945302183,-2.6756834235759004,-0.5538536734654903,-2.344724605615831,-1.3174951220591067,1.8664640551272036,1.2461629630620474,-0.7215197644669246,1.5234652153882227
-0.23879124365870036,-0.7582014038343545,0.4635137856971353,0.24081924356005213,-0.36747139901296744,0.5290813727839628,0.25558256842690363,0.6409645701936892,0.7133509088326532,-0.18087756609757114,-0.876023756005866,0.41031315236929594,-1.0571138349983609
0.7610166602959556,-0.34458614705025153,0.18282605644203928,-1.4890899052385627,-0.8255772939047279,-0.4053063585033533,-1.195905099506753,0.2756176524524601,-0.8431032354625053,-1.1499902899603327,0.8217256192484647,1.542146069205516,-0.37801408489662836
-0.9468934352804534,0.858216303053056,-0.8853034985558906,0.870457776450545,1.3378094391129611,-0.0032654379521622643,0.9688302787699032,-0.9287932426307782,0.027239585157391652,1.2513949353714056,-0.027149068378700746,-1.3503158293759359,0.30108566520510405
1.0305077109380258,1.1926218608078676,-1.4765391454992693,-1.0221522848218152,0.08201493651894252,-1.8791315879900814,-1.0939296535595466,-1.429512246450229,-1.5918717194216077,0.4025448491095049,1.67060030687563,-0.2184829125397154,0.9801854153068367
-0.29551024814737226,-3.093373571289688,2.5636242327329106,0.7783566938955238,-2.013293933597246,2.1902198670058795,0.5701507876640716,2.9941386567465655,2.761305823305871,-1.3773541024725613,-1.6453164416679846,0.9133500042965053,1.659285165408569
-0.4957761286407127,0.3464987618158734,-0.5593635785289431,0.30399856614564,0.626073928073629,-0.07565458277011719,0.427057245953551,-0.48881058226004004,-0.023646403770716105,0.6231735027012139,0.05243293358634601,-0.973038190430529,-1.5732296450756775
-0.3253104631382901,-0.5291114855777072,0.4332699034612942,0.39346902198847145,-0.1362676845533577,0.5678621385405904,0.38274770385051904,0.5091899703258258,0.6624168055307961,-0.05443202019658649,-0.7964417540408194,0.1587947264056914,-0.8941298949739449
0.842533487887052,-0.1509770384577053,0.12445272098036589,-1.5441741239114464,-0.7472993575591462,-0.5088715093110131,-1.2688183491301752,0.1457566076943308,-1.020579026949161,-1.1440684766259568,0.9013076212135115,1.290627643241912,-0.21503014487221242
-1.6069579810002474,-0.2655591575838719,0.4485055528091199,1.1129402437056446,1.0250193320816117,1.4997775721175532,1.451651931003847,0.3857911863770262,1.000964139394949,0.4241420507776414,-1.220879097854402,-0.5957605514851222,0.46406960522952
1.7323157262085247,0.8033488717716177,0.783050013490103,-0.8392166074524083,-0.731036418055204,-0.6395265106871755,-1.3743450160732336,0.039050458510085366,-1.1823263889863591,-1.1540443322893488,0.4768702773999287,0.5360723653510985,1.1431693553312523
0.22690361247653726,-0.9901877146299501,0.37088084844929814,-0.6286401689828729,-0.8879479230383186,0.12326106492213083,-0.4541607471623234,0.704930247358389,0.24289966131803184,-0.703998785852113,-0.3720044102272367,1.6679052821873186,-1.437409695055331
-0.26334914698964507,0.6806121794195716,-1.4970150201042283,-0.03233125068843439,0.6916680104482634,-0.9660049821267355,0.12441643505402991,-1.1846402906363176,-0.5061021500105827,1.091777926673776,1.3257449650270943,-1.671700484773875,-0.7583099449535986
-1.3934852917645664,-0.48767359097444235,0.34783198103689983,0.8449058470516783,0.7027088513794328,1.2688363152491469,1.1952902462835615,0.44028095430521536,0.9626955019981744,0.316531473315021,-1.4330977697611933,-0.5398675679376546,-0.07921019485186602
1.21480437846463,0.2853733429782908,0.7535817495146211,-0.45177126094657005,-0.7136825063904658,-0.2907161617523147,-0.8915068019443035,0.28184154213018264,-0.5322026660544337,-0.868296508053598,0.2646516054931373,0.591965348898566,0.5998895552498662
-2.1969153458213215,0.7967348527353113,-0.3333281781876981,1.630489913398138,2.2400818674105927,1.3200854949957401,2.0421780095057382,-0.5868830031675496,0.6258255653684734,1.3582487902995108,-0.5842230821340281,-1.2944228458284681,1.2789893053515988
0.30582157291455647,0.46852804553016614,-0.692246212563038,-0.49976491497040665,0.1072145654903414,-0.7536927201449942,-0.42845388077348673,-0.6248217410888615,-0.6970894545331358,0.1747327660848356,1.1135262931203027,-0.1625899289922478,-1.3015897450349845
-0.03974264434325806,-1.3003896166305986,0.6417736917613939,0.022154502672016435,-0.9103325409305645,0.5237172310387274,0.033063445575738405,1.012967135499413,0.9380371651677177,-0.46239999313244007,-1.0086604259476106,0.9692429878439724,-0.6224899949332519
0.021992702495248397,1.0261636412658,-1.2490025826680002,0.3202891709614103,0.7254576064294468,-0.9795033112416175,0.15745754923411895,-1.2178995704315299,-0.4935716804149054,1.1473641650698183,0.68908894930672,-0.9171452068830613,0.05660975516848038
0.8770762382524888,0.4137260083669863,1.0753645824510047,0.7955577257945401,-0.36507190124280486,0.20003932980487749,-0.05081668058897059,0.3989355053130988,0.2876486486829577,-0.2583622361727015,-0.15978573832044535,0.2146877099531592,0.7357095052702128
1.8180623118156356,0.3980208275767326,0.4310990831792064,-2.963656794685912,-1.089109132412475,-0.9726489524611396,-2.5431980423572966,0.04366084620314729,-2.4463233454972535,-2.3387845838363064,1.5379636369338856,1.3465206267893794,1.4148092553719454
-1.4436550195708147,-0.17686082064647526,-0.23037883015869476,0.5766024547430629,0.9654837605270006,0.8587160059933748,1.0804476714081124,-0.041281401516437374,0.5464330129082482,0.5640299230580671,-1.539207105714589,-1.5459412717920729,-1.1657697950146382
0.04014067093369065,0.6107098853888518,-0.22506864195409243,0.40868469823968534,0.4112595532257875,-0.20247896942414073,0.19442378446558797,-0.43270175703199965,-0.13450295695695597,0.445738855589425,0.15854226953974168,-0.41410835495585235,-0.48667004491290566
0.25775848341168045,-1.1645704850005916,0.9399005501059086,0.25460941292273126,-1.037429025209117,0.5401567535754309,-0.00393709939222851,1.1129882384055407,1.0115000605818043,-0.5259236562985437,-0.6903324180874237,0.7177245618803684,0.192429705188827
0.09750020293940846,1.2985113595532483,-2.158330226893222,0.3040731255718494,0.8652300659961408,-1.7353389876386305,0.1083153149825056,-1.8668324835951708,-0.698483205014439,1.8128704872291637,1.0074169571669072,-1.1686636328466662,0.8715294552905594
-1.045076910904388,-0.9103826651020154,1.6984242232467477,1.740548155881446,0.133132813561865,2.060795104944628,1.4814345497890542,1.413232924085791,1.9163864885556219,-0.07845213364546474,-1.1147697619010064,-0.036830716010445505,1.550629205392292
0.5739841721589921,-0.2334317267721184,0.14224221337784734,-0.9847275229798734,-0.6035374625713985,-0.3023401900429737,-0.8288496007490477,0.19707674360502572,-0.5535992495020725,-0.7763600535332456,0.5829796133533244,1.0950022008257745,-1.0299498449942914
-0.6559413728378508,0.5038735882160731,-0.21936441743788715,0.7541460808934056,0.8611914524651016,0.3016749668201864,0.7510234598924934,-0.37598322474863277,0.19350194482740515,0.6767298774019922,-0.265895074273841,-0.7913859939012591,-0.35085009489255903
0.966639220440887,0.7185662050677543,-0.6331847639775563,-1.3554296381167283,-0.21244638064632698,-1.1825562319203065,-1.2357506885115004,-0.7167502838095505,-1.4991793188471332,-0.4518572846595841,1.4318543009804898,0.34044692293496126,0.3282496552091734
0.19143951972391524,-2.5435679591474987,1.7137301039444177,-0.014240067559042962,-1.9844819753448175,1.1848470045771609,-0.11039092061797949,2.239755181723441,1.792762173456188,-1.284727793539367,-1.3269884338077977,1.4722798397711816,1.007349405310906
-0.6987988988360102,1.6802238781270054,-2.119360470474111,1.4381903400693152,1.7443789308831419,-1.1335669002591169,1.1355733067801923,-2.0360278833879515,-0.14091228698111063,2.5561310543437155,0.37076094144653304,-1.4201820588102705,1.6864491554126382
-0.4191158543641025,-0.1005146625485316,0.005698932894119614,0.2974903201821335,0.24473638518761787,0.3053017668026635,0.382426229352414,0.053549690860521026,0.2884933399361168,0.19833002337489042,-0.47811374618063235,-0.2883491419740501,-1.6764528070911409
0.60610826308293,0.11897787175684144,-0.24670639552917034,-1.2010535678020675,-0.37300730310343183,-0.625511233316703,-0.9604402416890888,-0.19863969872460466,-0.9613945292607331,-0.6342815260338874,1.2196356290736985,0.8434837748621704,-0.9973530569894085
-1.3965614412558587,0.11093604185957891,-0.08725063948217555,0.8405285530690219,1.1379489276648793,0.9353409270376057,1.1946297077074577,-0.10473525092676264,0.5351387013757056,0.6372564014620109,-0.902551089994215,-1.0429044198648634,-0.3182533068876756
0.9801953699422945,0.9433417549231835,-0.28315083327740836,-0.49325160655921785,-0.0601573725733511,-0.9222073955789543,-0.7873684711903889,-0.6320209494744963,-1.0289334014238796,-0.12520293403542374,0.7951982852601157,0.08892849697135673,0.36084644321405684
1.2466884685778576,-1.0553926810762269,1.3559982419577734,-0.8857024387488581,-1.7074632813657484,0.1512091138634684,-1.1379741013821565,1.2928454250301862,0.10140855235986765,-1.6119767962985851,-0.053676402367049666,1.2207614138075769,1.039946193315789
0.12328950091965898,0.5021598912228323,-1.0818645470578203,-0.4933119191847317,0.2697821131596477,-0.9232679591434252,-0.32696465555167764,-0.8612725726711365,-0.7162192104168208,0.46900650730533605,1.6440729728872812,-0.6656267809194567,-1.5406328570707943
-0.5972060256037915,-1.166490473634516,0.4950114623853214,0.3197258608111234,-0.39128877759226166,0.8107087229864728,0.4898698862679549,0.863188357142671,1.0604113917589888,-0.15058225089810515,-1.5922617736912867,0.4662061359167638,-0.8615331069690618
0.681221632234681,-0.853115107304298,0.5516746730329666,-1.0397391445368802,-1.1329071006519595,-0.06341881399789383,-0.9155447835463361,0.7381889346732239,-0.154470852733564,-1.1184407150329108,0.10548760156304383,1.5980390527529844,-0.1824333568673292
-1.8350520939311603,0.44335627379950543,-0.49909463449409436,1.0698519994173485,1.710454772895842,0.9323823244283331,1.5514398709405315,-0.5033460360017679,0.4669424106871259,1.0998254183716871,-0.7433870860641215,-1.6297807471132741,0.4966663932344034
0.9502747396405338,1.6352428591876962,-1.6180918301932825,0.06464367068727218,0.46288177932743896,-1.9307484173424916,-0.47644041562141587,-1.7309618015782853,-1.1120350149723552,1.2478933443396465,0.9543622891902093,-0.4979478302770538,1.1757661433361357
-0.3180077781041402,-0.9839401551080371,0.4234741823833293,0.12393335151813689,-0.47072745162123975,0.5550609233165411,0.23637258251622006,0.7314456791331608,0.788025335491292,-0.23067883509622136,-1.167824429877704,0.6338850865591664,-1.4048129070504478
-0.3788907900685573,0.70024972110601,-1.0866502568300276,0.3034965768794817,0.7933780978082916,-0.5664198264412655,0.3639866982368627,-0.9631729256727016,-0.2747905645178409,1.0151379276784425,0.5299249453766265,-1.2525031081678675,-0.7257131569487152
-0.003051639611845846,0.25670648735138274,0.46906775034055137,0.7337172185411795,0.18795956231773156,0.3641173092221207,0.38941366392161014,0.13583172553177905,0.3538033273113556,0.15061924893410333,-0.31894974225053885,-0.12067019133164704,-0.04661340684698257
1.2308482493858142,0.34946990565877145,-0.14644171350793125,-2.115894564631198,-0.6794795501465227,-0.9966808986997026,-1.77962668814389,-0.2575554184363824,-1.792840465705263,-1.3318220696137117,1.378799633003792,1.0111627255045734,0.6324863432547496
-2.5991664420048743,-0.17606170590919895,0.5735916237813722,1.643721520099954,1.8412171718801145,2.308649125877205,2.265309974127832,0.4114757583041746,1.325112936690602,0.6925017315810904,-1.3800431017844954,-0.8752254692224605,1.3115860933564818
0.3069028809538133,0.11350665530136224,-0.014878183777064971,-0.25992453341847377,-0.15035336337681904,-0.23182096394682114,-0.3022778143554083,-0.06522992632936463,-0.2702716857559788,-0.16592090335259088,0.3177062734698352,0.25660744761376014,-1.2689929570301013
0.30550495889688395,-1.1958181433292112,0.6009229314268577,-0.44384710727147936,-1.0961891002615425,0.2443265529671821,-0.39873086020430704,0.9375725023053699,0.5236152698506084,-0.749321118640938,-0.5311684141573302,1.3884403644499805,-0.5898932069283686
-0.18636275963222088,0.9138449688943839,-1.773257806505274,0.11354513656484755,0.8020327565066163,-1.234422644905996,0.16014638190149738,-1.4571467312741195,-0.5649193353979738,1.3966367641356556,1.1665809610970006,-1.504021534131472,0.08920654317336361
-1.2299238606497347,-0.13761738317556244,0.7382771492042786,1.3101803411871273,0.8319896958665564,1.4526695140742392,1.3533051977158344,0.4850478128250779,1.0542963250785125,0.3428559586565616,-0.9556057579709127,-0.3721886172952516,0.7683062932750963
2.0287819559004596,0.7277559559478862,0.7295653248830675,-2.216959637600011,-1.010240802604884,-0.8936427340237617,-2.2617887451106578,0.04676059627339209,-2.1348123617964547,-2.0523977795018697,0.7421436172834178,0.7596442995409692,1.4474060433768285
-0.6904395142642529,0.4050844001797056,-0.5653482718974112,0.47215629914985197,0.8158758371582157,0.05948643400490642,0.6205268339952313,-0.5215233913905675,0.05761611414517217,0.7421298155494629,-0.1067310703437475,-1.1267438951860649,-1.1331730070097548
0.5648934286118108,0.6180778213400457,-0.8879293390143665,-0.9225294451018468,0.0191533575817639,-1.0906800308400961,-0.7910928734607348,-0.8100125448239938,-1.111823740449533,0.03244980086150752,1.5910183049105833,0.005089021650155196,-0.4540732569080222
-0.18769975428585284,-1.9273376636245794,1.0041312400113367,0.14733669297042923,-1.2516779398220923,0.9095333728771062,0.17872382062156586,1.5311837141994087,1.473899170951952,-0.6467571062216867,-1.4861524377378912,1.1369219384863756,0.22502649319371001
0.02340497850802424,1.4530304800341114,-0.6516267796425866,1.1144202496250335,1.0330950802210963,-0.5195901018179457,0.5764017332798104,-1.094962983735628,-0.21628048373646738,1.2436586264914031,0.21159693751643951,-0.7494662562406583,0.9041262432954429
0.7287240267800922,-1.0246032341279558,2.2405082282234,1.4165023823330092,-1.2929032356414283,1.2055581162003022,0.35706942562392996,1.7759795496135107,1.7607294108497331,-0.7024202161051462,-0.6372777501107258,0.38236666059556224,1.583225993397175
0.4639396109681107,-0.2756969927579055,-0.07603555158401414,-1.2009363327396123,-0.5507584030190122,-0.39175380818260525,-0.8839877194498322,0.09521098154369474,-0.6815199635450664,-0.761182409162326,1.060471625143605,1.5141995774317827,-1.6492888170870716
-1.3626010376174202,0.009899538045930826,-0.2698770784857567,0.6379570196664567,1.0391592768285882,0.7700469195318842,1.0693217144239333,-0.1570736804915973,0.4588399056343876,0.6351951547970099,-1.0617150939243085,-1.3782623211496696,-0.9701890669853391
0.46298390043280013,0.790695359886338,-0.48499298537340896,-0.03513267363549847,0.22117287960694887,-0.7066137236221138,-0.267339974825207,-0.6693441971736499,-0.5861869108194719,0.3369164481034237,0.6360342813300222,-0.2464294043134493,-0.2910893168836063
0.7909474228181385,-0.7706309421987988,0.9445700502912839,-0.23908567491028596,-1.1563587062531469,0.16095627238134777,-0.5513528773999486,0.9183362612953524,0.37171953425131055,-0.8655696033036487,-0.21284040629714318,0.8854035125227714,0.38801043321812617
0.4825554149921686,1.3273381105588322,-2.327323943397464,-0.17661899890791388,0.5944461672000748,-2.142182954322744,-0.35263258086070026,-1.9765220322729158,-1.0699364199829156,1.6112857134750234,1.4849089689571877,-1.000984682204263,1.0671101833198584
-0.6063020970942056,-0.7415847804616529,0.3055437418657698,0.31429853323345086,-0.07711083050983641,0.6710485035499985,0.4918890444181339,0.543603307872875,0.7552282803080447,-0.013312116213621073,-1.2739337658310999,0.1308482346319573,-1.5134688670667251
0.5958582849112599,-0.41006810662123266,0.26744663710643674,-1.0041142153493248,-0.7478465572811595,-0.22143867257929026,-0.8508490594257657,0.3561071819726268,-0.44253677242575723,-0.8827143019496339,0.4238156094232309,1.2626811514681777,-0.8343691169649924
-0.6784947003160064,0.40283541186648236,0.05552932118474972,0.8681135398120682,0.8052026808116808,0.5299714656631851,0.8233743784381365,-0.17043990541813897,0.3483518101449645,0.5498102137201699,-0.4250590782039345,-0.6237070432588561,-0.15526936686325965
1.1348890586294054,0.6857855526801404,-0.38491004092903197,-1.5645125295328517,-0.36358134405764525,-1.111785886341604,-1.4366568472852637,-0.5603939502396552,-1.6286201837556666,-0.7789468248491713,1.2726902970503964,0.5081258735773644,0.5238303832384728
0.6820936459184869,-2.4924564679589034,2.0011195682527503,-0.42966534908839077,-2.319127687402045,1.0543273557016835,-0.5935856808119242,2.376145534791992,1.453171139010542,-1.781423792065692,-0.8494964220175171,1.6399587904135848,1.202930133340205
-0.4085390820755648,0.5508045361220444,-1.191842648074291,0.0866590453784109,0.7077552668401332,-0.6262988502470516,0.2653174887215248,-0.9476227648066382,-0.32718947646420166,0.9457508756409053,0.8482529532368135,-1.5878610094526735,-1.3776489170463786
-0.1455682898966777,0.4624091075490111,-0.16628057526856702,0.4495074168512633,0.44466080304941646,-0.023788996204326143,0.3157846312716668,-0.325297248010546,0.00043907637596100023,0.42979739512382464,-0.0006217343903518297,-0.45602809261645305,-0.6985491669446459
0.8507831267964177,0.4293478124546592,-0.5432750404756601,-1.5641213538089314,-0.33386057631361454,-1.0300041250539094,-1.2837933047929664,-0.5212328869135097,-1.4465432565627536,-0.6608554134580652,1.697127640863979,0.6758048242197674,-0.01944941684291325
-2.1365621413413054,-0.2676443370390341,0.15921770438542843,1.1523302236142916,1.4246203113120657,1.6567966599441954,1.7570385512992028,0.22377855624049917,1.0312062391842076,0.6661967478935823,-1.6971276408639786,-1.2105833705072664,0.6596503332588189
1.362339337610535,1.674089973229401,1.2361660981584857,1.6161869111207923,0.1788883021780369,-0.02428338984092726,0.12214747648930054,-0.1416159590840886,-0.006584785672305849,0.1807909540018034,0.0006217343903520257,-0.07875045367104624,1.3387500833605512
-0.010887042501613086,-1.0731395280750773,0.48158164840539536,-0.1435321789489606,-0.7678413870302855,0.3793982985268285,-0.07000775239208662,0.808868732395088,0.6559472884376919,-0.45603663898045116,-0.8482529532368134,1.053082463165174,-1.241828967026032
0.04879101988967752,0.7964334707477791,-1.0982990114456084,0.044348095388231194,0.5390219859909609,-0.8824623301886194,-0.0027783291842836087,-1.017907318817925,-0.5322151699302214,0.8473427357138447,0.8494964220175175,-0.8333057315618597,-0.5627292169242992
-0.561211653051764,-1.18078357304022,0.7902572681546708,0.6399773527451207,-0.42888668554282183,1.0126742379569897,0.6397840950510655,1.0367613866281373,1.3044023809346486,-0.15217905771382195,-1.272690297050396,0.29852718527436073,0.11637053317743293
1.2534306329678566,-0.5652663999536733,0.8447187162713437,-1.6642455863041008,-1.3581137480230328,-0.24812784989398923,-1.553061543188574,0.7592090814231653,-0.8145653990960233,-1.7617134073711214,0.42505907820393474,1.430360102110581,0.7954702832791651
-2.1075311848004517,0.9417031879114891,-0.6930709951092997,1.713630825162183,2.2772246165429153,0.9783393380269821,2.0380902660930804,-0.8622515566485951,0.5837683684558943,1.6825139680950945,-0.42381560942323065,-1.4621017964708711,1.4745700333808978
0.2949113139265992,0.5629711947346001,-0.883296016162099,-0.4942876146366516,0.18377834465748852,-0.8932711563625981,-0.4196967557955683,-0.7798037150746319,-0.7600414371694791,0.3206052737078772,1.2739337658311,-0.33026887963465085,-1.1060090170056855
-0.37312665075446416,-1.4680964933616465,0.6706327520797044,0.23526413574899888,-0.7791202534309299,0.7853377959083827,0.3248282365622379,1.1132207078889622,1.2125461065024283,-0.33875866330799487,-1.4849089689571873,0.80156403720157,-0.42690926690395287
-0.4705104949715234,0.9983104972552214,-0.9390032695152223,0.7608562618875683,1.0783240320385086,-0.3867189552763614,0.6549334558473977,-1.0292199009581646,-0.15210932143321243,1.2167171106297847,0.21284040629714338,-1.0848241575254645,0.25219048319777954
-0.007188616219674569,-0.14311035610703143,1.2248274493509181,1.2954222186895494,-0.09805192486935822,0.9502214977450003,0.6885010169069452,0.7620423984067126,1.0474134684318486,-0.029191285966840293,-0.636034281330022,0.047008759310756154,0.9312902332995122
2.134661227012292,0.40343503593354757,0.9398036033465221,-3.2996422523126996,-1.3249777276084196,-0.8074418026103061,-2.8908844182838074,0.3276803524886514,-2.6955094738172782,-2.9460481049211387,1.0617150939243087,1.1788416761469762,1.6103899834012443
-0.9427685902763401,-0.2391940174016091,-0.027297262149025225,0.4732199165805936,0.5410459569519124,0.6557992257732428,0.7566713134385324,0.10440168376973288,0.5151282141258151,0.3425390562682288,-1.0604716251436046,-0.7075465185800576,-1.6221248270830022
0.537664838628755,0.21580026822429535,-0.07410901762467399,-0.6011337382827284,-0.2511486861754994,-0.44319840374439273,-0.6066027544944838,-0.149843727649042,-0.5919511492644786,-0.3541921893237562,0.6372777501107261,0.4242863982561628,-0.9430250769812697
0.5309747925630972,-1.0945288725372593,0.6211407340123012,-0.7664843168253965,-1.1937026336524168,0.09805009946450365,-0.6903968067627585,0.8982428384477117,0.2162096934721235,-0.9840567081191676,-0.21159693751643932,1.556119315092383,-0.26392532687953696
0.06524478711861662,1.0037520564790856,-1.9718252028902807,-0.08665465905610255,0.6764916570434188,-1.5682764132914475,-0.08085506620511233,-1.6140943425886987,-0.7748480286704925,1.40805072699055,1.4861524377378916,-1.336342583489069,0.4151744232221955
-1.546173718949825,-1.0199175031738945,1.0459931584816102,1.2782886773146918,0.43343619841458386,1.9171508843970086,1.506378754273216,1.100345407614594,1.656479328488203,0.09219636498323433,-1.591018304910583,-0.20450966665284853,1.0942741733239276
0.3384973277567111,-0.40517824922577217,0.232398578655547,-0.5387458688800452,-0.5493914843800131,-0.06370878912862868,-0.4666130005931495,0.33390354127920974,-0.10617553904006827,-0.5397549500016521,0.1067310703437477,0.9273232501833721,-1.486304877062656
-1.0796185975480155,0.11424875464516954,-0.1470690002296838,0.6844287514581027,0.9003000627818549,0.6616365266438249,0.9418291779038407,-0.14011082419899668,0.4188009328011491,0.5754687865417618,-0.7421436172834177,-0.959064944543662,-0.8072051269609231
0.7804086579081475,0.6792424767780931,-0.4012615426317689,-0.7227847392368311,-0.09983864673140184,-0.8699030121424407,-0.8013280046034571,-0.5663337060945981,-1.0093236378791504,-0.1936234516609714,0.9556057579709132,0.17276797229255825,-0.12810537685919032
0.14528001609960467,-2.1286838582131318,1.2351490111898304,-0.010041422199502104,-1.6494806553136383,0.8487205057411379,-0.08336932369975747,1.762230381358474,1.501712679844562,-0.9257999788591664,-1.1665809610970004,1.3046008891287786,0.5509943732425421
0.7422254541393919,1.8102449709916895,-1.0664978968041625,0.8722081777391607,0.7470134097567451,-1.3557767967118612,0.062152042620842375,-1.5076969068659032,-0.6463848520191807,1.3873971714263995,0.5311684141573304,-0.5817873055982553,1.2300941233442744
0.10640341624210518,-0.4452247427301676,0.3259865034822105,-0.08450026499538082,-0.4025706939165556,0.17513439834001063,-0.10183195615699028,0.4067094899646248,0.2539193199613835,-0.3000757877198302,-0.317706273469835,0.5500456112379654,-1.3504849270423092
0.6839785082494674,-0.21249964604930802,-0.08668456727979391,-1.5854057584676629,-0.6717064924695363,-0.5579475395907246,-1.2054141927900084,0.057559598566051744,-1.0070737691597533,-1.0150562065395716,1.3800431017844959,1.6818785280741857,-0.6713851769405765
-1.8369760363620757,0.009721347605799695,-0.2500048163091229,0.884221245289104,1.3983101892347785,1.1259579818004122,1.454366684708593,-0.14578345721905075,0.6387966911437389,0.7880987035270951,-1.3787996330037917,-1.657727238887008,0.0077145731611552104
0.41316481112565284,1.369211559147387,-0.4484478652791252,0.8343364049366188,0.6772834614182901,-0.6426483462298581,0.21894861191446147,-0.9384650323580673,-0.3613871067636322,0.9017741128685767,0.318949742250539,-0.5258943220507876,0.6868143232628883
0.951676671016561,-1.270442497748277,1.95561484701808,0.7816327065925884,-1.6395512279445006,0.825669185315128,-0.09826070496063309,1.7385152931997765,1.4714040181067494,-0.9227586696137492,-0.5299249453766264,0.6059385947854328,1.3659140733646205
-0.1691815623575403,0.6144772528349142,-1.2584610987095748,-0.08061818565386743,0.572519519404055,-0.8495476663427153,0.048298041095236305,-1.0170593426921672,-0.4944791921021903,0.8814115445207628,1.1678244298777045,-1.2804495999416012,-1.2146649770219629
-0.670493825651047,-0.42545573382877444,0.42277687538025877,0.6497626899361143,0.20012868550777924,0.8075905167194074,0.7036755877457731,0.4513650416296209,0.7760885093890016,0.12789293802142612,-0.9543622891902089,-0.14861668310538073,-0.5355652269202299
1.0068368968868417,0.04942814605897937,0.24996142857109868,-1.4339641474934615,-0.7268070363940053,-0.5299924321527074,-1.2988558048951242,0.11613708330912029,-1.0821692142165054,-1.1624028557276787,0.7433870860641217,0.9832162337308393,0.14353452318150225
-0.7045970883460563,1.1556429089995452,-0.39558571926803837,1.2697185841351246,1.3693970664335835,0.20063738283808755,1.0496504780419522,-0.8017146770015988,0.10794463310887666,1.158908965636824,-0.10548760156304365,-0.9031719609961946,0.8226342732832349
1.7022858086733723,1.3445061035420955,-1.047136391143755,-1.8696616691274064,-0.31693140339848846,-2.0301137810205683,-1.9028056237148563,-1.2635429488508443,-2.3184239867667276,-0.49402939904065496,1.5922617736912872,0.22866095584002605,1.5017340233849672
-0.2706739584831208,-1.4511912921890626,0.5193291819092838,-0.0762826205036765,-0.8444896415986891,0.5950380029492708,0.10512366637713753,1.0194724794990953,0.9730598646023542,-0.43832891701792137,-1.6440729728872807,1.3604938726762463,-1.0788450270016163
-0.8587137387896034,0.6447464944677277,-0.9361249596997406,0.5921273563575427,1.1166444743135924,-0.10578727566478403,0.7743499578204778,-0.8505335757227296,-0.02467581763377044,1.0996830478346498,0.05367640236704986,-1.531968025905206,-0.3997452768998833
-0.9207979742672011,0.012265171808826745,0.5085885091090795,1.0724652627943336,0.7062594785701761,1.05350767590648,1.0615707402749481,0.2805231713813478,0.774455495447902,0.35187913792645426,-0.7951982852601155,-0.4001351090689853,0.27935447320184886
1.5175305739668694,0.5929153913736155,0.19958471142711023,-1.889148192339735,-0.7205475205330423,-0.9355153453218481,-1.8138310320541815,-0.18443476894426752,-1.7998435359996436,-1.4348705752613948,0.9025510899942153,0.7316978077672351,0.9584542233035815
-3.238486419837149,0.09806098278244794,0.34335281501933623,2.0046773774547813,2.5236657597254775,2.5900002150680246,2.7995989783122535,0.14442186656773215,1.3943667945922034,1.1095872403593066,-1.219635629073698,-1.1546903869597993,1.6375539734053137
0.17155500991579598,0.2373420630159538,-0.27572563404023726,-0.22052879760497748,0.04171263052756164,-0.33591424950318954,-0.20873133533209318,-0.2742728619989186,-0.32929174578416853,0.054977789594099435,0.47811374618063257,-0.02285747012357845,-1.594960837078933
0.29218916110367144,-0.8716338426234238,0.5027565219713234,-0.37336995203631623,-0.8516562406798327,0.1781427557831568,-0.35432836984226845,0.7198903911572425,0.34526258027370726,-0.6282943782118853,-0.3707609414465328,1.1089754467126414,-0.9158610869772005
0.2511384114483175,0.8698534577686389,-1.409633594169085,-0.2704411685900835,0.4388659427976456,-1.267959380535085,-0.2778723571392821,-1.230159372979299,-0.8141330972327848,0.8646291386677247,1.326988433807798,-0.7774127480143921,-0.2367613368754676
-0.6464681470746794,-1.4440640063687273,0.9523718671379493,0.6994104299351134,-0.5547181040863819,1.1989696520650777,0.7170051532465044,1.2599873433156874,1.534444554514018,-0.23232407793375873,-1.4318543009804894,0.35442016882182814,0.4423384132262648
1.418852536223782,-0.839478257779485,1.3017778517545338,-1.6341090737194026,-1.681708254335515,-0.014231935099994679,-1.626019297645501,1.154154739010584,-0.5981671715023179,-2.0812488445434694,0.2658950742738412,1.4862530856580485,1.121438163327997
-1.0366942055929225,0.16503155420319948,-0.4677885464246875,0.49327178334269167,0.90451596374807,0.38335602831931154,0.8177372888706249,-0.3463160592656823,0.243211216816757,0.6839226294527601,-0.5829796133533242,-1.4062088129234034,-1.4591408870585865
0.37932653611866,0.6426934471162702,-0.8203371895207993,-0.4385419710098152,0.1774989356662307,-0.9052989435290877,-0.43559313478041983,-0.7842417233269459,-0.7758499848900111,0.31172219592998157,1.1147697619010066,-0.27437589608718305,-0.7800411369568537
-0.010383144196645324,-1.4476582358109857,0.8164824914400296,0.17783219807941306,-1.0390723231132177,0.6374415211614923,0.09956448993403587,1.185193377857471,1.1561184785770517,-0.4863793693873243,-1.0074169571669067,0.8574570207490373,-0.10094138685512122
0.004696603604723402,1.2355716513832051,-1.5941571348193584,0.48962417108249623,0.8899996403410323,-1.2334021850553618,0.25624571239298605,-1.5173166872059485,-0.5183689692319721,1.5194676771430755,0.6903324180874238,-1.0289311739779965,0.5781583632466114
1.254206095170105,1.0091880865386273,1.5169918567954848,1.4360948815994636,-0.22006664952663668,0.27003234113573066,0.08507029599300504,0.349652474388934,0.33326151886458005,-0.15077611508603253,-0.1585422695397415,0.10290174285822358,1.2572581133483436
0.5320935312844688,-0.03325606867372545,-0.27997289278094417,-1.3374081426995268,-0.42704490877384527,-0.5980402831975236,-0.9927345941271911,-0.14115195891081272,-0.953045088297716,-0.7023788597722174,1.5392071057145893,1.234734659694444,-1.32332093703824
-1.3117415280538747,-0.47626430607840986,0.1911415286330197,0.6787255151271537,0.6490492805750844,1.089248067262217,1.0635400970455102,0.3462487548315338,0.8332568484297227,0.31995346958780524,-1.5379636369338852,-0.6516535350325898,-0.644221186936507
0.8142588243640887,0.15484385174451265,0.5482542039789932,-0.1885481059865842,-0.5047173159679718,-0.1615721553744656,-0.5371692341216323,0.23147766489363136,-0.24745455675557052,-0.5362943420606114,0.15978573832044554,0.4801793818036306,0.03487856316522475
0.5929763960946348,-1.9491324312034541,1.3392696451689956,-0.505358941442343,-1.8587043846038807,0.6076346330548843,-0.5857054021377786,1.7309989946142086,1.0127292775936054,-1.3405432663458816,-0.6890889493067198,1.6120122986398508,0.7139783132669576
-0.21427135081637105,1.4152647086256385,-2.622243972092782,0.5823538516172153,1.1857932567190845,-1.8694519843450637,0.4229105396077617,-2.186786909658923,-0.5780408255500112,2.347516368019717,1.008660425947611,-1.6158075012264075,1.39307806336869
-0.9207925936968403,-0.3385186550635461,0.14113649500006925,0.5465243708481504,0.4525710063249685,0.7699827692842953,0.7836049365490851,0.24908077703056875,0.6390698337972512,0.2671379597406205,-1.1135262931203025,-0.48397458439018676,-1.1875009870178934
0.7211463081419168,0.1354119558294715,0.12995699791159626,-0.7894444448547392,-0.4482492317791257,-0.417474464995419,-0.8047150031159661,0.005436197501662111,-0.6724739163508348,-0.6342456318383651,0.5842230821340282,0.6478583324460333,-0.5084012369161607
-1.1138212509103291,0.7004630596115786,-0.5739821025911219,0.9210250276054425,1.3501503618836022,0.3567919261706624,1.0852496180686142,-0.6743147373511302,0.1759983530008993,1.0542016489289414,-0.26465160549313715,-1.2385298622810006,0.17069851318557158
1.0517481698381839,1.1612113887570121,-1.192535895342033,-0.9684182523108273,0.043212110809866776,-1.6752480945416812,-1.076943893898963,-1.2537037377634277,-1.5303661143411607,0.22783287632734156,1.4330977697611937,-0.10669694544477999,0.8497982632873042
0.1187817049212451,-3.1459102828872156,2.381695939715776,0.5443733210087448,-2.365062494036515,1.752405214173991,0.22388035616470142,2.917905162051066,2.627687052722825,-1.4013240400982132,-1.3257449650270938,1.0251359713914403,1.5288980133890364
-0.24185649989981733,0.5710606177128369,-0.7146128195472566,0.258509870616462,0.5961630970942725,-0.377744604739615,0.26657920514231004,-0.6887767182757975,-0.2160579317771229,0.7077057798399783,0.37200441022723685,-0.8612522233355936,-1.0516810369975471
0.08175685677144179,-0.3413519875249675,0.5967746145553464,0.3941069566456862,-0.3087839590139874,0.40176588755715514,0.1643580045765505,0.5073197934860308,0.5297780619343511,-0.1756466731568155,-0.4768702773999285,0.270580693500627,-0.372581286895814
1.0570859404816677,-0.04599353966263836,0.0627296685347363,-1.978634109835455,-0.8338726994264896,-0.710534285028142,-1.6137171372001702,0.05839098108160932,-1.4122602508759399,-1.393982782660663,1.2208790978544024,1.4024136103368474,0.30651846320591775
-2.2903413387869636,0.41748038070764065,-0.2964151993623447,1.3782386402161861,2.036566214024977,1.415642316921865,1.9590616850989895,-0.37614733907953884,0.7104804426038052,1.1590197282695922,-0.901307621213511,-1.4900482882446051,0.9856182133076509
1.5792955915426876,2.193739925973695,-1.3181690718582528,0.36633514405804246,0.39037824506377905,-2.1509380407571346,-0.6549823724440268,-1.8416044934080753,-1.2876538534711934,1.230178767461297,0.7964417540408195,-0.35821537140838455,1.664717963409383
0.23687538714246426,-0.4156239436269741,0.2409004681211854,-0.36783308056230585,-0.47997981689424696,0.015810704318456336,-0.3216807075011477,0.34392680263985725,0.026035815272044682,-0.42970079113065784,-0.052432933586345806,0.7736175454278361,-1.5677968470748636
0.03110687097891324,0.6638133172821381,-1.3974807855991327,-0.32210096357384993,0.45650555628968453,-1.1006106245517975,-0.18694674304349793,-1.1201250645044802,-0.7057929110993901,0.820410630794701,1.645316441667985,-1.112770649299198,-0.8886970969731312
-0.9829080264432309,-1.0262210426381086,0.5429997923549349,0.6263830314572681,0.002274152741552283,1.1246509195651262,0.85918680110065,0.8199903638931558,1.1849044250208771,0.022526047046883678,-1.6706003068756297,0.01906226753702208,-0.2095973468713983
0.968878449826788,-0.7311711247641656,0.8706072059304794,-0.8115365574046544,-1.262582160496217,-0.023858182171008255,-0.9495031272183555,0.8568857806745239,-0.07427691555637184,-1.2003395299860942,0.027149068378700947,1.1508951843732425,0.46950240323033415
-1.960138877271953,0.42989362700024186,0.4906429629042985,1.6516561774819132,1.7954562875632563,1.7858567256506346,1.9261389376650455,0.061260891964215976,0.9013392990480907,0.7596192611250754,-0.8217256192484644,-0.7354930103537913,1.1486021533320663
0.4246473186790481,0.19639313944719583,-0.28007292037006043,-0.6922712937391978,-0.17958713778921734,-0.5209763730206934,-0.5940425252080983,-0.2562160882636608,-0.6447449663210393,-0.26301140528352246,0.8760237560058665,0.3963399064824291,-1.4319768970545173
-0.041144384482297916,-1.5135747028864077,0.6085885107446847,-0.21845325561825488,-1.063444853368607,0.4991183710427415,-0.09334600833758663,1.101024890487041,0.9134662830423484,-0.6015469468326909,-1.246162963062047,1.5281728233186493,-0.7528771469527843
-0.48994238977124804,0.8754819741568637,-1.2568107798997745,0.506569703986202,1.0042125396646928,-0.6179838223051268,0.5309827008315288,-1.1468396531497147,-0.25072359640412684,1.2800175401058906,0.4515864121922836,-1.3642890752628027,-0.07377739685105211
-0.09715505091003142,0.5293723500323515,0.721151343894068,1.2196642655054213,0.4564211708897666,0.6261832433336586,0.6968035675115702,0.14136807559700787,0.5153627367364837,0.29396260757183856,-0.39728827543488177,-0.23245615842658227,0.6053223532506807
1.729246090340031,0.6688401188637286,0.03427822668296641,-2.664771260592338,-0.825987336834551,-1.215064927004759,-2.337512200645324,-0.3156325609456872,-2.420053524994122,-1.8400260109397375,1.300461099819449,0.8993767584096383,1.2844221033524126
-1.2631590503659778,-0.3066842405744283,-0.04237835059067912,0.5589514400851445,0.7348932361302899,0.8741874349744,0.9741342720683278,0.12970017428585567,0.6255767652978158,0.41213669390847496,-1.4583816349688383,-0.9870114363173961,-1.2961569470341705
0.43201084085534047,0.30989857925759967,0.10830228318058237,-0.041640114591550086,-0.10307774962917374,-0.22659792350721442,-0.2541366424798162,-0.09415193098532705,-0.25009722030752557,-0.10893191972910599,0.2393677402854923,0.14482148051882415,-0.6170571969324377
0.40509501564947725,-1.4543266197699778,0.861001254114632,-0.3114273574426664,-1.3585676349098839,0.3734987399896552,-0.38225831041942887,1.2136258556676542,0.8035718917627865,-0.8526532552144458,-0.6095069473416731,1.2766543973550444,0.06204255316929429
0.6194553511856394,1.3138286468891858,-1.6281894643562842,-0.0897379278862022,0.4809916249043594,-1.7010275846298306,-0.3802749720088438,-1.5756898922559386,-0.996915930359064,1.1502830175146959,1.0882424279126577,-0.6097337973719891,0.7411423032710269
0.02636742557904166,-2.141438093888122,1.9573329687406527,1.0652398519542114,-1.5686430021690887,1.4913213420408684,0.5488178059074814,2.1756761266781797,2.2959610300700013,-0.7309203555096949,-1.0339442911552557,0.5220991194642312,1.420242053372759
0.5253617896383743,-0.47269943305083595,0.14166405202701518,-1.1913426653620371,-0.7397488070178907,-0.26787781504408176,-0.9119209909669851,0.31657553207440414,-0.5348573440313623,-0.9166203444631738,0.663805084099075,1.6539320363004515,-1.1603369970138242
-1.0441017702004092,0.5274460283654933,-0.7830315973112149,0.6365257843997245,1.1722218676855742,0.1454369868156589,0.8974281455544375,-0.7054988347652943,0.09090088875491965,1.016012368821839,-0.1850696035280904,-1.5738877635658066,-0.4812372469120915
0.5644930342010024,0.9468246792987861,-1.3692552826292315,-0.6053469544828651,0.2572040224755868,-1.4617772070589108,-0.6232448853988873,-1.2459471625770717,-1.1132582946833103,0.6065398993853478,1.5126797717262404,-0.442054846729586,0.1978625031896407
-0.46639736425052397,-2.074687798104205,1.3518716684627803,0.6414534043354384,-1.1471619105603268,1.3779363827141868,0.5896182482760356,1.800979929387614,1.9391778845218175,-0.5690203622481923,-1.564490970922234,0.6897780701066344,0.8769622532913736
-0.797067155502603,1.6023508092903302,-1.3362509660451949,1.601714986915938,1.7624875988003192,-0.4587783446873859,1.2747989095219017,-1.5556301496947702,0.03370393636805146,2.0848390601324756,0.13325840433209662,-1.1966101246203997,1.5560620033931059
-0.41992415178190634,-0.3117090046140901,0.3004166590051835,0.44216449225838833,0.09261430625222225,0.5332823275116719,0.4593217133502232,0.32543271833930076,0.5438570925135007,0.07757024879673162,-0.7156162832950688,-0.0647772077841792,-1.0245170469934777
0.8093133045901484,0.016392330835612125,0.010836158557397448,-1.436773880485312,-0.6010988692154731,-0.5726860684929528,-1.1942066906381301,-0.0021014454777753488,-1.06080155660822,-0.9864046388222497,0.9821330919592621,1.067055709052041,-0.3454172968917449
-1.7093772589888914,-0.060417684428525874,0.23985860881905968,1.0681309359420426,1.2509460067081515,1.4123203883349815,1.4830022319343446,0.16545315348238024,0.8228160267630609,0.5488653363122186,-1.1400536271086514,-0.819332485674993,0.3336824532099875
1.5711641286551221,1.1092490248311473,0.4464450884775113,-0.48906403287539907,-0.3877593823446267,-0.7835474421588279,-1.1026967362710518,-0.30387069099698893,-1.1434888156071472,-0.6651777126211568,0.5576957481456793,0.31250043116122755,1.0127822033117202
1.5703098442753163,-2.145393250051189,2.8672977039650793,-0.9489162571228379,-2.740846777588624,1.084963287218037,-1.34527236493109,2.690557812084281,0.8279599839487282,-2.7794419856536607,-0.2911789394814861,1.4443333479974478,1.6918819534134524
-0.20703256118223395,0.5150937868854438,-1.2420610062639108,-0.17347763180535714,0.5293134969585528,-0.8097184216507256,0.019559499942520396,-0.9580444515553019,-0.49183436708475936,0.8059789391534941,1.4065704357728448,-1.4481285505840042,-1.6710200090903269
-0.9593142011048554,-0.5599456338201674,0.26387932738423703,0.5544990237569064,0.32161187573448347,0.8923461091552057,0.8085181546818652,0.4291547611220003,0.801864993671631,0.18124631919549147,-1.3522722990154428,-0.3162956337477838,-0.9919202589885945
0.7607015226516677,-0.1086291074921219,0.3806430114642002,-0.7433315026616298,-0.6546961445932633,-0.2524471969926162,-0.8015979845887347,0.26895033843992566,-0.46579753746101416,-0.7893586964560276,0.34547707623888796,0.8155372830884366,-0.3128205088868619
-1.3500524889793253,0.5993441673525041,-0.2367076565421963,1.0911130172657901,1.4559375308042124,0.7866307603922261,1.3020747437618183,-0.4335701558788406,0.37188654779447294,0.9190843054810472,-0.5033976113882774,-1.0708509116385976,0.36627924121487054
1.3273468677517855,1.2663460110813425,-0.8172317635248617,-1.0528043679883488,-0.08948684140875156,-1.5835347571779088,-1.2696281284126931,-1.0948149959903872,-1.666518694085336,-0.10885796270632887,1.1943517638660535,0.06098200519762304,1.0453789913166027
-0.04447331285392803,-1.0912381837347938,0.42440765273083986,-0.20567023458604386,-0.7554928050611985,0.359396898985094,-0.08480139356895344,0.7857064132985262,0.6234022970417303,-0.45581031490725643,-0.92783495520186,1.192814922033843,-1.5352000590699806
0.06244575439864083,0.6857122963731204,-0.8917976530478445,0.0038162859913136926,0.4486074562484314,-0.7329320799056204,-0.03153664352485538,-0.8460640930654271,-0.4833215203542647,0.666104459321547,0.7699144200524707,-0.6935732726931906,-0.8561003089682481
0.5571459211031613,-0.0774045473411475,0.5911591015701745,0.05631689394056478,-0.47794683259391957,0.056127092508474676,-0.26960380029858844,0.3719703960425967,0.09599735757098479,-0.4014800653079712,-0.07896026757469474,0.4382596441430297,-0.1770005588665155
1.118902630110833,0.03826452057161474,-0.018083869127429646,-2.136419189058881,-0.8197562798137946,-0.817270265707955,-1.7303230591850116,-0.02935573569000468,-1.5872116321011214,-1.4412973447072412,1.6187891076796361,1.57009256097925,0.5020991912352167
-2.5628784509313944,-0.21483640260148618,0.1747275454338398,1.4660262548117622,1.7856919655725783,1.9748379641466405,2.1518985700812734,0.2060745852810635,1.222841615621326,0.8682623181537296,-1.617545638898932,-1.3223693376022019,1.1811989413369492
-0.033076838274716816,0.1943599416926555,-0.1370968969385106,0.1070897825617568,0.16561131458431202,-0.08203458490420826,0.07437055541093247,-0.17460953756646108,-0.059583125257327965,0.1749220252549993,0.08020373635539878,-0.19053642076598148,-1.3993801090496338
0.07445431302805632,-1.105612724250194,0.6080423631440128,-0.05473414808508595,-0.8559611858039716,0.41570279801707366,-0.06893337992502457,0.8964107165583461,0.7438111864954495,-0.4896593563829787,-0.7686709512717667,0.9412964960702388,-0.7202803589479013
0.08378761519271254,0.9785712672756973,-1.4086399462063668,0.10940355738404443,0.6442372123923964,-1.1470430635494864,0.012799377944220891,-1.2840449110406016,-0.6138287764961925,1.1225375235950066,0.9290784239825642,-0.9450916986567953,-0.04118060884616888
-0.6306015032964434,-1.152800699051046,1.0262300088227994,0.9139438593348058,-0.3560955279807499,1.2445661341875938,0.8218618349487429,1.1557534948985997,1.4846246486302506,-0.1411929819575289,-1.193108295085349,0.1867412181794251,0.6379191412555634
1.7176560805646572,-0.3817349902035839,1.263870720009154,-2.131323355650557,-1.5769778848356961,-0.2580068014120909,-2.049354201649207,0.9035517289188281,-1.285748630646461,-2.391613702050963,0.5046410801689815,1.3185741350156455,1.317018891357296
-0.5037061138683986,0.14939738572034844,-0.12776069510209495,0.44018121935491333,0.4895375715484692,0.2630577497907403,0.5032915618258829,-0.14683005873392618,0.2155259101523187,0.3947877545997401,-0.34423360745818393,-0.5678140597113883,-1.2635601590292875
0.6848491961268154,0.35381223817524077,-0.420442579409536,-1.2084701353523752,-0.2628131569509536,-0.8160958544294652,-1.006669298616363,-0.4141704340432162,-1.1332867874722887,-0.5100703356366094,1.353515767796147,0.5640188571248321,-0.5844604089275551
0.026466980687015588,-1.901471091682285,0.9950561059528906,-0.207466078605372,-1.3951759540012751,0.7487699508210628,-0.12386839723531237,1.5131146070544048,1.1964731187212692,-0.8816009715886741,-1.4053269669921404,1.6958517739610524,0.09463934117417752
-0.8924461883240907,1.0020291067030853,-1.5017716071874323,0.8614635434175691,1.4005768622767827,-0.5180144012351233,0.9348209854836953,-1.348286130486136,-0.08127864201795608,1.7039285591865798,0.2924224082621901,-1.6934366450423346,0.7737390912759099
-1.2497594210042193,0.9606859077945281,0.8229896057683137,2.0468852686746355,1.6412978715213409,1.532273464546707,1.753316279351447,-0.01723161371017026,0.8136649916192187,0.7814735792911762,-0.5564522793649752,-0.5616037282061143,1.4528388413776425
0.546728406695184,0.22012433217118657,-0.32201927164918864,-0.9817226511690397,-0.25488607366088367,-0.6409898248969059,-0.8126163437284509,-0.29174364022527455,-0.87293541452995,-0.42889903780938754,1.1412970958893556,0.5702291886301063,-1.127740209008941
-1.495329778925522,0.10775666469207254,-0.23487873473625015,0.7792243405319828,1.2104542970693593,0.8923438728115825,1.2153006164739206,-0.18635349400207432,0.49262618474684877,0.7053492145640248,-0.9808896231785579,-1.3161590060969277,-0.4486404589072085
0.7375960548205085,1.0276989958930751,-0.5114090342697838,-0.08586898411860919,0.18458785430741592,-0.9241539977644919,-0.44170999262230126,-0.8029244116479667,-0.7912505269942823,0.32202236098580916,0.7168597520757728,-0.1843260892607076,0.2304592911945239
1.1466153948269617,-0.8216997910038841,1.2707836926691747,-0.39228828262759824,-1.4626653792806235,0.15730625050583624,-0.8234301457273628,1.127781492378048,0.2960490272425572,-1.2125958705623157,-0.13201493555139257,0.9475068275755131,0.9095590412962565
0.8038659671529652,1.71800244464872,-2.8203903410402944,-0.2574076374815559,0.6336192779508061,-2.753311526297251,-0.5679775823134979,-2.4500822654329384,-1.405876867190464,1.9231203400910977,1.5657344397029382,-0.9388813671515209,1.5886587913979888
-0.6653476174157753,-0.8496829728849018,0.29559592683498553,0.28066010055773566,-0.11056708053000903,0.7057646792086197,0.5058374789418644,0.5921315335729289,0.8072962485275359,-0.028816266214584597,-1.5114363029455362,0.1929515496846996,-1.6438560190862577
0.5051381482431808,-0.5839372425883362,0.3395167593678422,-0.8435076267042005,-0.8048783277412359,-0.10069774210272327,-0.7172214504521344,0.4838026816227803,-0.20199884225813708,-0.8269733062633482,0.18631307230879446,1.3247844665209199,-0.9647562689845252
-1.4391663421673404,0.3405590708451795,-0.5091710129336271,0.7760547779017086,1.3362785757516946,0.6403810492225251,1.1834475472225308,-0.4575449972360889,0.3252757100765998,0.9072669972915522,-0.6625616153183709,-1.5676774320605322,-0.2856565188827926
0.6308023524606678,1.1386465745507137,-1.1943591360218309,-0.20844388203279424,0.3457072465220915,-1.3744365125982316,-0.4491087908570046,-1.2434310035299099,-0.9594107096638995,0.7466787306683501,1.03518775993596,-0.43584451522431217,0.39344323121893987
0.026374990085974184,-2.15874035268326,1.586751868776349,0.6669441527863633,-1.5811616032414026,1.2053805067997008,0.33831207788284373,1.9754632904211251,2.01737778711226,-0.7264160235956943,-1.0869989591319535,0.6959884016119088,1.0725429813206722
-0.33519116260763704,0.5102688583766646,-0.9474177853083201,0.12053274186300798,0.6228882670706777,-0.4903641004254124,0.24380837685346024,-0.7895527048535936,-0.2737176107568928,0.7869620965048338,0.6107504161223771,-1.1903997931151256,-1.5080360690659111
-0.04429629201372442,0.0693737837064512,0.20863456526560525,0.3494820549982334,0.0837195380431758,0.1927821876802007,0.2085048002607047,0.08285450179915688,0.2060238449130328,0.08274673739981438,-0.23812427150478824,-0.058566876278905285,-0.8289363189641786
0.8581630106451785,0.1622890345475493,-0.24088906863602202,-1.6943553088046972,-0.5325849464763126,-0.8019855598055311,-1.3565881155994008,-0.21705088867093666,-1.3523238568891385,-0.9745136252415121,1.4596251037495427,1.073266040557315,-0.14983656886244617
-1.8853121428163715,-0.1810813820060252,0.31625511382272037,1.1467054872062692,1.2969315567990078,1.5975794902683749,1.6190633068786155,0.2689420651473852,0.9657335223441346,0.5455293875574688,-1.2992176310387449,-0.8131221541697189,0.5292631812392861
1.787619102011149,1.20998589666239,0.844889231663411,-0.1091434377274435,-0.47884477669003545,-0.6315173004510374,-1.0182127769873623,-0.1297367164072334,-0.9374713261369009,-0.7029245701080645,0.3985317442155858,0.31871076266650167,1.2083629313410187
0.20105904202719455,-0.9821156460572888,0.40554718413161234,-0.5078161524684416,-0.8625362275073214,0.1685642734094316,-0.3764176345357865,0.7204274301984619,0.32540707351924664,-0.6475181681456055,-0.4503429434115796,1.450543679502722,-1.3722161190455646
-0.18280601218615475,0.7224695938869772,-1.4730720080845585,-0.034837085449832696,0.6609376392142076,-1.0053568802555803,0.07981436440747842,-1.1921069179819528,-0.537605134815209,1.0722578026370555,1.2474064318427514,-1.44191821907873,-0.6931163689438318
-0.8280320167909981,-0.19746971109211983,0.4843219404549171,0.8868490948574197,0.4843220662172004,0.9681825273617061,0.9136261511284846,0.3718800424530838,0.7875954483916108,0.24354207629207814,-0.8747802872251622,-0.31008530224250985,-0.014016618842099558
1.3090934587750924,0.36251383597185927,0.25790673946358755,-1.6768237396067118,-0.7293072391979067,-0.7408672655471202,-1.5896181189366432,-0.03617707826622146,-1.481463075482433,-1.3336846231860466,0.8229690880291685,0.8217476145937109,0.6650831312596327
-0.8810328850055689,1.4477041988861543,-0.7770643460473232,1.5723486094839776,1.7142418043451897,0.03296580757762669,1.3043953657437122,-1.1629983874194885,0.12189014259291986,1.648802511846684,-0.025905599597996893,-1.0646405801333232,1.3441828813613652
0.3997075368293416,0.41781465937509343,-0.7889470018922029,-0.875284596774646,-0.0005678834493500333,-0.8957112509196751,-0.6773654206433969,-0.6539299328948358,-0.9353553973122584,-0.009023553815620505,1.671843775656334,0.06719233670289716,-1.2363961690252183
-0.31355697835394314,-1.594611196977519,0.6620823343408728,0.045481232772635966,-0.9157313798938574,0.7359723166688548,0.19251864824780196,1.1717595182735243,1.163647751647865,-0.46162594381706795,-1.6838639738698042,1.1990252535391175,-0.5572964189234856
-0.25349213548564853,0.8747546808070411,-0.30236016505344926,0.8312585356348092,0.8246050480071259,-0.051302174688114544,0.5755324071349494,-0.6085000400663511,-0.013109247248029617,0.790987677312772,0.013885401384526484,-0.6873629411879166,0.12180333117824683
0.08817076132128417,-1.238745447736232,1.2888632375204367,0.7975340255998938,-0.9626303307611765,0.931167314980227,0.3741252858210179,1.3468274360234007,1.4605453433159334,-0.41586152035741974,-0.8349892862426389,0.4444699756483042,0.8009030812799792
1.8708661405335847,-0.24100906876597677,1.444052104579772,-2.8271658187818884,-1.5912433615627781,-0.22897854191040323,-2.4994344837334044,0.9346356443040119,-1.8936383383017832,-2.999490352422027,0.862760089011692,1.5763028924845244,1.4800028313817115
-1.4249037223029228,-0.0395607325199665,-0.33044804083504675,0.5923896810695952,1.0505764545510599,0.7680414376121442,1.0787158017672265,-0.16644487907101108,0.46062797443416836,0.6492323523183101,-1.2594266300562216,-1.6515169073817337,-1.1005762190048716
0.1381282240471904,0.7703441999559066,-0.5571103977796781,0.266235335624206,0.4524926411964834,-0.5290281712437269,0.06648742434022584,-0.6998013136064115,-0.35169065953944295,0.5957829985777292,0.43832274519810915,-0.5196839905455136,-0.42147646890313917
0.5190948946435594,-0.6835101873767617,0.9392322509139958,0.23691849712348864,-0.88745927249835,0.35201442752678647,-0.15370905885399733,0.8716977585554212,0.6575531019118681,-0.5374727106714785,-0.4105519424290562,0.6121489262907068,0.25762328119859323
0.15138512024245093,1.2504264102559537,-2.3181596952794146,0.11356009135917146,0.7896442779524115,-1.8973479782553349,-0.02132559935695647,-1.932839423478805,-0.8035143632228752,1.8020590739848483,1.2871974328252747,-1.2742392684363273,0.9367230313003259
-1.668096448685095,-1.1769744581176056,1.601340511180017,1.7130898529210656,0.41219494389183786,2.433183966736451,1.8016857329458522,1.4920202642180385,2.085325094258945,-0.024918121565020924,-1.471645301963013,-0.1424063516001068,1.615822781402058
0.3489190509546177,-0.37720023744999365,0.1730940384968565,-0.6347464966211429,-0.537051135895252,-0.11694966067274011,-0.5229497447070539,0.2864652625785251,-0.19611233572472897,-0.5610015219496004,0.22610407329131782,0.9894265652361136,-1.6166920290821882
-0.9371441729251736,0.14764976875960323,-0.16977267922747388,0.6322320903179762,0.816548869842562,0.5418290509637672,0.8376880681785657,-0.16963488045541014,0.3570068531123583,0.5568182647583197,-0.6227706143358476,-0.8969616294909202,-0.9375922789804559
0.744023648100646,0.6023461408691871,-0.4473916138739511,-0.8621377951205195,-0.12789243831938465,-0.8793737106567627,-0.8554264074724282,-0.5538253941503718,-1.0565713700566755,-0.25419192109885275,1.0749787609184833,0.23487128734530055,-0.25849252887872326
0.21801154367746117,-1.9960940810821606,1.1359344288409936,-0.12006553325635541,-1.608677703583999,0.7199502096721355,-0.18059808716128126,1.6399075263935365,1.3273751352823293,-0.9269021147711761,-1.0472079581494302,1.366704204181521,0.4206072212230092
-0.45441460203522066,1.2723551702167013,-2.0688160284773818,0.7782421916780566,1.2643205852589738,-1.270023378917218,0.6554733218099037,-1.8032789173777533,-0.3336865356983369,2.069147023331794,0.6505414171049005,-1.5257576943999316,1.0997069713247414
-0.3115965192609219,0.12090159234863287,-0.12344618993078056,0.28888274889024296,0.3234306043372349,0.12846153441707045,0.32010440706817966,-0.1301275690424885,0.12524360390855893,0.2885540550687639,-0.19833327052226488,-0.39392477756371136,-1.480872079061842
0.6328047782322082,0.240281621582159,-0.41349789721815694,-1.2936224001671035,-0.3055005580882341,-0.773372101393035,-1.0237080901373368,-0.35340022028704865,-1.1149848615292763,-0.5732199759357793,1.499416104732066,0.7379081392725096,-0.8017723289601093
-1.736088695455502,-0.2510562986701803,0.03497617754215389,0.8337856385048426,1.1333080762928993,1.2734133496043334,1.3735020216197837,0.14544266298756206,0.7868347859160946,0.5417270480103291,-1.5777546379164085,-1.148480055454525,-0.12267257885837685
0.8341286039901623,0.9326092894026305,0.5244315331166922,0.6550654980030236,0.04270830493899072,-0.19421893196702295,-0.10199089006178165,-0.17145295131557528,-0.18278507133331612,0.05587175831632799,0.11999473733792215,-0.01664713861830455,0.5564271712433558
0.7358055382082342,-2.391735565828292,1.871687692118851,0.046443427457823476,-2.2869670851639077,0.9158969628337851,-0.3708200036250091,2.2527505772996097,1.7294398120460597,-1.360928511638671,-0.7288799502892432,1.115185778217916,1.235526921345088
0.004321474981297042,0.5663124748186593,-0.9516241578637723,-0.140553071976024,0.4062802226488118,-0.7373630376243598,-0.07660517089249044,-0.8199901265483979,-0.5041011800822938,0.6123105146269634,0.9688694249650877,-0.7712024165091181,-1.3450521290414954
-0.4254976604501051,-0.9607748692458855,0.5590251678462558,0.3928872451227461,-0.3725643269973246,0.7368226877306967,0.43627317037300517,0.7962477750935835,0.9680024600737186,-0.14839126816951162,-1.1533172941028258,0.36063050032710264,-0.6659523789397624
0.8719980097810718,-0.4789379150089609,0.4069552749945183,-1.4413353456489906,-1.0067940506239572,-0.3120504051565314,-1.2302994197290424,0.4692309507499275,-0.7129879300019261,-1.2842270229655908,0.5444320811515049,1.4924634171633229,0.013147371161969549
-1.4355181119077618,0.818519684851644,-0.6921137312749144,1.136646024303867,1.679173252628307,0.49660565277302,1.3720619014812798,-0.8000220054490744,0.24976057386867914,1.2889154957342992,-0.3044426064756605,-1.3999984814181292,0.692247121263702
1.3073199095016768,1.5569524668403476,-1.6459199575635348,-0.8146277153584566,0.13584562214895146,-2.208561078490929,-1.132989384425242,-1.7074394724678712,-1.6986078702779828,0.6698754698537912,1.3933067687786702,-0.2681655645819091,1.3713468713654346
-0.31419688263615586,-1.212142539776985,0.48128926947853395,0.07837269614105428,-0.6386480887254371,0.596934233457966,0.21024581934172967,0.878316293721903,0.9165303560362399,-0.30471742024561865,-1.3655359660096171,0.8636673522543118,-1.2092321790211489
-0.3410000002822943,0.7348285932548765,-0.8582143348953819,0.4336126320483224,0.7896877569956204,-0.417365455583395,0.4123941998616335,-0.8517321991088589,-0.20428872952070046,0.9337793798670837,0.3322134092447135,-1.0227208424727225,-0.5301324289194163
0.0439737904510068,-0.16505750049525464,0.7677199822092378,0.7465705681905097,-0.15267307461559826,0.5607914207275128,0.3709388658787074,0.5153851860748258,0.6621819848654902,-0.0628285872078614,-0.5166612783824519,0.10911207436349772,0.14896732118231595
1.3654135516488826,0.15181476210660708,0.18769138408399547,-2.3288483843100316,-0.9243387599128668,-0.8354795451592286,-1.964479161758904,0.029763657417787196,-1.8082268384123314,-1.7254268786034304,1.1810880968718789,1.240944991199718,0.8280670712840486
-2.3519955456577875,0.3018256969315272,0.8740033708623852,1.9662348689609799,1.999620916641362,2.362986265852465,2.3029494714469836,0.3414778026504463,1.2218439322907446,0.6886015821076796,-0.9410986221960345,-0.6454432035273159,1.5071668213857807
0.5280057569809271,0.18923724837618153,-0.13472999691209897,-0.7179916616227846,-0.2630433281135599,-0.4830379929328948,-0.6631728152434466,-0.1707100041124731,-0.6584539659248833,-0.3886616764293562,0.7566507530582962,0.4863897133089048,-1.0734122290008026
0.5374427692890613,-0.9938462185142556,0.5418277451698715,-0.8689527591260532,-1.125788330251747,0.03220957267708791,-0.7480273885907358,0.8031165094363336,0.07000883223849264,-0.9948209351432635,-0.0922239345688692,1.618222630145125,-0.39431247889906984
-0.07003706361097704,0.896546908959154,-1.9191942222706346,-0.07970082313279031,0.7014207437794999,-1.4305413471439532,-0.00448979991805296,-1.530740859443976,-0.6937713018255233,1.373627858219233,1.6055254406854615,-1.609597169721133,0.28478727120266256
-1.8410032080474537,-0.7184368384392559,0.7644491112505732,1.2692276706173602,0.8747613882418781,1.911588331400782,1.6600087814259095,0.790672550029524,1.436140018120729,0.2954978710353407,-1.6308093058931064,-0.4777642528849128,0.9638870213043952
2.1957222944331085,0.28805991524277885,2.0710633289105465,-0.06470754037439234,-1.4546623313723144,0.021584182629053414,-1.214011589237599,1.0230936357605867,-0.25146018737300224,-1.58495188756744,0.06694006936122432,0.6540686639513078,1.6429867714061275
-1.0469309307747754,0.03670806796081629,-0.3246000219900925,0.49132443214236654,0.8194663608081721,0.5011878371140436,0.8222085354612267,-0.20134387202096704,0.3327589972704271,0.576063011622487,-0.781934618265941,-1.2323195307757262,-1.5895280390781192
0.4041822035778354,0.5415722539562263,-0.5729204355800243,-0.4215075638157105,0.08554373791883771,-0.7322406413825671,-0.43994588363400355,-0.5941442115729004,-0.69172506010922,0.13924104442324758,0.9158147569883898,-0.10048661393950603,-0.9104282889763867
-0.09746119244529078,-1.587798344895443,0.7722180387791857,0.08790434891552679,-1.0744699253125831,0.6658054144454485,0.09882616759802021,1.2304255677206037,1.189796846571959,-0.51468077069062,-1.2063719620795237,1.0313463028967145,-0.23132853887465393
0.03757131959693951,1.2077126247109418,-1.121894865463908,0.6119595230608992,0.8449536991548753,-0.8926133821763833,0.3032363202686478,-1.2371746759043791,-0.4092860161778636,1.251401920966516,0.491377413174807,-0.8550418918303194,0.4477712112270785
0.9136034275400513,0.07177231865211028,1.5442955780193515,1.1401319490998478,-0.6400351863229133,0.5356354705460934,0.11166594248368536,0.8344976680266709,0.7816827865703342,-0.37262037921960284,-0.35749727445235835,0.27679102500590114,1.1268709613288108
0.5088600039398774,-0.15188660779674973,-0.17590048095490826,-1.303218709058637,-0.49524118709458653,-0.5010588780287053,-0.9621813525413783,-0.023081743407642467,-0.843980432759235,-0.7565291013608862,1.3402521008019725,1.4086239418421216,-1.4537080890577725
-1.537946300531313,-0.11421781477289454,-0.2103309794318608,0.6681085216316175,1.0822006035759395,0.9418811555484693,1.1794741004883567,-0.06135290583065912,0.5688455840042771,0.6114233595991679,-1.418590633986315,-1.4838379567393307,-0.77460833895604
0.2883678127067584,0.8262004333537378,-0.2276419772184617,0.4267860913057584,0.3790997636157606,-0.38267938575859817,0.07061219370697225,-0.5420693428520584,-0.2740481112165045,0.459979222749686,0.27915874126801565,-0.3520050399031106,-0.09550858885430774
0.5311757881187867,-1.2498015238819855,1.1640690054005196,0.2258493009040312,-1.3061469523546196,0.516821963776732,-0.16605054377348852,1.2820241142352864,1.0509195897657748,-0.7122907169642632,-0.5697159463591497,0.7798278769331103,0.5835911612474247
0.33719487269272713,1.5134255646262382,-2.5875835708090165,0.2732627983273854,0.8391157505033925,-2.23863407870092,-0.03676171498639503,-2.216409311092249,-0.8733367760680077,2.111259333519156,1.1280334288951812,-1.106560317793924,1.2626909113491573
-0.5320161744816255,-0.5546741497863827,0.3019597860866117,0.37082641771328184,0.0017993205733693423,0.6149495366778903,0.4818487954741949,0.4479788376192472,0.6640040384580987,0.027845912814904582,-0.9941532901727324,0.02527259904229658,-1.3178881390374262
0.6989876621289013,-0.1876361073852026,0.15656821579891989,-1.1976867492369412,-0.6650929144863378,-0.3810327895702409,-1.008567144984917,0.18221725270832875,-0.7415742497088568,-0.9320290594087709,0.7035960850815983,1.1571055158785164,-0.6387883889356933
-0.4861811287360818,0.7322677035812902,-0.2080087583399948,0.8762309213875977,0.8977923009777863,0.18855734454520118,0.7243298550110039,-0.48396181742201827,0.1207415519734977,0.7514123904496225,-0.14527860254556701,-0.7292826788485175,0.040311361166038444
1.1675274262414008,0.8206816997833213,-0.690980700159775,-1.6352799528715725,-0.290744883584889,-1.3713786410360698,-1.4915952176111766,-0.8004661049638784,-1.7759261762811185,-0.5994150390844377,1.5524707727087639,0.40255023798770323,0.7194111112677712
0.15711850779459516,-2.9601705089328094,2.402346238635768,0.06653099046312035,-2.2597721326925218,1.7408147709333286,-0.04926144503038437,2.8365266737338852,2.147077643141037,-1.7420652335806217,-1.5246999699397106,1.5343831548239237,1.3985108613695039
-0.6303543349588409,0.4934076203798268,-0.8321339511089454,0.371861961360115,0.8342435545568012,-0.18950001657657292,0.5352354945684705,-0.7161289907745677,-0.07823541627661905,0.8723274451609316,0.17304940531462,-1.3580787437575286,-1.1820681890170797
-0.513165473100651,-0.12269057771485681,0.3537398813019914,0.671332166117097,0.2999297519919947,0.6413684879592637,0.6305389584999459,0.2608283580376912,0.5772060245543404,0.19394441384615294,-0.6758252823125454,-0.22624582692130835,-0.5029684389153469
1.0229742884317143,0.2336170339360891,0.007632701866154868,-1.6153394482854688,-0.6058249851554445,-0.7285558786686043,-1.403384738371492,-0.112692659329481,-1.3451889355373399,-1.105611888591086,1.0219240929417854,0.9055870899149121,0.17613131118638528
-2.200318969722663,0.133539625752069,0.22085041089149496,1.360938303291161,1.7630415621175044,1.750125892765063,1.9015472157484519,0.057605861030668365,0.8991355911224241,0.7623889341748405,-1.100262626126128,-0.9808011048121217,0.8552310612881179
2.1114971264534996,1.8202049362713475,0.4409145315002449,-0.1557099696367525,-0.28283578605199544,-1.1757472327560128,-1.2168507533069193,-0.663032927099928,-1.404066159358382,-0.43407214476419,0.5974867491282027,0.15103181202409863,1.5343308113898502
0.3307924902370349,-0.8533467524460873,0.44290467654461796,-0.5415968723329637,-0.867668343171016,0.10424658540624727,-0.46397978246275395,0.6769968135362989,0.2094536937583487,-0.6983147991138142,-0.2513879384989627,1.282864728860319,-1.0462482389967331
0.3306929457207114,0.798121111466708,-1.2868877150423839,-0.44185074989125084,0.32673699661237576,-1.2303665456312725,-0.4112098715024041,-1.1250503690113862,-0.8884503920558003,0.6565871251452438,1.446361436755368,-0.6035234658667151,-0.3671484888950005
-0.4070796914003906,-1.5283649914324133,0.9454618562425015,0.553325397514047,-0.796990822323841,1.021768856415089,0.5111692869439312,1.298310243171904,1.4875301352436783,-0.32665664565930635,-1.3124812980329192,0.5283094509695058,0.3119512612067319
1.3189303877834009,-0.8165248868176489,1.129465697881562,-1.7757145646798642,-1.5894299977644541,-0.07544649842609602,-1.6471681259758773,1.045536129584495,-0.7178441632546078,-2.0494704091531823,0.3852680772214113,1.6601423678057259,0.9910510113084641
-2.365489564833484,0.9077321236805533,-0.9220318623693385,1.8575243120176779,2.448028217335764,0.9868776203211848,2.252745944845724,-0.9742925569432791,0.7129266850688303,1.950844396958826,-0.463606610405754,-1.6794633991554677,1.6701507614101967
0.12199192696617052,0.49286999432896184,-0.9148091902663612,-0.371152259666379,0.2640464751566316,-0.7934386931742629,-0.26170532654053535,-0.7624595866790815,-0.6204283956586616,0.42789792839392093,1.2341427648485768,-0.5476304823192475,-1.5623640490740496
-0.1434818567148941,-0.9168159405194799,0.5412491538342656,0.18193913910449627,-0.5543652663910609,0.5206334928893389,0.17325210366750698,0.764213816355469,0.7827980962368691,-0.2788066399984421,-0.8880439542193367,0.5842024345169732,-0.8832642989723174
-0.23977642737743615,0.8796061532090771,-1.4520317238569251,0.24837129982850895,0.8177256639086137,-0.9482205263133568,0.2601032378126215,-1.2589411730410798,-0.4421924733842932,1.2494487185293168,0.809705421034994,-1.3021857602100608,-0.20416454887058438
0.4592892390645,0.8624230139241176,0.48123199389646215,0.9056012950748928,0.2758440589313504,0.04156509057570472,0.23182879264516068,-0.1606532286305102,0.04992039138317164,0.25860996122272295,-0.03916926659217135,-0.1703528433738407,0.4749352012311478
1.532039875090012,0.6188995179074898,-0.2494048546039428,-2.488575207314273,-0.7127449652857486,-1.292366633741624,-2.138427989971211,-0.45052019285180067,-2.2559858179076047,-1.5089859540389388,1.6585801086621594,0.9614800734623797,1.15403495133288
-1.247028023840141,-0.4121686385496371,-0.007725362291979928,0.5055818880774678,0.6463904245202688,0.8893439330016669,0.9372605638577125,0.2020586282273241,0.6613834579970451,0.35001361599598096,-1.6573366398814553,-0.9249081212646542,-1.4265440990537033
0.3182468290402242,0.10745868413099535,0.23323541783693255,0.03939524338942237,-0.1633188366143424,-0.04852423427782048,-0.15018088920282457,0.07764793139051115,-0.04741079655925104,-0.14670394002060153,0.0404127353728754,0.20692479557156643,-0.7474443489519706
0.2524338961901272,-1.5805814927166335,0.8289321538945161,-0.24783115460396377,-1.3342525514985242,0.458357819474461,-0.26661892371934365,1.2587782554369682,0.9395153309678007,-0.7854889809919554,-0.80846195225429,1.3387577124077865,-0.0683445988502382
-0.31785074282667364,1.0732001897941008,-1.9386255827332914,0.40885360041853885,1.016863046888956,-1.2676163045325626,0.3868702624365334,-1.6301608525430875,-0.4622436188198475,1.7207563354976034,0.8892874230000408,-1.5537041861736656,0.6107551512514945
-1.8839448974902104,-0.4077228662230147,1.0155105859917557,1.617786338840511,1.1319905115238214,2.136134015203753,1.8672977064006526,0.7765783855145918,1.470401102665158,0.3460498272680124,-1.2328992960678726,-0.4218712693374453,1.2898549013532266
0.4547639054668291,-0.0866680080620889,0.07123416482624886,-0.6488832671042167,-0.4071045201812307,-0.27153476630789275,-0.5872940440611158,0.08355420616778492,-0.4123966851760395,-0.4948429696676368,0.4648500791864581,0.7099616474987757,-1.290724149033357
-0.993670613695832,0.40424848484108344,-0.44050549685267937,0.685885637977775,1.0449309718195594,0.3735184427369673,0.8964172765971117,-0.4507372288353879,0.21428109296448153,0.7947803357195834,-0.3840246084407073,-1.1764265472282587,-0.611624398931624
0.7341812513198438,0.831174923573095,-0.8746873689322044,-0.8141882083803506,0.04504931392164264,-1.2020030255708107,-0.8247962121486352,-0.9092672137942502,-1.183775971971535,0.09637044872362133,1.3137247668136236,-0.044593630392038446,0.0674753511701082
-0.11776629093309392,-2.260728824975221,1.3584102229693298,0.2784544344552866,-1.5457499423870262,1.1326814991897538,0.21044343681511138,1.897834261629226,1.8059901062223023,-0.8210619959495513,-1.445117967974664,1.087239286444182,0.7465751012718406
0.12830679712602722,1.8559089543046492,-0.932961098611488,1.4934113039419104,1.2450039421344037,-0.8119782279299677,0.7203345601764053,-1.4552973974722017,-0.22513297865318171,1.7110403817251882,0.25263140727966676,-0.799148908282852,1.4256748513735733
-0.11349447459900085,-0.4973480435322789,0.3854968536235105,0.18673402050752352,-0.2737207270879422,0.3789276441067568,0.15967330103599173,0.46635567364664965,0.4889344955023684,-0.1596604861719484,-0.5962432803474986,0.33268400855336855,-1.1549041990130102
0.749345873038268,-0.18960374788273432,0.014712447214208127,-1.5645892469453928,-0.7046559497121418,-0.5266415130504594,-1.2295359652877706,0.10324574261790431,-1.008103979656422,-1.0763219511939401,1.1015060949068323,1.4645169253895889,-0.4758044489112778
-1.838803648520882,0.20500103719723176,-0.24118403447692327,0.9863514898465598,1.5409192754935241,1.1340761142459164,1.5093251499072298,-0.23860721001734864,0.5749399250585022,0.8510795061216898,-1.0206806241610813,-1.4279449731918632,0.20329530119045458
0.9831730421982959,1.4946072354916096,-0.6677748671532177,0.24430716871317457,0.33625873226146674,-1.2211159613181348,-0.3991642126893659,-1.124886376486533,-0.881140654258501,0.6631868572643717,0.6770687510932494,-0.29611205635564297,0.8823950512921872
1.7253744542452794,-0.8649541952539995,2.1619305458484104,-0.054568320212961104,-1.9322843197706825,0.4293826978342019,-0.9559239861789621,1.6517374575436892,0.5733270427352453,-1.6456538518532442,-0.17180593653391593,0.8357208604805777,1.5614948013939194
0.02497110845058957,0.6457295288939565,-1.325257874112489,-0.2963005717721618,0.4480745610029444,-1.0404792197539359,-0.1700141917754452,-1.0703603576337837,-0.6741328142548209,0.7842443665666285,1.525943438720415,-1.0506673342464563,-1.019084248992664
-0.8666748050976644,-1.0033675515957166,0.5385627249831957,0.5855546585992,-0.06923050262507396,1.0377776081817724,0.7751539159700672,0.8060444429979311,1.1388890983746407,-0.001973996958121851,-1.5512273039280595,0.081165582589764,-0.3399844988909314
0.9473853751557095,-0.6332551918159967,0.7363838127467498,-0.9906815661520978,-1.1754917282077206,-0.11199218203070686,-1.0326336028325984,0.7321948096734271,-0.2745082420609497,-1.2224612742949572,0.14652207132627107,1.2129984994259844,0.3391152512108012
-1.5473446972576164,0.5341652023418587,0.47425225042986935,1.5721833112311703,1.5582247535863287,1.4768439760965948,1.6623330234003735,-0.00019666511297046865,0.7693863628011623,0.7176986466329867,-0.7023526163008943,-0.6733896953010498,1.018215001312534
2.295889389458567,1.4449521532065537,0.11087554123034499,-2.1836854418925493,-0.6938700558175828,-1.5627854547791589,-2.3877262438991655,-0.6611335060640264,-2.6189419724681,-1.5694293675085105,0.9953967589534365,0.45844322153517103,1.6973147514142661
-0.06990780564232695,-1.216251676200654,0.3954020174372649,-0.3135474705249849,-0.8266382340921044,0.3552772534452528,-0.12814860752812737,0.8319638525793507,0.6332500061579068,-0.5076866956405162,-1.1267899601144769,1.5902761383713913,-1.696880127574201
-0.5460046557776745,0.595733492561673,-1.1628114738828592,0.2567192831474742,0.8443605651124847,-0.5052052725085394,0.4290588314000597,-0.953759673825164,-0.23485632690810654,1.0399505264818434,0.5709594151398537,-1.637543661494867,-1.0177803774724683
-0.39732101642910833,0.41810385090282676,0.03495191529038794,0.7262100912376128,0.6032907815495187,0.31222535502036936,0.5972963176936577,-0.18968474117129205,0.2339051647302498,0.4684936822098484,-0.2779152724873116,-0.5057107446586467,-0.3386806273707361
1.0361719489499321,0.5450387736884313,-0.41650532041216587,-1.6466459936580593,-0.3906025511783743,-1.0652903560146263,-1.4270218487884143,-0.5077169714701818,-1.5888200178909544,-0.8113667794861464,1.4198341027670192,0.6261221721775736,0.34041912273099695
-2.473940101108402,0.024438182276666845,0.10796649845068136,1.3801148636135057,1.8913739776648972,1.859472680139549,2.0587052165090336,0.04861665682384362,0.9904820677713041,0.8594335211805569,-1.3390086320212682,-1.2602660225494602,1.0195188728327291
0.09221638970618262,0.2464680271843438,-0.26539443650342476,-0.09595478493498295,0.10840155343713617,-0.2709816133393213,-0.10026271531793986,-0.27301995013671154,-0.2447930767136616,0.1321174636756262,0.35874074323306243,-0.12843310571323993,-1.5610601775538546
0.22368727221634802,-0.9045133315388452,0.5337251707300847,-0.23888552025956644,-0.8235528357890537,0.25121873289662355,-0.2464448647394485,0.7538118130198915,0.46677625806532475,-0.5597608601484159,-0.49013394439410296,1.0033998111229807,-0.8819604274521219
0.17348911318230767,0.8975489199901212,-1.446310535492175,-0.13908623704858994,0.5177047458757178,-1.2405104435383851,-0.16672769331252663,-1.2647021221448027,-0.7378468747124266,0.9813606409528968,1.2076154308602278,-0.8829883836040532,-0.20286067735038948
-0.24999951105826612,-0.9076209492517532,0.9908262227819034,0.8308878178053939,-0.46704170180056975,0.9439955579028216,0.5734598112350555,1.0130127716677413,1.2501639432149692,-0.17140758254971497,-0.9145712882076855,0.2488445332321674,0.4762390727513436
1.5909129093657997,-0.17660533965242775,0.8345459972315084,-2.3943597200570004,-1.3326374509054142,-0.4982726406217346,-2.1202684073834015,0.5588347492037303,-1.6232451378264035,-2.2513014241471274,0.7831780870466452,1.3806774500683876,1.1553388228530759
-0.8040045783012258,0.369538723870866,-0.7401109283167142,0.4032490550696376,0.8761807976631818,0.006176037431588935,0.6451301243638756,-0.6022270482563439,0.03249639980259833,0.8252338649406414,-0.06569660058052028,-1.5117844485130647,-1.4252402275335079
0.3570961424963648,0.6365083994705217,-1.0982545135426958,-0.6540110456161906,0.18986269771425263,-1.1037758936448039,-0.5375249180144919,-0.9377921620228272,-0.9288081467580677,0.3717759406390862,1.6320527746738105,-0.37995153167684453,-0.7461404774317755
-0.45896278748558905,-1.6048553062055089,0.7936151363668629,0.3339307487555119,-0.8130131187356537,0.9418554731541882,0.42309590917755635,1.251028109573279,1.3815454930466704,-0.3630736565476202,-1.6042819719047574,0.7518813851593764,-0.06704072733004286
-0.6696209378423087,1.0990828941744852,-0.9113170992660692,0.9850571847891294,1.3020031983956168,-0.22240518379206994,0.8804117140610869,-1.064081175738077,-0.059828786103888656,1.3487834736432318,0.09346740334957324,-1.1345068095676578,0.6120590227716898
-0.27171656582836956,-0.2538329142399041,1.5131126084911575,1.6144174589834015,0.02222116314323978,1.3625765011109974,0.999229005842472,0.9799836962212759,1.3588469074032277,-0.026464725694979367,-0.7554072842775922,-0.0026738927314376598,1.291158772873422
0.5406745915687949,-0.12812482624998642,-0.06447707925808943,-1.1344241557571104,-0.5021524079869796,-0.437927383755669,-0.8900671464813311,0.02782213417919364,-0.7375659069249806,-0.7244918846948878,0.9423420909767387,1.1291590241047829,-1.2894202775131616
-1.2655926975880445,-0.2158581693257948,0.11022010220724794,0.7345770949103444,0.8024211958696031,0.9936775924719115,1.0682611388511467,0.17022671061586725,0.6894370470872325,0.4181907875026814,-1.1798446280911747,-0.7572291706222513,-0.6103205274114291
0.9200833035830781,0.5107499813130107,0.20015710597238862,-0.4957023633936335,-0.3274773235670996,-0.5061359708538046,-0.7563640828327531,-0.14296390738854353,-0.7240543943399775,-0.48645737720558535,0.5179047471631559,0.37460374621396947,0.06877922269030375
0.8500953281554968,-1.5486205813252083,1.2421078683058007,-0.7439481796991766,-1.7637924895343229,0.34806717675968263,-0.8499572977323303,1.4756584982227212,0.5545764943777919,-1.4307165605904775,-0.33096994046400946,1.5064366630501898,0.7478789727920364
0.22149269376226355,1.5024077345177074,-2.8099304064099684,0.19244208688884681,0.9187776743729741,-2.3271254461847164,-0.017306441366744314,-2.336217239534157,-0.9245441424647934,2.221654222156617,1.3667794347903215,-1.3860252355312623,1.4269787228937687
-0.9110216115313154,-0.6090966019060304,0.25735149272525776,0.4992711903820148,0.24949063977521663,0.8526376180803434,0.753381168867278,0.4500900337706113,0.7963793749125396,0.14849680108759117,-1.392063299997966,-0.2541923186950422,-1.1536003274928148
0.6881364447707726,-0.20846204144486039,0.367769406806359,-0.7360734076675237,-0.6719356425029482,-0.21028214471207485,-0.7587711136884702,0.3116902242071703,-0.38972486624659486,-0.7748383589869312,0.3056860752563646,0.8776405981411787,-0.4745005773910827
-1.278706612904446,0.5084239189460071,-0.16973367284354637,1.032072830828546,1.336149061473623,0.787084161528578,1.2325358331015188,-0.35028768634133695,0.393227680275458,0.8290527981232808,-0.5431886123708008,-1.0087475965858557,0.20459917271065037
1.2535415083416572,1.1409815863780373,-0.6690324674695496,-1.067190257407125,-0.12425117565094486,-1.416197554905594,-1.2375738005002106,-0.9485003816261758,-1.5881516631297183,-0.22891541551713346,1.1545607628835302,0.12308532025036457,0.883698922812383
0.6817860896733752,-3.1867367494410823,2.6186122257521336,0.10388283944588508,-2.82099336987235,1.5309972149893287,-0.31143700915747763,3.0718886445660405,2.3349682989538487,-1.8775351662009943,-0.9676259561843834,1.2549182370865848,1.5627986729141152
-0.038497257127182265,0.4425542241783389,-0.7242719168303824,-0.09855115350266035,0.3492089644411479,-0.5311993577329898,-0.031399392794212555,-0.6298653809718583,-0.38569649800190703,0.4717586767017845,0.7301234190699473,-0.6314699576404491,-1.669716137570132
0.27645945149330137,-0.26275426325942675,0.3467030915567079,-0.1135789022376882,-0.39940552081132125,0.06902717977812291,-0.20857530027888163,0.3270056199786689,0.10332996889519078,-0.33528964034665515,-0.11875126855721811,0.5003629591957717,-0.990616387468399
0.7939083052146174,-0.11541440617260824,-0.14220238106939428,-1.737906495809314,-0.6847532127996755,-0.6797085211799795,-1.345079613371334,-0.022353021540534684,-1.187259661134249,-1.0775927579922784,1.5789981066971128,1.6321958760319917,-0.3115166373666668
-2.018430950935731,-0.04220084790862383,-0.1593374467365841,1.0213046429704167,1.4981898437240853,1.3261914016253251,1.6243160779828245,-0.06867635549728411,0.7757077867811645,0.813985526054947,-1.4981726359513619,-1.5956239238342664,0.3675831127350667
0.5909580605031162,1.6372163995141513,-0.07579139026929603,1.2247932922019198,0.7364465101336263,-0.48275840911168416,0.32977491893206134,-0.8626336381118092,-0.26625359546507255,0.8903880002445492,0.1995767393029689,-0.463791006998046,1.0466828628367986
-0.059341368822853985,-0.7114273458837588,0.3675088245178536,-0.040198212029425376,-0.469555583360675,0.3261690587006586,0.010640518194461872,0.5634271133043322,0.47498386342402277,-0.30080218801071396,-0.6492979483241965,0.6680419098381747,-1.5338961875497852
-0.14672552250792098,0.7045478245714037,-1.3018501649653573,-0.0018500760574775778,0.6206502797380494,-0.8991484185761913,0.07786130023594798,-1.0866226749256072,-0.5008119837437225,0.9673289863003671,1.0484514269301344,-1.2183462848888593,-0.8547964374480526
-0.7431917279723869,-0.5820534889178319,0.5614492036811293,0.7473318760168083,0.14193786599598113,0.9667817388448393,0.7943037810908039,0.6079513613484181,0.9583505421564561,0.09115720805470758,-1.073735292137779,-0.08651336805263919,-0.17569668734632016
1.1827641267348012,-0.026278525601284377,0.45588620772451466,-1.547227128846849,-0.9148004598500368,-0.4974107242200028,-1.4532458103172299,0.27012014523717087,-1.1112084566617395,-1.3927369884896874,0.6240140831165516,1.0453195487835814,0.5034030627554129
-0.9069638342868815,1.2811449594925022,-0.10524324551465601,1.6249805467717513,1.6134267870065604,0.5699510990674994,1.3461449692989835,-0.7009144683179122,0.2783992726213662,1.1847999636584592,-0.2248606045106138,-0.8410686459434527,1.182502812857145
0.42576171039990895,0.3168198049236034,-0.5991818568557662,-0.9077479138428242,-0.0933394325320341,-0.7679966250128516,-0.7085219988811673,-0.49639097816587474,-0.8874649472364211,-0.17231585170433866,1.472888770743717,0.29076427089276796,-1.3980762375294387
-0.07756950243119931,-1.5219503549734674,0.6183947237226264,-0.1551156477351249,-1.0419145912998322,0.5328361545536326,-0.04029962991693042,1.1107466608231997,0.9656551294535833,-0.5657143842704442,-1.2859539640445705,1.4225971877289882,-0.7189764874277061
-0.5861634881002153,0.8559396893883162,-1.2738597590021998,0.5362605373893288,1.0629551538744588,-0.5620565750347012,0.5983763449343291,-1.146662570349419,-0.2151886248905192,1.312919519916633,0.41179541120976026,-1.4698647108524638,-0.03987673732597354
-0.33434772647974437,0.5706376344787304,0.6353758217049651,1.2855901301014627,0.665907744016149,0.7302926633070961,0.8590949890080891,0.07235521445228109,0.5342506595866772,0.4026713010909526,-0.4370792764174051,-0.3380317940162438,0.6392230127757591
1.7708684031598063,0.784367850685513,-0.016857706758749674,-2.589944002854707,-0.7739621938717874,-1.2844034982791803,-2.320330194880622,-0.40231129124561354,-2.4473108951753253,-1.751028271409188,1.2606700988369257,0.7938011228199771,1.3183227628774914
-1.1054952057764156,0.008021024388496898,-0.21692296459067684,0.5714166303292373,0.8430752120869588,0.6263162756126375,0.8960057053870016,-0.12628537823949862,0.41158156050827377,0.550487449200518,-0.8615166202309877,-1.092587071907057,-1.2622562875090921
0.5557919657640198,0.5797054018141966,-0.4158008277203298,-0.466225595739606,-0.0017040857229712533,-0.7198576043383197,-0.5450431248880446,-0.5246808453172707,-0.751412648782333,-0.008107269933987249,0.8362327550233429,0.03924584492916342,-0.5831565374073597
0.7728224814587115,-0.7501566936988029,0.7104149068355957,-0.7340696596444211,-1.1278244957085064,-0.00670187898475433,-0.8032159215020264,0.7761014346461216,-0.004248907808470508,-1.028405419334468,-0.012641932603822433,1.1710787617653833,0.09594321269437307
0.6114716311701843,1.1515970152212986,-1.8827616125514952,-0.5384565470800067,0.369713519756859,-1.8917201204816796,-0.6131356101273701,-1.6379341009128188,-1.2095778133042576,1.03414112015269,1.6851074426505084,-0.7153094329616505,0.7750429627961057
-0.8725464825522329,-2.172871626470572,1.8176541534762856,1.1162561894005165,-0.9105605645835261,2.0289229669332887,1.0587878452374142,2.112688099760572,2.355498430161682,-0.5922594496018658,-1.6904958073668914,0.41652348387457006,1.4541427128978375
0.4106586341227044,-0.7799417204469312,0.3606126865084389,-0.802858788529906,-0.8750709632100858,-0.01658876870931587,-0.6449722293562948,0.5938519375598428,-0.03336615250027792,-0.8149898610517415,0.007253567887439256,1.5483564007107904,-1.1264363374887456
-1.4361956765225854,0.19069525286165084,-0.3045419962603334,0.773519226370553,1.2256482083409903,0.7961372611270967,1.1805112844789794,-0.26715457752842114,0.42966412325284353,0.7532945525178725,-0.8416211197397261,-1.3441054978706617,-0.4473365873870134
0.7287192652465985,1.032195659236326,-0.707305769197196,-0.22710327243973,0.19456286838183984,-1.0689321920728048,-0.511583452260114,-0.9155933798232505,-0.8975723094997684,0.3716007093600836,0.8561282555146047,-0.2122725810344415,0.2317631627147197
-0.03962413969813597,-2.310081178072604,1.4715103360289037,0.42017688269619596,-1.6406241312026337,1.1638458118992356,0.24335698287281735,1.9862985920494578,1.9444670064612402,-0.8087064767308353,-1.2660584635533088,0.9195603358017792,0.9108629128164524
0.08798774399338362,1.925161758955557,-1.8239692514350063,1.3472253950604078,1.3256237275619425,-1.47052106826975,0.6647388076270793,-1.9921951181607123,-0.38097687781112743,2.2744164512628617,0.4316909117010219,-0.9668278589252547,1.5899626629181844
-0.1503115216174687,-0.28687502047063657,0.17537811364472244,0.11168329879864207,-0.09362380464698306,0.2432356706297713,0.13979121081370724,0.24251803717223008,0.28492349082551527,-0.05443445651417194,-0.4171837759261434,0.1650050579109655,-1.6425521475660623
0.6203491973043166,-0.08512705499690286,-0.14307145000181035,-1.4059885001256562,-0.5314002789836696,-0.5557721894789163,-1.0764015704355088,-0.038010701298445325,-0.9663529234919421,-0.8509332425299434,1.2805655993281875,1.296837974747186,-0.9634523974643298
-1.3719442250207148,-0.4817888278841514,0.2809801580350453,0.7797252507604014,0.6906500046169104,1.2017889203699683,1.1492673884643596,0.3996528988536668,0.9109266592432896,0.3218864346794593,-1.4782771354601,-0.5895502199798482,-0.28435264736259747
1.0584039618334973,0.24274346594039567,0.6811606292930695,-0.3107608765952869,-0.6260583636241656,-0.23430752820901513,-0.7329443441033235,0.26237036680002473,-0.399011369422723,-0.7183963132562554,0.21947223979423058,0.5422826968563725,0.3947471027391356
0.7901214479448815,-2.1474235558453962,1.7497973364936952,-0.6337991530763646,-2.1514198710873895,0.7828518512130189,-0.7595174998351029,2.0616963247229205,1.059508452506259,-1.7334385201674238,-0.6294024478329348,1.6741156136925928,1.0738468528408678
-0.36557109836232854,0.5328461489536112,-1.239526340938686,-0.0014112585130466688,0.6622250095950559,-0.693939844456182,0.19568409650667934,-0.9655061278204986,-0.3787705101227907,0.9212582794837848,1.0683469274213961,-1.6654901532686006,-1.506732197545716
-0.9924124668314437,-0.2601932381204147,0.17292432959009707,0.6534695054025698,0.5634585006300933,0.8459293783569605,0.8786091243852717,0.22777279374950993,0.6616391161748536,0.31630966225439994,-1.0538397916465174,-0.5336572364323805,-0.8276324474439835
0.8694525923330076,0.2880676764829456,0.1434452337286238,-0.8689189789511131,-0.45017316427257503,-0.513543732841216,-0.9264062275389606,-0.0634107712895003,-0.8387280747848918,-0.698397600372188,0.6439095836078133,0.5981756804038401,-0.14853269734225083
-1.1818052058578332,0.8542892239706567,-0.68990668722055,1.0482913498500783,1.5128857122104447,0.316155204340011,1.1890400109399646,-0.8166913023929351,0.1598836191889765,1.227110085949383,-0.20496510401935208,-1.288212514323194,0.5305670527594822
1.2478044770612122,1.3675332746538382,-1.428718755961146,-1.0341384731911996,0.043934496595250866,-1.9982423957064932,-1.2170230925776873,-1.4901535175418503,-1.7246208891873818,0.35880427462030096,1.4927842712349788,-0.1563795974869737,1.2096668028612145
-0.37232136300865665,-1.2634481594944833,0.4435977350404713,0.041802172931583864,-0.6317299221473958,0.6095824661530006,0.2221497300086036,0.8827652140791695,0.9261963901028659,-0.3015765306495732,-1.5843864714134956,0.9754533193492466,-1.3709122475253694
-0.4187310806532426,0.6050742253104611,-0.5946722748665779,0.49344736515605075,0.754721889695315,-0.15821284993949702,0.48578395374580136,-0.6382062481540106,-0.06861121571486588,0.7784448748942296,0.11336290384083493,-0.9109348753777873,-0.6918124974236368
-0.13983273549562064,-0.5756489147696661,0.7587350207103232,0.6359190362746763,-0.31039942549856625,0.6858227802017943,0.4112224406705857,0.7159439721654428,0.8724528527197298,-0.1314896387679205,-0.7355117837863304,0.2208980414584333,-0.01271274732190422
1.256242107245973,-0.0883674503680866,0.32997394293320365,-2.112850222981783,-1.0153531213049303,-0.6473165102853633,-1.7916624528297418,0.23024376806909613,-1.4802301060905863,-1.6842068121974498,0.9622375914680004,1.3527309582946536,0.6663870027798284
-2.7320544811388894,0.20490327686507084,-0.16590148303720562,1.6309309113676567,2.2173744512583067,1.8334732359733996,2.3299539318035656,-0.19612529719146313,1.0457029172069483,1.2339820442409968,-1.159949127599913,-1.5397309402867987,1.3454867528815606
0.08042261460648308,0.47801977889141245,-0.5198841911268998,-0.022487940968725077,0.28479046292636195,-0.4588751434690242,-0.05509797516345873,-0.5324234509192689,-0.3552944545282585,0.37148601090467653,0.5378002476544176,-0.40789802345057824,-1.235092297505023
0.3517955237377384,-0.6011637956982571,0.5830931547223587,-0.10621070555996713,-0.7011985751282342,0.19733499023943904,-0.24516100888431447,0.6297213522428198,0.34861237561143527,-0.5061488429826896,-0.31107443997274775,0.7239348933856424,-0.5559925474032905
0.09288840423391252,0.9531110445217817,-1.771038184039665,-0.11483235490628972,0.6189318479497313,-1.4331985996431782,-0.11060071337656044,-1.4755599951412828,-0.7595244153627378,1.2394762594372413,1.386674935281583,-1.1624533013413918,0.1231072026984424
-1.091808409770568,-1.0322135948037667,0.9892156411534235,1.0850877436521884,0.08041881214242912,1.5471301942998192,1.1601297288668968,1.0745006536971562,1.5241142962615675,0.002883060219375383,-1.3721677995067043,-0.03062038450517139,0.8022069528001751
1.919902612185459,-0.30580566200382636,1.588051433278135,-1.7167681250720925,-1.6752428013339522,-0.15307636420746257,-1.9389310998751697,1.0482507316940606,-1.036853443615975,-2.3505241074702843,0.32558157574762625,1.1012125323310487,1.4813067029019071
-0.7755826522446955,0.14599111320469613,-0.16059442747555594,0.5621114399126339,0.6929866803805492,0.43291765011769784,0.7138180767952323,-0.16363091506028654,0.30697822068767555,0.5022423048770913,-0.5232931118795391,-0.785175662395985,-1.0992723474846762
0.7102160945617685,0.4967504889253913,-0.4391986237755957,-0.9965648866990301,-0.17865347448739582,-0.8487799506341613,-0.9083063366068466,-0.4963253830055996,-1.0798767645144227,-0.3518230218840463,1.1744562633747917,0.34665725444023543,-0.42017259738294405
0.2714332881325609,-1.8520253849235804,1.0280116600713924,-0.25557143842539054,-1.5449485307705062,0.5983242672973573,-0.2809185305484452,1.5069276946331527,1.1262924025946033,-0.9388765961434542,-0.9477304556931218,1.4784901712764558,0.258927152718789
-0.28232361885006885,1.2557320605629858,-2.055607241218302,0.6165731645919368,1.121961455841029,-1.383384508267143,0.4775617368088985,-1.7875089824376351,-0.43995843721810807,1.9492342712363069,0.7500189195612089,-1.413971727304996,0.9380269028205216
1.0244373193412557,2.0625947871920123,1.2803077908104783,2.283364885706928,0.7157708028709183,0.2523727591283354,0.6563177406628135,-0.311297765364113,0.20519618458095173,0.6022506164310344,-0.09885576806595642,-0.2821388104687759,1.6171266529222539
0.4551108966353995,0.09246838476880778,-0.4191112546472946,-1.1553401051031649,-0.27781714289005793,-0.650127835122067,-0.85514596394972,-0.2825396858819208,-0.909220172760336,-0.47488302240185154,1.5988936071883744,0.8496941063674446,-1.615388157561993
-1.4119500121110065,-0.35575525857693113,-0.0019714733941170004,0.6229801332951033,0.8120959799246229,1.0121894234788746,1.0879227056945269,0.1770501239168725,0.7071196172795409,0.4256726554119705,-1.6374411393901935,-1.0366940883595894,-0.9362884074602605
0.4395094039463755,0.35017508032139694,0.30851997620434646,0.2380732972650145,-0.07962929169439965,-0.07749623715769814,-0.11033558281595203,-0.0014697466787997819,-0.07439344318786126,-0.06743051228059885,0.06030823586413709,0.09513882847663085,-0.25718865735852814
0.36555626964574556,-1.7992575840747478,1.0961716466100841,-0.13860973929520307,-1.5780736240844297,0.5833399321252135,-0.269678064979132,1.5189200382191943,1.1742941686459387,-0.9099455372420203,-0.7885664517630283,1.2269717453128512,0.42191109274320493
0.6969516889545162,1.5848981068057568,-1.8073155654542146,0.24255804394960556,0.6183333612783382,-1.89487743542107,-0.24629516611678406,-1.812405094614794,-0.9464260255458066,1.5098248156137901,0.9091829234913026,-0.6594164494141828,1.1010108428449372
-0.4114358103291101,-0.9053880626199696,0.383367586323514,0.1882613142942957,-0.34315907203010443,0.5911919387930562,0.32057137687017073,0.6695009343990717,0.7793134254548019,-0.1570363111335767,-1.2130037955766109,0.4724164674220379,-1.4795682075416465
0.5903256865214651,-0.5490550331152306,0.26189874944619085,-1.1720341171549906,-0.8441706733994501,-0.22174721503164066,-0.9366229383103517,0.42258442423908726,-0.4666283410946698,-0.9929283197224421,0.48474557967771975,1.6042493842582581,-0.800468457439914
-1.285042644382008,0.527627010783621,-0.719123404255783,0.7729031383562679,1.354835354493023,0.3677313750710699,1.0989675966251093,-0.6695676643408982,0.19035994372002765,1.0613275038312018,-0.3641291079494456,-1.623570415608,-0.12136870733818172
0.6647071111409164,1.1493591856452539,-1.5052670989571915,-0.43713000624987863,0.3277759139501624,-1.6386708723558936,-0.5881886025084007,-1.4240388967832118,-1.1339993272617184,0.8222779352421886,1.3336202673048851,-0.4917374987717797,0.5577310427635516
-0.3716260170810746,-2.3267328593671337,1.7080236423897457,0.8307608391863449,-1.4012165784873558,1.5846973061353393,0.6387454865133637,2.1279482633911497,2.2560938379611484,-0.7050956670960601,-1.4252224674834022,0.6400954180644406,1.2368307928652837
-0.5178711145423753,0.48147653532044926,-0.8209861314259619,0.29614921464107524,0.7404230953962035,-0.2616559222042245,0.4347809725970392,-0.7038704728694734,-0.12506535855497256,0.8124782820978471,0.2725269077709284,-1.2462927766625933,-1.3437482575213002
-0.33501847459704986,-0.13628875208556324,0.3443800754854461,0.5498810396805,0.1551715597235076,0.5062458142088058,0.4706287353990378,0.26236264208393467,0.4981581871237536,0.11820848211026562,-0.576347779856237,-0.11445985982637293,-0.6646485074195675
0.9450590577926585,0.14759623387251206,-0.04423260558575621,-1.6530977555034956,-0.6090235728525248,-0.7126351548306815,-1.3814745427643893,-0.09884750023210667,-1.3117803231487983,-1.0927343764181479,1.1214015953980938,1.0173730570098476,0.014451242682165102
-1.91596357898396,0.15638831134361383,0.2519240782814048,1.2868770616690188,1.564201898545764,1.5699487483614123,1.709614561886484,0.06367794619867184,0.828855906627982,0.6888393125000932,-1.0007851236698195,-0.8690151377171863,0.6935509927838978
1.9124729782366834,1.4668052307914954,0.28812573724619656,-0.7380919072282431,-0.3876760481557784,-1.1507474775927269,-1.417702737730825,-0.5721705301520686,-1.5788125584964883,-0.7169571771789514,0.6969642515845111,0.26281777911903426,1.37265074288563
0.336922576005336,-0.8152662014557941,0.3819883224391423,-0.6468279155282213,-0.8447715303369342,0.05284324420717085,-0.5228888586518957,0.6235907107276731,0.10561474456308882,-0.724647433109373,-0.15191043604265425,1.3946506959552545,-1.2079283075009535
-0.11912707560640007,0.7295858548508615,-1.5851326841107698,-0.14829928669396897,0.6178552326615926,-1.1375397352404966,-0.014367280116198193,-1.258833641212061,-0.6255038592139551,1.078372182416079,1.5458389392116767,-1.4978112026261978,-0.5288285573992212
-1.352835880217907,-0.6903801357632394,0.49673735660512564,0.8736558968218294,0.52532605422106,1.354545429074158,1.1886429343133083,0.6257262901064179,1.1273904563696253,0.2253212456792231,-1.531331803436798,-0.3659782857899775,0.1502711927025117
1.326028965873924,-0.03923768248626099,0.99238073053124,-0.5825835770435913,-1.032677642702134,-0.18631584937895132,-1.0204054833289031,0.5790048013968593,-0.3976062416151182,-1.1350392244455219,0.16641757181753275,0.7658546310462434,0.8293709428042444
-2.5865927541368023,0.7904834192171364,0.005789027001317191,1.9216120335878648,2.5306928131092197,1.8615129721673287,2.405420637092966,-0.3926091378545519,0.8428444850060268,1.3041761869440271,-0.6824571158096326,-1.120533563680791,1.5084706929059766
0.4166056722921593,0.46425369776658776,-0.5507933850940482,-0.556068110302026,0.020218276751675857,-0.7240871449465488,-0.5177373608184607,-0.5429513763571107,-0.735173823697207,0.031151998295926943,1.0152922594446983,0.011299353155429355,-1.072108357480607
-0.01855301377373781,-1.5203985651891427,0.7158187028810222,-0.02828044639558608,-1.0854899626533279,0.5656362566913378,-0.004977414408063592,1.1648824825108541,1.0571744028824936,-0.5518328470891434,-1.1068944596232153,1.1431322699916497,-0.3930086073788745
0.18665925964904706,1.1460096193652054,-1.0630253642941783,0.42678390910376457,0.687415036604058,-0.9542282650194827,0.1252614397302331,-1.1730922142050582,-0.5007656335788297,1.081510828422852,0.5908549156311155,-0.7432559247353843,0.28609114272285835
1.0184724780146048,-0.004546275833973612,1.375058024766775,0.7599584338531329,-0.7746534573930962,0.3297632306666924,-0.1456066471465962,0.7773272069081193,0.5581702453916288,-0.5055775997961401,-0.2580197719960499,0.38857699210083635,0.9651908928245909
2.155772974455509,0.31217818877440784,1.214723868042168,-3.3080602156626204,-1.4069635481558729,-0.6104742103806408,-2.9066772011302318,0.5283401580336451,-2.636963664119359,-3.156323409543737,1.439729603258281,1.5204099089370569,1.644290642926323
-1.267171121500211,-0.15769455158000603,-0.2364887566521466,0.5082919058218907,0.8456801741152173,0.7272949197436659,0.949516184925687,-0.0543236766834451,0.4829631805580858,0.5220610638814787,-1.3191131315300066,-1.3720519896443955,-1.5882241675579236
0.18647858845857956,0.4805814142150211,-0.2949419438652822,0.05511832687775902,0.20631887329813323,-0.3614556908947396,-0.07106896846329165,-0.406917779413523,-0.3004397025199705,0.25697130053041817,0.3786362437243241,-0.2402190728081752,-0.9091244174561912
0.3739202060477221,-0.9548428389441059,0.7368023473565004,-0.10522112315174217,-0.9737334542964364,0.3000505083106982,-0.2565261211752953,0.8934810055113054,0.6000616113552861,-0.6198360906402036,-0.47023844390284125,0.8916138440280454,-0.2300246673544588
0.2290700344612076,1.115084523753417,-1.8522587384259699,-0.035377431094658796,0.6329293630929436,-1.5936389946710927,-0.14178190511831296,-1.6024558139902971,-0.8163283619211025,1.3540083563591347,1.2275109313514896,-0.9947743506989888,0.44907508274727426
-0.30299329060582836,-0.8310569147245446,1.4285624349993085,1.3038787687316917,-0.3715349650464167,1.3197938700939666,0.8519131677616679,1.221399388485067,1.5412809194805142,-0.17501371155709625,-0.8946757877164239,0.1370585661372314,1.1281748328490064
0.49314876575422323,-0.2528164624439653,0.013038799174642365,-1.083033301589016,-0.5563336488315176,-0.3439959692426311,-0.837370027381106,0.1339591614351925,-0.6116434201812615,-0.7471708526004193,0.8030735875379068,1.2688914829734517,-1.4524042175375773
-0.3151125770218281,0.46150114870071823,-0.26572618374827534,0.4940305844576338,0.5724127829899635,0.021204556637527468,0.4304155279159226,-0.3808949884988259,0.03359505993551419,0.5341030229157134,-0.04580110008925858,-0.617496711753582,-0.7733044674358448
0.802039687235263,0.4947407344932906,-0.6111550301423637,-1.417660716315258,-0.24965181093490493,-1.047384024737284,-1.1801969830621493,-0.5922420048687775,-1.385950442880487,-0.5106226216155494,1.6519482751650723,0.5143362050826384,-0.0942047173341124
-0.052592472389802934,-2.194981416674289,1.3363643061515174,-0.062355367597795995,-1.5475629017080095,1.0688795729538945,-0.004696012172970281,1.852481959258993,1.510510269931823,-1.03672724432986,-1.6639684733785425,1.6461691219188588,0.5848950327676209
-1.2527383328363342,1.137461925959923,-1.3304121405039422,1.310167885892604,1.7713971983328076,-0.12712371664524508,1.3655573678762836,-1.3195239102938445,0.15037076158931184,1.881971752247999,0.03378090187578817,-1.5816506779473989,1.2639947828693532
-0.7248073604535739,-0.18907847709516928,0.08189243912689059,0.49093710688660014,0.4122107705450775,0.5835631033251288,0.6489192560366354,0.1408486413054462,0.49253849807281597,0.27336505861768823,-0.8150937857513773,-0.44981776111117894,-1.3165842675172308
0.7025479973065442,0.19438571470326915,-0.08922434655748654,-1.0222492063274402,-0.39151392781228306,-0.5732391780054272,-0.917760404291993,-0.14763911684711437,-0.8842829122263932,-0.6296963971817777,0.8826555895029536,0.6820151557250415,-0.6374845174154982
-1.7876459247199867,-0.013789654015118403,-0.0453507941674953,0.9350747861028625,1.3439458034343725,1.248449688048688,1.4547368557232794,-0.018656117514404953,0.6925988502357169,0.6704618889729058,-1.2395311295649598,-1.2043730390019924,0.04161523268623464
1.078898905019212,1.276527992955865,0.05722703482140765,0.30652790406628505,0.10604497929552362,-0.7304406778599429,-0.417715940313387,-0.6070260491262826,-0.6811064144226207,0.16614659321044212,0.45821824568937086,-0.07254012216577213,0.7207149827879671
1.2511205054545842,-1.7907279748455203,2.0234068689556706,-0.1842072492914549,-2.242609309531487,0.662990670957354,-0.769611128402848,2.03728388170336,1.134950599803672,-1.6308659699542452,-0.39065644193779453,1.0592927946704482,1.3998147328896993
0.06953391959256601,0.6125330227213048,-1.1437409566655876,-0.2811365428295211,0.3903163207672086,-0.9324171060131667,-0.18594455886176772,-0.9514237535091329,-0.6395261925117562,0.6595197161335404,1.3070929333165364,-0.8270954000565859,-1.1807643174968843
-0.6425187162074896,-1.10146831812474,0.5653836241348,0.46226423852718024,-0.30994651155175423,0.8975392194515032,0.5895498480461178,0.8702906415022007,1.1184028788261484,-0.10588114345691692,-1.4517498014717511,0.30473751677963484,-0.5016645673951521
0.8766014003036666,-0.6903068291906761,0.6157213511271826,-1.1966226484675058,-1.1631410561976439,-0.15427430975271167,-1.1034408031204346,0.6927548192748428,-0.3844489078543036,-1.2729187294549298,0.2459995737825795,1.4365704336158551,0.17743518270658104
-1.9155462275472144,0.6385984993887972,-0.47713661712248706,1.2814909462542148,1.9126168244297106,1.0071156604984326,1.7065437148687521,-0.5887462337813447,0.48307916044888793,1.2275997546321487,-0.6028751138445858,-1.455891464965597,0.856534932808314
1.4501521275525886,1.8652153768327535,-1.6438554694191805,-0.33008336908761154,0.25060163587027084,-2.309514646805895,-0.9536519066284634,-1.8606531193375129,-1.563307863003724,0.9982802518199707,1.094874261409745,-0.32405854812937673,1.5356346829100458
-0.1520361896690114,-1.0943612369343723,0.5235346728669908,0.06261504961425221,-0.6762859382179396,0.5131068269223381,0.11478505185784117,0.8431433024500342,0.8215272467740482,-0.34687825163532154,-1.0273124576581685,0.807774368706844,-1.0449443674765375
-0.17059745928019382,0.8473449017864058,-1.195219124560911,0.2712776533816293,0.7420001307416493,-0.7997344633932677,0.23503789518364188,-1.0980325865136282,-0.40259515585934436,1.073975354188678,0.6704369175961622,-1.0786138260201903,-0.3658446173748054
0.4594610005244115,0.39711311191230225,0.7019635161949678,0.7260120722709473,-0.06079487832112051,0.21175525514812896,0.1368225208923304,0.1967879661963542,0.24864110928344568,-0.027904055037672945,-0.17843777003100317,0.05321909081603027,0.3132551327269277
1.43881902587562,0.3680314266404574,-0.026310171528056737,-2.4758570185028836,-0.82356786158015,-1.0533017901029966,-2.0816165946903027,-0.19913892650927245,-2.0688556687648143,-1.6663102987965384,1.5193116052233278,1.1850520076522502,0.9923548828286602
-2.7543948017764213,-0.5830241798824998,1.013889412901185,1.9470012089674453,1.6644708556682826,2.7598233111225206,2.5090029579219824,0.8634550717962298,1.8350777862346757,0.5714282760140182,-1.557859137425147,-0.7013361870747835,1.6714546329303925
0.19816545001531913,-0.1304572572280182,0.06234344394899695,-0.2849429158831389,-0.24443133461849093,-0.09416967084105962,-0.2570729985437009,0.10047250431820766,-0.11559249827503788,-0.24041028728466463,0.13989023782918383,0.430496729761437,-1.691447329573387
0.15897850042955208,-1.2333564437963158,0.5050726813654224,-0.4413023155712765,-1.0123610544711976,0.2755685685174407,-0.31865380782025515,0.9023456663812232,0.5520848392396052,-0.6762748067099212,-0.7089844497979816,1.562329646597657,-1.0123475794716545
-0.18591776309173635,0.8380840897364367,-1.4938091958016904,0.12294618723701414,0.7469059921275749,-1.0191233321166255,0.16487578639456815,-1.2616948688417051,-0.5043467257607408,1.1951258286975721,0.9887649254563493,-1.3301322519837946,-0.3332478293699222
-1.0111264938940319,-0.5504987780560235,0.6772300552006703,0.9879942957534033,0.3676851121586991,1.248480659468048,1.0654629676096512,0.6574086328157593,1.1117209286511451,0.16888942721776912,-1.133421793611564,-0.19829933514757442,0.3458519207318111
1.5636113132635132,0.16367749462063896,0.7363157990701138,-1.6975614803872452,-1.0658697506397572,-0.5544645417740399,-1.7373365726392584,0.33305457826435314,-1.3556494050147139,-1.7037464097927109,0.5643275816427665,0.9335335816886462,1.0249516708335433
-0.6745401243893652,0.21565206100868212,-0.3870734242272965,0.4065150025556689,0.666837900551928,0.18562593532358818,0.5772918990675779,-0.32617166322401064,0.14397309867599364,0.5647945253770635,-0.28454710598439886,-0.9528546130383878,-1.5556273795530406
0.5208726273244502,0.4626698949788775,-0.660068354091047,-0.9014779755975315,-0.059896306390217514,-0.8832607845076217,-0.7563136331079835,-0.6037509677106137,-0.9862810131121056,-0.12274633646584342,1.413202269269932,0.1789783037978324,-0.8765276294513081
-0.08536207761707651,-1.7324184483976641,0.8091287489193015,-0.039643361423012925,-1.188221734746399,0.6855986544237626,0.024915299312613094,1.3236556483315731,1.1991798327159064,-0.6289937480481719,-1.3456404655183554,1.3108112206340528,-0.19742787934957556
0.29007848041366924,1.2341164970040401,-0.5708846158195358,0.7030291190563234,0.6728061756722006,-0.6487489752764567,0.21568910698917804,-0.9398211475305388,-0.3615018868371215,0.9034571361702972,0.3521089097359752,-0.5755769740929813,0.4816718707521573
0.8454795022057718,-0.958597972724781,1.6724139338051422,0.7395563183448511,-1.3335963762943446,0.6833994988321263,-0.06343609003777254,1.4227183490200983,1.2196087156181434,-0.7407056033788196,-0.4967657778911902,0.5562559427432394,1.1607716208538899
0.5058422450041034,-0.2910942299754607,-0.08128854540515833,-1.3237117017413955,-0.5936295853849649,-0.42589097573085305,-0.9713905090589747,0.09996103332041012,-0.7602594340376495,-0.8408755641087168,1.2009835973631406,1.6880888595794596,-1.4198074295326941
-1.4355733058237479,0.14536001304237478,-0.4477840451818067,0.6615022059351879,1.1923907136422096,0.6851667866754959,1.1209752035938296,-0.3251890782695878,0.3800041119684313,0.7835922337636567,-0.9212031217047728,-1.688778896413379,-0.7407076794309616
0.34026176424280075,0.9752190348825058,-0.9553436051181129,0.07033529280136072,0.4475657853953467,-0.9814214995937428,-0.14565803052747772,-1.0268659725064504,-0.6399813132633849,0.7586780320669522,0.7765462535495579,-0.5569459795771586,-0.06160792932922918
1.0202472850833026,-0.10778790617762192,1.0248003105012593,0.07902962399148297,-0.8506612730923477,0.058234853990397406,-0.5064352486178115,0.6316078543010263,0.13412202784142874,-0.7086474212477477,-0.0723284340776075,0.5748869372590618,0.6174918207725039
0.3410266166067774,1.3699561890053886,-2.6096855253471354,-0.09440230151230891,0.7324576396690107,-2.258438653719455,-0.23313380933974942,-2.1570179571261776,-1.0401113893672378,1.8773491998717244,1.6254209411767233,-1.311501257467972,1.2965915708742362
-0.924073236953049,-0.7323167601073147,0.2594161682010466,0.44428106784207105,0.1702636629428242,0.8636011183795111,0.7313315051433119,0.5129621335296612,0.8435757299271943,0.10951623911826565,-1.6109138054018446,-0.1796683406317519,-1.2839874795123476
0.5762751189306702,-0.43220961878633657,0.4512521845365187,-0.5847038017645719,-0.7490273422913781,-0.06555702955253069,-0.6186656469255689,0.4707974573615229,-0.12057276752315207,-0.7338782248714332,0.086835569852486,0.9521645762044684,-0.6048877294106152
-1.3838344946338832,0.2699846341606487,-0.010602493400637453,0.9960252273959495,1.24333267973398,0.9853442870796049,1.2699721438060954,-0.1411837169225632,0.5359364938395328,0.6861118104536199,-0.7620391177746794,-0.9342236185225653,0.07421202069111765
1.249109596225189,1.059035397739931,-0.31970945965229225,-0.8950878331961596,-0.1801574635194201,-1.1434827145914463,-1.1442352674486564,-0.7105662791891797,-1.4043841813642102,-0.37162531324915177,0.9357102574796515,0.1976092983136551,0.7533117707928505
0.3985929447163166,-3.0549581097617606,2.3763004361926594,0.11949115189390164,-2.5112085678250917,1.5473514234637267,-0.15102158060299076,2.869315369711156,2.252946821513822,-1.6866247491666013,-1.186476461588262,1.3294422151498755,1.4324115208945827
-0.5420108957905382,0.5638653954822899,-1.0883465313024323,0.25575429560750945,0.818289007291633,-0.45061644500218373,0.426402888466733,-0.895828100472947,-0.21296938085918382,0.9838908203563487,0.5112729136660686,-1.5630196834315768,-1.1481675294920013
-0.38689987748321836,0.29813467534323096,0.0998962465474813,0.6750635555905905,0.5086372069089953,0.3548536649610109,0.5646655439314191,-0.09299865369643703,0.2816035827657817,0.3853472789586707,-0.3376017739610967,-0.4311867665953563,-0.4690677793902688
0.9930726253088895,0.455311198460063,-0.3333973477710813,-1.6286426481597178,-0.42285055118710546,-0.97022216724951,-1.3943486918628456,-0.4159378786867884,-1.5120645912423387,-0.860940874240543,1.360147601293234,0.7006461502408642,0.21003197071146426
-2.3473533987875026,-0.053850110268139136,0.15596363908155836,1.251855252832691,1.7388828276089838,1.8056236105452195,1.9229012292801757,0.11487679084481378,0.9523219162859888,0.7363873809720884,-1.3986951334950533,-1.18574204448617,0.8891317208131971
2.0073793771030033,2.2110447142655456,0.9241216331045063,1.2575275261378052,0.07867297673475114,-0.7281596994067396,-0.4140013520421945,-0.5864051830084014,-0.649142579434683,0.1687330346906631,0.29905424175927736,-0.053909127649949616,1.5682314709149294
0.07098402929733,-0.844389080423383,0.36195364820913994,-0.29495621947603745,-0.6644177770828716,0.22831554042269847,-0.1940275188449443,0.62688284627291,0.3832088549384291,-0.47014145402731583,-0.549820445867888,1.0779237891862705,-1.6642833395693177
0.07710828182187622,0.6668156133297904,-1.1266266041925883,-0.19412680430809587,0.42383647580543826,-0.9246499204120839,-0.14402927381900935,-0.9689618469063547,-0.6144702104706178,0.706034018082614,1.1479289293864428,-0.8084644055407632,-0.9851835894675853
-0.3061581339320665,-0.8798982309616435,0.6709800597855584,0.4954247281781359,-0.40445968822591183,0.7375256762485375,0.4263409082050023,0.8188482494037852,0.9855445399787682,-0.16186591192380945,-0.9742577896814706,0.3233685112954572,-0.30608383936585287
1.0655825563145243,-0.33275724741617985,0.4190976722939106,-1.7526399123731078,-1.0476933212222457,-0.4416656668562694,-1.498843281435421,0.402868091442197,-1.0439419873295748,-1.5052376985567029,0.7234915855728601,1.4552014281316774,0.37301591073588
-1.340657766811256,1.0364204540007143,-0.9696588136417259,1.2741360323859972,1.764912700127969,0.2143505343372198,1.3937554985214082,-1.0655842468287298,0.19568839331148008,1.5890327164857614,-0.12538310205430533,-1.4372604704497745,1.052115660837613
0.2425932473022493,0.4545103654058835,-0.9086683382830486,-0.6223213498691799,0.14496463273736712,-0.8752863039121452,-0.4592516234578069,-0.7397878937854663,-0.776647033754613,0.25230050880948096,1.5723662732000254,-0.30542755361355417,-1.5284633895489712
-0.3827153116964615,-1.3382997983824285,0.5509092827939328,0.15989051843012958,-0.6779899838985796,0.6998449598714432,0.29014504140002756,0.980736802454312,1.0654915679685193,-0.3010074339613732,-1.504804469448449,0.8264053632226664,-0.8493636394472388
-0.4664470930860627,0.8210999137429619,-0.8207779427844669,0.621667366292044,0.9470890649380249,-0.29841520198771104,0.5791879290938933,-0.8738356657174705,-0.12812340532882022,1.0339784620183468,0.19294490580588167,-1.0599828315043673,-0.17026388934550646
-0.10125069139276206,-0.2740258806236325,0.9521753790491334,0.9918307483278676,-0.12148884477471608,0.8073787571947295,0.5785928726216405,0.6739244268521423,0.9185280353715493,-0.033060122243918334,-0.6559297818212837,0.07185008533185262,0.508835860756227
1.6565621874571816,0.21202381345032623,0.4838531630322879,-2.6475954008457614,-1.1013047038460286,-0.8159954750890638,-2.2893798841799766,0.16654248381016118,-2.083669486095634,-2.162818430919988,1.0418195934330472,1.203683002168073,1.1879356108579593
-0.9810215717750917,-0.24442803438695213,0.019702836878609152,0.5233260924102802,0.5662326056458024,0.7195276287216498,0.8037069548467579,0.13351443759673481,0.5554278849268285,0.3416893390344129,-1.0803671256348664,-0.6827051925589609,-1.3926434395286247
0.6167308863869804,0.24649537237402114,-0.01411123689011396,-0.623600599338718,-0.2888328529021027,-0.4536704503451073,-0.6609606735025714,-0.13139805407147023,-0.6301172770500512,-0.414129461743648,0.6173822496194644,0.4491277242772598,-0.7135436894268923
0.5879703809478372,-1.1791196512301763,0.7158646987781746,-0.7885702729715219,-1.2980451254334608,0.13021781361457102,-0.7326944379807993,0.9939967817871828,0.26004903010086183,-1.0695712182640433,-0.231492438007701,1.58096064111348,-0.03444393932515985
-0.09019312161337717,1.0057981724607539,-2.1113923057572177,0.056086254964752044,0.7956961843840294,-1.5643677522753878,0.07810480878745844,-1.6937859271351199,-0.6720642988017201,1.609086533532636,1.4662569372466299,-1.646859158752778,0.6446558107765732
-2.1152960641496747,-0.37502382279249935,0.943648155022325,1.6453571037454522,1.3308578263982502,2.246784673908912,2.006179447681258,0.7196975800622163,1.4673535286993227,0.41828991221200595,-1.2925857975416577,-0.5150262419165579,1.3237555608783054
0.4347741586124372,-0.05430892261635481,0.07936037048621819,-0.5535285433668072,-0.36856292200700347,-0.25091304108834955,-0.5261575397833155,0.07192918697233464,-0.3657051207978131,-0.43595905124852563,0.40516357771267303,0.6168066749196625,-1.2568234895082784
-1.095579626958216,0.3851981872586847,-0.4626648796705604,0.6995540756952487,1.108337272441277,0.4295862139274218,0.9583992391425621,-0.45368700727897765,0.23776719474607952,0.8205743740703972,-0.44371110991449236,-1.2695815198073714,-0.5777237394065459
0.7076073416231337,0.8884064965126096,-0.9343330537427249,-0.6832868076453374,0.10656520069031775,-1.2289460769550093,-0.7413352504388583,-0.9715478886691578,-1.1287593771186868,0.22988208931148552,1.2540382653398385,-0.13774860297115113,0.10137601069518698
0.3545388273424884,-2.015161547468851,1.3630374854624139,0.17989201907533162,-1.7258695166452442,0.7971600136814938,-0.09542804629482714,1.7774629365275991,1.5599314000362583,-0.8916188280045483,-0.8681484537280749,0.9940843138650693,0.7804757607969198
0.5350283929505228,1.817000330456625,-2.4622608255940897,0.6397550337992945,0.9088247184707864,-2.2839714565155838,0.05063102076801838,-2.29780072123932,-0.8209189395557117,2.267573590218557,0.8296009215262558,-0.8923038808619645,1.4595755108986521
0.19522228434279365,-0.028662368400249463,0.18019618037342136,-0.015404437083900616,-0.16858490657950653,-0.001123032722095699,-0.11303886534766994,0.11592148679288462,0.009070198642512567,-0.14455699513552128,-0.019273766100909664,0.23952903597425604,-1.1210035394879319
0.7509399932117036,0.013852368600686431,-0.26350000419319247,-1.665605451691352,-0.5587252636405502,-0.7424510073104317,-1.2837801930320407,-0.15545881491376115,-1.2261015028065796,-0.9381142365353821,1.6784756091534212,1.3713619528104761,-0.4419037893861993
-1.948207353951267,-0.1637993583317548,-0.08833990937526548,0.9548874998205864,1.3570650571692113,1.3305550639071753,1.551481428468976,0.032237583965142556,0.8134101426423563,0.7159372658388218,-1.6772321403727168,-1.521099945770976,0.2371959607155336
0.4334094105241569,1.386874624243255,0.3169181728084271,1.3043751086807147,0.6747245118431009,-0.06663680642401015,0.4564889833994366,-0.5159126472604991,-0.030670475198801516,0.6523980404142806,0.020517234881613715,-0.38926702893475573,0.9162957108172665
0.6552884666092329,-2.628911480771039,2.3892004113761813,0.8259056315450398,-2.397509419755247,1.3730101258981897,0.08439415904553593,2.663223345338558,2.466765846526921,-1.215203642005408,-0.8283574527455516,0.7425658879014652,1.5953954609189986
-0.22613232727317029,0.5092075557266819,-1.0189372740425187,-0.020131891032033004,0.5395223018712307,-0.6238464521267331,0.11086639657209406,-0.8293331143142332,-0.3756833139571751,0.744390500180294,0.8693919225087792,-1.143822306825569,-1.6371193495652483
-0.7168773904415845,-0.7002360470840873,0.37893363389522505,0.4821044961570046,0.0365392487513437,0.8070627755215986,0.6399902088205389,0.5642621242591958,0.8484533380651309,0.04634922827118277,-1.2527947965591342,-0.011989389989348832,-0.958019599463516
0.7847717709740415,-0.289908129492191,0.3660485561988665,-1.0830805200971376,-0.8040260637042095,-0.28098933595187564,-0.9940908868736041,0.3515082651562159,-0.5853832471857652,-1.0098455821991918,0.4449545786951964,1.1198435268468714,-0.27891984936178355
-0.9145223155665247,0.6722193139824997,0.016177397047690403,1.1419570786121154,1.1787806466782234,0.669064255041599,1.094925522180226,-0.32752737270500765,0.3573526806671478,0.7655566953609753,-0.403920108931969,-0.7665446678801624,0.40017990073994975
1.4650423895126912,1.049197165602368,-0.5383982977219482,-1.688052450432866,-0.35081450942620257,-1.4672492009897515,-1.6793475907236788,-0.8289031197282518,-1.976459336414748,-0.7488721572306819,1.2938292663223618,0.3652882489560581,1.079279650841682
-0.19343768764730154,-1.32855628362644,0.43449505470027194,-0.1879589566589143,-0.8142976885590341,0.4741292892592529,0.004601187477297933,0.9102404806804077,0.8045728443544051,-0.45125529634552625,-1.4650134684659255,1.4971211657922785,-1.501299399544902
-0.6322138119149776,0.5982312782488659,-0.9346269563824802,0.4266142409895257,0.911459608297203,-0.26724723130468936,0.5651715431385849,-0.8263945233481197,-0.11256398924588312,0.9858656740347782,0.23273590678840506,-1.3953407327891736,-0.8221996494431696
-0.4977133520787649,0.023344947527428047,0.4302498768537473,0.8268429875390765,0.39383856642223036,0.6893087118715038,0.7044245710793858,0.23081893502360135,0.5872392410247107,0.24291224131177144,-0.6161387808387603,-0.2635078159529534,-0.14309989934143713
1.206444386755539,0.3651642410435966,-0.0008748294292560477,-1.8541795906377194,-0.6496466409776384,-0.8668426724019143,-1.6281959865471258,-0.18336643528713534,-1.6128532135191451,-1.2619156229082418,1.0816105944155705,0.8683251008832673,0.5359998507602959
-2.572212968018425,0.27268939553345384,0.273153155000367,1.6189042701580763,2.1453369250049015,2.0574835674668663,2.237711172899423,0.01740040766972597,0.9888664000082081,0.8991319661766942,-1.0405761246523428,-1.0180630938437667,1.2150996008620285
0.32532841525494505,0.2850579714024239,-0.28583826540243323,-0.3930807147220352,-0.04024369737503076,-0.4541187535789975,-0.3825521272284196,-0.3038688467625532,-0.4891212746248907,-0.0549940941361939,0.6571732506019877,0.11376982299245318,-1.3654794495245555
0.43780940298453946,-0.8499082127771853,0.5174066719017469,-0.5736769340540886,-0.9462335528663621,0.0848984513978607,-0.5384369932199945,0.7172677963076863,0.18359013281716596,-0.7755892602413155,-0.19170143702517764,1.2456027398286738,-0.686379699422823
0.3952839973920814,0.9012770983551887,-1.4514454667828578,-0.4570500290688941,0.35241903137238156,-1.403710293559004,-0.45394907386813643,-1.2694634847842992,-0.9726777299217886,0.7686699939542175,1.5060479382291532,-0.6407854548983601,-0.007279949321090528
-0.6346612673647779,-1.7414353836910998,1.1266796851092469,0.6909853140513411,-0.7787172291290576,1.3249864672854705,0.7062083146718723,1.5071586583704335,1.7391017919875682,-0.36774764693031897,-1.5711228044193213,0.49104746193786025,0.6718198007806425
1.5014824645835616,-1.2243299481789809,1.8683674484666206,-1.6137926002203555,-2.0226121352294935,0.36361677529866304,-1.6596809249261024,1.6662453117806406,-0.3105061852047131,-2.4889627335180333,0.1266265708350094,1.6228803787740804,1.3509195508823748
-1.2023178653427964,0.15899714488192476,-0.493037815168085,0.5457912871181793,1.0255911454796045,0.48278366393144756,0.9344876517280053,-0.3575257739136101,0.2858405874139108,0.7384704282915546,-0.722248116792156,-1.6049394210921775,-1.229659499504209
0.3134003507341938,0.7642426755716506,-0.9276615452555445,-0.21071897770588371,0.3153333296129298,-0.9407772213660013,-0.27976362677637695,-0.9056065669356655,-0.6956533948447852,0.5467040356051219,0.9755012584621748,-0.4731065042559571,-0.5505597494024765
-0.19331082050263493,-1.4829764782089585,0.8909603176301735,0.40238882050861324,-0.9260693735172136,0.8262406769495813,0.3165353561328475,1.2448600371905756,1.3451347723319527,-0.38888423170168257,-1.1466854606057386,0.6587264125802633,0.1285400006992563
-0.276655996852482,1.2677615926922816,-1.6913785424184626,0.7186152363429847,1.1263686135185913,-1.1064196049989112,0.5284462364339635,-1.588236104097696,-0.3739717216352597,1.747728203684127,0.5510639146485921,-1.2276617821467706,0.8076397508009892
0.8446804881940496,1.2704416150146085,1.6600307659055833,2.0412612906183547,0.279034533822648,0.6744184653553078,0.6249521161325348,0.2994411367638747,0.5899692554452657,0.1548775535878749,-0.2978107729785733,-0.09582886531055036,1.4867395009027213
0.5845626552324601,0.048239458781088866,-0.2708263828143709,-1.3141746601881146,-0.4078467206132911,-0.628653206309812,-1.0086484546040297,-0.1768092915604464,-0.9938522078295267,-0.6933635739626972,1.3999386022757576,1.0360040515256699,-1.0938395494838626
-1.4559182038730087,-0.27142041107727877,0.1160806342964568,0.77892334971866,0.9063867591699499,1.1348438424986647,1.1939647741747434,0.2013554268734107,0.7612088104256512,0.44402719172698757,-1.35890413251253,-0.8503841432013638,-0.4147397993821302
0.9582119958470058,0.601128224244177,0.3923552212367449,-0.12413919640598042,-0.29099413316683187,-0.38521300765094785,-0.5804781665586775,-0.07989277916154497,-0.5167964459292314,-0.37644607498741983,0.3388452427418007,0.2814487736348566,0.2643599507196027
0.8228387784243105,-1.8823571611078957,1.4924987268262688,-0.5016623923590572,-1.9845050072926835,0.5608342640904194,-0.7072622217746676,1.7839255654821509,0.9680909662556416,-1.4520300521125444,-0.5100294448853646,1.413281690471077,0.9434597008213358
0.08860105332078713,1.7335361434201022,-3.035692551908428,0.4748997999281722,1.1865769246099427,-2.4059108339834703,0.20337995844114132,-2.579216435565186,-0.8821332090912649,2.581957310170057,1.1877199303689663,-1.4791802081103753,1.622559450923068
-0.6978899808114227,-0.32543566432028614,0.10033414470574298,0.4074336818695467,0.29321166031930385,0.5784671226979141,0.5903238539978524,0.21953063329342437,0.5282264466889375,0.20278426933931268,-0.9344667886989473,-0.3473472912741549,-1.6099553595611793
0.611987611629717,0.03982885718068775,-0.008035537437937135,-0.9447502126750003,-0.43470018570292396,-0.44557708444886895,-0.8281414951865446,-0.024475416790851915,-0.7181236252931105,-0.6373302446827647,0.7632825865553834,0.7844856255620658,-0.9308556094594468
-0.7472537403208539,0.6683963365119587,-0.59968842840294,0.7235444833955329,1.0493308542073718,0.07377984686070113,0.7839146164027627,-0.672745154268301,0.05452380272569594,0.9388569704446315,-0.08559210107178196,-1.1019025691649684,-0.2517558593577142
0.8769281124181251,0.8781953155135077,-1.02374314541294,-1.130336589561947,-0.02905877731904543,-1.4194976802588088,-1.068583773938043,-1.0168300871181666,-1.4479714357634685,-0.008005569069896343,1.612157274182549,0.02993034767125208,0.42734389074401863
-0.16368682026974157,-2.572629487128124,1.7378886440090888,0.34681803349477386,-1.7365352459530796,1.4584506360350378,0.2712481896944835,2.267926065550129,2.0770210150573085,-1.0568466825206544,-1.6241774723960192,1.161763264507472,1.1064436408457512
-0.3474735661432844,0.3402326319336478,-0.4392934918372722,0.2751559123866506,0.5092216494142835,-0.08948405259707376,0.33212727340822057,-0.41799510412364027,-0.040266162696154614,0.5142004015305863,0.07357190285831154,-0.7246249302195616,-1.4741354095408328
-0.15397815827468647,-0.7116923098092451,0.5296529851661143,0.2776683298949086,-0.3980716622433319,0.5192218724357652,0.22948546443572151,0.6549522433544743,0.7072885959897205,-0.20499410386271355,-0.7753027847688538,0.4072079866166587,-0.7950356594391003
0.8617152580413143,-0.2890484420908637,0.1686401469203838,-1.6544278249584023,-0.8616794195770705,-0.4885486508423058,-1.3373949072875209,0.23980863129833957,-1.0032098092545145,-1.2520193892255287,0.9224465904854771,1.539040903452879,-0.11593590933736782
-2.1137262736301907,0.11956269248062248,-0.09097177083906022,1.1533398988531784,1.6873503965282208,1.4473587892835875,1.7453019215354095,-0.11115286892489315,0.757448604353094,0.8530275871037147,-1.1997401285824365,-1.353420995128573,0.5631638407643657
1.349045941800996,1.8426858212630797,-0.14458050045155627,0.6841578578109176,0.3108837200698706,-1.0801049349143508,-0.36329260808972796,-1.0043051417789497,-0.8067031972523107,0.5734328597073499,0.4980092466718942,-0.22158807829235266,1.242263590866098
0.1833280108265965,-0.6872153899444965,0.3881926162378692,-0.28132141218779627,-0.6358373955406019,0.1679037290315537,-0.2471865068579392,0.5629602303205872,0.2817434519340807,-0.4803791435617226,-0.35086544095527117,0.9102448385438678,-1.3383154595204863
0.07544038040255556,0.7476297804317087,-1.368541415260657,-0.21861598315851688,0.4835439401126858,-1.1101106715403748,-0.15607574888304937,-1.145788484766226,-0.6896430078183661,0.8693454947341628,1.3468839342990597,-0.9761433561831658,-0.6592157094187538
-0.7769345419144735,-1.0847706648939164,0.6889539429689012,0.6705612951043607,-0.19606769623443812,1.0893883637813635,0.7718608771888629,0.9315788177780627,1.2586712994350664,-0.055982907846532176,-1.4119588004892278,0.15568956065305414,0.01988404068297901
1.1805264298282172,-0.5761139823789347,0.8510817706823188,-1.352236449333113,-1.31074282038606,-0.19087657435463778,-1.348989700675437,0.7682280544968383,-0.5790358176441083,-1.553991198765358,0.2857905747651029,1.2875224774892742,0.6989837907847118
-1.323844127431394,0.9139375858014657,0.7067279957715503,1.950469443310217,1.6635997204427044,1.4957567376332046,1.7421673943533014,-0.05935094189708039,0.7763992485800263,0.8023208821151773,-0.5630841128620625,-0.5988657172377594,1.378083540886444
0.5218246158618409,0.22400338936030242,-0.3379891638790725,-0.9413717678025851,-0.23321925746928562,-0.6354322838741906,-0.7779092671625953,-0.3026876803590795,-0.8462197375215185,-0.3895411609778788,1.1346652623922684,0.5329671995984612,-1.20249550950014
0.12969451965376586,-1.5236640227809848,0.6678791748247601,-0.3652099959675415,-1.2001304985673926,0.4222123306303684,-0.26270358890827067,1.1394967358071972,0.8134519686561646,-0.7455908250260208,-0.9875214566756451,1.6648001164346815,-0.5233957593984072
-0.5083421821883999,0.894722395426819,-1.6034066545377372,0.4146460858950128,1.032062620359793,-0.8722024036024417,0.49228715941713086,-1.3518337175612405,-0.33148905753337793,1.4752945793803949,0.7102279185786856,-1.674805650526512,0.15570399070332563
-0.14811714073071275,1.1762930288697369,0.21234941768152624,1.3643056413431551,0.9628670714070191,0.27018677531795326,0.8006305315586595,-0.469394012987897,0.16237622417193726,0.7710066745140421,-0.1386467690484798,-0.5429727336902919,0.8348037408050585
1.8581248943376125,1.0918723851512093,-0.48904911511943316,-2.4967923077734913,-0.6176629642411411,-1.711385917390635,-2.317983932246918,-0.8224591324675873,-2.597281416036329,-1.3362836420389264,1.559102606205851,0.5888601831459286,1.5139034909067908
-1.4293929333969468,-0.22471367874700504,-0.13438709223199982,0.6057400206855587,0.9200751620844438,0.9225424673422024,1.0881836950212127,0.03678886251240985,0.6016336182479696,0.5124518105394776,-1.5180681364426234,-1.2975280115811052,-1.0666755594797932
0.28548106338088175,0.555235020002086,-0.012965750826496926,0.294950079201769,0.18532583376763162,-0.21496554611143345,0.0024871897561046996,-0.2853684448025584,-0.178229134895752,0.21048699720428235,0.17968123881170722,-0.16569509474488503,-0.38757580937806085
0.37901365770598566,-1.4349228179920108,0.9950175787734354,0.01852317222648097,-1.324781572666102,0.4956290686607225,-0.19386335109555342,1.2794466830142857,1.0307573761573718,-0.7276894469756795,-0.6691934488154582,0.9661378220913353,0.29152394072367244
0.3823040521825312,1.4169174101424584,-2.11649312550945,0.20888219262195212,0.7351571656274982,-1.907533181920316,-0.09502547465591632,-1.9025484860998503,-0.8519340758370965,1.7169249288340762,1.0285559264388726,-0.9202503726356982,0.9706236908254051
-0.5018797815754394,-1.558003670758246,2.0932079805847823,1.6284457933614354,-0.7466260857592774,1.975416162467459,1.1303151774644666,1.9600794776432995,2.2936305575746307,-0.4485088210483759,-1.0936307926290407,0.21158254420052194,1.6497234409271373
0.4427207739842951,-0.36795376982352035,0.08495195451182302,-0.9870838409348596,-0.6014072382317068,-0.2523039284364975,-0.7595640157037997,0.23215343397646585,-0.4599558915171055,-0.7353400500557241,0.60411858262529,1.3434154610367424,-1.5827913695571099
-0.9973359373203133,0.4098801760273724,-0.7031121483440185,0.5482443652797231,1.0517797958742592,0.17352619597247246,0.8256425039343634,-0.6015756114743206,0.10977841937431634,0.8964380811313591,-0.24475610500187547,-1.5490464375447095,-0.9036916194553775
0.45894946634120687,0.8135718481072155,-1.1985685581704815,-0.5678442470297677,0.24077257467487556,-1.2543025358515763,-0.5467134367662255,-1.0830070315148626,-0.9914082855598914,0.5050840906312373,1.4529932702524553,-0.4172135207084896,-0.2245918693536449
-0.26344694260534707,-1.7905655467512118,1.0730686074722702,0.4594529951094559,-1.0953962776241326,1.0171072721212617,0.3843799034166097,1.5015450766722478,1.6048579275622372,-0.485517802671997,-1.305849464535832,0.7146193961277311,0.4545078807480884
-0.35373746553332275,1.4406915979829145,-1.6111684605157341,1.0332990738799686,1.3098099570112651,-0.989189882947056,0.7361762173117071,-1.6296286644859403,-0.2667707524018566,1.9023288136113414,0.39189991071849856,-1.1717687985993028,1.1336076308498206
-0.258047384522521,-0.18460527980130892,0.14960288340448458,0.2563365019037019,0.061933405021184024,0.30069689360240004,0.2741303101256898,0.17677341736077434,0.3180541094462429,0.06324126228619849,-0.45697477690866684,-0.039935881763082735,-1.4469714195367633
0.6737936168151964,0.0259639462144254,-0.16205368903744383,-1.3947570046015476,-0.4915375168017272,-0.6087890920831724,-1.0991826022063012,-0.10434412182825324,-1.0369048269358592,-0.8291624160564245,1.240774598345664,1.0918970350731374,-0.7678716694350309
-1.3009537850717017,0.08054421507265992,0.11368768236957445,0.9329032558329652,1.0435589208410871,1.02174065047126,1.19207804773844,0.023743637073230184,0.6241389026284203,0.5506571075542827,-0.8814121207222494,-0.7944911596538964,-0.08877191933329892
1.2122653116869604,0.854882902605126,-0.03769338255878245,-0.92300452635224,-0.2998941714736186,-0.8994305114526304,-1.1391921058123216,-0.44936906615339217,-1.280044150105697,-0.600457239028357,0.8163372545320813,0.33734175718232406,0.5903278307684345
1.3788584277346596,-1.3256926432103173,1.7150171010561723,-1.223640912179011,-2.0030445400898245,0.3333317254730443,-1.387594639135423,1.6305716854350034,0.04625279742145828,-2.1092026457263153,-0.03253743309508412,1.4691746740185443,1.2694275808701672
-0.12404580994941511,0.5718435678049277,-1.3569863132833513,-0.25458237324644467,0.5075024463659976,-0.9579736476988255,-0.06789557643658825,-1.0512421645532586,-0.5912902786706751,0.8362577963420573,1.6652119421592466,-1.4232872245629076,-1.3111514695164168
-1.118601832333412,-0.7411137706883685,0.33703705208811535,0.6062475227889714,0.31123282733224245,1.0631543039926408,0.9214565396660392,0.5611186084783252,0.9680854006672815,0.16205338974208616,-1.6507048063843681,-0.2914543077266873,-0.6320517194146845
0.8055505997925483,-0.3600822733110937,0.6831168724516989,-0.47420368614271374,-0.8705128771812679,-0.05126185350068247,-0.6834607857512983,0.5653666238453652,-0.09101364294407177,-0.8311448884675463,0.04704456886996263,0.8403786091095331,0.04704803068704833
-1.9044386050012463,0.42575233320197775,0.013716423270723428,1.304642286540968,1.750275337674912,1.3778765541679971,1.7128109499052244,-0.20548445141459892,0.6508738268123011,0.878164921227853,-0.8018301187572028,-1.0460095856175007,0.7261477807887812
1.7706427303857453,1.6308756923124166,-0.38476220703668035,-0.7478915721728,-0.16160275591516252,-1.568111652233379,-1.3466731891388621,-1.0336094012159622,-1.702279795452444,-0.22299510810909937,0.8959192564971281,0.0858233312187195,1.4052475308905135
-0.13835663308761764,-1.3053891058148317,0.5032545844557093,-0.10779031137366134,-0.8392603637606617,0.48763773476142785,0.01737444986788818,0.9373946743194955,0.8466912559634416,-0.4478237972991333,-1.2262674625707854,1.2176562480549398,-1.1753315194960705
0.020043541821172958,0.7696837756924325,-0.7097812661132471,0.2778164304772462,0.541449416650219,-0.5620479772374508,0.1360577813136002,-0.7855233973277618,-0.34276557112204237,0.7172574744340967,0.47148191268354533,-0.6687319466720941,-0.4962317693943381
0.4629630297110109,-0.43148328646467193,0.8776917654705534,0.3606856664670911,-0.6626823169930246,0.3448305298580659,-0.05813639616748,0.710796067801459,0.569267684556117,-0.4074092327681556,-0.37739277494362006,0.46310097016412655,0.18286798070739493
1.3355212287155613,-0.03709240033948535,0.31559001065218917,-2.3844091533331153,-1.0383153925835913,-0.7153334650328194,-1.9777815124393368,0.19645785845720207,-1.7148810148245286,-1.8584176531841952,1.3203566003107108,1.5949338870003467,0.8619677308091278
-2.932008136876074,-0.055333388456349934,-0.1031371207753572,1.800133381944102,2.180613030527178,2.025458255056868,2.526818256553578,-0.030422339693342692,1.3537446559224775,1.3024998066930598,-1.4384861344775768,-1.6328859128659112,1.5410674809108604
-0.06754371641194871,0.4794306776488242,-0.40387626278870087,0.22039596453505333,0.39787681924853097,-0.26313244257182256,0.15277341629057237,-0.46774224208409954,-0.17893261428607632,0.45056195907854757,0.259263240776754,-0.501052996029691,-1.039511569475724
0.17225535656870572,-0.8117411282297959,0.695507117363902,0.15715146342527467,-0.717507382052666,0.41297309512537156,-0.009501367209845816,0.7985400008227334,0.690208712523393,-0.4104546866479411,-0.5896114468504114,0.6307799208065292,-0.3604118193739915
-0.02649400678426004,1.0409859458776054,-1.8377971490893328,0.12960425228167008,0.7728996157566005,-1.3989982284496791,0.08273247726477323,-1.5571961673916503,-0.6433239356036933,1.4555897752383833,1.1081379284039194,-1.2556082739205043,0.3186879307277413
-0.9333222340818578,-0.5264858064282715,1.0968718555487573,1.3556324057876965,0.3261241208584958,1.516411014335689,1.2179558515344207,0.8819137885284543,1.3631596719843635,0.10700780101017127,-1.014048790663994,-0.12377535708428429,0.9977876808294744
2.3003628004287364,0.3780278760703385,1.3821678990013795,-2.8341011469711823,-1.468850240965253,-0.5850850184579952,-2.7338785100599035,0.5897425041609766,-2.3375442276714105,-2.9581703948407467,0.6837005845903367,1.0080575597519361,1.6768874309312065
-0.5633367321882926,0.22744322864400762,-0.4065613741780407,0.3369418796745735,0.5911425176742703,0.09075073455683584,0.48076988690230427,-0.34306101911862874,0.08480957525629168,0.5319193169067796,-0.16517410303682872,-0.8783306349750977,-1.6860145315725732
0.5010065226436972,0.4065062250595073,-0.6603889594529813,-0.9724258244089548,-0.0854673859628094,-0.8692452743264536,-0.7831354706899183,-0.5758050513050792,-0.9982745442563491,-0.1708183215850232,1.5325752722175021,0.2535022818611229,-1.0069147814708408
-0.17825320495374544,-1.7129699887185184,0.7641662331413921,-0.04439893925812884,-1.1038033251840176,0.7175974361290142,0.07231453689999161,1.2885728194647588,1.1819199415020027,-0.5987794293188581,-1.5445954704309723,1.3853351986973432,-0.3278150313691083
-0.8630063113091062,0.9027165219254174,-1.163022462226093,0.7822822073921485,1.3064576715489546,-0.2777764884094879,0.8771544361662789,-1.107614930325088,-0.06869584685736695,1.3979790645433612,0.1531539048233583,-1.507126699884109,0.35128471873262435
-0.9315802468951756,0.3475124417245823,0.8663093439259829,1.548748171713363,0.956874171001972,1.3372614130148135,1.3190826801836146,0.31426126254172915,0.8845932393313319,0.4100467947030712,-0.6957207828038071,-0.37529378304788885,1.030384468834357
0.46218634971827305,0.038424502418853604,-0.21332590666865647,-0.9319218410935528,-0.32226007009254864,-0.49642644876341907,-0.7408698802552043,-0.13948388492213623,-0.7077603534674639,-0.475857057458158,1.0020285924505237,0.756539133788332,-1.5501945815522267
-1.3404853320947225,-0.06815462307252072,-0.12948002178168405,0.6714467635539572,0.9659611732143438,0.8624974170322023,1.0751379556416623,-0.038849654233170335,0.5386286240786053,0.5535425962682848,-1.1201581266173897,-1.1298490609387022,-0.8710948314504942
0.6461047852348378,0.7061431498257986,-0.19354769621326764,-0.16738564286692142,0.021334130345079742,-0.6132102277269632,-0.43563162273502176,-0.4627277392398246,-0.6228225939311872,0.030023399704331676,0.577591248636941,0.001983855897517969,-0.1919950813487619
0.7845534659273723,-1.1394123374321448,1.011562249003048,-0.45492039937258466,-1.418216194995252,0.217237100226539,-0.6619871989496492,1.1407811648716883,0.47554253789026735,-1.0623807672054155,-0.2712834389902244,1.1338167727337383,0.487104668752971
0.7354928061640735,1.4368988847688038,-2.2232317426511155,-0.296748213754039,0.4821112847566348,-2.2434634014441324,-0.5520308039833939,-1.9727183015729235,-1.2353275626441789,1.4520405517978319,1.4264659362641066,-0.7525714219932956,1.1662044188547036
-0.5101053632738528,-0.9150398590042575,0.3796448530627029,0.24768268033554258,-0.27540932777773475,0.6591594083991402,0.4049933978964638,0.6722362140190545,0.8295471711014378,-0.11380477196165048,-1.332376798524181,0.379261494842925,-1.4143746315318804
0.593872772468971,-0.5781152753225683,0.31894114479396685,-1.0837514869924154,-0.8678733105558816,-0.18028070122857512,-0.8918709720780021,0.4692896249750181,-0.3815602832407127,-0.975254106846404,0.36537257673014967,1.5110944116791454,-0.7352748814301477
-1.3321667143406726,0.4937242462429918,-0.5068452076153815,0.8590118481087875,1.3660077074133523,0.5653551451579624,1.169797437540114,-0.5329387954215072,0.2772734438723707,0.9620245338929998,-0.4835021108970157,-1.3813674869023067,-0.05617513132841526
0.8618700976857756,1.1594116870669395,-1.170642294106957,-0.5720086153253816,0.18571948962410723,-1.5220321791687612,-0.7654130685633418,-1.2404621394415258,-1.239618567027507,0.4814710444005382,1.2142472643573152,-0.24953457006608656,0.6229246187733176
0.47037799981218664,-2.5299288292324063,1.9291459886739954,0.48866752600163565,-2.1858792919653105,1.1507949167046112,0.00551854546093479,2.3543437444242628,2.150333387640394,-1.102554369950117,-0.9079394547105983,0.8822983467701341,1.3020243688750497
-0.16044452174233487,0.5848797680982363,-0.9973842957420125,0.029248036258120506,0.5444976101604178,-0.6543770732455644,0.10166838009563682,-0.8550812485965098,-0.39326920914359764,0.7619791555240037,0.7898099205437323,-1.0040898479569,-1.2785546815115336
0.25816079046416873,0.1274320267357724,0.28908453594045047,0.19998814110244012,-0.10336659046551216,0.03770701300075242,-0.03302093786567399,0.09912464568765558,0.05570026527627636,-0.07890368734896368,-0.05906476708343304,0.12774306887932008,-0.5994549314098016
0.9387837059631557,0.13080863972790593,-0.2500645866061046,-1.8686550290894506,-0.6164114481251699,-0.8669469559224461,-1.492025959154428,-0.20645735965376183,-1.4572866396956654,-1.0863728617501012,1.638684608170898,1.2595759857155404,0.07964481869193113
-1.8832275168392556,-0.5472698734770336,0.5618805311299013,1.185029840102087,1.0305277708800915,1.7856041076686167,1.6381978384076503,0.5907749311584976,1.2533139427991074,0.38887797001841035,-1.5976501384076702,-0.6268122090114933,0.7587445687936638
1.9753186876643498,0.671251921810893,1.660461118893232,0.2275092921307185,-1.0106123784609762,-0.13699203594548956,-0.9411451971647532,0.5997564041738669,-0.30972221942425493,-1.0804807770794822,0.10009923684666046,0.5050207078247271,1.4378443188953964
0.128978760354738,-1.2341644224067754,0.4759027256734358,-0.4552343804739218,-0.9902243249089395,0.27459975832713196,-0.3098974211924179,0.886308675996968,0.5424839584740218,-0.6640588464329004,-0.7487754507805049,1.636853624660947,-1.142734731491187
-0.349382380219032,0.7629109171519395,-1.480401357575176,0.16285916233980324,0.8163453014318891,-0.8914184777594593,0.2738034188997215,-1.2164910139388903,-0.42190990826397423,1.2123282130806743,0.9489739244738259,-1.5909661752053108,-0.4636349813894549
-1.3118350990973697,-0.3448988927680614,0.4674556146830423,0.9909745583287949,0.7441226921862074,1.302515487894609,1.22861586517154,0.43620551568428123,0.968145403254717,0.3269929327828209,-1.1732127945940876,-0.4591332583690903,0.21546476871227796
1.4911911472580397,0.4827898938621928,0.6294157659446438,-1.1343082675100755,-0.7802406819402048,-0.5849530596494456,-1.4007408152010596,0.1129897621284248,-1.1705648333303438,-1.2406757715138572,0.5245365806602431,0.6726996584671301,0.8945645188140108
-1.870298922666208,1.2093181944339628,-0.5290924102329976,1.8919901372959578,2.2910881161466183,0.9345419306948836,2.004883753363481,-0.903846073733915,0.5242974158099836,1.6819625657278112,-0.3243381069669222,-1.2136885362599037,1.573664268915743
0.27928329541103614,0.37743618751973573,-0.725848542236671,-0.6473097123316748,0.06143700296590575,-0.7605666503139573,-0.4921725491106791,-0.598143094879244,-0.7402557258071313,0.09926553666923237,1.3734112682874087,-0.08185561942368352,-1.658850541568504
-0.24682242437484936,-1.358054310925456,0.5402041950323657,0.022597014483173878,-0.7951981879602192,0.5940206559078185,0.1445661552778644,0.984595898077016,0.9792393804692121,-0.38653001336640935,-1.385431466500879,1.0499772974125368,-0.9797507914667714
-0.18914184442154405,0.8179808725788594,-0.7349130715163438,0.4877734701812884,0.7348093255215103,-0.43125453379563883,0.3594215661074225,-0.823875986229186,-0.22368613618685246,0.8789218204076296,0.31231790875345183,-0.8364108973144971,-0.30065104136503895
0.2502891247772319,-0.4241737138997313,0.9704927627152937,0.700047075593555,-0.49632218057119665,0.5691239260572554,0.2354928364018629,0.759442665925569,0.8118990313277723,-0.24537268343160298,-0.5365567788737136,0.2954220195217235,0.3784487087366937
1.5039683422966905,0.03797023485671822,0.4438473809635926,-2.5515487373843215,-1.111608260146624,-0.7373085324587755,-2.1566263826748484,0.2311588509006289,-1.8901446430515574,-2.0676526987323722,1.1611925963806173,1.4272549363579439,1.0575484588384263
-1.199767750373496,0.005127821458549463,-0.35986161895197427,0.5121009309546861,0.912382539278686,0.5837097729984262,0.9153118598451043,-0.20540373675015447,0.37031825165094556,0.6164453124660936,-0.9609941226872961,-1.4652069622235082,-1.5230305915481575
0.2711887957952886,0.6184773733615464,-0.6160911976278584,-0.14274657971349627,0.24188686562121436,-0.6700679037709827,-0.22115854523117368,-0.6569912712109659,-0.542683171630208,0.36117721338009195,0.7367552525670344,-0.3333740453872881,-0.8439308414464249
0.6197835995174263,-0.495723329843293,0.6644026350850044,-0.2850048632880727,-0.8279122482958107,0.06767005129720717,-0.4836510928834652,0.6227470594868708,0.14330303579009554,-0.6883901659803457,-0.11211943506013088,0.7984588714489326,-0.16483109134469257
0.26790324574228197,1.0543589206867867,-1.9594850989226,-0.24614333535552171,0.5596017294096046,-1.7042537492704999,-0.2740389467286622,-1.6324826430558042,-0.9271877648368061,1.290268949684442,1.5856299401942,-1.0879293232781013,0.5142686587570403
-1.1724838480910809,-1.3439497931265418,1.3135560648787628,1.251886711462294,-0.08392505213496795,1.855307905614174,1.291632794501268,1.4134316029496157,1.866909449732076,-0.12485084269589324,-1.4915408024542745,0.043903593558118924,1.193368408858773
0.4075985224870134,-0.48205846742980063,0.24326252263089732,-0.7329587428061526,-0.6573262369888562,-0.10493757108178214,-0.6063853663750428,0.37852841623563177,-0.19349519133892146,-0.6800831982063434,0.20620857280005614,1.175736510394339,-1.387210641527811
-0.8704843870655157,0.12158303826254521,-0.01458581576920618,0.6961715496844673,0.747211136374108,0.6137107085243736,0.8356625837324633,-0.06910976569792468,0.42217657415590926,0.4848960756861937,-0.6426661148271092,-0.7106516843326949,-0.7081108914260786
0.883882692999229,0.5590952357348781,-0.2909205223416845,-1.092226859429091,-0.26509693700365816,-0.8590546236883491,-1.0521794130512092,-0.4439706335185549,-1.1939291858616616,-0.5272824298523069,1.0550832604272216,0.4211812325035256,-0.029011141324345943
0.3136437973724121,-2.1597455931519165,1.3415701150354398,-0.22862917966297902,-1.799458807358928,0.8099566966020665,-0.28936008542977015,1.8377701973391414,1.364112482596406,-1.1538212415204996,-1.0671034586406918,1.5530141493397458,0.6500886087773865
-0.2751640056802683,1.4960127042296425,-2.2375709062022113,0.9131132721738793,1.2903082156279673,-1.5289254803160466,0.630437931752454,-2.0104046134432862,-0.39375217389116757,2.2865400029752987,0.6306459166136388,-1.339447749241706,1.3291883588791191
-0.19059151506558836,0.07737183271826362,0.022143343863761794,0.28904127978255023,0.20030401966843153,0.15392083031673526,0.25516935491465953,-0.026266540784586644,0.15621805026132268,0.18034202199635055,-0.21822877101352656,-0.2076148324054858,-1.2513906915074644
0.711405161105698,0.18252752481249826,-0.32398614525313435,-1.4575634652893026,-0.40679788205320894,-0.7607372393505715,-1.152585760948384,-0.2740238800209958,-1.193757714127164,-0.7514499497845769,1.4795206042408042,0.9242180844307345,-0.5722909414057322
-1.7307110051252552,-0.1270348423101844,0.12273788374890428,0.9566848760645159,1.218926593132765,1.337268187666379,1.4355654454509919,0.1327998490207163,0.788659914637005,0.5601172912743638,-1.2793221305474831,-0.9621701102962992,0.10680880869600046
1.3053158880704463,1.0903656692022436,0.43660683744846035,0.04106285425934153,-0.20006887341174473,-0.6002725579664175,-0.6796749835493975,-0.29995927669124334,-0.7429856377805446,-0.2968786613966743,0.4184272447068475,0.169662806539921,0.7859085587977335
1.238110065220716,-2.1444941703082288,2.2346146426500972,-0.4993175828493863,-2.488596752110971,0.8352966106355972,-0.9291580119557311,2.3334962134682864,1.155634771644857,-2.0025746173633823,-0.4304474429203179,1.3014957233761413,1.4650083088994656
0.1818544834530531,0.605146318583251,-1.0255386200838779,-0.36175175462047204,0.2999055179499256,-0.9218544034546275,-0.28890266380154583,-0.8810998505633842,-0.6931576376152621,0.5166827507822722,1.267301932334013,-0.5848924713508926,-1.1155707414871179
-0.0864594898938155,-0.9628771691412074,0.6730193363428815,0.29412802668738375,-0.6308637397915916,0.5813663459670442,0.20190514319674174,0.8615533307723205,0.8973754808202756,-0.3004521153147343,-0.8548847867339004,0.546940445485328,-0.4364709913853856
0.9873599944429963,-0.4084107035793025,0.34793427072408123,-1.7852009718908066,-1.0431615537050543,-0.4404144448067944,-1.4740211729744541,0.40064395410956394,-1.0140876826600285,-1.4744632611166022,0.8428645885204302,1.6787733623215484,0.24262875871634706
-1.2386601553298733,0.9581456093626849,-1.209400789677883,1.0914144689233352,1.6310544388938553,-0.04386042032717469,1.242380340213355,-1.1615147887621984,0.11774874909077898,1.6429824061752656,-0.006010099106735204,-1.6608324046396452,0.9217285088180797
1.2260822971068244,1.6780444558755525,-2.318349602893337,-0.814328015959893,0.28494583623954434,-2.6690741645544187,-1.0891801103814316,-2.147096512169709,-1.7842323411318761,1.1703735203331358,1.6917392761475956,-0.5289994878034247,1.6008282589198124
-0.5506295725130124,-1.0852229451703155,0.35884075102096386,0.15712841364931768,-0.36779251493662446,0.6722016292800543,0.3789095367741568,0.7457372609962036,0.8840658746095473,-0.15998744110709456,-1.6938117241154351,0.6028334290327955,-1.6316865515644348
-0.714085951309665,0.4989699373563958,-0.7218053697948066,0.4887510175211454,0.9016824184545393,-0.0442567859256723,0.6420030292409715,-0.6567279615662553,0.0031777428155219983,0.86983520843771,0.00393765113889564,-1.283554765694238,-0.952586801462702
-0.606528796765041,-0.32011283164092574,0.4922000280979661,0.7440620100620713,0.22786641606076313,0.8152327486652233,0.7191434279597363,0.4377398886876948,0.7702704251132507,0.140452695732162,-0.8449370364882698,-0.151721848858018,-0.2734870513609696
1.1431061388070796,0.15068736522412787,0.21383107628106943,-1.684179084646432,-0.7567840021405413,-0.6557047331423752,-1.5043165692298204,0.045061873218827236,-1.3366682945621762,-1.305900390599493,0.8528123387660611,0.9801110679782021,0.40561269874076256
-2.4044266396182783,-0.0461206812669382,0.41744525846685004,1.4784122362882064,1.7876985437500545,2.0483550962139305,2.07330474802582,0.2583898344032294,1.1122820167322467,0.6961120447349706,-1.2693743803018522,-0.9062771267488314,1.0847124488424957
0.27349564941310356,0.13085644453853504,-0.12014239906626621,-0.3230404843933872,-0.11250431483131441,-0.28905667272262314,-0.3176844808447338,-0.13325075482496695,-0.328660526331022,-0.13058088216497696,0.4283749949524783,0.22555579008738882,-1.495866601544088
0.30987419070686106,-1.0467839097460205,0.5269215564838328,-0.488779404250693,-0.9917177375045088,0.18409119170351915,-0.4248255394579897,0.8212257104833229,0.385152329327508,-0.7248591490327194,-0.42049969267468706,1.357388706923609,-0.8167668514423556
-0.18092907675264241,0.8395813729214047,-1.6999629702787633,0.028200534601835303,0.7442105103378769,-1.1817704494985266,0.11212160271748703,-1.3786431277287143,-0.5745946439833065,1.283991017487466,1.2772496825796438,-1.5350731916578428,-0.13766710134062324
-1.5261743011560422,-0.6513447857221365,0.6164584311677734,1.0579607953897183,0.6848383365049449,1.571369055045115,1.3791879906812985,0.6736581800057723,1.2343035753879037,0.26174637510992776,-1.4815930522086436,-0.40324027482162256,0.5414326487611096
1.715378503689781,0.19944267951890957,1.2684532834920015,-0.6581971335811114,-1.1549493006621305,-0.2528357688663975,-1.269574371249667,0.6150823644826952,-0.6220247118587442,-1.3919273374763106,0.216156323045687,0.728592642014598,1.2205323988628423
-0.9912859174788562,0.12453583564849165,-0.3351358892281311,0.5260882528540888,0.8408386412940793,0.4531081236729611,0.8106820477152635,-0.25126633215806365,0.2958827321703262,0.6075735242265085,-0.6327183645814783,-1.157795552712436,-1.3600466515237417
0.5122811166737458,0.5919415519008792,-0.6222698865321036,-0.5820483313936242,0.04009904257995489,-0.8479277125056177,-0.5828767313739064,-0.6471848116646174,-0.844664655802999,0.0666404752745289,1.0650310106728524,-0.025962635876215723,-0.6809469014220093
0.05674765725920777,-1.6726727148269112,0.8740366735186139,0.026975092149427508,-1.25264440490451,0.6336529457931513,-0.01623535401091498,1.3303204383503457,1.2054725323365034,-0.6319233505757434,-1.057155708395061,1.1058702809600043,-0.001847151320276621
0.27804237037089374,1.3532514858675988,-1.33354262313325,0.5186861258134124,0.7680796111410508,-1.2285643260542174,0.12473001575470129,-1.4293552762488422,-0.5805713582292981,1.3453571877460273,0.6405936668592697,-0.7805179137670294,0.6772525987814563
1.4551105300165414,0.36985396944663745,1.8170771682160238,1.0954452520959235,-0.8345885898603742,0.3573346489854354,-0.2029157554846073,0.8389722655615618,0.5377379874826865,-0.6060009586343814,-0.2082810207678957,0.3513150030691909,1.3563523488831881
0.5530819374516744,-0.13299884003470355,-0.2016024781777201,-1.407894734415698,-0.5150742744346691,-0.5526393650421704,-1.0412647447847976,-0.047027602061125245,-0.9338081332764524,-0.8086836195552071,1.489468354486435,1.4831479199054112,-1.224226701503395
-1.6252738772315667,-0.19257088377791393,-0.12724367615142965,0.7173304400490903,1.091675940938481,1.0686871040603103,1.252411341558098,0.02471821242363269,0.6603343670337927,0.5831223058266529,-1.5877023881620393,-1.4093139786760402,-0.5451269514016629
0.3229021442077438,0.8310944446059081,0.07333215853610496,0.6382749180724079,0.356483637816594,-0.1752457306499716,0.16382919670688897,-0.3748764014015333,-0.12308123230095071,0.38006072325271756,0.11004698709229131,-0.2774810618398203,0.13397279870006978
0.44628052278038355,-1.7455912730146999,1.3680526621305102,0.28643825915243065,-1.6004010588356428,0.7351636366367031,-0.08841269218703315,1.6452896181459205,1.446634004964519,-0.822799635581027,-0.7388277005348741,0.8543518549964,0.8130725488018025
0.43148768174005403,1.7550018743138716,-2.7838443880808095,0.5273844978496202,0.9424070200830047,-2.4577638859182733,0.04687738026630315,-2.448012387761157,-0.8590243792013631,2.4303183144378315,0.9589216747194568,-1.0320363397306338,1.492172298903535
-0.5887805767196018,-0.7129415436257892,0.38423068198877947,0.4096799297997497,-0.06966660503232473,0.7191827018429063,0.532883958713362,0.5736106823981113,0.8045735243117748,-0.006907885093134801,-1.1632650443484567,0.09979657710558636,-1.0884067514830487
0.7425697344014975,-0.3206735377175632,0.29390443590799614,-1.1866536347084935,-0.7943126219353652,-0.3063557868636532,-1.0261537510131105,0.32625152433503485,-0.6392059321822927,-1.0266957193184185,0.534484330905874,1.2316294939418069,-0.40930700138131626
-0.6219509538254497,0.6802395193217732,0.05026118199133525,1.0544979512801003,0.962994559174179,0.4853110143181196,0.8914973708584641,-0.31233257118238683,0.2878014648817966,0.6806444956502691,-0.3143903567212914,-0.654758700785227,0.26979274872041636
1.3736872644611209,0.8856302407808831,-0.5073983866011054,-1.8205895560156895,-0.3999148688780491,-1.3777416039583843,-1.7003069863447464,-0.7295161359186585,-1.9572881843557632,-0.8621848734551537,1.3833590185330396,0.4770742160509933,0.9488924988221494
0.40635911743639064,-3.290132563072364,2.733136847534327,-0.03890431385607177,-2.6871669841722934,1.8171058808299836,-0.23890748067750966,3.188220728105047,2.303998617375611,-2.0599706171599035,-1.375483716255248,1.6089071328872138,1.6279922489238816
-0.63548858061467,0.429919496116903,-0.9376796379895714,0.25231523826248825,0.7922179389454931,-0.267251516791499,0.47481308616418333,-0.7438250456900707,-0.12052510980594945,0.8694514783312783,0.32226565899908266,-1.6189126669790443,-1.6045225615603653
-0.5886957443322338,0.07138256162140297,0.04735205735451143,0.5707108347199562,0.49748682314994286,0.45919076981504636,0.6179441743574632,-0.009058256003167195,0.36614853756928334,0.35338375159817004,-0.5266090286280827,-0.487079750142824,-0.9254228114586328
0.8223837829405851,0.3625825471467469,-0.25734758215879916,-1.2992390386616353,-0.3606357928598762,-0.7889970042366002,-1.128541778320429,-0.32663420770388274,-1.2057866695533461,-0.6932218156048583,1.1711403466262482,0.644753166693396,-0.2463230613569003
-1.9056877279097784,0.2634787929904833,-0.12441784197292385,1.1133187256708459,1.633866308883498,1.2721908173261667,1.6123664847895456,-0.20207754537339476,0.6262002281848045,0.8506601610213205,-0.9510463724416653,-1.2416350280336375,0.4327766887448323
1.3528867569987126,1.5804745659925736,-0.4567281229817152,-0.06189939329898676,0.11834544641626554,-1.3237113682753165,-0.7596520957764077,-1.0489321787929908,-1.1656152485963296,0.29766086247118073,0.7467030028126653,-0.10980211119741722,1.111876438846565
0.27675102425257003,-0.5836197463558184,0.3061721580631288,-0.47766107837903704,-0.6316740120193278,0.03754472045164626,-0.4011515807087012,0.4648490203266996,0.06492960150941297,-0.5530487202152622,-0.10217168481450004,1.022030805638803,-1.4687026115400188
0.1445182340657202,0.6859274403399517,-1.3305971815549837,-0.39299519764760643,0.3866034001761636,-1.130427907562384,-0.28535336511248965,-1.0935008678254066,-0.7732392008724128,0.7223745901205167,1.5955776904398309,-0.8643573890882308,-0.7896028614382863
-0.7946556696769463,-1.2400065669143296,0.6569763555097381,0.5602284681552218,-0.2949116694140264,1.0774377835366602,0.7230712961007594,0.9912964255012621,1.2881508212071675,-0.1073202138164707,-1.6407570561387372,0.26747552774798977,-0.11050311133655391
0.9981488421994195,-0.9182394482021643,0.9226262589059367,-1.0687826073679974,-1.4200373209522863,-0.004735679366656724,-1.1011868766564878,0.9798896299460659,-0.12951207508519264,-1.4142087465047446,0.05699231911559347,1.39930844458421,0.568596638765179
-2.424480551684536,0.5452074385679258,-0.3607891718974982,1.5639767860105238,2.230531214457156,1.4622775734792894,2.129301564156382,-0.47639707232768863,0.7555657289551524,1.3333892440472144,-0.7918823685115719,-1.4931534539972422,1.247696388866912
0.18679545978748716,0.49774247497824275,-0.7045153663194135,-0.27846801404252153,0.21848964134595691,-0.6777045460406974,-0.24754161077694395,-0.6463677537481832,-0.5562013757941022,0.33454883001557495,0.905867006742759,-0.3613205371610218,-1.3328826615196723
-0.24500992419413745,-1.2803772838250025,0.615938349990604,0.181182004034043,-0.7403954505070403,0.6511548277929606,0.22740537342726663,0.9883829379293295,1.039977481113615,-0.3348916599105648,-1.2163197123251546,0.7705123796751989,-0.65378291141794
-0.28024347322356435,0.9640575622786273,-1.1865265404846264,0.5046438674095476,0.9094490591717879,-0.7143069429891928,0.4172887214103003,-1.1515824262738015,-0.31492202723111606,1.2264140454967685,0.48142966292917616,-1.1158758150518355,0.025316838683792486
0.34995977183504273,0.34718893129185396,1.011145337342268,1.1255258835610604,-0.01396619844971068,0.5289322902464668,0.4068055512367139,0.39605997681816046,0.575771353812699,0.01410270265327175,-0.36744502469798923,0.015957101784384812,0.7044165887855252
1.8160220664898525,0.4772413000876238,0.32838504730021995,-2.9416678936981735,-1.030272212850756,-1.0504369286500683,-2.530480504604727,-0.05390725893677116,-2.4864264913492202,-2.247391473454828,1.3303043505563417,1.1477900186206051,1.3835163388872578
-1.1775957047011723,-0.38443229410618995,0.06635372239365561,0.5537406873270191,0.6138628490713182,0.896653374382396,0.9254051586042537,0.2299229578687798,0.6768880697765948,0.32769085179211777,-1.428538384231946,-0.7385981761064285,-1.1970627114993257
0.5841367480650258,0.16919791476855103,0.24350887115009762,-0.26773797638908364,-0.3200478442823314,-0.23149324529513793,-0.45537154744560526,0.05251970354704697,-0.3154574165484822,-0.36348370845438266,0.2692109910223848,0.3932347407297918,-0.5179629613975936
0.4661261113308049,-1.548019655760143,0.9075685211989115,-0.506473090827408,-1.4725492076239939,0.3656120968370635,-0.5181345932617016,1.2867946994936186,0.727562831918735,-1.020112230370362,-0.5796636966047806,1.525067657566012,0.1611367887041391
-0.021877213577850826,1.2067724157758923,-2.210352422369201,0.26308671679910034,0.8892985812072574,-1.6897715085848877,0.15079804788638468,-1.850212122251218,-0.663378212295033,1.8236666143826195,1.1180856786495503,-1.3673942410154398,0.8402365388058721
-1.3563319141014771,-0.313183520622758,1.4534621701122767,1.8798703816489708,0.8007598028807901,2.095251438088265,1.7223118196617975,0.9760844057329525,1.5947638454860373,0.1986706190993458,-1.0041010404183632,-0.23556132417921952,1.5193362889076043
0.5742527760294203,-0.07212173554071914,0.04196305752235722,-0.9407547647438296,-0.4870826449923894,-0.3799070855146392,-0.8057540617356426,0.05977083119937396,-0.635843119852683,-0.6718090489106386,0.6936483348359676,0.896271592657001,-1.0612427614789794
-0.713788762762899,0.5850640981380172,-0.4599526300352614,0.7066649765334698,0.9637200269955929,0.15757190780520422,0.7570121758306473,-0.5522505978998472,0.10127287285547912,0.8233984605405887,-0.15522635279119787,-0.9901166020700329,-0.38214301137724693
0.8709616538142285,0.7957268345298834,-0.8660618742175763,-1.1809738611995284,-0.08418055614884193,-1.293549303666212,-1.0921399567644883,-0.8866531457418789,-1.4264857531782895,-0.1598023541119473,1.542523022463133,0.14171631476618693,0.2969567387244857
-0.05474877181442561,-2.4982940883032443,1.620764650986111,0.2078734095541169,-1.7652833658149454,1.2898671797747998,0.13928014608406758,2.1646822313547482,1.922861845197377,-1.0643168933327478,-1.5346477201853415,1.2735492316024073,0.9760564888262183
0.5606336277259609,2.216129004403569,-0.23736388446836326,1.9090875728657468,1.178079003651426,-0.5856541280720133,0.7077225777125933,-1.2436218396857883,-0.1769557061022944,1.4765559574175937,0.16310165506898913,-0.6128389631246263,1.655156238927951
-0.13716629197196478,-0.6459497983563802,0.3372718803009704,0.04061509874087636,-0.36326002794476575,0.35871310107151505,0.0951680000018098,0.5135930899710727,0.48757878753340256,-0.2232774098119712,-0.6857730325581762,0.518993953711594,-1.577358571556296
0.6167258137218059,-0.32587374741241926,0.029452148186176624,-1.411010848433675,-0.7027623339354506,-0.42005388502728597,-1.0771089823307751,0.17979743905488113,-0.7993526752391469,-0.9827122887209319,1.0119763426961546,1.6508268705478142,-0.8982588214545635
-1.6824983665072097,0.11346394296449742,-0.3113960977162524,0.8181823871410359,1.3563385750532153,0.9676819321586524,1.3364602647609842,-0.23234063999380863,0.5170287210575446,0.7888065543783307,-1.1102103763717588,-1.5769929293184437,-0.2191590713528312
0.569541019481512,1.2398878464460965,-0.7148535297525642,0.3515515242436594,0.46532202634925446,-0.960473800136838,-0.12023070734165452,-1.023859397240694,-0.6222540784540099,0.7712397234773432,0.5875389988825719,-0.44516001248222326,0.45994067874890165
1.2066071876458286,-0.6682978716933611,1.5828341237856942,0.28179220072644423,-1.3971624756788417,0.3550090227646396,-0.4994095736816176,1.2268451907459479,0.679537234951629,-0.9857627022970641,-0.26133568874459356,0.686672904353997,1.1390404288506344
-0.09277146838959974,0.5615720130023006,-1.244851029255437,-0.23100775375713992,0.4763877248058756,-0.8939050044945913,-0.07224068856749334,-0.9828932253175897,-0.5667936865105974,0.7688807566788346,1.4364136865097372,-1.1997152903730368,-1.4415386215359496
-0.8122345191128698,-0.7185409716190899,0.40379650836779996,0.5473257919778184,0.09552236413715517,0.8947083589664359,0.7256976839641347,0.5874431255623591,0.9090566775954138,0.07226215278952501,-1.3224290482785501,-0.06788237353681646,-0.7624388714342171
0.8504060763555679,-0.2848786277578129,0.45500699635491254,-1.0295000304896902,-0.8500985473621668,-0.25947239667246713,-1.0010401341079183,0.39913086257368535,-0.549822426003391,-1.0395469351189228,0.3753203269757805,1.0639505432994036,-0.0833391213324848
-1.1550252039498103,0.6926896818515446,0.039691988715567554,1.2570227306982868,1.3757355548767265,0.8598770302280042,1.2849662710436098,-0.3245248994375496,0.42686586214699984,0.8264132723510393,-0.4735543606513849,-0.82243765142763,0.5957606287692483
1.6356373774109625,1.2263977219783149,-0.5355549222387107,-1.6604627580615379,-0.3518686969255933,-1.587534092028559,-1.7564309750528893,-0.9160420485318033,-2.0819316558997163,-0.7322010061540405,1.2241950146029459,0.3093952654085903,1.274860378870981
0.03645620055453416,-1.2081262473926564,0.4633669872089731,-0.3165257885960891,-0.9013194233990808,0.33135399296356194,-0.18687455034423778,0.8662030633371615,0.625314939890479,-0.5602812980580306,-0.8979917044649675,1.4412281822448105,-1.305718671515603
-0.35106420579399966,0.7365348843747358,-1.340279340113349,0.1993722319345852,0.7985441126784142,-0.782094741283009,0.29400447941632657,-1.1243022907285218,-0.3765485969268059,1.132938959499864,0.7997576707893632,-1.4512337163366413,-0.6266189214138707
0.10050679839531715,0.6925908719998141,0.1536726180171853,0.7421550716780457,0.4247555094718377,0.046412797683791335,0.3382287338090602,-0.2602303179174823,0.05096213551157377,0.3910217790401787,-0.049117016837802195,-0.31940079950042105,0.05248082868786181
1.2338944490149288,0.5677425205799009,-0.4419546004031171,-2.0437161008021385,-0.5239334453037002,-1.2268816983963038,-1.7431167323009231,-0.5334314190429311,-1.8948689494516195,-1.0628092230893391,1.6486323584165286,0.8124321173357995,0.7315805787895949
-2.710106549765478,-0.3899132016486387,0.47634029896926344,1.6635443386704796,1.7705845411544088,2.3132608433730395,2.3353971834548353,0.4637564147090383,1.491189692118279,0.7783555830906099,-1.6672843901270862,-1.0739560773912344,1.410680328891327
0.11566619364771907,0.0947381319539352,0.05568018639103065,0.05039117652889494,-0.01908873588111693,-0.04008054706241627,-0.0355181294015152,-0.016060523392958978,-0.03036346777771065,-0.007113718289304364,0.030464985127244562,0.05787683944498578,-1.1698987214952565
0.1434062343045642,-1.3511376891927604,0.6724588886465028,-0.17210921798170967,-1.0857455774796536,0.4159016403947304,-0.16801629775631072,1.0556773319076773,0.8321550436010247,-0.6175100628604377,-0.8184097024999208,1.1897097562812056,-0.490798971393524
0.32022351455263487,1.0886985097486335,-1.276385892538787,0.0900940000893084,0.544809813655067,-1.2147469442244194,-0.12444841216878419,-1.2646514585631272,-0.7059995711948215,1.0109908078320693,0.87933967275441,-0.6966784384458278,0.18830077870820885
-0.4117722271133976,-1.6791117035701653,1.288367729190111,0.8288718036983294,-0.9024557752276545,1.2897194364780524,0.6593186234552607,1.5670824623029793,1.7956092892692748,-0.3941540243367184,-1.2428470463135035,0.43515447839039245,0.8674005288099407
1.8642653724493552,-0.7342823733999958,2.034389055961831,-2.324475145306533,-1.942975890212587,0.2312565551406923,-2.2302127028376497,1.5144086692035617,-1.1768702344415176,-3.096409433629924,0.4549023289408272,1.5669873952266125,1.5465002789116737
-0.9852456412902258,0.31498667408106434,-0.5169872487266085,0.5633840882426523,0.973996594181619,0.30845743386731944,0.8271475376219914,-0.4491440204656933,0.18810490910946082,0.7682684979831244,-0.3939723586863381,-1.325474503354839,-1.03407877147491
0.5320703087087227,0.7391836021675554,-0.9274046645925255,-0.6326736768754414,0.1315956181396599,-1.0975732784610286,-0.6202657284186232,-0.8929122550726916,-0.9860143561746227,0.2591913016793783,1.3037770165679927,-0.19364158651861876,-0.3549790213731776
-0.2535466120309562,-1.9000758253862202,1.0307511450386515,0.28708605275772303,-1.1820916042926826,0.9773477360491434,0.2879632610028034,1.53253534368617,1.5566226891959023,-0.571403034531325,-1.4550657182202948,0.9381913303176015,0.324120728728555
-0.23886339786684072,1.4457859054772337,-1.0336000048877698,1.1293283638156597,1.226491374029677,-0.6260197366803505,0.7252037322236915,-1.3066338461239524,-0.20025832334210278,1.538001678330515,0.2426836570340359,-0.9481968644094323,1.003220478830288
0.6178612708260584,-0.2665605431659269,2.304582190551416,1.8984467865621069,-0.6607274085293796,1.3345907258121024,0.6713490988710276,1.4324689081944604,1.575277469708432,-0.42192144427559397,-0.6061910305931295,0.18363605242678788,1.6823202289320203
0.46231744779025175,-0.19200320926798797,-0.12038949808414895,-1.1566802938362606,-0.48900306138930455,-0.4248120848752877,-0.8597265112710628,0.0282972748708957,-0.7085340672376187,-0.6980473916268012,1.0915583446612014,1.3154689692630082,-1.6805817335717594
-0.9680540593178599,-0.2388579220210359,0.12140177056674123,0.6093439295242306,0.5604396016191466,0.7886871259264144,0.8422001475040859,0.1880474683622968,0.6142923097874151,0.32459650214139885,-1.0306283744067122,-0.5709192254640255,-1.0014819834700268
0.792906220627614,0.2820097092259719,0.07199710079860473,-0.8190535073902407,-0.39657993309952766,-0.5137156276943582,-0.8589218599629271,-0.10064864396944012,-0.798020067796,-0.6112846225134354,0.6671210008476186,0.5609136913721949,-0.32238223336829436
0.7433029960195305,-1.2832008320292796,0.9044745855399264,-0.9447692364097884,-1.4909609474241226,0.16422550226219754,-0.8987103959638347,1.152430200553433,0.21977145490154937,-1.316259306525692,-0.18175368677954679,1.692746608208415,0.3567175167334385
-0.035220200170720674,1.1349781056954253,-2.3762361144899,0.09716199140400354,0.8474830858218855,-1.8081855322275395,0.07027533709278726,-1.9077579323230835,-0.733646353133034,1.8341025175637682,1.515995688474784,-1.6841211477844233,1.0358172668351706
-1.0521426235604894,-0.5202115833830607,0.10124281962066593,0.4638146835069366,0.42065319078829977,0.8335041985697653,0.8104698336742081,0.3175861002040436,0.7074763565506578,0.24049972197247538,-1.5611750541736904,-0.552288230948203,-1.544761783551413
0.4593827079897985,-0.1280230607901511,0.291434025355289,-0.33507940551245285,-0.44051036923055337,-0.10494758133905727,-0.42392861432588036,0.2283802023857481,-0.1539294844638336,-0.44499527279499596,0.13657432108064022,0.5795446858880177,-0.8656620334496803
-1.4394571523009703,0.31768998929446934,-0.3296806236806355,0.8525068541703338,1.3199600691065074,0.7790822125357295,1.2240091867296263,-0.34492259264886627,0.3973157217709494,0.8257829728010541,-0.7123003665465252,-1.3068435088390165,-0.18656228334794797
0.8710768203751249,1.1307680563397673,-0.8355953872525369,-0.4035086880669902,0.15803167541875893,-1.270124455041522,-0.6813068362105956,-1.0372685384482419,-1.096268466475475,0.34692965172201706,0.9854490087078057,-0.1750105920027962,0.49253746675378507
0.18407707345655663,-2.591511685910681,1.7729141381363986,0.436793609208853,-2.0135784084782875,1.2357984851334547,0.13193909562438477,2.2971243174388962,2.15611000227111,-1.0216389107934196,-1.1367377103601077,0.9568223248334241,1.1716372168555174
-0.22177388243681834,0.5158461740626207,-0.8221314768516073,0.10878376760568334,0.5410223266890397,-0.47512288853019247,0.1766571995834384,-0.7217282750693564,-0.28625092387153495,0.6857476764569571,0.5610116648942229,-0.9295658698936096,-1.4089418335310664
0.10559253901666435,-0.13973878779322033,0.3864515607575883,0.24514111119914356,-0.18103126110054457,0.2223705951384107,0.07282118965740024,0.287803973035503,0.27807255192246816,-0.12059965712762565,-0.28786302273294245,0.20226704694261094,-0.7298420834293339
0.8998890139148087,0.014859336505694631,-0.12115128688047366,-1.8094261316848068,-0.670807300421677,-0.7395547098443221,-1.4398240985528339,-0.07572835220483982,-1.331838075985406,-1.14195483541016,1.4098863525213885,1.3340999637788313,-0.050742333327601356
-2.1658794320487904,0.05713440564932192,-0.16278033859286306,1.1534782725665773,1.6817021983175082,1.4293956617106303,1.7733981723463936,-0.12036378541595474,0.801805686098706,0.90654805924047,-1.348956382266899,-1.5583619348026212,0.6283574167741313
0.9836673891985207,1.9486522005134157,-0.26222683308662303,1.1994929280710027,0.6642464523752835,-0.9085554566564389,0.10539155994021109,-1.123684108172798,-0.5055087293464601,1.011869945086002,0.34879299298743155,-0.4265290179664007,1.3074571668758634
0.07085222662869008,-0.6695254658779846,0.4111692736131323,-0.08649332100927794,-0.5378578165082891,0.26638428443840356,-0.08378280730392891,0.5670519366200558,0.4114729478660349,-0.3648097009412938,-0.5000816946397338,0.7053038988698201,-1.27312188351072
-0.05761472144793956,0.770695239149673,-1.4276432866720636,-0.06370766582876339,0.6009973293140846,-1.0601858708480187,-0.0027121372698614486,-1.1906523350958949,-0.5928750508145052,1.0187995627014224,1.197667680614597,-1.181084295857214,-0.5940221334089874
-0.5939563754495808,-0.4902482327377877,0.6768274450980643,0.8446223579126959,0.0953036522970954,0.9486624068500824,0.7655347164434243,0.6270083795711211,0.9643136779259274,0.07156271962660336,-0.9245190384533164,-0.049251379020993906,0.08507761669274504
1.3504221981532922,0.07078066497141323,0.43665457955020703,-1.9344867314050784,-0.9715879723977887,-0.6326198304578239,-1.7480014582792995,0.21067325236509424,-1.4628047433480655,-1.6421251566188162,0.7732303368010143,1.0825815378152264,0.7641773667944779
-0.5165506685340255,1.6479248669630007,-0.2193377738794466,1.8217221610307048,1.5829902543838636,0.2016198623806247,1.2403459086625668,-0.9489062252623445,0.16205270899562554,1.4036546320430792,-0.07564435082615112,-0.8038066569118075,1.4432771168962109
0.48205983318370405,0.35514785393924353,-0.648153727999898,-1.0197977533001645,-0.10825964936085805,-0.8462019437898318,-0.797991316773745,-0.5431885283387325,-0.9964586658516195,-0.2121784162096071,1.6221050244281798,0.32802625992441303,-1.1373019334903733
-0.19807113905745466,-1.6735935493031857,0.7204040243445445,-0.07601520504885272,-1.0603169526469907,0.6980594038941588,0.06625379341867318,1.2441866603493683,1.1309183236584253,-0.5877483984504006,-1.6142297221503883,1.4598591767606333,-0.458202183388641
-0.8685411387141785,0.8577180957500942,-1.0279646341684006,0.7792445124213988,1.2781070662023872,-0.16959394692965604,0.8785229892038462,-1.0089545857210298,-0.03901424030952982,1.2954263134554393,0.0835196531039424,-1.4326027218208186,0.22089756671309188
-0.8711167595313601,0.10475046056559562,0.8774732996487211,1.4320914894997485,0.7355168776529261,1.30246556467874,1.2249404698687925,0.4421284107729391,0.9715029805904518,0.32230567237618524,-0.765355034523223,-0.3007698049845985,0.8999973168148245
2.1625706524603983,0.792608574622281,0.6191941799759411,-2.8777219765290796,-1.0646680627269667,-1.074857325008828,-2.6828934157148714,-0.04792804747818615,-2.663298033814266,-2.420213508202127,0.9323943407311078,0.8310631118516222,1.5790970669165567
-1.1279852251302158,-0.1873991564779761,-0.14746797683480217,0.49455789396107325,0.7187820904004935,0.6960535387355155,0.8674698194249242,0.010728812139691582,0.4939920320525278,0.44647686634375444,-1.1897923783368056,-1.0553250828754122,-1.65341774356769
0.38164435302880517,0.360462438361776,-0.1802693225725264,-0.2477562323287961,-0.028364002070174546,-0.41309524419858645,-0.33600714635352014,-0.2821273582576619,-0.43645540408581934,-0.034582580375769036,0.507956996917525,0.0765078339608085,-0.9743179934659575
0.46777063941149244,-1.0382724024118986,0.6695529267917517,-0.4530617966275768,-1.1051491026800473,0.18078176768409987,-0.4907900479009216,0.8973572357741366,0.40520064150762974,-0.8066570386344374,-0.3409176907096403,1.2083407507970287,-0.29521824336422503
0.46734760756503285,1.076847124007996,-1.6189865865826183,-0.3233136961736108,0.4248108605909242,-1.5847208973145552,-0.4219900944454202,-1.451822943210582,-0.9994822838124223,0.984387242612656,1.3568316845446906,-0.6780474439300053,0.3838815067375078
-0.5496234290364505,-1.9016857830218274,1.4424034536637835,0.9026094562575796,-0.9590147264386738,1.5075417099855877,0.7723601098435223,1.7653691271410779,2.0072400062936664,-0.4585478715176092,-1.402011050243597,0.45378547290621557,1.0629812568392396
0.39913560343241516,-0.6060676195612529,0.2116023708278853,-0.9199123992666808,-0.740599180302261,-0.12329016022220866,-0.700644168377223,0.42278666811341314,-0.24210374521514794,-0.7838301005442311,0.2957383250107337,1.5856183897424359,-1.5175977935473435
-1.2211252118209,0.29538402880423936,-0.5858597636386775,0.6101537242790032,1.1384693955443455,0.4246662426899426,0.9786092153061415,-0.4781470070805809,0.23615418996209248,0.8513571445524389,-0.5531363626164316,-1.6422014101238227,-0.8384980434456111
0.4129159899631964,0.898823178327924,-1.1573314229854645,-0.29024265478139344,0.33729034277617953,-1.1894347462563675,-0.3752644617028837,-1.1024574035138315,-0.8491297364928132,0.6634305260201886,1.1446130126378993,-0.5103684932876023,-0.15939829334387864
-0.006509740622464311,-1.5290786343266791,1.1152584553415392,0.5228474841016827,-1.1008886019750486,0.8651921329057608,0.27982586488563005,1.3943733618261467,1.4657800408964101,-0.4737402367832765,-0.9775737064300143,0.6214644235486182,0.5197014567578544
-0.12726330812579806,1.4582326023970058,-2.229654647063854,0.7433781453429601,1.150969616510443,-1.6290028193681863,0.4612613745098504,-1.9870224393307772,-0.4909158109395752,2.1650724922651645,0.7201756688243164,-1.2649237711784156,1.1988012068595866
-0.11066584285293468,0.06710799708782814,-0.0019489016738845203,0.1867354106486315,0.13234757759030905,0.0779488797279185,0.15815414532317992,-0.03470601404021268,0.0887869810113526,0.12860374388987042,-0.12869901880284895,-0.13309085434219545,-1.3817778435269972
0.671350174112494,0.1391995137450011,-0.3418872557292395,-1.4586733898454118,-0.4077957480662755,-0.7457919875984104,-1.131649875496765,-0.2624152682202745,-1.1638525584062822,-0.7388871362664334,1.569050356451482,0.9987420624940254,-0.7026780934252644
-1.6696085239704754,-0.3241731297655314,0.17692762475251267,0.8694159129015433,1.0300800763363003,1.3352116918570476,1.356611474330777,0.2620702177874769,0.8646864695082793,0.46037555977001404,-1.5081203861969925,-0.887646132233009,-0.02357834332353225
1.151670893839429,0.7597171021222248,0.7298944832260321,0.2653907724349291,-0.3228247102649703,-0.263666205245755,-0.47855926318340203,0.030940064089408845,-0.3447737322525733,-0.36233581762441114,0.18962898905733808,0.24418678460321191,0.6555214067782006
0.9028798042104073,-2.4570581616954534,2.082486733821872,-0.33045933571834324,-2.460745804269347,0.9585955784786943,-0.6597883075292625,2.404280694547682,1.5005205112844717,-1.774409377557017,-0.6592456985698273,1.3760197014394322,1.3346211568799333
-0.3101381886082142,0.5951527505585963,-1.26700429549501,0.01657670597851028,0.6653012041425164,-0.7549395652448695,0.17540543645920637,-1.012197046878088,-0.4098048629287646,0.9539506805522462,1.0385036766845035,-1.5164421971420203,-1.2459578935066506
-0.9531143939397853,-0.35463022679819056,0.30729851170765093,0.7003477909218903,0.46539895533104586,0.9213966129100343,0.8822687996894178,0.3508065102353785,0.7628185506507906,0.24825483864733047,-1.0836830423834098,-0.3846092803058,-0.566858143404918
0.9949114419017303,0.20063896208755277,0.2851823351493946,-1.0665894693754807,-0.6084203956309853,-0.49425456374530413,-1.0982882587129286,0.060263323014190545,-0.9210946611686829,-0.9384511025630425,0.6140663328709207,0.747223636530421,0.11224160669681436
-1.1969431625501001,0.9734468231620188,-0.5313560740626683,1.2388792394866184,1.6105247605058122,0.44935903755951323,1.2979008329501687,-0.7869981935700944,0.21458532739168293,1.2389239508068794,-0.23480835475624462,-1.1391645581966137,0.7913413567985472
1.5794913995882656,1.5045246451046892,-1.2934162355379395,-1.342614178826244,-0.10820570012081679,-2.1319796649198026,-1.5582775411932297,-1.482495287102788,-2.0469948318929174,0.04808756624023231,1.4629410204980862,-0.0073316413603931605,1.4704411069002794
-0.19042349888941706,-1.3179033896353556,0.5150525356405986,-0.043244887309272104,-0.8088764618263609,0.5341223215244354,0.07946384563642454,0.9503117028475117,0.902696007996834,-0.41265066841341785,-1.2959017142902012,1.1245012754758272,-1.1101379434863041
-0.08429999508327833,0.787352305993203,-0.7369230456042958,0.3717475986175052,0.6332543628310261,-0.5080766883646627,0.24176720464019325,-0.8096701971265307,-0.28669925378359035,0.8014117635735368,0.4018476609641294,-0.7618869192512068,-0.43103819338457167
0.3637904472587266,-0.3999794546220434,0.9072322317901546,0.5263854896850648,-0.5647881297956898,0.43882458835461347,0.08272471584777116,0.7116694897263786,0.6679339169947783,-0.31655763712718193,-0.44702702666303595,0.369945997585014,0.24806155671716118
1.3947959697901262,0.004023216639669701,0.3421448060212917,-2.439995836802946,-1.0534740762259647,-0.7374004867079368,-2.0390091211522514,0.19083485119992472,-1.7846195625335133,-1.916025310764866,1.2507223485912948,1.5017789144212343,0.9271613068188939
-2.9739305211446676,0.5223070441782884,-0.17341720986044273,1.9483844966481745,2.630109496863671,2.0013292890275385,2.627695742671561,-0.3593165436517335,1.0525075558081705,1.455737484703549,-0.8714643704766185,-1.390682984160218,1.6062610569206264
0.15844183127248512,0.38797890117515477,-0.5823853757200386,-0.299951888749395,0.16058372677144328,-0.5631141748534251,-0.24366089536134883,-0.5225599513116596,-0.49407713285388555,0.2290539543793434,0.826285004777712,-0.25885006732399773,-1.6262537535636208
0.4200123149506421,-0.4576115404473007,0.39214770116997744,-0.43714374767987796,-0.6490482877166558,0.0010277431986624745,-0.4567155919037433,0.45020447764024146,0.00518824963198843,-0.5894258664589185,-0.02258968284945328,0.8729828495122232,-0.9471540034618882
0.161823028450828,0.8057810087869189,-1.5695735420682893,-0.3596836916750691,0.4601744390022496,-1.3272428510643715,-0.2770463079188243,-1.2882220847156973,-0.8338794055974645,0.9228580521198568,1.6751596924048775,-1.013405345214811,-0.2680542533601559
-1.00834732024491,-1.2636788077562713,0.8215277460765931,0.7811550234642064,-0.1501865474770107,1.3578235117334698,0.9546538574963025,1.0959006946407606,1.4662603502877947,-0.07931247620755735,-1.6805480571212605,0.11842757162140906,0.41104549674157714
1.3328255218099125,-0.9688226277405767,1.3775706087768593,-1.0355592846877697,-1.7100944806899037,0.10601189971344409,-1.2634578083316312,1.2616506075822294,-0.06939235986297745,-1.7300688617141047,0.0172013181330701,1.2502604884576294,1.0901452468433093
-0.8180473060049791,-0.13893397151138936,-0.02939102218015161,0.4808891281979171,0.5190925308788018,0.5646399676533115,0.6937088562994022,0.05301155732478296,0.4496531830167156,0.34931902965852774,-0.8316733694940953,-0.6361277062694045,-1.4904338035432743
0.6198922376290756,0.269432589916723,-0.1778310490226953,-0.835197435624436,-0.27463914694215275,-0.5822641551345796,-0.7744895377089666,-0.23516550680936554,-0.8008928644681819,-0.436403015971277,0.8660760057602356,0.49570521056681616,-0.8113340534415419
0.04846604237438487,-1.7698576373506705,0.8561075947354917,-0.23306685122967666,-1.3166555692251007,0.6257649008854747,-0.1492191725625556,1.3688846923500382,1.0844764754956302,-0.7956543073332356,-1.2561107133076779,1.6275381274030363,-0.13223430333980932
-0.6743203206947231,1.0016748673482148,-1.5460252094441418,0.6900221536355564,1.235117593522362,-0.7087635196346025,0.7270090213751975,-1.3730522386360497,-0.20621981799484496,1.620114070062145,0.4416386619466528,-1.6002816724632216,0.5468654467619237
-0.5250184740836055,1.066957849897258,0.7684870800213854,1.8174730441085265,1.1692522970569392,0.9698917325158948,1.242650176126908,-0.10117264494987459,0.5708031860115406,0.6658103051800953,-0.4072360256805126,-0.46844875562700145,1.225965196863656
0.5019498469568578,0.16310785136366077,-0.36169654612768515,-1.046612433259648,-0.2622058286972028,-0.6394554764500441,-0.8228504083188485,-0.28555399583381236,-0.879900574348688,-0.4435641718419711,1.2905133495738184,0.6633841612092192,-1.3546138535229277
-1.5309377995318543,-0.20122283349064898,-0.07941544407642442,0.6997495760643061,1.0139711221472865,1.037862067384923,1.19243075480013,0.05600943499179027,0.6536296793253658,0.5355663139628617,-1.4683293852144692,-1.2230040335178152,-0.6755141034211951
0.531424557634752,0.7240935274855342,0.10762017376247922,0.33480598855737737,0.12117165797057015,-0.29849838361195435,-0.10859995124013672,-0.3019641952698142,-0.26883048613025246,0.14790902020739446,0.22941999003986144,-0.0911711166815947,0.003585646680537071
0.5709011996816493,-1.6693877094563432,1.251999090608155,-0.03168313237996951,-1.6396757662734929,0.5561467482139387,-0.3235033763885797,1.5417135540166922,1.16030954021949,-0.9530730859787285,-0.619454697587304,1.0406618001546257,0.6826853967822699
0.6628519309805684,1.6790656340429038,-2.5007282886951394,0.2160838811863863,0.7122609600460976,-2.405423441311437,-0.2419643172418401,-2.2504055276264068,-1.0325146557482006,2.0077033473772223,1.0782946776670268,-0.8457263945724084,1.361785146884002
-0.41189780484821154,-0.7543371124947154,0.40108154279390806,0.2942870994336246,-0.23357018386835948,0.6051914792374496,0.3768548801083831,0.6038394550088264,0.7496555103505704,-0.09801952361600641,-1.0438920414008865,0.2861065222638125,-1.2187939035025814
0.7049758098873288,-0.36558086329563116,0.22722538794644853,-1.3002069439081945,-0.7983165843645593,-0.3308138588558965,-1.065967254853512,0.31115740433797745,-0.6902911461523394,-1.0544077354930903,0.6538573338534441,1.4179394391000328,-0.5396941534008487
-1.1578466749822898,0.6974600550422428,-0.789559423630367,0.843419149299469,1.3813223669317554,0.22206344458252836,1.0678903429196471,-0.794320838472063,0.1214567765185812,1.1617490314243455,-0.19501735377372126,-1.4745224594814195,0.13940559670088412
0.8785706537625371,1.1915128826590706,-1.511276822695321,-0.7407964283929812,0.19628626441925354,-1.7968513877609191,-0.8635920409156228,-1.4485367391455655,-1.3856299938270846,0.619973650082771,1.5027320214806097,-0.34268954264519924,0.8185053468026166
-0.35520513413667626,-2.7751341078375784,2.154153214977839,0.8158858496522214,-1.7379339752453447,1.9171355127960377,0.6220606385382397,2.6039670919357456,2.563107744988307,-1.0471490887797956,-1.574438721167865,0.7891433741910218,1.4976050969043493
-0.5302677021280665,0.501653113560053,-0.6886945829756848,0.39986329770392376,0.7644035207954395,-0.1506813990072185,0.49625546517957675,-0.6394088188816067,-0.06363320620345071,0.7846741569991399,0.12331065408646577,-1.0972448205360126,-1.0829739534822347
-0.328002402703375,-0.3691406312403154,0.5306219695970557,0.6001164190475765,-0.018539079689621263,0.6449103665665199,0.49340853382866545,0.4839493871059849,0.6999127845253413,0.013849539190219287,-0.7255640335406996,0.03458809630020792,-0.40387420338050234
1.06188610249924,0.01946347631193499,0.14026293326748562,-1.797739857477121,-0.7901701685678942,-0.6541569382711575,-1.5206926810103083,0.06931183883286013,-1.3265682841415258,-1.3284919375163369,0.9721853417136312,1.1664210131364279,0.2752255467212305
-2.0570046911217417,-0.04641305643611601,0.5149009132018344,1.4276385968536751,1.524358391730171,1.8741187193910855,1.859792585657119,0.3134670632011725,1.075412656079251,0.5890308274653419,-1.150001377354282,-0.719967181590606,0.9543252968229636
2.3729597851737796,1.4678485007929074,0.9678486582905645,-0.8256124622205948,-0.7356827714314386,-0.9568892457346165,-1.7113882746342923,-0.18956767312274983,-1.6434626116325317,-1.2822727903293305,0.5477479979000485,0.4118657352456146,1.6334250469246954
0.22108343418375817,-0.8934890519254689,0.3359358864314185,-0.6072783146448119,-0.813608072381722,0.10047660255383517,-0.4397435603749432,0.6368070968879211,0.18994816105606385,-0.6634534782460922,-0.3011266897271169,1.5436986520818348,-1.5990897635595516
-0.11898836002449209,0.670009912082453,-1.4141545535513138,-0.1446815806685161,0.5746652700285976,-1.0057148948326544,-0.012529835952828397,-1.1326264607084904,-0.5806281065856339,0.9536262508429469,1.396622685527214,-1.3487632464996173,-0.919990013457819
-1.0394896279299797,-0.6767884824904177,0.4684125061835046,0.7344540987617317,0.2978348153556429,1.1077231742172775,0.9467056338501773,0.6029543430644118,1.016105337701148,0.1516085205922873,-1.3622200492610737,-0.21693032966339698,-0.24089026335608663
1.1062771960113267,-0.12341321816287745,0.6498857551165902,-0.992836688443862,-0.9271182951469468,-0.2928094263957581,-1.1191489128370413,0.42811265831966816,-0.6375140568421752,-1.1595733938556847,0.33552932599325713,0.9149025871728237,0.43820948674564647
-1.7106330913151646,0.8789249068532903,-0.016803342393029292,1.5910988813223563,1.9312230999891338,1.2151850964288013,1.7600687127460402,-0.44963458597083117,0.5387955508572427,1.0959288021319364,-0.5133453616339083,-0.9714856075542105,1.1173092368473787
0.3795294916686984,0.332318995623986,-0.5413373533660546,-0.709778760161791,-0.04711539878962324,-0.6901721256466525,-0.5790524557821506,-0.47154892228479994,-0.7538887084735442,-0.08054957062722848,1.1844040136204226,0.16034730928201002,-1.463269813539205
0.061360801760324296,-1.3405113786889966,0.5903372975439208,-0.2048002399379012,-1.015921542578977,0.4114423033462983,-0.14120875683675374,1.004067927825768,0.8007498562423607,-0.5786711247368828,-0.9377827054474909,1.2921802261182302,-0.7841700634374725
0.2927686468974563,0.9601382198356991,-0.9659651840184886,0.09768268928183209,0.4726295471224797,-0.9555192476062334,-0.10568559790416979,-1.0253003831887673,-0.6093203791132925,0.7852022492192623,0.7599666698068398,-0.5942079686088036,-0.10507031333574
0.9726018922095725,-0.07961104977685704,1.0038485610412566,0.1456609666374735,-0.7941985378482916,0.07627581131521129,-0.44561919384720333,0.605687516951693,0.16280363209441395,-0.6476878427389977,-0.08890801782032558,0.537624948227417,0.574029436765993
1.618791553098662,0.1462693960387221,0.5646769348976207,-2.74464331274198,-1.1202513008840347,-0.7265154815195525,-2.320375236293475,0.24502839105087015,-2.1079231890619963,-2.289034911251425,1.6088413574340052,1.6694578650636374,1.2531291868677252
-1.4221494588584822,-0.19246317001915764,-0.26353265163849293,0.5373919593692238,0.9379124764947676,0.8176950285132221,1.048169245752514,-0.052154911054859976,0.5288608447896335,0.5619970753244493,-1.6274933891445627,-1.6701479018975565,-1.3274498635188585
-0.15417163331647377,0.5429111715839547,-0.2755736278152683,0.4543757021531865,0.5093952872000581,-0.10194127210513654,0.322980328126867,-0.4272154288806399,-0.05307465499463357,0.5144274149429927,0.07025598610976794,-0.5383149850613361,-0.6483501134171258
0.07522750059853373,-1.065854754755656,0.856829173729141,0.3586534311357599,-0.8277940947735408,0.6071082522534391,0.1491289806654033,1.0167285275344315,1.01749595278538,-0.3932710784281729,-0.7786187015173974,0.5935179317748845,0.030749636684606608
-0.08944167024938884,1.196629134425199,-2.00626778460323,0.3680370441203948,0.9331346637925446,-1.4837945873861813,0.24256889743550725,-1.730100236497843,-0.5795492610372788,1.7432895518628755,0.9191306737369334,-1.2928702629521496,0.7098493867863392
-1.370992163976809,-0.7647428308616995,1.3703470327844096,1.618843088804183,0.48529859193090497,2.041646250916571,1.5922346287191518,1.1553763925950131,1.7242677990010915,0.08276774856166802,-1.20305604533098,-0.16103734611592935,1.388949136888072
0.5124147818370471,-0.21527377904062112,0.13448770599066434,-0.8332872128282454,-0.5437746436586667,-0.2641196732484133,-0.7157298069720512,0.18361246642987514,-0.45588476500917635,-0.6674703771240107,0.49469332992335063,0.9707955707202911,-1.191629913498512
-0.8199160121125568,0.417297293082048,-0.27656210994062663,0.721076022785094,0.9227703817588566,0.3752677118363392,0.8216531689642306,-0.3648654700179586,0.2307278712487382,0.6967671036259425,-0.35418135770381476,-0.9155926240067428,-0.5125301633967796
0.8700146127694903,0.7413440949575495,-0.6678293698690276,-1.1243947665714278,-0.12279250578858598,-1.139915834343725,-1.0617286988119536,-0.7476848006846116,-1.3466173174576608,-0.2687627977282852,1.343568017550516,0.21624029282947782,0.16656958670495323
0.044103793200193,-2.401922884779092,1.5036789894609812,0.09239353070450931,-1.7704568533437532,1.1285541800967565,0.025132528466164806,2.0504245268170997,1.7702160233945345,-1.0558377743206855,-1.4152747172377713,1.3480732096656982,0.8456693368066859
-0.9410248079644143,1.4137948201927188,-1.851027926024099,1.3438113427482936,1.73515516449721,-0.7526188336030781,1.215847123122888,-1.7513554366103856,-0.020956799626974103,2.2922236288439426,0.2824746580165593,-1.544388688915754,1.524769086908418
-0.5573847779168571,-0.012466188817024064,0.08021036806445497,0.5197374705861701,0.41313385229666405,0.4620640692978428,0.5741803268234912,0.05145355107966356,0.3883672808633576,0.29422756688280394,-0.5664000296106061,-0.41255577207953387,-1.0558099634781655
0.7870905909619644,0.2806303945412263,-0.20470051933390987,-1.2862425199467757,-0.3931728310939223,-0.723036462931663,-1.1027091776130526,-0.2559182965095951,-1.1381994719408672,-0.7235420057092092,1.1313493456437247,0.7192771447566869,-0.376710213376433
-1.8216743677180636,0.1928235781738373,-0.06773747033537225,1.0611662481307353,1.5191393332043681,1.2556071756517393,1.5396612321968886,-0.13474574081743151,0.6382049137123241,0.7729772453876681,-0.9908373734241886,-1.1671110499703472,0.30238953672529983
1.318630329964066,1.440931612995311,-0.26080512816465035,-0.12738733819862355,0.04337392639621161,-1.1479453864936686,-0.7758560825417578,-0.8686175652589511,-1.11451336603641,0.10729960671874489,0.7069120018301419,-0.03527813313412706,0.9814892868270325
1.7977107741487275,-1.3501487005431345,2.4439803194054237,-0.6670877815937172,-2.337959296850464,0.5950746026507253,-1.3185121986507653,2.0536987991227384,0.47000385571468406,-2.2725844096894563,-0.14196268579702342,1.0965547837020932,1.660589036928765
0.06697920857386247,0.5120931634936096,-1.1062271649521993,-0.41257795405113745,0.319613795126428,-0.9016378109645169,-0.2540394258791781,-0.8799791022130984,-0.6643063352124172,0.5421067026842037,1.5557866894573074,-0.7898334110249405,-1.5719257735554821
-0.6325527742350492,-1.0627987812648643,0.47245095162951206,0.36383981603411736,-0.2895289299823551,0.8186785606867443,0.5321770158629308,0.7985436017479505,1.019116816250515,-0.10375850342900127,-1.521384053191167,0.3419995058112799,-0.8928260234537496
0.7049605311919074,-0.7311136029937474,0.5163547572292613,-1.0431666828854644,-1.062655719849619,-0.107714547686671,-0.9301117272190191,0.6571828420053635,-0.24346184309056906,-1.0944962793890445,0.1763653220631636,1.4738324226475001,-0.21372627335201708
