RSS0/RSS1,RSS0/RSS2,RSS0/RSS3,RSS0/RSS4,RSS1/RSS2,RSS1/RSS3,RSS1/RSS4,RSS2/RSS3,RSS2/RSS4,RSS3/RSS4,X,Y,Z
-1.3435047090426078,-0.22802751115881217,-0.2747288184455532,0.47092434579585973,0.852629025364798,0.7525931584438585,0.9707830387041984,-0.040655089167466095,0.5055358628199584,0.5250673367078105,-1.6977493752543307,-1.6977493752543307,-1.6977493752543311
-0.2301896266495808,0.4947322457104877,-1.3076728354183873,-0.22306324814880477,0.5321267566807297,-0.8437179958725489,0.005796040899157204,-0.9848295018763039,-0.5136089607086352,0.821030423099649,1.6977493752543307,-1.6977493752543307,-1.6977493752543311
-0.2415428070081998,-1.3327883300894392,0.39710105831959963,-0.2195246612301818,-0.7809246586284561,0.4798136904625353,0.013766536298069686,0.8912827804304982,0.7845226395818232,-0.4449278467173228,-1.6977493752543307,1.6977493752543307,-1.6977493752543311
0.4545020828841865,-0.18934504180698072,-0.25024398682560034,-1.3378381686717478,-0.4811615311486425,-0.5193950188255596,-0.9512701540430127,-0.046226315723688904,-0.8427060744502075,-0.7247902628037792,1.6977493752543307,1.6977493752543307,-1.6977493752543311
-3.0571353424646928,-0.22473128532437195,-0.019496561341001115,2.015762567219845,2.152873883570048,2.179829360924997,2.708013365441786,0.10155564299682183,1.6312922405456831,1.387098824966565,-1.6977493752543307,-1.6977493752543307,1.6977493752543311
0.19885097537804636,1.9091174672900213,-3.078604756608882,0.11690550647828027,1.2300555655449765,-2.518175330794384,-0.04506204852403603,-2.691334555866171,-1.2680241027321137,2.3701153404070574,1.6977493752543307,-1.6977493752543307,1.6977493752543311
0.20034268566943186,-3.333493469572712,2.493447230090826,0.04538930863411391,-2.5624935858657367,1.780074242147261,-0.08366031862868865,3.0748348851843548,2.396291650815992,-1.8242412328220863,-1.6977493752543307,1.6977493752543307,1.6977493752543311
2.167398486122243,0.38450590289826764,1.2845252991393221,-3.3373790145699402,-1.3634615260946668,-0.5649629076873148,-2.9284190230511293,0.5314621450047435,-2.7096470819888987,-3.2282203800008626,1.6977493752543307,1.6977493752543307,1.6977493752543311
-1.683058921941228,-0.30392932942378126,0.03773254589909764,0.7729249034271105,1.054907245958205,1.2374673601857389,1.3128426130813358,0.17347496950299401,0.7798744392989907,0.4982343838549898,-1.659201843052511,-1.1346793187761377,-0.24262875871634706
0.6916879495199492,0.7572078074648163,0.5518772860908813,0.6553953891834675,0.023740181322818396,-0.07077678094242147,-0.025279824522725876,-0.06814254953337263,-0.058200309742194194,0.03567649294663198,0.03854753220181962,-0.002846401939917445,0.4364709913853856
0.5862792230172383,-2.3758099866592906,1.7265426249245792,0.06409890169039599,-2.1622023209667325,0.9112575083373102,-0.28114497136443517,2.1629641768268844,1.7310426340499268,-1.2409170754271672,-0.8103271554253457,1.128986514896303,1.1155707414871179
-0.026880777819267867,0.5283215611699449,-0.8880292785589466,-0.11495303316499467,0.40243726814561037,-0.6658924009173348,-0.04630969220218263,-0.765119165139486,-0.4584750276729953,0.5824271610740089,0.8874222198289851,-0.757401679830731,-1.4650083088994654
-0.46763187473791634,-0.9893815516352373,0.5255761718595429,0.3643931617832498,-0.36134107678734495,0.7412641824622219,0.4438535815940563,0.7917204281013217,0.9674746800481157,-0.14290737687473495,-1.2347644992389284,0.37443123700548975,-0.785908558797733
0.8080175640342705,-0.5405792402492137,0.41499234561579706,-1.3337449907273426,-1.0029154316609725,-0.25991429958363765,-1.1390590731968757,0.5046308611508439,-0.5907236632238936,-1.2169451789268597,0.4629848760154023,1.50626415384171,-0.10680880869600046
-1.4820908240731552,0.7295764196692957,-0.5987578439702083,1.0987893643650806,1.6501231178648694,0.6020747169215045,1.3770790442451835,-0.7028594636188364,0.2851691305111881,1.193680102782959,-0.38588981161176306,-1.3861977447397422,0.5722909414057322
1.2371421348474663,1.5004964005658599,-1.506103587977787,-0.724949272363388,0.14816788609858583,-2.0502964570375664,-1.0478856199873812,-1.6003590219385495,-1.5930993691611477,0.6269155187480339,1.3118595636425678,-0.254364827903522,1.2513906915074644
-0.3500835357151784,-1.2097048794846572,0.45292003022151034,0.06860910225441151,-0.6097055350217873,0.6008097589970878,0.22436844478652937,0.8611052187243596,0.9076725678934954,-0.2902587635630233,-1.4469831711457197,0.8774680889326989,-1.329188358879119
-0.3907305189749326,0.6710151731113343,-0.7683556538947354,0.4442789521770222,0.7812029932797978,-0.31232763929402957,0.44475279208925583,-0.7691258185612481,-0.15126185046819973,0.8741866939770677,0.25076620410861095,-1.0089201057943353,-0.6500886087773863
-0.06613551586129619,-0.29808162942860683,0.7283274481315504,0.6983819703439104,-0.16548115025789423,0.6094497302761005,0.40463522496076093,0.559799764204198,0.7212951760469261,-0.06633323342747226,-0.5981084835185544,0.12291281104188478,0.029011141324345728
1.2914795022470278,0.07113586354755777,0.20493165344170802,-2.201887782869243,-0.9266893692576522,-0.7690961776089654,-1.8576532183747563,0.07988491309975179,-1.6583218366271242,-1.651802519007758,1.0996408917357765,1.2547457278781053,0.7081108914260784
-2.264287073975837,0.12829661542040222,0.8230573413489126,1.8224254165689042,1.8076976987310642,2.260706629067514,2.1798174881031387,0.3996650404961681,1.2398459080169106,0.6285817368241331,-1.022545827332137,-0.6316424668489288,1.387210641527811
0.484292909217375,0.13228107578830559,-0.09729545639715452,-0.6599012696927328,-0.27112661230738133,-0.42277033144221865,-0.6089837531426576,-0.12108654417505046,-0.5756575974233042,-0.37695783597463733,0.6752035479221936,0.5001904499872918,-1.1933684088587726
0.4769312975721049,-1.0350014052545393,0.5299601213528623,-0.8010568846010138,-1.109721594276124,0.06649693055625881,-0.6796297741720904,0.8170377465636549,0.14876401886803814,-0.939758973803554,-0.17367113970497172,1.632023366823512,-0.5142686587570399
-0.1036139582753455,0.8782841531220086,-1.8625895565005932,-0.05486844000702021,0.7136435487421731,-1.3627593894725356,0.026675919105163964,-1.4896897388226304,-0.6626912058339889,1.3484225694519654,1.5240782355493592,-1.595796433042746,0.16483109134469257
-1.7552559454083352,-0.6637523248771185,0.7130581288334952,1.2146738007889268,0.849366008411275,1.8103734264508302,1.5851027120272716,0.7343201930453784,1.3575365394301298,0.2965858785160649,-1.5530925070991153,-0.46396351620652576,0.8439308414464249
2.068904913299269,0.34804786154667233,1.7455379260997796,-0.3361107697900237,-1.3152311526703455,-0.13853821498784216,-1.2893078585153808,0.8095696686901853,-0.49217405728448477,-1.5275645286805126,0.14465686815521528,0.6678694006296949,1.5230305915481577
-1.1217915620235437,0.148091303802048,-0.3237704982891268,0.6071733487045742,0.9567155065727246,0.5555741336562107,0.923659761044331,-0.25665675744119826,0.3383951040653586,0.6543308406705344,-0.7042178194719501,-1.2185187940973392,-1.0575484588384259
0.5766142292752523,0.7154153234624157,-0.6429073652970252,-0.49261194357962124,0.08067011296607149,-0.9100393213673984,-0.5701767600669464,-0.7206524672606317,-0.8668869722231825,0.14289487278417196,0.9935315557823807,-0.08668587726111893,-0.37844870873669345
0.030760312416165687,-1.859197595923453,1.0343360899664185,0.138920678435509,-1.36785572134849,0.7759954586466498,0.05689217108599032,1.5140842802122907,1.41944833743034,-0.6749605152352961,-1.1286551632855326,1.0451470395751015,0.30065104136503895
0.2431683843395912,1.5226495849479313,-1.4794170160339988,0.7438341016244188,0.9169998114962254,-1.3160812454672437,0.26246068344140216,-1.596411414623326,-0.5362486991018282,1.6071991177423506,0.569094211968798,-0.8412411551519328,0.9797507914667716
1.668957068496359,0.5462743520793343,2.3724357776515785,1.6418347061008858,-0.868964637905679,0.6323106151874137,-0.02905043343080524,1.0636488506732757,0.8116638691753099,-0.6471400141573485,-0.2797804756583674,0.29059176168428824,1.6588505415685038
0.4850846886481515,-0.14620230182102104,-0.2066824852270541,-1.2906905226837642,-0.47312350686988924,-0.5077403537838151,-0.9427850945057908,-0.043278683665267666,-0.8388615887782735,-0.7250961829496526,1.4179688995959634,1.4224246785205086,-1.5736642689157425
-1.4834164850218674,-0.09162065723505017,-0.22983285263146272,0.6450023078453795,1.0572431884120135,0.8876840493123983,1.1379621747938935,-0.08366172226231043,0.5359532945385026,0.6101992224559148,-1.340873835192324,-1.4700372200609437,-0.8945645188140101
0.3060341414607663,0.7904650626864868,-0.3033791808251665,0.30633142755279297,0.33987615856032644,-0.4538007499999255,-0.0025413520293596963,-0.5668623776822652,-0.33667501815916057,0.4343072201714822,0.3568755400620066,-0.3382043032247235,-0.21546476871227754
0.5680292813055267,-1.0974844305896665,1.0704621293855094,0.12857717287687237,-1.223904216944232,0.4181371607706072,-0.23726169550955123,1.1529826482384853,0.8719090827716077,-0.7088818313204824,-0.4919991475651587,0.7936286136114974,0.4636349813894549
0.34241868502647016,1.4263683805294436,-2.461353769930192,0.15314257422942057,0.7722002220695413,-2.144987298127756,-0.10305285044649035,-2.1016619567665997,-0.8993369173020741,1.9355497113462723,1.205750227689172,-1.092759581115537,1.142734731491187
-0.4782791211059639,-0.5165704144307683,0.2726972093707164,0.3283533200016658,-0.011343428299655756,0.5537903667545359,0.4305273253392475,0.4124027524606575,0.60597662747208,0.020696338601772606,-0.9164364913787414,0.03907333572068368,-1.4378443188953962
0.6690117558529916,-0.16954478412137702,0.09914365617111694,-1.216048145959264,-0.6293063938189765,-0.40381958453292216,-1.002164493223639,0.14078985252147738,-0.7678074823590929,-0.9018074731490472,0.7813128838755893,1.1709062525569036,-0.7587445687936637
-0.38616581475831235,0.7308715074787488,-0.27325210737817796,0.7849670811296544,0.8210334804388927,0.06641038106195334,0.6223557864976101,-0.5200369715602978,0.055087387270676066,0.7378097688153897,-0.06756180375157605,-0.7154819421701303,-0.07964481869193135
1.0890937906187514,0.7582466240317652,-0.7165159119294918,-1.6070384914705083,-0.2764938143077591,-1.334769779412845,-1.434525197646292,-0.7835916785465898,-1.7110424569179072,-0.561186143282586,1.6301875715027547,0.4163509746660903,0.5994549314098011
0.0677263083842964,-2.802034456876808,2.176579981250803,0.06714828794089521,-2.0777058321142445,1.630795753660316,-0.0009026669722651382,2.630079549732791,2.035424186567754,-1.5736726797803888,-1.6061471750758132,1.5481838915023105,1.2785546815115336
-0.6627934937388816,0.4432348707959127,-0.767496164652168,0.37528791076695056,0.8225275836613377,-0.11633664911533508,0.554476452844583,-0.6545695625581925,-0.04016570845993327,0.8265691562397758,0.09160220017851745,-1.3442780070791414,-1.3020243688750497
-0.5679420587010641,-0.21650499541881207,0.3434442671433938,0.6323297142230955,0.27357024285695625,0.6727514215452705,0.6393586776301446,0.3020072683720409,0.6152310938839378,0.17504650807168198,-0.757272487448648,-0.21244509024292124,-0.622924618773317
0.9709353319905047,0.17264114103657865,0.052896481322957496,-1.5030304472955238,-0.610509316012821,-0.6562695454001282,-1.3160670023740628,-0.05664318875107793,-1.2199506854859856,-1.062813998156991,0.940476887805683,0.9193878265932994,0.05617513132841526
-2.118599213070191,0.02990498348098052,0.2251915531986048,1.2779522018587586,1.6262012144381202,1.694804698430651,1.8137786153490874,0.11195271226571557,0.9120039676929332,0.7026513576465175,-1.1817098312622305,-0.9670003681337347,0.7352748814301477
1.9775201368439959,1.6855952164980104,0.5908191736977862,0.01816825942264736,-0.2787137625092195,-0.9638939405814858,-1.052966077694471,-0.5111270749975209,-1.1816682211892457,-0.4272037053871976,0.5160395439921002,0.16483254870248573,1.4143746315318804
0.27357026181750577,-0.8934858848413827,0.4330185070852847,-0.4995660430487042,-0.853357994575371,0.13770129215178034,-0.41101938726479004,0.691526058479641,0.2686010586919061,-0.6623393436335926,-0.3328351436350652,1.296665465538706,-1.1662044188547032
0.3075231530505239,0.7722909890565595,-1.2169929184749397,-0.4024384497226602,0.3256050561019972,-1.1598018881608074,-0.3779305598039875,-1.0727185577030154,-0.8413589658376873,0.6314217570303576,1.3649142316192655,-0.589722729188328,-0.48710466875297076
-0.4591713913575471,-1.5160056509949729,0.8809462946555348,0.5105250916573688,-0.7485996814504052,1.009388790394175,0.516539165253124,1.2557565676099651,1.4475142447101674,-0.30780047363344165,-1.3939285031690218,0.5421101876478928,0.1919950813487619
1.212509936316677,-0.8876031213519846,1.0653276551822322,-1.6116359422270028,-1.5602330846821968,-0.04852990744037335,-1.503269377674137,1.0449805710620481,-0.5476403341456433,-1.890025046568072,0.3038208720853088,1.6739431044841135,0.8710948314504943
-2.366164247180671,0.7693792167967368,-0.7789826201020678,1.7485796255428636,2.3484833554374434,1.097736884933221,2.195530547995464,-0.8243761672246529,0.7314513499343522,1.7702307111171351,-0.5450538155418566,-1.6656626624770807,1.550194581552227
0.20654898850828854,0.6236484086363289,-0.9665598265521229,-0.32053667684411896,0.29458309789810366,-0.8940765964399676,-0.28038918701891663,-0.8571222974181583,-0.6761773107997966,0.5008665568756044,1.1526955597124742,-0.5338297456408602,-1.0303844688343566
-0.13509691296870366,-1.1174222823447406,0.7051438820672571,0.3035368273624916,-0.7057929092939675,0.6410724893196061,0.23301178285651042,0.957056113361316,1.0138046808306997,-0.3179463446451612,-0.9694911593554392,0.5980031711953602,-0.3512847187326241
-0.236342310754934,1.05892892306166,-1.6288790080927982,0.4215150806393215,0.9448097160208874,-1.0871390445465798,0.34976553169340036,-1.4484254091069877,-0.44288073419251445,1.4989235544101933,0.7282582158988915,-1.2883850235316736,0.3278150313691083
0.6997274740768402,1.1849909174494213,0.9253575696763325,1.4136105856395045,0.32702098345656744,0.21162361176136335,0.37112162396376164,-0.07186337387107371,0.19221434149376582,0.27409512359871646,-0.12061647172827389,-0.1565521066954534,1.006914781470841
2.2057547830489606,0.8710224389913056,0.19906778501159686,-3.2056005110931363,-1.0406662895262149,-1.4300252935582753,-2.8793830354774306,-0.32400144779875445,-2.9583143986603284,-2.330897851415396,1.577132903526057,0.9752808101407668,1.6860145315725732
-1.155964981450696,-0.36009276879231555,-0.04471700619659673,0.4770175097289169,0.6150824529890176,0.7954228963206392,0.8732338028547838,0.15512885008594077,0.603607678442086,0.3580854046580303,-1.5000378391224176,-0.911107384586267,-1.676887430931206
0.32295810511991674,0.1339204172724057,0.08721628430627655,-0.12607281037331117,-0.1477501001242363,-0.16457310268155648,-0.24016322655446243,-0.017907615478590214,-0.1870001515582213,-0.1507364937202626,0.1977115361319131,0.22072553224995356,-0.9977876808294736
0.29535541671429455,-1.3615886257127199,0.7065999204074077,-0.35094377612277133,-1.2083861377370746,0.33315237123240843,-0.3441773051627041,1.0801547021875215,0.7089727756509383,-0.7646851266238772,-0.6511631514952523,1.352558449086174,-0.31868793072774093
-0.23900483600905573,0.9915580066212418,-1.8712183458069478,0.2397657958744155,0.8981040730966302,-1.2722132637994634,0.25514058321008287,-1.5512806119993043,-0.5278402913295723,1.5554677593315935,1.0465862237590786,-1.5399034494952784,0.3604118193739913
-1.5651151774163556,-0.22772825191960747,0.8577189802292063,1.4704530689977824,1.0206876824763342,1.7854800892322777,1.6181164780818071,0.5974984105713081,1.2352133858759053,0.36312462192754413,-1.075600495308835,-0.40807053265905796,1.039511569475724
0.42036467994666504,-0.05930362146176048,-0.037412609359234864,-0.7266733383141633,-0.3612616737690492,-0.330668209308493,-0.6099230493037151,0.008611515536218216,-0.48860051270410626,-0.46697834152574214,0.6221488799454958,0.7237623841771627,-1.5410674809108593
-0.8235182851679959,0.42005224112688955,-0.5241070366354187,0.5757334069612033,0.9274910124742782,0.18685162262351243,0.7467743117614624,-0.5057736567957144,0.12264076847073252,0.7819747086704014,-0.22672580768166956,-1.1626258105498715,-0.8619677308091269
0.6409058599331683,0.7212062714502205,-0.9043271096027341,-0.8820039481867251,0.036165210192521446,-1.1579055135255913,-0.8105181738761107,-0.8709016059459429,-1.155339441483552,0.07224492281655544,1.4710235675726613,-0.030792893713651136,-0.1828679807073943
-0.0360274827467336,-2.069190467872846,1.1697920301756464,0.17316033930613262,-1.469137681518905,0.9284617929450081,0.11087469123841558,1.6955978260874707,1.593317341608372,-0.7524261956816791,-1.2878191672156263,1.101040023122569,0.49623176939433833
0.2606808769515964,1.6837414746283106,-1.1846600554176574,1.0524513122978478,1.0202368088295823,-1.1012238370871261,0.41615685394436497,-1.5109462860933944,-0.4250856274436635,1.598043885204057,0.40993020803870445,-0.7853481716044647,1.1753315194960705
-0.04791045568913473,-0.3964439460596363,0.29245067326184865,0.07409024125159983,-0.25041929151096387,0.2600483635323024,0.06490055186350814,0.36337774302024844,0.3351462756885034,-0.16713578179863622,-0.4389444795884609,0.34648474523175565,-1.405247530890513
0.6765443330841283,-0.15972977076352132,-0.07856912455623366,-1.519832038808025,-0.6279132310703073,-0.5463484011592898,-1.1667635317745333,0.03570684036253927,-0.99659871389767,-0.9764430594301861,1.25880489566587,1.4783176620679759,-0.7261477807887803
-1.6339714289121157,0.25719783791576756,-0.31657742460594057,0.8910365391303362,1.423532826475708,0.9288441380707674,1.348889454919349,-0.3072426660696442,0.4683348913446008,0.8422700878227325,-0.8633818234020435,-1.4141442365134762,-0.04704803068704769
0.8607406541695682,1.2816608475104203,-0.8376803533793005,-0.07799224792867808,0.27498463520498445,-1.2643123285343618,-0.5037155818644213,-1.1140104603756724,-0.9655347631595248,0.570134794922734,0.8343675518522872,-0.2823113196772557,0.6320517194146845
1.6104124848335977,-0.4608992281625838,1.6263149748520997,-0.41198414127370747,-1.5530052836640635,0.09864594355288281,-1.083048617236452,1.1474884186419816,0.02589131964175335,-1.490525987060763,-0.014507135774878218,0.8495215971589648,1.3111514695164168
0.024428109059055368,0.5794849104527732,-1.2780530445365095,-0.3711469807423588,0.4005781729105597,-1.0036667598182059,-0.2092792010127308,-1.0105782510150685,-0.6818267206712655,0.6981583646111664,1.6832422394794526,-1.0368665975680693,-1.2694275808701663
-0.873860095162948,-1.0103136840004965,0.4690197900405716,0.5088812726540716,-0.06881193746772216,0.9892778971743739,0.7384923975643483,0.7703252246449361,1.0878237820836356,-0.0024426082480400245,-1.6724655100466854,0.0949663192681511,-0.590327830768434
0.7872572638528874,-0.7458880157585205,0.6925152901301725,-0.8109373345075904,-1.1356699615722279,-0.030876446065574964,-0.851597096538952,0.7638745856349325,-0.0634063915962144,-1.0674294419314616,0.02528386520764516,1.2267992361043714,0.08877191933329849
-1.5389703062397218,0.2705327727238278,0.4355304735289835,1.3703055718200678,1.3612250795185208,1.4409543722008926,1.5511396711615377,0.11000429502398407,0.8088600760382106,0.6090434039709371,-0.8235908224195202,-0.6595889586226625,0.7678716694350312
1.996803322176101,1.2147031868682974,0.2077210441860633,-1.758943249356276,-0.6338641704168515,-1.2733316945117108,-2.002541467138251,-0.49123850332990426,-2.1455550677406903,-1.3522636317911048,0.8741585528348106,0.47224395821355825,1.4469714195367633
-0.06440254885348463,-1.3992527509838932,0.5068676365915026,-0.26667437340955535,-0.9631528686646172,0.4373301262438633,-0.10633399890015942,0.9864378471625094,0.7972096178316201,-0.5587008660293353,-1.2480281662331028,1.6040768750497785,-1.13360763084982
-0.6241084266361947,0.7151406553675921,-1.2271549597510027,0.41287348169642374,0.9898688313957582,-0.49877718111106684,0.553554255247681,-1.0498256406579167,-0.20547618239104617,1.194152762765503,0.44972120902122786,-1.6237429248164799,-0.4545078807480875
-0.517611303014957,0.5166181845776682,0.2717790287174386,1.0404169762022581,0.7656405142851873,0.5813204808216944,0.8279913410851816,-0.10553304487471685,0.3935118605514749,0.5062449773541953,-0.39915347860593753,-0.49191000798025947,0.2245918693536449
1.392871447902672,0.7330004078797226,-0.29093238756957596,-1.985565108332428,-0.5248253123417633,-1.224492642737193,-1.7978056674854446,-0.5310685964685783,-1.9695580967406041,-1.1355744137040837,1.2985958966483933,0.6399229088559608,0.9036916194553778
-3.0555876090160434,-0.1447269435044533,0.31678280691030686,1.8887250177174455,2.2095602463757493,2.4381868128839597,2.6400416257633257,0.2510332871199886,1.481809248699413,1.0504001360799693,-1.460246838139894,-1.246465285871073,1.5827913695571099
0.034170132448874825,0.1756142039185699,-0.2050187363824712,-0.05098209445265699,0.10112335242376826,-0.18272217866386756,-0.04530475876180025,-0.2035058137871409,-0.1617235138708976,0.11782062934823131,0.2375025371144365,-0.11463236903485266,-1.6497234409271366
0.14262070249057268,-0.9797431875083118,0.5273102071733953,-0.19411313280738712,-0.8165607430588835,0.304470838530075,-0.1792234138486209,0.7878709471884924,0.5528017661900023,-0.5245012052882545,-0.6113721505127289,1.0172005478013677,-0.9706236908254042
0.13948799352279634,0.8806404234659333,-1.3495188663354238,-0.07018596119472612,0.5312282390693907,-1.1414161606224038,-0.11204388287123167,-1.201677836325891,-0.6755469613398736,0.95626299404575,1.086377224741602,-0.8691876469256663,-0.2915239407236718
-0.3805214059802208,-1.0354144699252823,0.9334545800515001,0.7760820424183594,-0.46060705343493524,0.9934366619868477,0.6146271166220948,1.0446739629109476,1.300737017126926,-0.16604143763616147,-1.0358094943263114,0.2626452699105545,0.387575809378061
1.5043580524465328,-0.3089358111188722,0.8665279144558681,-2.162817725041884,-1.3627834301394781,-0.4114536970166905,-1.9513891139683572,0.6431321023397721,-1.3603549498699807,-2.1174323810414184,0.6619398809280191,1.3944781867467748,1.0666755594797932
-0.8553220134730742,0.31097752975455367,-0.6733985253955355,0.4166893042717768,0.8726962977950159,0.0944938240243227,0.679807442300389,-0.5352973519620596,0.08382554012679555,0.7847510790067367,-0.1869348066991462,-1.4979837118346777,-1.5139034909067903
0.3447623267242136,0.6247588570329896,-1.0388127673238379,-0.6019925492684808,0.19070683531709995,-1.0490563674266271,-0.5034055815227504,-0.8984037240705115,-0.8824931137295197,0.36297167736400604,1.5108145685551846,-0.3661507949984572,-0.8348037408050576
-0.4310840758490149,-1.5708085722609362,0.7605725500208832,0.30762732869969334,-0.8095054001760645,0.8963447146537793,0.39421450617396087,1.2153531609261123,1.3382017762880045,-0.35640044950079464,-1.5663561740932899,0.7656821218377636,-0.15570399070332477
-0.602454938231258,1.079092328677962,-0.929543100391927,0.9224063127089005,1.2366763110776526,-0.2846900022493559,0.8112104804046311,-1.064343022667735,-0.09140705961133909,1.3196829316077126,0.13139320116104083,-1.1207060728892708,0.5233957593984072
-0.17428899174229748,-0.20663527920832353,1.4385262693464531,1.531930585732312,-0.017435050820398524,1.2350784816501288,0.9032840705280675,0.9143067035309336,1.2651533281406133,-0.02713957475388443,-0.7174814864661245,0.01112684394694957,1.20249550950014
0.5216875200428921,-0.1299623830338076,-0.08622388849455755,-1.134024720906272,-0.48910098228317084,-0.4410751475111807,-0.8796538423663558,0.01648480500303962,-0.7359715637180759,-0.7080400670566463,0.9802678887882063,1.1429597607831699,-1.3780835408864436
-1.2121962370823247,-0.20555875094497097,0.0968629785231312,0.710281377361459,0.7694285169950694,0.9450353855996858,1.0267295316087945,0.1575400547274314,0.6643941319723196,0.4115849301722713,-1.1419188302797072,-0.743428433943864,-0.698983790784711
0.8839680068729183,0.4796336334938261,0.14767233728049436,-0.5541692117029752,-0.3226276236253573,-0.520703509376906,-0.7678585635562866,-0.15696391948356161,-0.7446901739105595,-0.4872200468837635,0.5558305449746235,0.3884044828923566,-0.019884040682978363
0.8294391368552979,-1.4639958696660722,1.151022776823952,-0.7822931009129316,-1.6869480095951614,0.29261727061291665,-0.8591237605995412,1.3819386095862725,0.46658443232205893,-1.3890586035464014,-0.29304414265254186,1.520237399728577,0.6592157094187538
0.22342691718163096,1.4235424174693592,-2.7054829242186123,0.13214474030608947,0.8602778990890265,-2.247923847572033,-0.05021325407939898,-2.237849939623524,-0.9126668921741065,2.1028860416588366,1.404705232601789,-1.3722244988528751,1.338315459520486
-0.8746001296647339,-0.5940173237118849,0.24598712290458144,0.4776002845861389,0.2328111468499818,0.8177201921849219,0.7223578459023786,0.4361328502942896,0.7698646956907284,0.142195629213962,-1.3541375021864985,-0.24039158201665495,-1.2422635908660973
0.6675164819150646,-0.20078823132570514,0.32646195465159267,-0.7686504998690773,-0.6507689520135376,-0.22735030250671723,-0.7649087107601157,0.28456428430176184,-0.4189538012096202,-0.7662879456576229,0.3436118730678322,0.8914413348195657,-0.5631638407643647
-1.1906702280013166,0.5099285241469712,-0.19059796322102582,0.9905378990339494,1.2705606217976033,0.7077797654792667,1.1632803511896501,-0.36280133077267684,0.3618308389837901,0.8162936452560464,-0.5052628145593332,-0.9949468599074686,0.11593590933736782
1.1929561610851669,1.0760447146316552,-0.6814902773431412,-1.0991394579846177,-0.1253272355671945,-1.3823125376687626,-1.2219052114384845,-0.9230019940826393,-1.565447652191439,-0.24140185695545657,1.1924865606949977,0.13688605692875166,0.7950356594391
0.68392280077434,-3.0029804949414363,2.378054808275232,0.043357509012989605,-2.6897204302917523,1.343852286087749,-0.3445731140979096,2.8442739607828353,2.160504010436463,-1.739771699750183,-0.9297001583729158,1.2687189737649722,1.4741354095408328
0.06480882250424287,0.5981102261196144,-0.8017422426659531,-0.05888457638029089,0.3834645262203347,-0.665143100158065,-0.06594415707584321,-0.7514335296878054,-0.467005826881502,0.5564074895180979,0.7680492168814148,-0.6176692209620617,-1.1064436408457505
0.4810928905364569,-0.19279776866651951,0.51391661584048,-0.06690491090709567,-0.5037977326558685,0.05113015813735103,-0.29386217917835433,0.38622136236843496,0.0878200372436314,-0.4279163532178032,-0.08082547074575051,0.5141636958741587,-0.4273438907440182
1.002766521153705,-0.04361697943763847,-0.050835973598097293,-1.992891178184316,-0.7910138159876947,-0.7591613422293392,-1.5920649807999019,-0.0068103849145970076,-1.4243560115611387,-1.3191969430478907,1.6169239045085804,1.645996612710379,0.25175585935771444
-2.350086426244889,-0.1335133513625743,-0.057965456236207524,1.2807755345972056,1.6833408585339398,1.642520970228967,1.939654291447663,0.03419096559666001,1.0299145518596604,0.9152453259617989,-1.6194108420699878,-1.5818231871558792,0.9308556094594471
0.8707825022315737,2.226460104825141,0.45982433452036475,2.0328243693483143,0.9506513699807686,-0.27038467364989116,0.6064679262216811,-0.8558260025655794,-0.09392273373746526,1.0420974662788973,0.07833853318434299,-0.4499902703196587,1.6099553595611793
-0.12817088519738143,-0.7717623470433559,0.36387449878979056,-0.019374180734630243,-0.4610596749998951,0.37278106540452255,0.05862986259518115,0.5915942459140554,0.532962360645736,-0.28391850793082635,-0.7705361544428224,0.6818426465165618,-1.6225594509230674
-0.1871885994374049,0.6807535364347213,-1.221532389753678,0.046246437871449705,0.6340881419288823,-0.8081258040420382,0.125022359579403,-1.0294355000885618,-0.448822274264064,0.9403221657655927,0.9272132208115085,-1.2045455482104725,-0.9434597008213348
-0.8073699923342197,-0.6822152939381667,0.5353251982944475,0.7013277755065662,0.11810856770952013,0.9927016405664743,0.8044748302489663,0.6433873663076338,0.9957624972369263,0.07926814154654506,-1.194973498256405,-0.07271263137425192,-0.2643599507196023
1.1128040850149226,-0.14109913919501219,0.5238924914244191,-1.3564334071601856,-0.9448519316318084,-0.3947101230186952,-1.314819008279079,0.3659537130007075,-0.890486948996525,-1.3134171342884686,0.5027758769979257,1.0591202854619683,0.41473979938212996
-1.1270188045939475,1.088313625919325,0.03713707750930184,1.5907286726681809,1.6406366619575055,0.8377984792883638,1.4462833632843872,-0.5240924546499022,0.39008745593964395,1.0555445365704597,-0.3460988106292397,-0.8272679092650655,1.0938395494838626
0.4126150588994429,0.28970024507334824,-0.5420612013759833,-0.8576794663368934,-0.10299516196781833,-0.7144844452348592,-0.6749965191188075,-0.4506135550332569,-0.831677946823619,-0.1807210484072166,1.3516505646250911,0.30456500757115507,-1.486739500902721
-0.13705283738598656,-1.518211035334516,0.5950276019313108,-0.13649965580153423,-0.99415914908666,0.5575125025244348,0.0015008292068662194,1.0957031579084382,0.976598315158199,-0.5356528386915094,-1.4071921701631964,1.4363979244073755,-0.8076397508009884
-0.6656891647046107,0.804387247112813,-1.1438226003391299,0.5899089701129527,1.0859035517329818,-0.40462612819215227,0.6694608807928233,-1.047549887487719,-0.13946668363350584,1.2527014788422515,0.29055720509113436,-1.4560639741740768,-0.12854000069925545
-0.5166562521671214,0.3423450482693,0.6465576691778162,1.22721368256782,0.638884075806132,0.869808971560641,0.9262013483114937,0.19298621056498994,0.653461100129999,0.3546016271953067,-0.5583174825360311,-0.32423105733785645,0.550559749402477
1.71223360826985,0.6984471192964758,0.0867847081490506,-2.4720487631228316,-0.7916909331936285,-1.1623375059830363,-2.2265159990020535,-0.3008644330665358,-2.30030973934697,-1.7478607969075446,1.1394318927182998,0.8076018594983642,1.2296594995042092
-1.13077954583545,-0.0634051054921898,-0.18204285204429912,0.5561309214168897,0.8105700649622469,0.6713822136246652,0.90151298763696,-0.07085520133561829,0.4510541164654303,0.5141278199010267,-0.9827548263496136,-1.0787863352286702,-1.3509195508823744
0.5152500705996365,0.5230451388051405,-0.3149194790114322,-0.37723892684145266,-0.011974970507089944,-0.6129118248027609,-0.4762290227534287,-0.4394438294274961,-0.6462645473958146,-0.02257024929839034,0.714994548904717,0.053046581607550526,-0.6718198007806416
0.6746329465697541,-0.8823967223160408,0.7186113189967528,-0.6189834336905408,-1.149093252744064,0.07011761397003169,-0.6896326134894564,0.846946811811527,0.17353722400020327,-0.9561379634549473,-0.13388013872244836,1.1848794984437705,0.007279949321090098
0.5766174163158768,1.1486068345606015,-1.8273595518987524,-0.4602586563258914,0.39394875411744906,-1.8239490237796916,-0.5530795663774681,-1.6052092952189427,-1.1503553003957523,1.046168755877714,1.5638692365318825,-0.7015086962832633,0.6863796994228232
-0.6934484027959001,-2.112160868550269,1.7374903725597937,1.083713252273936,-1.0022993846973651,1.8384860665298581,0.9453550945474156,2.0371000479869865,2.288696013924371,-0.5547763052551878,-1.513301506116592,0.4303242205529572,1.3654794495245555
0.43655973473674364,-0.6752755926745502,0.29290537050345766,-0.8994463083264227,-0.8189940023730544,-0.08742654014648123,-0.7099365832400859,0.5032722238116386,-0.17809648962931177,-0.8303843211997919,0.18444786913773867,1.5621571373891774,-1.2150996008620278
-1.2887119589316094,0.27781638383131924,-0.380638738655059,0.7364334838576077,1.1769531127828177,0.6315359884555808,1.081664774778174,-0.3536764947813209,0.34082181945729395,0.7846584495181137,-0.6644268184894268,-1.3303047611922747,-0.5359998507602955
0.70311280843313,0.963373726598607,-0.8442047713687861,-0.4321439827881166,0.164185021578672,-1.156177450086359,-0.6061897442909937,-0.9582905499306186,-0.9985114132680072,0.33383648325644477,1.033322556764904,-0.1984718443560542,0.14309989934143713
0.11739132085964575,-2.1779126417042054,1.398346194398559,0.33300106901765814,-1.6639603640241452,0.9946639725099795,0.11291594061014985,1.8788700051372214,1.7871126830055413,-0.813632294301465,-1.0888641623030093,0.9333610724801663,0.8221996494431698
0.28316099786455373,1.8577441747649766,-2.1706696511826324,1.0177967297409607,1.1290484558764289,-1.8781552308823621,0.3857626013770551,-2.1538499857452518,-0.5737438289033178,2.3080469469592884,0.6088852129513214,-0.9530271222468678,1.501299399544902
0.04739865185488089,-0.13192488754161993,0.2565246472401692,0.14851717570622863,-0.1313057063975647,0.1639010776017492,0.0530238060181158,0.21065758218667602,0.20197513506568315,-0.08972694847586903,-0.23998947467584403,0.17880579458935258,-1.0792796508416815
0.7741315506712041,0.0011353615914753289,-0.18066010175691266,-1.654026224939785,-0.5854868201986174,-0.6951832464616353,-1.2901218719660834,-0.10239751959814279,-1.2086307465114048,-0.9918632597007645,1.457759900578487,1.3106387114255726,-0.40017990073994886
-1.528624958231625,-0.36068866710362196,0.4125393935387541,1.0092894158616383,0.8968948642798863,1.4157873128966092,1.3547816707058808,0.4131595075489048,0.992713060373134,0.38032225335779873,-1.3010828342098006,-0.5757494833014609,0.27891984936178377
1.5406620752172375,0.6125431447696498,0.7929629529649516,-0.660621491611516,-0.7238720887178915,-0.4942799349938019,-1.1769764099196194,0.14019291025981218,-0.9166461093247577,-1.039808880625409,0.39666654104453003,0.5560834335347596,0.9580195994635164
1.3166726929615122,-2.4707619513263563,2.868572496684942,-0.9588447363424908,-2.7840526897354163,1.2680458860165031,-1.2142344147817679,2.854220179632711,1.0513669974983115,-2.787151042750115,-0.45220814658263536,1.68791635037098,1.6371193495652485
-0.32388684021319386,0.5198193914520381,-1.264790708379695,-0.0678167274130964,0.6212335339358648,-0.7433607362439297,0.13819047535057397,-0.9732226023634301,-0.4180272302822516,0.8948377305354994,1.2455412286716956,-1.6889514056218589,-1.595395460918998
-0.8855299841794467,-0.14325929925229924,0.11211568158537324,0.6284218972024976,0.5670741796154379,0.7222738817099927,0.807940839903736,0.1349378200365148,0.5604528675676892,0.3444962001074005,-0.876645490396218,-0.5571184887856384,-0.9162957108172656
0.8354173877419597,0.34382240552205334,-0.02967248635436972,-0.9949873092486581,-0.3840743221908351,-0.6226834417322121,-0.9747461789858343,-0.18891027557737422,-0.9703125170907593,-0.6554400973771708,0.8211038848581127,0.574714428050582,-0.23719596071553295
-0.9485815608991242,0.9183769078787098,-0.880476509881844,0.9356479318449615,1.3825957097065193,0.0016709928133262623,1.004190736114878,-0.956200794401311,0.03219518677335768,1.292193542787006,-0.027770802769052673,-1.311673766676452,0.4419037893861997
1.1407884599638072,1.2565242179498801,-1.4905873730098111,-1.1046389035729254,0.04470478638600954,-1.9691471595418724,-1.1967807677715225,-1.4694326601259837,-1.6974072573277963,0.35682924930481685,1.6699785724852783,-0.17984084984023163,1.1210035394879319
-0.40554554224082484,-1.2435032810492308,0.42300029569530034,0.04881768399130565,-0.5921427625809094,0.6175430830976836,0.24370960309032713,0.8611671373300505,0.9171802297922647,-0.2814747702560554,-1.6459381760583365,0.9519920669959886,-1.4595755108986517
-0.48001433740396093,0.5539493418068976,-0.5619308454883707,0.4983638900177974,0.7641631417838475,-0.08895164152404512,0.5213113027836593,-0.594148351838082,-0.028778062046540476,0.7574327529685091,0.05181119919599408,-0.9343961277310452,-0.780475760796919
-0.2356937139623268,-0.6105542119715662,0.7139438156998851,0.6259479292187563,-0.26303997965015363,0.7200859498758931,0.4574610107248343,0.7081779279469183,0.8899163272999584,-0.10495418715959366,-0.7970634884311713,0.19743678910517531,-0.10137601069518633
1.2055132846762429,-0.11247469220533758,0.3279508436004425,-2.0049389977540737,-0.9943665656268473,-0.6124567098086665,-1.7073729334362877,0.2411762960186434,-1.3843398158885472,-1.6092216169424753,0.9006858868231595,1.3292697059413954,0.5777237394065459
-2.6429069852661,0.1543090617775532,-0.1618903600659999,1.5471445477168069,2.113266983367953,1.7725646521207552,2.237771288927502,-0.16852697434573832,1.0203860262122375,1.173945082649881,-1.2215008322447538,-1.5631921926400565,1.2568234895082786
0.027498907090869527,0.4431201456953827,-0.4963365779899543,0.010016356474839245,0.29963438810784243,-0.4027095050394489,-0.009482105572387425,-0.501673207119901,-0.3068180186245843,0.3760995165917212,0.47624854300957675,-0.43135927580383615,-1.323755560878305
0.28117218780771436,-0.6296610865249201,0.5665161817230774,-0.062494660378250945,-0.6683192643764135,0.2352484980877189,-0.18410923651887,0.63464912556536,0.4007373243134714,-0.4640478527260765,-0.37262614461758864,0.7004736410323845,-0.6446558107765723
0.04927811976406007,0.9325269393317513,-1.7252055065780794,-0.07638689073519168,0.6370749082783722,-1.3665246837649452,-0.06684922297243814,-1.439417971851456,-0.7168579595294426,1.2315549864591053,1.3251232306367422,-1.1859145536946498,0.034443939325159635
-1.138759911713822,-1.02628549301405,0.9165484653346512,1.0350608166347552,0.12026586882528562,1.524770043038983,1.1589183452231056,1.0305730749993591,1.483380451966875,0.022883286719495563,-1.4337195041515451,-0.05408163685842936,0.7135436894268925
1.7998392128529708,-0.3653108901106972,1.5046123004922036,-1.4699142070072955,-1.6273435433395016,-0.131257270547187,-1.743954434903123,1.0310203952889407,-0.8144085146982666,-2.120354370609925,0.2640298711027854,1.0777512799777906,1.3926434395286247
-0.8169411855650233,0.10126117239546302,-0.1585570003382945,0.5498890027957437,0.6919622220730578,0.46418309203598895,0.7295813588981087,-0.1400818783052816,0.3297624859952452,0.4924038158607418,-0.5848448165243799,-0.8086369147492429,-1.1879356108579586
0.6797357361612046,0.48262456316965086,-0.41558630669459573,-0.9192134860983641,-0.16578418233996703,-0.8086776070893859,-0.8510478439888175,-0.4759420895889075,-1.0133781463253166,-0.3167199186938287,1.1129045587299509,0.3231960020869774,-0.5088358607562262
0.2056118549483612,-1.8329921691075752,0.9802550421119046,-0.2156913600783558,-1.4813323330467678,0.6087324497296148,-0.224474264999703,1.4704779252164821,1.1419213473236245,-0.8761896818722495,-1.0092821603379625,1.4550289189231977,0.17026388934550646
-0.3560190920668919,1.2051722994756684,-1.9337846962863459,0.6339748542089201,1.1412121032946967,-1.23647814611608,0.5263569462622028,-1.6935235928133843,-0.39140881501240493,1.8704464852884624,0.6884672149163681,-1.4374329796582543,0.8493636394472391
0.7049417247257703,1.817651080821617,1.1861312910395765,2.1735858720223615,0.7806072219610134,0.4090895408970015,0.7699713766875946,-0.241713084792952,0.29867487876715476,0.5975669938821506,-0.16040747271079728,-0.30560006282203395,1.5284633895489712
0.5759819734899899,0.16665921869150266,-0.39795851203036764,-1.272591887349968,-0.315707588803886,-0.7205861443734832,-0.9820611077601512,-0.3077715420916126,-1.047436012607293,-0.5704611175249729,1.5373419025435335,0.8262328540141866,-1.052115660837612
-1.6008785980430125,-0.2780388585977417,0.04030464796850949,0.7520456181488049,1.0113897272124661,1.1804505335361533,1.2576503635174814,0.16195884992559617,0.7462736656185658,0.48210338406592446,-1.539828840104941,-1.0601553407128474,-0.3730159107358796
0.7761393252728805,0.7164430705706433,0.44475355802613925,0.3830350399851795,-0.0697019529394554,-0.21406394163919987,-0.2146016127532807,-0.10810788174399859,-0.22818851661772407,-0.07008077846618942,0.15792053514938975,0.07167757612337287,0.30608383936585265
0.6641178252816416,-2.112437790398888,1.5615925142354956,-0.12449277905991554,-2.0306864141295566,0.7280999324778782,-0.42264131758123535,1.9380940314071409,1.406619429228593,-1.2466103754616094,-0.6909541524777756,1.2035104929595932,0.9851835894675857
1.0732237846344732,2.041022480497228,-2.615924391732505,0.2990492460186597,0.6632202117788873,-2.7889339934048625,-0.4186190801505494,-2.4966028094338,-1.2285253676748646,2.1499039364212753,1.0067952227765553,-0.6828777017674407,1.664283339569318
-0.3773271218175155,-0.8359886023156331,0.36030110942492144,0.17009693639565737,-0.31880293925899755,0.5489057958440684,0.2926439932112811,0.6217444555842732,0.7168512113763081,-0.15224330532257851,-1.1153914962913583,0.44895521506877983,-1.5682314709149288
0.5851855589406584,-0.4839139771500194,0.20925061096294276,-1.200254377888438,-0.7931681154741658,-0.258679453746742,-0.9487756036672003,0.360286861889148,-0.533414875436543,-0.972973631934532,0.5823578789629724,1.5807881319050001,-0.8891317208131962
-1.1911524080754572,0.5493924615209359,-0.788017697149785,0.7209835935927809,1.2994658549722333,0.24716489647295242,1.0210783724057952,-0.7192999650858027,0.13701679096926636,1.0772319297773547,-0.2665168086641929,-1.6470316679612582,-0.21003197071146362
0.61530085111321,1.0858873455753772,-1.5217184776744817,-0.4969678927948193,0.31929259312608066,-1.6158932734382296,-0.5932661377527937,-1.4015251655766516,-1.1326991534221456,0.7937725036891717,1.431232566590138,-0.5151987511250377,0.46906777939026856
-0.3035101484545782,-2.2040459430709127,1.6093072439330867,0.807111717281731,-1.36407952125103,1.4596252179302638,0.5896465245297021,2.0108655373407083,2.151850468127412,-0.6477531353489802,-1.3276101681981496,0.6166341657111825,1.1481675294920013
-0.4788150510154198,0.48385743780616797,-0.8714379599358922,0.24332911289429995,0.7125648600827432,-0.3286242066594865,0.3858794902061108,-0.733499958874707,-0.16532422843797,0.8140481249404218,0.3701392070561811,-1.2697540290158513,-1.4324115208945822
-0.2778513123277372,-0.05113221845971907,0.2790855771637948,0.5044941245982492,0.1734591848950653,0.41482224775758186,0.4159242170870524,0.18291326718486298,0.40464680912466566,0.1358828905740261,-0.4787354805709843,-0.1379211121796309,-0.7533117707928497
0.902673593967712,0.17346602180385487,-0.12467581533321843,-1.6353725993210697,-0.5582130322203136,-0.744273380075007,-1.3493319842393905,-0.15714478125744896,-1.3171761660250454,-1.0208142817380443,1.2190138946833466,0.9939118046565896,-0.07421202069111722
-1.7894566730608585,0.24512232985599303,0.17899708188621744,1.246426172204016,1.5325605452652467,1.422853527075068,1.6202608864699874,-0.021865076101313816,0.7364128666399389,0.7155534591787852,-0.9031728243845669,-0.8924763900704443,0.6048877294106156
1.7662881514545468,1.4006238872645365,0.038880674764075925,-0.8817758569008147,-0.32482119301664547,-1.2381081157923666,-1.415092018050754,-0.67951387486478,-1.636818820968848,-0.6293552195909973,0.7945765508697638,0.2393565267657763,1.2839874795123474
0.3526706709217441,-0.7337073195607311,0.34213923269059504,-0.6829370674121598,-0.797715934259197,0.010789864518018494,-0.5504345838135029,0.5602853166239093,0.021428714236891005,-0.7195871405082663,-0.0542981367574016,1.3711894436019967,-1.2965915708742357
-0.11442212130239167,0.699273658766881,-1.5646660844627929,-0.1899709232824657,0.5923702506842058,-1.1251259070954394,-0.038919072414302334,-1.2321173854260847,-0.6344452784900954,1.0347693725134468,1.6434512384969293,-1.5212724549794558,-0.6174918207725029
-1.3607152012304096,-0.6998557205980928,0.45770984390241465,0.8357812346530806,0.5244409788751128,1.3300892884598003,1.1728596930520525,0.6084738104821876,1.1064504342008128,0.2285680883223543,-1.5928835080816388,-0.3894395381432354,0.06160792932922918
1.2313987034615288,-0.09890286628432356,0.9870359829717046,-0.43182606885101343,-1.0041564863538763,-0.1224999159538666,-0.889882169796561,0.6058724131416178,-0.24522076632242887,-1.0284073723332938,0.1048658671726919,0.7423933786929853,0.7407076794309618
-2.585385846249537,0.6858391862565826,0.004496859610502028,1.8197136612585516,2.454100757718575,1.8596494527105027,2.350918236769935,-0.34093189699208193,0.8426181908155254,1.2357519132007282,-0.7440088204544735,-1.1439948160340487,1.4198074295326941
0.3803880383167612,0.44356917228552256,-0.5295411965535995,-0.5008644611893885,0.03268970494854353,-0.681686763549738,-0.46910131436562647,-0.5206138373210598,-0.6801987856240154,0.05292999093486688,0.9537405547998574,-0.012161899197828617,-1.1607716208538892
-0.07152435787149823,-1.49830132631527,0.6861108064115691,-0.006475553139916698,-1.0293902215939443,0.5807448592082353,0.03500935221994358,1.1370714065929948,1.057432119704043,-0.5148822869842635,-1.1684461642680561,1.1196710176383917,-0.48167187075215684
0.10558206085136139,1.0945742852577494,-0.9905948399506717,0.46373454495593985,0.7116232104325887,-0.8401324077159624,0.18835475928618395,-1.1065081158452525,-0.43732000735384946,1.052782633932635,0.5293032109862746,-0.7667171770886422,0.19742787934957556
0.851037422782769,-0.10738239152664975,1.3086813602287228,0.7880760907174584,-0.7222126833638057,0.3987580122935965,-0.04077950116302327,0.7914141182645452,0.6516042595675964,-0.43704658149620984,-0.31957147664089075,0.3651157397475784,0.8765276294513085
2.017985477666985,0.2533701222580997,1.0199732553821361,-3.1787874127923934,-1.3451363189744896,-0.6618165317613075,-2.764319285326579,0.44802005116444304,-2.500874666128122,-2.9234013939495127,1.37817789861344,1.4969486565837986,1.5556273795530406
-1.4376853874398126,-0.1368740643838225,-0.1981415634402193,0.6183784119388802,0.9898806511892132,0.8793039465034334,1.0993188912478669,-0.04313615735849708,0.5485922181996286,0.5684915960609539,-1.3806648361748475,-1.3955132419976535,-1.0249516708335429
0.3026017873668821,0.6856207986421631,-0.2091360626309235,0.2558005055019586,0.2666531032743599,-0.3786197633154805,-0.027402962456914724,-0.4612365683663757,-0.2992492592248729,0.32978143382970926,0.31708453907948325,-0.2636803251614332,-0.34585192073181026
0.4967859133753059,-1.189183911856719,0.999163061388519,0.04338514905553967,-1.2362626891725508,0.4142729868228941,-0.24400545219072392,1.1587178518511367,0.8747056652822929,-0.7138444591810831,-0.5317901485476821,0.8681525916747875,0.3332478293699224
0.35224464044298137,1.3831401091442448,-2.2857765595238093,0.12427841542806162,0.7334959068842128,-2.016568830632868,-0.12358744842046226,-1.9810493812222008,-0.8897695483436651,1.7852641450021483,1.1659592267066488,-1.0182356030522468,1.012347579471655
-0.4315180309594104,-1.0422479011118368,2.1130774619447026,1.8429097254832183,-0.42692537249357143,1.940230915266858,1.205853625959755,1.7129896970957879,2.0846149518090447,-0.3172569771421378,-0.9562274923612647,0.11359731378397345,1.6914473295733872
0.4401844533514975,-0.27434232149100096,0.010161465275614784,-1.0010303165647347,-0.5317871510926474,-0.30819031306806194,-0.7655719868659937,0.14311745065727838,-0.536502171079675,-0.6891917967392116,0.741521882893066,1.2454302306201936,-1.671454632930392
-0.38911659625953005,0.3678455813713214,-0.2641572243272953,0.45553542930465424,0.5607305314394865,0.07554638661420109,0.4498347090358389,-0.333108171871181,0.07187796388029272,0.506723196453733,-0.10735280473409943,-0.6409579641068399,-0.9923548828286595
0.7289630115887543,0.4549775119444297,-0.5865988077810129,-1.315997185318401,-0.2230618445515124,-0.9759713181546672,-1.087201380074995,-0.5584875858427509,-1.2835237490332012,-0.4596669339328746,1.5903965705202314,0.4908749527293805,-0.313255132726927
0.009415610898837197,-2.0577675455169215,1.1638399404656554,-0.12082935247996807,-1.4952941687611485,0.8912433367178454,-0.06891826608432852,1.686522364167102,1.370538304097054,-0.9481841851208338,-1.486774172128243,1.6227078695656005,0.3658446173748054
-0.9757449519360287,1.1104902453169267,-1.4957629719366383,1.0608659139343406,1.5421035986166876,-0.4535738081613174,1.0849647192155754,-1.3992164345133713,-0.012557474003401667,1.8352371337658249,0.21097520312608758,-1.6051119303006576,1.0449443674765375
-0.6177492690866115,-0.09578548883950652,-0.01074295010348243,0.4140868665247297,0.39859647861797914,0.4352244417871665,0.55077861138155,0.04191387725167606,0.370283522058792,0.28995702488203867,-0.6378994845010778,-0.47327901346443685,-1.5356346829100456
0.6329707336961978,0.20890081580492698,-0.22562026291250611,-1.0590254971043491,-0.32832062670353523,-0.6285273875452234,-0.8998113930355263,-0.23178770100310273,-0.9214281035418868,-0.5532586330442921,1.059849890753253,0.6585539033717835,-0.856534932808313
-1.622191553840789,0.0790797990416013,-0.1343168506087538,0.8673983774922023,1.285797329934353,1.061016581131956,1.3300669407409935,-0.11531055947494356,0.577343164699088,0.6905705743872161,-1.0623368283146604,-1.2278342913552505,-0.1774351827065806
0.9397179796329092,1.1451474218074804,-0.2860899255091752,-0.017386529953762588,0.11644363142922344,-0.8954143865265549,-0.5141214725401896,-0.7347413397325108,-0.8245026865242165,0.20101458368579544,0.6354125469396703,-0.0960013745190301,0.5016645673951516
1.261135151622847,-1.1992643635418374,1.6053076424108441,-0.404141569294746,-1.8224518275147439,0.33320089494639216,-0.8912288393690747,1.5054190636858442,0.5550526562094249,-1.4695560917614847,-0.2134621406874951,1.0358315423171902,1.1807643174968843
0.056843751609013615,0.5561337211332699,-1.1498496712979354,-0.35882284531307634,0.35913995876375243,-0.9280195924942474,-0.22018350926092162,-0.926622296882523,-0.6562733287305657,0.6111657234700524,1.4842872345668356,-0.8505566524098437,-1.399814732889699
-0.5494031402095243,-0.9542606426230129,0.5196907416278965,0.42359407279805206,-0.27401036776828885,0.795430805751128,0.5190792432472863,0.7708146463185112,0.9858076235670186,-0.09821688527034458,-1.2745555002214517,0.2812762644263769,-0.7207149827879664
0.8357602029084216,-0.5133023224617259,0.44987129568375606,-1.2889650491230655,-1.0042005384333292,-0.2529200184107685,-1.1302993785625386,0.510630143493994,-0.5773607153978922,-1.2124034400686061,0.4231938750328789,1.413109181262597,-0.041615232686233995
-1.5906757554636057,0.7040111381844727,-0.63629902939733,1.1197894754439872,1.7138740016235432,0.6510670761121671,1.4465229680225462,-0.7112164961403391,0.31862760530206474,1.2359107031702923,-0.4256808125942865,-1.479352717318855,0.6374845174154978
1.2084895908767852,1.5875727828785573,-1.6910489691283133,-0.554198693243459,0.23284163485254322,-2.1724267157948183,-0.9422472296236915,-1.7482109842765348,-1.5301408405241317,0.8807858120242846,1.2720685626600443,-0.3475198004826347,1.3165842675172308
-0.08951448202423314,-0.9305500612792086,0.4628032336327808,-0.0025803063238281423,-0.605171227932987,0.42135975570822126,0.046734530616684825,0.7268758445012135,0.6577920134925178,-0.34608696360464114,-0.850118156407869,0.784313116353586,-1.2639947828693527
-0.1269098234757459,0.7852461657811575,-1.2516739238693815,0.11966453909308725,0.6640028370573162,-0.8746598004111169,0.13143506094504973,-1.0987544009530896,-0.46928576372727976,1.0127403379320004,0.8476312188464616,-1.102075078373448,-0.5848950327676202
0.5026443086988053,0.5042730057236714,0.44845167729028307,0.4871006166265028,-0.01600355587302861,-0.01485456711684877,-0.012647022703944216,0.0002307981114147948,-0.0017868338992097464,-0.0019708411027457686,-0.0012434687807037575,0.029757838462772298,0.0942047173341124
1.2698993489964971,0.36491409776472084,-0.22032627803504734,-2.2516044665839723,-0.6978867467120186,-1.081726003999323,-1.872333259356822,-0.30693481160580416,-1.9028889670612577,-1.369260202390718,1.696505906473627,1.1615907552989921,0.7733044674358448
-2.476872859016686,-0.643722626045637,0.8382637473301426,1.6536327419642385,1.4103859767165856,2.425065814063113,2.204836893874303,0.7948614246716453,1.6638799471492172,0.5023320323363181,-1.6965059064736268,-0.7247974394280415,1.4524042175375775
0.2726649316538257,-0.12502921899375996,0.2344777288755354,-0.137592958383068,-0.29692986260758225,-0.01484012582659806,-0.21922798801816684,0.19477751932460674,-0.011840567502626248,-0.2681448069199475,0.0012434687807039537,0.4070354774081789,-1.128174832849006
0.18901021412716243,-1.4801223722432824,0.6797925336909536,-0.36108576650767676,-1.2135657088799718,0.38881877048365415,-0.29239562759924087,1.1244061421075389,0.7855965091432116,-0.7516461644376906,-0.8476312188464614,1.5388683942443993,-0.44907508274727365
-0.22282619244341267,1.0075152960859703,-1.687439018661572,0.31527087068963816,0.8973909719960241,-1.142027070376274,0.286352301683853,-1.4556849001927814,-0.48401621464718747,1.4701478830408146,0.8501181564078695,-1.3535935043370528,0.2300246673544588
-1.3380271210913952,-0.7004362858041808,0.9345588519030839,1.2577142908484737,0.5068377328446265,1.6817306602971818,1.3836630018672744,0.8775401483891245,1.414971787209175,0.1610948195010012,-1.272068562660044,-0.2217605875008324,0.9091244174561914
2.167873253242527,0.22231022922759677,1.5231154815154984,-1.8112433062394044,-1.4811198736120024,-0.38121078376987805,-2.122102260757849,0.7471705132341895,-1.4802290498637225,-2.3665421339244452,0.42568081259428664,0.9100723293353881,1.5882241675579236
-0.7551509825184675,0.14268784637552182,-0.34326353919508196,0.4192239261281194,0.6751233445823688,0.27730368172656034,0.6273227526203149,-0.2649379576366103,0.20497864551702144,0.5408534464498463,-0.42319387503287875,-0.9763158653916458,-1.6442906429263227
0.4976910394630156,0.44922675724573263,-0.6035533424088935,-0.806967285580079,-0.052061133295203066,-0.8230113211589688,-0.6939081544133008,-0.5651640332383574,-0.9077361368353131,-0.10043887240368807,1.2745555002214521,0.1555170514445744,-0.9651908928245903
-0.1750735988088985,-1.709162957341221,0.7716895140081238,-0.003769866944690563,-1.1034582611567378,0.7211194980470159,0.09207876783504514,1.2909067593975907,1.2088898213039567,-0.5767112668802621,-1.4842872345668354,1.287349968280795,-0.2860911427228577
0.11338340478222506,1.1299050093583776,-0.4098121933197533,0.8080809060481307,0.7312655985953539,-0.39760929129512457,0.3661520286042111,-0.7968439428797706,-0.21091295452884576,0.8551506530057398,0.2134621406874953,-0.5990382264462392,0.3930086073788747
0.5533989322997436,-1.1885882751379746,1.5751111682491377,0.7856445871814829,-1.2787092157411009,0.8180214580120327,0.11786360068766644,1.4830522848926526,1.4163063523263997,-0.6369285464853703,-0.6354125469396701,0.5327946903899814,1.072108357480607
0.48486767349261706,-0.32626425611020315,-0.046355378273232266,-1.261395285785303,-0.6031786842864696,-0.3838783031215794,-0.9271857789290856,0.13726414835424605,-0.6898214968965757,-0.8244330518171193,1.0623368283146608,1.6646276072262016,-1.5084706929059764
-1.4536884660004656,0.07480131255407203,-0.39265686171061537,0.6469733772484557,1.155083127532924,0.7407079747858266,1.1230303324962017,-0.2587810612143078,0.41941443809158513,0.7326839758478094,-1.0598498907532528,-1.6749781597349918,-0.8293709428042437
0.27972456294779957,0.9283862059100809,-0.7932548552255663,0.17536663584000362,0.45954597736968533,-0.8128932653262445,-0.05762027339083283,-0.9120510043789288,-0.5300836145238031,0.7096014708689234,0.637899484501078,-0.5431452428987715,-0.1502711927025113
0.8416416704294287,-0.35866401052122426,1.036805878173726,0.18703928283607685,-0.8968216751777707,0.1957282259023744,-0.3533824964237676,0.7640129090785305,0.3908429110597361,-0.6440326596950278,-0.2109752031260874,0.5886876739374489,0.528828557399221
0.2815739318543191,1.339951715166209,-2.5541952906207013,0.002352834311658902,0.7557865940029027,-2.17293903289889,-0.150052813566808,-2.110714761742879,-0.9481870461544574,1.9019474180982978,1.4867741721282435,-1.297700520789585,1.2079283075009535
-0.8984081306913007,-0.7248166789146315,0.24892251360230921,0.42436306409532326,0.1562495583243159,0.8370780727188066,0.7070142551843259,0.503291370943379,0.8237140475704537,0.10376085052394866,-1.590396570520231,-0.1658676039533648,-1.37265074288563
0.5558591915966324,-0.42658796645218505,0.4190591070930609,-0.6058154427001669,-0.7294992892919536,-0.07573914557414048,-0.6188533173946988,0.4498365435366678,-0.13997444712086216,-0.7243018222885245,0.10735280473409962,0.9659653128828555,-0.6935509927838971
-1.316170861279838,0.26245845713150956,-0.02178259696156013,0.9602708344233541,1.1866430551444676,0.9281387121174397,1.2147184701886327,-0.1437162834371838,0.5151628092506171,0.6700836738612312,-0.7415218828930658,-0.9204228818441782,-0.014451242682164672
1.192433758581279,0.9985422615055154,-0.3338367486560648,-0.9214606763999018,-0.18098081011515724,-1.1136926804525562,-1.1277202116311318,-0.6882343039550736,-1.380758334242234,-0.3790725375102974,0.9562274923612651,0.2114100349920422,0.6646485074195675
0.3919355593929252,-2.9228606386449205,2.19761414415933,0.07859185251610969,-2.410634468124359,1.4142591529928534,-0.16905993555638246,2.7024448897096733,2.1294355524236357,-1.5815300282817033,-1.1659592267066483,1.3432429518282625,1.3437482575213002
-0.5253073655886991,0.5477465814476141,-1.0773382133911356,0.23261672258545676,0.7939811576448872,-0.4541148868330243,0.4051993425884811,-0.8815510084450618,-0.21843843063840315,0.959945460822514,0.5317901485476824,-1.5492189467531898,-1.2368307928652833
-0.3591194107814755,0.2813936743554444,0.07961115182200357,0.6291854904687917,0.4754900009285514,0.31925695084147065,0.5254916130428314,-0.09604848099362708,0.25996973127765416,0.3691998293164712,-0.3170845390794831,-0.4173860299169693,-0.5577310427635509
0.9523684925656256,0.42634708966157536,-0.342417369041991,-1.601514171367296,-0.4129688972944681,-0.9479583315471871,-1.3581398408158987,-0.4065168538135906,-1.471721513929885,-0.8357572999999634,1.3806648361748477,0.7144468869192513,0.12136870733818172
-2.278241926012078,-0.04833891757273044,0.13728391206316212,1.2185899728564025,1.6905251797109937,1.7415919493381635,1.8681851085981378,0.10158798494926871,0.9241235444497184,0.7276339464262809,-1.3781778986134396,-1.171941307807783,0.8004684574399141
1.8891892287042662,2.060623714574721,0.8120770120179687,1.0763384372198153,0.059403834493264654,-0.7297571186262048,-0.44625452273601196,-0.5742285908844973,-0.6748180284196905,0.12871819998161732,0.319571476640891,-0.04010839097156252,1.4795682075416463
0.17494297161062622,-0.9368786285009231,0.4836452812463451,-0.28576963058364846,-0.8100414748928104,0.24757376986135815,-0.24503193801437406,0.7417927799261426,0.4554839779528911,-0.5544257488118325,-0.5293032109862744,1.0917245258646575,-1.1010108428449368
0.18124512482258215,0.8309235868535624,-1.2939018217235674,-0.17035595872953466,0.4636475638708128,-1.1284823594660363,-0.18742141617317204,-1.1454312626848686,-0.7134497181508315,0.8466746339378858,1.1684461642680564,-0.7946636688623762,-0.4219110927432043
-0.23267159847159014,-1.014849789055732,0.9019348612786784,0.6723726503077221,-0.557712573090663,0.8629675880751555,0.4803729001980297,1.0166091558999681,1.2104264044264945,-0.2132093067433951,-0.953740554799857,0.3371692479738443,0.25718865735852814
1.3997293270753886,-0.31475588632459306,0.7238307928901803,-2.1490127922036653,-1.2877492836827942,-0.4464386082973665,-1.8878736476076667,0.5656156539246167,-1.3461482116308445,-2.0018641885278377,0.7440088204544737,1.4690021648100646,0.9362884074602608
-1.5590059678374826,1.3120152543941273,-1.141892831382772,1.7387842338077355,2.12959239709554,0.23822033439573256,1.7566484843250716,-1.3006810106664324,0.33961831231723155,2.0335693431658513,-0.10486586717269172,-1.4234597337713872,1.615388157561993
0.23214346745405703,0.43265683908082125,-0.8966578413353492,-0.6323625658652495,0.13707471847393193,-0.8585167382275936,-0.45894355362032757,-0.7220739947139595,-0.7684872859359747,0.23652722101169932,1.592883508081639,-0.29162681693516707,-1.6171266529222534
-0.44055818416951076,-1.343228463499116,0.5218602275771734,0.15443830810824408,-0.6377456126335245,0.7189594329636151,0.318343852324154,0.9668315870268337,1.0650041596041464,-0.28310723741481264,-1.6434512384969289,0.8402060999010534,-0.9380269028205209
-0.5740385312300454,0.7347240002397316,-0.6744718654478823,0.6633877834341516,0.966109680220976,-0.10828204093252736,0.6590488314695656,-0.7481135115553335,-0.03642499751730137,0.9535340489208373,0.054298136757401784,-1.0461820948259806,-0.25892715271878836
-0.29361138196834213,-0.5013283467921474,0.9036440581695687,0.9315694270977928,-0.1401832064582093,0.9080381454078945,0.6501043296612781,0.7604022899443906,1.0356601714137146,-0.03798610469383249,-0.7945765508697636,0.08565082201023973,0.42017259738294405
1.5842679204477677,0.079641036606617,0.5556405449688366,-2.4486212883513603,-1.1422891246591453,-0.708701570399598,-2.145375462400869,0.27330235222859234,-1.844524387374562,-2.080741475851501,0.9031728243845673,1.21748373884646,1.0992723474846762
-1.012563562116882,-0.32184762621333624,0.03624604105273705,0.5026875813119844,0.5341324170486712,0.7549377390606742,0.8097476318441166,0.18161054034377325,0.5952404688178008,0.31532765832942533,-1.2190138946833462,-0.6689044558805738,-1.481306702901907
0.5616356484985284,0.15959210877602115,0.06795388011447599,-0.5171519923345264,-0.3099529246960315,-0.35079443923155373,-0.5750979788866931,-0.04162117429828376,-0.49077831258191446,-0.4027026303968734,0.4787354805709845,0.46292846095564677,-0.8022069528001745
0.4970489883446344,-1.2782462899760707,0.7169110307389125,-0.6816099750117592,-1.3008712212186968,0.19630223233987545,-0.6273110755106472,1.0442289187091252,0.40842692143647047,-0.9975172236427483,-0.3701392070561809,1.594761377791867,-0.12310720269844196
-0.14771774753208478,1.0003740549064806,-2.0479957091768926,0.1240825490602354,0.8353412159365301,-1.4741519400426744,0.14495059300613933,-1.6553360976443015,-0.6185658945277146,1.6082195861999526,1.32761016819815,-1.6330584220743911,0.5559925474032903
-2.0425940431556087,-0.5446183720922461,0.9016495082522561,1.520157216041945,1.1531455455448905,2.1621826102868136,1.900946049916785,0.7809575997164171,1.4961556085944838,0.3642849409115086,-1.4312325665901375,-0.5012255052381708,1.235092297505023
0.37464158985851237,-0.1415840074778825,0.1333825445874064,-0.4688779629127434,-0.3861367437135022,-0.16605803291153257,-0.4491085563735027,0.1460858897817098,-0.24202022456655548,-0.41851093697786435,0.26651680866419314,0.6306074115980494,-1.3454867528815606
-1.1646113500085524,0.28979453582612064,-0.3828099806831002,0.696706230712637,1.0916249257890436,0.5407625606052187,0.9939865055043268,-0.3608989423032519,0.3033202042209705,0.7592223956049297,-0.5823578789629722,-1.2557807831289842,-0.6663870027798275
0.6924892636910291,0.8688882913268323,-0.8101306138407318,-0.577007221507861,0.10389982665168258,-1.1222591053090276,-0.677042553294877,-0.8917666065308613,-1.0373137789064577,0.20984326500323394,1.1153914962913587,-0.12394786629276405,0.01271274732190422
0.1992313480376583,-2.0636368534421172,1.298174828355744,0.20400693277914783,-1.6433005104234846,0.8586159807599301,0.0007671939701989278,1.7651794595539836,1.61190555439858,-0.826939833354174,-1.0067952227765549,1.0078850505434565,0.6918124974236364
0.4166373306087094,1.7760819077680459,-2.0932330030854662,0.7939636806172864,0.9688992371777728,-1.9142355869396344,0.19574551876856255,-2.0693066170498207,-0.6793030924919418,2.0980187153567402,0.6909541524777758,-0.8785031441835774,1.3709122475253694
0.1039252215362588,-0.14161370604252485,0.2208399410138256,0.035103692631302884,-0.1811244041701258,0.09578394336495721,-0.03728895559146377,0.1953960598583593,0.12602527514117273,-0.14040383440887086,-0.15792053514938956,0.2533297726526431,-1.209666802861214
0.7297562237245103,-0.029465820347238776,-0.2057161955738894,-1.6263324079746464,-0.5740086152736132,-0.6826568924921349,-1.2516416162012904,-0.1011953730769178,-1.1667143011752474,-0.9543637396833407,1.5398288401049414,1.3851626894888633,-0.5305670527594814
-1.9133824268311357,-0.09522858278237291,-0.12331879173273066,0.9367625680139382,1.3802794297152632,1.2785632446918955,1.5231900404445737,-0.021818310164633675,0.7515641963405294,0.7296200733010658,-1.5373419025435333,-1.5072992090925887,0.14853269734225083
0.5784595747215167,1.4074520884129984,0.09517244768217553,1.0725323953681885,0.5797486169145393,-0.3418717083506872,0.25601985323955073,-0.6512046045533115,-0.21455743384460804,0.6595102858333572,0.16040747271079747,-0.3754662922563686,0.8276324474439835
0.8447057445951488,-2.2088555345642256,2.2231443180065744,0.6688802436050687,-2.2371878294155594,1.1088911934804364,-0.1003730608251768,2.359262983623423,2.054318739490964,-1.1985796448426331,-0.6884672149163679,0.7563666245798523,1.5067321975457157
-0.13281019249507633,0.6507948212756046,-1.191903787488049,-0.02730254530564999,0.5712373622333802,-0.824305790742881,0.05693248341579041,-0.9977321106350054,-0.4812921960546205,0.8681964982669723,1.009282160337963,-1.130021570147182,-1.0738468528408673
-0.6703868035171122,-0.6756869667570549,0.5314050667686486,0.6356343603173074,0.019082161407550362,0.8913297350056653,0.6961511753796001,0.6379084171397963,0.9431629477655122,0.03745213919836356,-1.1129045587299504,0.001811346689038227,-0.394747102739135
1.0472297553717669,-0.1652231558315376,0.42922844107737124,-1.4462333926614765,-0.9126338910188396,-0.42067249419096125,-1.32704420801303,0.3246776378906565,-0.9389601782897586,-1.3041336950131641,0.5848448165243801,1.1336442635252586,0.28435264736259747
-0.7805358924430741,1.1178528618186618,0.04118989720165973,1.4815747880381043,1.3995817239876525,0.5921679100793363,1.202421457868323,-0.5366012612492215,0.28943893893374745,0.9782030462270882,-0.26402987110278525,-0.7527439312017754,0.9634523974643301
2.0003457275498153,1.3888129416846127,-0.6686059702976624,-2.2388953850995406,-0.5106321493207505,-1.9520371330187951,-2.258102464337688,-1.072373309506428,-2.619460491593853,-1.0270819032236622,1.4337195041515456,0.3790889856344452,1.6425521475660623
-0.1463949535976694,-1.2807884818375792,0.4182823217638568,-0.22962386185538203,-0.8153813422439001,0.42784539534961474,-0.042696132742309365,0.8771801900692614,0.7402846495718975,-0.4675637544562755,-1.3251232306367418,1.5109219024706657,-1.589962662918184
-0.5375384823437156,0.6096386707056711,-1.0011472094278295,0.3492070026444833,0.8480046238241251,-0.3865455909172805,0.4733900710606888,-0.8696014086076681,-0.1771761866133277,0.9826484568907322,0.3726261446175888,-1.3815399961107866,-0.9108629128164517
-0.33506407781212116,0.1359572139571692,0.36747804165142495,0.7574883911812355,0.352092466864943,0.5241006358383321,0.5803749682472593,0.1390416950368759,0.4567622082967083,0.2423894515509388,-0.4762485430095766,-0.2497070792745663,-0.23176316271471903
1.1409964575533342,0.3631558109403253,-0.12006271961404402,-1.870035987894061,-0.6015304962222959,-0.9118180586263707,-1.6014094747853664,-0.24954078507298832,-1.6230082947739606,-1.184035808931486,1.2215008322447543,0.8821258375616543,0.4473365873870134
-2.354782684947539,0.4130511560240545,0.19405853404740664,1.582076581065486,2.0821692963006666,1.840350981999247,2.1014171101104373,-0.09747403568876169,0.8624697210736837,0.9329020293156809,-0.9006858868231592,-1.0042623571653797,1.1264363374887456
0.3345767929939953,0.29129192505164064,-0.36054729409718217,-0.48829231046153987,-0.042739836287838444,-0.5184031175157612,-0.4378413970714843,-0.349100484176724,-0.5630673132981292,-0.06424230627038433,0.7970634884311715,0.12757055967084027,-1.4541427128978377
0.47337809051344876,-0.7359160849571372,0.4557021223564133,-0.67286451160385,-0.8907340832895527,0.011751482632215808,-0.609970115186723,0.6254010999637489,0.030349850942019113,-0.7972202923739568,-0.05181119919599388,1.2594034765070605,-0.7750429627961051
0.390950818335589,0.8496855166509212,-1.4282155639265224,-0.5398028097224565,0.31839020385261324,-1.3826754030106931,-0.49535609517371576,-1.2305330320987582,-0.9965328204986527,0.6950378771626439,1.645938176058337,-0.626984718219973,-0.09594321269437285
-0.6807695592810311,-1.7171460031114163,1.0639089834711597,0.6466752981632828,-0.7262300509472879,1.3096569194314667,0.7075652762204115,1.45961393757822,1.6895261354289812,-0.3512176739541032,-1.6699785724852778,0.5048481986162473,0.5831565374073596
1.3724782016291137,-1.3375260745600317,1.762158341787995,-1.4204492977275052,-2.0067701705054284,0.37428596247216706,-1.4881808044451081,1.663068963882503,-0.08907450264918651,-2.278288905404333,0.027770802769052874,1.6366811154524676,1.2622562875090921
-1.2237051646446793,0.10205592697617548,-0.4508290255451871,0.5370747908637865,1.0006098634908676,0.530706427462154,0.9413728305097355,-0.30521880124867734,0.3198417056865305,0.7011313683257341,-0.8211038848581125,-1.5911386844137902,-1.3183227628774914
0.28078908907126654,0.7306731797441676,-0.8377887461383712,-0.1537482507445258,0.31575506151796284,-0.8480192953421125,-0.2321314578145173,-0.8381383103533665,-0.6302536924964461,0.5186309053377234,0.8766454903962183,-0.4593057675775701,-0.6392230127757584
-0.2696618914238589,-1.5034287268175432,0.8464113532892684,0.3815203469641057,-0.883033901344555,0.8466836033017339,0.34653147020362635,1.2299924811711251,1.34439471080408,-0.3699493531653199,-1.2455412286716951,0.6725271492586504,0.03987673732597333
-0.35550008507919495,1.2227449135535797,-1.5018532231083708,0.7641100394353507,1.1535274113055003,-0.90357823850421,0.5948552967021624,-1.458866057109695,-0.3088371042556665,1.637698360964677,0.4522081465826356,-1.2138610454683836,0.7189764874277061
0.522945323173028,0.8864037823186047,1.5795554576280484,1.8978194180132664,0.2449752534645717,0.8433148039157936,0.7220181034121133,0.44640647430276476,0.757471408366449,0.11707806534855518,-0.3966665410445298,-0.08202812863216326,1.3980762375294389
0.56762798330329,0.013542459369686103,-0.22852853679233767,-1.2659767806981008,-0.4201134489781855,-0.5838584952678292,-0.9740761887160797,-0.13559197129166436,-0.9340594367811851,-0.6920141869867472,1.301082834209801,1.049804788204057,-1.1825028128571446
-1.4403498223294935,-0.338344133233329,0.12121228224878423,0.7412876162803895,0.8461968904413809,1.1276260218235443,1.1657088057399303,0.23776310908553236,0.7811688209056529,0.4145818975387722,-1.4577599005784865,-0.8365834065229769,-0.503403062755412
0.8709915325312514,0.4778466953467807,0.4607532995189596,-0.030304123644220367,-0.3140918670966784,-0.26981797018452786,-0.4840201606564641,0.020398828545890653,-0.3608793947528913,-0.36343977221878454,0.23998947467584422,0.2952495103132437,0.17569668734632016
0.7011369778838824,-1.9524248191787008,1.4313535133379414,-0.42236877346948465,-1.9430035402182264,0.6010313381365694,-0.599961827340519,1.784550818776559,1.0756655111555606,-1.3525440348633944,-0.6088852129513211,1.427082427149464,0.8547964374480528
0.014476838949502926,1.6080669818984548,-2.892205033006973,0.5328794250268392,1.1519783382226427,-2.2419802535786735,0.2738512226360754,-2.4355051589883496,-0.7508481835496804,2.5146813134744392,1.0888641623030098,-1.465379471431988,1.533896187549785
-0.8041218836618695,-0.3669717251520664,0.22366308707033328,0.551554400747625,0.34363046369028055,0.7498953553157148,0.7235734190714979,0.30984605620967004,0.6629135975198649,0.20916249783544205,-1.0333225567649038,-0.3335465545957678,-1.0466828628367981
0.7938833151943986,0.08149832808590649,0.15223406236549328,-1.0184670111747274,-0.542328381114759,-0.4525073705519828,-0.9648381074253747,0.044992458370183494,-0.8014940286183135,-0.8067683127075816,0.6644268184894269,0.7982863622404529,-0.36758311273506566
-0.9390590526280272,0.8200973553244938,-0.5224359052257534,0.9843973836117617,1.304308518351196,0.2710936271375123,1.0248384456486,-0.7051733171386516,0.1374650420563764,1.0590029318399052,-0.18444786913773847,-1.0881018324865812,0.3115166373666668
1.2058097999874,1.150211803000066,-1.0893446454004028,-1.2645210615252422,-0.08142514388620778,-1.7062357753298576,-1.3162169425097374,-1.1900315006754223,-1.7387926815084376,-0.05056766867631902,1.5133015061165924,0.04373108434963914,0.990616387468399
0.000571595279464518,-3.325304496371479,2.689063238350864,0.4936471971605163,-2.4052697426276697,2.0744347357575825,0.2605883698372876,3.1809926869365026,2.7178194730794956,-1.6645491385625921,-1.563869236531882,1.175564001185859,1.6697161375701317
-0.31261289075276344,0.33725921010415544,-0.4651590129430982,0.22711689918742337,0.4806686866157318,-0.13446979005105456,0.28800690574771953,-0.4310851038396777,-0.07323798602792125,0.5007333871955683,0.13388013872244853,-0.7108241935411747,-1.5627986729141148
-0.11440704006905468,-0.6662687859341984,0.5007982689056968,0.23252130939065757,-0.39519186596490874,0.468547846104893,0.18436250045449296,0.6159403166639319,0.6421195249151004,-0.2142678843289317,-0.7149945489047168,0.4210087232950458,-0.8836989228123824
0.8309509680522507,-0.27214657626388256,0.12379246446096355,-1.6437645782458918,-0.826156004026936,-0.5010652754507057,-1.3152289404428388,0.20606585597688457,-1.0074050475862253,-1.211391367402066,0.982754826349614,1.552841640131266,-0.2045991727106497
-2.037295220630063,0.14889460080911301,-0.11437950353618102,1.114864799843114,1.6506760554003073,1.3744239641413205,1.6838993975534209,-0.13903596653336003,0.7085591030685693,0.8442443111583084,-1.1394318927182994,-1.3396202584501857,0.4745005773910827
1.2910408672828861,1.731861543202445,-0.2659653744186657,0.485442432030648,0.2746679764139311,-1.1321190875318035,-0.4371474095140847,-1.0172231154416924,-0.873247481816209,0.5284330524109904,0.5583174825360312,-0.20778734161396553,1.1536003274928148
0.1953146630770776,-0.6486068900158264,0.35524085404904493,-0.32401295423329957,-0.6169943909563212,0.13387276536457227,-0.27618995298672844,0.5250519536508186,0.22319869285758698,-0.48493267440876864,-0.29055720509113414,0.9240455752222552,-1.4269787228937685
0.08025366813102046,0.7193197455288264,-1.3493175841296146,-0.26100526157261217,0.45942485799321725,-1.0987335249721373,-0.1810650292844552,-1.1207753918502552,-0.7005278254966196,0.8261786524420922,1.4071921701631966,-0.962342619504779,-0.7478789727920357
-0.7177122515359681,-1.0442017344943093,0.6694108926355706,0.6433876576368207,-0.21158201491978032,1.031790519917515,0.7256779165210994,0.9002465729990595,1.2100684702333013,-0.0599460396128724,-1.3516505646250907,0.16949029733144125,-0.06877922269030354
1.1443161976189007,-0.5196309339824753,0.7549894198085867,-1.406587381336627,-1.2424699512604154,-0.2390229791514644,-1.358257883892373,0.685779102345825,-0.6587661035955694,-1.5195067665602613,0.34609881062923986,1.3013232141676618,0.6103205274114288
-1.082326786981921,0.9690134669433629,0.6487039352770606,1.8645508285987027,1.5205110076791017,1.277588592713086,1.5669859404087851,-0.11963802436109448,0.6746147282446956,0.7869867663702321,-0.5027758769979255,-0.5850649805593723,1.2894202775131616
0.5022739334614562,0.21091300355047382,-0.3636904626052115,-0.9593107431035806,-0.22787893379285565,-0.6412266338025064,-0.7768850813014231,-0.3106185660016216,-0.8500394785051364,-0.38263433957270276,1.1949734982564053,0.5467679362768483,-1.291158772873422
0.14611159354889788,-1.467748284772721,0.6310120163994881,-0.3972919522759306,-1.1721265118180006,0.3819794751719147,-0.2884803752289643,1.090714127401357,0.7503854137472133,-0.7400068790824146,-0.927213220811508,1.6786008531130685,-0.6120590227716891
-0.4651388496456573,0.8778311858308615,-1.605127608730202,0.3587064214239044,0.9871258911049119,-0.904548134248839,0.4395085441845722,-1.3443446566187132,-0.36036374469714505,1.4384839898797699,0.7705361544428225,-1.6610049138481249,0.06704072733004308
-0.041400930947376485,1.1725416695751216,0.1360527287792297,1.2596869829819732,0.8793299222516726,0.1347002898646279,0.6879978126350744,-0.5105199141688431,0.08863951845090058,0.7565341453678762,-0.0783385331843428,-0.5291719970119046,0.7461404774317755
1.7429563781014596,1.020569167939064,-0.5396034209719845,-2.4111093944727067,-0.5820031912402253,-1.667707617559923,-2.2108172448558507,-0.815245556954498,-2.484165292088802,-1.240326697384626,1.619410842069988,0.6026609198243157,1.425240227533508
-1.4132872207370115,-0.27306725756250233,-0.11972118543611561,0.5809669749285238,0.8729081292779904,0.9222953755766399,1.066437013438693,0.06927064137762204,0.6178218379558765,0.4846715280529742,-1.61692390450858,-1.2837272749027184,-1.1553388228530754
0.2013822911863448,0.4519601744663952,0.05220498219481698,0.3296350226344393,0.1743325016686425,-0.10430190546054478,0.0660066397939158,-0.19691522484900623,-0.0796884460354161,0.18561737775742287,0.08082547074575071,-0.15189435806649773,-0.4762390727513429
0.2723437827183209,-1.5038004296961198,0.9560644768122847,0.04248174690104074,-1.2938042774797827,0.5421570957967193,-0.12388486645919503,1.2919845313900886,1.097080764952623,-0.6823938608075589,-0.7680492168814147,0.9799385587697224,0.20286067735038948
0.326562799059361,1.3925706028810454,-1.949611243730162,0.28842630241777756,0.7597667590115633,-1.7387498860433492,-0.023034848825558372,-1.7962928161289704,-0.7765885821817331,1.6469272107913626,0.9297001583729162,-0.9064496359573113,0.8819604274521221
-0.6344340749898384,-1.6608801647931597,1.934380162871602,1.494230015351419,-0.7206323310597695,1.9480342053122017,1.1306058762163407,1.922076585947703,2.2685518332068892,-0.42173098127607855,-1.1924865606949973,0.22538328087890905,1.5610601775538544
0.5568004890541327,-0.41598272242062057,0.20610419702166,-1.0557619805722493,-0.7225425665660108,-0.24072810199520078,-0.8571585398357792,0.32449358557380226,-0.47605878670252877,-0.872243462630121,0.5052628145593334,1.3572161977151294,-1.0195188728327287
-1.1843446521907723,0.4925629738517687,-0.6748384969989654,0.7178976904172476,1.2532111447625216,0.329604815158546,1.0157894866265569,-0.6270465269980378,0.17505035201470825,0.9909242570725996,-0.343611873067832,-1.5352457008663227,-0.34041912273099656
0.6356909208249258,1.030814294383858,-1.3306744314260288,-0.531943057485725,0.2640212200969885,-1.483125316839755,-0.6227067861976874,-1.2662628833035516,-1.1191973647891411,0.6278182988828085,1.3541375021864988,-0.4034127840301023,0.3386806273707361
-0.29224381491741697,-2.236181930951193,1.5078041526698016,0.6711782389680386,-1.3958528814195743,1.3732181219355146,0.511751200612988,1.9697470170071194,2.0753687689667566,-0.6647950645037026,-1.4047052326017886,0.7284201328061182,1.0177803774724683
-0.45098266703874157,1.845308587367399,-1.7690397147535248,1.5971461158307902,1.6760772060798945,-1.0411839579712763,1.086424892819629,-1.9212438566996384,-0.14186760532317744,2.4037268754966474,0.29304414265254203,-1.157968061920916,1.696880127574201
-0.3233701930371626,-0.26937085103565345,0.13199716730825495,0.22367967696800375,0.0501054039145967,0.33401111938833244,0.2919704649073194,0.20930035444666317,0.35429815243007656,0.05410306880920334,-0.5558305449746234,-0.02613514508469546,-1.6973147514142661
0.610602396050191,-0.03339038616773745,-0.13172811063357331,-1.282066195719623,-0.4866026999778102,-0.5400220976474781,-1.0056707043538755,-0.0575266307260233,-0.9125373083118583,-0.7749903791905556,1.1419188302797074,1.1056977717515244,-1.0182150013125337
-1.2670866906604334,-0.04148654425507328,0.10285752847353441,0.8345226536374065,0.9296570421120957,0.9890693428330175,1.1218857231116075,0.07875192776983772,0.6388068854776993,0.49172454062543985,-0.9802678887882059,-0.7806904229755091,-0.3391152512108012
1.073958851421233,0.7109832718098573,0.041497989103470904,-0.7512168068084499,-0.2992115132977042,-0.739030283243742,-0.9740859505240662,-0.33266833273153157,-1.0525870618842366,-0.54240095239149,0.7174814864661248,0.3511424938607111,0.33998449889093185
1.1332525506441722,-1.3811377639032996,1.4262299425373643,-1.0110201310699116,-1.8571263032158667,0.28684035528786955,-1.1432534641382264,1.4955637938673438,0.24082128147164322,-1.749562417557677,-0.13139320116104064,1.4829754106969315,1.0190842489926641
-0.15437675134361498,0.5314201650270199,-1.2844306750559618,-0.23317677396009565,0.5012404233263172,-0.8802145683294675,-0.04028506029193989,-0.9901022935043944,-0.5470026319702499,0.7968514342346551,1.5663561740932903,-1.4094864878845204,-1.5614948013939196
-1.0152691360459816,-0.6676287682276667,0.2993727347781023,0.5599347559380327,0.28611506056045644,0.9599052341828316,0.841456875185332,0.5030880383720956,0.8821719995148036,0.15854024359952895,-1.5108145685551844,-0.2776535710483,-0.882395051292187
0.7562238661215744,-0.25595259283591254,0.5136573133719433,-0.628113847272481,-0.7578481880767552,-0.14660040950452882,-0.7382988131399868,0.4177029846621964,-0.2772226181837437,-0.8098674294434349,0.1869348066991464,0.8541793457879203,-0.20329530119045458
-1.5682462160845427,0.4898616339254038,-0.08649072936547,1.1648507475353274,1.5420150128480679,1.059188478252839,1.4582862009106292,-0.2940719166352133,0.5033455941014182,0.8575317322965273,-0.661939880928019,-1.0322088489391137,0.4758044489112785
1.482629273240028,1.3633349039302447,-0.5800390299441102,-0.9590648061084592,-0.13695217243198868,-1.5120051477977887,-1.3035230994435758,-1.0096932812141621,-1.6668232920307233,-0.22150150617445535,1.0358094943263119,0.09962406789710657,1.1549041990130107
-0.0950028722751739,-1.1915838442464417,0.4516366643868799,-0.16858228209592147,-0.7897922546478225,0.41668417466857005,-0.038049466941192184,0.8513068814055481,0.7216212158248799,-0.45081465609930044,-1.0863772247416017,1.231456984733327,-1.425674851373573
0.0494532449631462,0.7004749326111057,-0.7759959532969994,0.11690477859054282,0.4691238931873645,-0.6342530601596521,0.035212483500611624,-0.788185641547735,-0.41120585957685263,0.6569522533035139,0.6113721505127291,-0.6549312099937068,-0.7465751012718403
0.49709266140221614,-0.2798532218417815,0.7173467629970864,0.1713525006214261,-0.5788734512062275,0.19660708239872085,-0.17653876309387143,0.5444817681976309,0.3235181363623009,-0.4170336760417949,-0.2375025371144363,0.47690170684251365,-0.06747535117010797
1.1823985770795897,-0.025422082891682213,0.12007053408711954,-2.206711728306624,-0.9139042283235849,-0.7562591453910112,-1.8015909540636712,0.08040898365206266,-1.5933935512537245,-1.591949817768966,1.4602468381398945,1.6087346236787339,0.6116243989316247
-2.6649717648813365,0.08284867466877614,-0.17286155599130873,1.5597664682928125,2.0782986469719402,1.7799408498749314,2.2562979749725383,-0.13892369777215527,1.0802619621587968,1.1907023998822581,-1.298595896648393,-1.6190851761875242,1.290724149033357
-0.0298510836834305,0.4460914206660479,-0.48426612434385663,0.08287410250733715,0.34521864420646414,-0.35222163543855306,0.05983914954962662,-0.4963577118801071,-0.2557211954481141,0.4167300104629951,0.3991534786059377,-0.4872522593513038,-1.2898549013532266
0.22094205982578713,-0.6552469711082768,0.587610024931198,0.029083160596344502,-0.6412060012724943,0.2947664906997996,-0.1033467441194102,0.6593520017473117,0.48574863506916743,-0.4173837849125082,-0.44972120902122764,0.6445806574849163,-0.610755151251494
-0.002718796771475782,0.9457905644918836,-1.7415594042412021,-0.005428288249189243,0.6860482349082728,-1.3418119059622133,-0.0014080093699681794,-1.4552782245259739,-0.674444305120547,1.292040281049137,1.2480281662331032,-1.2418075372421173,0.06834459885023841
-0.6693839248325671,-0.34485758576704517,0.9533894558205105,1.2233089474678964,0.2575760883133576,1.2162072099221501,1.0062018454766868,0.7100810810550595,1.1377745472216063,0.1236570428150428,-0.8741585528348103,-0.109974620405897,0.7474443489519713
1.950494259625368,0.36988512142203234,0.8089988444066266,-2.6971745374024705,-1.209757327600045,-0.7761461850643971,-2.4735193751530224,0.2707540596604451,-2.2317833072739677,-2.4384897951844593,0.8235908224195204,1.0218582964303233,1.4265440990537035
-0.48336251780041967,0.40687476947810125,-0.4617930215011432,0.41723654781399505,0.6603356734230413,-0.009282811514674362,0.4802340724751742,-0.46405116320727025,0.016242644015996947,0.6276872298117848,-0.025283865207644966,-0.8645298982967106,-1.15403495133288
0.6252229755761685,0.5125691555940695,-0.7459538640019411,-1.1344834326772297,-0.10284186001284215,-1.0244473035015667,-0.9355283113131848,-0.6771496970180632,-1.1918035611798954,-0.21750711520290572,1.6724655100466859,0.26730301853951,-0.47493520123114763
-0.19195918751122876,-1.9600221833792337,1.0341305266487966,0.03672709129031326,-1.2720891663316927,0.9357384832441692,0.12255467712593082,1.5644611157481028,1.4162986825188022,-0.744394253245718,-1.6832422394794522,1.3991359353757304,0.20416454887058483
-1.1158107924891543,1.0313589656175357,-1.1401842838549248,1.0984994941327832,1.590958783597243,-0.07865368673499397,1.1801149644989386,-1.159166021854724,0.0710207939604661,1.596309081488663,0.014507135774878412,-1.4933259632057219,0.8832642989723178
-1.4354221714283681,0.23989672139810278,1.3373608149065266,2.067735303159616,1.2606445309941166,2.0624521006996304,1.8640966129895185,0.6336627608723048,1.33986505120552,0.4129739791435263,-0.834367551852287,-0.3614930463695015,1.56236404907405
0.4259126609683198,-0.018594679555202036,-0.15452070383628777,-0.8511173174528236,-0.33602315550583894,-0.4250104208549806,-0.678673498674531,-0.07778331195958137,-0.6083326899701106,-0.4645864569750284,0.8633818234020438,0.7703398704667191,-1.6701507614101967
-1.3446382606463236,-0.15385031133787908,-0.10121444281841183,0.6380258651560612,0.9071319783936533,0.8872883567090445,1.0597062768463164,0.01999840482474986,0.5749740840455267,0.5097554475903199,-1.2588048956658695,-1.1160483242603152,-0.9910510113084643
0.5635024227332477,0.6022870885588885,-0.07216686488483182,-0.05701299161975341,0.008787123781217319,-0.46024997792403977,-0.3329148217740256,-0.34230066737316117,-0.46860015194114657,0.014870969509959437,0.4389444795884611,0.01578459257590507,-0.31195126120673167
0.6362625807246205,-1.2932567411959173,0.9837212943672967,-0.33754950202216644,-1.4171635725784506,0.302220947100323,-0.5202757937260618,1.2021335237948356,0.6703125715080268,-0.9617454704317868,-0.4099302080387043,1.1476175094121255,0.3671484888950016
0.6677485002540695,1.4125978160448756,-2.0988332129065874,-0.17446387901746915,0.5158447683831516,-2.098842089073744,-0.451002190428245,-1.8904312474454092,-1.128804136060797,1.4427539482290908,1.2878191672156265,-0.7387706853149083,1.0462482389967334
-0.5610072635058684,-0.95127120706131,0.35486597718370344,0.2320073196260021,-0.2630597557703431,0.6765854182677691,0.42405966484265206,0.6764141873330873,0.8437852574915691,-0.10604287874607503,-1.4710235675726608,0.39306223152131214,-1.5343308113898504
0.5303795963361871,-0.6637551919704867,0.3451766546241934,-0.9730066425822516,-0.8817193499962557,-0.11445275973788238,-0.7992252803825252,0.5269655067741491,-0.23997966023090586,-0.9193640861030473,0.22672580768166975,1.5248951483575326,-0.8552310612881177
-1.3974640737941686,0.3811710789072681,-0.4152047630191142,0.839384678989471,1.334064637705129,0.6829439715030251,1.1945101691096194,-0.4249193816813276,0.3427310867543926,0.8804784535800474,-0.6221488799454956,-1.3675667502239197,-0.17613131118638528
0.8260425060298925,1.135988600457658,-1.005021099264025,-0.43842084390350833,0.19591500135553944,-1.368518640823729,-0.6755601227422587,-1.135379651725771,-1.1254633990689993,0.4492112396694315,1.0756004953088352,-0.23573383338769927,0.5029684389153478
0.2515162246606743,-2.50989690704806,1.77019562747072,0.4782305632776028,-2.005631903366867,1.1852829288425222,0.11760213096009894,2.254719553838221,2.1285111346725873,-0.9914006482722696,-1.0465862237590782,0.8960990834485211,1.18206818901708
-0.2156633181828103,0.5364379916557857,-0.9008514602500043,0.07924620265880798,0.5512861956059167,-0.5402492557176197,0.15776306954236985,-0.7764110664910884,-0.32241799788662073,0.7242030699513347,0.6511631514952524,-0.9902891112785128,-1.3985108613695036
0.13783221306657464,-0.017217767396929196,0.3271162141227304,0.2417904171567365,-0.11684244470107076,0.15344173930978336,0.053727192132780446,0.1930014281037986,0.18876938572980773,-0.07873518963551938,-0.19771153613191295,0.14154380555770713,-0.7194111112677711
0.9000864389003762,0.0728189129244997,-0.18547864665550118,-1.8107552182531779,-0.6290408670396681,-0.789330578924766,-1.4406326098588296,-0.14101243204791433,-1.3738967430378974,-1.0949996900502807,1.5000378391224178,1.2733767223939274,-0.04031136116603866
-1.8046448186812467,-0.5398186765223533,0.5219796637528341,1.1245088229610594,0.9763998508219295,1.6983986258323671,1.5639877850196207,0.5645532958433352,1.2038372216700275,0.3773540143105593,-1.5771329035260566,-0.613011472333106,0.638788388935694
1.8270987886242276,0.5894543901860416,1.4729137439332196,0.09282009378932443,-0.9575097278418658,-0.17528648463230198,-0.9326872052923716,0.5350094635411152,-0.35008973848812813,-1.0326576828907919,0.12061647172827408,0.5188214445031141,1.3178881390374262
0.12218441055179016,-1.196224835531969,0.4493165713498824,-0.4683448380551137,-0.9576408115651154,0.2589642469950153,-0.31317561251839254,0.852323359497956,0.506014506654248,-0.6532058015872346,-0.7282582158988913,1.6506543613393343,-1.2626909113491573
-0.33805843063321583,0.7366756874273453,-1.4458031205245587,0.1345597322810258,0.7887956911151409,-0.8728529805125836,0.2527623759264657,-1.1838512056873662,-0.42397669238174623,1.1673168686901578,0.9694911593554395,-1.5771654385269234,-0.5835911612474249
-1.2381662377342344,-0.34239240902353313,0.4418238418644832,0.9438254176108481,0.6901404075876367,1.2298477408248885,1.164113248751987,0.4205029450167854,0.9319386350584626,0.3139579483916726,-1.152695559712474,-0.44533252169070303,0.09550858885430774
1.395657192915958,0.4297313700468931,0.5549106349068599,-1.1434659362928237,-0.7462572018441288,-0.5738515438175715,-1.3542480559045167,0.09756657585101101,-1.1396383548083346,-1.1914789851440213,0.5450538155418567,0.6865003951455172,0.7746083389560406
-1.7340593625369358,1.1658186253755882,-0.5473668933727622,1.7475158597513736,2.1564450928433776,0.822628288817003,1.855323509911969,-0.8923619973475724,0.44963469254933075,1.5971820834788282,-0.3038208720853086,-1.1998877995815167,1.4537080890577723
0.3900949377572515,0.48754121237974773,-0.7756882010261671,-0.7040531120213078,0.05713821191882532,-0.878579565256822,-0.5817034792816658,-0.681375502846181,-0.8597462276916988,0.09770842822726956,1.3939285031690223,-0.0680548827452962,-1.1268709613288108
-0.19865791078635944,-1.5537851005274508,0.6927511983006027,0.07388871530208953,-0.9732279186436066,0.6771441275719885,0.14579419974780616,1.1686003939052103,1.1554498280582048,-0.46510035984319276,-1.3649142316192653,1.0637780340909238,-0.4477712112270783
-0.08792993338277168,1.0684530048132774,-0.8253261864917135,0.6596978002231091,0.8392936363458255,-0.5736812487203555,0.3959010627510669,-1.0002730890988847,-0.2757033753968408,1.0632584613705292,0.33283514363506544,-0.8226101606361099,0.23132853887465413
0.5155878915322984,-0.4034597307979179,1.353017326227453,0.9821055234963919,-0.682272634829629,0.6738032950485967,0.24201114475462085,0.9646788436215036,1.0031832975959094,-0.33791249570599696,-0.5160395439921,0.3092227562001106,0.9104282889763872
2.0668696777919777,0.18956988102286365,1.1771085157421755,-3.23783973002382,-1.4282998773308975,-0.5756695219867285,-2.82179542004732,0.5685402261747753,-2.498768036144337,-3.08052199877436,1.181709831262231,1.4410556730363309,1.5895280390781195
-1.1628085753302806,-0.0023824218352137983,-0.36424845093443625,0.4882601965080093,0.8789592278612949,0.5537900844493616,0.8828528542387818,-0.204115260315582,0.3582330277719957,0.6034752854422224,-0.9404768878056825,-1.4514062255451212,-1.6429867714061275
0.25417851408977127,0.5775029501830723,-0.612120157010382,-0.17881305704268954,0.2251376134828459,-0.6547913574159191,-0.23107986988778395,-0.6342331084750504,-0.5399729547177795,0.33366397551594895,0.7572724874486482,-0.31957330870890077,-0.963887021304395
0.5880326971909009,-0.48410959240686985,0.612859819326016,-0.3233523539162463,-0.7954659344676303,0.05069589074839219,-0.48685746434642585,0.5878788586778726,0.10706730692088938,-0.6761537833160474,-0.09160220017851727,0.8122596081273198,-0.28478727120266234
0.2502125307625805,1.0094223011747,-1.8862710503576352,-0.27125010889700474,0.5405023879129075,-1.6350617094945394,-0.277802389454726,-1.568711451855863,-0.9136655610483443,1.218701054179001,1.6061471750758136,-1.0741285865997143,0.3943124788990705
-1.1996774975740248,-1.3881396314213676,1.202077925100435,1.1353639384232008,-0.09528704141021858,1.7888165701128025,1.2446615986788938,1.3727271919946462,1.8131471989522563,-0.12125391050547946,-1.6301875715027545,0.057704330236506035,1.0734122290008028
0.34597880850868423,-0.5585056718348833,0.26862206339563915,-0.646509971775507,-0.6659430850254764,-0.0411305691480882,-0.5275869503415426,0.43110687142359244,-0.07617318823949608,-0.6400853734335002,0.06756180375157625,1.1895372470727261,-1.507166821385781
-0.9362575402533618,-0.0015881885760137679,0.024218775625848336,0.6683249869269053,0.7079495149853602,0.6908736959613907,0.8562869716884313,0.014446255917128014,0.4891593864014428,0.43706353505899637,-0.7813128838755892,-0.6968509476543076,-0.8280670712840483
0.8480727117119194,0.49568121938648046,-0.18220840155415763,-0.9592242109141238,-0.28383592212563064,-0.7494640066594738,-0.9626451706577517,-0.3509375459362905,-1.0518513245846828,-0.5175997763478184,0.9164364913787417,0.4349819691819127,-0.14896732118231595
0.19458981095195507,-2.1230084626093797,1.258746065957912,-0.1796831030129718,-1.6827222564296087,0.8315256718300861,-0.19952128174400077,1.7726886199871037,1.3738112437146874,-1.0588705187023058,-1.2057502276891716,1.5668148860181332,0.5301324289194171
-0.41796196293315235,1.4146975917867775,-1.9163081364382601,0.9766658413964956,1.339653305088567,-1.1785215357506567,0.7407545486359928,-1.7886026849068493,-0.2896988428766179,2.090792333589937,0.49199914756515895,-1.3256470125633188,1.2092321790211493
-0.2795099322357001,-0.033854248055762176,0.06206973441167618,0.3037368520905956,0.18721068890606016,0.24856654282088236,0.31071401122350484,0.051939682833121316,0.24579853456505169,0.16064306818449234,-0.35687554006200645,-0.19381409572709848,-1.3713468713654344
0.6875361085402194,0.13683699420579162,-0.25589375140005033,-1.3867929188036159,-0.42176312814374545,-0.6910612574559125,-1.102357699386203,-0.21276194893885148,-1.109688194226991,-0.7539215427496951,1.3408738351923244,0.9380188211091219,-0.6922471212637016
-1.6947261225916062,-0.23668407969661281,0.13362664006785188,0.871869794303293,1.1123749841729846,1.3198344321325848,1.3714046422512438,0.19384935225925828,0.8044565145282223,0.49426282081047007,-1.4179688995959632,-0.9483693736179121,-0.013147371161969333
1.1735352901729896,0.91621208881683,0.5829968984120062,0.22199548934019694,-0.2262081840565861,-0.39270797061504426,-0.5132421850477479,-0.13023094925278075,-0.48740329572587276,-0.2825917838733364,0.2797804756583676,0.18346354321830807,0.6659523789397633
1.0056495326241848,-2.304673697526879,2.063226241808655,-0.34621225816703866,-2.428377657288338,0.8699508365398678,-0.7233344152528471,2.3171107739935457,1.380990324739264,-1.7708060279187212,-0.5690942119687978,1.3152964600545285,1.3450521290414954
0.1486771735505928,0.5746992381418826,-0.9398286944577137,-0.29845426071792486,0.3030140695095164,-0.831902099994798,-0.23762260956244957,-0.8175416923731006,-0.6253514275979358,0.49601492291642985,1.128655163285533,-0.5710917346725053,-1.235526921345088
-0.19406412682382795,-1.0436503203899303,0.6336406785418861,0.28614227229424455,-0.6077812498098055,0.628237132975099,0.2555031281151248,0.8798085713552094,0.9488049072846291,-0.2765917635178467,-0.9935315557823804,0.5607411821637152,-0.5564271712433554
0.9164940666463202,-0.4968983016029525,0.38652517452652235,-1.6372831305576618,-1.0534830782875149,-0.3597599744422308,-1.3577677766884428,0.4667100563335707,-0.8433433305667072,-1.4024535609086486,0.7042178194719503,1.6925740989999352,0.12267257885837685
-1.3781346765004385,0.8471879732938239,-1.0462643504644304,1.0748876397473952,1.656445176193387,0.18214930585007066,1.3085887548137696,-1.0139957483579038,0.18433927696744165,1.5103537483595952,-0.1446568681552151,-1.6842936569929032,0.80177232896011
1.1166002682419924,1.6153824143339806,-2.244606643425832,-0.6317531537064851,0.32254804318856867,-2.5335723805524375,-0.9338609309310361,-2.074150353723161,-1.606488255646589,1.2398287659110296,1.5530925070991157,-0.5524607401566828,1.4808720790618417
-0.5037547819941381,-1.1506641649676943,0.4666633979500736,0.23232530153639816,-0.45062094079208614,0.7217423453611629,0.39346461439955627,0.8392842157084627,0.9853691196690628,-0.18900468713827348,-1.5240782355493587,0.5793721766795379,-1.0997069713247416
-0.6483828601934066,0.70366769320174,-0.9190243111850792,0.5521402284215584,0.9999565156488307,-0.24359985910720336,0.6402007897856975,-0.8704023966900771,-0.09564559731585927,1.0597315696838965,0.17367113970497192,-1.3070160180474963,-0.420607221223009
-0.4668130681499871,-0.04120053254812756,0.6632164429963651,0.9827043963886065,0.3237566256289639,0.84687770600952,0.770194809703154,0.3944545834581631,0.7468114479717962,0.17571363524730876,-0.6752035479221935,-0.17518310121127598,0.25849252887872387
1.4781389859338465,0.3756848268263185,0.19623866198584386,-2.235652913895977,-0.8478129322723147,-0.9098158915625408,-1.9757948261579352,-0.07753224400451335,-1.8988760814141146,-1.6683265422501752,1.0225458273321373,0.9566498156249447,0.9375922789804565
-3.109369022839268,0.2182464311619451,0.5950588068888211,2.04354967536099,2.512792738627388,2.6915132475667827,2.7507654043999525,0.2261071917186718,1.337551995163438,0.9487849303903031,-1.099640891735776,-0.9297383791020896,1.6166920290821887
0.2820826945976012,0.17556837322469654,-0.22999316809603645,-0.4126441476273733,-0.08667257598398367,-0.37998112776122944,-0.3696545752117454,-0.21755968193953207,-0.42578888420449457,-0.10986469973152946,0.5981084835185546,0.20209453773413122,-1.615822781402058
0.3566885836042025,-0.8939779279402842,0.4665384902102841,-0.5730668720272057,-0.9166655780669299,0.10388999896989926,-0.49452644630304343,0.7106659862436027,0.2152770823467617,-0.7373274454276245,-0.2507662041086108,1.3339274545703514,-0.9367230313003256
-0.14976441605980761,0.7916963667906791,-1.679346910760461,-0.0655192268299741,0.6859770747977201,-1.188238066464555,0.04584464160049274,-1.3430422096902312,-0.609085823228698,1.2048358785112774,1.4469831711457202,-1.5585344440111006,-0.257623281198593
-1.4366668331152652,-0.49059028671420585,0.5537182290070198,1.0449835711247388,0.7333041386656969,1.458697602093898,1.3242349807123837,0.5577892603297978,1.1108666961453344,0.2995890939134423,-1.3118595636425674,-0.42670152717488047,0.42147646890313983
1.6563532236744483,0.40252866015442024,0.9377291218566375,-0.9822296302697509,-0.9633746742510934,-0.46564084963350977,-1.4091118150735167,0.3269649832466653,-1.0026138792719028,-1.3665089000002535,0.3858898116117633,0.7051313896613404,1.100576219004872
-0.8891062313954191,0.18654189171540117,-0.4180584993483903,0.47314598149754616,0.8082926423387681,0.31576616695737014,0.7277981899014304,-0.32905807805246823,0.2132657825078237,0.6332187448220167,-0.4629848760154021,-1.181256805065694,-1.4800028313817117
0.4730495970141779,0.5664221911787354,-0.7246701792377648,-0.6629547046111482,0.051356593683302684,-0.8987721049558266,-0.6045562155270717,-0.692122629257577,-0.8856542953149011,0.08773567896731951,1.2347644992389288,-0.049423888229473696,-0.800903081279979
0.14935947625429496,-1.496406273085412,0.8117400622169771,-0.033557358481739664,-1.195311632721983,0.5190949904662389,-0.09798962687657604,1.2069332062233407,1.0363126475436053,-0.6267924477166282,-0.8874222198289847,1.0824090286067465,-0.12180333117824683
0.2951445770681993,1.2652414619303842,-1.498222312343415,0.2956769331405138,0.6914785963574995,-1.3679075069022895,-0.0023210969230762026,-1.4781016620366192,-0.6810290256318576,1.3160267752783543,0.810327155425346,-0.8039791661202874,0.5572964189234865
1.5632016841102447,0.73030005380718,1.5154408548721903,0.8286470482527003,-0.6557820570247802,0.04699199059231689,-0.4020001258478314,0.48844468234870775,0.08738908544246222,-0.563251606788009,-0.038547532201819425,0.3278537507159333,1.2363961690252188
0.5238886607691557,-0.09813373585215376,-0.2699087201450504,-1.3916395168315339,-0.4677498174590702,-0.584384209600546,-1.016987530253971,-0.10298872200595614,-0.9466542446300302,-0.7467944682628666,1.6592018430525115,1.4596866675521536,-1.3441828813613652
-1.5905776909497036,-0.22327271673877128,-0.13376233674503987,0.6815178288608957,1.0431945661193436,1.0387472396633115,1.2148410844855184,0.03641937531405845,0.6559476236941185,0.5635863693251248,-1.6567149054911032,-1.4327752310292987,-0.6650831312596323
0.19356990786348668,0.7300321937301892,0.08087239864630108,0.6483802874926825,0.3813491348451161,-0.0765736050312223,0.2386631994928013,-0.32001462821997384,-0.0440579099699373,0.3813317629166147,0.04103446976322733,-0.30094231419307826,0.014016618842099773
0.3204260388707613,-1.708683203236823,1.2713111864669178,0.31251618386710694,-1.478390358869481,0.7508765346026286,-0.0070057764610670144,1.5722778876032395,1.4395124877621115,-0.73306582721818,-0.807840217863938,0.8308906026431425,0.6931163689438327
0.30625625714883004,1.661109985018163,-2.5595068601623514,0.5743567655194857,0.9693522197685902,-2.1947580629189822,0.13899229699869078,-2.274543882052225,-0.7581627421821411,2.295393911271406,0.8899091573903928,-1.0554975920838918,1.3722161190455648
-0.6324121197937276,-0.7216590631237313,0.35191406375035184,0.3940158514005632,-0.04292561263239558,0.7255729323926541,0.5480496544149938,0.5597611562739775,0.7993150213267415,0.006469841747279086,-1.2322775616775206,0.07633532475232876,-1.2083629313410187
0.696913298250572,-0.3475521690303852,0.30497951011441066,-1.082437041182908,-0.7791720144511654,-0.2650313351248418,-0.9465423792154665,0.345954733072814,-0.5440489212737396,-0.9639714738400347,0.46547181357681,1.208168241588549,-0.5292631812392861
-0.7295425978641198,0.5688056476106876,0.04725427278060146,1.008557342088759,0.963893591210168,0.5602364262482673,0.9250290062195364,-0.25822160918481063,0.33325066422523697,0.6515993254574708,-0.38340287405035534,-0.678219953138485,0.14983656886244617
1.3008329883818603,0.8505906987121264,-0.46445269577653747,-1.684424125258686,-0.3700772098636716,-1.2922995021969101,-1.589196423134709,-0.687762113898062,-1.8330157009960983,-0.8014177446270613,1.3143465012039754,0.4536129636977358,0.8289363189641793
0.28165071708816947,-3.109324416038831,2.613566059970251,0.0034430692527825896,-2.461956775206924,1.814381156490577,-0.14951787638151176,3.0302764740453383,2.2067454055921587,-1.9421732239090679,-1.444496233584312,1.585445880533956,1.5080360690659114
-0.709478149997014,0.5242444319590317,-0.9901736168467955,0.3665633715963835,0.9164709215859072,-0.2546342988617024,0.574950246178082,-0.820650930108557,-0.10396514966411166,0.9863024731406317,0.25325314167001867,-1.6423739193323024,-1.0725429813206724
-0.711571682833303,0.14000925141669837,0.16942443332099374,0.7800797094097459,0.6401803301747881,0.6415990507245213,0.7946210128006749,0.025379674286041185,0.47038662289127803,0.40512630388581433,-0.5956215459571467,-0.510541002496082,-0.39344323121893965
1.053805180558152,0.5106884528966106,-0.1773965187518575,-1.4686886252171907,-0.4287994309508134,-0.8934570050555831,-1.342445063670647,-0.35574091673309016,-1.434518244369235,-0.8680894647937445,1.1021278292971841,0.6212919143401384,0.2856565188827932
-2.364340723234964,0.306143480358271,-0.04245237746695247,1.4081187619618631,2.012093436482834,1.6647245370274106,2.014615119355275,-0.17724414033997155,0.8112277594494638,0.9904152730582602,-1.0200588897707292,-1.2650962803868957,0.9647562689845258
1.9341990081953409,2.190892116038307,-0.3359606331132065,0.31388525563552977,0.11952374342647794,-1.6478823667543712,-0.8734004113674324,-1.2865572539186492,-1.3239356945640741,0.4636917550392363,0.6776904854836013,-0.13326336355067522,1.6438560190862581
0.2239027361768889,-0.6045069038972897,0.2984441986523354,-0.42810322670985734,-0.6067534837705931,0.06952439931282349,-0.3465633301715068,0.4709533979340576,0.11592553528022759,-0.513553617961183,-0.17118420214356403,0.9985695532855454,-1.5886587913979888
0.10982757426899672,0.6655107940033149,-1.2951121720698093,-0.35297025092197526,0.39811206457373705,-1.0781419647735853,-0.2455598329802979,-1.0632751629473693,-0.729538066725602,0.7232275964247562,1.5265651731107668,-0.8878186414414888,-0.9095590412962563
-0.7574340707916122,-1.1597502411131664,0.6179365488410757,0.5478370982791546,-0.2650615684381554,1.020591917294051,0.6965223417632945,0.9290995000426893,1.2222077123122357,-0.08671188618710995,-1.5506055695377077,0.24401427539473217,-0.2304592911945237
0.9777718336629141,-0.7781810367278499,0.7965541051019472,-1.1335490268550192,-1.303315025130307,-0.08738157282459241,-1.1244672711377248,0.8386882512092863,-0.2760955125009353,-1.3645112770121297,0.147143805716623,1.3758471922309525,0.44864045890720916
-2.21969647216024,0.603005204469176,-0.45129137324952706,1.459127854016687,2.117231804175414,1.245422403503868,1.963852969739913,-0.5563535480534065,0.6380280795316828,1.3293289494545282,-0.7017308819105423,-1.5166147063505002,1.1277402090089415
0.1706369123168932,0.47975949295622755,-0.7483798374782927,-0.32222266782049397,0.21772255555176773,-0.6999487419605227,-0.2619838396016831,-0.6620860982182927,-0.5754041877494145,0.3373905525393533,0.9960184933437884,-0.3847817895142798,-1.4528388413776423
-0.20942225805025108,-1.1853493930039591,0.5867357899952714,0.15899740889911335,-0.6986251577141634,0.6030723323432969,0.19655859138101897,0.9243332065105062,0.9564113178922975,-0.3282708371167788,-1.126168225724125,0.7470511273219412,-0.7737390912759097
-0.24715093838480404,0.9277451237177161,-1.241082986382158,0.41124079044897216,0.8581246993908078,-0.7801607751844074,0.350143237781511,-1.1641479484570678,-0.35738586159961,1.203403597038828,0.5715811495302057,-1.1393370674050933,-0.09463934117417752
0.4026198159047286,0.46585072837356917,0.874863867892009,1.0184507171881039,0.03196577644592815,0.3859720183132986,0.3219202031929324,0.25981949578983565,0.4134609126558208,0.0425867040261766,-0.27729353809695967,-0.007504150568872946,0.5844604089275558
1.678515005373674,0.48287230763156885,0.1335993167387148,-2.762567978438731,-0.9220554933735301,-1.1020076855367154,-2.3619393460464146,-0.16651808705686363,-2.359633554826589,-1.9805145542916194,1.4204558371573712,1.1243287662673476,1.263560159029288
-1.1331227152114556,-0.33576748259117867,0.031140238253443586,0.545610056691503,0.6153741668741307,0.8375537058575837,0.8972116876464578,0.18570368760327066,0.6364518370172317,0.34835362465830166,-1.3383868976309163,-0.7620594284596865,-1.317018891357296
0.5620043471473622,0.20761665051260292,0.14082264531330296,-0.33515084175139487,-0.27550115693591926,-0.29483458522838984,-0.47910739078775083,-0.02459931879062492,-0.3919199960899511,-0.33298763355296207,0.35936247762341433,0.36977348837653423,-0.6379191412555631
0.48179957729210804,-1.4137240304965137,0.823509185463992,-0.5516780790362118,-1.3872982474417566,0.2895002644703556,-0.5504474225255588,1.1721598036483156,0.5993491098072539,-0.988352727038354,-0.48951221000375106,1.5016064052127545,0.041180608846169094
-0.01820569269336986,1.1397678943025118,-2.1449284789887018,0.1707332652149638,0.8380606641683779,-1.6419272429405933,0.10001590079692858,-1.7797802680121146,-0.6833176503412013,1.7121043500331672,1.20823716525058,-1.3908554933686978,0.720280358947902
-1.206582491932867,-0.11428603846350686,1.3100242647540736,1.8075077313478776,0.8311845905019266,1.8770639633277362,1.6036038364356968,0.7956283745256078,1.4009217781006722,0.25611586953572835,-0.9139495538173337,-0.2590225765324775,1.399380109049634
0.5492759910782254,-0.0378361710755313,-0.02647963802149026,-0.9564935063935495,-0.4433707726132029,-0.41478444926960434,-0.8006514665997119,0.004023031337121316,-0.671641460557357,-0.6316040214596079,0.783799821436997,0.8728103403037434,-1.1811989413369492
-0.638814079181926,0.5961239272141746,-0.5408594768489946,0.6358226157954185,0.9149344644596723,0.0413171392631896,0.6792859016593146,-0.6033924172740897,0.041700962250876834,0.835355226470438,-0.06507486619016835,-1.0135778544232912,-0.502099191235217
0.801353360846411,0.7519847108887706,-0.9112749631549006,-1.1619487593697455,-0.06309496949081783,-1.2784597895053664,-1.044682902371934,-0.8902315239529828,-1.3815837518182568,-0.11320862844949603,1.6326745090641626,0.11825506241292932,0.1770005588665155
-0.13340015436017225,-2.376296347285836,1.489699631850771,0.21758696627691007,-1.617486864166649,1.2452069895964613,0.18667505796135592,2.0297113663291695,1.843469594639772,-0.9601890350838567,-1.6036602375144056,1.2500879792491497,0.856100308968249
0.3026847669678163,2.010354620633534,-0.1484664137065087,1.843723791826905,1.2246284420893652,-0.3318674515347344,0.8117794216676831,-1.0904635491645007,-0.07881103155446355,1.3659072443729907,0.09408913773992517,-0.6363002154778843,1.5352000590699808
-0.12624215778997566,-0.7303860325426066,0.4739872015974459,0.16625355063843988,-0.43259738525762814,0.45635781809512693,0.1556988802024132,0.6329380350027574,0.6391819238013099,-0.23944390306820518,-0.7547855498872402,0.4955327013583364,-1.045378991316603
0.7673048354615224,-0.33286732364059074,0.1261583887298206,-1.5678819205468206,-0.8218648300621847,-0.4535449706931059,-1.2409259361995288,0.23780820582044349,-0.9089474203078058,-1.1614808593691315,0.9429638253670907,1.6273656181945566,-0.36627924121487054
-1.9513147782723912,0.14441338152316405,-0.2717963414587897,1.0092897481733059,1.5823158290885448,1.1912335201754016,1.5819030349025152,-0.2255196679314525,0.6346414116585724,0.8894746984233362,-1.179222893700823,-1.600454181671702,0.3128205088868625
0.7810725921111032,1.6285825021202924,-0.7277259756473174,0.6992856100378424,0.5862145373363691,-1.1222752602435733,-0.05011205201446513,-1.2257722529930923,-0.643876417895919,1.0175995144183991,0.5185264815535079,-0.4686212648354812,0.9919202589885951
1.6459889159296812,-0.941140737948976,2.471580266888261,0.6702733750444491,-1.9272572673668757,0.7252991753850623,-0.5301850891534697,1.864425324817531,1.1566403595050503,-1.3824697008269524,-0.3303482060736575,0.6632116520007394,1.6710200090903273
-0.13445053245418795,0.5149418335853502,-1.1788238288936153,-0.20947433621201164,0.47423178928015086,-0.8130357868753258,-0.03846500631152911,-0.9223247652531071,-0.5180126565919846,0.7344186489896537,1.3674011691806733,-1.2231765427262948,-1.6918819534134522
-0.8295484487522186,-0.7141599759230773,0.34053540507587104,0.4902583342525491,0.111803807384989,0.8583274894630603,0.7048403725201982,0.5495920595806622,0.8642783586901899,0.08047006436564176,-1.3914415656076142,-0.09134362589007443,-1.0127822033117198
0.7390148152404326,-0.3289069091028075,0.42389090828427434,-0.8839019396946053,-0.7975745312269852,-0.20350771201124304,-0.8642375245000917,0.40364155558507986,-0.4122896882094423,-0.9172541655224764,0.3063078096467165,1.040489290946146,-0.3336824532099871
-1.1815574254715289,0.5294623022485105,0.008583474481058027,1.1233725591311239,1.2777855036920163,0.8549229466932597,1.2285877416680298,-0.26031532725129747,0.44498350878839754,0.7585518883186187,-0.5425668779804489,-0.8458989037808881,0.34541729689174555
1.430628008344851,1.1013461204812613,-0.4764632952270632,-1.41000354947882,-0.2870361589930473,-1.3947531529509625,-1.5139054236481397,-0.8201095673022033,-1.810387542627615,-0.6056205437398555,1.155182497273882,0.2859340130553327,1.0245170469934781
-0.02160977702772878,-1.165707911934239,0.4201791992994415,-0.29075542733602316,-0.8266650599894395,0.33971938810562735,-0.14205454363992864,0.820617302204052,0.6140625470310872,-0.5106013659079328,-0.9670042217940314,1.417766929891553,-1.5560620033931059
-0.3990794907966598,0.6648969261312322,-1.237588909222745,0.1977817394029671,0.7831016228593359,-0.6683875722874616,0.31896363728441884,-1.030544794697616,-0.32692516364580426,1.0554532996729233,0.7307451534602992,-1.4746949686898994,-0.8769622532913732
-0.05617800785510498,0.5296986281675736,0.11006232611667843,0.6695357032903815,0.42562214376676055,0.1252556575212873,0.38403939658011244,-0.20323519866443346,0.11340895718188973,0.3740195397564828,-0.11812953416686618,-0.342862051853679,-0.1978625031896407
1.1047358383564636,0.4935485873645736,-0.420286196485594,-1.8772237388691249,-0.47976846962061714,-1.1174331258479375,-1.5857245601317498,-0.4840619029959484,-1.7206937762179042,-0.9655610756478049,1.5796198410874647,0.7889708649825419,0.4812372469120922
-2.5269767226882585,-0.16493272306678655,0.34075166594118766,1.4996062066728992,1.7945908832524757,2.0771642747098427,2.150354932283502,0.27466232071962005,1.2119856146451142,0.7676044086065562,-1.4975509015610098,-1.0974173297444927,1.1603369970138249
0.12993551541796203,0.1410786049447593,-0.0857723282344584,-0.07541624110210265,0.003617140362102804,-0.15946807977215074,-0.1096753458309382,-0.11899732206078334,-0.15508352261263145,0.012462237491265502,0.20019847369332083,0.03441558709172818,-1.420242053372759
0.19091190701309288,-1.1407473588091932,0.5886924677856643,-0.2520920640053213,-0.9695723801092532,0.3171618601513887,-0.23581362712564113,0.9030994993700414,0.624601056644872,-0.6096497775866022,-0.6486762139338446,1.1662485039279482,-0.7411423032710267
0.2804275823941836,0.9662484818664138,-1.3140549511167652,-0.08292567828313238,0.4863952597474613,-1.2152403645983207,-0.194507057882572,-1.2245609280886085,-0.7455383418847024,0.9212026522776249,1.0490731613204862,-0.7201396907990858,-0.06204255316929407
-0.263955042534233,-1.3755916230544425,1.118001601951014,0.7505303574753369,-0.7949052316051292,1.0521417584835389,0.5384890474950953,1.3190536231515615,1.5232332971348617,-0.32074506522034374,-1.0731135577474271,0.4116932260371348,0.6170571969324388
1.6493444390335879,-0.48625538275217406,1.2799374625471107,-2.330223541751116,-1.600828766322311,-0.19656552341994843,-2.1177686889825087,0.9649512876145734,-1.3568967208980458,-2.539004612754142,0.6246358175069036,1.543526142873355,1.296156947034171
-0.8512778990830762,0.33592952396309983,-0.6073264120884163,0.467876684775953,0.8876784933084169,0.1425707050960088,0.7046872817485189,-0.5105517502118142,0.1035155780589041,0.7704478285910299,-0.22423887012026186,-1.3489357557080972,-1.2844221033524128
0.4532303472077761,0.6545100309781489,-0.973449236166633,-0.6925446863065651,0.1300717049550753,-1.0764974416959243,-0.6095453487653225,-0.8764609313326094,-0.969708250658851,0.25268092938603004,1.473510505134069,-0.21710283887187673,-0.6053223532506803
-0.168048887536085,-1.7117165818030906,0.8963373623368266,0.22916639180906165,-1.110625365317001,0.8122527084949939,0.21141243354859987,1.3624432760842329,1.380798043668117,-0.5108371514620982,-1.2853322296542184,0.9147300779643439,0.07377739685105254
-0.11469646067916148,1.3288402670752026,-1.2578080336469581,0.8220933913362649,1.0478761729485473,-0.8881613903243537,0.4961103907458285,-1.3744424533428734,-0.3417077567597242,1.495609049940746,0.41241714560011217,-0.9716581167626903,0.752877146952785
0.8678079164443556,0.2780943453634622,1.8951900429733892,1.6579810439138176,-0.45614017076389224,0.8392598534721813,0.40995929777201645,0.9289535200827563,1.0135699585509266,-0.28107017624301267,-0.4364575420270532,0.16017480007353024,1.4319768970545177
0.5764744040586715,-0.10233660305611,-0.1495268670190199,-1.3417380745147907,-0.5106164303237022,-0.5292531614251199,-1.018869876506965,-0.03303079373562644,-0.9072350695504772,-0.8023803094380512,1.2612918332272776,1.2920077169097506,-1.1486021533320663
-0.997694319979539,-0.05888968359766927,0.17258886669399834,0.7796525135774006,0.7130401595214857,0.8494626501754936,0.9481356642513191,0.1267713938642059,0.611076113317687,0.40248104525726913,-0.8608948858406358,-0.5943804778172836,-0.4695024032303337
1.0319459652768739,0.5125889238161739,0.0093086529931573,-1.1088924951154195,-0.41086939993471494,-0.7337039594865676,-1.1405451823184394,-0.2514564352128107,-1.1731302071516587,-0.7620038893686266,0.8368544894136949,0.5374524390189374,0.20959734687139916
1.0901864859423043,-1.2583235251240072,1.264392993293342,-1.2362079425554127,-1.7356907472648166,0.19288845070189797,-1.2391261615925107,1.3428394530538592,-0.010682714338109883,-1.7824913421814172,-0.012020198213470504,1.6692853558551575,0.888697096973132
0.16682298789848465,1.683482341666944,-2.8908944596296364,0.07640906851382884,1.0911350271470293,-2.350346066341657,-0.04925526715575046,-2.4725342787621454,-1.1376409749956797,2.2028818757933104,1.6857291770408604,-1.6703204111060364,1.5677968470748642
-1.0551096308847752,-0.5715451167672297,0.09618553631874503,0.432451549369078,0.3857762776437786,0.8317322317991246,0.7954884722327753,0.34044327128335383,0.7209647904730683,0.2229062894279745,-1.6898740729765396,-0.5384874942698158,-1.6647179634093827
0.373264757847838,-0.23493405556733288,0.32448064473564614,-0.2568253167920738,-0.452604063937521,-0.017620805389871923,-0.3362976581210869,0.30054766377827563,-0.020995429958241513,-0.41629671176758054,0.007875302277791183,0.5933454225664048,-0.9856182133076504
-1.4748277069605003,0.2074206069307808,-0.26804195079482257,0.8215325698691375,1.2670028019803674,0.852036102110438,1.2266445233769705,-0.2549573692463116,0.45286831946928785,0.7588319015081385,-0.8409993853493742,-1.2930427721606295,-0.30651846320591775
0.8293408292096915,1.084923380786462,-0.66043786532308,-0.2683033674821645,0.15648692592878588,-1.105010874749346,-0.5874242838509618,-0.9155822313433913,-0.9650372208902825,0.3086761677560097,0.8567499899049567,-0.16120985532440912,0.3725812868958149
0.026319323567912365,-2.486160538079318,1.6304528393875968,0.41988645380191736,-1.8179074187068216,1.2391395551653699,0.20777051463000326,2.164066520019169,2.0690793438980655,-0.9271589548475033,-1.2654367291629567,0.9706230615118115,1.051681036997548
-0.2775141566261952,0.4589583854941265,-0.7327799717835526,0.14786579028879723,0.5420977697764915,-0.3661616938519677,0.22726284393809187,-0.642876102828565,-0.21738358744231412,0.6458814385001761,0.4323126460913739,-0.9157651332152226,-1.5288980133890364
-0.003808014434799967,-0.2669171618182441,0.3969186867259215,0.263807111474929,-0.19014851961486803,0.30899109970869887,0.14146977481980524,0.35739437241041816,0.3818611171291899,-0.11567705770344344,-0.4165620415357915,0.21606778362099807,-0.8497982632873039
0.8585278999683957,-0.042329943589561006,-0.06345904690653702,-1.7304164261543804,-0.680840310793988,-0.6653449083517048,-1.3758426958036003,-0.014569915224544455,-1.2336004651022392,-1.1310783255913859,1.2811873337185393,1.3479007004572183,-0.17069851318557158
-2.098627582626999,-0.033647657128498334,-0.12399063952072234,1.0880480511852324,1.565114377417484,1.411041756555936,1.7026819068077228,-0.0530365701760847,0.818382637822634,0.8331347580645316,-1.4776554010697482,-1.544561198124234,0.5084012369161615
0.8091024359679181,1.7947373250701495,0.03631930211047872,1.308495291916448,0.6851474332062067,-0.552872223570843,0.25679782019296254,-0.8783286143101517,-0.31679972378268006,0.8639717938718781,0.2200939741845825,-0.41272828128801364,1.187500987017894
-0.013839095141103316,-0.7453740956249252,0.4037051729044206,-0.05754782402116011,-0.5285679199383914,0.32142928341158533,-0.022978298267709547,0.6008296057649629,0.48637978033267776,-0.3395464826652852,-0.6287807134425829,0.7191046355482072,-1.39307806336869
-0.1000024730014189,0.7444927957703851,-1.3357087446402578,-0.009455672089629066,0.6141513310652341,-0.9588180932972726,0.04873630300828617,-1.1257113800723075,-0.5346832365171965,0.987341209321075,1.068968661811748,-1.167283559178827,-0.7139783132669574
-0.6907378020572242,-0.6234037323913434,0.6324558145725494,0.778876691922619,0.07230636699446502,0.9839101510103049,0.7827906763717888,0.6686822837812831,1.0106992343055339,0.059807433592773594,-1.0532180572561654,-0.03545064234260685,-0.03487856316522475
1.2632592936382794,-0.04645937543082972,0.5029235628800315,-1.6981793239776573,-0.9903601379257105,-0.5189088984734038,-1.5762768975679664,0.3067392349466603,-1.2071324475430452,-1.5305211006909014,0.6445313179981652,1.0963822744936134,0.6442211869365077
-0.7898133860185574,1.4206377434061375,-0.009342285240442708,1.7734758314709176,1.6255801633538332,0.5598387397188345,1.3616779239251349,-0.7167175998534422,0.2879477216896873,1.214563641714524,-0.20434336962900015,-0.7900059202334205,1.3233209370382404
0.46578056251129085,0.3258300580044516,-0.5877785334487294,-0.9653461497118883,-0.11713256014005116,-0.7879295390146834,-0.7604660827505959,-0.49447581552306547,-0.9359125851246965,-0.22002039810972684,1.4934060056253307,0.34182699660280014,-1.2572581133483436
-0.1886142074048869,-1.6280440551612283,0.6763286976076546,-0.09756080315018686,-1.0345383226402534,0.657261861905968,0.04978538377808521,1.1965325621746388,1.0828945076800114,-0.5696269851659215,-1.5837647370231438,1.4736599134390205,-0.578158363246611
-0.8147817173057476,0.8323844760213773,-1.0248332772287805,0.7266135759980541,1.219069927188569,-0.20577445145041054,0.8218210215776348,-0.9945025853084408,-0.059487873438965284,1.2572585710482227,0.11398463823118685,-1.4188019851424314,0.10094138685512187
-0.7682408573108076,0.10751852183909294,0.8243709358011525,1.3519227439291084,0.659603080664706,1.1876326609553303,1.127293163986442,0.41081106432366377,0.9109987455079992,0.30722502644817157,-0.7348900493959786,-0.2869690683062114,0.7800411369568547
1.9974779968058598,0.7147834597887451,0.4790425832911566,-2.7269844365778417,-0.9959135836836648,-1.0644680186781936,-2.5145195532537654,-0.08794976896943407,-2.4980533833649896,-2.213297690290327,0.9628593258583523,0.8448638485300094,1.459140887058587
-1.2450134567824422,-0.13712147693097335,-0.10107410996702848,0.6107431439662593,0.8437768150859386,0.8158709318909961,0.9917564433845201,0.011699744915408405,0.5431920805812296,0.49107341535529525,-1.1593273932095611,-1.041524346197025,-1.121438163327997
0.5799453779113909,0.5389515068492303,-0.1228292158203021,-0.23725114807055714,-0.04947020723771148,-0.5111456003071405,-0.43700695418453867,-0.339138163317222,-0.5553169212159061,-0.07016533266959808,0.5384219820447695,0.0903085706391956,-0.4423384132262644
0.6541936992843698,-1.1719127017144293,0.8774321675604048,-0.49608299731031963,-1.3429889978701117,0.2073360228190139,-0.6136965078763188,1.0814549443339372,0.46852405015830223,-0.9906155736634542,-0.31045270558239585,1.222141487475416,0.2367613368754685
0.684495893112645,1.3101535114720388,-1.928217445154649,-0.34123043273729714,0.4290737104767887,-1.9792210554384488,-0.5481380816098606,-1.7429599441306771,-1.1779589209268557,1.2022578644089827,1.387296669671935,-0.6642467072516182,0.9158610869772009
-0.49386542549513524,-2.393569122381831,2.138636240965197,1.2275411148483497,-1.3569710184502193,2.004714085575378,0.9141283506668765,2.404134170864531,2.5932171066113185,-0.7552958955260433,-1.3715460651163525,0.4675862095846027,1.5949608370789334
0.3812487478456607,-0.5907660333622686,0.1854981090226841,-0.9210557707833602,-0.7159861229822938,-0.1305899767826574,-0.6916374185897032,0.4004100240788562,-0.2537861211720416,-0.7651868403761027,0.3262033101379782,1.5994191264208228,-1.6375539734053135
-1.1725937177687933,0.287116278547523,-0.5914055399553398,0.5794135807924782,1.0957336749714497,0.3855439730025844,0.9362857513187998,-0.4771324111749002,0.21956778856955664,0.8345513684248872,-0.5226713774891871,-1.6284006734454355,-0.9584542233035811
0.39258795126956586,0.8491700671060811,-1.1274128617404244,-0.32811718035845594,0.316777510762539,-1.1517554549924223,-0.3843586417764607,-1.0607276746194836,-0.8415874088388628,0.6153809346440338,1.1750779977651438,-0.49656775660921515,-0.2793544732018484
0.01363911058347641,-1.4496788029883088,1.0438389229787675,0.4673076138495361,-1.0587274390018837,0.7956198969780709,0.23964625871659415,1.3143545581021174,1.3689356155254293,-0.45842219716444427,-0.9471087213027698,0.6352651602270053,0.3997452768998842
-0.10697822454951512,1.3964803915156045,-2.1526695924263057,0.6543507655036436,1.090947436034034,-1.5841658753841872,0.4033102180214791,-1.9127045172468018,-0.512149854414504,2.0471734745049566,0.7506406539515609,-1.2511230345000286,1.0788450270016168
-0.10318029651822927,0.05451478678819367,-0.029192000338700987,0.1406496982364472,0.11757089057487981,0.0515542166557941,0.12977540996389375,-0.04375491833475978,0.0640610881695363,0.11749172130659812,-0.09823403367560449,-0.11929011766380834,-1.5017340233849672
0.6382539653961156,0.1212845595545858,-0.35317890338678476,-1.4282301460536209,-0.39568547493202516,-0.7307430231813214,-1.0977770668666362,-0.25980803287177784,-1.1289217822994706,-0.7097563263586302,1.5995153415787264,1.012542799172412,-0.8226342732832347
-1.6209201491218392,-0.4087525141333457,0.1747880428729414,0.8237843964225763,0.9320375009447179,1.29860496340596,1.306333534749583,0.3032213881215018,0.8913239642808501,0.4308955603908789,-1.6368194049998417,-0.8738453955546219,-0.14353452318150225
0.9824541599241935,0.5410400370031623,0.7937274189809242,0.37440401830741005,-0.35280989740625845,-0.09292428561049462,-0.33002097582587736,0.1764323784453261,-0.11014621662680663,-0.33559773252846425,0.06092997025448901,0.257987521281599,0.5355652269202308
0.6770826299080634,-2.532831584912526,1.8874413153941774,-0.26875190366071705,-2.3445314696975155,0.9702124038827373,-0.5058494239353956,2.3322906288153002,1.5992979018631222,-1.587275311486936,-0.7879447173726764,1.3898204381178194,1.2146649770219635
-0.35246923321475687,0.5634971627560627,-1.1944035758499465,0.05207592839048374,0.6744685817637617,-0.6685302184233896,0.21691245475470317,-0.9554226655251276,-0.36144116775285623,0.9241075482076648,0.9098046578816544,-1.5026414604636333,-1.3659140733646205
-0.9916925990999901,-0.4538686744313757,0.295250887550509,0.6560974585464215,0.422848577031738,0.9397980795231317,0.8796112114927986,0.3937142420422487,0.8008565892419133,0.227087005534882,-1.212382061186259,-0.3708085436274129,-0.686814323262888
0.9225270409035744,0.08716340830106287,0.36019717122115436,-0.8986814683032973,-0.6356629804387124,-0.384405686985072,-0.9706540318425397,0.15937365357613198,-0.7180386068779031,-0.8799292508819619,0.4853673140680717,0.7610243732088081,-0.0077145731611552104
-1.338368340651984,0.8249859495807634,-0.3845621780881218,1.210608813082848,1.6102707989821865,0.6641595522854532,1.3589508199318732,-0.6299090881128495,0.29918670344720133,1.110457731129221,-0.3635073735590937,-1.1253638215182267,0.6713851769405774
1.5091483747677605,1.45691748716718,-1.1154505801097547,-1.1996537897129598,-0.08935881153150527,-1.9441609249125562,-1.4449251561843968,-1.3583435308502045,-1.908851131664438,0.01302546335260604,1.3342420016952372,0.006469095317994068,1.3504849270423096
-0.2511820121892055,-1.3209455935844703,0.48536458407135835,-0.03560569972436131,-0.7650595815531465,0.5548371173144946,0.11614818123023077,0.9351016389282605,0.9104310498665757,-0.38536080143032286,-1.4246007330930504,1.1383020121542144,-1.2300941233442741
-0.17082573065718537,0.701589470448829,-0.6054036527129333,0.4181817809080847,0.636763714686031,-0.3444768718148575,0.31280026235488256,-0.6925895746739709,-0.19199331236678116,0.7351785267719091,0.2731486421612804,-0.7480861825728197,-0.5509943732425416
0.1887265565169314,-0.591680752818698,0.8641128858671594,0.5173408004557777,-0.5708361414011223,0.531241533220641,0.17201049212786398,0.7833688326675825,0.7972281456687289,-0.2906352387049331,-0.575726045465885,0.3837467342634011,0.12810537685919118
1.3203400514152002,-0.10069164980654156,0.36577641237519226,-2.2986337278792384,-1.0728120780145107,-0.6657109730635526,-1.9242914822936343,0.2565957318576694,-1.6071587551196875,-1.8373497475094036,1.1220233297884459,1.5155796510996211,0.8072051269609236
-2.9101519756158023,0.37486469229474395,-0.07962019792849402,1.8124093159632373,2.4751759469136037,2.027911949564294,2.5215623313920346,-0.23260916598690223,1.0577372382349646,1.2933620467860785,-1.0001633892794677,-1.376882247481831,1.4863048770626563
0.24752238130538515,0.5059103821890119,-0.5180704387560321,-0.19053436935236595,0.17840356045805594,-0.5774450811654513,-0.23369815687165998,-0.545368675083653,-0.497779566195463,0.25570870801557327,0.6975859859748631,-0.24504933064561063,-1.0942741733239276
0.5173566156784908,-0.6016512291212394,0.5919946692383816,-0.34614596027309263,-0.8269429203792735,0.08533856742482078,-0.4609280998752422,0.6349827897852351,0.1737490860730997,-0.6761507658652649,-0.15128870165230232,0.8867835861906103,-0.4151744232221953
0.25220106188630165,0.9836950495423463,-1.7894235147650313,-0.2768778494498201,0.5203905566101428,-1.5617631179595044,-0.28184516863009085,-1.5012392664666685,-0.8995368216344958,1.142813480084642,1.5464606736020285,-0.9996046085364241,0.26392532687953757
-1.0171674149581444,-1.4008501285289867,1.1605510470070983,1.0405264495670292,-0.2427077626800593,1.625741735450044,1.096472454716053,1.3556859828809087,1.7529042562892772,-0.15493521396090887,-1.530710069046446,0.13222830829979618,0.9430250769812707
1.947157643286238,-0.8655764971918049,2.193018266174456,-1.604750689290453,-2.100707413410799,0.29414015632305357,-1.8943739835754325,1.669571675472281,-0.5582273836891128,-2.724349084838402,0.16703930620788468,1.2640612251360164,1.6221248270830029
-0.7184613581500656,-0.07248701753554375,-0.07879074758103445,0.4313929356416434,0.49172259063235785,0.45502599531453547,0.6140399483744028,-0.008109029839303327,0.36640447969722506,0.3523694473765985,-0.6818353814192807,-0.6223269695910174,-1.6103899834012443
0.5903653226857839,0.2676438912913048,-0.27284808292713736,-0.9169122725300555,-0.2535697731467444,-0.6343791525045694,-0.8018108122830617,-0.28782601222171167,-0.8592957750790046,-0.42135153339769665,1.01591399383505,0.5095059472452033,-0.9312902332995119
0.10795118580013732,-1.6745269330396741,0.7874613444584532,-0.2999654980988906,-1.2927656363972786,0.5300909712634889,-0.2165382758439925,1.2824509057041327,0.9680439322638482,-0.7901341473865,-1.1062727252328632,1.641338864081424,-0.2521904831977789
-0.5413305473502164,0.9901933802296808,-1.6265169867400169,0.5575884390841963,1.1260911293106737,-0.8663500039597577,0.5855584745329384,-1.4126714696271303,-0.2947880533749344,1.589822619964502,0.5914766500214673,-1.5864809357848348,0.42690926690395353
-0.14143637959490438,1.2238459222697484,0.6157471721032401,1.6685603524133035,0.9921971478966473,0.576646612320568,0.9578412391364526,-0.26583353573263163,0.3508425805330968,0.6780511134451583,-0.257398037605698,-0.4546480189486144,1.1060090170056862
0.4732798610263119,0.15833679087785313,-0.42046723403874886,-1.0762362944711104,-0.2439422946653807,-0.6642185124397728,-0.8231017382574027,-0.3162907156532638,-0.8981506670111816,-0.4200100034051876,1.4403513376486328,0.6771848978876063,-1.4745700333808978
-1.4554184205908052,-0.14040565121572182,-0.11395684543630757,0.6808626097787888,1.0007571889227547,0.956991189977995,1.1418705402559792,0.006083106817640107,0.5967238694591029,0.5484047393152237,-1.3184913971396546,-1.209203296839428,-0.7954702832791654
0.5638615909232176,0.7257792196107095,-0.05815016705285385,0.12888368127334401,0.09782373963208668,-0.4496927470274585,-0.2348603058540184,-0.3962447162294752,-0.4203969217942247,0.13102503561184575,0.37925797811467604,-0.07737038000320759,-0.11637053317743272
0.6609266510967485,-1.3929565766193188,1.1271733683652922,-0.1781046807469042,-1.5079457435552865,0.39519905446926556,-0.44926083584789783,1.3329196078392709,0.8574227812914873,-0.9599043999958166,-0.46961670951248935,1.054462536833013,0.5627292169243006
0.6593995997666385,1.5446278003739085,-2.3834151614173176,-0.009606539879110892,0.6176511734600529,-2.3124276025815482,-0.3593880382067809,-2.1169559390457033,-1.1020171083626935,1.7667419002006217,1.2281326657418414,-0.8319256578940212,1.2418289670260327
-0.3232572996970149,-0.6672479314576841,0.3683190425713113,0.23945272034261278,-0.2377220056591222,0.5162728555291823,0.300245952587826,0.5417588518999886,0.6478752016145797,-0.1109822891451704,-0.8940540533260719,0.2999072589421996,-1.3387500833605515
0.6833197077894242,-0.30098572130945306,0.13669972777522185,-1.3530273411566174,-0.7352000409099012,-0.38511422859151034,-1.0822468179311344,0.22778359712886742,-0.7746545281093692,-1.023022786463835,0.8036953219282588,1.43174017577842,-0.6596503332588187
-0.9756863172790542,0.7365490560110775,-0.8907176658622045,0.7577365441123831,1.2716275513700386,0.013228934747767996,0.9247275252548312,-0.8709142811233581,0.031177857481181553,1.1786678582671757,-0.045179365698906654,-1.4607217228030325,0.019449416842914114
0.8198893929017141,1.088429149700655,-1.4797313209269396,-0.8412185695661754,0.16618055520630706,-1.7303810459719764,-0.8851349216551201,-1.3791320647334577,-1.3858845481619326,0.5281230519273964,1.652570009555424,-0.32888880596681214,0.6985491669446459
-0.4317131521387825,-2.611286829357161,1.949314052211266,0.7476408070236865,-1.5614955131431387,1.814013353083317,0.627102283347262,2.4064553415051844,2.3971199337121023,-0.9412169231497558,-1.6633467389881906,0.8029441108694088,1.377648917046379
-0.5736837756115675,0.43924412842525945,-0.6201714182773487,0.4054754055435573,0.7521520314789365,-0.06663924156216902,0.5225499759044823,-0.5695315239293015,-0.015292701880127617,0.7375137310047308,0.0344026362661401,-1.0834440838576256,-1.202930133340205
-0.40087007470715313,-0.4655358014770046,0.5055604335408165,0.5628626264966332,-0.03306323381910631,0.6778886221978266,0.5128731964080955,0.5180979308450747,0.7410443053031752,0.00712833269208601,-0.8144720513610253,0.048388832978595024,-0.5238303832384723
1.0033436739369974,-0.04537700990968165,0.1827278413543793,-1.6765758380381928,-0.7927237787558558,-0.5793610038372218,-1.425200546073128,0.12571910629116215,-1.1921241513650884,-1.2775820127856257,0.8832773238933056,1.1802217498148149,0.1552693668632605
-1.9805333594960395,-0.16889239616766033,0.49140599276823155,1.3246357046100272,1.3778647174070782,1.8010877032913395,1.7642650936732263,0.3615615155066021,1.0870232895734786,0.5363735099228599,-1.238909395174608,-0.7061664449122189,0.8343691169649934
2.204532232851619,1.2939497937203037,1.0547586312864865,-0.5569527097296807,-0.7338822713146232,-0.7689079873358993,-1.4788998978354193,-0.05349289339550525,-1.3239996443518458,-1.163996142467037,0.45883998007972276,0.4256664719240017,1.5134688670667256
0.2809239543042297,-1.0410139050184815,0.4511289408918358,-0.5949992796178974,-0.9656187245181003,0.1463954707541244,-0.4654077366356914,0.7756156545714917,0.30349657067354324,-0.7407970301515285,-0.39003470754744257,1.5574993887602222,-1.0671101833198584
-0.08948965208157754,0.8019687865780056,-1.5764534644459907,-0.06256798762158,0.6477554154375376,-1.152121176582481,0.015017339916309946,-1.2901907965543402,-0.6142129496405032,1.1302917746837582,1.3077146677068883,-1.33496250982123,-0.38801043321812595
-1.204904642665021,-0.8006954744400556,0.631523858635093,0.8985585865878437,0.33350735160103523,1.3523375408848266,1.1223172194733737,0.7569442483614174,1.2237788887995313,0.14199580981816776,-1.4511280670813993,-0.20312959298500988,0.2910893168836069
1.4404235008524227,-0.17626341821378197,1.0322767703581601,-1.026461606836928,-1.2184132555727392,-0.2376622438300248,-1.31646455760077,0.6701143205065069,-0.6246020741000511,-1.4669721188197198,0.24662130817293143,0.9287033238512108,0.9701890669853396
-2.4657722636215316,0.9879523567089105,0.2357404993398852,2.154373901527817,2.5819945377241744,1.9521972796212148,2.463516985777231,-0.36188910961622955,0.8728273676639402,1.2915846684329289,-0.602253379454234,-0.9576848708758234,1.649288817087072
0.3521223906560326,0.2944820111934685,-0.4925403376874364,-0.664328137774536,-0.05372138596035099,-0.6328440540715602,-0.5403050491119612,-0.4250958531820031,-0.6938761106871105,-0.08590631673270673,1.095495995800097,0.17414804596039712,-1.583225993397175
0.002651439583902586,-1.34414583479707,0.5627923852922491,-0.18793337310517214,-0.9740849507945263,0.4323394499098948,-0.10074859459854531,0.990362384839635,0.815643114991761,-0.5466922955399081,-1.0266907232678166,1.3059809627966175,-0.9041262432954426
0.24171930168156994,0.9022318576628436,-0.8468174090862317,0.14598338343039766,0.4694155724733181,-0.8269355069323425,-0.05272837698677342,-0.9291434662622449,-0.5329991800574324,0.729444576372785,0.6710586519865142,-0.5804072319304167,-0.22502649319370957
0.8227364357916498,-0.25436191195965263,0.9753674200513837,0.18404893482907866,-0.8070727782410981,0.16189616359054934,-0.34480468574543677,0.6771489373787761,0.3147184575354519,-0.6003580870644426,-0.17781603564065124,0.5514256849058042,0.45407325690802286
1.5075176582915732,0.06368155202411759,0.4895294074132826,-2.6251009122205935,-1.095702179659491,-0.7046091279289419,-2.1974062787900626,0.24403132816675752,-1.9620819379053933,-2.151724438003602,1.5199333396136796,1.6832586017420241,1.1331730070097554
-1.3837729800008172,-0.17703725169713977,-0.27769283333058187,0.5191669367470269,0.9200030053696702,0.7792168001140645,1.0179166267958997,-0.06786154834302408,0.5046167293257571,0.5601224189817015,-1.5572374030347949,-1.6563471652191692,-1.4474060433768285
-0.11254508458972812,0.5290311602089821,-0.3256421017870064,0.37111744722898415,0.4678304520145507,-0.17045924714826363,0.25661091721279145,-0.44848541240380635,-0.10403296915497914,0.4949857868356406,0.14051197221953576,-0.5245142483829488,-0.768306293275096
0.12346064657481472,-0.9701181655644855,0.8073090568483255,0.2913591657931914,-0.7950886469585144,0.5342701706599498,0.08764675370256456,0.940871905764161,0.9004867797183701,-0.4022503299773727,-0.7083627154076296,0.6073186684532716,-0.08920654317336361
-0.057979588969955795,1.1467724618380577,-1.9612382208311285,0.2776045607056378,0.8732500740090117,-1.471638605385432,0.1778694713654135,-1.6797512591313513,-0.6102422246611573,1.6482089424761026,0.9893866598467013,-1.2790695262737626,0.5898932069283694
-1.213906746241344,-0.67713650371331,1.2805575286196331,1.5347265071893876,0.42968229891127135,1.859586279064892,1.4633728192938007,1.0608935752186013,1.6007380258101391,0.09229447985725633,-1.1328000592212122,-0.14723660943754208,1.2689929570301022
0.493500817926303,-0.19915561046281183,0.08569572524827801,-0.8649033064938777,-0.5177931335071777,-0.288187616115364,-0.7222761839443916,0.14803896390669266,-0.49039823646981556,-0.6526970314490277,0.5649493160331185,0.9845963073986782,-1.311586093356482
-0.7327975769031086,0.42407096634951785,-0.31684914082013227,0.6611535632589887,0.8616877272362191,0.2816360325100957,0.7431730044505415,-0.3909654639394946,0.18216854044374375,0.6859380330286857,-0.2839253715940469,-0.9017918873283557,-0.6324863432547496
0.8164720583787899,0.6884159901843112,-0.6912723529620685,-1.1414147960841063,-0.12051794531852247,-1.1195632078632254,-1.0419542117560852,-0.7343921583948031,-1.3215246559546436,-0.2629104466261853,1.4138240036602838,0.23004102950786492,0.04661340684698322
0.07851871071068843,-2.299073788538048,1.395246596813662,0.04013811868938186,-1.7221421092538567,1.0201809846479022,-0.020976715031378504,1.9378001184460958,1.6591466021928087,-1.010745332633556,-1.3450187311280035,1.3618739463440852,0.7257131569487161
-0.8073108131689825,1.3681919006702847,-1.8798357499696778,1.2001936226417198,1.6009038130458195,-0.8708466283572379,1.0680966211040874,-1.7447551173645093,-0.09350294951395169,2.2158633068096476,0.3527306441263271,-1.530587952237367,1.4048129070504483
-0.49430395422602447,0.009275715755224054,0.04289704520933874,0.46547301082764764,0.3810816041313089,0.3879846846681305,0.511606423496064,0.019533632707881603,0.33332848400598797,0.28503873133429525,-0.49614404350083824,-0.39875503540114665,-1.1757661433361357
0.743936939536395,0.2609001251621324,-0.24938948699126856,-1.2873468443256912,-0.3747581251755715,-0.7265356738549528,-1.080105347105785,-0.27122633068712976,-1.1250189017522276,-0.6910449613454008,1.2016053317534925,0.733077881435074,-0.49666639323440304
-1.702547813638023,0.2187656306374835,-0.099240332738137,1.0126475537158184,1.4476769657770854,1.1457729895506807,1.450009310271648,-0.16549402098870927,0.5843843421656364,0.7633778366328577,-0.9205813873144209,-1.1533103132919602,0.18243335686732984
1.226402771172467,1.3244232557829607,-0.36544653866503035,-0.29422650588401583,0.028966751686674633,-1.1624704487304793,-0.8144755443263509,-0.8692515254467919,-1.1537510285719987,0.07154800558282712,0.7771679879399098,-0.021477396455739792,0.8615331069690623
1.7178595466553181,-1.129772036109377,2.1060020373267023,-0.8118922318242131,-2.118107116914846,0.39162434472836083,-1.3521362743282714,1.7528335070520566,0.20803552950867812,-2.119727085176565,-0.07170669968725557,1.1103555203804802,1.5406328570707952
0.14891070032556827,0.6189576216738936,-1.2314822877867577,-0.4451176979206698,0.3348445539388852,-1.0571057599430447,-0.3152605943045158,-1.0040965132825597,-0.7638252391020298,0.6131404036077107,1.6260426755670754,-0.7760326743465534,-1.039946193315789
-0.6978766529458852,-1.2303594929705453,0.6003660845331111,0.46529330287965026,-0.3612329839823073,0.9642754893191617,0.620895848997319,0.9545568574462819,1.2119870463105844,-0.12984584200471058,-1.6102920710114927,0.355800242489667,-0.3608464432140564
0.8784089442291483,-0.8940510794740347,0.765533500220794,-1.0902723020941245,-1.311856454053315,-0.03997899321954819,-1.048205243746617,0.8792309376215425,-0.16235195319251283,-1.3119632353354513,0.08745730424283793,1.4876331593258874,0.3182533068876762
-2.190599503572092,0.5445335023865884,-0.3140872665199992,1.400977890212012,2.052908162928832,1.330397060515029,1.9174858794209373,-0.44973607219000017,0.637016183828586,1.1876517497767798,-0.7614173833843274,-1.4048287392555647,0.9973530569894093
1.7004035826586863,2.105610611542954,-1.3667921672733772,-0.08920502789628151,0.2349195762331697,-2.27540454316041,-0.9608122567107374,-1.8248759251632178,-1.557828938332524,0.9561638392485017,0.9363319918700034,-0.27299582241934434,1.6764528070911415
-0.25887899628551736,-1.0349420898419759,0.38847730681684944,-0.007241019343829583,-0.5523943550627108,0.4856062498030289,0.13527485546915485,0.7372613572996041,0.7283931558250254,-0.2939613947833808,-1.18585472719791,0.8588370944168762,-1.6864491554126382
-0.2682285938762971,0.6230680813516372,-0.9051060091368547,0.226289854280559,0.6537480945618518,-0.5057927288573909,0.2637210802361832,-0.8221932720219548,-0.2764546880179528,0.8274949276586007,0.5118946480564206,-1.027551100310158,-1.0073494053109058
0.10361864152253471,-0.0351025013366867,0.5025701597867284,0.47048775798712095,-0.10386405378991383,0.3133833092852891,0.19297886425132324,0.3008525454203016,0.3684505836569782,-0.053547694523467686,-0.33698003957074474,0.10428181652606244,-0.3282496552091734
1.0802832305253462,0.11907056186852774,-0.07434664898690292,-2.004186703959531,-0.7320685500326224,-0.832955044389504,-1.639686286198249,-0.10153567345301533,-1.5479352107112399,-1.3093962419252307,1.3607693356835862,1.2361147333622828,0.35085009489255925
-2.0904913892912083,-0.360270394002707,0.6503553566469594,1.4076763050730698,1.322740961020771,2.002675350872879,1.8672355859011929,0.5469948299526985,1.2833321196186969,0.4746585251361283,-1.3980733991047014,-0.6502734613647512,1.0299498449942914
0.2975491093690445,-0.06557820336340897,0.03461993999588127,-0.3999231808631012,-0.27278196094156537,-0.18691332837756833,-0.3712419367260399,0.052354903868195614,-0.24554838544081195,-0.2980772513336878,0.29967597614962926,0.4815594554714694,-1.5506292053922919
0.2544280287539523,-1.1938455765206908,0.5157493470421692,-0.5424549757582914,-1.056078162361832,0.21527847898313496,-0.4234008728258985,0.8885766176489617,0.4502100977076249,-0.7530962269810838,-0.5491987114775361,1.6133923723076897,-0.8715294552905594
-0.27084069790464055,0.8203174821425429,-1.652147819836114,0.1032471285150964,0.7983758166629912,-1.080324804155736,0.20009580741873662,-1.3420448450767202,-0.506136718805087,1.2995175731664617,1.1485506637767948,-1.6144274275585686,-0.192429705188827
-1.2942191831266365,-0.09721496942551872,0.5297002885338942,1.1590244391242566,0.9099041091420726,1.337895282763165,1.3079657878066047,0.3472501911374336,0.9152754993525887,0.3951125153403083,-0.9736360552911187,-0.4825945107223481,0.4866700449129059
1.7315630509751954,0.7414809999353996,0.47902420287150366,-1.6544182270571757,-0.7752087705302172,-0.8735683630038719,-1.8047795262753832,-0.10133019039127113,-1.7337554233879187,-1.4829415085972633,0.7241133199632119,0.6492384061138722,1.1657697950146384
-0.7297195538281571,0.34178901426958475,-0.5999253387515908,0.4151405062625387,0.799850780223304,0.06100836747600525,0.6114997355758277,-0.5093145587600092,0.06085198607976793,0.7290317145578691,-0.1247613676639534,-1.2371497886131617,-1.4148092553719454
0.4595231650589985,0.5817599499945078,-0.9142063197995552,-0.7999629504601451,0.07269333481052931,-1.0353043357110026,-0.6696978241140329,-0.8066356465910284,-0.9965754396617095,0.1354593244419617,1.5729880075903775,-0.10531687177694128,-0.735709505270213
-0.26643751805481836,-1.7402798111657043,0.8445357631068313,0.1723895547702456,-1.0567650000535929,0.8429214817689962,0.2342720618032458,1.3475497366179707,1.359586436276539,-0.5109573262705099,-1.504182735058097,1.0265160450592792,-0.05660975516848038
-0.21468720122981338,1.2311816436870762,-0.748177522508485,0.9572507455496696,1.0529806332136624,-0.42314889783530385,0.6212692404961349,-1.0382823966645245,-0.1737801122774149,1.2084718566116157,0.1935666401962336,-0.859872149667755,0.6224899949332521
0.39984257100543424,-0.6653233934815047,1.7554361271117593,1.335898219353561,-0.7839879789437706,1.0674036831512523,0.4911853891530083,1.3226425716046524,1.4471724550869407,-0.39640780627929334,-0.6553080474309317,0.27196076716846584,1.3015897450349847
0.5427663905382193,-0.22274065404366258,-0.05341856233429455,-1.2638232055347087,-0.5721621856825426,-0.43089658914204537,-0.9595792924136118,0.08143862894517552,-0.7649833623423351,-0.8208312198792801,1.042441327823399,1.403793684004686,-1.2789893053515988
-1.5162089156535326,0.0660017706388589,-0.29754486657087864,0.7210024396868951,1.1960707880673396,0.8589817184443206,1.195748844602242,-0.20076446659918734,0.4797110458676065,0.7123283668330602,-1.0797453912445143,-1.4886682145767665,-0.5998895552498664
0.508688738197516,1.0027768945633313,-0.5974533682381015,0.1415767451320031,0.33993305144900615,-0.8262004691151706,-0.19850627325710235,-0.8389423111493012,-0.6074944380738306,0.5409147740487699,0.6180039840098163,-0.35683529774054584,0.07921019485186602
0.9723807626887334,-0.7097340378436389,1.199704672349051,-0.01555097649317712,-1.2497315742711452,0.2275545189226416,-0.5307018536125828,1.0316456858432834,0.4917817052175785,-0.9031806784188076,-0.23087070361734907,0.7749976190956751,0.7583099449535986
0.5269266245680203,1.5551204928444669,-2.7711990774282307,-0.04757759000152697,0.7255711383240329,-2.5165273955391645,-0.3082751182980191,-2.340784771957424,-1.137183227663439,2.0294011513536283,1.4668786716369817,-1.1113905756313598,1.4374096950553312
-0.6999010975826758,-0.7231139090480522,0.3489023876354123,0.42804004172869237,0.007136719541543297,0.7717029264854658,0.6022950590224304,0.5587922104480557,0.8251919903889592,0.03187864892188482,-1.2919640631513056,0.020442341204860954,-1.1431693553312523
0.7110631102298842,-0.34588402482838265,0.3462522784127166,-1.017977229206167,-0.7886823385530844,-0.24334468918201393,-0.9200780093694727,0.36838269609632557,-0.4981607510773211,-0.9507861817537527,0.40578531210302493,1.1522752580410813,-0.46406960522952
-0.8856212242137503,0.5522602531756574,0.04275323397602201,1.0521924013778823,1.0701381324638004,0.6688202536878218,1.0319551158398013,-0.2524727242546181,0.3768436554643673,0.6846605614500795,-0.4430893755241404,-0.7341129366859527,0.21503014487221264
1.3447350631639072,0.9280574966638087,-0.46093560184824756,-1.6074934738703306,-0.34730410144128926,-1.3211052877197003,-1.5721277309808197,-0.724574885097473,-1.8317553255253622,-0.7516501073000356,1.2546599997301904,0.3977199801502679,0.8941298949739448
0.8574929397472634,-3.0070486880834824,2.727610848444641,-0.31181930343877445,-2.8241202080233725,1.4889502229726406,-0.6255495083026771,3.0433383064292854,1.9040258751132528,-2.241695225104271,-0.8675267193377231,1.5295528969864882,1.573229645075678
-0.3337276555457027,0.5003593638594663,-1.0736774437484502,0.03165779670896283,0.6146133666086243,-0.5888350847424118,0.19605105904790376,-0.8557562183192408,-0.33159216113181433,0.8203828528841729,0.8302226559166076,-1.362909001594964,-1.6592851654085692
-0.03801287318289843,0.2714664770224023,-0.040868934126724675,0.2804280178574741,0.2251126483595502,-0.004242549960245153,0.16863309906608043,-0.15898547715352168,0.012332721603060884,0.22135872064006853,-0.018652031710557737,-0.23107608475874358,-0.9801854153068364
0.7775105596670954,0.26046456808178114,-0.4226539718359524,-1.5753417124524496,-0.4005009385171141,-0.8843284316360245,-1.2503522567312437,-0.36866860411670854,-1.3350137217111937,-0.7582389010057068,1.679097343543773,0.900756832077477,-0.30108566520510405
-1.9097565936857153,-0.3617475821591138,0.2240572035972796,1.0211309941290585,1.1847886478510887,1.5439907319518777,1.5658310136627127,0.30745196195915986,1.002110856693347,0.5286180600452399,-1.676610405982365,-0.985631362649557,0.3780140848966286
1.3342261686105887,1.0469980475729739,1.1710179133345462,0.9507144477723257,-0.25332795700968175,-0.05436698401490637,-0.21445284026827904,0.1357093819719282,-0.047983545503456494,-0.2238783470523274,0.02113896927196564,0.146201554186663,1.0571138349983613
0.006789431623906431,-1.0853997794094463,0.4209457402020683,-0.2767115269403188,-0.7900956346953082,0.3199216073132796,-0.14989182133646403,0.780831250571097,0.5673866400447811,-0.5016087664811486,-0.8277357183551998,1.278034471022883,-1.5234652153882224
0.14611863112209902,0.6863658518302168,-0.9046557577367973,-0.09674990889184817,0.38570835551618005,-0.8029262264853136,-0.1296458860277602,-0.8536388532450495,-0.5572216683169522,0.6071924712194184,0.8700136568991311,-0.6083537237041503,-0.8443654652864899
-0.37684762305149955,-1.292136528472865,0.7368501591221739,0.42903645764874526,-0.6490490725449979,0.8391017335740507,0.4292374356822009,1.0624237904309088,1.2293054299679818,-0.25607964982433673,-1.2521730621687823,0.52347919313207,-0.16526571518475766
1.0542658514900543,-0.6881355056333054,0.7002396000787555,-1.5961648167924996,-1.2961293891558479,-0.21661549088047102,-1.4100645240378855,0.7393060746690439,-0.6777473819294666,-1.6078613487700661,0.44557631308554835,1.6553121099682904,0.5138340349169752
-1.8765114085790982,0.8348146384777482,-0.7725299164230316,1.4345279992868567,2.0249549594166854,0.7511690763381706,1.7664503873930684,-0.8535090010137606,0.45573240882333577,1.5515826658154666,-0.40329837454161704,-1.572507689897968,1.1929337850187074
0.2002349313157255,0.5159424651402605,-0.9095225038649674,-0.44520134098982184,0.2214730261221243,-0.84553418141058,-0.3428825174254821,-0.7710343854391002,-0.6908578438711036,0.3735423432539105,1.294451000712714,-0.44067477306174735,-1.3876452653678761
-0.42109655292334247,-1.3039688655741644,0.5762482869280927,0.2423512829005187,-0.6240931009907805,0.7469520368167425,0.35434919373107443,0.9778262682209482,1.1013696649979552,-0.263709883039911,-1.4643917340755737,0.6911581437744732,-0.7085455152661435
-0.5421325793405138,0.8701645300373704,-0.9807548677550011,0.6427452711780686,1.0398945478097739,-0.3675127982700992,0.6309953211845574,-0.9885779787896423,-0.14751400342166834,1.1673553755139918,0.23335764117875699,-1.195230050952561,-0.029445765164411056
-0.19472506376062138,0.003440207160871492,0.9465334392073667,1.173080129859205,0.14996783446231726,0.8701355089052757,0.7246102369829969,0.5317900290338382,0.8541839791419912,0.094555674959306,-0.6155170464484084,-0.06339713411634053,0.6496539849373214
1.8057100307822764,0.42984456658132697,0.44343600381867376,-2.8139652791356102,-1.0567391189187827,-0.95426162046198,-2.457448008180296,0.034677293564329296,-2.359573705994219,-2.2460339254182604,1.0822323288059224,1.0684357827198798,1.328753735039054
-1.0599183712707527,-0.16130621276967105,-0.03597856077164603,0.5704607904634473,0.686100188400899,0.7332086266743157,0.8710110324327255,0.06050245849726442,0.5309213449710434,0.41521225205827916,-1.039954390261991,-0.8179524120071542,-1.2518253153475296
0.6395635654448167,0.3893586529131324,-0.0914009884756629,-0.5497591479432475,-0.20280803389353672,-0.5296989249079017,-0.634203559850596,-0.2465079391215892,-0.6774729600932541,-0.30634430080934716,0.6577949849923397,0.31388050482906643,-0.5727255652457971
0.661084285450438,-1.1251587239090046,0.7663699609211521,-0.7627345270528352,-1.314395607759491,0.11669481281946407,-0.7583259131345444,0.9954405382126479,0.2406617245763314,-1.0895552735814111,-0.1910797026348257,1.4457134216652867,0.10637418485593535
0.07253298072390671,1.099125880392856,-2.2117309204395688,-0.01418451399966989,0.7399454400540999,-1.7586170100583678,-0.046470278287131905,-1.7970799960708954,-0.7895393354542,1.6358899313774216,1.5066696726195052,-1.4467484769161656,0.7854739349576679
-1.9222338899557567,-0.9520697631626054,1.248616914328004,1.6051522805483056,0.7673217898942348,2.3434853416255716,1.8811941077013365,1.1805761599743423,1.8470682427511937,0.16401361877936105,-1.5705010700289694,-0.3149155600799451,1.4645736850594007
0.42412455382330944,-0.3203775576718337,0.2859479049062839,-0.49940655862967387,-0.5529161433395529,-0.08386697964460661,-0.491831463274612,0.3216186054271036,-0.1375647024367099,-0.5528088355976614,0.12724830522536132,0.8169173567562755,-1.1160053653271829
-1.2408350622728872,0.2225388609864613,-0.1885413709505212,0.7948380042595768,1.1007160309328115,0.7453824854280462,1.0868065303605012,-0.21771810975252026,0.42265756360778045,0.6815055923957889,-0.7216263824018041,-1.0694708379707585,-0.4369056152254507
0.8921909394437468,0.8938033191900618,-0.5202639912943573,-0.6632347077627837,-0.02933086286708289,-1.041977878874067,-0.8299187069022455,-0.740860881751762,-1.117942517303117,-0.06453510858431713,0.9761229928525268,0.062362078865461884,0.24219413487628197
0.2198289856702225,-2.4206290509487363,1.5430748321781451,0.13505396381225984,-1.9170748939503681,1.0327894480397166,-0.046742458744927495,2.0819979657789585,1.8146291023230257,-1.056099882962368,-1.1460637262153868,1.1941949957016817,0.9212938849780146
0.7831475557643112,2.1247650536126317,-1.6225185188612814,1.1338006315964289,0.9434787441210474,-1.8141749020493843,0.17841681351121574,-1.9786083916371606,-0.6783276275211664,1.9792078891534657,0.551685649038944,-0.6921931990253519,1.6003936350797472
0.025207887954776315,-0.370547908378618,0.2268006852595904,-0.07052961272747613,-0.28706946678749695,0.15689834320437399,-0.05082011439235724,0.31340550473188394,0.21118200828208095,-0.2167675705174118,-0.2971890385882214,0.43963971781086864,-1.6321211754044997
0.614052672483156,-0.17471590841829962,-0.1367031605137932,-1.486734337878885,-0.5914214771842405,-0.5463379079713521,-1.1156929585055877,0.010444654037465657,-0.9618058307527313,-0.9106535728719364,1.4005603366661095,1.5714726346470889,-0.9530214253027671
-1.6907414447418132,-0.08332559141520758,-0.11220978119759778,0.8133161649798832,1.2202648690895168,1.1272895456072196,1.3383176371336527,-0.021517712851950376,0.6529813091651497,0.637296506128126,-1.358282398122178,-1.3209892639343632,-0.2739216752010347
0.7122140301188677,1.0819290983882641,-0.0143275823873828,0.46209139106771235,0.24303039482209987,-0.5223895753469097,-0.1384712919258109,-0.5499031168981454,-0.4295555945075099,0.32531174577500327,0.3394669771321527,-0.1891563470981428,0.40517807490069746
0.8738890684395771,-1.6698354265194508,1.609790518581073,0.07856835767931876,-1.8694749980236571,0.6146834422210167,-0.4280373161958764,1.7436066445733198,1.2411362973152664,-1.144199724343919,-0.5094077104950128,0.9426765697380777,1.08427782500243
-0.042764505915280984,0.5485454722517616,-1.0827873524473435,-0.201403392775316,0.42909299746901264,-0.8047613828011739,-0.08346452429273014,-0.8850224941784481,-0.5359409361500709,0.6684623553794335,1.1883416647593181,-0.9437116249889566,-1.4963012253841532
-0.3914113785273754,-0.660892672882511,0.4740762540698471,0.4208845200056013,-0.18150772990556782,0.6468049736491139,0.43275453637864747,0.5981861287084212,0.7758575301812929,-0.06612429358142614,-0.9338450543085953,0.18812129184726398,-0.8172014752824208
0.8603599082619864,-0.23301557666159203,0.23487166590896968,-1.4960063515327222,-0.8201303372027006,-0.43647222507554223,-1.2529399480492134,0.2490788593963613,-0.9272473510453482,-1.1934223283294598,0.7639043209457353,1.3199542086834843,-0.13810172518068833
-0.15678423812613024,1.0284228444266457,0.025735599878969753,1.119524564235807,0.8624926368762029,0.13242060664640315,0.6759193010940893,-0.5005257355895452,0.0884554567363954,0.7431703306580026,-0.08497036668143003,-0.5664339860435496,0.5409980249210445
1.543653226310106,0.9397914770099574,-0.6084503440399717,-2.1675542337433273,-0.48947381896163694,-1.5777391300877242,-1.9750066089488485,-0.8135978089342879,-2.2490489657800983,-1.0232599245284555,1.6127790085729008,0.565398930792671,1.220097775022777
-0.2010007373579295,-1.4075739320183762,0.4630848888554971,-0.21909930839765462,-0.8657146312863593,0.5016187189730964,-0.007792870386565615,0.9659269602774938,0.8378495073829809,-0.49373080130274555,-1.623555738005667,1.6972318476288912,-1.3604812753638067
-0.8725340285543388,0.5615433052438338,-0.9646101528254158,0.5030001146520403,1.0669396552543748,-0.11784378091209087,0.7346716435241697,-0.8249212848570036,-0.030775970644468527,1.0601868867655404,0.07419363724866347,-1.6975768660458508,-0.6813815252620744
-1.02146649196413,0.08811024380941039,0.2813336891665457,0.9633239010351502,0.8373539228736152,0.9504359450343118,1.0579804405071809,0.11444813712147407,0.6409894529705416,0.4466412326880794,-0.7746810503785019,-0.5657439492096302,-0.0022817751603417336
1.2975770097906847,0.6725012970805283,0.010384702598818947,-1.456951253667361,-0.4964042160473437,-0.9235837046421804,-1.4672261336447427,-0.3309336370965524,-1.540657961543569,-0.9998081300185928,0.9230683248758289,0.5660889676265901,0.6768179749413907
-2.823142440636655,0.16435205192630697,0.06871271066741307,1.6774668140914013,2.257035836485,2.079895069649566,2.4034921396656332,-0.043577227636703346,1.108432175620286,1.0911145711594457,-1.1991183941920844,-1.320299227100444,1.355917725043123
0.1855144036996007,0.4014957573076113,-0.3578943844989994,-0.10539735937486207,0.14985493175580786,-0.4093367122140774,-0.15538439122923658,-0.4027949771135708,-0.36158907142786206,0.19450856218362111,0.4986309810622462,-0.18846631026422359,-1.2246613253434602
0.3725259170913566,-0.8144369475169987,0.6053760833758,-0.2554752134259121,-0.8711369012102721,0.1996447973103371,-0.33518712387527616,0.7490877694240974,0.39080585410914215,-0.6243662323187994,-0.3502437065649192,0.9433666065719969,-0.5455615752417278
0.22491970823677013,0.9828898446463603,-1.675579170743588,-0.18041059305440083,0.5404704541052463,-1.4543356810512826,-0.21620273223329117,-1.4366677411735802,-0.8285223513505348,1.1237996667975365,1.3475056686894116,-0.9430215881550372,0.13353817486000466
-0.8404434095726749,-1.372780247898914,1.1128822259641342,0.9600537809237566,-0.3562541710973946,1.4620819785712016,0.9589841997786446,1.3147601610012216,1.6742413736383026,-0.17426541714154528,-1.4113370660988758,0.18881132868118342,0.8126379249617373
1.8255242021166909,-0.7033489161130341,1.8001848295523661,-1.8342396072140794,-1.8912634363962317,0.07836196930936512,-1.950303741046052,1.3669082313905745,-0.8408127051943616,-2.588343204155773,0.2864123091554548,1.3206442455174037,1.4917376750634699
-1.1503812043182517,0.24628770287627144,-0.5469752678078174,0.5613790953989674,1.0493835331020205,0.4038782838901016,0.9148191114710972,-0.4316424724398118,0.23534218295653359,0.7892146062591858,-0.5624623784717105,-1.5718176530640486,-1.0888413753231139
0.3882101372480769,0.7976928571305363,-1.0268756399277121,-0.3405392629510753,0.28286520148071675,-1.0710392287352104,-0.38857148434651606,-0.9782802855932875,-0.814165724849172,0.5321217280142863,1.1352869967826202,-0.4399847362278281,-0.40974162522138136
-0.015305909588726735,-1.4774639140529466,0.9766236785917831,0.3879616843412283,-1.0568992004637099,0.7645386155632095,0.213264300139763,1.2903834491937345,1.3306916778402735,-0.4624424471873907,-0.9868997222852931,0.6918481806083925,0.26935812488035127
-0.09824746872718994,1.354291055595986,-1.9773282496325753,0.6277328474843509,1.053823948496888,-1.4551431007921103,0.3845512482775353,-1.7927451845905198,-0.5016787162214675,1.8985929286118917,0.7108496529690375,-1.1945400141186417,0.9484578749820839
1.5297220775489069,1.842920045593257,1.8540021007232095,2.2131739299845217,0.1742135158884125,0.3322580141102472,0.34772000724097574,0.12207717106185266,0.3096699955684724,0.12762153049562114,-0.13802503465812788,-0.06270709728242131,1.6275576250838166
0.47118782985550545,0.007505454053688069,-0.34000308142767727,-1.2236451589574184,-0.35143800475071785,-0.6006314765767818,-0.8998841087674525,-0.19540119914953505,-0.8988677618038792,-0.580251206958389,1.559724340596203,1.0691258195537987,-1.6049571854004305
-1.3082412086953823,-0.3885992090589112,0.0775275602162996,0.6247712512959466,0.7097970078659324,0.9990719967495492,1.033144141365132,0.23830786391462272,0.7317109570189819,0.3677442531849848,-1.5174464020522715,-0.8172623751732349,-0.9258574352986979
0.6325222900075668,0.2548009316888797,0.35520087512409537,-0.07180979179061898,-0.2947863455809974,-0.18005163037151822,-0.37782101843149696,0.07260504265294605,-0.23306886560152235,-0.313170230912908,0.18030297320205915,0.3145705416629855,-0.24675768519696542
0.48862821038007065,-1.751207017058626,1.0894462282449107,-0.3927582586374872,-1.6365354065705768,0.48979109602985105,-0.47012653053567516,1.4910656573632122,0.9546427989722535,-1.0779991134363005,-0.6685717144251062,1.4464034584992058,0.43234206490476723
-0.09053154030311773,1.3111080804907158,-2.4008714918841028,0.4338061900996352,1.0167504730175176,-1.7874830401207857,0.2779138979782897,-2.009849095379054,-0.6126776760014746,2.0816626033025174,1.0291776608292247,-1.4460584400822463,1.1114418150064997
-0.7712932938954244,-0.4185877247685048,0.15994381143363787,0.442737473249585,0.28143858156435775,0.6771611062056264,0.6484234469795583,0.29977989687876283,0.6200428957076195,0.18247352761352553,-1.0930090582386889,-0.3142255232460259,-1.4691372353800838
0.6406109028233736,-0.025368391627734792,0.11485397674931819,-0.8858499539870456,-0.5035289436220047,-0.3713072979250746,-0.8123923235882058,0.07744178649837422,-0.6288936833884358,-0.6886542452463844,0.6047403170156418,0.8176073935901947,-0.7900374852783515
-0.9032303409204372,0.6258977749075008,-0.45246620549303446,0.829816963337832,1.1367289756925905,0.2993580577606947,0.9238901572995963,-0.5684802833839666,0.16225521613569022,0.9016863723982983,-0.24413437061152354,-1.0687808011368392,-0.11093773517661902
0.9803848973481007,0.9524611192073061,-0.936990811947314,-1.1250038703452507,-0.053705855768345155,-1.4268376212805995,-1.12135516534127,-1.0051243269140906,-1.496725074490679,-0.06891891205414113,1.4536150046428074,0.06305211569938093,0.5681620149251139
0.15991180664858543,-2.8076335999874864,1.9508870438163648,0.2676782637195338,-2.1515740874734726,1.3904694628245302,0.05554518886255521,2.5056719285641247,2.185827243957953,-1.2692081371543653,-1.3052277301454802,1.1948850325356013,1.247261765026846
-0.1567099021427763,0.47282641788988605,-0.6037847888263312,0.14608276462930386,0.46063290754006886,-0.3533622479879141,0.1614095350589006,-0.5771131388486075,-0.2285167998618113,0.5486936943198154,0.3925216451088505,-0.6915031621914326,-1.3333172853597375
0.1246671871886042,-0.48172985208574576,0.5384816558806186,0.17852144766377134,-0.44280345637706586,0.32598031843105835,0.02736304092472256,0.5447638936099075,0.47186550507946073,-0.2790748041342945,-0.4563530425183149,0.440329754644788,-0.6542175352580049
0.9229520775497001,-0.16634872012337715,0.04301986908347217,-1.839331755509503,-0.8193230813433018,-0.6294405928322414,-1.4680217268207445,0.10755514039367313,-1.225215970967413,-1.2844633548215467,1.241396332736016,1.5721626714810082,0.024882214843727372
-2.0480531223594522,0.3827266876327771,-0.43479647176943265,1.1794495598157742,1.8279295425882003,1.1349181745230148,1.723813303957656,-0.4367412788528785,0.5899551748315105,1.1266152475182987,-0.8807903863318974,-1.65565712838525,0.7039819649454601
1.0433646369218699,1.867476401218732,-1.6255672880563967,0.384819849528407,0.560327480363169,-2.003350342932665,-0.3572447794738198,-1.8514773147318284,-1.0428642224112863,1.471472719944117,0.8169589889224331,-0.5238242115490296,1.3830817150471921
0.2971986201193055,-0.2895529174112063,0.2863856707439131,-0.259839664199359,-0.4344934475067822,0.007597365313880363,-0.29701863272258755,0.3064284490957348,0.015523248783263197,-0.39000625264288535,-0.03191569870473219,0.6080087052871906,-1.197497335339391
0.0035709944601199123,0.7370923089614375,-1.5579801425764077,-0.26373447359648305,0.5303553931069839,-1.204680371319274,-0.14130402885502552,-1.2472883446043186,-0.7151199362755032,0.9795671547708227,1.6658336765495987,-1.2783794894398435,-0.5183975852376584
-1.1901607770367606,-0.9448436426066524,0.6008126138658254,0.7945518366089048,0.21809377426948098,1.3180557869524263,1.0594268029352625,0.8118229198355076,1.25001772051569,0.09402394856103806,-1.650083071994016,-0.1465465726036228,0.160702164864074
1.2304779600428426,-0.5475340052798248,1.1038453711754699,-0.7108650589798943,-1.3279060235517424,-0.03171031091888454,-1.0368612108593909,0.8963852908026896,-0.1309453730620007,-1.3053206739092014,0.04766630326031456,0.9852863442325974,0.8398019149658066
-2.642848971134322,0.6317760711395919,0.4245808638479842,1.9915760766735626,2.4585238288806637,2.2250363279672865,2.472624842476807,-0.07707718447665866,1.0064438204984751,1.0402317398735461,-0.8012083843668508,-0.9011018504944363,1.5189016650675393
0.4823630854952671,0.3583763756319914,-0.3545806871190015,-0.6317275937900458,-0.10615448090159099,-0.6199026448193553,-0.5930568569173559,-0.3793331355605489,-0.7153654447939432,-0.1663509050756167,0.8965409908874801,0.23073106634178436,-1.0616773853190444
-0.026378418689680064,-1.6289137646412069,0.7296581860295736,-0.11795578585647426,-1.1580406256206024,0.5819328716070962,-0.048166594374562846,1.2270272373942614,1.0686179474329118,-0.6231921813114331,-1.2256457281804334,1.3625639831780048,-0.38257763521731203
-0.5917966841871074,0.9538039532952598,-1.459315705406867,0.5891659992465442,1.1379963434713847,-0.7011075374255892,0.629364047352165,-1.3002048565296105,-0.2459322226964916,1.4869254031243373,0.47210364707389724,-1.5298979154034478,0.2965221148844206
-0.3002649626157926,0.9069594504871306,0.7148607673710531,1.5672065118159937,0.88331988230797,0.7671524346007346,0.989617462893217,-0.051272278465278,0.5014745665454846,0.5352947965794179,-0.37677104055326816,-0.3980649985672274,0.9756218649861532
2.1588558225312737,1.0557417989322517,0.035292902434206054,-2.980682234969697,-0.8715584456431078,-1.5227206510328377,-2.7353124636453043,-0.5088200331084548,-2.925020868990284,-2.05589419826393,1.3209783347010626,0.7337679182689935,1.6547216150878858
-1.24156264327536,-0.25905309217579464,-0.13317832496920978,0.5077118653796501,0.7529831682955873,0.788622236183743,0.9354495920153917,0.05466727562278669,0.5543936980441854,0.44480216477657564,-1.4378644000872247,-1.1526202764580409,-1.577793195396361
0.26202410607470406,0.33245520562569564,-0.06743786418448243,0.007513382138265688,0.0419787521597991,-0.24015455752276693,-0.13682085161219396,-0.2045040377196079,-0.23019429287281876,0.055290492070874046,0.2598849751671059,-0.020787359621820527,-0.8986934452946286
0.33001005289592417,-1.2331485643211426,0.7470160087703972,-0.21226957655757275,-1.1417457445230226,0.3394565602887858,-0.28950791145091875,1.0386127392337285,0.7191849217536304,-0.7003276538505251,-0.5889897124600595,1.1110455572143998,-0.21959369519289632
0.38008584232335946,1.1658324222757923,-1.6501131325248428,-0.04067057166457672,0.5552542846072657,-1.5460880717351702,-0.22572370943638898,-1.5139310126590146,-0.8561692846925204,1.20000586744349,1.1087596627942713,-0.7753426375126341,0.45950605490883656
-0.19170605654600417,-1.4961658346949718,1.5398177360732728,1.068582289495919,-0.9368232315382246,1.3257382131865338,0.6677603186116129,1.6171932401386224,1.8409618361596671,-0.4180091322685773,-1.013427056273642,0.35649027932358646,1.1386058050105687
0.4784177567452583,-0.3938115571870055,0.08769913672909803,-1.0970797344234569,-0.6471434115971387,-0.2758129154430589,-0.8368783334509509,0.24665139642972994,-0.5219477683109642,-0.812283482936208,0.6843223189806886,1.4883231961598067,-1.4419732453760148
-0.9122577655019837,0.47654964728728577,-0.6938873229701641,0.5744184106516474,1.035558605860988,0.1195620092388212,0.7937611396536147,-0.6297639498526649,0.08162893771401793,0.9073974170033777,-0.1645523686464768,-1.4041387024216454,-0.7628734952742823
0.5635673820288242,0.8129787460028763,-1.147124795228143,-0.7299355204633722,0.1611086504647632,-1.2897197308321109,-0.6885933143060146,-1.0537137683552242,-1.1093523582312272,0.3564366370594795,1.533197006607854,-0.2723057855854251,-0.08377374517254992
-0.3419985577143629,-2.022694663338893,1.1841192218684,0.41887082880620935,-1.2037773907968294,1.1591886279757313,0.40513961693115313,1.6803883545530125,1.739782108677068,-0.5957741179311041,-1.5439737360406205,0.8595271312507956,0.5953260049291832
-0.47821281539206884,1.536031519378909,-1.0559302639407604,1.389692738412481,1.4730336395251522,-0.4714083684472344,0.9914159394654959,-1.364415057859386,-0.0741074710746186,1.7319055139165367,0.15377563921371024,-1.0268610634762387,1.2744257550309157
-0.31217026659493136,-0.41360488662421524,0.29354514728680725,0.29227752217659103,-0.06268618108860909,0.4506183773847628,0.3222068530361769,0.37258879859906907,0.5066395681353986,-0.01937981608064849,-0.6950990484134552,0.1049718533599815,-1.306153295355668
0.7136073637003543,-0.11093252918379556,0.003006848614331807,-1.4066357679250592,-0.6206940229583894,-0.5100149058836937,-1.126853463037482,0.05724954108498138,-0.9485318217171108,-0.9600576137246606,1.0026503268408757,1.2368047701962017,-0.6270535452539355
-1.403462236012144,-0.17341901620403255,0.2945701511487835,0.9569894946652777,0.9375318386820458,1.2349031566879598,1.259887972564884,0.2528820582772088,0.8217645619788885,0.4324798932518967,-1.1195363922270378,-0.6495834245308318,0.0520462048477967
1.360755481490612,0.7104209014525501,0.4130719917988893,-0.829387341139152,-0.5168308216311336,-0.6582346273741804,-1.1695021255521425,-0.12294928599638451,-1.1092711592786342,-0.8720841645081253,0.578212983027293,0.48224949230538855,0.7311459549495294
1.2798243317511342,-1.9129391865220309,2.2108981933569614,-1.0611699698850598,-2.3527311597916545,0.7870485271806923,-1.248514422073694,2.2041662977231544,0.5811995179388542,-2.367511500745465,-0.27066170459987243,1.6140824091416088,1.410245705051262
-0.23427225854861872,0.6006331573193411,-1.391106376156867,-0.11667790176187884,0.6118056347908738,-0.9051630677207558,0.06421502808919637,-1.0848916672739712,-0.5109969983982324,0.9555467352469119,1.4270876706544584,-1.6137373907246493,-1.1703333453353215
-1.1783815544337592,-0.4582669339041639,0.28847396504390643,0.7210407152782696,0.5610613396853731,1.0686025746289982,1.0142464813273935,0.3920970720006855,0.8513983213514429,0.27635091122621047,-1.3317550641338292,-0.48190447388842883,-0.4912335952335891
0.9930802175536048,0.16949664286106386,0.4936551530444729,-0.6582899347386345,-0.6295553783313309,-0.33208500581856293,-0.8815155483503787,0.1933648688982299,-0.6008634336681269,-0.8155334373294318,0.36599431112050157,0.6499284429477916,0.18786615486814331
-1.700060643789117,0.7766537272140853,-0.3819490226198987,1.325423216777787,1.8492539942184119,0.9258530923199014,1.6139767073283728,-0.6042315289163982,0.4172912588397998,1.1866940905341608,-0.4828803765066638,-1.2364597517792424,0.8669659049698759
1.6571428714766023,1.7344663518982995,-1.2778212833618992,-0.9090301493071363,-0.0007247603329477735,-2.1756967424193148,-1.3708497471520111,-1.5888594352691128,-1.893385087177759,0.33172514743239195,1.214868998747667,-0.10462683494302207,1.5460656550716085
-0.0157648042293175,-1.1427462125019288,0.5324544928750683,-0.09040066947781344,-0.8144861568533778,0.42215309545597535,-0.03930649511669716,0.8724020271424385,0.7440905875920918,-0.4577076747931133,-0.9073177203202464,1.0272060818931983,-1.0345133953149752
0.043231480866240894,0.8681642728057569,-1.140843200803046,0.13216485983149912,0.5951078537097658,-0.9112973805679543,0.04662062815093537,-1.077809926038219,-0.5189390817854473,0.9387930816635172,0.7904316549340843,-0.8591821128338356,-0.3554136452132427
0.74890232005449,0.27974034618158505,0.7629574604039818,0.3901698060539898,-0.36489366501952647,0.05101274842272513,-0.1961957621940829,0.2899471453733885,0.08660445750817683,-0.30196919633337066,-0.05844303269308112,0.2726508040023849,0.3236861048884899
1.4201771598653796,0.25715707587022407,0.07688906559051946,-2.5015760562338714,-0.8896325286567991,-0.9602907015721751,-2.085192546874337,-0.08544515500928179,-2.009036644173542,-1.7606043654642658,1.6393063425612497,1.4044837208386054,1.0027858549902227
-3.07559734614743,-0.1873331266958637,0.1758261017314045,2.0342903969731885,2.1939026295098403,2.3437925165202986,2.7277255035708277,0.1929202139653494,1.6183099598245796,1.2543930829084247,-1.5970284040173182,-1.487978177742847,1.6818856050919553
-0.14995865159113608,0.20356809296903816,-0.2635721719284246,0.11041991765173105,0.2607939516043628,-0.0957058232140622,0.1389339009377382,-0.2505086523253343,-0.06367909849866668,0.2712884074443331,0.10072097123701239,-0.3561452609066266,-1.6810163574118246
-0.007633644872954001,-0.9140034339317386,0.5210814783589075,0.004072757986116504,-0.6552193247995919,0.4075400580088183,0.006254214050659805,0.7514378246585567,0.6509202364826178,-0.3849162543627541,-0.7481537163901529,0.7756876559295941,-1.0019166073100918
-0.06442926239502955,0.8670393125455178,-1.398489362619801,0.09919479164406514,0.6758338489201376,-1.0327985893750524,0.08704440078540647,-1.2224686181837772,-0.5422174448247831,1.1080339391721732,0.9495956588641778,-1.1107005387974402,-0.32281685720835906
-0.7774217844444415,-0.8414260373550327,0.7975876409279975,0.8921411218253971,-0.019713547296674704,1.1735584836314634,0.8892289501065787,0.8709437410004583,1.247966942236988,0.014072950723765867,-1.1725910602037355,0.021132378038780347,0.3562828928933734
1.5151113984018467,-0.16826211354716814,0.8624269194987674,-1.8437088013975578,-1.2691935168773167,-0.4223383426121817,-1.7885161617189362,0.5703715437538901,-1.227055814151875,-1.8970903636335952,0.5251583150505951,1.1529652948750002,1.0353826429951056
-0.5822078636322464,0.15264326155699437,-0.2566060045727032,0.3911753029055249,0.5513402311428444,0.2200028288361217,0.5195724790929146,-0.22107914905960963,0.1774390990882581,0.45728027726848813,-0.3237163725765703,-0.7334228998520333,-1.545196407391478
0.5765187806123891,0.3744342300763773,-0.5182565559243478,-1.0332133675955062,-0.16585272580411392,-0.8137919019723127,-0.8558365649115403,-0.47963065184599296,-1.0199275058689576,-0.31795822732367,1.3740330026777605,0.39841001698418704,-0.8660966572897455
-0.04639374232016439,-1.76961180912637,0.8308771521942444,-0.14701545558743997,-1.2446333557881109,0.674402084584897,-0.05277009948179113,1.354540461826568,1.1471398441789673,-0.7182876443170189,-1.3848097321105268,1.5302429338204075,-0.18699690718801287
-0.6218037323021246,1.0449261662203062,-1.3118558801722024,0.762435980998284,1.2266218760925698,-0.5657859318475914,0.7370617640578329,-1.262723010853225,-0.18400207083280729,1.4951986354623445,0.31293964314380374,-1.3622189647610448,0.49210284291372
-0.2660179010396541,0.5834613163605776,1.143841978065202,1.680366510902683,0.6234304370549956,1.0735608768027476,1.0310214482093796,0.35252972134956695,0.8134388852164242,0.2931827818149717,-0.5359350444833616,-0.23038604792482437,1.1712025930154522
0.5108110915414764,0.02621545485439554,-0.22623515645787298,-1.098632559921949,-0.36791673269939534,-0.5412972230877923,-0.8551047122134998,-0.14064591358715767,-0.8208430415120372,-0.5797707836570913,1.1618143307709692,0.9014468689113961,-1.4093764573711316
-1.2494388243625356,-0.005024090438969608,-0.08225779144565919,0.7146154153028973,0.9426603790832989,0.8335665468083436,1.0490314153010745,-0.04384849166806705,0.5253979676046262,0.5478036429975159,-0.9603723882969443,-0.9849413258156378,-0.7302767072693988
0.8031252605419952,0.7070309706713064,-0.20765164564042818,-0.48224866878752976,-0.09694719091736258,-0.7368256156214623,-0.6864094154202224,-0.47112203840936556,-0.8533756070493657,-0.17388280884978458,0.7373769869573864,0.14689159102058247,-0.05117695716766626
0.9458076710976351,-1.0764076492958328,1.034005396791033,-0.7907682137245765,-1.4947815558722137,0.11878135257879713,-0.9261304607520392,1.1218786384102746,0.18563045454120133,-1.30776753152356,-0.11149770066977895,1.2787245078568028,0.6279227929340662
0.9492479291777395,1.4714790433923362,-2.159540936934434,-0.587568972293937,0.3452266198172546,-2.3477860836192637,-0.820586975803224,-1.9541366827435802,-1.4722089342222247,1.2066254153081704,1.5862516745845519,-0.6076636868702311,1.3070225430357985
-0.5129937106798714,-1.0737551183822749,0.4257708405097293,0.22537710224425145,-0.3880035251881504,0.6968232926161626,0.39475674326946264,0.7777192976982304,0.9257737176815519,-0.16331147738840296,-1.4909190680639226,0.5241692299659895,-1.273556507350785
0.5828754314591937,-0.7536986189877833,0.4042316950069611,-1.0506491088791414,-0.9865248386519762,-0.1065761077591127,-0.8684670367554574,0.6052952800337299,-0.23291501995290614,-1.016170675585513,0.20683030719040807,1.6560021468022095,-0.5944567572490521
-1.5749736899566489,0.4240640406020886,-0.5825712396315235,0.878724390262768,1.4995258767174728,0.6812494078969276,1.3106815367852547,-0.5407360609134343,0.34105102481402244,1.031788274729976,-0.6420443804367573,-1.6836036201589837,0.08464299285267993
0.6803762125240537,1.33514937880242,-1.539136127709866,-0.0947167553069119,0.4502706891829099,-1.6760534037533903,-0.41564052473817964,-1.5361724138166637,-1.0156661184715248,1.0806362651100445,1.0557049948175736,-0.5517707033227635,0.7637427429544128
0.04882694876922945,-2.338450022636262,2.0151794897724,1.0087485328099415,-1.7281309258239372,1.5198301097184472,0.5068937748580656,2.306944356691249,2.394372884342961,-0.8124253446562145,-1.06648172425034,0.5800622135134569,1.442842493056145
-0.369452166790398,0.6001123801074438,-1.0725740129537467,0.1848062901063149,0.7138108993116083,-0.5623352523072513,0.29618657610197524,-0.9050903313326619,-0.290473863186903,0.9238452932453767,0.6312676510039907,-1.3063259812135768,-1.1377365573304385
-0.045468914107385246,0.2572073278757388,0.23150721228577212,0.5305846952461655,0.22044755116889186,0.211272300141848,0.30484870817483983,0.0016800834672671006,0.20511403939147158,0.18904749343261523,-0.21760703662317463,-0.1744930643773567,-0.45863680722870587
1.0035094206751587,0.30338698228528865,-0.2803362443597898,-1.8311946106918668,-0.5406256442975992,-0.9367740370051845,-1.5070065534571404,-0.3099467594458921,-1.552274287695052,-1.0383425412535583,1.4801423386311563,0.9573398524588635,0.22046294287302676
-2.249938112881502,-0.05938735443182811,0.33243794601529303,1.357689788877868,1.6610984265656494,1.8718494391901364,1.9264918898529668,0.21711944205170022,1.0335312808470252,0.6771547483402184,-1.2787003961571313,-0.9290483422681701,0.8995626929747594
2.2747938888714687,1.8320459487143614,1.0100648901389393,0.2841979547531893,-0.3979493392992586,-0.8538374877263321,-1.0720999732514171,-0.34816169586752405,-1.0912247303711882,-0.5579788590269454,0.4190489790971994,0.20278457456805027,1.578662443076491
0.15417950941024497,-0.883870368426291,0.3505651145976403,-0.46336375047559913,-0.7559805461343615,0.15979804242766046,-0.3277347975285655,0.6402358379420506,0.2882206611378364,-0.5763420176630637,-0.429825708529966,1.3346174914042706,-1.6538523674077552
-0.24470444765527052,0.6492696189491356,-1.4090175103939229,-0.046943337506914554,0.6548802613933193,-0.9114932604580012,0.10667562385413493,-1.119344283202935,-0.4945533354620526,1.0163571441343922,1.267923666724365,-1.5578444071771815,-0.9747526173060226
-0.8793807220736194,-0.12598156999656404,0.32208085115375784,0.8168857895312153,0.574912014362314,0.8798653218396335,0.9042409929428644,0.24463188970302258,0.6858272193274941,0.3166108582777283,-0.8542630523435486,-0.42601149034096125,-0.29565286720428996
1.1365996764497355,0.40991088402206494,0.12079496144608466,-1.3933459677796693,-0.5643875439011939,-0.7228188313942546,-1.3471134490531478,-0.13719635408692765,-1.3080582623645391,-1.038643653159139,0.8434863229107821,0.7058214264952594,0.3834468828974427
-0.9292490474859798,1.2428263894491673,-0.9049819409480032,1.2988087899944243,1.6025933305749458,-0.031116861704781614,1.185735611100671,-1.1324967512229231,0.0673820442640921,1.5577129360949356,-0.005388364716383276,-1.1805667682317746,1.0625466329991748
0.31790855102513726,0.39524766629317865,-0.8226979955123239,-0.7889137123272979,0.04506433508259517,-0.8630254206089841,-0.5877653704524504,-0.6616521619255219,-0.8562864900346747,0.07490002879768098,1.6923610105379476,-0.04873385139555443,-1.5180324173874087
-0.3665854397804811,-1.4665521348096477,0.5639191824099655,0.06751665867897647,-0.7829575340367221,0.6983027700298449,0.23265794324799038,1.0522982720078797,1.088956415455782,-0.3735870536531723,-1.693189989725083,1.0830990654406658,-0.8389326672856761
-0.40552767853247795,0.7481459951178685,-0.4265162741761489,0.7208409860311936,0.8481904605772143,-0.03794532871614803,0.5988683461194432,-0.6150752265344325,-0.003985712643970963,0.8081743676326562,0.0045593855292475685,-0.8032891292863682,-0.15983291718394355
-0.08495177272274815,-0.9513892024285442,1.052898749375621,0.7834980427011548,-0.6236976303763935,0.8733937371735424,0.4597299968462818,1.0699189372733335,1.2465860792289352,-0.24985924519234629,-0.8443153020979178,0.32854378754985236,0.5192668329177893
1.6102822160552968,-0.18670070645247724,0.8539890361138696,-2.5121226819052156,-1.3546081784095296,-0.49717686118624,-2.1929144226608326,0.5748495381920746,-1.7020829280676506,-2.3459555611473086,0.8534340731564131,1.4603767043860727,1.1983665830195216
-1.3191968064605044,-0.10897033787730992,-0.2582142665506653,0.5462890562019665,0.9203201375323901,0.7478836879339859,0.9975525315501826,-0.09097020866442179,0.47616890241841137,0.564098446957654,-1.2687526459115004,-1.4320851941953792,-1.3822124673670622
0.22303473212045358,0.5923032177878652,-0.3644608141497857,0.09404972221615909,0.2594285857252039,-0.441341029572906,-0.07013596912619313,-0.5020520391862477,-0.3512113845976352,0.3352035483520585,0.42899672934283023,-0.300252277359159,-0.7031127172653293
0.4628156060542483,-0.8959803866024106,0.8102009464861196,-0.05493996638589573,-0.9984916988081693,0.29286136244399,-0.2777178191905774,0.9053739030079291,0.595050431324573,-0.6402073902961276,-0.4198779582843351,0.8315806394770615,-0.024012967163596934
0.24806080582122142,1.1780584574470272,-2.0319983882690424,-0.023026604110941543,0.6640885331414784,-1.7459581355069416,-0.14545860746725686,-1.7353031237418948,-0.8519522215332404,1.4961463937710027,1.2778714169699956,-1.0548075552499725,0.6550867829381355
-1.1554084673541691,-1.4501013173531643,1.4733159268395322,1.335987388577881,-0.17362555505735797,1.9663171888579916,1.3269055023047815,1.5566405492849111,2.003574484510446,-0.18644700768090144,-1.4809713178182917,0.07702536158624781,1.3341865330398677
0.4441348545507789,-0.4960371392666418,0.268271046453503,-0.7714986520632133,-0.6951072197334168,-0.11187261707782187,-0.6463857704554434,0.3996249361601696,-0.21172871603620477,-0.7249327552992965,0.2167780574360389,1.2088582784224682,-1.2463925173467159
-0.8623657734522133,0.14572053373921598,0.029395702647928568,0.7410954373766536,0.7585183681637563,0.6418174931705498,0.8550428053726599,-0.056407612567206,0.437870204141052,0.48276343534858174,-0.6320966301911265,-0.6775299163045658,-0.5672927672449828
0.9497587755338359,0.5808516020616559,-0.2676938968775834,-1.1828993395847822,-0.29925578577797407,-0.8884290547308111,-1.1354971316655451,-0.4417744970000947,-1.2755646023661729,-0.6063048691963306,1.0656527450632043,0.45430300053165484,0.11180698285674925
0.3677739834946147,-2.2586006519194384,1.4761690169356998,-0.2523175533271076,-1.9119469420718322,0.8749485949409115,-0.3309649558324806,1.9631431354126285,1.41689377050436,-1.270094213827306,-1.056533974004709,1.586135917367875,0.7909067329584821
-0.5660718529462371,1.4283483633773155,-2.35471818331235,0.9801456027498592,1.46170017937946,-1.4104572370908979,0.8221765531202504,-2.0425484573309376,-0.2968349719111795,2.419343002890126,0.6412154012496216,-1.6416838824983833,1.4700064830602144
-0.37083422617186024,0.24226479639620943,-0.13670416862521642,0.4269877841920104,0.45606478016166213,0.1607616127165138,0.4249235598131384,-0.1983788079259095,0.14005698193378627,0.3924579771850385,-0.20765928637754377,-0.5098509656621627,-1.110572567326369
0.7235318826619754,0.36179506792243926,-0.4628338592148772,-1.3422583944621045,-0.28633733144759116,-0.876576661364767,-1.0981623130567357,-0.4420620288625583,-1.2366426058859494,-0.5696312639897114,1.4900900888767872,0.6219819511740575,-0.43147281722463654
-1.9381532714917251,-0.19098422659376632,0.026607872002928065,0.9811687409587814,1.3297904405910934,1.412028893501744,1.5599689267426744,0.11064193032739168,0.8518732184303874,0.64831072158576,-1.5870806537716875,-1.2644062435529762,0.24762693287709608
0.9814444771060379,1.3532377069307755,0.6241401695936776,1.0643911909453925,0.2353304552517497,-0.22305062917842106,0.0351839053792002,-0.3259019109136567,-0.182069299622791,0.26040973875217316,0.11066872148264324,-0.13257332671675595,0.9267266829788288
0.9348056839614214,-2.8756306439267236,2.5189806349811668,0.328264636778129,-2.7876343444251486,1.272467206096896,-0.3288032678421881,2.859930212480136,2.2782732463445377,-1.6506200295265803,-0.7382059661445222,0.9992595901194645,1.605826433080561
-0.08645219299611315,0.5062487974435731,-0.9450727471266178,-0.12420362731001948,0.43159230292165324,-0.6671370329895147,-0.019189563209920265,-0.786217689351243,-0.4495825214599566,0.6185690307803966,0.9595434091098087,-0.8871286046075694,-1.626688377403686
-0.5027688954376958,-0.8284166845911207,0.45754601790708893,0.3829449935324125,-0.21832051465467212,0.7139996792528477,0.47253828402154546,0.6727644792061982,0.8669122516008383,-0.07965980418247373,-1.1626433099581048,0.24470431222865122,-0.9475886273019534
0.779157685375488,-0.4086777020880112,0.3360509123863035,-1.2923409180673615,-0.8856674152600639,-0.3001044783824518,-1.101669680681584,0.39407962011614933,-0.6539953282829035,-1.1300187355505205,0.535106065296226,1.3765372290648714,-0.26848887720022063
-1.381816556626288,0.7027088801595843,-0.740436311800208,0.9764847435650218,1.5547474759788076,0.4207655255400542,1.2585605954379004,-0.769261231140256,0.21490482822750306,1.2158093293091057,-0.31376862233093944,-1.515924669516581,0.410610872901512
1.0096669101835702,1.3928585766724273,-1.6660793601481003,-0.6172707704096709,0.24260902359014058,-2.010415605609402,-0.868749094560173,-1.6366244952378406,-1.4381633567536771,0.8192605189040193,1.3839807529233914,-0.3840917526803605,1.0897106230032438
-0.3710299408759708,-1.0952226455819065,0.41470346287434906,0.09270220282960082,-0.5110485042014635,0.586360855948094,0.24835678927581706,0.7822320623545743,0.8441085645951472,-0.2454195633490705,-1.3748619818648962,0.7477411641558603,-1.4908684273833392
-0.43320850158650037,0.6375817706945666,-0.8751929346081294,0.3784018199809772,0.7891959550481694,-0.36426475160834415,0.43276075281665377,-0.8126012088974519,-0.17566628673208032,0.9088169195029225,0.32288739338943456,-1.138647030571174,-0.8117686772816067
-0.13566172101025242,-0.09709685741618922,0.578680987297522,0.6949653463222323,0.032527035329781344,0.5439009209500881,0.4401875850620081,0.3747989757372809,0.5763201276929633,0.04267865814583039,-0.5259872942377308,-0.00681411373495368,-0.13266892717987422
1.1992714327518377,0.17473884841940718,0.04209328165520348,-2.0638921504378547,-0.781928329742319,-0.8285392266460324,-1.7351761339083887,-0.06378293089965392,-1.6309979513684778,-1.436683874248499,1.1717620810166,1.1250188031012667,0.5464308229218586
-2.246601066478116,0.2815900423341917,0.5399759559840968,1.6442883149820058,1.9051634867831635,2.029587147944299,2.076167854509575,0.16333746136015231,1.0010929303639868,0.7178980520074575,-0.9504246380513134,-0.7613693916257672,1.2255305730235908
0.42222126185868053,0.19122400234150666,-0.20895020162710956,-0.609634219004087,-0.1814879865434835,-0.4643572482182047,-0.5490647586543511,-0.21353912927455862,-0.5807361271615344,-0.25965731339562254,0.7473247372030173,0.3704635252104533,-1.355048477362993
0.47101929327515357,-0.9049648276913786,0.47934367292703495,-0.7743114719349271,-1.0112024512792883,0.0316864861042364,-0.6623180042790214,0.7233858299623672,0.07611019383614236,-0.8838881066571375,-0.1015499504241481,1.5022964420466736,-0.67594872726126
-0.00015389103022927532,0.8605771787702339,-1.776648863147342,-0.16576666633707046,0.6224799179529402,-1.3707279376551509,-0.08752598709353519,-1.432381721828521,-0.7311201894006893,1.208967956866147,1.5961994248301827,-1.3901654565347785,0.003151022840471959
-1.4598740533109829,-0.9132465175690683,0.7649495863688657,1.0497771355592658,0.4452186933959362,1.6383425245483358,1.3392381938442246,0.8885148423823978,1.413992345996271,0.14569506053030093,-1.6401353217483852,-0.25833253969855824,0.6822507729422048
1.7231641269809688,-0.3510432736705939,1.6353740286645388,-0.6104116092134314,-1.5589535080558732,0.024685660620440714,-1.2485028339435016,1.0975789604891677,-0.1968851111936298,-1.6323812235120456,0.0576140535059454,0.8735003771376624,1.361350523043937
-1.0389653499839404,0.03467309317946459,-0.19705367582386504,0.5764199608180391,0.8119617493714969,0.5938819916149837,0.862901938190661,-0.12843335762448507,0.3963412436239841,0.5391114294279938,-0.7912606341212199,-1.0128878175893716,-1.2192285273426464
0.6078815277105184,0.5625910991721196,-0.4152022452062822,-0.5906132697292114,-0.05353236255345559,-0.756793486749529,-0.6387717034653426,-0.5157726547784076,-0.8301122340505781,-0.0932519195031646,0.9064887411331108,0.11894509924684837,-0.5401287772409137
0.01519487834008027,-1.865660870978725,0.9639981691114119,-0.005001504256895249,-1.3607410453370166,0.7328988779474068,-0.010807890719518138,1.4776751548824585,1.3189333734573025,-0.7206293725430362,-1.2156979779348025,1.2507780160830684,0.138970972860819
0.4255533614561101,1.4758068583875545,-0.9286536217364286,0.7397611876340486,0.7449896536605568,-1.0220630336797607,0.16230838324901903,-1.2625153126311806,-0.5060156015071744,1.1946526065468328,0.48205139731952806,-0.6356101786439651,0.8180707229625515
1.3489316905817386,-0.4950667391240601,2.127994901248175,1.0058268054429769,-1.3796759631939757,0.6734657785076212,-0.19322725208680558,1.4473709438263427,1.0854465036908483,-0.898350562934617,-0.3668232903076373,0.49622273819225554,1.4971704730642836
0.5811277945969969,-0.22182496075448907,-0.1101936418025205,-1.4395250303905598,-0.600553932249724,-0.5022450778978126,-1.0730512448438159,0.048978820292339874,-0.8939359200148609,-0.8982306703159298,1.3309260849466935,1.6280556550284755,-1.0834085773223
-1.678485371533546,-0.061996407262830455,-0.23408344604115183,0.7552473235965533,1.2264075412943072,1.0244542040188518,1.3010424299486576,-0.10089331637864747,0.5954570058384108,0.6884308422155032,-1.4279166498415938,-1.5997641448377822,-0.4043088272205672
0.2878910630975738,1.0646883951889978,-0.3145299942831605,0.652757128487184,0.5519336589890455,-0.4493787311227685,0.19029540957006746,-0.7104778843264437,-0.27810291919006824,0.678495181898827,0.26983272541273673,-0.467931228001562,0.2747909228811654
0.644282906159035,-1.2760801472727303,1.4680116843949385,0.5100757584155238,-1.4108159748359035,0.6701347151161875,-0.0766102745759413,1.4665014503369993,1.277100538448174,-0.7448886058030562,-0.5790419622144286,0.6639016888346585,0.9538906729828984
0.3404692941615386,1.8057939082523986,-3.122897937668112,0.46053276749887617,1.048074515835561,-2.6540263347394295,0.0604521620460122,-2.6645561948970964,-0.9438487537598315,2.6370559934449513,1.1187074130399022,-1.2224865058923755,1.6329904230846302
-0.5920883376797202,-0.4867109399452347,0.2074231891987025,0.34677814689383457,0.09644699241266932,0.5851352222973432,0.5014173273795526,0.3606575489273018,0.5982633791261488,0.08180684044001955,-1.0034793060280112,-0.09065358905615521,-1.5995243873996166
0.618207152257954,-0.14272436990132226,0.09606854646280052,-1.053734645079857,-0.5714319207104981,-0.36971709410139225,-0.889082326263368,0.12562497285789878,-0.6682939354252759,-0.7889954308573853,0.6942700692263194,1.0411793277800652,-0.9204246372978842
-0.6032562683401714,0.623964773887612,-0.3369148233724163,0.7597050543929581,0.9081381709960915,0.17314934001012489,0.7256524640717941,-0.5023817898457382,0.11242745326356006,0.7679737560638205,-0.15460461840084594,-0.8452088669469688,-0.2413248871961513
0.9842764273887052,0.7754131785792805,-0.7577332140113044,-1.3800926377576237,-0.18469302923503791,-1.2913187909354664,-1.2582621179878104,-0.8154207480899138,-1.55748846289609,-0.37598584351296854,1.5431447568534848,0.2866240498892518,0.4377748629055813
0.03543534566029643,-2.645948476091556,1.854335510469164,0.12067198604838307,-1.9403691794614115,1.4053395651278995,0.04473562242880612,2.3702792223411353,1.9638580886844785,-1.2974738731774786,-1.5340259857949896,1.418456966725472,1.1168746130073135
-0.6671285887179738,0.426868125456385,-0.8370151324805652,0.32343662265888284,0.8139745611968746,-0.1668641671505344,0.5294020849688545,-0.6855574524762682,-0.06642672291646103,0.8429848242125361,0.16372338945934106,-1.47400493185598,-1.4637044373792703
-0.6059910738613289,-0.0943272362353882,0.21436461896663708,0.6093143122552678,0.39074571319696066,0.600472616390209,0.647639531143309,0.16806530357848165,0.5118114343430316,0.2554111019041865,-0.6851512981678243,-0.34217201501975975,-0.7846046872775374
0.8975437424433679,0.2623549200502482,-0.06879305662238064,-1.3781032879959063,-0.49004398456351683,-0.697472012478729,-1.2106072217921469,-0.1701618433047322,-1.1923236443223935,-0.8872091879043372,1.0125980770865066,0.7896609018164609,-0.10550493717580468
-2.036215112646716,0.12193508032837277,0.0670934699271528,1.1899814234995383,1.6303610729331919,1.5136706111234757,1.723018615783839,-0.023247598233115545,0.7825236751559985,0.7603758756373323,-1.109588641981407,-1.0967272929105731,0.573594812925928
1.6616311454132826,1.656136026307918,0.15357276707428885,0.06959910789194111,-0.0607720076410458,-1.0744746591506724,-0.8560499763918092,-0.7428276014465502,-1.1232277621905364,-0.06686746173492712,0.5881607332729237,0.035105623925647235,1.2526945630276602
0.2602348933173489,-0.7654630371386577,0.38346878405345874,-0.4690078479435976,-0.7506728961750694,0.10904352868047577,-0.38770379070830885,0.599483871737389,0.20015900954700155,-0.6046658922691712,-0.2607139543542416,1.166938540761867,-1.3278844873589235
0.2176161661041282,0.729980386262192,-1.2699016427511436,-0.37779212928579725,0.3630996325137285,-1.1360767601756614,-0.31659569168081814,-1.0813514771659458,-0.7933669800175603,0.6875687640875026,1.4370354209000893,-0.7194496539651666,-0.6487847372571907
-0.5037695539882548,-1.2959200071244734,0.78132971373911,0.5461295504219116,-0.55565775656622,0.9645452580147986,0.5593199774638621,1.089389415287956,1.3174929114368195,-0.20944065713206927,-1.3218073138881983,0.41238326287105387,0.030315012844541498
1.1636115167607401,-0.6978575309787753,0.8435768751651023,-1.5898481264517639,-1.3859759659440156,-0.1845231763239566,-1.4654801148119168,0.8249667902166542,-0.6662426801044518,-1.710204404696499,0.3759420613661324,1.5442161797072742,0.7094147629462741
-2.105476948096713,0.9196500752819118,-0.5040028477513687,1.6888063252789973,2.2597201329674887,1.1227469428183634,2.023866579437829,-0.7446392909509113,0.5812743512367677,1.5249417427976775,-0.47293262626103294,-1.3482457188741777,1.3885145130480063
0.3175879760547648,0.5138571238349603,-0.7844820346746785,-0.5311566903330398,0.13108465627828428,-0.8333083409621257,-0.45136698747609966,-0.6995110833261009,-0.7521470270879796,0.22198148312078664,1.224816748993298,-0.21641280203795749,-1.1920645373385772
0.02919658488950255,-1.24025920186327,0.6733495409270762,0.03671564157403328,-0.9190594985109259,0.49858576047158193,0.003716424336782705,1.0006516783582071,0.9060431490472516,-0.4759776054095528,-0.8973699700746156,0.915420114798263,-0.5129647872368444
0.04799342292499472,1.0646862375353647,-1.4354719505019828,0.265987823505701,0.7336245807963635,-1.1420478104505203,0.1147881627225032,-1.3422949121662553,-0.5605334140036671,1.249123710936409,0.8003794051797151,-0.9709680799287709,0.16613496286488832
1.06019473243005,0.7430387389242512,1.0555596199309654,0.8397972413429978,-0.2656046248499547,0.05328802419132589,-0.12582970828219983,0.22285346120162536,0.08650075224231601,-0.21350314469778575,-0.048495282447450265,0.1608648369074493,0.8452347129666208
1.9609555390098252,0.53070372642091,0.42266661704284236,-3.0678811117231066,-1.1013775550033895,-1.0817456314124623,-2.6750611124312087,-0.027539370913251527,-2.6164916992702345,-2.4034802137269415,1.6492540928068806,1.29269775374367,1.5243344630683529
-1.1994857458934296,-0.5565021633091082,0.1570641123775984,0.560637716967375,0.5060021001198491,0.9823602658829977,0.9408123144213261,0.3672239624038275,0.8039065643556668,0.264897863450244,-1.6666626557367341,-0.5936904409833642,-1.0562445873182305
0.5778066549529827,-0.10324734629451436,0.48869693088303845,-0.16979643056449598,-0.5122840869898779,-0.03776473315584247,-0.400207545639498,0.3271596780279314,-0.0507980190839178,-0.47921459280891493,0.03108671951759649,0.5381424758528562,-0.37714483721649794
0.38078633677683327,-1.8093814633978318,1.048573047707799,-0.4468237604110772,-1.5969300149637122,0.5356790535982482,-0.4407544953510472,1.497161136426353,0.9564027879849706,-1.0844039049507481,-0.8177879681095689,1.6699753926890766,0.30195491288523474
-0.38434180143629376,1.1630539597181677,-2.160684034488082,0.5480866061676798,1.1322033289607223,-1.3912163202014265,0.4961829509009836,-1.8003224785717207,-0.42426920580847804,1.980777840962267,0.879961407144762,-1.6696303742721168,0.9810546629869674
-2.5012285541813966,-0.29288922177071836,1.193404953470737,2.031888751742181,1.6825526232152657,2.7165741933397283,2.4178343496370323,0.8193400129350616,1.6913859682295433,0.49566950089547246,-1.2422253119231514,-0.5377974574358965,1.6601544130886996
0.3594167331576878,-0.06015353226832907,-0.003689051580598703,-0.5555128257535122,-0.3157158703153803,-0.2608899398396619,-0.4867149266343811,0.028045407256494216,-0.3630108086852191,-0.37552065806533025,0.4555240633311792,0.5940354594003238,-1.5723603973955473
-0.9985259338207298,0.34245622992902736,-0.5021219041053478,0.6008658936574581,1.0039205457665643,0.329461930445319,0.8540927100958823,-0.4545218647573272,0.19600194807002885,0.7827310275398655,-0.3933506242959862,-1.2923527353267101,-0.8932606472938148
0.5885331728194814,0.7758304013821807,-0.9255302118521692,-0.6705160435050663,0.11533476230877271,-1.1366645321427242,-0.6706044716928382,-0.9102083465269368,-1.039627414150656,0.2320286886041553,1.3043987509583446,-0.16051981849048969,-0.21416089719208198
-0.22425879499135923,-2.0059369499908706,1.124671215111284,0.29485901291019395,-1.2808314865504977,1.0287879913674498,0.27633428361399365,1.638488308390706,1.6373447769704106,-0.6359876076648573,-1.4544439838299428,0.9713130983457302,0.4649388529096511
-0.1668062529904445,1.5561130287321876,-1.032222300846249,1.2583962768635615,1.251704891629228,-0.6766902007379534,0.7546988977417861,-1.3611088515578413,-0.18422056956753038,1.6248628672983851,0.24330539142438784,-0.9150750963813032,1.144038603011383
-0.20913082942578842,-0.4251785057174629,0.2827499663896495,0.18919968520825284,-0.14909563776416865,0.3683117183098521,0.21236408391135744,0.3723001423200565,0.43957330045971543,-0.08153689131197825,-0.6055692962027776,0.21675782045491712,-1.4365404473752008
0.6726973012922515,-0.14986282747448498,-0.0322858030346589,-1.4306138700936655,-0.6178638812455653,-0.5078748318969184,-1.1175440943258026,0.05685305995107985,-0.9384433650825329,-0.9501269582410548,1.0921800790515532,1.3485907372911372,-0.7574406972734681
-1.7124764510202726,0.17189441558907048,-0.3190779274360646,0.8666376012689432,1.421299734644932,0.983277524015056,1.3781770661128194,-0.2659323321653251,0.5109904107113196,0.8275165167304092,-1.03000664001636,-1.5438711612903149,-0.0783409471717358
0.6945229632090404,1.3211238540041486,-0.8028649462563354,0.2689545463134294,0.42941313255441754,-1.1181131098080963,-0.23103944495576126,-1.1141497567028373,-0.7401582024151978,0.7804782845745258,0.6677427352379706,-0.41203824445409426,0.6007588029299973
1.4339460968494684,-0.5631913335411296,1.711693585567852,0.15387658364198212,-1.493330979294581,0.2912171115461931,-0.6891682902029753,1.2468396401689854,0.5116178505597762,-1.1687369338254137,-0.18113195238919486,0.7197946723821262,1.2798585530317295
-0.05263446810115701,0.5865070947329998,-1.2845158273476156,-0.26623091822372885,0.4640218388264972,-0.9533262203898996,-0.11242289693455446,-1.0177376861076475,-0.6101915609064483,0.7744072299654599,1.516617422865136,-1.166593522344908,-1.3007204973548543
-0.9153815176888602,-0.8747606124946412,0.4330770766178999,0.5535245999309768,0.060666379327940084,0.9913553186809828,0.7843971010698744,0.6821815016104167,1.0243289217858547,0.05469808909349031,-1.5605533197833386,-0.03476060550868741,-0.6216207472531214
0.8316836000406276,-0.523026212066175,0.6328046875776827,-0.8273990774828728,-1.0081452698082642,-0.1088442676827823,-0.8841685423678058,0.6186101147458418,-0.2334162733523891,-1.0342134870282347,0.13719605547099215,1.0970723113275325,0.05747900284861061
-1.5469313720480635,0.4645393778198304,0.24459656595240709,1.3537860739165524,1.5075588046578967,1.2993479843110771,1.5466866855686872,-0.09477348387031208,0.659263758408255,0.739851404092779,-0.7116786321561732,-0.789315883399501,0.7365787529503435
1.881213504047697,1.3460223116351164,-0.1487374992665564,-1.5659487757864452,-0.45135026085781377,-1.4653825257944277,-1.838433601755202,-0.7579203880634947,-2.097717417625306,-0.9556393987465974,0.9860707430981577,0.3425170334367192,1.4156785030520758
-0.04420263790636882,-1.3406569571136446,0.4997424896645664,-0.2466787645726754,-0.9360757106823901,0.4173299170402457,-0.10662008739324418,0.9530771363711453,0.7702719435086156,-0.5397840798701863,-1.1361159759697559,1.4743499502729396,-1.1649005473345078
-0.4520283384385378,0.756725301091638,-1.2334374007162738,0.3483177253074443,0.8896133929835844,-0.6271696585622138,0.42697346980677603,-1.0741922204223466,-0.2820967495841933,1.1548690068473613,0.5616333992845749,-1.4181119483085123,-0.4858007972327754
-0.09944509585242207,0.5134294722001267,0.41018514992160404,0.9357200161981009,0.44662581659519296,0.38789004009954914,0.5479678255186289,-0.025923637371370174,0.3193191102992576,0.33197822159882245,-0.28724128834259055,-0.28627903147229194,0.19329895286895743
1.3710580664899037,0.5639594218298437,-0.23681585276747139,-2.192761776964012,-0.6305536544965944,-1.1670761168277937,-1.8955895050717404,-0.415910548571634,-2.0010252653720286,-1.3169240513048694,1.4105080869117403,0.8455538853639283,0.8723987029706901
-3.0311439139376044,-0.08385503340714617,0.49644537160741703,1.878455144464161,2.2350693394794146,2.5592626676160046,2.6214797635532743,0.32181545916077414,1.4311571344362086,0.909736434559902,-1.3483346478765472,-1.0408343093631058,1.5514984530724218
0.31921293741448103,0.2769272169051464,-0.07712097231911957,-0.1481958091771228,-0.0414920916504733,-0.2886846788215957,-0.24984299722142972,-0.18215363666323187,-0.3045340631198483,-0.04353224373781573,0.3494147273777835,0.09099860747311465,-1.0290805973141612
0.3654879108117088,-1.172469901821326,0.6807974953148207,-0.35565681544448785,-1.1247334061231373,0.26289188872796976,-0.38435201437197447,0.9709010005042894,0.5714630011375216,-0.7486971296968027,-0.4994599602493819,1.222831524309335,-0.3499808472124284
0.44628532150447386,1.0934534654753285,-1.519764914431649,-0.20320231021644794,0.45277249949437415,-1.4930411021245917,-0.3471932452942367,-1.4042131350095315,-0.9235452899058788,0.992352831719027,1.198289415004949,-0.6635566704176986,0.32911890288930407
0.0385667277610465,-1.5308423064077794,1.4698695075130157,0.8757740954146681,-1.1363038687770175,1.106442577825847,0.4421290461937797,1.5951328628843489,1.7247492708148995,-0.4972558759245459,-0.9238973040629644,0.4682762464185217,1.0082186529910366
2.154939433588378,-0.32687995237769435,2.1352300490302665,-3.0055448355670493,-1.8684945994032676,0.10037444887348539,-2.746348129074058,1.3672215075250944,-1.9630220001432015,-3.635196862821907,0.7738520711913662,1.600109163254742,1.6873184030927688
-0.8192235964680398,0.3203679404726755,-0.7545957936765454,0.3549712412777233,0.8521473371700444,0.005926215353765808,0.6277925471635116,-0.5857668266454783,0.03209996761821519,0.8031369292788937,-0.07502261643579919,-1.6277106366115162,-1.6755835594110107
0.2661436828175505,0.5974312740716605,-1.1074343888838871,-0.5739927434303044,0.23048751718407756,-1.045559574628455,-0.4463638686654727,-0.9233966653665838,-0.8426739120104795,0.4330927164892883,1.6227267588185317,-0.4958777197752957,-0.9964838093092783
-0.5273905171392891,-1.4360441880161197,0.6738030673345465,0.344880341725098,-0.6391046512810833,0.8985378289083902,0.4656506642983663,1.098955939421841,1.2698693669170225,-0.26647644478122096,-1.6136079877600364,0.6359551970609244,-0.3173840592075458
-0.7601260661120507,0.9553940369862978,-0.9447189914519469,0.8601438292197043,1.2666347513505816,-0.18319940988915154,0.8630247927244643,-1.0109491074883632,-0.04918227485258956,1.2885775444581489,0.08414138749429431,-1.2504329976661093,0.36171569089418704
-0.5318664749894044,-0.10438476700581208,1.1597452890239188,1.4680697691033844,0.32733205743327054,1.2766978441659056,1.0616680438620316,0.7059652085160295,1.146033590282799,0.13679134910285168,-0.7647333001328711,-0.11860008082988892,1.0408154409959192
0.47936023818189755,-0.09751620990791181,-0.111639952675053,-1.0225909181967736,-0.4335785116852915,-0.4302969373722522,-0.7980169652260494,-0.014089903186575315,-0.6776002495167264,-0.6132516574124962,0.9330160751214598,1.0132328360063314,-1.5397636093906641
-1.2564716882685503,-0.19030690996915497,0.016195270669669668,0.6711355920590647,0.8139916622795296,0.9145808584936619,1.0298309915025825,0.10443367678058695,0.6249963733727821,0.4449469235037793,-1.1891706439464536,-0.8731553587207025,-0.8606638592889317
0.7576820269405043,0.5113101200158089,0.07183248495921665,-0.35138837203619133,-0.20407356357232403,-0.488553406398774,-0.5928312455771311,-0.2155745016112408,-0.619068526062151,-0.2927149272816837,0.508578731307877,0.25867755811551807,-0.18156410918719895
0.733192410249862,-1.4026388642138639,1.0416698580395443,-0.620778258605872,-1.5696801873064898,0.2773424363940052,-0.7220465672787166,1.2895744825952706,0.5410314370015293,-1.197718702996204,-0.3402959563192884,1.3905104749517383,0.49753564091453367
0.0537813313897446,1.2841067870836118,-2.5277215283009324,0.1859891814720944,0.8879243620808915,-1.988968362229096,0.0693984216481892,-2.067825844833924,-0.7745005483742774,2.0072941875438532,1.3574534189350425,-1.5019514236297138,1.176635391016266
-0.9391969504992442,-0.541316141881742,0.17560162290311587,0.46965334078980814,0.3198482900523391,0.8097890214979909,0.7528672306506906,0.3700674950267892,0.726701174007555,0.18915179033522908,-1.4013893158532449,-0.3701185067934935,-1.4039436593703176
0.5916908809079651,-0.14600885138754646,0.28883956619415574,-0.6078895850095843,-0.5537244728418543,-0.20194018466806268,-0.6392027240200608,0.23592507632278586,-0.3403943953667809,-0.6288296056678957,0.2963600594010857,0.7617144100427272,-0.724843909268585
-1.2726444712000324,0.44080616223065106,-0.2826979542875328,0.9127505837886145,1.2826570605065053,0.6955701184634329,1.1662159791963007,-0.3800971170205233,0.3540294444799242,0.8318491878562112,-0.5525146282260797,-1.1246737846843071,-0.04574415916685235
1.038104730476397,1.080282019253835,-0.7778335497013765,-0.8232597518203769,-0.0049822398942666385,-1.3454740114218984,-0.9928958155830375,-0.9794278401732484,-1.3669948299850851,0.018133210851598424,1.1452347470282511,0.007159132151913122,0.6333555909348798
0.5091153002802532,-2.7910820749699665,2.0210240510317403,0.19965647159303665,-2.4040821471110436,1.1938753224497305,-0.16803999167865427,2.5369156387272267,2.1244218897768885,-1.3677088084777944,-0.9769519720396623,1.1389920489881333,1.312455341036612
-0.04725570255538574,0.5624906261497714,-0.8287180592863761,-0.004841290030238829,0.4425795549018057,-0.6055004672383653,0.02283295038645525,-0.7488002223168565,-0.40229050133380234,0.6132774454697674,0.7207974032146683,-0.7473961457389002,-1.2681237093499713
0.34717195283739855,-0.13688700695933878,0.44534447260667587,0.04938415869857292,-0.3619350888261139,0.09436945166958459,-0.16044383739886375,0.3195707547355485,0.13310255010223007,-0.29771331826588293,-0.12807728441249702,0.38443677109732016,-0.5890239592482386
0.9443189752778007,-0.019342148647908466,-0.11818998474840377,-1.9090425670141529,-0.7291917172849256,-0.7691683334320836,-1.5163452454120965,-0.05693119824074211,-1.380335590700136,-1.211989891100128,1.5696720908418338,1.5162696879335404,0.09007579085349383
-2.263645262324682,-0.08351590861211822,0.026299752607591993,1.1785841033584274,1.6540302785454672,1.6454783752764155,1.839198635928933,0.05664839428294845,0.9198472264013725,0.7829660075592969,-1.5074986518066407,-1.3761922106479116,0.7691755409552264
1.399663618620158,2.109222782540989,0.6537198231205956,1.581814770989811,0.4653048119166437,-0.5004881163913769,0.08392637985015756,-0.6878247954734843,-0.3401544828288844,0.5907314356386577,0.19025072344768998,-0.24435929381169122,1.4482752910569587
0.059083359519258936,-0.9017834202668573,0.4866130833884506,-0.11180078534608962,-0.6969116899826239,0.3330451828596143,-0.09083426455274203,0.725889986938466,0.557642567248088,-0.43817321612713905,-0.6586239641794754,0.8874736230245293,-1.1323037593296248
0.018633926309878143,0.8285358676519894,-1.3397092434784281,-0.010087597800739314,0.585078443338854,-1.047079917707643,-0.01534380304549812,-1.1700548184312582,-0.5947236638082786,0.9898873208836733,1.0391254110748556,-0.9989145717025047,-0.45320400922789217
-0.5608250231664548,-0.8729309219512638,0.8016723477099651,0.7913645298969202,-0.20654263669343026,1.0212043789545675,0.7195853798896151,0.8890236503558184,1.1967105948540766,-0.05758791401467716,-1.083061307993058,0.13291834513371523,0.22589574087384023
1.4038595306637078,-0.22569042534100714,0.7237833261473837,-1.9381571572794107,-1.2264658816063623,-0.4494405158091283,-1.7786544367833108,0.5209851392990704,-1.2553136929192725,-1.8582509458395247,0.6146880672612727,1.2647512619699355,0.9049954909755731
-0.47026835079595336,1.6753844447181376,0.5066772839586962,2.1867573013119666,1.5677957561966709,0.7285749141346777,1.408400588841263,-0.5534400602424576,0.40914734226379135,1.1120559825289629,-0.2341866203658927,-0.621636932757098,1.5840952410773053
0.41492683894208043,0.19805901385594246,-0.4942301493762923,-0.9729551103969726,-0.17102034050636422,-0.6792383915472782,-0.7371625615156666,-0.37775991846697843,-0.8508907350764691,-0.2948024446848961,1.4635627548884382,0.5101959840791223,-1.6484195694069412
-0.062034298649777,-1.4640681486673588,0.5499220394527337,-0.26247736007329,-1.0118205621011886,0.46885003875387543,-0.10538836877778573,1.0431648186392435,0.8462227022105141,-0.5878758741375048,-1.2952799798998493,1.6420289009153426,-0.9693198193052089
-0.6446419962354493,0.7564887439636775,-1.2297208067648229,0.4753673998025252,1.035323091211358,-0.4860148623156998,0.5976158356206829,-1.071978897759912,-0.18915308360227004,1.2386157605664911,0.40246939535448134,-1.5857908989509153,-0.2902200692034765
-0.5382428897925265,0.5129643991883844,0.39566701290519496,1.1408448801357975,0.7786239710185233,0.6917232505301113,0.8921539271898948,-0.033873867211712406,0.46943791677656094,0.4824555251036921,-0.44640529227268405,-0.45395798211469496,0.38887968089825636
1.5352994240799622,0.7714886211887608,-0.19535427070895628,-2.1618312788315133,-0.6048622997002275,-1.2530021241340503,-1.9674932984382896,-0.4964708621974151,-2.1255582937091777,-1.3267103540267167,1.251344082981647,0.6778749347215253,1.0679794309999886
-1.096926505827147,-0.0020541178837335814,-0.282962923982387,0.5148229561283487,0.8292992206633601,0.569208824415559,0.861491445333147,-0.15846314668884273,0.3773973150650168,0.5610854692469576,-0.8708426360862667,-1.2085132600055086,-1.512599619386595
0.4249756187125849,0.546298798285816,-0.49375862885128974,-0.374129178026528,0.07321352815153583,-0.6860891017218526,-0.42607891420976113,-0.5518917590641119,-0.6604784553150856,0.1126052803120385,0.826906739168064,-0.07668034316928815,-0.8334998692848623
0.6814375693259078,-0.6359670119978332,0.6318815012970166,-0.6037555658456761,-0.976030670315653,-0.0016873337187325382,-0.685240878052002,0.6746502315216513,0.009960642994353563,-0.8812410519134071,-0.02196794845910135,1.0551525736669318,-0.15440011918312943
0.4467569435084783,1.052831275825369,-1.8286512633558951,-0.44695945371980605,0.42303762283641444,-1.7317122657129307,-0.47627376973268776,-1.5579732072336188,-1.0727475219841158,1.0561856273411967,1.6757814267952296,-0.8312356210601016,0.5246996309186029
-0.9628821962265639,-1.8111613614691207,1.4523366587007367,1.0568003924296576,-0.58055623044676,1.8119054841637838,1.075904605365975,1.7256335670135403,2.055661774231469,-0.36094503562596697,-1.6799263227309087,0.30059729577611866,1.2037993810203351
0.36392391959389503,-0.7033044559012246,0.31259341910904,-0.7369506950606983,-0.7842517265721859,-0.020086567247116518,-0.5850277450171236,0.5284061624933865,-0.03956675700609799,-0.734384276853651,0.017823052523422027,1.432430212612339,-1.3767796693662484
-1.3739001556445745,0.17115548610046083,-0.37948507165746753,0.6915013051728044,1.164336114470906,0.6935870731019048,1.1036914721773043,-0.299610720494897,0.38362379988859296,0.7532044421042361,-0.8310516351037434,-1.4600316859691131,-0.6976799192645157
0.5482306376189969,0.9475407114200509,-0.8139012558448193,-0.1637255021507365,0.2700385849556329,-1.021597891694694,-0.3811071333953084,-0.9332808613255554,-0.7912789798951371,0.4940645782689598,0.8666977401505875,-0.3281987691328927,-0.018580169162783027
-0.14338277065315586,-1.999554895809336,1.2357054690998903,0.4410123853376065,-1.3374695111272246,1.0563955286619908,0.31012062529084583,1.697876567141091,1.7395466094208545,-0.6190779206849735,-1.255488978917326,0.8036341477033279,0.6605195809389491
-0.15116124707516618,1.635557526907272,-1.7769952211511066,1.1235569232557736,1.2973094573027266,-1.2625793366321805,0.6750290615642359,-1.8206851657139906,-0.33900382381918615,2.087164759259416,0.4422603963370047,-1.0827540470237063,1.3396193310406814
-0.15508624916376978,-0.18266735840957685,0.21920162982824984,0.2499733600280637,-0.014645296743108265,0.2804773269718263,0.21544391023832246,0.21503219335949816,0.3120337162441435,0.007126286618845821,-0.4066142912901607,0.04907886981251408,-1.2409597193459019
0.7310267804232399,0.013915304811433977,-0.14660787136565123,-1.518647461334035,-0.5435979785002785,-0.6379618997939128,-1.195412176714605,-0.08960416859817322,-1.118832425240285,-0.9250149779837091,1.2911350839641702,1.180911786648734,-0.5618599692441693
-1.6120250731381318,-0.39837876821349305,0.30266062547231465,0.9290409490484584,0.9328028126212398,1.3908835057800895,1.3571827197900477,0.3701015291611194,0.9608318058857759,0.4074295012141693,-1.4677076508241174,-0.7054764080782995,0.11723978085756316
1.344008628924584,0.6044324113673196,0.8627384437624456,-0.07456734824913712,-0.5807973044766916,-0.29925461108977464,-0.7615767587024954,0.18358364927516832,-0.48293977750446543,-0.692660655145315,0.23004172443021337,0.4263565087579207,0.7963395309592953
1.0329433537489359,-2.5459768380434333,2.4592547589640055,-0.5851190791182482,-2.6235580504091702,1.1559255068391057,-0.8642637140255377,2.6611759651957625,1.377594694312504,-2.228133787901787,-0.618832963196952,1.558189425594141,1.475439281061028
-0.21145088259100842,0.6380044307837642,-1.2753979031543685,-0.018735036625886364,0.6215479367124928,-0.8322685867605133,0.10371595673074246,-1.0383881119036167,-0.4659686758468352,0.9361507787334888,1.0789164120573789,-1.3342724729873108,-1.1051397693255556
-0.7958405772926448,-0.4520301308373221,0.43219828421214784,0.7033408302967729,0.2758447681155853,0.9048527451065925,0.7993437157134213,0.4699838033180461,0.8340519348101352,0.15736628428826477,-1.0432703070105347,-0.20243955615109047,-0.42604001922382284
1.0596316528614769,0.07182712055508907,0.33550532744003053,-1.3506902828715301,-0.750593685374563,-0.5018919428448652,-1.283212933440716,0.15313648854086934,-1.0372386794410187,-1.1693446480594303,0.6544790682437961,0.92939336068513,0.2530597308779098
-0.9617349559782208,1.126478579807945,-0.3531790883930548,1.3692162772700742,1.5430554286059048,0.4179700979978533,1.2404018331873978,-0.7632067876346278,0.20127609746577269,1.195108997642495,-0.19439561938336933,-0.956994834041904,0.9321594809796424
1.8323153961291683,1.4963381138868557,-1.0858937918669302,-1.8105366976074397,-0.30560872367367775,-2.153373312659635,-1.9414256796784446,-1.361425620152958,-2.3828841632385056,-0.42493356191296705,1.5033537558709615,0.17483808279431617,1.6112592310813747
-0.28124507520089687,-1.2840339825689313,0.40925639678193276,-0.10654346431247713,-0.7155963507791178,0.5176968601886854,0.09481073892351606,0.8737180727445287,0.8324628855079725,-0.3770392466316785,-1.573816986777513,1.3066709996305366,-1.621255579402872
-0.18680625214875884,0.4773057247303791,-0.364131441099109,0.3473594322700927,0.4866665347135134,-0.1468412431411799,0.28395693706946085,-0.4442759314936106,-0.08471319674257637,0.50744467196887,0.1239323884768177,-0.5797171950964972,-0.9421558293011396
0.045674527672115675,-0.8872444117527704,0.7334540538578268,0.2972602438373563,-0.6762416668425869,0.5331312446073135,0.13256182123545532,0.8577406191304326,0.8460459139394904,-0.3432832925442554,-0.7249422991503477,0.5521157217397232,-0.26305607919940693
1.0778094881059634,-0.3367278429157631,0.3373698246762229,-1.948942897450904,-1.059825200790556,-0.5135041124449148,-1.6091604034369278,0.3587907145926785,-1.1844742698200703,-1.578100002944392,0.9728070761039832,1.6839486385759435,0.4160436709023257
-2.4337310158147916,0.21253269208419853,-0.3116626869717561,1.4069688348599934,1.9969492474685369,1.5068242878350673,2.0512924133375954,-0.28210428453402503,0.8767496673579687,1.1899272537295533,-1.1493796429639302,-1.6929191174168952,1.0951434210040578
-0.03901010117842711,0.44519934190588256,-0.6081698494914747,-0.0038049175795220815,0.3515103102613864,-0.4412483636478691,0.01895012375113894,-0.5657492045306386,-0.3183847432579568,0.4498932015804756,0.5483697322904004,-0.5610862005806747,-1.4854356293825255
0.2454368831822098,-0.45267886799796614,0.47978137926875997,-0.02900168880330065,-0.5132619409681428,0.19398127747200616,-0.14720658013791688,0.49712886576311793,0.2997305607953067,-0.3767099754409589,-0.30050495533676497,0.5707467162555455,-0.8063358792807931
-0.028043237930217922,0.8616725726155674,-1.6954413897835936,-0.09244618860478224,0.644394793999887,-1.2880461630099103,-0.033790072823382304,-1.3871577597490516,-0.6783556330091468,1.198474946156522,1.3972444199175658,-1.3156414784714883,-0.1272361291790601
-1.214918205299776,-0.788942134606976,0.7596553712005049,1.0238191372288021,0.34959130661923543,1.4583913416348238,1.1938986938765976,0.8232794379055812,1.306916318237956,0.13195842663373505,-1.3615983148707216,-0.1838085616352679,0.5518636209226723
1.703496623220369,-0.054856919898474986,1.178276069946984,-1.3659046138022177,-1.329857943343351,-0.31388469171845984,-1.6372176008202124,0.6916066476215695,-0.9585411156931167,-1.8067338958569459,0.33615106038360903,0.9480243552009522,1.2309633710244046
-0.8225270347448234,0.1440809424761624,-0.2720877982541667,0.5042863571191927,0.7271597614028338,0.38059461638377573,0.7084814956560717,-0.22551746269657558,0.26610652910617105,0.5458195871536964,-0.5127236272435564,-0.9383638395260813,-1.349615679362179
0.5909248445153298,0.5052622151334536,-0.5436516250784694,-0.8293479703960118,-0.08214963996647792,-0.8437292411263793,-0.7558331982030178,-0.5594628914816755,-0.9638033658889711,-0.16024599276108414,1.1850257480107744,0.19346907731013888,-0.6705159292604463
0.19518754997986662,-1.6875054222577317,0.8806201923244065,-0.1723764251367381,-1.3682222324038071,0.5393396742145323,-0.19598083795559684,1.3414594166503953,1.0704143682749538,-0.7725659786342461,-0.9371609710571389,1.3253019941463593,0.008583820841286297
-0.40863616938285613,1.0941019255247157,-1.8987000804480616,0.529869458138004,1.1007376502834705,-1.1716308565901854,0.4996090146978131,-1.6181244095336917,-0.3886911969803306,1.7734547142528825,0.7605884041971918,-1.567159904435093,0.6876835709430185
0.3916588156317711,1.734674988246395,0.6377769831880145,1.8806131664271408,0.9578721476308559,0.21090841778208677,0.7834678267650507,-0.5092383671492852,0.14355888427740932,0.8060538490840747,-0.08828628342997365,-0.43532698759887234,1.3667833210447506
0.5217233547851022,0.20408603235789777,-0.4773591224532263,-1.1870511331975093,-0.247546657398013,-0.7428955733852091,-0.9076978738254832,-0.37126889234920984,-1.0115035038551958,-0.45313905157775425,1.609463091824357,0.696505929237348,-1.2137957293418327
-1.5872903007861063,-0.2797800219496931,-0.025262273371321795,0.7059114543816614,0.9998390930885395,1.1201042484450385,1.2259668696243735,0.12587407323314936,0.7138192673984666,0.49947165377044533,-1.6268716547542108,-1.189882265489686,-0.5346959792401001
0.5096754833631263,0.6636969055459457,0.3337421812225037,0.5189368721974263,0.09396545140870359,-0.10841091231967004,0.00040061348518363044,-0.14426421507235854,-0.09155611981588221,0.10505236353514874,0.07087772050011985,-0.05804934865346563,0.14440377086163247
0.4732283914009209,-2.0146760969857254,1.3989705268772317,0.05439424705178022,-1.8154109543020673,0.739672203433828,-0.22552906694031138,1.7974734564798045,1.4679445427263287,-1.0038085461496182,-0.7779969671270455,1.0737835681827543,0.8235035209633651
0.7275631420791415,1.8648160247508996,-2.5276413859331885,0.47388277548112556,0.7975836811545063,-2.4726486892849713,-0.1404869137209819,-2.358598406015617,-0.9759414949085349,2.2032699451502133,0.9197524081272853,-0.8126046265442792,1.5026032710650974
-0.48054920632531445,-0.8798959421720742,0.4425743878853531,0.3252151561200105,-0.27237858946038956,0.6864951277058184,0.4300885571413661,0.690106414368976,0.8612501325900056,-0.10783074878208383,-1.2024343109406281,0.319228290291941,-1.0779757793214861
0.7207828560694424,-0.4772334855384066,0.33015198110420246,-1.246132916718592,-0.8910348377721312,-0.26274576147611367,-1.0458823054361166,0.42508725667649033,-0.5716528030724991,-1.094165460985568,0.49531506431370254,1.4510612071281612,-0.39887602921975357
-1.350428851252944,0.6560898304977932,-0.6507750166512183,0.9462077754854021,1.4972606427843005,0.46741215084372506,1.2256936835747805,-0.6953770047019013,0.2258442726945803,1.1284839872059793,-0.35355962331346286,-1.4414006914532906,0.2802237208819791
0.9913549793078282,1.3130974850323986,-1.4686811995173852,-0.6544006306286945,0.1987953621183955,-1.844958768833018,-0.8785330167111587,-1.48541701218057,-1.4087334009915147,0.6471115964552773,1.344189751940868,-0.3095677746170702,0.9593234709837117
-0.1296981764644746,-3.0943223851034607,2.4786165227819983,0.847507668786417,-2.1395620316923227,2.005584155563966,0.5176027636161945,2.946699287199386,2.812474826982373,-1.267020594129815,-1.4146529828474195,0.8222651422191503,1.638423221085444
-0.4238689701275827,0.4183621288373006,-0.7196190011538324,0.22470346593826232,0.6235843235406919,-0.25093131575633026,0.3465119017422872,-0.615127427654778,-0.13249502640437144,0.6884106309506444,0.2830963924069112,-1.0641230525078835,-1.5940915893988026
-0.21442969017015331,-0.28184855836685085,0.35661222443010043,0.38025384144028557,-0.04142720282240761,0.42910716663917936,0.316184552789091,0.34215327064614093,0.4774794730543435,-0.006396599365000726,-0.5657782952202541,0.06770986432833642,-0.9149918392970704
0.8424604421023445,-0.006536794225811821,-0.02735968971196826,-1.6124708646917738,-0.6427858654768013,-0.6259554851147388,-1.3048743366197397,-0.012147658769881131,-1.1728467493882349,-1.0776239157502692,1.1319710800340768,1.1995427811645567,-0.2358920891953376
-1.5468703865236733,0.021544385727261202,0.34520346832091425,1.1410642018219193,1.1871417522840835,1.3769311356376281,1.4342291326656216,0.18378430630984094,0.8179706327700151,0.5201502192872275,-0.9902156390338368,-0.6868454135624771,0.443207660906395
1.6823909420046899,1.014825311022791,0.3490903909099699,-1.13855522218753,-0.5402863592490422,-0.9385203958067769,-1.5057215059140705,-0.3114574349686468,-1.5508313288039617,-1.0350029365995213,0.7075337362204939,0.4449875032737435,1.1223074110081273
0.29499324706491004,-0.8408379435768816,0.3274621351900088,-0.707372063584908,-0.8315086077103917,0.04087476338198734,-0.5323571883841618,0.6056633299039977,0.07953142407244806,-0.7253057639060452,-0.1413409514066715,1.5768204201099638,-1.4582716393784563
-0.19761085823170896,0.6623991800331337,-1.5209090454741767,-0.13478687243567108,0.6287079589914791,-1.0316381459438635,0.034945295348006646,-1.1889871159190708,-0.5680073320342356,1.0397901998528642,1.5564084238476594,-1.6509993797562943,-0.7791718892767238
-1.3939157565003217,-0.5558092950062696,0.3541169670993495,0.8195859009641213,0.6537596125464471,1.2739947786480523,1.1821398019031748,0.4779456721851975,0.9925081029045139,0.2946142737841772,-1.520762318800815,-0.519166462920074,-0.100072139174991
1.1642053553461076,0.15614849059748984,0.82577230699695,-0.34359775581806024,-0.7688145744094953,-0.1986872890862465,-0.8071484103518425,0.3872471794778487,-0.3616019253078445,-0.8483483767374091,0.17698705645351553,0.6126664539161462,0.5790276109267416
-2.313369865692641,0.7072441318834658,-0.23559002939864446,1.6279947897467448,2.263562552701278,1.4791075503374287,2.1034330760604747,-0.48697623844824706,0.6874444082904562,1.2838316844354885,-0.6718876311736498,-1.2737217408108876,1.2581273610284733
0.3000132981178472,0.4514229507048061,-0.6364480463435113,-0.4632628031541189,0.09924332347650526,-0.7064695484751802,-0.40604137322315587,-0.5848049570838114,-0.6583084055246843,0.1580737888926648,1.025861744080681,-0.14188882397466712,-1.3224516893581097
-0.08757776939957733,-1.3473793631611932,0.6349319838188643,0.031452629352169574,-0.9080860659918929,0.5527815254356432,0.0636804997581145,1.0326431593550278,0.978138472703862,-0.4509783247411198,-1.0963249749872324,0.9899440928615532,-0.6433519392563768
-0.009794211012259434,1.0144174800758006,-1.1414760419209218,0.38260716602510064,0.7410374797901788,-0.873715836438566,0.20747283976129186,-1.1514098667636248,-0.43973800216536774,1.1097976003616368,0.6014244002670982,-0.8964441018654807,0.03574781084535519
0.7625548507134149,0.2227622756770238,1.1126962551755142,0.8239285688573067,-0.41643989078490623,0.31106466491627366,0.02571251681104263,0.5156116347266153,0.4437420966139652,-0.2668187934543064,-0.24745028736006716,0.23538881497073985,0.7148475609470878
1.7987184917721983,0.3352527072729837,0.4957852125326021,-2.9588487701860227,-1.1198520694077114,-0.9088500926829559,-2.530263082823549,0.11155525300220052,-2.398315415505959,-2.3836377439370997,1.4502990878942636,1.3672217318069602,1.39394731104882
-1.3968485665050185,-0.09011252786337624,-0.27460779807636615,0.580864804829712,0.9927694771635172,0.7909847992045361,1.0575501401168108,-0.1096543547152986,0.48804879315665917,0.5998390529231181,-1.3085436468940237,-1.5252401667744921,-1.1866317393377634
0.1912836190369679,0.6882650428245946,-0.4008594899080092,0.2226342012377783,0.35287500305315067,-0.446630023587166,0.014882318804317413,-0.5706255678756967,-0.32534294718999757,0.44984153421385886,0.38920572836030687,-0.39340724993827175,-0.5075319892360306
0.4768432804909184,-0.8920750424309911,0.9070941997792351,0.10479655424202344,-1.0062915916976674,0.3575517170382122,-0.20083351058667023,0.9580319273035535,0.7089269023642933,-0.6035274928183799,-0.4596689592668585,0.7384256668979491,0.17156776086570158
0.21349980929383588,1.2539895407030632,-2.213572784726009,0.08433956987964096,0.7451769944104348,-1.8612454096960254,-0.07014450437044545,-1.875673495155515,-0.8273781148376174,1.7043482999185848,1.2380804159874723,-1.1479625278290853,0.8506675109674344
-0.5670595172175681,-0.5126608842665652,1.7550018743624014,1.8158016488696647,0.05872397151483378,1.7612567097509888,1.2643564756660468,1.2459448026881592,1.6893901875488306,-0.06930407703770856,-0.8841063030804411,-0.016129610992864855,1.5297672610691666
0.592887032488016,-0.14721385508243437,0.030485438130594116,-1.1272164439056493,-0.5555018583790332,-0.40214154123917817,-0.9143128009393447,0.09090742507523315,-0.7187701886580763,-0.7902369429535905,0.8136430721738895,1.1157033058433554,-1.050811789317417
-0.41704366795762704,0.6380984032754542,-0.3705143676707035,0.6558696570763171,0.7773267387579801,0.01353290428640444,0.5707184216387464,-0.5283982344905592,0.02658386398261919,0.7222674959708096,-0.03523161545327581,-0.7706848888836785,-0.37171203921568424
0.9264613770542135,0.682058913182006,-0.7488891730833968,-1.4383003321667347,-0.20841850214094487,-1.2429864882308965,-1.2579598459831747,-0.763684228380581,-1.5338139176112462,-0.422201258301876,1.662517759801055,0.3611480279525419,0.307387710886048
-0.043488247622183764,-2.5042397345773852,1.7095416146729014,0.07987638900394166,-1.7781116552327187,1.3502817918368601,0.06558240914517048,2.2176988663582633,1.8336090208836244,-1.2175247996117906,-1.6533989887425597,1.4929809447887623,0.9864874609877811
-1.2544238980237878,1.4894011885090785,-1.407395616458371,1.7142720547417614,2.0271938034085433,-0.1853129809227599,1.5800345361878987,-1.5391658920209306,0.19596802844677227,2.2144148326413333,0.04435038651177095,-1.3994809537926898,1.6655872110895134
-0.5928628845142884,-0.28593447841899305,0.11660762538868251,0.38275075172732465,0.24223374010474746,0.5156192383086997,0.5208452468109993,0.2089210736270825,0.4821993509431004,0.17386929919692645,-0.8045243011153944,-0.26764803695646944,-1.5669275993947334
0.6378992846815155,0.04196625703803262,-0.06190512346935344,-1.0767770975380837,-0.4527792872864364,-0.5057454396019924,-0.9118414466660022,-0.055909373799845126,-0.8160493449931278,-0.6871518327596032,0.8932250741389364,0.864184879879751,-0.8878278492930011
-1.5903387440700716,-0.09819279842569119,0.02883380661470214,0.8579947016335305,1.1334705111717982,1.1640326900803601,1.3079817773417521,0.06542686165754605,0.6961465990183566,0.5627817070097908,-1.228961644928977,-1.022203314847283,-0.20872809919126828
1.0424862334178402,0.9499280435328127,0.17740912899639558,-0.035032558669158366,-0.10257175949848406,-0.6115672812989952,-0.5786673059156676,-0.3757250626599596,-0.6989954446468379,-0.15584877950021442,0.46878773032535365,0.10962960198893698,0.47037165091046435
1.0615718132673055,-1.7377625797826564,1.6683186897016626,-0.4638503481191245,-2.0607456619748055,0.525096024226969,-0.8155552081865801,1.8106137535468267,0.8931980554050616,-1.557094401797486,-0.38008695730181175,1.2414625188251576,1.1494714010121965
0.11335884098567686,0.5356765361727278,-1.0106623919677564,-0.36688680412451824,0.3015423489790749,-0.8611996068038501,-0.2548122474475686,-0.8379245823103382,-0.6476596012098038,0.5021180879984016,1.3176624179525191,-0.6449256759018762,-1.431107649374387
-0.5156258139408194,-1.1601078785277712,0.5390113224334212,0.328830303716431,-0.4484597448712696,0.7860878495541569,0.4508466711275185,0.8847924582050939,1.0625350783456102,-0.17711907203475305,-1.4411803168357684,0.48690724093434407,-0.7520078992726543
0.7591345203320388,-0.7594027455620109,0.5238354354783151,-1.203340584906456,-1.1241442554477563,-0.1408368134625182,-1.0438735535169075,0.6755664526157815,-0.34037178638357146,-1.2091291890365952,0.2565690584185623,1.6187401577705642,-0.0729081491709221
-1.767557773058752,0.5654600430763655,-0.5893017360581208,1.1070735962260754,1.747640847056374,0.8143221362115183,1.5348454207463829,-0.6153404645548637,0.40756229664144683,1.1922856516014655,-0.5923056292086031,-1.6090796420956937,0.6061916009308109
1.0594755478905846,1.6538092220727916,-1.8103259111434091,-0.166088743944946,0.3936028770943198,-2.1574744582193275,-0.6570600435895801,-1.8486123878657936,-1.2936855061749908,1.2338046847948725,1.1054437460457278,-0.47724672525947315,1.2852913510325428
-0.22607550789557807,-0.9482705095011644,0.44873879586551046,0.10224244656789341,-0.5145586205461764,0.5085519167101235,0.175511436822358,0.7278227906433092,0.746899334926122,-0.2642459328404254,-1.0167429730221857,0.654586191576747,-1.2952876993540403
-0.2845425309489839,0.7539399666226896,-1.2016788321388274,0.2395456508014748,0.7607494903584958,-0.7229117361508609,0.2794927104683709,-1.0548966380907465,-0.35955124486984846,1.0571741648991155,0.6810064022321449,-1.2318020031502868,-0.6161879492523075
0.21507260929082023,0.44303585928360895,0.45041357249123365,0.7004418941591875,0.15750979460499484,0.19312152536992316,0.2546241629921885,0.032004028627261344,0.1974138059521844,0.14183996602921795,-0.1678682853950204,-0.09996908631406638,0.0629118008494245
1.2758227928681773,0.40510538319378775,-0.21616316433549074,-2.20288989633642,-0.6733069601605086,-1.082766542365438,-1.849770122907056,-0.3247159708236743,-1.8958079446735476,-1.3391863859091755,1.5298810898593105,1.0318638305221537,0.7420115509511571
-2.638274854209144,-0.3880267619333625,0.6751834521400945,1.7106780198716276,1.7175452685799752,2.41511393179509,2.321710755750879,0.5748894873160223,1.5242709838993724,0.6625091456688539,-1.547289652789164,-0.8545243642048798,1.4211113010528893
0.2810054603954924,0.04083741477100311,0.10432479900698219,-0.1519155348361251,-0.1832931875217288,-0.12125246908747654,-0.2312791178809711,0.03835132100889986,-0.13988391183467164,-0.18106247576415022,0.15045972246516662,0.2773085526313404,-1.1594677493336942
0.24128915406762935,-1.3533963723387694,0.6554278203004765,-0.3630722719747269,-1.1615131204535776,0.33248557983359517,-0.3215362124873314,1.0472089256412838,0.6943085675685701,-0.7348712598386274,-0.6984149651619987,1.4091414694675608,-0.4803679992319615
-0.23723984561891842,0.9607776952210786,-1.7653973561034793,0.22875662634322605,0.8745072086688562,-1.191830384237926,0.24837380027362102,-1.47621998611711,-0.514059088738067,1.4692394746175015,0.999334410092332,-1.4833204291138913,0.1987317508697709
-1.4185362692289847,-0.3667546578943072,0.8152981610155431,1.3274256125641317,0.8091295583545317,1.6475123156257783,1.4637653132017774,0.6432120233386318,1.2293271099087746,0.2972944245601504,-1.1228523089755813,-0.35148751227767094,0.8778315009715038
2.186679705907831,0.6367228346669112,1.1390616344586908,-1.9702521081680373,-1.1956631288431265,-0.6910436859531366,-2.216244514931874,0.3231620490802976,-1.8901238921776033,-2.189076325179949,0.5748970662787493,0.7803454045585494,1.556931251073236
-0.8040698962371757,0.3544843774811018,-0.46406178118702546,0.5447413039333737,0.8653430703790363,0.21921875040791874,0.7199447225170005,-0.43909297069549685,0.14649100086730132,0.7161970216216809,-0.2739776213484161,-1.1060427901684844,-1.0236477993133475
0.6169466685673635,0.6565701597171416,-0.8163709864414619,-0.8796106970542511,0.0075669219195558905,-1.0728382294067504,-0.7963794888983289,-0.7889555988340581,-1.1077706228592041,0.008434376988979258,1.4237717539059147,0.02579012666773585,-0.3445480492116149
-0.06959767963310134,-1.9867255586634933,1.0717247858229206,0.11751139770466393,-1.3840744101686053,0.8768961714692256,0.09950194905796703,1.5990240757889196,1.4942204043081533,-0.7173562778389847,-1.3350709808823726,1.1576230435039558,0.33455170089011776
0.2574885656314895,1.5824748299625722,-0.9229572834306539,1.0121136792032057,0.949419260320198,-0.8970055673918402,0.3965534771723227,-1.3127236290347803,-0.38275259438622516,1.375867458742422,0.362678394371958,-0.7287651512230776,1.0136514509918504
1.2362795738185344,-0.6083042045763521,2.492336797200984,1.4733957794379027,-1.3762486017930433,1.0354657696822396,0.11441638582621966,1.709441024646092,1.5071563496987572,-0.851042617560321,-0.4861962932552074,0.4030677656131425,1.6927512010935826
0.4586835061911475,-0.24272107309212176,-0.12594159928004825,-1.2367906200942973,-0.5229296072711519,-0.42648702052324455,-0.9001126963389187,0.05056721643320482,-0.7310789356041938,-0.7484661004214852,1.2115530819991234,1.5349006824493627,-1.6962281918141033
-1.2858053478417864,0.06997439409314352,-0.3125107270136154,0.6236243922440866,1.0244418525401886,0.6820158444562796,1.0204827034065453,-0.2111894427068396,0.40578607048593235,0.6571554740511055,-0.91063363706879,-1.3575612161320891,-1.017128441712371
0.4941060204742358,0.7784991497706749,-0.5974898727071707,-0.20048298535880274,0.18878154963413812,-0.8157589621846686,-0.3714512528593409,-0.7266451533866592,-0.6982852841919994,0.3080232022504414,0.7871157381855406,-0.22572829929586868,-0.3380286916106384
0.8720132478850324,-0.5795833219337184,0.8542453987365647,-0.4356448390324582,-1.0795916422055591,0.03306171240265188,-0.6987941490831312,0.7717486676897769,0.09274981856096559,-0.9322102447584746,-0.06175894944162473,0.9061046175403517,0.3410710584910944
0.5085840770959065,1.2603875031845106,-2.2445688405254205,-0.31875444836743383,0.5263144999769735,-2.0970175251186616,-0.4417378302668224,-1.8963484827914894,-1.1262665764088744,1.4529308478770375,1.635990425812706,-0.9802835771866822,1.0201708085928267
-0.721282030558072,-0.8680409191988825,0.2986098390167076,0.30771791251367425,-0.08148009044299871,0.74824832789737,0.5501925713115771,0.6030239365402775,0.8400689093802476,-0.01263416937444016,-1.6003443207658619,0.15154933964953796,-1.5604082417937568
0.5035282243468261,-0.6241577373382117,0.38948258674953395,-0.7718770210714501,-0.8327461905850209,-0.06098893404668471,-0.678499196193551,0.5321082065862532,-0.12117904118600478,-0.8153729233325114,0.09740505448846878,1.283382256485758,-0.8813084916920243
-0.9818718302701817,0.08918814780394457,0.19720130533399813,0.8818650842523926,0.8081454474106745,0.8570935090518293,0.9936538241567746,0.06648716928866981,0.5807413336578278,0.45376876508698455,-0.7514696331386966,-0.6030059382412755,-0.2022087415902918
1.1648027464330484,0.6348600016772744,-0.07028778281876026,-1.3217683413738894,-0.423066224642061,-0.8905041284934999,-1.324438417911799,-0.3575539575466874,-1.4152585374415356,-0.8477369424967462,0.9462797421156343,0.5288269785949451,0.47689100851144106
0.40364207569616944,-2.6228098393092054,1.9876549400580539,-0.22740446470810227,-2.2025060629111404,1.2438527460379232,-0.33707100934527334,2.4338368492685163,1.6932776838582335,-1.633680478619102,-1.1759069769522792,1.660659895431165,1.1559907586131732
-0.5734886437284106,0.497858523097347,-1.0680431254606482,0.21441344297753726,0.7943937615560147,-0.41235113639334503,0.42146773496893003,-0.8513280241673898,-0.1963649376625727,0.9406346688994408,0.5218423983020515,-1.678945871530028,-1.4245882917734103
-0.48380750997546634,0.2738191361906254,-0.04805604101436216,0.5936481133290719,0.5644478009421823,0.31027057360191024,0.5737077466054913,-0.1642146904850169,0.23938880268041005,0.43998695457641573,-0.3270322893251139,-0.5471129546938078,-0.7454885416716779
0.8585198590833633,0.4608571443725312,-0.4129926696411799,-1.4098156499518917,-0.316932856862456,-0.9350345886732048,-1.2063989441135605,-0.46357911909870325,-1.3562012944111226,-0.6527153393001289,1.370717085929217,0.5847199621424124,-0.06638879156994519
-2.1643881704260672,-0.026607840093973645,0.011776462318433075,1.1566731804005328,1.6200109506960396,1.5630106946840803,1.774285410311604,0.01996293406584152,0.8635044309418839,0.7788516673187742,-1.3881256488590705,-1.3016682325846214,0.6127109585317873
1.435788593488236,1.898550799926741,0.43435452739624664,1.0891808929599591,0.2855881614912223,-0.6956833883449609,-0.1958443755713758,-0.7059658810916132,-0.5505449236845124,0.41849209204118565,0.30962372639526015,-0.16983531574840102,1.2918107086335195
0.11344546582174984,-0.8405739872331743,0.43724412673992663,-0.21863490595478516,-0.693817960236096,0.2559234427418599,-0.17650677656261077,0.6674096799432649,0.43623670103858103,-0.4741888058618508,-0.5392509612319053,0.9619976010878191,-1.2887683417530638
0.07132721146021656,0.7757011887800136,-1.2991964290066447,-0.12714762725683681,0.5069601966997166,-1.0536519578407337,-0.10552407226896626,-1.1207603253857887,-0.6427498234893204,0.8800357205660821,1.1584984140224255,-0.9243905936392145,-0.6096685916513315
-0.37148566579469844,-0.8192536849632486,0.7781193588932563,0.6931134895591657,-0.31112453762288583,0.8670948730760321,0.565922623458702,0.8488665995584933,1.0869120331498279,-0.10696634962741923,-0.9636883050454879,0.20744232319700576,0.0694311584504012
1.2975058750426698,-0.21428140971866003,0.5560896280914155,-1.9826583139466043,-1.1376653587071306,-0.5024740351213157,-1.7450272424522064,0.4207511033657462,-1.295897907464718,-1.763787430866636,0.7340610702088428,1.3392752400332262,0.7485309085521339
-1.5508304698296544,1.1253439629494242,-1.1682254281018278,1.5151767000057892,1.98840111361883,0.21203285107902423,1.6340776754499071,-1.2220388436917857,0.3086656747656456,1.9008999651622058,-0.11481361741832256,-1.5531866585482257,1.427630658653866
0.2668167099179672,0.5539386509092522,-1.0289237893343317,-0.5885859364078627,0.1985242240019739,-0.9854650497855133,-0.4544380918917783,-0.8573632268627265,-0.8224979996434799,0.36474314965828974,1.5829357578360084,-0.4213537417120056,-1.1529483917327175
-0.42408757541971615,-1.4007018031548937,0.6434911643504678,0.2753847352679438,-0.6917843555427736,0.8009831456528617,0.3734147180131727,1.0641712797037683,1.194066755296707,-0.29124574720398017,-1.4942349848124663,0.7104791751242149,-0.47384864163098483
-0.5613840245303368,0.9552142060544101,-0.9895215899063337,0.7423786409323306,1.1159824393583015,-0.36045549372350577,0.6939964086574335,-1.036112000242812,-0.13505091340975398,1.2417212494202896,0.20351439044186445,-1.175909019602819,0.2052511084707476
-0.17935817758207848,-0.020696196142651255,1.1168456133211178,1.3292653008074569,0.12087406143628203,0.9905134295846445,0.7988980460148836,0.6398738109779548,0.9853462096595083,0.07419298476659805,-0.645360297185301,-0.044076102766598756,0.8843508585724804
2.082423792035124,0.4902722392893627,0.7492213756133534,-3.193997528638258,-1.222614343881936,-0.9169885861061808,-2.80698214558861,0.1767709659474092,-2.6799238859088454,-2.73231647480076,1.05238907806903,1.0877568140696212,1.5634506086742126
-0.9788102943572335,-0.2140106989990156,-0.06877846975990058,0.47364832274713115,0.5865554424269203,0.6496690514509411,0.7762637845303061,0.06840908878746854,0.49758834464095114,0.3736931792149594,-1.0697976409988834,-0.7986313806574125,-1.669064201810034
0.4977401201189339,0.2559902975254621,-0.1177602497891649,-0.523630157714308,-0.1918455547288826,-0.448215126730212,-0.5441891568862761,-0.19457477864664027,-0.5638465276109912,-0.2689407493920195,0.6279517342554471,0.3332015361788078,-0.9899644517083015
0.519207016176899,-1.055307283831141,0.6139091658591851,-0.7060436918820622,-1.1564252364950718,0.10091900252378307,-0.6521304711303904,0.8745246968851299,0.2325409051940314,-0.9375205188467045,-0.22092295337171824,1.465034453015028,-0.31086470160656887
0.0008713137281873771,0.9737153586885143,-1.9559483588341084,-0.05502370504963552,0.7035241896801288,-1.5098090692339017,-0.02954853517157921,-1.5901030680191528,-0.7304567211949747,1.4177766712253077,1.4768264218826126,-1.4274274455664235,0.36823504849516375
-1.5290122968745794,-0.6237004792013053,0.9621535245341323,1.3742756827029043,0.7069799316959308,1.840140291756987,1.547887225750765,0.8546647653382965,1.4456900764837326,0.2199342719833606,-1.282016312905675,-0.2955945287302033,1.047334798596896
0.3987711297984329,-0.20186188072650527,0.08539718046234869,-0.6696077375817859,-0.44800438883065574,-0.22040671757170555,-0.5681608146907622,0.14922598273522938,-0.3458683064444902,-0.5194923000492983,0.4157330623486558,0.8362383881060169,-1.5332442517896876
-0.911876168467061,0.3050493161833457,-0.34303250769048826,0.628140135223374,0.9112417602076556,0.39000290907824176,0.8219483519006485,-0.3461179547725814,0.2424366565720089,0.6829388705994365,-0.4331416252785096,-1.0501498066210166,-0.854144501687955
0.7056876042122568,0.7001361901818406,-0.701832320177909,-0.863685179090591,-0.028136599889842583,-1.048173353681845,-0.8356453505287484,-0.7462137229782001,-1.1270256656416024,-0.06593930433010264,1.2646077499758213,0.08168311021520328,-0.17504475158622249
0.34243455965269753,-1.9051194838640666,1.16102694090998,-0.08068703590038927,-1.6371203998887645,0.6499816562711245,-0.22664173022288497,1.6084910516674034,1.29163784419423,-0.918757179479853,-0.8575789690920922,1.2135160270514236,0.5040549985155104
0.7022913949126853,1.662668163255714,-1.810622030026447,0.3798037556149187,0.6705319593246118,-1.9012623050760316,-0.1766291348653695,-1.8532158306367585,-0.9013365365979874,1.6057395784489652,0.8401704061622385,-0.6728721676756101,1.1831547486172427
0.21716572322549071,-0.19381200125520173,0.19131622215474567,-0.19447951678007788,-0.3046393725096498,-0.008297266339690077,-0.2194718440763378,0.20489581310822158,-0.004620254046741979,-0.27476800432602994,-0.00870428146492689,0.45896074916061036,-1.3974243017693408
0.6696799556679672,-0.10165169718525205,-0.22612556931271305,-1.5956653901833788,-0.5807126685762374,-0.6552726890391996,-1.2031535207962247,-0.07654859503822856,-1.0931469181588607,-0.9182968814462971,1.689045093789404,1.5907936659968305,-0.7183245516676083
-1.8282909952215884,-0.15065828469279527,-0.16438141467611073,0.8535573866191701,1.2757469335436484,1.1857884177134106,1.4334939746636186,-0.017204171317276515,0.7300996292261464,0.7035141467425396,-1.6865581562279959,-1.6370261338694274,-0.03922480156587588
0.09840592607992822,1.1701293441228955,0.03183328215580528,1.1148979000808947,0.7716991230366117,-0.04608847615609967,0.5363544000846706,-0.5680550419808086,-0.015380244034917914,0.7354831633210791,0.011191219026334798,-0.5051932170332072,0.6398749485358566
0.39779629907229863,-2.005667257677353,1.8859307939553303,0.8303189212464758,-1.7517654419352744,1.1695607396101084,0.2250832109465564,2.0674366483323885,2.028164520060409,-0.8377611751593661,-0.8376834686008305,0.626639699803013,1.3189746986375888
-0.2601770755533854,0.5946960123834993,-1.1353048741459348,0.04936811246632518,0.6271315948518603,-0.6891916780122652,0.1658906093515598,-0.9377360316561589,-0.3855356828718039,0.8782937255912221,0.8600659066535002,-1.2597484949240205,-1.2616043517489945
-0.8500321115120265,-0.6565202781756246,0.4248822709529925,0.6175864651726352,0.16900224619405002,0.9381146606821826,0.7831404067063628,0.5682682920110531,0.916396307344529,0.10441674727571137,-1.2621208124144132,-0.1279155780878003,-0.5825046016472621
0.9457362975121837,-0.17175260434174267,0.4637234935871569,-1.10313376992027,-0.8404873316709693,-0.3211892692052079,-1.0911791780623197,0.34739068032072246,-0.683788441157756,-1.0961715129991352,0.43562856283991747,1.00391733874842,0.09659514845447052
-1.2079234319160095,0.8425969248722597,-0.04568803753019369,1.3478111053072377,1.5242112159351957,0.831977270632468,1.3613719338696402,-0.44772246063160337,0.3868918600474007,0.9517573420548427,-0.41324612478724787,-0.8824708559786137,0.7756948985562032
1.7722441728734701,1.3927625237955423,-0.7039931967713168,-1.6996454305810318,-0.3350174176974825,-1.8155757573434974,-1.8505412985715615,-1.0942972344961295,-2.2284818392904495,-0.6335620038864009,1.284503250467083,0.2493620608576067,1.4547946486579353
-0.20078975467352148,-1.4174060749053823,0.511277408290764,-0.1196806428086203,-0.872984960906458,0.538651945146176,0.04463712409175645,0.9980145509370673,0.9174184830336757,-0.46188933699308526,-1.4743394843212045,1.3811949776938268,-1.1257844017286482
-0.7206752981857232,0.6848768373193566,-1.0422850603988054,0.5219395897846905,1.0411195881267175,-0.2868037884134737,0.6630839996955255,-0.9304678136263264,-0.10437809925555026,1.130874204809245,0.22340989093312613,-1.511266920887625,-0.4466846516269155
-0.6711570145432756,0.19083422793794808,0.47578463028394935,1.05090439173302,0.646327535258113,0.8489667261182039,0.9160377276247007,0.1726063526777378,0.6321216294529552,0.36160408820970474,-0.6254647966940392,-0.3794340040514048,0.23241509847481692
1.4540072982192787,0.5958431853897839,0.013925800774072404,-2.031405604652813,-0.6703192176686842,-1.0331606854481559,-1.8548823756927377,-0.2905475091704619,-1.9058002510904046,-1.3936059401880927,1.0722845785602917,0.7523989127848159,0.9115148485765497
-3.152552686948695,0.3191148955454059,0.27245374545833156,1.9810830921235063,2.6184463316969304,2.4735992553787107,2.74095503996402,-0.0062435882594392336,1.220430121185685,1.1462707578257865,-1.0499021405076219,-1.1339892819422184,1.590614598678282
0.2162418898891152,0.26619388199780974,-0.35517716476175126,-0.32991528168092465,0.028733336129807566,-0.42930096402220375,-0.29055405990817945,-0.3335045775608183,-0.42962279804599657,0.03960593686064092,0.6478472347467088,-0.0021563651059980085,-1.6419002118059647
0.3606134561800907,-0.7515577519089527,0.4526703593999235,-0.4883929518838501,-0.8166409086382751,0.09037167006510206,-0.45188469858464897,0.6315255566814482,0.17614575547836273,-0.6693524135196411,-0.20102745288045654,1.129676551730222,-0.9628004617042322
0.2717942897890791,0.8266311484069753,-1.4219068163452664,-0.38635238659812654,0.3919636261158882,-1.2922591376617845,-0.3502310199307491,-1.2154315412313967,-0.8681346607826589,0.7948331059191025,1.4967219223738744,-0.7567116429968116,-0.28370071160249954
-0.7231276940571896,-1.492672020990108,0.9200743650759564,0.6587713533033585,-0.531811051857272,1.2290871129452543,0.7367181365761107,1.2661256521675543,1.5392272340825053,-0.23596679919515495,-1.5804488202746,0.3751212738394088,0.3953990384992331
1.3158493638249797,-1.040940242907843,1.3589526476909706,-1.3878008928099408,-1.749392114752004,0.1038345763008837,-1.4404979194840948,1.2872729287699818,-0.27548619422586446,-1.9560688010570226,0.11730055497973046,1.5069541906756292,1.0744987886009654
-1.0903105267565605,0.09336428171871006,-0.4037998553968588,0.5010647705033372,0.8932943590014503,0.4712227223093337,0.8506652405311556,-0.27435808991773514,0.2997075654127604,0.6416209206387467,-0.7315741326474349,-1.385507707905823,-1.5060802617856182
0.3615884229278801,0.620943344073722,-0.7155079217456722,-0.3539210101346697,0.175203818070961,-0.8116789952399455,-0.38133934424871,-0.7142623865326985,-0.6986380324900373,0.2913491861208513,0.9661752426068959,-0.25367479106960256,-0.8269805116838856
-0.11539765968900834,-1.5227951559064847,0.7959320879777058,0.19071104067871902,-1.013875443690545,0.6969803569232638,0.1627978061666367,1.2112385396765752,1.2187883586580723,-0.46232008580147604,-1.1560114764610174,0.8781581257666179,-0.14788076158215316
-0.08157788163916511,1.2169085828315729,-1.3735787534308121,0.6112172340548702,0.9418447811620776,-1.001266033334929,0.36686568615398674,-1.3836414268874904,-0.41634716734569654,1.4381516522936102,0.5417378987933131,-1.0082300689604162,0.5312189885195797
0.934288747311119,0.5826971294447845,1.5442179029072356,1.4402934555022584,-0.28620450027551914,0.520724496397617,0.259188387909287,0.5785840195263043,0.6386711622742851,-0.16817361436819592,-0.3071367888338522,0.12360284787580383,1.2103187386213115
0.5268115133994131,-0.07371204451812817,-0.2217571223898978,-1.3011256177827109,-0.4523019175979009,-0.5493295471385123,-0.9707209097933126,-0.08807843130071216,-0.8978707160933824,-0.720986080497551,1.3906125864204786,1.2554357647120242,-1.3702603117652716
-1.2353584714726866,-0.3959725832104021,0.1829622608601322,0.6753864066866514,0.6492650702987289,1.0280977803863762,1.0207329442057076,0.30142862263957604,0.773898913586221,0.32376522258385604,-1.3682301483678088,-0.6309524300150093,-0.6911605616635388
0.8620149209980386,0.25041594466663164,0.40449128273967594,-0.41691773059217946,-0.4717695254385732,-0.3067842223282916,-0.6835244237141409,0.10258353514806239,-0.48196979057634737,-0.5848371053946034,0.3295192268865218,0.5008804868212109,-0.012060811561806552
0.6885326220657226,-1.752538516904086,1.251994852797015,-0.6506949418811753,-1.7889009475147466,0.4716899091402718,-0.7138609583519802,1.583352881715385,0.767232624759804,-1.3745736429731361,-0.5193554607406435,1.6327134036574311,0.6670389385399259
-0.08618901893168653,1.3825662848620675,-2.64940101040161,0.4109839153325835,1.0651396267263304,-1.9823627983787537,0.2635188500853269,-2.1857186654949468,-0.6800007081203209,2.2510305294603827,1.1783939145136872,-1.595106396208827,1.346138688641658
-0.8117494562374944,-0.25529906187735213,0.11599244086228751,0.5258372643235367,0.43016828157048126,0.6722943509561831,0.7140802326490889,0.19323218536326803,0.5649682076256484,0.2717589009470817,-0.9437928045542262,-0.4632734793726063,-1.2344403617449253
0.7239506057313333,0.1787115712510472,0.013464599907316488,-0.9397784022030169,-0.41905915932626114,-0.5093717837963707,-0.8856742154104611,-0.08190899594534133,-0.812948385479599,-0.6499410940506741,0.7539565707001045,0.6685594374636139,-0.5553406116431926
-0.8994465593424779,0.7849126703379913,-0.7057956561365968,0.850487020873976,1.2488616883072974,0.10117588393946737,0.9327812916586568,-0.790903503536495,0.06462194215124006,1.1042407269030075,-0.09491811692706088,-1.2178287572634197,0.12375913845853963
1.0112681259052376,1.0834932350306548,-1.2349430075498633,-1.09315255780905,0.01766546294466562,-1.678906174952251,-1.1211158413848723,-1.2386854183934206,-1.5663561458149904,0.17444883604156325,1.60283125832727,-0.08599584042719953,0.8028588885602724
