RSS0/RSS1,RSS0/RSS2,RSS0/RSS3,RSS0/RSS4,RSS1/RSS2,RSS1/RSS3,RSS1/RSS4,RSS2/RSS3,RSS2/RSS4,RSS3/RSS4,X,Y,Z
-1.3435047090426078,-0.22802751115881217,-0.2747288184455532,0.47092434579585973,0.852629025364798,0.7525931584438585,0.9707830387041984,-0.040655089167466095,0.5055358628199584,0.5250673367078105,-1.6977493752543307,-1.6977493752543307,-1.6977493752543311
-0.2301896266495808,0.4947322457104877,-1.3076728354183873,-0.22306324814880477,0.5321267566807297,-0.8437179958725489,0.005796040899157204,-0.9848295018763039,-0.5136089607086352,0.821030423099649,1.6977493752543307,-1.6977493752543307,-1.6977493752543311
-0.2415428070081998,-1.3327883300894392,0.39710105831959963,-0.2195246612301818,-0.7809246586284561,0.4798136904625353,0.013766536298069686,0.8912827804304982,0.7845226395818232,-0.4449278467173228,-1.6977493752543307,1.6977493752543307,-1.6977493752543311
0.4545020828841865,-0.18934504180698072,-0.25024398682560034,-1.3378381686717478,-0.4811615311486425,-0.5193950188255596,-0.9512701540430127,-0.046226315723688904,-0.8427060744502075,-0.7247902628037792,1.6977493752543307,1.6977493752543307,-1.6977493752543311
-3.0571353424646928,-0.22473128532437195,-0.019496561341001115,2.015762567219845,2.152873883570048,2.179829360924997,2.708013365441786,0.10155564299682183,1.6312922405456831,1.387098824966565,-1.6977493752543307,-1.6977493752543307,1.6977493752543311
0.19885097537804636,1.9091174672900213,-3.078604756608882,0.11690550647828027,1.2300555655449765,-2.518175330794384,-0.04506204852403603,-2.691334555866171,-1.2680241027321137,2.3701153404070574,1.6977493752543307,-1.6977493752543307,1.6977493752543311
0.20034268566943186,-3.333493469572712,2.493447230090826,0.04538930863411391,-2.5624935858657367,1.780074242147261,-0.08366031862868865,3.0748348851843548,2.396291650815992,-1.8242412328220863,-1.6977493752543307,1.6977493752543307,1.6977493752543311
2.167398486122243,0.38450590289826764,1.2845252991393221,-3.3373790145699402,-1.3634615260946668,-0.5649629076873148,-2.9284190230511293,0.5314621450047435,-2.7096470819888987,-3.2282203800008626,1.6977493752543307,1.6977493752543307,1.6977493752543311
0.04952521728482156,-2.828172549543589,1.9900326455946973,0.3494022882667301,-2.0828236650455136,1.4999258197575125,0.15805013797322043,2.5380221727396015,2.2600651566831527,-1.2426844929599936,-1.4084356389439001,1.1548628961682788,1.2837701675923154
-0.22627081190403875,0.46119762984427376,-0.5686339291152787,0.21747524697760554,0.5049067458455322,-0.27629900817779784,0.23651760370759223,-0.5514767146908732,-0.16813983115516334,0.571154407153267,0.2893137363104305,-0.731525298558755,-1.2968088827942685
0.034381822466265505,-0.5411565697789869,0.5602358191606863,0.2595328621157307,-0.4174005600329752,0.40758598524475154,0.11869051023609176,0.5867863632705559,0.5731509733803831,-0.2400970038287132,-0.5595609513167349,0.4003076182774655,-0.6177091326925354
0.9393533070918799,-0.18212719589868662,0.09247874321753431,-1.8275848033969313,-0.8431558457829796,-0.6030540644201376,-1.4706261588921106,0.14333441958048132,-1.205452430130921,-1.3132623699582318,1.138188423937596,1.5321405351136859,0.061390617409196616
-2.1593473776537477,0.3120089186584809,-0.1675635518811331,1.2547972413783792,1.8610784391446908,1.4210153050934937,1.8234360278634356,-0.2507003585181267,0.6951091329887396,0.9790979400746044,-0.9839982951303174,-1.3603213634677667,0.740490367510929
1.5128788153182795,1.9393903350383563,-0.667031667932335,0.2832656122371147,0.2567368171278035,-1.6008451817669758,-0.6631978207061536,-1.3472137362590342,-1.168003066904441,0.6891618829145821,0.7137510801240131,-0.22848844663154602,1.4195901176126617
0.3174491101499701,-0.5537545876863579,0.3753262710371389,-0.3901549796193848,-0.6408994532507475,0.061683884369418886,-0.3767721226197427,0.4888712884502689,0.10765780416347424,-0.5449145026152991,-0.1351236075031522,0.9033444702046747,-1.1609889327739218
0.1305663357516983,0.7698891804228214,-1.4720860456219627,-0.3204188186743953,0.4578907596373909,-1.2295820405734414,-0.23949963064635227,-1.2152987912655708,-0.7797627917526231,0.8770630683752466,1.5626257677511786,-0.9830437245223598,-0.4818891826721894
-0.8660202095243864,-1.172562530304235,0.7486637085843932,0.7157021161420669,-0.19208689591154243,1.1994187406160806,0.8435858974646023,1.0092001297632007,1.3538711842869617,-0.06966979550419333,-1.514544974897296,0.14878919231386095,0.19721056742954302
1.2567413685497444,-0.7116391213895867,1.0524488511445222,-1.2637621129005918,-1.4664769394359043,-0.09022301026721057,-1.3431825641080495,0.9495991117043636,-0.418353739799861,-1.6435653695458303,0.1832044003570348,1.2806221091500813,0.8763103175312761
-1.7602774853455234,0.8124722167073958,0.8735639874532128,2.1077991926361688,1.92076440609645,1.93782281172393,2.059823024458069,0.08549964497970278,0.9632165657765908,0.7853238820759406,-0.6656702872701306,-0.6057660855769528,1.5554100676330083
0.5668769518840038,0.2432514855586828,-0.2794650685469723,-0.9186047506045235,-0.25342068394323525,-0.6226212361272794,-0.7900844426412834,-0.27934001553050253,-0.843239659541472,-0.4175808929959088,1.0320790879842003,0.5260668312592679,-1.0251689827535753
0.10438260063479217,-1.6303311151863575,0.746298482378012,-0.3174585249228573,-1.2581007743853745,0.5008923276386933,-0.22386596053345856,1.2371163337874969,0.9239390755151273,-0.771420117829919,-1.0901076310837132,1.6578997480954885,-0.3460692326518428
-0.5835752630882404,0.9323125222234709,-1.60623238527257,0.5208764310783913,1.1162271925884728,-0.820369051826478,0.5888550383592807,-1.3722514800640118,-0.2805640841402847,1.549732378297723,0.6076417441706174,-1.6817060188657058,0.33303051744988965
-0.33361090602037924,1.185903703073567,0.3801808940621271,1.5616316568421518,1.1103057893004458,0.5328586805183657,1.0045886788454519,-0.37960892647987127,0.2996572498950247,0.7805036819321343,-0.2412329434565479,-0.5498731020294851,1.0121302675516222
2.138238828186463,1.2390804648634763,-0.3354644214347553,-2.726158891127137,-0.7233544148548323,-1.793990040548347,-2.5897173551286485,-0.8096126709663006,-2.869129930045193,-1.6067346847101371,1.456516431797783,0.5819598148067354,1.691230017653355
-1.2281261675956767,-0.17214744595297107,-0.22039821181494354,0.4931635353898898,0.8056562694272635,0.7116778138633822,0.9205409778298329,-0.038016279588979275,0.4821617342256181,0.49978818604836966,-1.3023263029905046,-1.3044283799202987,-1.6716719448504247
0.21200835520194508,0.4319051312137665,-0.2666174075232284,-0.010460691590285098,0.1517809198578641,-0.3579299741754329,-0.11944561717630035,-0.3665757146112046,-0.3138206156420516,0.1912428583859235,0.39542307226382617,-0.17259546308407842,-0.9925721947486922
0.3737606463752565,-0.9719980666122269,0.7016271797167859,-0.182440054109179,-0.9860191478112732,0.27302437692646264,-0.2972510536835705,0.8822458432632224,0.5558352493341696,-0.6462461217837723,-0.4534516153633392,0.9592374537521421,-0.3134724446469598
0.2653381849778756,1.0870499516164587,-1.7660779079556044,-0.09018058911094358,0.585186366089315,-1.5531817685181692,-0.19023343335370557,-1.5398404087543396,-0.8364734925459111,1.2525718942341404,1.2442977598909917,-0.927150740974892,0.3656273054547726
-0.1845205205500807,-0.9258961043360465,1.3949718524874324,1.1841050885527564,-0.5298503178015582,1.2088182119074866,0.7249538524725279,1.2499613102642633,1.5210505778338432,-0.23157949421479562,-0.8778889591769218,0.20468217586132875,1.0447270555565054
0.4759178629565069,-0.2799211233901668,0.006050515761391791,-1.0944548108355263,-0.562885293539533,-0.3370170951770598,-0.8341477938380435,0.14359416702375888,-0.6007690273418013,-0.7497487523233204,0.8198604160774089,1.336515092697549,-1.5358519948300782
-0.8661251578201075,0.5009295983220539,-0.8306064663369391,0.5053472854182198,1.0182503299415036,-0.019049588092681674,0.7324685002552508,-0.7190350128418596,0.013907675558737486,0.9620851435261896,-0.02901427154975653,-1.5559468058839034,-0.8567522447283455
0.4644733373987682,0.7908041139671362,-1.2727707448649113,-0.6817885378445651,0.22012346742805605,-1.3155218148947965,-0.609901783096842,-1.1134290151220878,-1.058473985208099,0.48270312927220066,1.6687351037045743,-0.4241138890476829,-0.17765249462661317
-0.5117682469623537,-1.8512777554941007,1.076682554078193,0.49946167817306875,-0.951230564988503,1.1981782143028123,0.5389536133543733,1.5339865972608477,1.6771131124259797,-0.460963500450644,-1.6471816448390404,0.7077190277885378,0.5014472554751193
-0.8557700227731572,1.3360382489192713,-1.0208631889380104,1.3492932851346326,1.6143523134649747,-0.17328359948720326,1.1729349599135643,-1.2444933973601686,0.038168710712495425,1.6783060809014387,0.050567730415290224,-1.1786691669384965,1.1805470055768519
-0.4667908146781152,-0.39163887623343707,0.23462025091621647,0.3508149162089593,0.07030522528117916,0.5161626581812062,0.43622547608769807,0.3283753010924527,0.5338136282500393,0.06432072822209119,-0.7983069572118752,-0.04683625010227612,-1.4000320448097316
0.6889379945861274,-0.06814000462976914,0.012823484187230307,-1.259301168410685,-0.571062805936224,-0.48472912926209166,-1.0357308117912096,0.04135229126307478,-0.8712791637206483,-0.8670367343601071,0.8994424180424557,1.0849966667339441,-0.720932294707999
-1.5363195695142906,-0.1789303620302574,0.1883284467549209,0.9061622474160479,1.0341688989599513,1.2483135068342548,1.3044128400255786,0.1957590680116896,0.7885558355556782,0.47691492251920936,-1.2227443010254577,-0.8013915279930897,-0.04183254460626655
1.2568758182875415,0.815192034862554,0.4187771115159314,-0.36664732415344664,-0.3623852116824088,-0.5792521502871201,-0.8691242661144974,-0.17220272095658082,-0.845636055955352,-0.5612352685377262,0.4750050742288729,0.33044138884313085,0.6372672054954659
1.1569165845516198,-1.9593323028010954,1.984339259639092,-0.7460411752682965,-2.2931950766696696,0.7004804045308212,-1.0159257407160773,2.099700078088634,0.8442057631589751,-1.984368875307394,-0.37386961339829244,1.4622743056793515,1.3163669555971982
-0.19496385736738625,0.5960235843412319,-1.3197107045636827,-0.11931090966444857,0.5787008225356965,-0.8782966220497997,0.04170213853514694,-1.0423410869269207,-0.5096519374365868,0.9006347904819159,1.3238797618560383,-1.430187592902101,-1.2642120947893851
-1.0613062639046003,-0.6350310589144631,0.35145467193017815,0.6465821549528855,0.34455686578391903,1.0331433490442075,0.911987377030895,0.5161191326362191,0.9223360181133368,0.17879160605409256,-1.434962972932249,-0.2983546760658807,-0.5851123446876528
0.9135687055895003,-0.14020702623505746,0.5667227504309855,-0.729072392681016,-0.7933108605213474,-0.21862167755715425,-0.8762010947430664,0.3896481890198014,-0.4329991509508777,-0.9180943154516866,0.26278640232208156,0.83347824077034,0.09398740541407985
-1.6700791779895827,0.6623489606101236,-0.11480975121919565,1.326486112861117,1.7438823771865428,1.1104489534830084,1.5984287070708738,-0.39641513411853785,0.49909921316021355,0.9886637196463799,-0.5860882853050838,-1.0529099539566942,0.7730871555158121
1.7345268669190317,1.5843793613687993,-0.754443005644217,-1.1198161352583738,-0.16787532238081523,-1.8274229844189356,-1.5238316457019119,-1.2186944649837135,-1.940909973574805,-0.20120371123676067,1.111661089949247,0.07892296287952634,1.4521869056175447
-0.03523366689188945,-1.2378920008540701,0.5120338290834093,-0.16086802874571965,-0.8685496915675274,0.4203744700448245,-0.06608783858168342,0.9085407077948594,0.7600827395899974,-0.49049784778008587,-1.0105256291186664,1.2107558797157467,-1.1283921447690388
0.12165372819460879,0.8212741821090176,-0.9000867380498256,0.12681228256867666,0.5018022179625546,-0.7818362365234964,0.0016536397926008425,-0.9186252829435274,-0.48960686067208736,0.7560232801263775,0.6872237461356643,-0.6756323150112874,-0.4492923946673062
0.6881833552867466,-0.12367222133253389,0.828373127298171,0.22250223650073905,-0.6106517696318919,0.145079826225879,-0.25218334847208324,0.5288466423871176,0.25015113055663246,-0.46480894506811155,-0.16165094149150114,0.4562006018249334,0.22980735543442624
1.3511048649217705,0.07806883395136725,0.21498223368436264,-2.433594843664732,-0.96683425460027,-0.8041493592678111,-2.012149898984249,0.08207790102142651,-1.832437019194196,-1.817056533526115,1.5360984337628296,1.5880335186611536,0.9089071055361587
-2.9695951348831167,-0.14002545107002762,-0.05631008306623087,1.8596370303498981,2.1478317800478313,2.0885749828592566,2.5784626699197153,0.0383852587063398,1.4572352817825214,1.3081778696855988,-1.5410723088856448,-1.6397862812051047,1.5880068556378912
-0.19964188624415308,0.2791944422347349,-0.36938643168792673,0.14427306565332812,0.3531152369346656,-0.14168057009977247,0.18352146379493933,-0.34802426844394024,-0.09257066011710455,0.3730668352221737,0.1566770663686859,-0.5079533643688843,-1.6445079548463553
-0.01967164999969064,-0.7868984094861503,0.5103378066878328,0.0849055720038909,-0.5541805803480814,0.4078930800487865,0.05544314405291047,0.6817282837877542,0.6198410680939928,-0.3218813738055404,-0.6921976212584795,0.6238795524673361,-0.9654082047446229
-0.13581277722908033,0.8597123901110721,-1.5004053615345916,0.1058071601884744,0.7245991617580297,-1.0601857578265348,0.1288951197542057,-1.2762441915175224,-0.5321947411732137,1.1883629603517645,1.0055517539958514,-1.262508642259698,-0.28630845464289023
-0.9206038047170512,-0.611555141238397,0.7380509644718294,0.9873302073936847,0.2549699552596314,1.2304184233747004,1.0164720215316756,0.7222671674772266,1.154519455068409,0.12318590139022936,-1.1166349650720622,-0.13067572542347763,0.39279129545884195
1.5909510092286971,0.09168280578754161,0.7762335010482818,-1.8447897716522945,-1.1386422064164738,-0.5432931340687301,-1.8298378688035823,0.39160892164370814,-1.4121227269643792,-1.833697715263239,0.5811144101822686,1.001157191412743,1.0718910455605746
-0.6335892461476139,0.22006332660010053,-0.3584449920770575,0.4062697069501555,0.6390129242107012,0.17831453523283555,0.5551583881874242,-0.312244419290523,0.14066678525691242,0.5433276736478125,-0.2677602774448968,-0.8852310033142914,-1.508688004826009
0.5487399371724764,0.4474819930337381,-0.6305990425994592,-0.9619521449736863,-0.09198609489373367,-0.8805300154946636,-0.8032483554153588,-0.579534548687571,-1.0196744409038403,-0.18585045720117158,1.429989097809434,0.24660191352192973,-0.8295882547242762
-0.05209281866724777,-1.7631601500182124,0.8339474330947724,-0.07842747636886346,-1.235651223170271,0.6808627283321245,-0.013458693660838959,1.3530400486556236,1.1926514601478047,-0.673868349638473,-1.3288536369788535,1.37843483035815,-0.15048850462254384
-0.6818664773901788,1.0148838518244754,-1.4459383400998338,0.7305997067133465,1.2503855088663853,-0.6261200652648602,0.752509228896925,-1.3232533747925277,-0.18595269781658205,1.573278971692183,0.3688957382754772,-1.5140270682233026,0.5286112454791886
-0.4921347718278743,0.8654278848750357,0.934206145013757,1.793630998344386,0.9986019484131101,1.0741494603917772,1.2123803249288763,0.09316048631358255,0.6962595247602328,0.526278999097344,-0.47997894935168817,-0.3821941513870822,1.2077109955809213
0.5076467315576411,0.11014642190669433,-0.2983520913810547,-1.0581713577434981,-0.30482184023426906,-0.5946698277549077,-0.8320204393405843,-0.22332698918018598,-0.8507964050949017,-0.4985638599575967,1.2177704259026427,0.7496387654491389,-1.3728680548056622
-1.3055547652297084,0.07409134562339659,-0.18124078240461636,0.7201886501776754,1.0423769185083667,0.7974810815902705,1.082129319075433,-0.13926099409496484,0.4733820086795041,0.6252429014039806,-0.9044162931652707,-1.1367494292778957,-0.6937683047039297
0.7484040297309565,0.8202179925123312,-0.3984220704969128,-0.3821167371380836,0.026353361206693248,-0.8447343663830091,-0.6040860843814692,-0.6353334252943464,-0.8604952960051844,0.03623501623875002,0.79333308208906,-0.004916512441675328,-0.014668554602197228
1.0205502375809843,-0.8659505752288567,1.029455493651409,-0.7174961220352001,-1.399188633154623,0.06160922586978529,-0.9275666613603656,1.0139177126974808,0.08994108987480984,-1.2544891956048676,-0.05554160553810545,1.1269164043945452,0.6644311954995352
0.8381679644659068,1.474449384415524,-2.3531665776888526,-0.49349506997271086,0.4315039410662261,-2.4174350847551853,-0.7111824753999844,-2.0647611719609937,-1.4056186942534088,1.4147424539644184,1.6422077697162254,-0.759471790332489,1.3435309456012674
-0.6304463685194657,-1.0317760523564758,0.402077291113456,0.2914314439148898,-0.26868884965537376,0.7628668929152908,0.49277693598971134,0.7433414347843597,0.9442494519390697,-0.1007048712301604,-1.5941269768623425,0.3723611265037318,-1.237048104785316
0.5772852387919268,-0.763397700695905,0.45324365695115104,-0.9296787572172537,-0.989305274012294,-0.06474565248209561,-0.8015297390080233,0.6377781121547017,-0.13770260280069163,-0.9702636946581497,0.10362239839198806,1.504194043339952,-0.5579483546835835
-1.6238111096773133,0.3680824004082656,-0.3520884851417196,0.9511477289776977,1.4960285903339765,0.8941496713185009,1.3751992002615252,-0.3827891606756128,0.4336229399445847,0.9096221629825583,-0.7452522892351773,-1.3882678552415002,0.12115139541814918
0.9707201590504243,1.3432076354656641,-0.9909766661666621,-0.25095102261329205,0.2361991087918714,-1.4615535758002163,-0.6542199069908081,-1.2312382916481042,-1.1354662419359607,0.566415874407487,0.9524970860191535,-0.2564349384052799,0.8002511455198814
0.18706279879124016,-2.963182539503641,2.2017964800620256,0.6681314736712699,-2.284629470287952,1.564574741669317,0.2525982425825653,2.724995367332337,2.5885219165828524,-1.183206512676699,-1.1696896330487598,0.8753979784309409,1.479350895621614
-0.25718581153099573,0.5985323545542903,-0.8903661722526051,0.19705743666539763,0.6276405018593794,-0.5023478424857345,0.24233802552506334,-0.8015977432185274,-0.28040756581038906,0.7966231204227912,0.5280597422055707,-1.0109902162960935,-1.1012281547649696
0.10548195586603938,-0.05139009822509747,0.46937305178255057,0.4162139521162806,-0.11705435709213272,0.2864310982348788,0.1632936300108864,0.2902978077057607,0.34036445568887386,-0.06580539665686355,-0.3208149454215946,0.1208427005401269,-0.42212840466323687
1.0342396409992693,0.09712068827477528,-0.09223937233753095,-1.9531406674334653,-0.7130702793226837,-0.8137037994971795,-1.587967845730978,-0.10062845201685337,-1.4950991840050718,-1.261325110052112,1.3769344298327362,1.2526756173763474,0.25697134543849537
-2.0003772091021994,-0.36167968920125215,0.6168582571948317,1.3472008129006714,1.2534715387991586,1.9121318941408334,1.7868534560362057,0.5288199860165756,1.2401699338198526,0.458401105221059,-1.3819083049555512,-0.6337125773506866,0.9360710955402279
2.3532782471009717,1.1195434468797578,1.5415067408431282,-0.3237362674616141,-0.9726682319211751,-0.5001319913066175,-1.4355683450414969,0.30820458236983533,-1.0300587097407785,-1.3673372393568402,0.3158410702987794,0.49812033948553397,1.6151708456419607
0.1441406709729848,-1.0267017912269714,0.364084160295226,-0.5364805816698095,-0.8516720612628327,0.17743654838724293,-0.36098337673873976,0.7193854572905919,0.33608290208447905,-0.6361877584156077,-0.533033617328386,1.6299532563217543,-1.617343964842286
-0.2897063848668851,0.6556123042001417,-1.4000871126492174,0.007240072663867026,0.6935505902749667,-0.8722935103115541,0.15949248078603623,-1.1174870719938421,-0.45948317021947455,1.0466079536353805,1.1647157579259448,-1.597866543544504,-0.9382442147405535
-1.007863479843666,-0.1834044206573406,0.32108328910169215,0.8297202363668562,0.6306938449256733,0.9713399100807624,0.9800608846634122,0.2728268345335362,0.7359069992248186,0.3260924136735185,-0.9574709611419686,-0.46603362670828374,-0.2591444646388209
1.1607236647855028,0.42746054942596223,0.21859674249141478,-1.2433202307595481,-0.5699666556455306,-0.6646761252256308,-1.2807863348498778,-0.09085928072961359,-1.2109455295809228,-1.0092520727269978,0.7402784141123621,0.665799290127937,0.4199552854629113
-1.1647191688637086,1.170437960909112,-0.8037869721101578,1.3642380281361677,1.7285817180690812,0.21601977129305033,1.3468389936318033,-1.0392063376301595,0.166477566927778,1.5269756591382198,-0.10859627351480329,-1.2205889045990972,1.099055035564644
0.3141253954849533,0.4149490065141186,-0.8162108594373448,-0.7394748455280902,0.062177473342128316,-0.8553039140579171,-0.5596038546207747,-0.6678620743452512,-0.8341510348342585,0.10373794603803718,1.5891531017395275,-0.08875598776287685,-1.4815240148219395
-0.28898926308937795,-1.4383110442044107,0.5794729415037542,0.0622194689139919,-0.8213031824616107,0.6545936077297356,0.1881640947095961,1.0469220693507089,1.0650678369405417,-0.38876621201991096,-1.488017640908947,1.0430769290733437,-0.802424264720207
-0.2566002151368048,0.8587565743179633,-0.6615475105976002,0.6205431272439743,0.815389311797602,-0.3262148628046375,0.46583809562594347,-0.8029439112446108,-0.15563954580147502,0.9147439958012972,0.20973173434538372,-0.8433112656536904,-0.12332451461847452
0.16345384786743275,-0.5819498395499274,1.0762428882280892,0.8218836970392084,-0.5446578948969965,0.7130627571059408,0.3465428588359601,0.8980625353090278,1.0127173246278045,-0.24108956038911064,-0.6391429532817816,0.2885216511825303,0.5557752354832579
1.6575515175198587,0.019328446525820213,0.680414865356406,-2.7074267754527646,-1.241409932196192,-0.6650413933003386,-2.3215327144723394,0.3738357002749914,-1.990756707085493,-2.34980316266491,1.0586064219725493,1.4203545680187506,1.23487498558499
-1.2782066005971888,-0.0151747941739344,-0.3262624227283725,0.550108962163987,0.9571074568775156,0.665949694194172,0.977546372398849,-0.1762980754200213,0.41246572838336426,0.6173280032836377,-1.0635802970953643,-1.472107330562702,-1.345704064801593
0.2833522962769651,0.6678541682051169,-0.5564951279331831,-0.035755611011787945,0.26838348493883035,-0.632817170480064,-0.17114891230981663,-0.6481277657257153,-0.49955845202545246,0.3896905374573036,0.6341690781589664,-0.34027441372648143,-0.6666043146998601
0.6225002020897922,-0.6153077986706545,0.7731420194900943,-0.1699506646445621,-0.9164523822724452,0.14962151436112361,-0.424303954041135,0.7439255362577383,0.31209412733106284,-0.6909494347916878,-0.21470560946819897,0.7915585031097393,0.01249543540187188
0.2874532321436682,1.142868184965147,-2.080923425484471,-0.15921889150996638,0.6088043354827941,-1.811989860210804,-0.23860352515435143,-1.7452564845321983,-0.9264576989538056,1.4398096673633054,1.483043765786132,-1.0948296916172953,0.6915951855036045
-1.0481344694371801,-1.2237225954139352,1.518913879576879,1.4556813556340695,-0.09115670237687214,1.9244825089037674,1.3325236372127591,1.4689719041977856,1.9304969275750723,-0.13886910038251024,-1.2757989690021556,0.03700322521892575,1.3706949356053366
0.4967615332425539,-0.3656206428664388,0.19035610926563315,-0.8887373922040286,-0.6406490588371375,-0.20977410117746542,-0.7366247001287378,0.29039598406216766,-0.38979396627044355,-0.7467946847674501,0.42195040625217506,1.1688361420551456,-1.2098841147812465
-0.7252563667006269,0.3186680453982135,-0.0887141068699425,0.7226548749345756,0.7797495516248809,0.45224774599912504,0.77162474643336,-0.20959180089741317,0.30180006207644655,0.5580815115827142,-0.4269242813749903,-0.7175520526718882,-0.530784364679514
0.9249018100998789,0.6213650313521852,-0.4600411843279354,-1.2922964835205915,-0.2511307136573028,-1.018995563570112,-1.1799579451477347,-0.5704799279953788,-1.3841704709378888,-0.5376884764553193,1.2708250938793406,0.41428086416433235,0.14831538542221828
0.5075131695326333,-2.1868432101181243,1.460289971951368,-0.3573030889021739,-1.9658874347998898,0.7623706819170043,-0.4615355939191008,1.9182569760705923,1.2893602147374108,-1.3297678556031949,-0.851361625188573,1.5461137810005527,0.8274151355239507
-0.049782288545129345,1.630229602820728,-2.731972493494211,0.7697831048304595,1.2166744483984155,-2.07221208658574,0.43358417842358526,-2.356289191164889,-0.5935644096055036,2.5567816202036755,0.8463877500657577,-1.3463481175808993,1.5065148856256834
-0.035150173411392,0.24601370879537313,-0.05693206702785717,0.2378115601277962,0.20453724802049064,-0.018691925252501223,0.14457184985276117,-0.15529276753886337,-0.0007435350014468799,0.20429101803283864,-0.002486937561407613,-0.21451520074467917,-1.0740641647609002
0.7467221565081399,0.23798037194410399,-0.4234612648070049,-1.54834846693006,-0.39344298333272965,-0.8628467705778065,-1.2195428310990888,-0.3578636050321657,-1.2993630697045606,-0.7392577568385323,1.6952624376929233,0.9173177160915413,-0.39496441465916754
-1.853632123281045,-0.38377274347984275,0.21348847016539146,0.9778179075830397,1.1263529336428824,1.4955414328004517,1.512782789036923,0.31252504882642185,0.9860960333729458,0.5069881171337894,-1.6952624376929228,-0.9690704786354928,0.2841353354425647
1.23167279341593,0.9099966355975291,1.1156193376752763,0.8699473372757265,-0.2747350493327572,-0.023483507879656567,-0.2020343999419381,0.1730939799443186,-0.009840750135700346,-0.23765803443836556,0.002486937561407809,0.16276243820072783,0.9632350855442973
0.8858112812210271,-3.1965685834781485,2.775036838338655,-0.02983156034883297,-2.9826272685035895,1.5052123056002855,-0.4917334078861896,3.1649810201787756,2.244295408345286,-2.0849666941046503,-0.8463877500657576,1.2945953550369482,1.64233483564603
0.025302712935985905,0.4721973689329296,-0.773687432930205,-0.16670314250268004,0.32232617411517184,-0.6151329439692145,-0.10169935280563228,-0.6725636129718959,-0.45647770644063196,0.46211755142038197,0.8513616251885733,-0.5917928396900859,-1.5901799748382166
-0.3983497719684766,-1.087338475435111,0.5204106508680614,0.2630786487271594,-0.48465536991833763,0.6875373973586566,0.35308134999418334,0.8378654683614005,0.9629340393292767,-0.20805227184067446,-1.2708250938793402,0.5400400771461349,-0.9110802247364842
0.7384961144541745,-0.6467679767739372,0.40450004243183557,-1.3063661098804178,-1.0270565693741975,-0.2180970422932173,-1.0872336595374295,0.5518959357674282,-0.49545242185484045,-1.1904957054730259,0.4269242813749905,1.6718729939823551,-0.2319804746347516
-1.5419221324528614,0.6191987067695326,-0.7452952253893345,0.985547557181875,1.615613470917423,0.531964373039866,1.3493788408080973,-0.7301782683049981,0.2807239978748206,1.2255955483419412,-0.4219504062521749,-1.6677327729788387,0.4471192754669806
0.9005818962572321,1.473042823745211,-1.8862172611893535,-0.3354420941075122,0.38321597287253684,-2.101953387477633,-0.6611870051667206,-1.800861131418603,-1.2892059420841782,1.174950786196117,1.275798969002156,-0.5358998561426181,1.1262190255687132
-0.4766652991850356,-1.0670086629617281,0.4005811237248932,0.16973448948834463,-0.4106387677773511,0.6513052344550999,0.3458291785326579,0.760142524381184,0.880358970707125,-0.18245881551797435,-1.4830437657861315,0.5959330606936023,-1.4543600248178703
-0.5909209028540287,0.6128237195521172,-0.8834758661734542,0.44424375600711724,0.8907385410424559,-0.2574260119319249,0.5523011955623249,-0.8048711071055051,-0.11003504877919783,0.9598132477783604,0.21470560946819914,-1.290455134033432,-0.7752602747161376
-0.40453318077579226,-0.07244311581895048,0.522568936725589,0.8096049735958281,0.2539929775702738,0.6936420848262714,0.6452462783345113,0.3308249276304086,0.6425565759956043,0.1624881122839468,-0.6341690781589663,-0.15862221719721137,-0.09616052461440541
1.2339726417051886,0.2753568192216068,0.06899374041157486,-1.9614681924149826,-0.7354439498719957,-0.8326969529991265,-1.6996902346948812,-0.09900973517096079,-1.6275335992413826,-1.3869545229037599,1.0635802970953647,0.973210699639009,0.5829392254873272
-2.55957503328086,0.22104933590134035,0.4155340030434333,1.6120294695307924,2.098419540784906,2.1582693044951227,2.227287139800962,0.12351448051604333,1.0204543426096264,0.7885180190463869,-1.0586064219725488,-0.9131774950880251,1.26203897558906
0.37030402684752,0.24295097543937727,-0.2181105407953309,-0.4463515511906834,-0.10475858592833664,-0.4341512246146147,-0.4348725381162715,-0.24460708641646647,-0.4981713703216819,-0.14165786835378075,0.6391429532817818,0.21865542174819563,-1.3185400747975236
0.44190940329035977,-0.9255499801775494,0.5274390627559788,-0.6253750786648731,-1.004042385042967,0.08969571122670528,-0.567962799061477,0.7608037538955382,0.19946160458536388,-0.8182562708158594,-0.20973173434538353,1.350488338584416,-0.639440324695791
-0.10204825816266319,0.8608957535509243,-1.8037892739629227,-0.0632403785082213,0.6998825582666243,-1.3185139760327342,0.021410011925766654,-1.4478389358571422,-0.6564778681352833,1.2989739025272056,1.4880176409089474,-1.5419735599970366,0.03965942540594077
-1.6359048950989707,-0.7324718578327434,0.6894575071614443,1.1238447658222614,0.7092750201624595,1.7064753260270842,1.4729688945063053,0.7554322901919156,1.3399260707267908,0.25229674829500526,-1.5891531017395273,-0.41014064316081583,0.7187591755076739
1.8568255692992994,0.09645166696557989,1.6132618829325949,-0.39033041305398164,-1.3365601522147097,-0.08833810857534886,-1.204008041896025,0.861011119127141,-0.35340801678615597,-1.4660696908840698,0.10859627351480347,0.7216922736754048,1.397858925609406
-1.0890765017204662,0.10100756864916666,-0.288939144352957,0.5814826714817689,0.8978873106198583,0.5589617365427921,0.8925035123343932,-0.21344467367039086,0.3530130333828682,0.6109224331885136,-0.740278414112362,-1.1646959210516297,-1.1827201247771775
0.559497075180164,0.6492042621862432,-0.5662933104431641,-0.5051965345945754,0.04575084408042139,-0.8386356708336762,-0.5676303420622884,-0.6443106778093377,-0.8291389829086585,0.07732407036164722,0.957470961141969,-0.03286300421540906,-0.5036203746754446
0.00486102108577976,-1.8199636787485125,0.9692987868558413,0.08962252874307153,-1.3198665517870651,0.7444079641569499,0.044754102386221836,1.457777804631068,1.3556358455219855,-0.6601407393996817,-1.1647157579259444,1.098969912620811,0.1754793754262876
0.25560465057013393,1.4626389820493315,-1.2703961541276647,0.728996176594343,0.8641816479328966,-1.1637321798556524,0.24793645261945618,-1.448543799897336,-0.5045417374024957,1.4415820436798916,0.5330336173283862,-0.7874182821062227,0.8545791255280201
1.4423340614184887,0.1684527250664863,2.1531295328713638,1.3748311655139782,-0.9705639754117321,0.6258010197779238,-0.04839352899607926,1.1292491728054848,0.8845303837765043,-0.6657848270759488,-0.3158410702987792,0.3444146347299977,1.5336788756297526
0.5947014383650666,-0.14461737750949083,-0.15273331040315183,-1.4400673801549944,-0.55499828975877,-0.5448133232701822,-1.0806313182043419,-0.013663997123006852,-0.9490651896973347,-0.8669500592782988,1.3819083049555516,1.4762475515662181,-1.046900174756831
-1.6697734836516407,-0.07574370079245289,-0.16180949938942366,0.7792252309217028,1.2098674289366307,1.0739651049520365,1.3090337952374398,-0.05327154935056936,0.6227120783404606,0.6509856229946799,-1.3769344298327357,-1.416214347015234,-0.3678004246550982
0.5509504805265556,1.0550101902588918,-0.13353655772229397,0.5143276649893004,0.34569981530285854,-0.4985903330014283,-0.024213407548697108,-0.6036142462404978,-0.3723278179555912,0.4495735897242379,0.32081494542159483,-0.28438143017901363,0.311299325446634
0.7801705317667398,-1.507330495870068,1.506969230715535,0.21305484627639026,-1.6809724953553253,0.6026332108916429,-0.30660322570701126,1.604269438660767,1.2241415089326402,-0.9761238354141751,-0.5280597422055705,0.8474514866572068,0.9903990755483666
0.6196283648355981,1.9014052398070453,-3.1621611248284696,0.3145990920014903,0.905791849270144,-2.884743750392832,-0.16667339868033,-2.734568777070581,-1.118194286779424,2.566897556411762,1.1696896330487603,-1.0389367080698273,1.6694988256500993
-0.46846082392359356,-0.5610869027220864,0.2672546902108962,0.28768305640115255,-0.05097357273837422,0.5425419380629609,0.40375724519096,0.4316288265050924,0.6078360093462947,-0.002947978486473716,-0.9524970860191532,0.09289620876639318,-1.5630159848341476
0.6289336789030323,-0.22447756531316407,0.10763961504254689,-1.1798764915859759,-0.638679260232898,-0.3684901308144566,-0.9615126631544822,0.17308879287115175,-0.702451319550521,-0.8834981818753131,0.7452522892351775,1.2247291256026134,-0.8839162347324149
-0.3743682969081111,0.6438973035969099,-0.20467915760976377,0.7408849084247091,0.7491992023062038,0.11085031207536897,0.5927190100978718,-0.4378294152002096,0.08455397674789114,0.6567739759283501,-0.10362239839198786,-0.6616590691244204,-0.20481648463068228
1.0437896364855261,0.6851676473196416,-0.6427637836853913,-1.5983921398994605,-0.2950317813722802,-1.2453374749182242,-1.4056125607591576,-0.7054235770542081,-1.6529221815358002,-0.6101708597243284,1.594126976862343,0.4701738477118002,0.47428326547104993
0.03549047718312183,-2.66025870279595,2.0071890385144133,0.02171143486362673,-1.9507599900335533,1.5232397146694383,-0.007595245268723654,2.4636015266246765,1.9017384107977298,-1.4785835425674534,-1.642207769716225,1.6020067645480207,1.1533830155727827
-0.7786698769772896,0.40286978605101953,-0.8367537202078221,0.36297408033027717,0.8810977173194003,-0.08658131214340324,0.6102316276139187,-0.6733917993075611,-0.02054247174081421,0.8697125719824332,0.055541605538105644,-1.625813035318238,-1.4271960348138009
-0.8135064417365533,-0.09095184399556154,0.16034142558880402,0.6663708506796647,0.5503537309151335,0.7077748615755408,0.7892971447191005,0.1359247824139077,0.5510831986633109,0.3344563741045044,-0.7933330820890597,-0.49398011848201734,-0.7480962847120683
0.9099811430871926,0.36091013419427304,-0.05124359396633606,-1.1793731148752706,-0.42818932333821746,-0.6928605238298786,-1.112260042674687,-0.20962630627012496,-1.1170709286972305,-0.7649448167560701,0.9044162931652712,0.6378527983542028,-0.06899653461033609
-2.1388981872609953,0.08604263922345212,-0.004980209504277665,1.1850633040683967,1.6821735085201295,1.5317809187306974,1.7755933928954832,-0.0458970298767925,0.8043768083379499,0.8106504754891394,-1.2177704259026423,-1.2485353963728312,0.6101032154913966
1.5465866823391812,1.8501976138198255,0.1372569978927802,0.6245410890375703,0.16670377151543192,-1.0044674278973165,-0.5009437167177395,-0.8492095302443424,-0.8555625624758325,0.32314826578157885,0.47997894935168833,-0.1167024795366106,1.2892029655931287
0.2025823371205758,-0.7615946752147229,0.40949718780386934,-0.33003846965337974,-0.7042107176038602,0.17051839237028987,-0.28327956630136003,0.6122174963758541,0.2988968281336304,-0.5294028508683221,-0.36889573827547706,1.01513043729961,-1.2913760847934546
0.13349998062620055,0.7609549723334431,-1.3305853347364507,-0.24811246821016444,0.4492077337938495,-1.12250820327275,-0.20286160763175656,-1.131067790688525,-0.7206287003135132,0.8210207725861027,1.3288536369788537,-0.8712577574274242,-0.6122763346917217
-0.7016199326831027,-1.2096568831692087,0.739689053730811,0.6317581021892681,-0.3434259355398682,1.0744627134614495,0.7108848451253919,1.0227183312718582,1.3188689844340358,-0.1201525651624465,-1.4299890978094336,0.2605751594087966,0.06682341541001052
1.1812704461074353,-0.6961342816311575,0.9116477981220041,-1.408399164586644,-1.3981041562603302,-0.14467880730744231,-1.3790718096489112,0.8624719168656733,-0.5349641414734634,-1.6372957699929906,0.267760277444897,1.3924080762450168,0.7459231655117428
-2.3354041932906324,0.7571676444440884,-0.5638497475694679,1.6826651865314595,2.316355135464811,1.2416463186362179,2.1441662711337126,-0.6970011571195606,0.6919753035020222,1.5652867131597075,-0.5811144101822684,-1.5000538223364355,1.4250229156134753
0.2534020733266437,0.5593166090107281,-0.8301833862754002,-0.38808532869750767,0.21257343626579286,-0.8224885729207052,-0.34126431943617935,-0.7480366129531748,-0.6798981645885196,0.35340530018725763,1.1166349650720624,-0.36822090550021513,-1.155556134773108
-0.09668349764128825,-1.2276444269729778,0.6776992550424435,0.17481903822283448,-0.8145981508381089,0.5923176425850314,0.14434322793290874,0.9967859438124745,0.9979481789748609,-0.38517508804321593,-1.005551753995851,0.7636120113360058,-0.4764563846713755
-0.133668855648935,1.0518431870765046,-1.458564102815191,0.3957509815086664,0.8619230505292722,-1.02944083415243,0.2809801870245956,-1.348879019278963,-0.45667140147331103,1.3546641161654922,0.6921976212584797,-1.1227761833910288,0.20264336543035694
0.7917998274829555,0.8292601399949238,1.045929496077187,1.1708930525680024,2.5685102920746994e-05,0.23855187613692336,0.19337131100661975,0.17424598703914465,0.26715489589296343,0.01911482790812716,-0.1566770663686857,0.009056733445191645,0.8817431155320894
2.0136816084758955,0.6383821074531616,0.33278352557288354,-3.123886689501034,-1.0634387153537825,-1.188952940450251,-2.7329913539136115,-0.1321269730728207,-2.733723146580025,-2.3747422268211626,1.541072308885645,1.1408896502814119,1.560842865633822
-1.2532515281453684,-0.4293624802403528,0.0969053879728783,0.5873479513863215,0.6386694858585092,0.974543785629889,0.9838184535627682,0.26964430648720517,0.7332806884432825,0.32784431968732164,-1.5360984337628294,-0.7454985444456219,-1.0197361847527615
0.6090337079813414,0.14798674577902485,0.36820285540767367,-0.14031986924515857,-0.3542439482951113,-0.15315583150050174,-0.4014080369102653,0.13342587633684566,-0.2073755965731194,-0.3694943933246718,0.1616509414915013,0.3863343723905987,-0.3406364346510291
0.4522482035306227,-1.7256515944762452,1.0338921522015616,-0.4320860183476804,-1.5905005958999356,0.47304536998413266,-0.4713636532729241,1.44695455160712,0.9078078445093064,-1.063445810043015,-0.6872237461356641,1.5181672892268188,0.3384633154507033
-0.054952872584767366,1.2957400493077258,-2.3133937505656994,0.4042830909387172,0.9786900264242724,-1.7455301202595375,0.2431935076507815,-1.9528460593181698,-0.6233418903507547,1.9964751777331824,1.0105256291186668,-1.3742946093546335,1.017563065552436
-1.639396572249086,-0.5014878052996807,1.6475647325158795,2.0373870738295325,0.8789655719245194,2.4482448575533367,1.9576576381758481,1.1797924867882992,1.8432786499932516,0.16151432916701886,-1.1116610899492467,-0.24246169251841287,1.6966628156541685
0.3967108878469478,-0.17111063674823204,0.0007278614148744625,-0.7740375061834571,-0.4242049295981431,-0.2842572757837159,-0.6222455566081329,0.08610203733862541,-0.44392631883173156,-0.5276068929711402,0.5860882853050841,0.8893712243178078,-1.6975320633342985
-0.7353558852105924,0.34832856444971133,-0.40698090776932294,0.540726338488878,0.8088489535769791,0.21392830991130757,0.6809011338732304,-0.4038365626513281,0.14792305473377784,0.670994404895689,-0.2627864023220814,-0.9970169704092267,-1.018432313232566
0.6531962285680513,0.6150577327806508,-0.7419471899883485,-0.9759184764024289,-0.04990908491597162,-1.0414392258712692,-0.866756469064765,-0.7262173612025715,-1.148669245388691,-0.11251648302939865,1.4349629729322495,0.13481594642699377,-0.33933256313083376
-0.018377747900351012,-2.0140886994621194,1.089850412707789,0.04201619535981157,-1.4426559384830326,0.8541082729915966,0.03208060746996559,1.6229439644916195,1.4584892588633853,-0.7822488625532087,-1.323879761856038,1.266648863263214,0.3397671869708991
0.4561788118009513,1.6249450635575455,-0.7441390609246284,0.9887713495974694,0.8296504036611544,-0.9016816397481487,0.2774559705561754,-1.2332018562945184,-0.4299055258796461,1.2269305280754756,0.37386961339829267,-0.6197393314638197,1.0188669370726313
-0.026197143284779838,-0.5175823697517187,0.30379056705249874,-0.02528095025424105,-0.35447086838132463,0.2532089842554286,0.0007152079698899971,0.4304352853200794,0.34845831107635317,-0.24323759455528435,-0.4750050742288727,0.5120935853724008,-1.5617121133139522
0.6273709342590074,-0.2510821758789718,-0.0509220525023275,-1.479251839157898,-0.6567359437594354,-0.48971221221455513,-1.1188946286049322,0.09703914810252898,-0.9022050468031904,-0.9693804656371914,1.2227443010254582,1.6439265022086211,-0.8826123632122196
-1.6069247644586788,0.22637812987389658,-0.39893739891475055,0.8181287629364123,1.3807597620442162,0.8458781136644132,1.295824448996535,-0.33823037227489217,0.4369435670356573,0.8539015909251623,-0.8994424180424553,-1.583893297657637,-0.20351261311048716
0.6238813265572007,1.2323952472971447,-1.001593015911865,0.09092614007990184,0.4187474396744067,-1.220731805030216,-0.28717111035783655,-1.181727622608975,-0.8072599681078961,0.8071089539754698,0.7983069572118754,-0.4520603808214166,0.4755871369912457
1.4618218222963293,-0.18104667290112775,1.4667279150037942,-0.005214096441169324,-1.2380790260565524,0.08219148877142676,-0.7882269511885851,0.9173878303242626,0.12453828667442494,-1.0948097889474118,-0.05056773041529002,0.6797725360148038,1.1546868870929778
-0.057632224587191916,0.5545490011713475,-1.2826351178318953,-0.30922655856541187,0.4446951462329996,-0.94828694708964,-0.13246093828246827,-1.0006730922728133,-0.6189330193172712,0.7437309431341117,1.6471816448390408,-1.2066156587122305,-1.4258921632936057
-0.9613393455152949,-0.8732544215797778,0.3860165698127661,0.5255277024094954,0.09656295719464227,0.9880395205538303,0.7942947955200376,0.6549015849536818,1.0028168867559086,0.07064762110714627,-1.668735103704574,-0.07478274187600979,-0.7467924131918732
0.7428911904682605,-0.587466352220836,0.6449253479377625,-0.6577474845678483,-0.9874987722876641,-0.035743550746672306,-0.7467964075822697,0.6577133770035838,-0.06384868423368968,-0.9277105134974298,0.02901427154975673,1.0570501749602104,-0.06769266309014053
-1.6409742154627442,0.312173986807163,0.21263235855045015,1.2643131432074857,1.4685949264689702,1.3422029617835316,1.5499311387250996,-0.036485879218770036,0.7019409478065534,0.7027082723314703,-0.8198604160774087,-0.8293380197668234,0.6114070870115919
1.7692265398079696,1.3132065802945698,-0.04345378540893989,-1.2085654459651445,-0.3902662367266446,-1.3037458986579415,-1.5893811390814043,-0.6821432641024733,-1.8134806259441847,-0.7906184414770876,0.8778889591769222,0.30249489706939714,1.2905068371133241
-0.10775293884188712,-1.328108323556341,0.47586722243288526,-0.20538246573022362,-0.8788692161061852,0.4445340681289517,-0.050647673636938104,0.933335535282412,0.791532045514769,-0.49390076797835325,-1.2442977598909912,1.4343278139056175,-1.2900722132732592
-0.53614446947616,0.699180673722818,-1.1433823194534503,0.3776078714687985,0.9117049802752966,-0.49729312591025115,0.4876510644781927,-0.9946145347494635,-0.21991413289414743,1.1078117191323051,0.4534516153633394,-1.458134084675835,-0.6109724631715265
-0.3057073870801027,0.3665348779920149,0.37844622578629716,0.913179729737798,0.4966105877418322,0.5114868810905572,0.6468847326562182,0.02975118667503407,0.4069944771912373,0.34024392225823474,-0.39542307226382595,-0.3263011678396144,0.06812728693020587
1.3030726958938852,0.5317225010439555,-0.19316529837389337,-2.046604601623521,-0.602376746908521,-1.0845857861919341,-1.7818144224916077,-0.3751627764459679,-1.871443278507916,-1.249877668981626,1.3023263029905048,0.8055317489966062,0.747227037031938
-2.8338913223352855,-0.17420073189316526,0.4279247653816291,1.7206739147359162,2.020337778274739,2.3647754389784303,2.4321029783538326,0.3284387696755043,1.3799869141759378,0.8532784372223902,-1.4565164317977826,-1.0808564457304284,1.4263267871336707
0.22119728685557263,0.21571719387855903,-0.05633339561842947,-0.06840921695567159,-0.011524143724102955,-0.2022748526427006,-0.15500918928059204,-0.13978290796709827,-0.20287879844966095,-0.004669312130902583,0.24123294345654805,0.0509764711057926,-1.1542522632529126
0.2700343714802136,-1.2004869841737942,0.659221103353796,-0.2699404599950801,-1.0727010359554554,0.31477477541879173,-0.287760973699741,0.9727703678071454,0.6539175719732601,-0.6742772535737277,-0.6076417441706173,1.1828093879420123,-0.4751525131511802
0.36562684686139896,1.0649397001117984,-1.439033504738787,-0.09523218009471279,0.493240259451811,-1.3728410163917997,-0.2467906878399212,-1.3444293130139693,-0.8244881567821285,1.005808004573794,1.0901076310837134,-0.7035788067850212,0.20394723695055225
-0.17189427204086472,-1.505722614609144,1.3278993879974348,0.8532013843708609,-0.958739578441926,1.1480009735536556,0.543284881680786,1.5025316307308247,1.6904583133378022,-0.4069992087309382,-1.0320790879842,0.4282541100511993,0.8830469870522851
1.947387661483084,-0.43829476048338273,1.8592499123347577,-2.690236692975773,-1.7918744757983778,0.03644383124443504,-2.4681834345072438,1.2674617638073722,-1.653790261661116,-3.21516227445175,0.6656702872701308,1.5600870268874198,1.5621467371540174
-0.776076505567663,0.2761153735227062,-0.603524575997558,0.37792998385778626,0.7874656626775692,0.09151325309719943,0.6167424327429818,-0.4784540712044241,0.0802363048271365,0.7063718199652157,-0.1832044003570346,-1.3323748716940325,-1.6703680733302293
0.3732673262507775,0.5489850744212633,-0.9144243675860815,-0.6909223980537224,0.11431879367282399,-0.9735451333315959,-0.5657219465654455,-0.7903449733765764,-0.8937159043686674,0.20987053713429274,1.5145449748972963,-0.2005419548578121,-0.9912683232284969
-0.35145556652413873,-1.5907384502591342,0.7237809653855156,0.19268080163575146,-0.8842271923791459,0.8107874727375896,0.2906783057422623,1.2045964443719381,1.268392425255084,-0.4072977031339154,-1.5626257677511783,0.9312909619784083,-0.3121685731267642
-0.4170532565587413,1.0473130206784835,-0.7443586397377315,0.8681869650159478,1.073275134929254,-0.27491343567720156,0.6829345431853743,-0.9440489398138195,-0.10847119151144771,1.144984372071013,0.1351236075031524,-0.9550972327486259,0.3669311769749684
0.06105758476034136,-0.5476037315866948,1.4061165716253963,1.2442761277721746,-0.4422666583643227,1.0411043400265074,0.6247997114083198,1.066795149164829,1.296814260712178,-0.19889900440860092,-0.713751080124013,0.17673568408759469,1.0460309270767005
0.4872411977195086,-0.213162709046209,-0.07121370695213214,-1.1520603071856415,-0.5231820886785997,-0.40476272950796466,-0.8706769380776048,0.06661179789007413,-0.6901602158612457,-0.7314887549243109,0.9839982951303179,1.308568600923815,-1.534548123309883
-1.0601993702899795,-0.29160407017000456,0.1579203821209201,0.6476220671139351,0.5920825157297713,0.8830201927456601,0.911942216848198,0.23504629590919282,0.6796365718453942,0.3234910440509061,-1.1381884239375957,-0.5778195938032189,-0.8554483732081503
0.8424018265604662,0.28170014184049985,0.1868823821702455,-0.7301026461994041,-0.43429054603987166,-0.4606070940646864,-0.8385059508426475,-0.035738609130496694,-0.7328456858293166,-0.6361910419413781,0.5595609513167351,0.5540133230330018,-0.17634862310641783
0.7506373237869993,-1.442752203551199,1.0429161209072968,-0.8673815593986937,-1.6119022141650943,0.2657794471483511,-0.8617514519150855,1.3103655977252027,0.3893901155597146,-1.3665655193032833,-0.2893137363104303,1.685846239869222,0.502751126995315
-0.06405416224728837,1.2230026368067048,-2.495491472203865,0.202904140506477,0.9329799306635055,-1.879500001058697,0.14165386290609583,-2.0190585918581134,-0.718831330397423,1.9948326258981297,1.4084356389439006,-1.6910215161236168,1.1818508770970473
-1.0217153390379887,-0.4287312653935354,0.10318168792890069,0.5041622253043956,0.463766248034068,0.8131549112582149,0.8154444551618806,0.27286582752074423,0.6720881839700458,0.26653103726789135,-1.350407095844387,-0.5591885992873963,-1.3987281732895365
0.5801505784176656,0.029957173660379956,0.2096094753236586,-0.49891677571203835,-0.4177267438587565,-0.2547876907223908,-0.5754090652492642,0.1031437488317285,-0.38556283945154396,-0.49567881861631735,0.3473422794099437,0.5726443175488241,-0.7196284231878036
-1.3263797537792898,0.48683366452514615,-0.4509069195565265,0.8781277379013338,1.35664158774101,0.6043616249078344,1.1767908297209182,-0.49795843445379834,0.2961173152273336,0.9334225046142736,-0.5015324082172217,-1.3137438771782102,-0.040528673086071214
0.9177590317851082,1.1516028095552475,-1.0709716384817412,-0.633101477860004,0.1377432812240661,-1.4852531414394896,-0.8277314521279919,-1.1803721814546182,-1.2786948496667145,0.36571517708928164,1.1962169670371092,-0.18191096034198959,0.6385710770156612
0.49119721190121757,-2.64537789194841,1.9715590340875067,0.41312224803797387,-2.2851391937289116,1.1685730842841957,-0.045594239227785105,2.43606642801751,2.1770106658585244,-1.1855511203136513,-0.9259697520308042,0.9499219564942307,1.3176708271173934
-0.12979322261304102,0.5847551108279124,-0.9568345828591388,0.023983467672203957,0.5211929303289506,-0.6450955824187574,0.08241635963581921,-0.8321630047335987,-0.3970252043517818,0.7282249853451737,0.7717796232235264,-0.9364662382328032,-1.26290822326919
0.29083056066286284,0.06530690147391895,0.3389462088256321,0.166946773585084,-0.17303831239086986,0.05272432437739462,-0.06803773499963145,0.1583412482038422,0.07561346379573197,-0.13850009892098575,-0.07709506440363895,0.19536667860341742,-0.5838084731674574
0.9467591844637433,0.09311891814755206,-0.21448341279165214,-1.8902283735922203,-0.6497088180266668,-0.8452190004932626,-1.5077130132889658,-0.16752713895515423,-1.4463216049320282,-1.12753552690976,1.620654310850692,1.3271995954396376,0.09529127693427518
-2.244873668877584,-0.1197213370110941,-0.06527259063816905,1.1859225659736232,1.6136296311644618,1.5613453041368663,1.832990638430259,0.023165298389015238,0.9508724100489621,0.8560936709368895,-1.615680435727876,-1.5652623031418145,0.7743910270360078
0.7898976672573763,2.0268305400951983,0.4014626053724952,1.8104575615850929,0.8675408266615049,-0.25734447193125565,0.5324070614918417,-0.788747561663235,-0.11478310171710601,0.9341029114168323,0.08206893952645455,-0.4334293863055942,1.45349077713774
-0.062042108513504717,-0.8553669580958558,0.4824446355647445,0.03861006868217489,-0.5716062260312631,0.41679098641923723,0.05374233773722802,0.7002951962638732,0.6345725647061967,-0.3326525892934724,-0.7668057481007108,0.6984035305306265,-1.1270882732488432
-0.13437740236318244,0.8212374586126396,-1.37526906109778,0.10991493279766856,0.695687244745462,-0.9646627959583083,0.13029484149241713,-1.1864430584660541,-0.5019198431742506,1.0980574822865514,0.93094362715362,-1.1879846641964078,-0.44798852314711085
-0.8641302144868428,-0.7500313469945066,0.705547342556357,0.8725381171940652,0.11205324987737185,1.1647938077458722,0.9254591249026556,0.7732950623077095,1.168861555817881,0.06920352388538352,-1.1912430919142933,-0.056151747360187285,0.23111122695462158
1.4318467153634584,-0.10186296810234145,0.7655173386839377,-1.6588128540225542,-1.1581115300230693,-0.4373325322779294,-1.6460574718283787,0.48249600395512376,-1.1391095594054634,-1.6990875276673292,0.5065062833400372,1.0756811694760329,0.9102109770563545
-1.3344503359012012,1.4047737286911433,0.19995692844636734,2.113935894192235,2.0266018452237406,1.112353717352424,1.834259358503686,-0.5908015932649014,0.5478093301361584,1.290672529262473,-0.3423684042871281,-0.8107070252510009,1.5893107271580866
0.3833511483852018,0.25669415856633543,-0.5327084050282879,-0.8460090580449284,-0.10470117657736037,-0.6862579062403953,-0.6531044505490375,-0.42881249271141547,-0.7997574754145329,-0.17973288570474,1.3553809709672027,0.3211258915852195,-1.6432040833261599
-0.14396869252409486,-1.4677661498616386,0.5515037783012456,-0.15479491598958475,-0.9524398666181861,0.5288953476718985,-0.004452273685791661,1.0459083143229337,0.9274776139784418,-0.5157284963144529,-1.4034617638210847,1.4529588084214395,-0.9641043332244275
-0.6437143127007778,0.7606178491850835,-1.102371427683358,0.5481545543446251,1.0376066267305235,-0.38841982128253305,0.635585816710618,-1.0022663595594414,-0.13892860615767996,1.1934295825649328,0.2942876114332459,-1.4395030901600123,-0.2850045831226949
-0.4826617865124885,0.27685548853633,0.5887431188793821,1.1227529498427027,0.565775927268043,0.8007936878109797,0.8527271987032861,0.1931960895205448,0.623606544487407,0.3264857495206163,-0.5545870761939194,-0.3076701733237919,0.39409516697903774
1.572096299485966,0.6089096335000629,0.035679283483885604,-2.315268167102547,-0.7503073150401628,-1.1011580784186914,-2.0683574404136538,-0.2848298191791015,-2.1223492281662053,-1.6030812697523567,1.1431622990604113,0.8241627435124286,1.07319491708077
-1.0865370582972231,-0.08155255362315568,-0.18774253470471053,0.5206115152704963,0.7639378027868629,0.6352204873587809,0.8589682388427325,-0.06497962664952185,0.43798155245924386,0.4941822082281889,-0.9790244200075021,-1.0622254512146057,-1.5073841333058136
0.4721422325949384,0.4655910126148716,-0.3159064590279135,-0.39669994435451034,-0.02087659052863052,-0.5827240602333636,-0.46335143118272065,-0.4112272573334936,-0.6197458360426171,-0.035087517498385415,0.7187249552468286,0.06960746562161495,-0.828284383204081
0.6213865344314191,-0.8611381682770043,0.6598144746298404,-0.6248914194918056,-1.0933917129949724,0.06297905991209236,-0.664144468955314,0.803159783093505,0.15415261153702783,-0.9164154833827299,-0.13014973238033678,1.2014403824578352,-0.1491846331023485
0.5304654692497563,1.081453247089066,-1.7294017564737154,-0.4730125470598539,0.3803380840858876,-1.7152312776969711,-0.5350215466739696,-1.5163651073473625,-1.1120627732190225,0.964602728607061,1.567599642873994,-0.6849478122691987,0.5299151169993843
-0.660765395341663,-2.0137453608217397,1.5681360082539915,0.9784432404260351,-0.9558792752166656,1.6843497213397807,0.8721579134309764,1.8923573451761537,2.1420565545484136,-0.5004565753972348,-1.5095710997744805,0.4468851045670219,1.2090148671011165
0.4056197764433942,-0.6665583997874887,0.2658928991764768,-0.8831080557970907,-0.78925663795729,-0.08605563396410425,-0.6846769511045206,0.4836811158461073,-0.1723454503607599,-0.7991615823914523,0.18817827547985022,1.5787180214032424,-1.3715641832854673
-1.320453297617834,0.27311887133740886,-0.5407193881273028,0.6583186930242524,1.1975960020879586,0.5308086255448762,1.057436008118168,-0.4415533325008613,0.2871098714459278,0.8505692529585501,-0.6606964121473151,-1.6491017784630162,-0.6924644331837341
0.43662367183577416,0.9700102167413259,-1.1442133303100546,-0.18681872226681542,0.37081670217272134,-1.1963339502112447,-0.3333429891392715,-1.1307136909719986,-0.8240712870112391,0.7240949998953505,1.0370529631070158,-0.5172688616267956,-0.01336468308200189
-0.10383062873356944,-1.7047385670728776,1.2084031889535958,0.5897994917538402,-1.1542162197579187,1.0069329652452919,0.3675032057670954,1.5348443771956457,1.6391977430020803,-0.4974511636302265,-1.0851337559608978,0.6145640552094247,0.6657350670197305
-0.2131003591164017,1.543490207516503,-2.214920072087129,0.9385198376699488,1.277638156055014,-1.5560070429304609,0.6105171958388513,-2.0214141023336296,-0.4088567173646284,2.2869876620852096,0.6126156192934329,-1.2718241395176093,1.3448348171214628
-0.15867897766306924,0.035589295080598944,0.0685375037965845,0.2716484659919864,0.14591742328954307,0.16680631108859573,0.22882979118843563,0.0208080836209724,0.1731372881237244,0.13398104230322644,-0.23625906833373245,-0.13999122268138883,-1.2357442332651203
0.7207032673322917,0.14736158857218415,-0.2899738257874191,-1.4897753650140722,-0.43927179335469974,-0.7411693724686812,-1.1746060342656972,-0.23724184830519046,-1.1923504487658179,-0.7986894839453171,1.4614903069205984,0.9918416941548317,-0.5566444831633879
-1.7051706040324432,-0.17075998350388016,0.17214349962890502,0.9431926221379688,1.1679612164441477,1.3570521475532353,1.4147112497947585,0.18254472935460456,0.8098046042819782,0.5141717682713076,-1.2973524278676891,-0.8945465005722026,0.1224552669383443
1.3470230533742682,1.0103133011868501,0.531714842308869,-0.039761927219758186,-0.28955014862579354,-0.5568321886447507,-0.7448016063515701,-0.20626169414803494,-0.745256702252369,-0.42267592917514624,0.40039694738664156,0.23728641626401836,0.8015550170400771
1.2223103006982017,-2.228532580036578,2.3103931225072873,-0.5687442699952301,-2.537406392014065,0.9051097218672262,-0.9573608467540126,2.4182949231911057,1.16451272587658,-2.106229232517662,-0.4484777402405238,1.3691193331002387,1.4806547671418093
-0.24258349902940157,0.6261589606520854,-1.3646191981852438,-0.05622229668824243,0.636560442283109,-0.8787588551719504,0.10063200271654535,-1.0827454473570284,-0.4849457685214641,0.9770060609063334,1.2492716350138071,-1.523342565481214,-1.0999242832447742
-0.837934390626638,-0.1793267152508907,0.31418087790202914,0.7624051399418392,0.5049427639130823,0.8440133832708506,0.8531775538579622,0.2668941908767025,0.6838605135538598,0.28539100403260026,-0.8729150840541064,-0.3915096486449934,-0.4208245331430415
1.0714141768802286,0.33580292246186705,0.12980335163401352,-1.3488526863466308,-0.5686120309943694,-0.6690680993676067,-1.2885727801312612,-0.095005699848152,-1.2230318890539265,-1.0150491701072013,0.8248342912002242,0.7403232681912275,0.2582752169586907
-0.8961821178293075,1.1867693436127111,-0.8180016099696196,1.2348126849291372,1.537009202367639,0.012255567265512293,1.134145646580199,-1.0553971233939201,0.060389324585593,1.4494218846654885,-0.02404039642694111,-1.1460649265358072,0.9373749670604238
1.667324394575217,1.5469060538213069,-1.5221973218979086,-1.5719701587314527,-0.14407828046679133,-2.371563846989073,-1.726688286190484,-1.6326720814541387,-2.244522927966526,0.06212747791437554,1.6737089788273898,-0.014232009699586502,1.616474717162156
-0.3693986366727076,-1.2580880683074502,0.40134846420560844,-0.02292530937324551,-0.6300671418329704,0.5748851220774635,0.1863704181411593,0.8562671234206867,0.8751303716590598,-0.3142175604265541,-1.6819987706987485,1.1176009071366337,-1.6160400933220906
-0.3912573409865418,0.4698035494774485,-0.42406605608136266,0.4445413041283114,0.6360871636789633,-0.04630017301401923,0.4451745205333305,-0.47430096250735987,-0.008429340853873464,0.6182106406025373,0.015750604555582266,-0.7687872875904002,-0.9369403432203582
-0.15968061118580304,-0.8056228653877708,0.7023963950165709,0.46558211373095637,-0.4616826841463831,0.6566024500236873,0.331863087256316,0.7993591263755617,0.9110979047081019,-0.20556069199633725,-0.8331240830715831,0.36304562924582046,-0.25784059311862556
1.0977162379145398,-0.27294430397948166,0.3471017600111081,-1.897186552595554,-1.028774269127218,-0.5202871479000685,-1.5925032302672986,0.33233347605800057,-1.1918968251061721,-1.5500982065234448,0.8646252921827478,1.4948785460820408,0.42125915698310706
-2.5409876255903465,0.12300217018342802,-0.02236288039798945,1.458118385771735,2.013434881494032,1.8070491014064785,2.135956758243333,-0.07420400016598103,0.9775698809041858,1.0095147421429225,-1.2575614268851658,-1.3975833524994117,1.1003589070848392
0.07188696777159019,0.3413356476250537,-0.3794798119705869,-0.06563274589473961,0.19240614602860898,-0.3444128343074919,-0.07331385913709958,-0.3848335550001641,-0.28990350296952105,0.2376452412620454,0.44018794836916497,-0.26575043566319106,-1.4802201433017443
0.26056777090247923,-0.7670542196863058,0.5380574408840595,-0.18338415205448214,-0.7520757413762078,0.2280830723141012,-0.2369288190501531,0.687414514591015,0.4098590953431903,-0.5251915633418129,-0.4086867392580004,0.8660824811730296,-0.8011203932000117
0.11894811316315682,0.9075935046377245,-1.5788119337969972,-0.1279167672161419,0.566276910343367,-1.3035889920971628,-0.13151839861748707,-1.3444167406133676,-0.7368112566300357,1.0875485537144285,1.2890626359963304,-1.0203057135540046,-0.1220206430982794
-0.9314137502114342,-1.21352772353902,0.9118368714844469,0.8742049653055586,-0.17218520084033795,1.3722703059724908,0.9624930914201039,1.1216878291866768,1.498655959211767,-0.08314281763407995,-1.4697800987919571,0.1115272032822155,0.5570791070034536
1.569178282261406,-0.6533161830489237,1.3832054606383457,-1.4786436602167936,-1.6609301171276862,-0.05932996846368723,-1.624628456476637,1.1068218495382085,-0.6166132254758793,-2.035970687231077,0.2279692764623736,1.2433601201184359,1.2361788571051855
-0.7221243697662495,0.0035956422476289946,-0.07449280527218635,0.4930376935115198,0.5495193087586425,0.46097209190844235,0.6485877946116667,-0.04378850349200741,0.35748380823996717,0.39114750273239596,-0.6209054111647918,-0.6430280746085979,-1.3444001932813976
0.6667534978488054,0.34768618806967494,-0.30243154357666024,-0.9950992799824634,-0.2535382433034067,-0.7120483022935792,-0.8841782785434986,-0.3445856900091975,-0.9731333559778765,-0.45258103942280864,1.076843964089539,0.4888048422276226,-0.6653004431796647
0.1832648480066395,-1.7719418852124056,0.9088223564662976,-0.30622913624648246,-1.4202561319624516,0.5696599986080896,-0.2603164493902305,1.3996411151057495,1.0325284452709547,-0.884692980079171,-1.0453427549783743,1.6206377590638428,0.013799306922067002
-0.5159269951357051,1.0736555745369665,-1.8111822006384233,0.6099860940406764,1.1672103852900657,-1.0270737048253378,0.5996010226302149,-1.5585555395888127,-0.31569269784501797,1.762894409803893,0.6524066202759563,-1.6071820408024153,0.6928990570237998
0.025425568888502705,1.5710765998350387,0.6832015857231296,1.943380687259496,1.1169348593478496,0.5088948698502904,1.0134265805982174,-0.4017051597563785,0.30537038326772303,0.8149978056709338,-0.19646806735120909,-0.47534912396619483,1.371998807125532
0.5250030244776562,0.21186341939178668,-0.45091913319648547,-1.143951204632707,-0.24440604570891689,-0.7248494737969654,-0.8866815470564511,-0.3602609078383263,-0.9855439460844833,-0.4434626178346646,1.5012813079031218,0.6564837928700256,-1.2085802432610513
-1.5955023628645437,-0.2412133336732797,-0.049681880621958364,0.7228324982281231,1.033949861632589,1.1071582633710624,1.239322276911865,0.09279587858377689,0.6988352749293518,0.5291621174263115,-1.5758894347453527,-1.2299044018570087,-0.5294804931593186
0.5214410353551746,0.7404477871240684,0.2548866904459435,0.5108235281248863,0.1405602140268531,-0.1777018379326614,-0.01020924546372634,-0.22714770386936114,-0.1518902251645574,0.1581969704612981,0.12185994050897794,-0.09807148502078802,0.14961925694241363
0.5179792065101992,-1.9248853968289843,1.3935809639262389,0.0701005158891156,-1.784368101187803,0.7033848072080152,-0.24127387594982355,1.7494686752958837,1.4157602664019926,-0.9891037910566562,-0.7270147471181875,1.0337614318154322,0.8287190070441465
0.696171267786236,1.8396545570925753,-2.6446863624298858,0.42436125086345133,0.8031625063674362,-2.540421202604981,-0.1497917433100937,-2.411969920796967,-0.9942665707219533,2.256631816108401,0.9707346281361434,-0.8526267629116017,1.5078187571458788
-0.4750999030306036,-0.827612201945147,0.43561582586891723,0.33963095076648964,-0.23869452239119476,0.6772136631753423,0.4347793520727542,0.6600006597124518,0.8347125671983243,-0.09283736622539591,-1.15145209093177,0.27920615392461895,-1.0727602932407048
0.7354512297854061,-0.42260820472078364,0.3056612029785834,-1.2719575857868612,-0.8626396787403594,-0.29217368733622634,-1.0674124601962909,0.3839268436476056,-0.6292352572578328,-1.093528883722763,0.5462972843225606,1.4110390707608393,-0.3936605431389722
-1.3141676733782086,0.6804713504604936,-0.7183642374163043,0.9273436181727839,1.4874298759399285,0.38922747475420877,1.1962398791078552,-0.7456838234251579,0.1947847239433933,1.165925832120083,-0.30257740330460475,-1.4814228278206132,0.28543920696276043
0.9602562447478761,1.3067568230140372,-1.5526951891048835,-0.657418978377111,0.21776324492205743,-1.8874554757560704,-0.8634181495743669,-1.5295960478852983,-1.406442541889898,0.7075635108153719,1.3951719719497262,-0.3495899109843926,0.9645389570644931
-0.10348119392505414,-3.070428078195638,2.4640793708560063,0.8950354036756223,-2.142137924857859,1.9755449816273405,0.5286344545211766,2.9265392230993914,2.830242273042542,-1.223841756060214,-1.3636707628385614,0.7822430058518283,1.6436387071662253
-0.41852810972866605,0.43462857163810537,-0.7639309418567727,0.21107556584028866,0.631303066300296,-0.2889562894163593,0.3364397048949289,-0.648250014267838,-0.15397802376282435,0.7120994853322805,0.3340786124157693,-1.104145188875206,-1.5888761033180214
-0.20215914738226862,-0.2126954385096715,0.32852027417399016,0.38742257530554525,-0.00070955547756418,0.3986221492234059,0.3133800201544754,0.291687554152748,0.4336909869842615,0.01938548159040221,-0.5147960752113961,0.027687727961014375,-0.9097763532162889
0.8440555639518244,0.03517489407772903,-0.06638579031515546,-1.6199490969306762,-0.6138283712393188,-0.6572127196362555,-1.3096837236764254,-0.05503380078936891,-1.207877440229209,-1.0536802827628988,1.1829533000429346,1.1595206447972344,-0.23067660311455626
-1.5501854693407489,0.09828933833143359,0.3023628530835894,1.1646082873183072,1.2451539233373998,1.3462559579850786,1.4484535949371948,0.12120354481176482,0.7807580560396906,0.5680559137557453,-0.9392334190249787,-0.7268675499297994,0.4484231469871764
1.6688445102054847,1.0774170024631113,0.23479032743853653,-1.1502882493938607,-0.4847607589208182,-1.0169871200889273,-1.504643664463011,-0.40722834407424197,-1.6037710577429265,-0.9579519852789816,0.758515956229352,0.40496536690642104,1.1275228970889086
0.3108300582516388,-0.8011050152801814,0.3181504894568975,-0.7194751186240739,-0.8147684386729085,0.022319971831764353,-0.5472632168685128,0.5805166765571392,0.04252629399173518,-0.7266191452010777,-0.0903587313978134,1.536798283742641,-1.453056153297675
-0.06603612986386298,0.684154249490355,-1.4881758423350129,-0.22626983698431888,0.5447896585302946,-1.100845821993235,-0.08410219778758167,-1.1814319544237568,-0.650233672283742,0.953142894232249,1.6073906438565175,-1.3556636148388108,-0.7739564031959425
-1.18682616781115,-0.8345311844912107,0.486270621107526,0.7389228101599942,0.29534541858174246,1.2272826370260028,1.0282347651314132,0.6920172069054432,1.1311939201436745,0.14136479488540973,-1.6289441027220506,-0.22383069800259034,-0.09485665309421007
1.0880881109490586,-0.40590134745193945,0.9161651065336178,-0.6116405246304863,-1.1176357651679134,-0.07429298429759766,-0.9079110327933042,0.7196701671126076,-0.15889306990804622,-1.0981198311055524,0.0688052725322801,0.9080022188336302,0.584243097007523
-2.3436791484718285,0.5956861610242824,0.19997905865638757,1.7168288948888557,2.205840106497951,1.8369473868821353,2.1666683238706477,-0.18560008992776814,0.8313986363278472,1.0202539960906887,-0.7800694150948853,-0.9783859758934041,1.2633428471092552
0.392680205822924,0.3346981389359475,-0.41780442039517723,-0.5778904692341275,-0.055354841590101185,-0.6042973373604043,-0.5164148920306163,-0.40311114457881814,-0.6592660173525254,-0.08265254019451716,0.9176799601594455,0.15344694094281647,-1.3172362032773284
-0.062179373093280574,-1.5007844765438565,0.6389730485763061,-0.10351328857421632,-1.0382636764979012,0.5376647588197029,-0.021296952629160513,1.1117457995138509,0.9883322141550952,-0.5458872570732592,-1.204506758908468,1.2852798577790367,-0.6381364531755956
0.2150600197429842,1.0100558711503216,-0.7347205626392653,0.391569590921137,0.5675842153209525,-0.7213030325631317,0.091390064753253,-0.9199581574814191,-0.43010134829138796,0.8132704847188055,0.4932426163458628,-0.6011083369479971,0.040963296926136324
0.7750684228336747,-0.5130917919015594,1.213510431082198,0.4722905607435438,-0.9580818455121402,0.379867401698944,-0.1668541141645656,0.9409493467938003,0.7086184373529552,-0.5812663558882226,-0.3556320712813026,0.5307245798882235,0.7200630470278692
1.791034452627033,0.05036929950999918,0.9729772483598441,-2.917645671413878,-1.3200580474363357,-0.5351383590195928,-2.504358183168961,0.5231930905565102,-2.1662708240561983,-2.710616677684679,1.3421173039730283,1.6625574967244439,1.3991627971296015
-1.4345864140141877,-0.10386793477001138,-0.3033685924182761,0.5719073256344939,1.0114033669622362,0.7958872725441768,1.073093492342237,-0.11897668190778651,0.4912590844256026,0.6151379379439305,-1.4167254308152593,-1.67704827023675,-1.1814162532569819
0.008004395243655477,0.6923735172588547,-0.44187070950922147,0.36951234175889436,0.4946573303304704,-0.34668827212054915,0.19098853663546494,-0.5957990253293697,-0.2210001011607881,0.5803679989284739,0.28102394443907147,-0.5452153534005295,-0.5023165031552494
0.3216362971663317,-0.8508986028554459,0.9180003034242228,0.3293829405380424,-0.8589631866072951,0.47739769208646776,0.001258105231940645,0.943558086672414,0.8437370859929064,-0.4587141289503897,-0.5678507431880939,0.5866175634356909,0.17678324694648295
0.040731022334420865,1.2328715412733124,-2.22303436775376,0.2359770644097101,0.8607553707606969,-1.7445063581053262,0.10282955549023182,-1.870430668183449,-0.7016765280907659,1.8146423254072352,1.129898632066237,-1.299770631291343,0.8558829970482158
-1.1643642106514132,-0.41399428045468806,1.5567780572022794,1.8695199780348164,0.5824626252116198,2.037145231472961,1.6136928041968024,1.0848041057392932,1.6586713861577689,0.11475472774898753,-0.9922880870016765,-0.16793771445512273,1.534982747149948
0.5832511729191049,-0.104474341242422,0.0545656569410852,-0.9893287936959492,-0.5172949830619014,-0.37664349480011805,-0.8362607775043123,0.08307638107732467,-0.6483784326501694,-0.7142610147460916,0.7054612882526541,0.9638952023810976,-1.0455963032366355
-0.6505667512180654,0.5922910469699109,-0.4156013328288735,0.7084704842048827,0.921063732742466,0.14640248231676795,0.7239957226816235,-0.5308712597749788,0.0974680593380349,0.7916301029036918,-0.14341339937451125,-0.9224929923459363,-0.36649655313490287
0.8995853077669415,0.7680918377579623,-0.8160377154390971,-1.2602798643529656,-0.12584483225040352,-1.2755017081160358,-1.1494338175443557,-0.844617528229706,-1.4648069528117633,-0.2510226349489747,1.5543359758798196,0.20933992449028427,0.31260319696682975
-0.012059350709811173,-2.5224270771803643,1.66115375309786,0.15672230807403834,-1.8150680752365933,1.2903819666507106,0.08930845179432399,2.1995332594778603,1.9026176983689729,-1.129197084322374,-1.5228347667686548,1.3411728413265045,0.9917029470685624
-1.1617935070501102,1.4882303742334908,-1.7680259037859334,1.5611209691968821,1.9561911336973217,-0.5300745314142107,1.4493207806757216,-1.7418485471177672,0.08496192920105779,2.378441987596721,0.17491460848567578,-1.5512890572549478,1.6708026971702945
-0.598858086070395,-0.1536978396138795,0.0005422377118147949,0.3705281409207061,0.34240696344909577,0.430369002056021,0.5176068866635414,0.07727712543461719,0.37953011213211846,0.2519002961584936,-0.6739600791414896,-0.4194561404187273,-1.6920992653334848
0.5938005579649084,0.14414751844583548,-0.19756516091994694,-1.0351406319669796,-0.3454832430707858,-0.5787581898088847,-0.8661410413878218,-0.18354617410561802,-0.8580823076097576,-0.5578679714505649,1.0237892961128412,0.7123767764174934,-1.0129995152317524
-1.5492544073705135,0.020070072546205252,-0.10723644498204417,0.8210918730782415,1.187881137216105,1.0295461789260525,1.2664028302901182,-0.07049478538540588,0.5853611743925076,0.638891010137127,-1.0983974229550721,-1.174011418309541,-0.33389976513001984
0.8869921227555483,1.0150203000453462,-0.18939497757636106,-0.06108074330028597,0.06226985931771669,-0.7829512930713308,-0.5088832822568208,-0.6150719664986989,-0.7641612611541941,0.09931993301592977,0.5993519522992584,-0.042178501473320446,0.3451999849717128
1.1057193101813092,-1.2725828701249313,1.4446345402167724,-0.4324117074454937,-1.7577671785181246,0.3208086068526786,-0.8226611873528187,1.45157351258528,0.5863850676528578,-1.3692637786954927,-0.24952273532790692,1.0896544153628998,1.0242997350734455
0.05384707661037068,0.5201902188814702,-1.0877808237522326,-0.36604178057601117,0.3354154774783066,-0.8779766374678416,-0.22238857579499896,-0.873636820656409,-0.6360641313094382,0.5600703279509517,1.4482266399264239,-0.796733779364134,-1.5562793153131382
-0.5326002814679812,-0.9787971765051268,0.49016604194348257,0.36620477583245636,-0.3044810821770244,0.7605863184123328,0.47972008448024817,0.7664609058585133,0.961294212549854,-0.11532832505365195,-1.3106160948618635,0.33509913747208636,-0.8771795652114057
0.7648625348805496,-0.5665962332355963,0.4270648251944367,-1.226849048283716,-0.9890461965948144,-0.219616150300324,-1.059375714294193,0.5244647503742109,-0.4942209251608257,-1.1531385633674767,0.38713328039246714,1.4669320543083066,-0.19807981510967324
-1.5428552529371353,0.646524630811553,-0.5613553680258687,1.062007037769086,1.6360821092023825,0.6745598334495553,1.390289522010492,-0.6401854575127617,0.3171856752282532,1.1408061195801509,-0.46174140723469825,-1.4255298442731454,0.4810199349920594
1.1448079012037167,1.4785900232006803,-1.4768627493388569,-0.572467519846837,0.20225699091097624,-1.9614431849711138,-0.9176847432946602,-1.572906785789062,-1.466222387686304,0.708989459348412,1.2360079680196325,-0.293696927436925,1.160119685093792
-0.10491269721582319,-0.9466757459087495,0.4331399881637077,-0.03884875636933054,-0.6051709859940507,0.40952715384102684,0.035840260890474866,0.7182318805488014,0.6427392239475076,-0.3487135057791237,-0.8861787510482808,0.8381359893992955,-1.4204593652927917
-0.12493783183569537,0.7375547897550068,-1.1591836795800152,0.10477842231631666,0.6280192320207441,-0.804711361844899,0.12250806151671996,-1.0227386210539726,-0.44634721634640856,0.933790323420561,0.8115706242060498,-1.0482522053277388,-0.7413596151910593
0.4445429894962643,0.35518296797489896,0.44688913956529785,0.40381535266897617,-0.0798199345575715,0.025653686085700626,-0.025444577459991825,0.07401399277465903,0.043086868315816845,-0.05751973293710021,-0.037304063421115564,0.0835807115084818,-0.06225986508932663
1.1878791814881577,0.28033651573422635,-0.20270137055808982,-2.16291472024473,-0.696932632594404,-1.0092404201880263,-1.7813888306270482,-0.2546443040025729,-1.7781668220453521,-1.3219817904438274,1.6604453118332152,1.2154136283447021,0.616839885012406
-2.2891140959460117,-0.6082284134050603,0.791598958835234,1.5233625192139433,1.293851343083738,2.2542583425471356,2.0351010982105766,0.750783438102311,1.5435900234984048,0.4483461711040104,-1.6554714367103995,-0.6709745663823318,1.2959396351141381
0.26858595580085526,-0.15252257260361365,0.19775980839053617,-0.21430487435717333,-0.3137235481694716,-0.04024267677564541,-0.257578965510312,0.18785009317808632,-0.0483678892169122,-0.2930617737351834,0.042277938543931186,0.4608583504538889,-1.2846394152724452
0.1838072427502251,-1.415733325826045,0.620853450655574,-0.4100784488915422,-1.1630594026502707,0.347077642114907,-0.3154928748075616,1.0589392979923722,0.7041743572164731,-0.7411555198003811,-0.8065967490832342,1.5926912672901092,-0.6055396651707129
-0.3858192734515966,0.8895296306628034,-1.6672768369960094,0.28670957306517286,0.9355114578240066,-1.0094491949665345,0.35883750332780456,-1.385233575280508,-0.4212314222922762,1.4356987860577435,0.8911526261710967,-1.635128532576149,0.07356008493101955
-1.6608020118682738,-0.33692664875682016,0.6278731975092725,1.2532202947113713,1.014186988715641,1.6768326029689007,1.5547224434988853,0.5226322882897996,1.1539945038505288,0.3862117320734501,-1.2310340928968169,-0.5032956157399288,0.7526598350327522
2.058117608009156,0.7909041238393129,1.0841266986647968,-1.1595745748339659,-0.9867905819676694,-0.6411294892570437,-1.7187171403252248,0.21498440908613708,-1.407440402878938,-1.5961895657882554,0.46671528235751386,0.6285373010962915,1.4317595851344844
-0.9288710585404784,0.2922051620884223,-0.48871307496082644,0.5354685289977458,0.914824463640965,0.2897992323693145,0.7821026071810436,-0.4217983790283327,0.18387006541558565,0.7282237052676118,-0.38215940526965153,-1.2578508936307424,-1.1488194652520987
0.5298583568459145,0.6819322578766532,-0.8614223211914194,-0.6830689569524672,0.09186712560505114,-1.0450741151163068,-0.6457114020919685,-0.8270500258049273,-0.9822286434467927,0.17578416009045333,1.3155899699846794,-0.12601797679452195,-0.4697197151503665
-0.22081924508696346,-1.8653611793941856,0.9769542267646171,0.21957428228925893,-1.1817731068912072,0.9123421177449179,0.23469770128964235,1.484827742444712,1.4827137520537046,-0.5773484114119525,-1.4432527648036082,1.0058149400416985,0.20938003495136617
-0.13648428059494933,1.4083867711625337,-0.9280336793379744,1.0494664274565892,1.121905196133732,-0.6180693415396196,0.6279855110929822,-1.228402071548287,-0.23206358949171108,1.4050789517885793,0.2544966104507225,-0.8805732546853355,0.8884797850530992
0.6732266016448081,-0.45211681369109225,2.1534257801795977,1.6435002247423047,-0.8368527177156011,1.178210886374306,0.5068592181071351,1.4401958248119127,1.5206495647503084,-0.4830604159987688,-0.5943780771764429,0.25125966215088524,1.5675795351548314
0.4649630279587479,-0.21440029632816546,-0.11171297376119853,-1.1816070142273227,-0.5072041736281911,-0.4200167914244253,-0.8743219648384303,0.04440419658315783,-0.7108588824157026,-0.721476158928513,1.103371298077888,1.3830925789871056,-1.6649352753294153
-1.3706259445990743,0.05082048440389829,-0.34204986363508394,0.6243163302548099,1.0748308816669023,0.7201208549963446,1.0664244997326533,-0.21824692526497497,0.41986974506327274,0.679604030678409,-1.0188154209900255,-1.509369319594347,-0.9858355252276829
0.37675615313710814,0.8291125108398075,-0.6490007640702272,0.010449412586590719,0.31426263567232976,-0.7712526482151817,-0.19691737110334895,-0.781026273976902,-0.5801356325220087,0.48997798679534216,0.6789339542643053,-0.3775364027581265,-0.3067357751259505
0.8132000478824893,-0.538521857821971,0.928226586809961,-0.12037984046955116,-1.0053526310109846,0.13236958615229344,-0.5005729918366835,0.7928846313855671,0.29385809825428777,-0.7725795493020089,-0.16994073336286017,0.7542965140780944,0.3723639749757821
0.37771439201801016,1.2804734698149538,-2.3655956522528228,-0.13775405575264513,0.6399579613585658,-2.0964421991043314,-0.27575867639934587,-1.974624157958096,-1.0083331120514778,1.666224530222125,1.5278086418914707,-1.13209168064894,1.0514637250775147
-0.7817500147408892,-0.7802257752447207,0.2689312805096033,0.35495070950126434,0.027824145492193073,0.7687617856474727,0.6076462585712744,0.5423180344963463,0.8123068614633445,0.041609185438176016,-1.5493621007570038,-0.0002587638127196561,-1.529115325309069
0.527529660046122,-0.5056891051288879,0.3729722806810912,-0.7303980022090099,-0.7652485968183476,-0.0909599137037374,-0.6694738224887448,0.46347339010760286,-0.17487325668631876,-0.7748447922252761,0.14838727449732686,1.1315741530235006,-0.8500155752073365
-1.0847679656715756,0.20656410389400903,0.06853313549511435,0.901485876388432,0.9709618770961913,0.8316892343963911,1.0593120456343434,-0.0648181350669808,0.5118601109294091,0.5628594787180515,-0.7004874131298385,-0.7548140417035332,-0.17091582510560413
1.143931891465904,0.7860586162975439,-0.23216979729285825,-1.1722392951156648,-0.29791338528001216,-1.0004258725291784,-1.2341970194647136,-0.5245185237512424,-1.413253581129952,-0.6254763891169748,0.9972619621244924,0.37701887513268734,0.5081839249961287
0.4218217761312852,-2.6807337489936756,1.9586566680600663,-0.12533785954528318,-2.258165078261965,1.2084259386965204,-0.29289657788889484,2.446500143657566,1.808873008739274,-1.5426052784933166,-1.124924756943421,1.5088517919689077,1.1872836750978613
-0.43659864725355435,0.52712256163648,-1.0205131711091835,0.17857172475442518,0.7118802433999886,-0.47395793853234763,0.32897095524430325,-0.8391931576744057,-0.24328334168138174,0.880866235032516,0.5728246183109096,-1.3836101066125446,-1.3932953752887225
-0.19992062817920322,0.1832251163176038,0.13759689176072254,0.4952185924830867,0.2839220073995557,0.2497010825860499,0.3691480520502573,-0.014202293105187868,0.23173524462922776,0.23483581427915085,-0.2760500693162558,-0.25177718977632424,-0.71419562518699
0.8973788340480956,0.2920283816877831,-0.2917312041867617,-1.647787251917546,-0.4684594482489345,-0.8693696996609122,-1.3530482034000284,-0.31068116140185903,-1.4102918072262753,-0.9049770116708471,1.421699305938075,0.8800557270598964,-0.03509587508525731
-2.0982387563155402,-0.09744274387901028,0.21141522944256444,1.2025586744714902,1.518683731901532,1.6695572664460667,1.7629925317874653,0.16796312077792294,0.9472271416208369,0.6615633575783525,-1.3371434288502124,-1.006332467667138,0.6440038750164749
1.843198742808168,1.6431108740281173,0.8336735911677307,0.5028631104717679,-0.2077064705473009,-0.6800745835812165,-0.7246278984688721,-0.35296630896068,-0.7976100768216711,-0.2778464107614412,0.3606059464041182,0.12550044916908237,1.3231036251182076
0.18793163876025668,-0.9552160337879323,0.4400876059149978,-0.39918561216086,-0.8331402496214353,0.2046400285635823,-0.3119520803762612,0.7264248549827493,0.385663363163324,-0.5992467730392708,-0.4882687412230472,1.2573333660053028,-1.257475425268376
0.2528439721624855,0.7650585775769723,-1.1570856463860895,-0.2879765312595785,0.36178727318941567,-1.0743212813117429,-0.2880563392880381,-1.0353298943192895,-0.7526478738604062,0.6647907374045433,1.2094806340312836,-0.629054828721731,-0.5783756751666436
-0.08276721701182538,-1.1294112484636616,0.869082553681031,0.48517678453675744,-0.75409645029167,0.7299952235747742,0.30089161128769815,1.0554640691626678,1.1549434173090563,-0.3162341615503969,-0.9127060850366298,0.5027780881144895,0.10072407493508888
1.268423119575182,-0.42008800127228585,0.647727972839734,-2.0576435866753098,-1.2644766858668388,-0.41088713148714745,-1.7690305593778854,0.5754704150691208,-1.2047563390622686,-1.8830269422315473,0.7850432902177009,1.6346110049507099,0.7798238250368219
-1.5046871766794547,1.1494154745984038,-1.2837629047760657,1.5024021020512273,1.9708616835973831,0.08975707191304333,1.6025323464708383,-1.299216410170906,0.2822726961575561,1.9781623267687463,-0.06383139740946449,-1.5932087949155485,1.458923575138554
0.2580109084642823,0.5632339152016028,-1.0672301078025637,-0.5906349054314546,0.21191578791286927,-1.008699559267553,-0.4507894199264241,-0.8836096001684274,-0.8305837318809554,0.39184820616039173,1.6339179778448663,-0.46137587807932795,-1.1216554752480294
-0.501671597147645,-1.4112099522958301,0.6380709130695953,0.3047797273434579,-0.640623574401728,0.8525024599455594,0.43063786830918405,1.066378613859505,1.2229813044159894,-0.2671970974232636,-1.6024167687337016,0.6704570387568924,-0.44255572514629693
-0.706698922258665,0.918807943824357,-0.9080636060388201,0.8101578667430194,1.1997115613920446,-0.193274664939579,0.8078992502273556,-0.9719661025638086,-0.05974746767225958,1.227268651883616,0.09533260652062901,-1.2159311559701416,0.23654402495543592
-0.44563771512370726,-0.15764957773420024,1.0962031601239335,1.3547988057340365,0.22350381132145167,1.1657615863327793,0.9554709189257635,0.6968246182926172,1.1010792595513588,0.10693769340863783,-0.7535420811065363,-0.08409823913392118,0.9156437750571681
2.145742605579962,0.4905307441704037,0.8776833973409709,-3.1612417123379553,-1.2703834832208245,-0.8633288042162375,-2.823693189178418,0.24904903132299774,-2.656187737962446,-2.8055890084419923,0.9442072941477945,1.0477346777022993,1.5947435251589008
-1.04411258758677,-0.24777498831312922,-0.0619514963051718,0.48571127947439163,0.6115956720362105,0.7018204836934855,0.817727588518137,0.08916617896407136,0.5303329657399107,0.3768278758946591,-1.177979424920119,-0.8386535170247347,-1.637771285325346
0.4724192418817712,0.24935384347713493,-0.06488905629747345,-0.41281733493776046,-0.17746759074211677,-0.389241279451219,-0.4720184122842534,-0.16145044977482573,-0.4782226088718682,-0.23282163912785173,0.5197699503342117,0.2931793998114858,-0.9586715352236136
0.4792639288515496,-1.138691280734652,0.6548150502806156,-0.6052752103248384,-1.1864760598341786,0.16115860401847124,-0.5774113639588139,0.9393397655582956,0.36523720665864684,-0.8993385994170038,-0.3291047372929537,1.425012316647706,-0.2795717851218812
-0.05461833409351202,0.989983485272603,-1.9693289674549652,0.027668566741229486,0.7573156580738549,-1.4802945324161865,0.04397071968550816,-1.6057920753101915,-0.6816046658001327,1.4840396182342381,1.3686446379613773,-1.467449581933746,0.39952796497985144
-1.666786858854194,-0.6853870968302824,0.9454663427140665,1.3754213437659186,0.7667156164512509,1.926180037812185,1.622522229246021,0.8761515513675554,1.4902569368002063,0.23312980708216183,-1.3901980968269103,-0.33561666509752575,1.0786277150815842
0.3745729758033296,-0.22997915652302664,0.1267569723591217,-0.5870837829672174,-0.45001152740006256,-0.17112097402820542,-0.5115441725670589,0.18661946036214275,-0.265673906509516,-0.4940713377349483,0.30755127842742036,0.796216251738695,-1.5019513353049996
-1.0165295940456545,0.25758610391353326,-0.3127878692256818,0.6553045764411816,0.9561785900643881,0.4884752728477515,0.892537670487522,-0.3053011286097173,0.2959201956957723,0.6789336582113814,-0.541323409199745,-1.0901719429883394,-0.8228515852032673
0.7103140648455905,0.7370965155524786,-0.6670319985166466,-0.7550295080730731,-0.004911118216922602,-1.0246434633697457,-0.7807060835599667,-0.7451081857696717,-1.073883164789922,-0.01784416492140296,1.156425966054586,0.04166097384788126,-0.1437518351015348
0.25413144161601875,-1.9914874411455483,1.192389640520259,0.010003238436570479,-1.6327025227247898,0.7375779852736983,-0.13126403326805433,1.6694214711392634,1.4190900573106713,-0.8803375944744396,-0.9657607530133276,1.1734938906841013,0.5353479150001981
0.6180559948249493,1.70939364330674,-1.738029545461857,0.5825551805740532,0.7681212865505685,-1.7847740484190484,-0.024212128971769057,-1.8356991336631394,-0.7864047503094103,1.6897896149627694,0.731988622241003,-0.7128943040429325,1.2144476651019307
0.1568201242241706,-0.23566824574697712,0.22373883214928184,-0.11136731770540617,-0.2892052644234058,0.06004475322234471,-0.143121438277172,0.24413229588502855,0.08574339412915162,-0.2422971413786643,-0.11688606538616232,0.41893861279328787,-1.3661313852846533
0.6814113190622498,-0.10693129534756471,-0.1923101114794258,-1.5956194847286815,-0.593415878537054,-0.6376036767870219,-1.2094327971448362,-0.054844527574523565,-1.0893706365303746,-0.9434246414984077,1.5808633098681686,1.5507715296295081,-0.6870316351829207
-1.8283735837473973,-0.13052352176665197,-0.06568423765034102,0.8902824461005845,1.2903708030058623,1.2620011296887057,1.4529477653999445,0.028342980953645135,0.742643774740608,0.655089714063652,-1.4963074327803059,-1.341690368951944,-0.007931885081187766
0.7620666229791544,1.2316716988769802,0.2387063261397627,0.8097976358417233,0.3135660816453411,-0.36294371371024947,0.018506570297821143,-0.4822714603290486,-0.2818027638668388,0.37381575203518674,0.2014419424740247,-0.2098574521157235,0.6711678650205447
0.8619114135756755,-2.2021256149395567,1.9923379295657964,0.290577618950693,-2.2453519429077824,0.9184512579650874,-0.3095532754804548,2.2257988057873224,1.773298464059692,-1.2844551278383551,-0.6474327451531406,0.9219754647204972,1.3502676151222768
-0.05602720259294075,0.6100490688329621,-1.1010684817690972,-0.10937035295602239,0.48361680134988116,-0.809344893716163,-0.02769815225298535,-0.9261274865563554,-0.5123358129642404,0.7447317450002254,1.0503166301011901,-0.964412730006537,-1.2303114352643068
-0.5017598988493241,-0.7704428482861533,0.5447499648552968,0.5143560925241084,-0.1771584326895486,0.7805606647521799,0.5414476795865636,0.6928837675252951,0.9217748474356398,-0.055058601003221776,-1.0718700889667232,0.16742018682968332,-0.5512116851625742
0.9582457416168383,-0.2873450002970427,0.37558175078861905,-1.4979912617369475,-0.933557280256413,-0.39817942018444596,-1.3065853470486533,0.35559803458008016,-0.8901821280888659,-1.2994635388888902,0.6258792862876074,1.2992531036659036,0.1278880649391582
-0.3857053644776612,1.0653564253207088,0.21826571216530405,1.3787726287536495,1.0625818876211208,0.44532835483584843,0.9359381654869207,-0.4105025244486165,0.25158457475581597,0.776455901514829,-0.222995401339558,-0.5871350910611303,0.8069878150408908
1.8423578431925118,1.123143796371557,-0.4825374283146019,-2.3988944972471646,-0.5831061287046885,-1.6950416208547783,-2.2577723451523237,-0.8344494694962694,-2.547961740563997,-1.2744668423359198,1.4747539739147728,0.5446978257750903,1.4860875651426235
-0.0632404704008679,-1.4258778666243983,0.5170915026285045,-0.28370829710726453,-0.9832880942891161,0.4443844089852285,-0.11596094173759228,1.0055343130278223,0.8036456814044153,-0.5779064280759225,-1.2840887608735145,1.6765307426113107,-1.0944914852439602
-0.6664972815119233,0.7112202094741265,-1.2235483309586443,0.43698660110342946,1.0191378526864616,-0.4655612441062296,0.5890747127023592,-1.0458294174992722,-0.18508872397542006,1.2078887433861851,0.413660614380816,-1.6630750243498833,-0.4153917351422276
-0.6222565074627006,0.5110875966148921,0.26224915910278757,1.0740720071384964,0.8408964967216226,0.6490974654818887,0.9020065578201405,-0.10813484425216302,0.42200859121633366,0.5362520100520558,-0.43521407324634936,-0.5312421075136624,0.2637080149595048
1.4232637386641382,0.7822921776380716,-0.2854518841182126,-1.9515875935026423,-0.512196213136598,-1.2420841280963812,-1.7961788404454102,-0.5526647097066334,-1.9796899948370064,-1.116515650690225,1.2625353020079815,0.6005908093225578,0.9428077650612379
-3.0328921626597123,0.5552726312006836,-0.046486619617341365,1.9990102317434288,2.6986060525664373,2.141598784716333,2.6861332246821936,-0.30428129341267596,1.0661065452203422,1.3957725142428237,-0.859651417059932,-1.2857973854044764,1.62190751516297
0.2054576439716241,0.3627334786476182,-0.5343245583728731,-0.35672484413908695,0.10671781219583357,-0.5597861315787875,-0.2989284451541746,-0.4828276625550363,-0.5176379321649164,0.1546378461802683,0.8380979581943987,-0.15396446856825569,-1.6106072953212769
0.44097230693096773,-0.5189015461291805,0.4024265897894227,-0.5150758955991481,-0.7092473634148174,-0.006089446459990193,-0.5091654960140943,0.4866920471495229,-0.008271342216142431,-0.65013979349778,-0.01077672943276665,0.9778684482679645,-0.9315075452195444
0.21804441327687868,0.8078608435338357,-1.5324750353283647,-0.4119207973539648,0.419097887898528,-1.3389823270779704,-0.33486300452500195,-1.2683531147413833,-0.8734991221091735,0.8596866021780641,1.6869726458215641,-0.9085197464590694,-0.25240779511781186
-0.9180586986151783,-1.376251253071571,0.8705136167233273,0.7372080110042255,-0.2999804958353174,1.330797567613056,0.8829133966996119,1.1798875435404448,1.5139724875837637,-0.14568326346741284,-1.6886306041958357,0.22331317037715115,0.42669195498392076
1.3138716649254911,-1.0907683287574532,1.422331281900898,-1.1272232318100601,-1.783929576321774,0.1541565704767884,-1.301718400204617,1.347950030013568,-0.049879947054589195,-1.8257879545108953,0.00911877105849504,1.3551460872133714,1.1057917050856534
-1.1844512501912425,0.06833196778529158,-0.4254504605131445,0.5106688829060658,0.9464909987249986,0.5221058099529811,0.9063250978401549,-0.2740253173619821,0.3244664706105414,0.6642689025707994,-0.8397559165686703,-1.5373158113680807,-1.4747873453009304
0.2705587149475614,0.6647826211865999,-0.7609717442144356,-0.18585403014030258,0.2758517027636175,-0.7814034224945591,-0.24360253379534078,-0.7618426368950576,-0.6069879425919985,0.43961654563005526,0.8579934586856605,-0.4054828945318602,-0.795687595199198
-0.2628505739403236,-1.4826188893659933,0.7860790042216053,0.3137570508066013,-0.8731430949966588,0.7952417817252194,0.3070582809817362,1.1855646825033461,1.280159358868656,-0.371203579497007,-1.264193260382253,0.7263500223043603,-0.11658784509746527
-0.32604928297612024,1.1708986823865322,-1.3683639800837557,0.7183984872528044,1.093727279370845,-0.8217239555233044,0.5548718583761605,-1.357660480697163,-0.30546291377174345,1.5072547423948666,0.43355611487207774,-1.1600381724226743,0.5625119050042674
0.47934447122209006,0.6243381656311434,1.4579831188660617,1.6758491185830702,0.0884734386475682,0.7808144834221727,0.6281332341325554,0.5091241202454632,0.7811621255356206,0.0563827925626097,-0.41531857275508766,-0.028205255586453388,1.241611655106
0.5342406599643995,-0.02978453388845409,-0.21504548594718906,-1.2363413335317848,-0.4261605008729109,-0.5494846999466553,-0.940473882704271,-0.1062942097835593,-0.8817036925651692,-0.681866038572063,1.2824308024992432,1.1036276612497664,-1.3389673952805838
-1.3632144386569416,-0.3785809559282188,0.1253566335816368,0.693631856681174,0.758677489730906,1.0754443402842404,1.0990757941826272,0.26024956980177577,0.7748932596780517,0.3790482249250171,-1.4764119322890443,-0.7827605334772669,-0.6598676451788513
0.7954708322741512,0.34261872048191644,0.4405389129721648,-0.10520261474640953,-0.35469029513845446,-0.23119497537667555,-0.4830254122920522,0.07672683594091248,-0.3197083423620278,-0.39940070800403693,0.22133744296528637,0.34907238335895324,0.019232104922881126
0.6218938913490053,-1.874405941956442,1.2923169700454433,-0.45129760140336567,-1.8265641018129866,0.5506452412093668,-0.5726717108043605,1.6671113149878964,0.9992323408664432,-1.2687980466106894,-0.627537244661879,1.4809053001951735,0.6983318550246136
0.021311383850565777,1.4837532928855441,-2.706572634550047,0.47861675765598366,1.056899238769242,-2.103655652447422,0.24150071598013065,-2.2686176098186017,-0.7023454012494587,2.3396199863342524,1.070212130592452,-1.4115565983862786,1.3774316051263462
-0.7594561112392512,-0.4113772527042961,0.21828582877668046,0.49767968865013074,0.27768795770365456,0.71367850966002,0.6711003401738915,0.3290533456327482,0.6550519834401235,0.1764783209658694,-1.0519745884754617,-0.27972368155005795,-1.2031474452602373
0.7361824983929947,0.006250091992781211,0.1485698684927027,-1.0030806996753674,-0.5530462185618735,-0.4139082680369227,-0.9257023427184623,0.08061126656594589,-0.7369141969375318,-0.7935651169746145,0.645774786778869,0.8521092352861623,-0.5240476951585049
-0.8816355520854504,0.7492490402105138,-0.454961524086859,0.9293107468715298,1.2095803896203652,0.2819287083348452,0.9648698297362599,-0.6316607729279922,0.14746399605378008,0.9712912146692001,-0.20309990084829632,-1.0342789594408717,0.15505205494322752
1.1368215364446617,1.0478511658963425,-0.9762122882144619,-1.2735220092365511,-0.10320164880515664,-1.5694141902075938,-1.2839049796232718,-1.0750025798662408,-1.6728009990161796,-0.14086822103655938,1.4946494744060346,0.0975539573953487,0.8341518050449606
-0.021212024859316385,-3.0892046202806975,2.440548941997048,0.3878954979506367,-2.2180256023860685,1.8983240058999602,0.21640281497464842,2.9226795594959425,2.473222444250008,-1.5516616706254387,-1.5825212682424399,1.229386874231569,1.5132515551466927
-0.25695890572595353,0.45240594143438145,-0.41562951426426487,0.33890582853984147,0.5217910545557651,-0.13621031436515016,0.3171838286995153,-0.46083303334159964,-0.07323459874749286,0.540003410056858,0.1152281070118907,-0.6570013204954647,-1.067327495239891
-0.02540058768997781,-0.7956881765462855,0.6754942160636924,0.32512347802520736,-0.5561983237327717,0.5394386446397877,0.1854780397287595,0.7792204656975301,0.8014874593342723,-0.2811877164824989,-0.7336465806152747,0.4748315963407557,-0.3882277451381585
1.0278876827795065,-0.2960810443626889,0.2688050165097815,-1.8786964342768975,-0.9926201931139448,-0.5305664002957255,-1.5452105658193307,0.29978839592432843,-1.1619928489628077,-1.479254217239113,0.9641027946390561,1.606664513176976,0.2908720049635741
-2.3576250622388475,0.2123231962283636,-0.256541230465248,1.3412262813263531,1.9391569927341894,1.4947149367614467,1.9756535598363565,-0.25093020115397385,0.8288907455095774,1.1041502951915285,-1.1580839244288572,-1.6211552866892822,0.9699717550653068
1.2649286854470116,2.2940486225086025,-1.019431582580286,1.1148803492614694,0.7010144337524948,-1.6947362429609987,-0.09045500905366849,-1.7234556717725047,-0.8121506716221408,1.5176221524514486,0.5396654508254733,-0.4893223698530617,1.6490715051670395
0.0945391235432605,-0.49169512076605104,0.28871653143796383,-0.1669758418662939,-0.42719202553790586,0.15489536597050874,-0.13904582899320564,0.40897454671777644,0.22663618048658443,-0.32850667258705674,-0.309209236801692,0.6425105469831583,-1.5834433053172077
-0.0722473847205109,0.6788549121251588,-1.3923895325400866,-0.16766890288962327,0.5456614643367124,-1.022479015458376,-0.04979379958531848,-1.1247881765312806,-0.6036845354926335,0.9217801133800085,1.3885401384526388,-1.2438776477438755,-0.904343555215475
-0.9551895726680271,-0.77006901603075,0.5167739325202352,0.7065367869151598,0.16652823257327923,1.0845149130279472,0.886654763525091,0.6769278832373121,1.0618466752967506,0.09661742976852901,-1.3703025963356485,-0.11204473090765492,-0.22524380511374256
1.0983484685379374,-0.25134324743677566,0.667267355804337,-1.096902379886579,-1.0136313726053567,-0.27370558060591293,-1.1698879624052336,0.5019768233478548,-0.6228154669568884,-1.2433669191594792,0.32744677891868207,1.0197881859285653,0.45385594498798965
-1.5983296512495173,0.882086775795526,0.1420601453017172,1.6363523961801576,1.8484539201881836,1.257133691638831,1.723642185012642,-0.3616747541423976,0.5695997170715748,1.0085473499222635,-0.5214279087084833,-0.8666000087984687,1.1329556950897226
0.40924957467408285,0.29638570897690997,-0.486175947291523,-0.7670187994895502,-0.09561134776699119,-0.6689478810870252,-0.6252734596049317,-0.4224619363079538,-0.7702138545572229,-0.16056663504143134,1.1763214665458475,0.26523290803775207,-1.447623355296861
0.07818562806846018,-1.37888385250028,0.5915822928151009,-0.25642943002320806,-1.0564149491465382,0.4003235281381768,-0.17753546829587746,1.0239865073757874,0.7902511061594942,-0.6147532772016435,-0.9458652525220659,1.3970658248739725,-0.7685236051951286
-0.38333525150942815,0.874071460748762,-1.5109288492088788,0.3280906210495421,0.922450881842118,-0.8905965909019193,0.3793729116735724,-1.289366734248676,-0.38005513065421515,1.34755201056318,0.7518841227322648,-1.49539607370748,-0.08942385509339616
0.1612171688340234,0.9963816629932368,0.34443058506243707,1.1271636091786055,0.5984743549030239,0.15001202881104894,0.5090869418016988,-0.3048473983143657,0.11674805946264834,0.5112599211803,-0.09699056489490064,-0.36356315687125945,0.5896758950083367
1.6259450217770814,0.8094710025645996,-0.36800506095587315,-2.456565248473324,-0.6460464207477361,-1.4512962331319794,-2.1719679803623015,-0.6128068345811685,-2.367709094070389,-1.3989497446143189,1.6007588103594301,0.7682697599649612,1.2687756451100693
-1.3322642669729323,-0.3372066759935988,-0.06983901938218884,0.5473340137526664,0.7651581908856736,0.902613294262659,1.005126251960588,0.1295075478329544,0.638730987345217,0.4246570355023236,-1.6355759362191378,-1.1181184347620732,-1.3118034052765146
0.24875716222422858,0.2765632212284052,0.13424648884299292,0.18004723422166297,0.011606114020597472,-0.07501260447968054,-0.03850703585663175,-0.06283423466329528,-0.06458185371663437,0.022718913311306144,0.06217343903519287,0.013714482074147143,-0.6327036551747822
0.2584244112645242,-1.5433131542050387,0.880718923074126,-0.10812381064516909,-1.311837417659788,0.49401490084438326,-0.19600160010705311,1.2693039390734377,1.0151144597622759,-0.728887902607653,-0.7867012485919725,1.1455473989103675,0.046396094926950446
0.4474449395653622,1.3437912546432955,-1.638536623081474,0.19344867281454683,0.6329367626635017,-1.5855163075166445,-0.1381839142664363,-1.5965272596547224,-0.8113642912387087,1.3508116521963245,0.9110481266623583,-0.7408407958166662,0.7254958450286833
-0.4040292055995697,-1.9631094271800353,1.82838817811677,1.1930421612926314,-1.1137053032198043,1.7008328607186907,0.8476243317093537,2.0136899402385957,2.262867623309913,-0.5479597931643532,-1.211138592405555,0.3909921210195542,1.4045955951304154
0.5068212773619873,-0.5009806016985257,0.19776064713841757,-1.0653973832450676,-0.746159428306249,-0.21128326005595793,-0.8353959011467001,0.3623574751138637,-0.4228390372606704,-0.8725968178164867,0.48661078284877557,1.5228250378557744,-1.175983455256168
-1.0978601465806659,0.45009084608768574,-0.5689407894277724,0.6968514319297978,1.1569943956435216,0.34922244876123837,0.9581962525859201,-0.5460874267624629,0.1897905783587858,0.8978043385848411,-0.3622639047783898,-1.3696368607256777,-0.4968837051544358
0.6774220589292885,0.935303299187927,-1.100350653536997,-0.6570287543048265,0.16334221799936974,-1.3353714826566663,-0.7112384491005083,-1.0886093880217298,-1.142830470908298,0.3712806401259348,1.3354854704759411,-0.2378039438894572,0.18221604494729685
-0.2016770639815179,-2.251019132759786,1.4122282702973787,0.4614905822687137,-1.4751760370688287,1.2344505857593226,0.3522663708627188,1.9233061748157736,1.932765992517353,-0.7364683252940148,-1.4233572643123464,0.8940289729467633,0.8613157950490294
-0.20310300642712187,1.8167056900248857,-1.3985449939845374,1.502427738234857,1.4676539266671382,-0.9332805937106747,0.9031740871019088,-1.6980905206671506,-0.1907572875260479,2.0635787364021656,0.27439211094198424,-0.9923592217802709,1.5404155451507622
-0.18972758516959476,-0.3458251634295577,0.35121871138707605,0.31115873737693,-0.1064033912601594,0.4072107092579286,0.2663943539059254,0.3711525447447763,0.4723775465952064,-0.04943270401323996,-0.5744825766851812,0.13947369505594925,-1.0401635052358216
0.7963130172580265,-0.06544032389721018,-0.020076649905137894,-1.5761062483261878,-0.6504335767336209,-0.5872044105312227,-1.2608593215120996,0.02145616154629729,-1.1045347759185806,-1.0582808076835144,1.1232667985691498,1.2713066118921696,-0.36106375513408917
-1.4059905226009526,-0.0526951632541533,0.3717567615902019,1.0794068213569523,1.0267533414212315,1.2962744949001181,1.3259447710854861,0.23593003090523085,0.8255754871100309,0.4584099595925328,-0.9989199204987638,-0.6150815828348639,0.31803599496764345
1.5745460697557099,0.8381978677906629,0.36535701022098277,-1.2180435522310116,-0.5863430710198079,-0.8485419824939543,-1.4897839765504575,-0.2138341852966321,-1.4836634350415538,-1.101231442640618,0.6988294547555669,0.5167513340013563,0.9971357450693765
1.6338828136231904,-1.9522516212862817,2.8227991581020984,-1.4005153616517503,-2.6493166892082423,1.004986544577276,-1.6181044501327135,2.5687513949969705,0.36126701650545756,-3.053842026466564,-0.15004523287159846,1.6485842508375765,1.6762354951711087
-0.2224795263491345,0.5056624308955499,-1.2810496337797093,-0.19702389772591086,0.5341919523139673,-0.8287113630958809,0.015415175261624513,-0.9752971632674574,-0.5023426640948773,0.8189534856751614,1.5477041423827325,-1.5792355490286816,-1.6866664673326708
-1.0989636928873734,-0.5727555138944199,0.2149820508618616,0.5624667190380166,0.41811489843750027,0.954879085610297,0.8877660880469608,0.408009003100856,0.8167643262139178,0.22305179523343857,-1.5294666002657422,-0.4474026321924609,-1.0075667172309384
0.6865537672049056,-0.12378408579974239,0.45942344570043603,-0.4401661916480291,-0.6094984599071182,-0.138426833546694,-0.6015319671603357,0.3209444474199329,-0.2336724607623658,-0.641537725466012,0.16828277498858854,0.6844302846437594,-0.3284669671292059
-1.6215380374573847,0.45678645440679755,-0.23879116362274844,1.075109051510629,1.5584571703441519,0.9799364104554876,1.4394921267444187,-0.36335197712771244,0.4612604985997929,0.9097368739680283,-0.6805919126385769,-1.2019579100832747,0.3506327829725265
1.269879389654501,1.391397215173144,-0.8127438022570584,-0.6029223128539917,0.044473743017047346,-1.538813086841719,-1.0009841382493225,-1.154910690073893,-1.4266496541046836,0.194141138657414,1.017157462615754,-0.07012499324705412,1.029732533074259
-0.15520668127791168,-1.1121094484476743,0.42542396170177116,-0.09856828492326906,-0.6867200688171954,0.43968217549466676,0.03130227357027401,0.7967315322529325,0.7164076103310909,-0.3836375280055707,-1.1050292564521593,1.061707923589166,-1.5508465173123245
-0.09117095382314981,0.670599768390907,-0.8607050066505296,0.16036923102028916,0.5540236411321388,-0.5986521785519652,0.1337443987144285,-0.8209704296099254,-0.35828784418725984,0.7495728346526493,0.5927201188021712,-0.8246802711378678,-0.8717467672105917
0.35110687083628606,-0.12714609313466915,0.6186295802932673,0.31025844417268583,-0.357870737073106,0.2252488382591057,-0.024684538524005963,0.4123645528379681,0.3166963431608304,-0.2490019404746999,-0.25615456882499416,0.30715264569835266,-0.19264701710885954
1.1339047027337694,0.0460162740969935,0.003728524641937832,-2.1239140986136142,-0.8255124613583628,-0.8112108648113128,-1.7317750106623793,-0.020943254771821594,-1.5835752877835012,-1.4490108794753103,1.4415948064293367,1.4389855625345729,0.4864527329928731
-2.5942284507514275,0.0720316459826102,-0.03669368907987532,1.4871633378688358,2.0168966282857133,1.8342159326659542,2.179914737866264,-0.05675563893075871,1.0349130011457834,1.0399545776570267,-1.3172479283589509,-1.4534763360468792,1.1655524830946058
0.03232268773393324,0.358696567225494,-0.37666352736577813,0.003039374344398641,0.23492643875912705,-0.31383462192788786,-0.015761413301688825,-0.39194046335724875,-0.2520641281966782,0.28231080571680106,0.3805014468953799,-0.3216434192106587,-1.415026567291978
0.22768187267528397,-0.7853642200847467,0.5664504151522252,-0.10349228212583744,-0.7404104467947874,0.27360116594742434,-0.17703512000614094,0.7125877960248209,0.4811789824760376,-0.49191543225793416,-0.4683732407317855,0.8101894976255617,-0.7359268171902454
0.08004863198930882,0.9305136047163437,-1.6167871019995987,-0.06140301094254131,0.6123140612487373,-1.3049622102167895,-0.07546387314587424,-1.377299744989916,-0.7044889508177071,1.1610936476793996,1.2293761345225453,-1.0761986971014725,-0.056827067088512935
-0.4414239202298895,-0.6114500605217019,0.9876469920977682,1.0480463942819234,-0.10787293006355594,1.078975806432557,0.7910862603662212,0.8628991605364317,1.198781974970803,-0.021172416078027546,-0.8928105845453681,0.05563421973474811,0.6222726830132197
1.7764855826276738,0.09222123777269006,0.8296940208028944,-2.5726603256042737,-1.2787720691181919,-0.6352484025469793,-2.314213910628757,0.4214722588547814,-1.9440201168913775,-2.3691017389910005,0.8049387907089626,1.1874671365709681,1.3013724331149519
-0.39210748064772866,0.3361298295087237,-0.3542503548645543,0.36521761419859694,0.5400591438452702,0.008179043678841617,0.40370827517849844,-0.3680059293878189,0.028408454890569083,0.5122532227177781,-0.043935896918202794,-0.6989210581560654,-1.2792066172716317
0.6276444764791541,0.4189616954092984,-0.6343695296760158,-1.2095547064770984,-0.17237210135528375,-0.9400888467839524,-0.9765050587398006,-0.5673768872560316,-1.1802638794615055,-0.35164519099144675,1.653813478336128,0.4329118586801548,-0.6001068671698989
-0.13773381279638633,-1.9087709638382242,0.9845016420294426,-0.06719212883806427,-1.2760935894739271,0.858514352739245,0.03849617658491939,1.5108213489465376,1.3040808522914555,-0.7782316109500135,-1.6621032702074867,1.564744775516375,0.07899288293183346
-0.9428298402330525,1.0650042026315534,-1.0276530849408565,1.077354067093133,1.484279328687683,-0.1160179299259312,1.0759927427553169,-1.1125873449528834,0.0317282432978484,1.4981862562528205,0.03564610504684396,-1.327717123065077,0.7580926330335659
-0.8606616738457676,0.005070424903859023,1.4420542787457,1.8702870359705632,0.655510555914986,1.7305824359106898,1.4509116780635731,0.810273576470993,1.3621523591099014,0.2006326099468458,-0.8132285825803214,-0.1958842062288564,1.4371923831352986
0.5696418553666317,-0.03349997209999682,-0.06633524644424832,-1.0512885820286908,-0.4556594610612386,-0.46015818971573824,-0.8616942902517251,-0.02061311060710909,-0.7439380049079864,-0.6664998848234109,0.8845207926740094,0.9359487106073638,-1.143386667251285
-1.450102436245449,-0.156817914153296,0.03709039214623943,0.7791912753809003,0.98486176196721,1.0697205967469907,1.1909814256686508,0.09943999129823515,0.680161603143123,0.5029791129221348,-1.237665926393904,-0.9504394841196702,-0.46428691714955234
0.9203622158626126,0.7353471992316514,0.17058265744760553,-0.16573577257674613,-0.16526143596959494,-0.5291554637907496,-0.582124628691766,-0.2721112483488563,-0.6423208454116888,-0.23976955964118857,0.4600834488604266,0.18139343271655017,0.21481283295218007
0.8943245136942242,-1.6312787436789877,1.384480834123107,-0.524693980780219,-1.8570683720406358,0.42616586941002416,-0.7578455222716676,1.597301916498229,0.7732805216703867,-1.3873466241496109,-0.3887912387667387,1.3132263495527705,0.8939125830539125
1.1736183041920145,1.8119212474359545,-2.3780456941275694,-0.31940211669025004,0.4214995087317891,-2.677468303906209,-0.799418669056644,-2.247789332317667,-1.5177273102671882,1.5517978646920558,1.3089581364875922,-0.5731618451742632,1.5730123331556451
-0.4779173349499453,-1.000119252235137,0.35843224510091815,0.15240647913466374,-0.3613165556340217,0.6196826252903466,0.3373439695222079,0.702887290431035,0.8202868997268589,-0.1628988157208976,-1.4498845983006954,0.5586710716619573,-1.6595024773286018
0.49489655500034746,-0.7068015005666236,0.3126409348888847,-1.0141701290880532,-0.8859761682380631,-0.11408180798844807,-0.8019145564112727,0.5301842559470167,-0.23952267148171077,-0.9231866575908153,0.2478647769536353,1.6905039884981774,-0.980402727226869
-1.4114172784533707,0.37089669944958265,-0.5968298049479659,0.7481101682279107,1.337202087508179,0.5528222400900717,1.153768428552646,-0.522146819325197,0.28336296301771025,0.9534576394407106,-0.60100991067353,-1.6863637674946614,-0.30130297712513665
0.5350816452001896,1.1315030785834084,-1.3731945854651815,-0.1808413024696007,0.4130375939135278,-1.4437007911502766,-0.38308767331868704,-1.3406540280419577,-0.9341902770368532,0.8985294103319387,1.0967394645808008,-0.5545308506584407,0.3777967729765958
0.003651059966090532,-1.8972760862221052,1.5408880872856445,0.7818074917686355,-1.3748619469287175,1.186307291324743,0.41122814322449236,1.8186715532529953,1.915900248984228,-0.6140790459623628,-1.0254472544871127,0.5773020661777799,1.0568965230783285
-0.3645654270930203,0.5143195257886948,-1.0154895819779397,0.10941926560117636,0.6480650156811626,-0.5217981098070227,0.2537183217106644,-0.8299498870378201,-0.2847046055249315,0.8300406536569598,0.672302120767218,-1.3090861285492545,-1.523682527308255
-0.08565403688384614,0.18065873540260438,0.10521218415231536,0.37566022967633345,0.19552335585903544,0.14267569053727322,0.2445626121253237,-0.031170672565608962,0.14624901854458094,0.17751946541719876,-0.1765725668599474,-0.1772532117130339,-0.8445827772065224
0.842981762276995,0.2374490228501436,-0.32022746375627553,-1.6428724481930896,-0.46673187298197105,-0.8523026121014289,-1.321221873253608,-0.2994098507735624,-1.3680109982945945,-0.8804288894316382,1.5211768083943835,0.9545797051231868,-0.16548302710479024
-1.970919242414288,-0.309846664622755,0.2708830489903639,1.0990660256410543,1.2686460893443854,1.6240326961592662,1.6398842754337202,0.30785346558869725,1.022228572680085,0.5468474917866193,-1.555993934254091,-0.9318084896038477,0.5136167229969424
1.6337367765978252,1.2326869133213314,1.1863742798275996,0.7557406534071346,-0.34588093037121365,-0.2575520866557116,-0.4784317576289081,0.05137246724191082,-0.3219966959467056,-0.368067133386416,0.14175544100023962,0.20002442723237326,1.1927164730986746
0.08098185577178317,-1.075815470068947,0.43744756931172213,-0.34146310688916726,-0.8393558189683606,0.2793876898454314,-0.22397875496285644,0.7853326962610534,0.5133084342113129,-0.5579775756163751,-0.7071192466269257,1.3318573440685937,-1.3878625772879087
-0.3263855725370786,0.7095795323613046,-1.4109711049458644,0.10587762353819384,0.7603592110517053,-0.8543576020208256,0.23133160822146318,-1.1506484790835203,-0.42571260283365053,1.1218710134820904,0.9906301286274051,-1.560604554512859,-0.708762827186176
-1.16393130178789,-0.34119468703039296,0.4181076125985802,0.895524210018728,0.6347829049387976,1.1582515877798691,1.0986975928902494,0.40653549367327607,0.8958183829638698,0.2987133046996246,-1.1315565904405083,-0.4287716376766383,-0.02966307708444361
1.3044675611711174,0.37602184414384376,0.48637179119612883,-1.1512164618885163,-0.7160348033340509,-0.5612655304547831,-1.3093459197803343,0.0858323032499477,-1.1072228308635956,-1.1457630066145537,0.5661927848138223,0.7030612791595824,0.6494366730172886
-1.5935822776650468,1.1353621212550213,-0.551968585113553,1.6252775499858951,2.0280253269684856,0.718222055207541,1.7152381868837345,-0.8797031964439617,0.38196306571397737,1.5173700534076797,-0.28268190281334304,-1.183326915567452,1.3285364231190213
0.36871899400161284,0.4545374450847334,-0.762108919280895,-0.7121067715166516,0.049459725493740225,-0.8527550985785546,-0.574474088903585,-0.6571933465970927,-0.8422305816268382,0.08212133663866626,1.4150674724409877,-0.051493998731231616,-1.252042627267562
-0.19031281477561626,-1.50417994422438,0.6526418838920397,0.045574484580030106,-0.9436741857268561,0.6402049507259392,0.12634594267032984,1.121150670196001,1.099608228223895,-0.454538662001083,-1.3437752623472996,1.080338918104989,-0.5729428771658296
-0.07302683616045662,1.013526888629466,-0.809348283099039,0.5926408486150012,0.7882842216300096,-0.572052602847319,0.3524532771570977,-0.9637602940473237,-0.28573295605362364,1.0057096611745817,0.35397411290703096,-0.8060492766220451,0.10615687293590279
0.501129624660845,-0.39570309610925114,1.2503379036056441,0.8740954924196526,-0.6657127608693038,0.604957554005122,0.19269596325218913,0.9029191594070816,0.9188119648737709,-0.33506531041346543,-0.49490057472013443,0.3257836402141754,0.7852566230376352
1.8871643695826084,0.14586321847019348,0.9226065740177516,-3.047210785159274,-1.3238039153404135,-0.6430202425185443,-2.6244869889410265,0.44697858134391444,-2.3285802448495505,-2.7613651951427114,1.2028488005341964,1.4576165570503956,1.4643563731393678
-1.2811087949889008,0.0657845836417355,-0.3476395649940282,0.596495098486624,1.0178547592278173,0.651539010731721,1.003621140723904,-0.2288915397809846,0.3889455413679105,0.6648185097445583,-0.919337918533717,-1.4348453415310567,-1.1162226772472157
0.41190293651540566,0.7626301914168186,-0.6529047452141258,-0.14812143666459454,0.23956379363729258,-0.7994985675607496,-0.299608208934946,-0.7499325708372419,-0.6487994476187038,0.38490693745719573,0.7784114567206136,-0.3030124246948362,-0.43712292714548323
0.8215013932698952,-0.4934450834849632,0.8163882166597949,-0.33570259353021337,-0.9790406564621559,0.04011664314548316,-0.6188328652099636,0.7072726805736095,0.10466676729878066,-0.835990472489404,-0.07046323090655172,0.8288204921413845,0.2419768229562494
0.4155224933749626,1.2069123627007956,-2.208549578307039,-0.268337525280925,0.5581241740566637,-2.0024119108292404,-0.365088005143978,-1.849266035592695,-1.05154137277698,1.4604625735650278,1.627286144347779,-1.05756770258565,0.9210765730579819
-1.3552637587484895,-1.6748390644629458,1.7665713305158337,1.5074151384121395,-0.1847889064376244,2.3360753820271607,1.5248930469990365,1.8344818431622858,2.288075659408768,-0.2879014869846143,-1.6090486022307888,0.07426521425057084,1.600176323159714
0.32645706736355623,-0.5495425793209876,0.2404694842532657,-0.6567751041713318,-0.6446757602735035,-0.0488370725506784,-0.5225226433440224,0.41074999660934913,-0.09002316089174248,-0.6261294265284134,0.08870077302354179,1.206098131086791,-1.6323384873245324
-0.8874795194959146,-0.01153126096533251,0.006029759692835963,0.6267159600300442,0.6638155000551897,0.6418190781965393,0.8080867730958368,0.009173496253561779,0.4658238114378989,0.4222634992828553,-0.7601739146036236,-0.6802900636402429,-0.9532387372227997
0.8004587172823092,0.44986631425503854,-0.20090033177186384,-0.9620416548056188,-0.2809072889625673,-0.7297019456662764,-0.938550086804266,-0.33852924877536966,-1.0214300731576944,-0.5056112866461213,0.9375754606507073,0.45154285319597787,-0.2741389871210673
0.182456332982005,-2.0351631469011946,1.1640872148419792,-0.20785257340808072,-1.6100035485436643,0.7671994121796611,-0.207889412345914,1.675341513913648,1.290966521506815,-1.0076248811997117,-1.1846112584172062,1.5833757700321982,0.40496076298066513
-0.6792680514023827,1.1857093851515108,-1.8956287834336016,0.8751855019849772,1.371957350488594,-0.9749607193377317,0.827527492558852,-1.6622700618242734,-0.20147118938853134,2.0063056933198204,0.5131381168371245,-1.6444440298340606,1.0840605130823977
-0.46204137071915274,0.09132642742685128,-0.12870385440659346,0.36384174572123007,0.4159852267684551,0.23241678666964677,0.44055824551624895,-0.11827987915380844,0.20094732804898652,0.3435076363877502,-0.3357365707900409,-0.5126111129978399,-1.4965185373041858
0.6260333052429672,0.2811516187110605,-0.4012854613705845,-1.1802888853034657,-0.270815118980624,-0.7590875655720619,-0.960172176675475,-0.3669842821233186,-1.0611980463197535,-0.5051339529833178,1.3620128044642899,0.6192218038383805,-0.8174187872024533
-1.7452255623793653,-0.10809924979483967,-0.0618184935717531,0.8565784058666938,1.2436136437211887,1.2052877007203753,1.3904575893754394,0.019291885456581587,0.7021351543625541,0.6292634720997684,-1.3968299303239975,-1.2671663908886537,-0.1383190371007209
0.8297715475307124,1.1330762053056513,0.14942149390429085,0.5322583326121231,0.1909844947442608,-0.48044349435985123,-0.16455406380014745,-0.4832204137792339,-0.4145760165958497,0.2512596693046934,0.3009194449303331,-0.13533347405243312,0.5407807130010117
0.9215039143994794,-1.9333904476924624,1.7923819617724281,0.059706015194326834,-2.096138431551993,0.7213834348877078,-0.4635907545931184,1.9785118723292838,1.4141991660990119,-1.2928934090451292,-0.5479552426968323,0.9964994427837875,1.2198804631027445
-0.011706377241692904,0.5769067726364724,-1.0769128974552569,-0.19205280167971647,0.4260810393830359,-0.8225269392733668,-0.09521094438186581,-0.8959146302234697,-0.5492184277072412,0.6704588036247947,1.1497941325574985,-0.8898887519432469,-1.3606985872838393
-0.37922971026634716,-0.745104038142636,0.5294357749682116,0.43468112481027615,-0.25163488850189913,0.6807737991635409,0.43350062762203173,0.6715623229440999,0.8456305561444291,-0.09791777536711198,-0.9723925865104148,0.24194416489297424,-0.6815988371821069
0.9064609179430704,-0.28417521294212544,0.2926867499377546,-1.5447233378607022,-0.89204437999202,-0.4249611369884155,-1.3034583247327727,0.30728690680067006,-0.9265545641760922,-1.2696101516242706,0.7253567887439158,1.3737770817291945,-0.00249908708037429
-1.2511037836482162,0.8832880356064206,-0.9558258553834663,1.0399339301378636,1.5863424612574617,0.16072850894384172,1.221858821378404,-0.9810989780748745,0.13322320127729426,1.419265628603523,-0.12351789888324956,-1.5186848168522582,0.6766006630213579
1.1671196905357795,1.490650499577541,-1.8919046839846194,-0.8342602619014606,0.1940806505314691,-2.2977027388697016,-1.0680324255563562,-1.812884723094906,-1.6659420922411574,0.839522028405868,1.5742314763710812,-0.38685190001603775,1.3557004131230905
-0.42205911032630733,-1.1951001305642976,0.46101203317936845,0.143900377874107,-0.544630980376879,0.6587283584774201,0.30283450529357364,0.8583522485140175,0.9522993506862647,-0.2450112016909688,-1.5029392662773933,0.7449810168201834,-1.2248786372634928
-0.5215105097252712,0.6835175075784775,-0.822557284494463,0.5086677997532228,0.8892940929595716,-0.26025529628856825,0.5490538508413935,-0.8059376655676502,-0.11310596665643169,0.9583575144008053,0.19481010897693746,-1.1414071779068515,-0.5457788871617603
-0.24949841048425506,-0.20897147545298433,0.7132465882630633,0.8441681463179379,0.037837164190356654,0.7294590709163191,0.5802092912921744,0.5066733064723162,0.7645820923191985,0.04415724851484595,-0.6540645786502279,-0.009574261070630828,0.1333208629399721
1.3740334037549862,0.18452498966451733,0.2217499700480612,-2.226870067908816,-0.9072114140773991,-0.8153890266059552,-1.9152146599380468,0.03257955419810272,-1.756947430859706,-1.6813266919275143,1.043684796604103,1.1222586557655894,0.8124206130417045
-2.6915085504698735,0.15174006569998352,0.7286306296697598,1.9025864595015782,2.1482187153286003,2.4945722295750437,2.4517392338211605,0.3347010727272923,1.2817629158168096,0.7534201565855676,-1.0785019224638106,-0.7641295389614444,1.4915203631434373
0.47523485709948154,0.21003071520885452,-0.108711889550036,-0.5389428012015055,-0.20803827727135324,-0.4250758626654208,-0.54018937322113,-0.16645823321970624,-0.5424471303283722,-0.2860996527469917,0.6192474527905202,0.3677033778747763,-1.0890586872431463
0.48788015867632895,-1.0532279444924022,0.5833866951531063,-0.7086073183672011,-1.131195293294534,0.09985941486251845,-0.6366527052564457,0.8562794008036183,0.2291947940074773,-0.9165571639426682,-0.22962723483664524,1.4995362947109967,-0.4099589371414139
0.001971507648119779,0.9517749378921253,-1.900290465301144,-0.07155170196584976,0.6868237722272467,-1.4676540704603418,-0.03887484065778217,-1.547743829461651,-0.726972239783548,1.3651122664177266,1.4681221404176856,-1.392925603870456,0.2691408129603185
-1.4303542032460932,-0.6712780330780012,0.9272086395524582,1.29190651987895,0.59785100273026,1.7423456339795944,1.451343313991216,0.8587948265936177,1.4192695321653386,0.18984596100525383,-1.290720594370602,-0.2610926870342354,0.9482405630620512
2.237387955777898,0.29582896469385705,1.5943467557713693,-1.7092875331647692,-1.4806003409092108,-0.3761578219271597,-2.1055699095528575,0.7505019697405501,-1.4578956633972422,-2.3501141271442423,0.4070287808837288,0.8707402298019855,1.6273403131637834
-0.7879435026794209,0.14848067278185065,-0.35253400848895605,0.43435002469364514,0.7041489118196904,0.29369412681949,0.6529371792158969,-0.273064283800626,0.21191764160521243,0.5580505769960423,-0.44184590674343655,-1.0156479649250494,-1.6051744973204631
0.496435693692703,0.474087626011068,-0.619883925111442,-0.7761705077188497,-0.03313116026846293,-0.834710503198185,-0.6769573459640882,-0.5868190150352727,-0.9028714066865061,-0.067318315509315,1.2559034685108943,0.11618495191117141,-0.9260747472187304
0.17570803334431914,-1.4990586837697069,0.7600688759996123,-0.1707281008786713,-1.217185576671887,0.4603092298838642,-0.18464288595865555,1.1791371007868787,0.9380262537151558,-0.6817522728157205,-0.8662832505570192,1.2480178687473917,-0.24697499711699797
0.43233763159966765,1.2138692073072757,-1.2683087616446742,0.16135642423987231,0.5504199493582697,-1.2890071540742214,-0.14702734779235374,-1.322783961858342,-0.7426960982036529,1.0535060688380735,0.8314661246973115,-0.6383703259796422,0.43212475298473446
1.4716355741260227,0.3003255162936753,1.385772366156844,0.33805881940568977,-0.8973867340700626,0.012681482941944293,-0.6120783182416413,0.6306873067949724,0.03395822015342686,-0.8008332739508713,-0.01740856292985388,0.49346259085657845,1.1112245030864671
0.49684630407999975,-0.15932415725236657,-0.2496891321530041,-1.384105972054889,-0.49152109428441265,-0.5493679662429034,-0.9984755119942901,-0.06094795617274504,-0.8977744940978855,-0.7567082151423834,1.680340812324477,1.6252955076927988,-1.4693545473001166
-1.567976806733786,-0.19472650218316245,-0.20270706699170338,0.6454959949311018,1.0467216424288301,0.9693240888757949,1.183659342410692,-0.016737143963194992,0.6094065656934486,0.590353549335739,-1.675366937201661,-1.60252429217346,-0.790254797198384
-0.03828496315251611,0.7215943183804014,-0.10576209347862263,0.6721123906618791,0.5508480124044255,-0.054117893782892654,0.3757868372521109,-0.42098535544146315,-0.0207462315957494,0.536349480155346,0.022382438052669498,-0.47069137533723915,-0.11115504709665158
0.18704141164331292,-1.4452471047376836,1.1593414780902143,0.4679683800563257,-1.1868530387991139,0.7602458046652032,0.14682234012866607,1.3772381048615108,1.3662764541621577,-0.5439072482231345,-0.8264922495744959,0.6611415414989815,0.567944703005081
0.04881484654469437,1.4994023389219755,-2.441992814417705,0.5923569391483774,1.0473860829716228,-1.9192555453247686,0.28683482556790035,-2.1273243920874343,-0.6303822399734476,2.2202192149305158,0.8712571256798349,-1.225246653228053,1.2470444531068132
-0.7315393366908177,-0.6202354778006326,0.27505815256436483,0.42069557024752735,0.10549968991812117,0.7374404033911705,0.6154134323373877,0.4656487007333788,0.7468972606673836,0.08181838291506663,-1.2509295933880784,-0.09341373639183236,-1.33353459727977
0.6624189889949847,-0.24867925257326506,0.27224432504844065,-0.9395680482654424,-0.6815426879960055,-0.2655241490977196,-0.8525006562379208,0.2779882609148218,-0.5098131506223893,-0.8423324054727559,0.4468197818662522,1.038419180444388,-0.6544348471780373
-0.913326455447394,0.5416657747782646,-0.13448705637052882,0.9465618395215545,1.08345953049139,0.5519550157078743,0.9910154038042807,-0.3470683951490082,0.3072191791327476,0.7446019850843487,-0.4020549057609132,-0.8479690142826461,0.024664902923694602
1.173937115366596,0.9165503737844203,-0.605996364452146,-1.3665581745202622,-0.22626787111430197,-1.3104077091048927,-1.3530182245031115,-0.8005755387969546,-1.647658708715542,-0.4796634637119709,1.2956944694934176,0.2838639025535748,0.7037646530254272
0.15439584028039652,-2.9616174666567487,2.297829182158625,0.14529364272296263,-2.25875648195671,1.6621255537732804,-0.0061719580620826385,2.778340344603864,2.2056185578311496,-1.6106717086096907,-1.4631482652948697,1.4156968193897952,1.38286440312716
-0.6466985554188297,0.5019126644904629,-0.9092576033100247,0.3484930159084364,0.8527730471028223,-0.23727324625481835,0.5316670012042288,-0.7638589853715598,-0.10132952121195869,0.9137955512990158,0.23460110995946085,-1.4767650791916576,-1.1977146472594236
-0.5642600435021483,0.007359648244673923,0.2599496671885873,0.6952869715731723,0.43267891273146175,0.6056846029310206,0.6706535319292688,0.14283474510829128,0.5025047282937841,0.280036760285602,-0.6142735776677045,-0.34493216235543694,-0.518614897157691
1.0078954139117677,0.3408634989428682,-0.08985009272898774,-1.5510071209927085,-0.5168447327138552,-0.7929464055211348,-1.3612824837739885,-0.22134752609571134,-1.3742393859698372,-0.9892779617194847,1.0834757975866263,0.7869007544807839,0.16048485294404144
-2.2201070177739077,0.2334702347069068,0.08913007643770368,1.3498679308443673,1.8502976493424603,1.6626990942760085,1.9063290415227125,-0.06668320746374048,0.8202098232214774,0.8528519523400241,-1.038710921481287,-1.0994874402462507,0.8395846030457739
1.965564002574142,1.9169317579966463,0.07028097931598627,-0.03513291051328279,-0.1023575247483086,-1.3569503111170378,-1.0747117530266448,-0.9203808062515342,-1.3845873245162643,-0.07621276184108884,0.6590384537730435,0.03234547658997026,1.5186843531475065
0.3444442055325827,-0.7503978473778121,0.4256645630939679,-0.5131784831276749,-0.8035558871572483,0.08114308580712441,-0.45629588142591543,0.6157228821879416,0.15722425456982683,-0.6661370589761516,-0.18983623385412185,1.1641783934261902,-1.061894697239077
0.2711378393356688,0.7942918999248401,-1.3705332761329185,-0.4121265322008665,0.36907328818110263,-1.2521487042583122,-0.3635000840314835,-1.170279468380358,-0.8640301968884463,0.7390603202468732,1.507913141400209,-0.7222098013008436,-0.3827949471373446
-0.6804352988781904,-1.4843463516496207,0.8807989599584651,0.6097268947484109,-0.558124140371462,1.1681316997376574,0.687858217654288,1.2398186246115368,1.4975111618761576,-0.24014137169211722,-1.5692576012482655,0.4096231155353769,0.2963048029643878
1.2433341730158327,-1.02452422093742,1.2451015656724602,-1.3811408963517031,-1.6825989683391755,0.06805094549848734,-1.3980139527413735,1.2148797474750697,-0.282260321689335,-1.866827534597353,0.12849177400606518,1.5414560323715973,0.9754045530661205
-2.8574253456657166,0.7189714007482098,-0.2498817979722511,2.012145729665733,2.684097666064391,1.8586852594250054,2.598792963548412,-0.5009047701906196,0.9596508358559048,1.5560447931818215,-0.7203829136211002,-1.3510058662098552,1.654504303167853
0.21086770745440397,0.4077210122241157,-0.6400721716279242,-0.39638183907740104,0.1351550331707966,-0.645263730246618,-0.32279435902616305,-0.5649618711774711,-0.5784889230551983,0.20631142687583548,0.9773664616332306,-0.21917294937363466,-1.5780105073163937
-0.16665496349041736,-1.2445908659429044,0.5629649829707918,0.05359513632083381,-0.7738590553622325,0.5540262849170282,0.11787298487450161,0.9406027900649009,0.9214398868269764,-0.3823567024881726,-1.1448202574346829,0.912659967462586,-0.8989107572146611
-0.1397363267457868,0.8970840543910026,-1.0773236626726967,0.36814535880208094,0.7545976850241224,-0.7309246805074401,0.26965064504436603,-1.0564901393985457,-0.36711966444123695,1.0522201488866385,0.5529291178196478,-0.9737282272644484,-0.21981100711292886
0.48606665557644174,0.16555868429510512,0.9139076464880934,0.7854288843558067,-0.24840387101969094,0.3561869519333549,0.15392881744109266,0.4322119972362169,0.456180522944377,-0.14513379028878431,-0.2959455698075175,0.15810468957177234,0.4592887429888038
1.5632361421678858,0.29533871091062497,0.2177373585954604,-2.6599904229816462,-0.9703691395459542,-0.9543233538164493,-2.245784447026008,-0.0251773856522751,-2.151783514017477,-1.973265913638619,1.4018038054468134,1.2899376064079926,1.138388493090536
-1.0336026495194703,-0.4156362374443459,0.08342692987402567,0.4999730095599453,0.48223963229400174,0.8064469086193934,0.8196177612375779,0.2551731154515544,0.6597458807688773,0.27837620026520904,-1.3570389293414742,-0.5964505883190414,-1.4421905572960472
0.5547691594425599,0.04578445969193044,0.19027578174831147,-0.4616156916168743,-0.3870573089518581,-0.25148270019462804,-0.5420571850296144,0.08432006143452904,-0.36954444785786306,-0.45589494177854867,0.3407104459128565,0.5353823285171794,-0.7630908071943148
0.43892985667372497,-1.4180376426873427,0.7683070781022784,-0.6271654299966803,-1.3579493655470083,0.277685407676726,-0.5673080299448527,1.143205422666671,0.547283656470751,-0.9986834420360112,-0.5081642417143089,1.6672152453534,-0.08399105709258248
-0.23004585385759882,1.0135615889872431,-2.039876152234792,0.22701718376952845,0.9072315997827369,-1.4087794722536775,0.24358899336309,-1.6573637994257193,-0.552748318451398,1.6722698400876355,1.189585133540022,-1.6723905216077943,0.5951086930091504
-1.8504836745457638,0.16429674288263615,0.8452660992192244,1.7378935021672193,1.520328376098918,1.9807521430584243,1.9127955592342596,0.3941542167540574,1.1525969956053905,0.5544978959608549,-0.9326015855278914,-0.5405576047715738,1.274208443110883
0.48152098139236765,0.09179745380571884,-0.12307693645059808,-0.7626722745160581,-0.2983046941564624,-0.44067286782530607,-0.6618094228947304,-0.115344159822531,-0.6220052158528975,-0.4277560325684353,0.7651477897264392,0.5912753120646468,-1.3063706072757009
-0.8186089803297674,0.54886858265531,-0.6993304137467944,0.5944527191787015,1.016931900029428,0.04812697683574827,0.7540296953939293,-0.6690490858618886,0.0449910510261028,0.9250890893572986,-0.08372689790072618,-1.2951128826623874,-0.627270857173968
0.6467554533933718,0.8115649312351708,-1.116276568970613,-0.8778632339245459,0.09708162159500328,-1.3256425925259667,-0.8114729058189428,-1.0356181534370796,-1.2163719090846763,0.2327568492131118,1.6140224773536047,-0.16327996582616702,0.05182889292776414
-0.316258272390152,-2.170375455104865,1.3086093483002987,0.3923134519080546,-1.3300741503638351,1.2367632816889338,0.3772730230015628,1.8245152937061027,1.8250814036085115,-0.7064796566442143,-1.6223122692249634,0.9685529510100535,0.7309286430294966
-0.42570026224461766,1.665490214140121,-0.7466891377986544,1.612367042306098,1.5268855608481358,-0.2705034923967099,1.0808844125269292,-1.2549441152205045,-0.003277727859265421,1.6534528227846688,0.07543710602936733,-0.917835243716981,1.4100283931312292
-0.2937731022831206,-0.5391412669436457,0.37414827845697385,0.29250594831362975,-0.16740676151051598,0.49960241374710973,0.31244234824513756,0.4808889993322848,0.595800367521464,-0.07919376103638838,-0.7734375815977981,0.21399767311924014,-1.1705506572553543
0.7460425969884699,-0.19380183282616167,0.07822795666933424,-1.4575027055626648,-0.7051901564309787,-0.4752622086479193,-1.17116515858158,0.14114860319891717,-0.9269297018213956,-1.0506596488311426,0.9243117936565328,1.3458305899554603,-0.49145090715362166
-1.894436619259469,0.11066748246030877,-0.2426499899128931,0.9649397768632769,1.514832934825387,1.1728867363882627,1.5279018358386216,-0.19219148651706808,0.6261783681715223,0.8375903130737132,-1.1978749254113807,-1.546631308625992,0.18764884294811077
0.779350040281018,1.5280354359673989,-0.5715451965620839,0.6299357411797768,0.5148042238113893,-1.0005315593281352,-0.08583830558273084,-1.087387352667411,-0.6232392167895662,0.8541771408284687,0.49987444984295004,-0.41479839178977157,0.8667485930498432
1.4624859788947087,-1.1105273251471544,2.2248599418066464,0.48832067055195505,-1.9107759139472513,0.6666791563474721,-0.5277477367435396,1.810189974306976,1.1438521871753096,-1.32280451472268,-0.34900023778421535,0.7170345250464493,1.5458483431515757
-0.060209716091865,0.6531908307845817,-1.3240107820376477,-0.17918542531611395,0.5179843515345486,-0.9783613424270073,-0.06234847335803347,-1.0733940364235686,-0.5939007657726614,0.8630637347384531,1.3487491374701155,-1.1693536696805853,-1.0347307072350076
-0.8907409427838149,-0.8380434272872666,0.508089633303143,0.6390364129103052,0.06855783336538164,1.0315432813971872,0.8163506457543823,0.7060743994714977,1.0607433594229367,0.05711560049822091,-1.410093597318172,-0.037520752844364735,-0.35563095713327525
1.0056240230372928,-0.374692141172357,0.6438204419104909,-1.069842921311927,-1.0326092456450584,-0.2252253185330065,-1.1057638495259094,0.5505338049737916,-0.5156124715483474,-1.2074965977865717,0.28765577793615865,1.0943121639918556,0.32346879296845715
-1.4737773992622751,0.7634792934007179,0.2387784915281177,1.5502920484477418,1.6683450574088319,1.24233788570938,1.6112339191920784,-0.2477611990522182,0.5908375710792059,0.8779869189158195,-0.5612189096910067,-0.7920760307351784,1.0025685430701898
2.1641131617159495,1.5494723755770377,-0.3414626734082258,-1.9781943063073781,-0.518477741588423,-1.817194708738562,-2.2083164789234195,-0.9684370736022653,-2.5429808274009598,-1.0929604059098965,1.1365304655633242,0.3397568861010422,1.6816682931719225
-0.03321327899261762,-1.155029258272474,0.39737697138008016,-0.310986754971514,-0.8101541301074858,0.3304562380696272,-0.14651208681206565,0.8024170001869885,0.5917187431792876,-0.5074124119004904,-0.9856562535045893,1.4715898029372625,-1.681233669331857
-0.3845177385426563,0.6365764607676418,-1.1819396039792869,0.18165849148458407,0.7515917539002914,-0.6359039361750195,0.3026180319498657,-0.9849952865659213,-0.31862224346033163,1.0030708903675816,0.7120931217497414,-1.4208720956441898,-1.0021339192301244
-0.04787787508475268,0.43583292723039785,0.13429164126738638,0.5995986038037021,0.35145281554631436,0.13799158534399142,0.34261736378042956,-0.14257065482718945,0.12888085603731697,0.30837043257097024,-0.13678156587742402,-0.2890391788079693,-0.3230341691283916
1.0500751697482202,0.42078308549969246,-0.3806747742634802,-1.842989888069612,-0.4909933434569292,-1.0476258153329292,-1.5382613011537771,-0.42529417273776293,-1.644110869157345,-0.9717214901383923,1.5609678093769068,0.8427937380282513,0.3560655809733402
-2.3987754536554515,-0.2110380811558961,0.33993937800159674,1.4011767840808071,1.6641513725973518,1.9844953255527662,2.0294488335487033,0.2972939232021673,1.1727936712854408,0.7011852119775307,-1.5162029332715676,-1.043594456698783,1.0351653310750728
0.11952090568423918,0.08205792669007159,-0.06893367456100977,-0.11023427107826739,-0.03117843381073777,-0.13899842355237935,-0.12248086836484692,-0.07994881930608903,-0.1386684766112939,-0.02377452017374527,0.181546441982763,0.08823846013743768,-1.5454137193115105
0.16639351451162424,-1.1426295650246072,0.555415100238355,-0.2822553619926874,-0.9523639601755869,0.3090884884241222,-0.23858080149204788,0.8852853398143917,0.603909111338655,-0.6054301977900344,-0.6673282456444024,1.220071376973658,-0.866313969209778
0.28617896120065706,0.9190429242608572,-1.2130039243059665,-0.10943789085011468,0.44790058171158026,-1.14139995499943,-0.21160927226957205,-1.1439631660732996,-0.7314339642997641,0.8279667777303399,1.0304211296099284,-0.666316817753376,-0.18721421910804542
-0.2465787201130771,-1.4066031801537493,1.0523889341376056,0.6592396726374444,-0.8304929643478876,0.9890405604773186,0.480904666582267,1.2976016014510945,1.4785541550641583,-0.33409118949441,-1.091765589457985,0.46551609908284475,0.4918855309936872
1.5214263702998487,-0.5566440325619294,1.147981565492944,-2.186070156667777,-1.5548513919126652,-0.20654204819884664,-1.9728493722975609,0.9258249031075786,-1.201731827356344,-2.342669820955883,0.6059837857963457,1.597349015919065,1.1709852810954193
-0.9391007562415477,0.3129123142179936,-0.701265319378634,0.43619077460836425,0.9375474480573865,0.1331411918404883,0.7351303764909776,-0.5519733850938744,0.09669458512655645,0.8187633717947922,-0.24289090183081968,-1.6304707839471937,-1.4095937692911642
0.30797216602754435,0.681032650498794,-1.1243859402393197,-0.5019758365266432,0.25926759610321065,-1.088669955557656,-0.43077793035802137,-0.9748187549638115,-0.849350582915579,0.494743302268225,1.4548584734235113,-0.49863786711097313,-0.7304940191894314
-0.34013042739272303,-1.4543633196352923,0.7970121612698181,0.39088443939606315,-0.7941790343826507,0.8591607886106616,0.3893448520553673,1.1775768297950575,1.316449730107779,-0.32681959857154463,-1.3039842613647763,0.6331950497252475,-0.05139426908769881
-0.4524948714138517,1.1577540838445919,-1.405895705129909,0.7700682408279383,1.1799879293515083,-0.759901224507944,0.6501218233657267,-1.3722324278248348,-0.2584135752901367,1.5703621837615733,0.3937651138895543,-1.2531931450017868,0.6277054810140335
0.22573711531651167,0.7203903414993069,1.4205219675954406,1.805659503191447,0.3500135754254122,0.9339875559581221,0.8330080012996818,0.4399064805453074,0.8078617100468997,0.17264602607991097,-0.455109573737611,-0.12136022816556628,1.306805231115766
0.5469651802167915,0.00993970758449742,-0.21978517093912145,-1.207257499937028,-0.4070694426483157,-0.5622773562900593,-0.9319400866017424,-0.1288595304849211,-0.8886266057297117,-0.6585356136503951,1.2426398015167197,1.0104726886706543,-1.2737738192708177
-1.1799393405462546,0.02861084796229604,-0.023783566327460533,0.7552182605698354,0.914347756460556,0.8287872670007026,1.0331465539337015,-0.027733830730124347,0.5312033940749686,0.5319459652517059,-0.8795469175511936,-0.8759155060563799,-0.5946740691690846
0.9083664097834093,0.6968204377547783,-0.18252166503877415,-0.7102030658589571,-0.18403839499896704,-0.792993622983649,-0.8634332264844455,-0.4518441340046553,-1.0125972668017327,-0.3478007376630968,0.818202457703137,0.2559174107798411,0.08442568093264737
1.0526767912482942,-1.0815441761773912,1.101537947743489,-1.0074789022283814,-1.5794362589808406,0.09416179659074579,-1.0980866515553325,1.162515670848681,0.031022317371361123,-1.5055771927637651,-0.030672229924028335,1.3877503276160614,0.76352543103438
0.24672555858886186,1.4840214257916389,-2.7578381883621015,-0.012485908894044478,0.8863700834491489,-2.305047744217392,-0.1391703271257458,-2.2976476817717,-1.0611552562023372,2.0433555026446104,1.6670771453303026,-1.5047115709653913,1.4426251811361122
-1.0634898401039163,-0.656032467345008,0.22210561758362105,0.5108113755552713,0.3310225809611893,0.934907054502518,0.8414049935193068,0.453729086179666,0.8380797125270106,0.18257812172497392,-1.6488396032133124,-0.3728786541291708,-1.1379538692504712
0.5965587487646382,-0.3002239931629144,0.49424457104319536,-0.3964668104619754,-0.6689385806039149,-0.046947328471344536,-0.5300801408794495,0.4289320132629646,-0.0766816809446159,-0.6376887504717274,0.048909772041018415,0.7589542627070504,-0.4588541191487384
-1.621280025563972,0.31608137590540974,-0.1282507663174224,1.0335876313918493,1.456504835143157,1.0650426579566474,1.4174091715692827,-0.2305812122776689,0.5306873903257301,0.7992205989215482,-0.799964915586147,-1.1274339320199847,0.22024563095299377
1.2514331576192868,1.3000827202283332,-0.5204555737821615,-0.5359722397122542,-0.007593542144964585,-1.300043925326293,-0.9556890288404156,-0.9444325746641502,-1.3130266886363973,0.02226426265305773,0.8977844596681839,0.004398984816236184,0.8993453810547266
0.3230803307690571,-3.2980892326400464,2.549382127801803,0.39610248817484967,-2.629847918182321,1.7351132729693035,0.03574387267360491,3.0886321958206837,2.62729585577299,-1.6270461979336013,-1.2244022593997295,1.1362319016524565,1.578445131156459
-0.18560011015517303,0.4176877987039272,-0.6597621850810833,0.0672826571827838,0.44263776797388843,-0.37581190900456507,0.13528659484856814,-0.5810514744981385,-0.246970984482743,0.5366840462792392,0.4733471158546011,-0.7501562930745775,-1.6540696793277878
0.08387452865824661,-0.36745308403585436,0.40163906680701106,0.11064609028447212,-0.32926396029349847,0.24968153308853244,0.013409363376259328,0.41040314948736917,0.34128868083411745,-0.2234809986432989,-0.3755275717725643,0.3816766237616432,-0.9749699292260552
0.8073908720873929,-0.13022121041601228,-0.05780727002738323,-1.7067558571213655,-0.7056727489953919,-0.6242702050569869,-1.3358608146838096,0.03263143118725778,-1.154015719922164,-1.1191721094943334,1.3222218034817665,1.5135095405978636,-0.2958701791243225
-2.0297173623684253,-0.05413125743397996,-0.054342708732720776,1.0468126909177007,1.4981099016286668,1.4153070203347797,1.6438616886521673,-0.0035214294763007466,0.8027922124718242,0.7532376491815798,-1.4366209313065208,-1.378952357983589,0.3832295709774099
1.0513646888901205,1.651235151666711,0.2534688356851628,1.0460689636824998,0.39788428954716676,-0.559254926046623,-0.012069276914589198,-0.6840669101583365,-0.40670217692242017,0.5237165408857893,0.26112844394780976,-0.24711944114736856,1.062329321079142
0.03493122538740062,-0.7938613652480464,0.3861463131907472,-0.17422579619705142,-0.6005709953319702,0.27286641411540924,-0.1108487467088043,0.6152148707328584,0.4355506899220651,-0.4059320573209557,-0.5877462436793556,0.8847134756888523,-1.518249729307441
-0.013181908511124862,0.7138908297831952,-1.2440029502864065,-0.09203554442392019,0.5262644768767167,-0.9503920232356684,-0.04155838698061873,-1.0586960885939656,-0.5732918119912793,0.8628801241244014,1.1100031315749752,-1.0016747190381823,-0.8391499792057087
-0.48986898039995214,-0.7428107239474258,0.6607590143259071,0.6550924099248736,-0.16618095936356744,0.8615345967698252,0.6094383962252001,0.7444340841167386,1.0049565759831074,-0.04553884388550305,-1.0121835874929381,0.13015819779803825,-0.1600502291039761
1.1669661069980257,-0.19432023473245214,0.45752565540817286,-1.7528395790337798,-1.0243620166878653,-0.4848035480906683,-1.5534245743672084,0.3551990862325014,-1.1422271728140827,-1.5339644381900726,0.6855657877613924,1.2619911146342586,0.5190495209977566
-0.31304613713757773,1.4307559416637317,0.22928288634422578,1.68822917829516,1.2718059641936574,0.40166331103135855,1.0604462931295622,-0.5872838659381995,0.21852484119222798,0.9789772679177601,-0.16330889986577293,-0.6243970800927752,1.1981492710994888
0.46584186556467866,0.2451691311876538,-0.5254130309943934,-1.0417824622823928,-0.17551240466642085,-0.7398531667113002,-0.8008960714929831,-0.41892875563085835,-0.9345476277937964,-0.31846869623383867,1.5344404753885579,0.5074358367434453,-1.3824297792870948
-0.14148900190212726,-1.5920344621091747,0.6407549004984192,-0.18493548748733069,-1.0441878920275591,0.5959800202236243,-0.021714142444669054,1.1584479035140158,0.9935629982872975,-0.6026557893621177,-1.5427302672599166,1.6392687535796655,-0.7033300291853621
-0.8538085347064198,0.769767971814898,-1.1062850076442454,0.6494593036191194,1.2033440485850773,-0.24060218046662926,0.8020145538572397,-1.0090546045438742,-0.07143906620104916,1.2653227655204649,0.1550191079944141,-1.5885510462865928,-0.02423027908362949
-0.9707350313252089,0.2847658175755796,0.5835541636441854,1.30899340011253,0.9411511096035436,1.1472025171853864,1.2134096340846425,0.18630986573003638,0.7539979073261792,0.4571630903432159,-0.6938555796327512,-0.45671812945037227,0.6548694710181027
1.8452858563894992,0.8784908023914388,0.17088234898533985,-2.2999366997106305,-0.76225505780823,-1.1929738575406428,-2.207045846642442,-0.343628285770846,-2.302262457689225,-1.6932339651797441,1.0038937956215797,0.6751147873858483,1.3339692211198348
-1.2559830702812218,-0.08260477434204208,-0.19756714711207218,0.5817698955326677,0.891511022419052,0.7492938415285577,0.9823381395007429,-0.06999031269656465,0.4833873994715623,0.5431363879249015,-1.118292923446334,-1.211273407341186,-1.2466098292667482
0.4561888090733159,0.5949359701727434,-0.3005012840974374,-0.14941818028346338,0.08474749792086514,-0.5593838614024644,-0.3240893873271857,-0.46731977296668764,-0.530866263908948,0.12183245858141631,0.5794564518079968,-0.07944049050496552,-0.5675100791650153
0.637394254325657,-0.9560127225432478,0.8165053149323066,-0.37863743054809756,-1.174128170871733,0.17238685513895494,-0.5425990849947326,0.9389913992877922,0.4012331207987468,-0.8653132131728162,-0.2694182358191686,1.052392426331255,0.11158967093671669
0.5022740056696245,1.2286238503603149,-2.0020395937897573,-0.2578934238712648,0.5081223401236986,-1.905354891996803,-0.4061818642772603,-1.743739893552496,-1.0593062274139269,1.313928906082548,1.4283311394351623,-0.8339957683957792,0.7906894210384493
-0.6920917312120732,-1.8791492426137164,1.8251173166507006,1.3110470785588788,-0.8348145243698006,1.9051238174211282,1.0647734122593215,1.9697992712073944,2.289518589895643,-0.46517315345900806,-1.3305115953531252,0.2978371484404417,1.4697891711401816
0.5057331275240796,-0.5233210569872412,0.24874818110937305,-0.9784128044150195,-0.7614917509739485,-0.17116072498724988,-0.7888393415404157,0.40228460521547393,-0.34348258450000246,-0.8513016132583182,0.36723777990120543,1.429670065276662,-1.1107898792464017
-1.2385200004094064,0.40623082120734916,-0.5501532370397173,0.7272970927672183,1.2318073949291328,0.46470552121279435,1.0498668167333247,-0.5135328459620393,0.2431158394386126,0.9045575867886941,-0.48163690772595996,-1.4627918333047905,-0.4316901291446691
0.6524913731878238,1.0113839493962222,-1.1503775863209549,-0.4801028019411167,0.23724508812480327,-1.356072587930406,-0.604336178999878,-1.1549080311365507,-1.0675674915151903,0.5289753366317876,1.216112467528371,-0.33095891646857006,0.24740962095706331
0.27646031255148573,-1.9970350222039899,1.4723711978286882,0.44904634634570406,-1.653625823614239,0.9375769682335979,0.08877505195366386,1.8300110845090314,1.7436269158146736,-0.7896888821870259,-0.9060742515395426,0.8008740003676508,0.9265093710587959
0.28525905008445235,1.866876438503834,-2.7980124673165134,0.8521476256914554,1.134063832439784,-2.3637108283514827,0.2970887245477465,-2.512024717043237,-0.7011803588550166,2.662000454418328,0.7916751237147881,-1.0855141943593838,1.6056091211605281
-0.0197141689473597,-0.0254885893542057,0.007764489251391313,0.02174401792753027,-0.0035021493233775695,0.02014477832406437,0.022084730716346375,0.01714107042994794,0.03394733290756908,0.009029301095428916,-0.05719956391237726,0.0463187224768371,-1.6269056893237184
0.6104643318823378,0.04154335590267309,-0.32043853071646866,-1.4461136974865378,-0.4323065782392987,-0.685529402404033,-1.0922966068171942,-0.2014197506323204,-1.0854516198764586,-0.746292917980637,1.6405498113419537,1.178151639313057,-0.9478059392219859
-1.4784643580555057,-0.4777505846908969,0.23053642153095577,0.7790335502823573,0.774246122557457,1.239343420724232,1.2061375951125364,0.3691979818216752,0.9075588051987902,0.3589460491450899,-1.5957849352366145,-0.7082365554139768,-0.2687061891202532
0.9877809008118525,0.29492684763421084,0.7561813644994131,0.03246769526218464,-0.534831566002496,-0.12571865513246705,-0.5135985545465014,0.278522441972413,-0.18536758152349944,-0.540497814740513,0.10196444001771625,0.4235963614222438,0.4103935609814792
0.7010004604951996,-2.3048196783917425,1.7694106237129557,-0.43278774551267635,-2.1977496297537296,0.8619696812351728,-0.6053949624856558,2.1515749240123165,1.3178734637816982,-1.6111562929278367,-0.7469102476094491,1.555429278258464,1.0894933110832115
-0.2754389419761802,0.5463844530552183,-1.1375745606059164,-0.0022661467753855437,0.603751971363759,-0.6799856690155017,0.14680215399691213,-0.9148210307157341,-0.3889922175478539,0.8448230776276384,0.9508391276448818,-1.3370326203229883,-1.491085739303372
-0.8247342552799676,-0.5327687061479107,0.3396333263926936,0.5815228713886725,0.23933854835283577,0.854175103787446,0.7504874477592631,0.45824330950787284,0.8023327252811947,0.14328598043859883,-1.1713475914230318,-0.2051997034867678,-0.8119859892016393
0.8690663565865245,-0.0626162107644704,0.32940243955061527,-1.0624292412755194,-0.7034927604643504,-0.36978434974334445,-1.0284700270557987,0.21702548424084678,-0.7314324983496835,-0.9685184517440483,0.526401783831299,0.9266332133494529,-0.1328862390999068
-1.0669070798537021,0.8241373696637816,-0.2505551790507665,1.1716708868803716,1.4040591316556095,0.5726617358328032,1.1925093682020242,-0.553951175061755,0.27135447990495953,0.9842412623420741,-0.32247290379586646,-0.9597549813775814,0.5462135110018259
1.482026747927601,1.2574308226929694,-0.8725863160971359,-1.4789503407207796,-0.21308492171573928,-1.737298124904995,-1.5779619683989852,-1.1215508447555216,-1.9713848265564289,-0.35784923152048725,1.3752764714584644,0.1720779354586392,1.225313261103558
-0.19646292495181397,-1.3173475891496444,0.46407551992355633,-0.12232229229366785,-0.8039004003333139,0.49912515074207003,0.04091608906719063,0.9213002019750782,0.8445570004988425,-0.4285694667835155,-1.3835662633298231,1.3039108522948595,-1.3552657892830255
-0.03364371597234204,0.6430453337119166,-0.5007608555229751,0.3086955628484307,0.49052677427375296,-0.36222582545248017,0.18122501496151974,-0.6042889818673032,-0.23044132711811013,0.5827708519421178,0.3141831119245076,-0.5824773424321745,-0.6761660391812928
0.2835773262891978,-0.7298638898324669,0.8293518050118646,0.29798651048302677,-0.7426068190020956,0.4363221673013963,0.005114884626281491,0.8329775443356253,0.735007633202836,-0.4141375839829765,-0.5346915757026578,0.5493555744040463,0.0029337109204394026
1.2214992288082,-0.20664952340194542,0.35381938008439956,-2.1930823025097728,-1.0745804962810035,-0.603974014917297,-1.8153974212992434,0.30291959741410335,-1.4549669395166667,-1.7565804712782753,1.163057799551673,1.6811884912402666,0.682033461022172
-2.607021380647867,0.37147421542503306,-0.39704856296811436,1.619268828747933,2.243140434695208,1.565355640950154,2.2566072236412484,-0.40982948791747204,0.9191030667220494,1.398016582328307,-0.9591289195162404,-1.6584172757209275,1.3611332111239043
0.08592485430638193,0.5464729646516883,-0.7145574116777409,-0.09191057083789521,0.3301280666019916,-0.6130327255131033,-0.09474473389093738,-0.6764320525328755,-0.45451635391645123,0.469052765501426,0.7386204557380903,-0.5265843588847067,-1.2194458392626788
0.4495921970876715,-0.3132177009187968,0.5058926549273163,-0.1429802381965831,-0.5670267423372088,0.0675549243999916,-0.3171423814855919,0.4420046635046088,0.11763415462553363,-0.4737484233122647,-0.1102542318890751,0.6052485579515137,-0.5403460891609462
0.07510031810691949,0.9119637068439305,-1.8190176330615184,-0.18914970249690846,0.6026466349075741,-1.4574479287488697,-0.14031991952833062,-1.481997092496042,-0.7846236964814889,1.2245685091421221,1.5874951433652558,-1.2811396367755206,0.138753660940786
-1.3242983211610215,-0.9665989086187591,0.9141108422847213,1.116926100766463,0.30395294524165284,1.656096648086163,1.3018787925448276,0.9993082184243918,1.5008488342473576,0.08044142890776165,-1.4896755992832187,-0.1493067199393,0.8178534110425186
1.9325801763321269,-0.28223920982109474,1.6995484858315728,-1.2367542261117532,-1.6678013793321997,-0.07614860134653188,-1.6920528318155175,1.0992939429888275,-0.7030375573286167,-2.106623099437442,0.20807377597111193,0.9825261968969203,1.4969531611442508
-0.92430145115456,0.11276113785831184,-0.18092887774229305,0.5930449646082414,0.7815909005116335,0.5240006360125185,0.810076740778996,-0.1584509244663564,0.35312398807810624,0.5384348918924461,-0.6408009116560535,-0.9038619978301138,-1.0836258892423325
0.6915244818367241,0.5594309285795077,-0.4403042767382278,-0.8167933614963978,-0.11916686052152364,-0.8362134000415324,-0.8032525649833954,-0.5283387908448568,-0.9930363084032482,-0.22858858146100572,1.0569484635982773,0.227970919006107,-0.4045261391405998
0.16988405313380142,-1.9107090236426612,1.0417101776900448,-0.12075076233412659,-1.5104772708586898,0.6818012102472871,-0.15510020145585393,1.5440374734561186,1.2663444370937886,-0.8572649793526617,-1.065238255469636,1.3598038358423272,0.27457361096113264
-0.47855613678455544,1.2018715266154616,-1.94783132901613,0.725100180498436,1.2316315053799831,-1.1593407749297582,0.6403592653024338,-1.699787948220116,-0.32252606964332603,1.942947280273906,0.6325111197846947,-1.532658062739125,0.9536733610628653
0.3181152611502438,1.84190523424102,1.1104723669008627,2.3569454575779614,1.0911203592842487,0.6284344841743061,1.074728979343658,-0.2965046010356235,0.41537623630095477,0.7787129867003325,-0.21636356784247077,-0.4008251459029045,1.6327731111645976
0.4521505317577645,0.12523331572681123,-0.4177747589785412,-1.0842598820581872,-0.25187966876520895,-0.646971216779904,-0.8159889664637591,-0.2981949665325222,-0.880542377526239,-0.42747673163257416,1.48138580741186,0.7310077709333161,-1.5997416993196492
-1.3854825610575183,-0.14576863938459828,-0.10889690432070534,0.65370168509308,0.9439110399383731,0.9106848690654141,1.0899376455124032,0.011620909959836485,0.5806919197789828,0.5261454071863636,-1.2774569273764274,-1.1553804237937184,-0.9206419492179166
0.562171313718925,0.6500284440094191,-0.07448278279167186,0.009610778289487908,0.04432148508877053,-0.4610812383761083,-0.2969885239924449,-0.3675147841636269,-0.4537935465038954,0.061960157684768244,0.42029244787790326,-0.023547506957497716,-0.24154219911618385
0.6482038101778522,-1.3188771261460612,1.031942015107401,-0.27894333634587404,-1.444736043835009,0.3308541934256922,-0.4957183876509515,1.242143722224305,0.7312713223434267,-0.9577154436261255,-0.42858223974926213,1.1082854098787223,0.43755755098554855
0.6616217400147903,1.457843092580276,-2.2030472492724966,-0.11701466375084894,0.5532060894559723,-2.1748535290188817,-0.4173478834737972,-1.9718301336122779,-1.1189276053501378,1.5594090647883263,1.2691671355050687,-0.7781027848483113,1.1166573010872807
-0.2840295074372414,-0.6630187654312224,0.34785156436170417,0.1825355372969135,-0.2643736528295871,0.4723168006630126,0.24908686429247903,0.528104417110009,0.6033142519321084,-0.13451091030255416,-0.8530195835628447,0.3537301319879091,-1.4639217492993026
0.647507395852665,-0.31449134809520574,0.10279737310320683,-1.3504647439485051,-0.7178438644442243,-0.3855613539432603,-1.0616496718846042,0.21543814398190075,-0.7632089591448991,-0.9960541666350246,0.844729791691486,1.4855630488241292,-0.78482199919757
-0.8867522061888915,0.7252337810749026,-0.8770235550315487,0.7111244116922979,1.1960879491219485,-0.04005518583116688,0.8523063429830374,-0.8575289442564802,0.005161613795991982,1.1367397118832063,-0.00414489593567942,-1.406898849757323,-0.10572224909583725
0.7901814009791206,1.0117284453456483,-1.3869867815073798,-0.8966799404320395,0.13321123636766632,-1.6374917283834916,-0.8984837852043139,-1.28844515252172,-1.3720104204593164,0.42135493177900896,1.6936044793186513,-0.27506593292110226,0.5733775010058951
-0.4142119914812878,-2.518171820297249,1.7909134527861266,0.6511930611896036,-1.5074103353707962,1.6792286043615423,0.5667252862763941,2.270541196677312,2.2606803677793645,-0.8890395517397225,-1.6919465209443791,0.8567669839151184,1.2524772511076274
-0.556035412497843,0.39432033296056884,-0.5700695638964631,0.3812385679658493,0.7062970289436937,-0.040651978716029054,0.5002577811614489,-0.5187939262169147,-0.001144332531010868,0.6837338906932663,0.0058028543099514236,-1.029621210811916,-1.328101799278956
-0.38431120706606947,-0.5347446902117852,0.4894929350635752,0.4994456679504555,-0.09565588838674327,0.6536027043388618,0.47045948454116304,0.5437011354843948,0.7437979708949728,-0.024099806856804597,-0.8430718333172139,0.10221170602430453,-0.6490020491772235
0.9422165240310232,-0.11276711120062899,0.19138005232935412,-1.6124481468401106,-0.795163649231976,-0.5287987901420319,-1.3584636207388936,0.16434471276310653,-1.0975224264403414,-1.2403528704571543,0.8546775419371169,1.2340446228605249,0.030097700924508725
-1.8383085298465807,-0.24855835310645963,0.4925398981090007,1.239703223669942,1.2125333230075976,1.6998521847367671,1.642957020297441,0.40209715233871257,1.0814787133860346,0.47769679964820844,-1.2675091771307965,-0.652343571866509,0.7091974510262413
2.025733444134706,1.0562706885813875,1.0233356575936838,-0.6188748488937104,-0.7703523911553689,-0.6647848057542288,-1.4155533220810337,0.04782467182886626,-1.2007241906293595,-1.1827817967739302,0.4302401981235341,0.4794893449697116,1.3882972011279735
0.24907038018211686,-1.046548311639118,0.42701169902639824,-0.5961274333710275,-0.9454960668444505,0.1506562283206708,-0.4488882975847589,0.7647936059383891,0.3065961508330301,-0.723621769262524,-0.41863448950363125,1.6113222618059317,-1.1922818492586098
-0.24223994822966033,0.7413534272197179,-1.5636895300006042,0.0027815104208548536,0.7196080737435759,-1.03260550464517,0.13163127037028713,-1.2526403939857347,-0.5235217023226743,1.1652937210365149,1.2791148857506995,-1.6164975380603266,-0.5131820991568768
-1.4535876842775677,-0.5631064671617968,0.43821175459726125,0.9137986901980032,0.6936763769888901,1.3817226942694505,1.2639949567077782,0.5290000428069251,1.0664785055218102,0.29619927584229544,-1.4797278490375878,-0.48466462122410603,0.16591765094485533
1.3789301516507575,0.2317366584563967,0.9476426943523375,-0.46863967362836817,-0.8767769417455356,-0.2588155643963862,-0.9886104998473778,0.41808496823753144,-0.5064969695479237,-1.0241658831633205,0.21802152621674276,0.6471682956121142,0.8450174010465875
-2.533925944512072,0.830269487235162,-0.20046223844861896,1.8932680683927408,2.5195772912807097,1.6645600871559088,2.3621415653052424,-0.5287872751077077,0.7939420218930461,1.4383288108040495,-0.6308531614104226,-1.2392198991149201,1.5241171511483202
0.37949215117824375,0.5129988620288932,-0.6537131949326023,-0.5120468090339944,0.08357929093912154,-0.7768530085136078,-0.4745298709568387,-0.6253735077120324,-0.7375839152239587,0.1377007287076129,1.0668962138439082,-0.10738698227869921,-1.056461899238263
-0.020595254191534858,-1.4506443569741327,0.7184872729829704,0.0323052978718063,-1.033497467837584,0.5691615176376913,0.028139858284384627,1.1314538871256827,1.0519667064613167,-0.5125636376270519,-1.0552905052240051,1.0244459345575212,-0.3773621491365305
0.09585237730863988,1.1427255665212055,-1.252319860818563,0.4150374351493692,0.7538148978336104,-1.0350904883019012,0.1678460329414937,-1.2781432723647497,-0.5070152081567064,1.214349186499617,0.6424588700303254,-0.861942260169513,0.30173760096520197
1.0448512263811027,0.35940716162050446,1.3360378662623464,0.9324993916446873,-0.5314234957954898,0.28071715746697024,-0.06859163949517243,0.573066552378448,0.4261552569607078,-0.35905792114846335,-0.2064158175968399,0.269890656666708,0.9808373510669346
2.185477359180063,0.45276098781939667,0.9808964115694752,-3.3394319757070474,-1.3277924156084697,-0.8122186239346919,-2.9392182293037363,0.32613997029345726,-2.7595329356213867,-3.0037155567187153,1.4913335576574909,1.4017235735029283,1.6599371011686668
-1.3377012029726243,-0.22853390753939407,-0.22426793702786552,0.5015201960790691,0.8478673724843263,0.7873614658644237,0.983834768496421,-0.011959248465133103,0.5282369766958512,0.5083575989207539,-1.5858371849909836,-1.4907383250785244,-1.5725777093155797
-0.02981961101656733,0.41913418872948244,-0.19530106061210448,0.28778331107696975,0.3256995270017441,-0.1292826654040208,0.16811798300718783,-0.3199826521327428,-0.08697931152946305,0.3412661140188864,0.11191219026334709,-0.35890540824230377,-0.8934779592138473
0.13994073201482435,-1.1142084742380582,0.7689296044798118,0.1332931761064799,-0.911775350241991,0.4928252103001535,-0.004747206690049533,0.9913994217809063,0.8872087095123784,-0.48132753067372647,-0.7369624973638182,0.772927508593917,-0.21437820911211453
0.046019479885688414,1.1428510448081681,-1.8043926801580354,0.23159633657702375,0.7916478349844235,-1.4252849013895497,0.09767270187377038,-1.589381549762641,-0.6410590538722101,1.500186006106728,0.9607868778905125,-1.1134606861331175,0.4647215409896179
-0.8987898615535999,-0.9899833805582419,1.3042436268200508,1.3287727157331266,-0.03522802242066378,1.6516237474058515,1.1852052879085138,1.2309171602552242,1.672123881616854,-0.065568314549742,-1.161399841177401,0.018372230703103027,1.1438212910913501
0.46444677264542983,-0.3045860181609978,0.1072313918449219,-0.9046756680812672,-0.5720348546538855,-0.25071161080986304,-0.727684693009336,0.21297681093208845,-0.44470068980858796,-0.6958019638874633,0.5363495340769298,1.1502051475393233,-1.4367577592952334
-0.6199827882197347,0.3385129909663375,-0.19220989538607222,0.6158481708255623,0.7143696971587659,0.29681053848128497,0.6586107919741624,-0.2778654249922851,0.2097379149746561,0.5623554622027551,-0.3125251535502356,-0.7361830471877105,-0.7576580091935007
0.8164977567193775,0.5661562942049656,-0.5434838970882886,-1.247012005820382,-0.20895476109035266,-1.0055500684707694,-1.0977767781207237,-0.5898639541738031,-1.3119641884671844,-0.44477075460654003,1.3852242217040953,0.39564986964851,-0.07855825909176835
0.08900306164088824,-2.2064219575421253,1.320688480615938,-0.08065535966646882,-1.6630775421292427,0.9551256948755653,-0.09045028059846065,1.8493756859803128,1.5052573107257414,-1.0375252963528017,-1.3736185130841922,1.5274827864847302,0.6005414910099645
-0.6666626537457191,1.3900958768205331,-1.6950963494035316,1.1652289802515041,1.5102212107483743,-0.8292826388143708,0.9740440318094175,-1.6515963466954817,-0.13456326130262078,2.0546069825973152,0.3241308621701384,-1.364979112096722,1.2796412411116966
-0.40620538387353267,-0.10735664322683962,0.11360012860760357,0.38663675888740423,0.23001024490541389,0.37928779948799507,0.422603556687275,0.11779456719375828,0.3584414322996303,0.1787530039151962,-0.5247438254570269,-0.2331461952605015,-1.300937809274887
0.7149732901798446,0.13596610137830706,-0.17761987498524795,-1.3313898102637574,-0.44317318795588595,-0.6503647301302915,-1.0878194680154578,-0.16820679517358172,-1.0686135863851247,-0.7744324039183859,1.173005549797304,0.8986867215757192,-0.6218380591731542
-1.5651122471763554,0.12612521856224096,0.015447772790691634,0.9773950277535098,1.2765898049961586,1.1355928233488293,1.3575307745928251,-0.05445606814698098,0.6243154698816532,0.654044305767539,-0.9491811692706096,-0.9877014731513155,0.057261690928578045
1.2456494236581277,1.1170783618300957,-0.11382788262821496,-0.5180672301237038,-0.13556055170693945,-0.9821430187380019,-0.9431183876122867,-0.6235890510699483,-1.1702182261903393,-0.2680785032483776,0.7485682059837211,0.1441314436849051,0.7363614410303106
1.5103847468850249,-1.3513352667317782,1.9436181045996135,-0.9643202575656374,-2.121203854914349,0.41528777150784396,-1.3212143062585153,1.7722642344918222,0.2537958200184425,-2.10270472821491,-0.10030648164344425,1.2759643605211255,1.415461191132043
0.1937053930825525,0.5774071511399098,-1.1232930476697727,-0.5047213032424214,0.2708691640711632,-1.0057887777056875,-0.37083069952622716,-0.9223073560495437,-0.777894263186191,0.4920607092803651,1.5974428936108866,-0.6104238342059083,-1.1651178592545404
-0.6010700878272673,-1.3133225737714997,0.5967746259913315,0.366299543482138,-0.4945501757550879,0.8920020209873563,0.5165606081859756,0.9940802377860098,1.1985118132016903,-0.19458158344435864,-1.6388918529676815,0.5214090826303122,-0.48601810915280796
0.795439908922134,-0.9817271706895923,0.7257872254808162,-1.1035474785913657,-1.3124245112152237,-0.011079003445497112,-1.0106400386681205,0.9007359462525871,-0.10989147845497678,-1.291431099261514,0.058857522286649255,1.6532419994665324,0.19308164094892466
-2.1037424383891135,0.4793310060329535,-0.43439904518267997,1.2847016184416757,1.9399708037520569,1.1752070103759604,1.8093628277536329,-0.48489647061378693,0.5983300199551232,1.1979888424312541,-0.7900171653405161,-1.5745778003997257,0.8721813910506573
1.3204703718656068,1.994771762503171,-1.7184690091343782,0.18189528158749016,0.44251362652763293,-2.2739803376878234,-0.6133870627085594,-1.9675904998789306,-1.281287557531984,1.4024150480289035,0.9077322099138148,-0.4427448835635052,1.5512811411523895
-0.3008508290071718,-1.1198486097287805,0.5133660101437617,0.16259625986524404,-0.582009735214486,0.6121024067902501,0.2475873286812307,0.8501757557217371,0.912605160532714,-0.27123246573834187,-1.2144545091540988,0.6890880332727152,-1.0292979092341938
-0.360178733025237,0.815914244382393,-1.122584756358977,0.40811613381868683,0.8628538230246333,-0.6075807397077391,0.40922433226839366,-1.041351883757194,-0.28038956327937736,1.1131121277265952,0.4832948661002319,-1.197300161454319,-0.35019815913246094
0.10553874055703234,0.28689885438650636,0.7105863640921056,0.929046228622081,0.1275508275259913,0.4725072848151677,0.4342980490769601,0.2568432524932925,0.47503550436594244,0.10393251268170711,-0.3655798215269334,-0.06546724461809846,0.3289015909692713
1.4863481510579593,0.4134258478175881,0.0295964928556937,-2.4652135248408205,-0.8267363079338098,-1.0442885296180506,-2.1015299621055066,-0.19036058884259513,-2.0932639887472813,-1.700657908440664,1.3321695537273974,1.0663656722181218,1.0080013410710038
-3.0046343421290396,-0.32794484694866294,0.8641830082153494,2.061581672882566,2.0384676148694734,2.823971526483666,2.704019014191018,0.6513300752491572,1.7379200263703845,0.7608325231835453,-1.4266731810608901,-0.820022522508912,1.6871010911727362
0.20934799040407842,-0.007680396903765489,-0.03359538223679376,-0.29112558270316186,-0.16410934936257376,-0.17622329520831242,-0.2663492171408408,-0.015089688910812955,-0.20714503423026823,-0.1732408621939566,0.2710761941934406,0.3118103943273085,-1.6758008713310433
0.21116351597831223,-1.1344189239322966,0.5016839621267947,-0.4476475873977808,-0.9803337634326645,0.23548760658884302,-0.3500475590590517,0.850887954857453,0.477313510365863,-0.6780742536761019,-0.5777984934337248,1.4436433111635287,-0.9967011212293105
-0.20132731765680273,0.8204142431393266,-1.5755072096996374,0.07382181756546816,0.7457980951473137,-1.071097121992343,0.1471931790307684,-1.2988948792610762,-0.5276926706615699,1.2224596619791732,1.119950881820606,-1.4488185874179236,-0.31760137112757814
-1.0510287067688628,-0.29177605592775313,0.6123361521970859,1.0606872529725344,0.5850125052878551,1.227057218757886,1.1253220291470847,0.4912635402097732,0.9813926600277989,0.2666699161640224,-1.0022358372473075,-0.316985670581703,0.36149837897415427
1.6012591054466718,0.4294818056402483,0.5407985529027618,-1.7874986330109746,-0.9021554395546735,-0.7323522865315824,-1.8050979414714836,0.08973729244916143,-1.6097558880398959,-1.6195206461347167,0.6955135380070233,0.8148472462545179,1.0405981290758866
-0.6596457242577161,0.2902173577876209,-0.5049656149045483,0.3862936824572772,0.7094823521599748,0.08396845695596304,0.5586016984981709,-0.4299636237818965,0.07634672273583991,0.6387381198417537,-0.15336114962014208,-1.071540948472517,-1.5399809213106965
0.484340713083477,0.5034036201629241,-0.7863987257545303,-0.8796280972126033,-0.0027696031358358762,-0.9545074885544097,-0.7251363841435855,-0.6953563363564829,-0.9992020380676713,-0.013877114955678024,1.5443882256341888,0.06029196836370399,-0.8608811712089641
-0.22489910159946291,-1.738810120339434,0.8081510551673563,0.06743931557961323,-1.0871622893535722,0.7850249916197439,0.1564856627784252,1.32630550528541,1.2819063444006056,-0.5553505277118287,-1.5327825170142857,1.192124885199924,-0.18178142110723172
-0.0383214480425314,1.171346309977624,-0.47371717742509906,0.9157026347096062,0.8761331231409909,-0.33800090500236274,0.5045453449157056,-0.8536176397936408,-0.16170208149294812,0.9759794252518768,0.16496685824004492,-0.6942633095271098,0.4973183289945009
0.4505796462514719,-1.1233236935934996,1.6655710195450977,0.9995915788224033,-1.1536375694984617,0.9616382501661301,0.28618308996146835,1.5013555743248763,1.526270965594142,-0.5585486015579183,-0.6839078293871205,0.43756960730911065,1.176418079096233
0.5079522518978581,-0.30434082296400783,-0.031534746098116566,-1.2569243295147408,-0.6048074948263706,-0.38901649283440803,-0.9372267390385521,0.13463858629866055,-0.7020983943592531,-0.8324153332091767,1.0138415458672103,1.569402524145331,-1.4041609712903502
-1.4465041422684222,0.003676039585357776,-0.21551469326190112,0.7015470245826705,1.0982046028278654,0.8722305043861989,1.148012525866946,-0.1233156496229497,0.5096873776743204,0.6380493711441199,-1.108345173200703,-1.3230593744361214,-0.7250612211886175
0.584503715367067,0.8771009167694047,-0.3795924743974354,0.01709877828065431,0.19162469743097738,-0.7125333472372413,-0.30503079614414236,-0.6532069634697948,-0.609299501521909,0.29406343972573834,0.5894042020536276,-0.19122645759990076,-0.045961471086885336
0.8728348063984904,-0.9675513651762061,1.1125530718198908,-0.23727905423785375,-1.3607896310704855,0.23177860843693862,-0.5943980860167449,1.1116370228701415,0.5126376460613062,-0.9893203679524549,-0.25947048557353775,0.9406064592363197,0.6331382790148471
0.6252807161838825,1.498755123056759,-2.5430056600493414,-0.1449835380758491,0.6103171662142512,-2.411069811512627,-0.4126027137204726,-2.1839360840761843,-1.168354370468903,1.7932964720858648,1.438278889680793,-0.9457817354907143,1.3122380291165798
-0.6094436582840094,-0.8227786475460437,0.3678730232984966,0.34519779400850964,-0.13345032429108072,0.7213964270203694,0.5099075236394524,0.6193968469655843,0.8353511093355253,-0.038645453855296705,-1.3205638451074944,0.18605118134550605,-1.2683410212700037
0.652767322572883,-0.47228665906640893,0.33990436523516854,-1.0511796045032016,-0.8359440609887357,-0.20638914869388467,-0.9063019649145133,0.4281068224913326,-0.43279815723781634,-0.9686717680185191,0.37718553014683626,1.3178840981817264,-0.5892412711682712
-0.6986858106988285,0.42224872696397003,0.19223988073846301,0.9906682923413925,0.8345344966035685,0.649951722108557,0.8989944582670786,-0.10310523880309726,0.42408314127495583,0.5315474798418529,-0.4716891574803291,-0.5685040965453075,0.08985847893346127
1.3039134316388576,0.7352963488760876,-0.2914188341143008,-1.7577390752987143,-0.45579032379991086,-1.161000502877256,-1.6295990081664842,-0.5324925832122391,-1.8048194394208121,-0.9800789127730889,1.2260602177740016,0.5633288202909131,0.7689582290351937
0.7741678281769127,-2.7907275026615777,2.53088335618504,-0.45237034783372737,-2.604569888940059,1.3969812568973268,-0.6550590338369104,2.824119891794461,1.6480384992804573,-2.191033544181696,-0.8961265012939117,1.6951617371271335,1.4480579791369264
-0.4650409839162979,0.5904392964102468,-1.2510043360421483,0.14745687133487376,0.7792119763485067,-0.6313816314222876,0.3278093056808981,-1.0008181954665505,-0.31089032594909827,1.0311667910222488,0.801622873960419,-1.694126681876254,-1.1325210712496572
-0.24285098466536864,0.5585503083221247,-0.18667725803878005,0.5953560166520646,0.5878689272346208,0.030317381807250326,0.44513877163839427,-0.38494109605294774,0.03878719727870035,0.54428540552369,-0.04725181366674641,-0.5622937650400336,-0.45342132114792477
0.9392247967538175,0.5485538064546056,-0.5913903408056935,-1.5843339242348073,-0.31463515198114217,-1.1306260094434024,-1.341997560164784,-0.6080511040801327,-1.545809479694124,-0.6388205233174471,1.6504975615875845,0.5695391517961872,0.22567842895380769
-2.2993208909673397,-0.19394302499990534,0.15715300901363358,1.2768481422064861,1.6011899946990205,1.7720563368766271,1.9103011241356815,0.1857053595356717,1.0698858368478126,0.7525208866655803,-1.6654191869560304,-1.316849042930847,0.9047781790555404
1.5284716025637732,2.1863085853457904,1.2793935751065815,2.038565540575872,0.4234967719054938,-0.11020443472570761,0.25611033689581564,-0.37376862297289104,-0.061266522857773974,0.4362395840116636,0.032330188298300346,-0.1850161260946268,1.5838779291572724
-0.07702290948055898,-0.9247352523554915,0.38445137108328237,-0.13893957575745822,-0.6104268041236889,0.3519361758699294,-0.0320441762130234,0.6798008330965476,0.554095688040088,-0.38064355846286685,-0.8165444993288651,0.9468167907415939,-1.6486368813269738
-0.06199917560673036,0.6743662358289196,-1.071271146964846,0.0019282734029452543,0.5346535475246073,-0.7820660874292397,0.03433272028840444,-0.941542117049456,-0.47665687524855693,0.7983488212270428,0.8812048759254658,-0.9395714039854404,-0.9695371312252413
-0.6088941285041816,-0.9490423426850582,0.6184531879070385,0.5761860882346062,-0.22517954095349213,0.9143461844391185,0.6316909458422109,0.823868714901569,1.0935361678701132,-0.06779259284530205,-1.2409818431424475,0.19226151285078055,-0.29043738112350903
1.0485981916219742,-0.43058186033819623,0.5728492496781402,-1.4554436721664692,-1.1055758597521188,-0.3108390752173539,-1.3326471889199005,0.5385203762506657,-0.7575703976058916,-1.4172604820791876,0.45676753211188303,1.3240944296870008,0.3886623689782236
-1.7898080344427965,0.8094109360529206,-0.7693610953344657,1.3396986121242698,1.9409162099337993,0.6913653427158845,1.669744724558614,-0.8390007867223243,0.40449372242432324,1.4846528587681946,-0.39210715551528236,-1.5683674688944518,1.0677621190799558
0.18182349033029918,0.4864420445246188,-0.8926728459161309,-0.4520181121573098,0.2140828950106946,-0.8193147033556489,-0.33659232126499156,-0.7467633513026507,-0.6749225376073319,0.3563642953983213,1.3056422197390485,-0.43653455205823133,-1.5128169313066275
-0.4154332715056479,-1.2653744496552568,0.5458162538487149,0.21890147433914892,-0.6004711186948257,0.7194051312234513,0.33891281501014364,0.9413452882455519,1.0568858546309925,-0.2570358424914476,-1.453200515049239,0.6952983647779896,-0.8337171812048948
-0.5265275238608942,0.8281778535725537,-0.961953544311694,0.5975896908690703,0.9977111992623853,-0.36420961083559994,0.59874536285367,-0.9569538041436937,-0.15072336036313788,1.1226192249699776,0.24454886020509167,-1.1910898299490449,-0.15461743110316242
-0.19013474915331835,-0.012682085521699483,0.8763050525696197,1.0869572728638666,0.1348317160953059,0.8126526082296197,0.6766273069732878,0.5002798544471289,0.8027234113212907,0.08816261787333624,-0.6043258274220737,-0.059256913112824515,0.5244823189985702
1.6829552495175906,0.3834504314187947,0.3465959506259011,-2.649651902966497,-0.9973196252254993,-0.940850217468124,-2.3046483712942116,0.003327535693272185,-2.2066972565760947,-2.0620981088183696,1.0934235478322571,1.072576003723396,1.2035820691003025
-1.0252134502503545,-0.16743962711192506,-0.05132221540053652,0.5396556452519709,0.6553799057065073,0.6964532441807514,0.836082557750961,0.05492561741929309,0.5127744250559922,0.405651927859075,-1.0287631712356562,-0.813812191003638,-1.3769969812862808
0.5969910860948078,0.3538149219056617,-0.11504611099209265,-0.5564343899453119,-0.1962696774536279,-0.5173782402194986,-0.6148562701202831,-0.2420352834575173,-0.6571501413003471,-0.29329747994147076,0.6689862040186744,0.3180207258325826,-0.6978972311845483
0.624146322935379,-1.0827947077921511,0.7073991107238965,-0.7601266956191405,-1.2557823587421288,0.09771333437747222,-0.7371000219801827,0.9409858686308794,0.2125337767632619,-1.0439046561265006,-0.179888483608491,1.449853642668803,-0.018797481082815797
0.055317040074568107,1.0550016724769722,-2.127200752840382,-0.03872115401233723,0.7210740466892098,-1.681034469266458,-0.050187509449011236,-1.7273373364030553,-0.7761767275865603,1.5562909579748014,1.5178608916458398,-1.4426082559126494,0.6603022690189164
-1.8275867930056466,-0.9113980210126583,1.1488141327131962,1.5036835616779591,0.7250519600357321,2.198526899183588,1.7767111690509692,1.1039540888782502,1.744139748678936,0.16917473183074258,-1.5593098510026346,-0.31077533907642907,1.339402019120649
0.39484531528411543,-0.3211601530701227,0.2534436159966041,-0.5061305626748155,-0.5313067466882377,-0.08792580123171179,-0.47965271572832446,0.30368950873027567,-0.14192000784956227,-0.5332039152053987,0.138439524251696,0.8210575777597918,-1.2411770312659345
-1.190212965630479,0.20416229374356726,-0.20178001742279475,0.7541788495372921,1.0490863147957417,0.6988235506301222,1.038117479528992,-0.21597712419078013,0.40599420622902704,0.6636692316708078,-0.7104351633754694,-1.0653306169672427,-0.5620772811642019
0.8370043274279803,0.8363112918904408,-0.5234262889723845,-0.6658688224843545,-0.029111730886262354,-1.004796595229068,-0.801657786828854,-0.7138514450754845,-1.0791093640852725,-0.06397597712107772,0.9873142118788615,0.06650229986897811,0.1170224689375306
0.19448917109214198,-2.3002221783349945,1.4218793093251603,0.10121079647758846,-1.8108057474867587,0.9574693479642111,-0.051013096695246535,1.9533867379834442,1.7045580415815293,-0.9889741027175943,-1.134872507189052,1.1983352167051986,0.7961222190392631
0.7128306902161784,1.990378562062679,-1.538858291712305,1.010590999184,0.8995476164317654,-1.6991397461873492,0.15108269136781788,-1.864152947443646,-0.6730315400017232,1.833066759143033,0.5628768680652787,-0.6880529780218358,1.4752219691409956
0.13522960205215367,-0.3507431143922561,0.3543141259431286,0.0006717147183616898,-0.3560744779459422,0.1762958296892391,-0.07230704263962504,0.3753601704185321,0.24913580869611132,-0.26315564913376954,-0.2859978195618867,0.44377993881438516,-1.1053570812455877
0.7613112323429122,-0.14311220593156135,-0.09767395776148076,-1.6738821954093688,-0.6800958578195724,-0.6219478939558796,-1.293727212556486,0.01661638029838535,-1.1208717049950498,-1.0671262567293984,1.4117515556924443,1.5756128556506055,-0.42625733114385544
-1.9472561795037158,0.04641011405677631,-0.2434428885586266,0.9767620073547388,1.50836667378451,1.2101967899130897,1.5625311483468483,-0.16045847392170962,0.680364051415221,0.8462303484987732,-1.3470911790958433,-1.6522069442156533,0.252842418957877
0.5642591214603052,1.5714528603611848,-0.4950217176923174,0.9422631211083259,0.7091078907544587,-0.787062380936491,0.19480199902586953,-1.0659982876508287,-0.42594624934788716,1.0099160353882288,0.35065819615848737,-0.5203740273794328,0.9319421690596097
1.2332881151365715,-1.3461553543845846,2.3771744097486245,0.910263024748811,-1.9075917091916559,0.9487557368036081,-0.18159526793518324,2.014043839561677,1.6190078267353403,-1.1488147042114814,-0.498216491468678,0.6114588894567878,1.6110419191613419
-0.18700999669761595,0.5283042257049857,-1.1677623208729069,-0.12751515989259438,0.5237026030673427,-0.7667657683501437,0.03309234659624238,-0.9227818069433229,-0.4676360280904843,0.7819972447926549,1.199532883785653,-1.2749293052702464,-1.6214728913229046
-0.6128307135717599,-0.41194159302711303,0.31790035379743425,0.5207021869606586,0.16622941592468993,0.6852699246854959,0.6044825913885374,0.3854836195464317,0.6722638566663561,0.11804088781135129,-0.9226538352822606,-0.14309638843402606,-0.942373141221172
0.8384172530525439,0.0007064822663418228,0.14747746890732505,-1.2857601475791518,-0.6344853684229065,-0.4881506688227524,-1.1300332644718214,0.08277176222551383,-0.9394063677364463,-0.9852372772020381,0.77509553997207,0.9887365284021948,-0.2632733911194395
-0.6085640889854292,0.9638908600092164,-0.437021355729144,1.0208515105248712,1.1579903371801723,0.09971923673936837,0.8665219477769672,-0.7290408965912444,0.0621484252964494,1.02027641277061,-0.07377914765509533,-0.8976516663248396,0.4158263589822929
1.3408213359277006,1.0837245828531605,-0.9603747894883282,-1.6255120107601841,-0.2317625999682534,-1.7036560000097998,-1.5795476979309506,-1.084041102830359,-1.9552670239074437,-0.3923320198396447,1.6239702275992356,0.2341812505113815,1.0949261090840252
-0.27447457914654527,-1.3346644967901076,0.43348274825774796,-0.11215637531288436,-0.7573397873128638,0.5315287051241402,0.08820633495179336,0.9127288727697839,0.864256625749986,-0.39888587930283653,-1.6123645189793325,1.3660141673476018,-1.485652941302558
-0.7862362015312321,0.551627191457261,-0.8952475699166772,0.48242346513138357,0.9944085722337944,-0.12628213323922752,0.6774269074345787,-0.7808591510895497,-0.0387721036994129,0.9945692152462385,0.08538485627499817,-1.526447731233851,-0.8065531912008256
-0.7960980600154165,-0.03052938312261339,0.37466573156883926,0.8808484185538913,0.5808661561586752,0.8606462593721255,0.893295891187977,0.22646910245800264,0.664867884384001,0.3210412858409325,-0.7634898313521672,-0.39461481439763063,-0.1274534410990931
1.2289696645167272,0.4550556756941506,0.07202346233481294,-1.619006880951314,-0.601697870389919,-0.8267673689353243,-1.5160091623051444,-0.18729477237876263,-1.5048470855678595,-1.1560164844931433,0.9342595439021636,0.7372181024385907,0.5516463090026391
-2.676972261659424,0.14985124406173553,0.20575498707816284,1.5915592515520616,2.1358433106397965,2.080692060049418,2.2795488007723574,0.04092851887147545,1.0559793362949557,0.9306567931197595,-1.1879271751657499,-1.1491700922884442,1.2307460591043717
0.23939643247148035,0.3030098708213948,-0.27192605073696785,-0.22184943853655534,0.03782172802141334,-0.38168934297011714,-0.2458820950051724,-0.30501750352432083,-0.3768086878302171,0.051251599878492544,0.5098222000885808,-0.017337175452223772,-1.3498329912822116
0.3658512780561761,-0.8958370146600926,0.5630177678686884,-0.3910392153780037,-0.9249496524881584,0.17175375160205597,-0.4032470705063946,0.7659774860459952,0.34951775732459206,-0.6851608429890197,-0.3390524875385845,1.1144957413839969,-0.670733241180479
0.3095326452301141,0.943326423662274,-1.5145818812924892,-0.28272740512601574,0.4477747406132018,-1.3908602552799703,-0.31574230291717953,-1.3261084752538397,-0.8751906425614933,0.934345583662211,1.3586968877157464,-0.7718924533430374,0.008366508921253525
-0.6311394348335089,-1.5488432409707247,1.106575142888885,0.792440757963811,-0.6421032936983985,1.3069455699233146,0.7579357611521146,1.399377084713828,1.6766574924963966,-0.28370562337836863,-1.4001458470725412,0.3599404634931836,0.6874662590229857
1.6362843888907428,-0.8620447431209781,1.6642261617615588,-1.854390511858872,-1.86270563360464,0.1093229534720566,-1.859270609367378,1.3697497015130145,-0.7430265190086586,-2.5009100329204332,0.29760352818178953,1.491773380329404,1.3665660091247183
-1.0676458040245378,0.21763651509396403,-0.4777853567079778,0.5432601369480886,0.9660014693470822,0.3978643472940163,0.8607874555629407,-0.3782951868258654,0.24242222025846838,0.7253989197628915,-0.5512711594453759,-1.4006885182520485,-1.214013041261865
0.4470141632096441,0.7170988450333318,-0.8715291557897727,-0.4647573884347906,0.1800434777369364,-0.9933943612017274,-0.4858182950668446,-0.8503580745517041,-0.8477400994759329,0.33195863585342616,1.146478215808955,-0.2688556014158283,-0.5349132911601328
0.05706900730107868,-1.5540119431657429,0.9293620623292704,0.21258366745197071,-1.1670731516733137,0.6761105599395755,0.08168722118736645,1.3020795354482173,1.256890382848645,-0.5466995131064718,-0.9757085032589584,0.8629773154203927,0.14418645894159993
0.0755764267211353,1.3556123469509629,-1.7909343547768484,0.5373500503108355,0.9231296192406089,-1.436121070586114,0.24338372835947486,-1.6883461023828084,-0.5686159674963971,1.6983697610935449,0.7220408719953723,-1.0234108793066419,0.8232862090433324
1.6407796051950285,1.3555238326346677,1.859821567031986,1.7265525340852652,-0.26238019653807815,0.2570143997242111,0.030863860459327583,0.36944411301316205,0.29984264555149087,-0.2080633130820485,-0.12683381563179316,0.10842203752957867,1.5023859591450646
0.5837344874693857,-0.008356078901436312,-0.28100706943367815,-1.4138425775775276,-0.448148981942687,-0.635913903825575,-1.0608785520836774,-0.154204724401343,-1.0265119487917913,-0.7536559221815311,1.5709155596225377,1.2402549543657992,-1.0781930912415185
-1.3785745105635598,-0.463263897024297,0.2338460280445158,0.7491860002408247,0.7090687170667908,1.170181076664291,1.1366898200558622,0.36380854215680547,0.8754933572191335,0.33615957861409723,-1.5062551830259368,-0.6461332403612351,-0.3990933411397861
0.9671061687508269,0.2524175089272485,0.63426124402116,-0.20254580068268369,-0.5499154950640033,-0.2049471445569559,-0.6266955751305429,0.23109082629407685,-0.326847087673183,-0.6098158384324138,0.19149419222839384,0.4856996764749857,0.28000640896194634
0.718102211854688,-2.090199565404763,1.5920479663047633,-0.5505490765526913,-2.0554903125287676,0.7128408192149356,-0.676821705024088,1.944123377104692,1.0797338144866564,-1.5593840316808865,-0.6573804953987715,1.617532593311206,0.9591061590636789
-0.14962393684562564,1.7181473624916141,-2.9376745540082507,0.6693400744841065,1.3558735253054104,-2.159247648989044,0.4341467025368111,-2.5162620002210563,-0.7292370853376584,2.641431214168228,1.0403688798555593,-1.6102872065550526,1.638205909165411
-0.8400210674947078,-0.33830920809426984,0.0743790103711567,0.44749055414772404,0.3915481398925004,0.6604836111766912,0.6878645290172906,0.21134807944801273,0.5666035131445886,0.24937105917654506,-1.081817839212354,-0.4784542897188321,-1.5943089013188352
0.5856838102446336,0.06899063154961493,0.03594339349133742,-0.7571869316655379,-0.3936887531843259,-0.3927586972249962,-0.7148795258096393,-0.014290868394940245,-0.6018316487473561,-0.5423335181541173,0.6159315360419765,0.6533786271173888,-0.9152091512171028
-0.9781276200590874,0.5897689914719723,-0.5806465078677516,0.7630067598227569,1.1673262225108387,0.25422841492934795,0.928824635276012,-0.6226358120961635,0.13908020219235542,0.9515606503882947,-0.23294315158518883,-1.233009567609646,-0.23610940111537015
0.8408437808514719,0.9639413296534513,-1.090505877992637,-0.9172102463771565,0.06028150887334533,-1.4451041355852325,-0.9365562639807037,-1.0974022415425355,-1.3531255800508368,0.18679065181607502,1.464806223669142,-0.1011766507734253,0.44299034898636225
0.05139188973963406,-2.6004289831444463,1.7275748705514906,0.3926476047254059,-1.919534890258719,1.29607674326699,0.17990253978685142,2.276034632788152,2.1301946582289335,-1.0179664083022784,-1.2940365111191454,1.0306562660627954,1.1220900990880944
-0.25384070592752084,0.4642557154431638,-0.6929595358766005,0.16036004289533204,0.5279990811367794,-0.3524331517624555,0.22114582907180869,-0.6230842330306217,-0.2120151918727849,0.6247623713179483,0.4037128641351852,-0.8557319286642389,-1.4584889512984889
0.022945542764289485,-0.33405886610598173,0.4475711181189802,0.25644020592036765,-0.2589674042260342,0.3288660993658434,0.1232010051505133,0.41956897560277945,0.4240789789272117,-0.15837928971449422,-0.4451618234919802,0.2761009881719821,-0.7793892011967563
0.8832758534644861,-0.07962796719875921,-0.02484851592548295,-1.7675524836138026,-0.7265574612147168,-0.6533213527698438,-1.4087669825466198,0.025871639046831277,-1.2342775281715412,-1.1850919790517869,1.2525875517623506,1.4079339050082023,-0.10028945109502377
-1.9818138510053782,0.37504405607564995,-0.329093746282182,1.1456952992679212,1.7722055473953022,1.1689204439097136,1.6703820555364586,-0.3733145727872294,0.5707529667488137,1.0249871377209454,-0.8695991673055627,-1.4845279935732503,0.5788102990067089
1.1859670254890218,1.7505512565181935,-1.1564089678238918,0.14751090757977445,0.3677645496578219,-1.7437355715924168,-0.5592875967633326,-1.5284807529910354,-1.1332658321040574,0.9608237428834165,0.8281502079487679,-0.3526950767370299,1.2579100491084412
0.3091434238042206,-0.3952699698920208,0.2871665594964725,-0.3807260774396645,-0.5199939725734279,-0.00037589229989954824,-0.367326050570678,0.3598114318589355,0.0021917775556439477,-0.4729024262933173,-0.020724479678397495,0.7791378400991913,-1.3226690012781421
0.06623192114171943,0.7142725854468172,-1.472920615813973,-0.3314653945132643,0.46639450834397833,-1.1840370417982007,-0.21076941704459365,-1.187916544521059,-0.7484022148160882,0.8701620515824878,1.6770248955759333,-1.1072503546278436,-0.6435692511764094
-1.0231821073384193,-1.0823498311444024,0.6252249025468344,0.6923063127226655,-0.007815209259038928,1.2170095183308354,0.9156678617748502,0.894445643576206,1.2728340933238445,0.00623893199999273,-1.6786828539502048,0.024582562208377526,0.03553049892532242
1.0998039622131663,-0.786214837333461,1.0310572794552326,-0.8512710447025761,-1.4015491001525513,0.005944870379937503,-1.040852401044446,0.974889100036528,-0.06427134366139009,-1.346772297070304,0.019066521304125884,1.1564154790445975,0.7146302490270551
-2.2356064619913867,0.49424296022531483,0.6271141503958538,1.8349827449937455,2.0506255428871842,2.0889282248776273,2.171043343579345,0.10595679123815678,0.9895926719256433,0.7829159741417606,-0.8298081663230396,-0.7299727156824366,1.3937299991287877
0.4892022168272335,0.24044947651222656,-0.25592815176568484,-0.7172653911697067,-0.19661817245980176,-0.548693831799862,-0.6419389215681595,-0.2646702105943444,-0.6942284791365779,-0.29799457076112235,0.8679412089312913,0.4018602011537841,-1.1868490512577958
-0.017525561396947345,-1.6070817886213973,0.6920404308119669,-0.20520125975692807,-1.148956827119485,0.5465516008023128,-0.09903319865128836,1.1948906183898922,0.989431446306738,-0.6546122782018658,-1.254245510136622,1.5336931179900044,-0.5077493011560632
-0.4942052143974157,0.9578990076311008,-1.3305536232912114,0.5770332160935389,1.0670445157015067,-0.671822312603951,0.5705136051689267,-1.2296789967056472,-0.2576950161564588,1.3828636278156272,0.44350386511770856,-1.358768780591448,0.17135044894566903
-0.04163906577032848,0.6470679196925624,0.8833834782307762,1.4151228994087193,0.49949135845696857,0.7115016375800134,0.7702745812208055,0.17386845185336647,0.5746576744474999,0.30635402195227796,-0.40537082250945683,-0.2269358637552276,0.8504501990474017
2.005455231451256,0.7824251782671476,0.20658694458375532,-3.0195160268515324,-0.953037326809508,-1.2804183953970447,-2.673410607368455,-0.2753939925291327,-2.7596217323952525,-2.2097816693979415,1.2923785527448741,0.9048970530809933,1.5295499491491338
-1.331208458071768,-0.30311419744652507,-0.012787279907454005,0.6099599861492394,0.7890139883599849,0.945875632120356,1.0376571426299919,0.14459129082487243,0.6602940911344465,0.42485390834873343,-1.4664641820434134,-0.9814911416460411,-1.0510291012374493
0.5258269496835782,0.38383215030043183,0.18347487970564774,0.010043222754414369,-0.12066348905251358,-0.23595110343091671,-0.2772312923189643,-0.08880669970241428,-0.2647685473678246,-0.1296683033016471,0.23128519321091723,0.15034177519017958,-0.3719293511357168
0.4694580391094657,-1.5846361320571802,0.9951342353970832,-0.3008430599502409,-1.5015535047197248,0.43078446687613664,-0.4112482131055044,1.3544884895558162,0.9036786195426523,-0.9452422883136959,-0.6175894944162481,1.2821746920263999,0.30717039896601567
0.735777271583987,1.4554344338892302,-1.7833802780943169,-0.050398198249623966,0.4953006165462472,-1.9042841454572175,-0.4219861947247883,-1.7340789040194007,-1.0685744875033605,1.292534043553369,1.0801598808380828,-0.6042135027006343,0.9862701490677482
0.10712641191963525,-2.4700360556450534,2.385232975359768,1.249606490840068,-1.8674475772781263,1.7635022698990623,0.6028629751367421,2.5814226875303308,2.663538163631038,-0.9237412072118405,-1.0420268382298308,0.5276194141355867,1.6653698991694805
0.435855663327154,-0.477292722216776,0.08964651847218444,-1.1038071485838692,-0.6752809364262213,-0.24375285445440484,-0.8175641976245708,0.2895561953039536,-0.4676797212209242,-0.8183132513643364,0.6557225370244999,1.659452330971807,-1.567144911314766
-1.0074695749136704,0.4282034401937938,-0.7824808754793918,0.5290695453477712,1.072706015750635,0.1195618039029404,0.8209535386927449,-0.6554879809452941,0.08278677236760681,0.9424324500017409,-0.19315215060266547,-1.680153435989387,-0.8880451612130335
0.39752592084249105,0.8304280071090614,-1.3140130483283652,-0.5114208017933506,0.2994834899043244,-1.2992788741870562,-0.4838889912556293,-1.1565187556586427,-0.9621554776065929,0.6293962927804654,1.5045972246516655,-0.5483205191531667,-0.20894541111130085
-0.5531078481843804,-1.7277607371310653,1.0280016025443381,0.5619311275514093,-0.8305943441122161,1.1902964434602241,0.5941818323315738,1.4446906009941836,1.6351679676323698,-0.38220709295005434,-1.572573517996809,0.5835123976830541,0.4701543389904316
-0.8679436879118622,1.2845658072176003,-1.254301087899052,1.239308919650769,1.5863478355320686,-0.34466105791764307,1.1213487605670678,-1.350293227225861,-0.005656263432598072,1.7770944180422288,0.12517585725752156,-1.3028757970439802,1.1492540890921639
-0.4947728386446762,-0.2776586283561018,0.1652181782199575,0.3734584185667761,0.1739278253352969,0.4827026655268161,0.46322810280557236,0.23217585093698684,0.4695469422292236,0.1313751626119383,-0.7236988303696438,-0.17104288020775996,-1.4313249612944194
0.6818293468528096,0.02841418554205813,-0.06299112269552196,-1.222544117858612,-0.49585158221939124,-0.5381230036061493,-1.0124848466076242,-0.0497346529644195,-0.9128861531240982,-0.7856009759270551,0.974050544884687,0.9607900366284609,-0.7522252111926868
-1.5700926667696147,-0.06698419393761666,0.09105308025340285,0.9142439421979258,1.140706481116568,1.1975045601574237,1.326831144165562,0.08486751839034054,0.7150976047544254,0.554791777878242,-1.1481361741832263,-0.9255981580985736,-0.07312546109095466
1.1957464569092362,0.9621536107321524,0.2055895851423721,-0.28802418880308955,-0.20980578148828516,-0.6998569135696294,-0.7947252234188126,-0.365963702766403,-0.8924053142179986,-0.3490848938388369,0.5496132010711042,0.20623475873764738,0.6059742890107782
1.21983440000039,-1.7334353906996052,1.8521789626876306,-0.6967400681596388,-2.177480400488369,0.553335399230796,-1.0236770332662317,1.9120794155910223,0.7200665194940418,-1.8524697694792647,-0.29926148655606116,1.3380676755738676,1.2850740391125104
-0.22599079620400073,0.5817908301842647,-1.3463363521206804,-0.125619627003622,0.5919068235081587,-0.8765648000896397,0.05503944809675424,-1.0502208858972755,-0.5041690344598846,0.9161487276312117,1.3984878886982697,-1.5543942230075845,-1.2955050112740731
-1.1138997893788913,-0.5118510886511226,0.29209007258492786,0.6728300433706167,0.4734727770524578,1.0250979823856914,0.9541192823841037,0.4209700989910225,0.8541796015073744,0.24083240052158508,-1.3603548460900177,-0.4225613061713645,-0.6164052611723401
0.9231467019877699,0.05243185328633343,0.4852104314482787,-0.6764557465362365,-0.6612499126498298,-0.2883920189612432,-0.853539364886593,0.24723076152637175,-0.5311403241522833,-0.8216201312754393,0.3373945291643129,0.7092716106648566,0.06269448892939196
-1.6413694172247453,0.7069626965970783,-0.3135760347054887,1.2596058498418645,1.7544026614659523,0.9364713615854972,1.5476556571852051,-0.5307920508389876,0.41863386025987986,1.0910069253901,-0.5114801584628524,-1.177116584062178,0.7417942390311244
1.5834131763794923,1.6027455866717635,-1.0764912933522486,-0.9524495736955008,-0.04014326160961974,-1.967418932847395,-1.3541804726443498,-1.409414504940922,-1.8317132518366865,0.15236815405636456,1.1862692167914783,-0.04528366722595767,1.420893989132857
-0.0301869378189608,-1.1489779448013115,0.5043007296106838,-0.12461973710902913,-0.8080699379880785,0.4107844112747189,-0.04964212557528128,0.8596540151498009,0.7235204046732054,-0.46006179995276386,-0.9359175022764351,1.086549249610263,-1.1596850612537264
0.05477139267586985,0.8215765424386146,-1.0417312517177237,0.11057648845804284,0.5526758936368672,-0.8431090189991542,0.02901037831716665,-0.9986145300906079,-0.5016771327755359,0.8503526903411756,0.7618318729778956,-0.7998389451167712,-0.48058531115199404
0.6849545236621736,0.12612108284669343,0.7370201511551706,0.294771465210131,-0.42755757196995614,0.07691123772512942,-0.21225370086678175,0.35225974285391204,0.1258435946923189,-0.34763118647526975,-0.08704281464926979,0.3319939717194495,0.19851443894973836
1.3342129478733022,0.17580063404730278,0.06933774038016456,-2.403315350999393,-0.8833617877841481,-0.9043991313501426,-1.987070581096536,-0.04895835138265647,-1.879608959840181,-1.6880774467535276,1.610706560605061,1.4638268885556698,0.877614189051471
-2.887941687904515,-0.19914779794789284,0.23075349631989497,1.8803117343495928,2.0432326327096897,2.251446234503269,2.5455150560332642,0.22979675729202215,1.5142450724218508,1.1086778947094034,-1.625628185973507,-1.4286350100257825,1.5567139391532032
-0.03521438004907453,0.33492360556614664,-0.14490593618127195,0.24782784161354482,0.2688848887190163,-0.08652528505882268,0.14990001436905773,-0.2494050279833246,-0.05645842216144066,0.2765647900614579,0.07212118928082371,-0.29680209318956224,-1.0238651112333799
0.10371161326422272,-1.1497441406851927,0.7249656903710056,0.07720185815810525,-0.9100354644873334,0.48491396746162124,-0.014925046123394334,0.9844153668109519,0.8714405216874088,-0.48681222636465377,-0.7767534983463417,0.8350308236466586,-0.34476536113164746
0.059991102834231064,1.1094106676053286,-1.6647872677010318,0.21999867832540035,0.7568822309826537,-1.3275981756850763,0.08403598815847703,-1.4939462045685874,-0.6258218384049334,1.3884210737073972,0.9209958769079892,-1.0513573710803756,0.334334388970085
-0.8211540941537046,-1.1097283951625612,1.2310969346775937,1.1872859506873144,-0.18062616661591444,1.5394460829296364,1.0687131598216957,1.2496560848076956,1.653693899513411,-0.10748907068821228,-1.2011908421599242,0.08047554575584495,1.0134341390718176
2.2132601489373664,-0.20685465985886373,1.950810456888716,-2.5043829917208753,-1.825863805269522,-0.083792635867441,-2.5128181848124265,1.2031651739773928,-1.6821438055585223,-3.156730819808945,0.4965585330944064,1.2123084625920653,1.6925338891735497
-0.5606188207079853,0.09656164817619746,-0.22700985377423316,0.35218534724769757,0.4944314006582029,0.22733895187294945,0.4873657530413398,-0.17631176877814675,0.18872413142216782,0.40871103249262597,-0.352316154532759,-0.674079732134969,-1.6964455037341357
0.5506656138253997,0.3169393276604025,-0.47202353840734285,-1.0262357109325138,-0.1878520920210373,-0.7595578252352456,-0.8382573165733179,-0.42477814227369814,-0.9740734739828699,-0.3476047311571236,1.3454332207215718,0.457753184701252,-1.0173457536324033
-0.06303631633585995,-1.711138922462653,0.7697824170743774,-0.17687288608324608,-1.1897415053125469,0.639210755413885,-0.05960748368082141,1.2908213840041032,1.083884924992989,-0.6931634072458215,-1.4134095140667156,1.5895861015374722,-0.33824600353067097
-0.8140098492463734,0.8943641355918831,-1.3314299546403505,0.698467707731193,1.263308587599824,-0.4428944971062263,0.8065310186852513,-1.198354835263801,-0.1239789383800899,1.4662040146767596,0.28433986118761506,-1.6382336983287862,0.34085374657106166
-0.9441856419786252,0.6729815431374676,0.657728902309294,1.6048723017222248,1.2017981481482833,1.1853735959778555,1.3555177946203156,0.03370093847285445,0.6948486773484214,0.6034492073882354,-0.5645348264395503,-0.506400781492566,1.019953496672794
0.4499355758195766,0.1231129492513186,-0.3150451040513332,-0.9253278101799245,-0.2517355505732545,-0.5661161641566413,-0.7308022662634569,-0.23922959793612422,-0.7629816556525943,-0.3956869451110454,1.1332145488147805,0.6254321353436546,-1.5606255537137894
-1.3291705440624844,0.031831233246449375,-0.23245196053581196,0.6651669000146939,1.029700703560692,0.7749221900808041,1.0657393082246711,-0.14696237839771542,0.46316188235555755,0.6258785390509738,-0.9889721702531329,-1.2609560593833795,-0.8815258036120568
0.5891844034747955,0.7913518681522476,-0.44074051854056157,-0.18719052088737323,0.12606655210462006,-0.763074861206953,-0.4155139586564447,-0.6447301045189723,-0.6976900977137515,0.20045144729277345,0.7087772050011978,-0.1291231425471592,-0.20242605351032436
0.8807858968406284,-0.8172425789373526,0.9556581095396066,-0.4563245840282182,-1.2581093310803833,0.10501206931370975,-0.7144372689714918,0.947929028790355,0.2461277924999227,-1.0217437134660428,-0.14009748262596763,1.0027097742890616,0.47667369659140785
0.6297551797815988,1.3694325989540208,-2.3130156368693067,-0.3164074335112546,0.5134031790882034,-2.236825040164845,-0.5056055041610229,-1.9895379803056952,-1.2018558652300029,1.50545406049622,1.5576518926283631,-0.8836784204379726,1.1557734466931404
-0.6536524633659565,-0.9107390031561736,0.34651014848493805,0.3003907145206114,-0.16357998995912024,0.7366528647179754,0.5099811451156302,0.6514060043289411,0.8649874401863971,-0.053261758736971594,-1.5195188500201113,0.24815449639824835,-1.424805603693443
0.5563990153607871,-0.6332577948376376,0.3876867075980352,-0.8991534509758821,-0.8793703050664285,-0.10033323495390234,-0.7741742723447378,0.5356532466532408,-0.20766947219500292,-0.9007031114756013,0.1782305252342194,1.3799874132344687,-0.7457058535917104
-1.5199346727581173,0.37521030095465346,-0.4778029272018417,0.8515564299946501,1.4225100184561676,0.7225719277023164,1.26674934768686,-0.4572176481526556,0.3558449659797475,0.935340186463586,-0.670644162392946,-1.512474485346984,-0.06660610348997775
0.7652721888041629,1.2418767025175461,-1.1967606807331035,-0.2298613514272547,0.31851845301397813,-1.4728322336277968,-0.5326818596529115,-1.2964820222564601,-1.0482313396345377,0.733881705121582,1.027105212861385,-0.38064156851076375,0.6124936466117544
0.12348708101279825,-2.496191966586614,1.8645662623781711,0.7342388870788188,-1.8987545103921528,1.3500166656086325,0.3216971361125973,2.3010480928331236,2.3057414998759524,-0.887289540301021,-1.0950815062065287,0.7511913483254575,1.2915933967134872
-0.3021972706178108,0.5619147233038944,-0.959162331674315,0.1486001547222875,0.6352494435436385,-0.5231140246810997,0.24091377802088645,-0.8220366297111023,-0.28983410674873217,0.814812092757233,0.6026678690478021,-1.1351968464015771,-1.2889856536730964
0.033744584637826563,0.07507295946967302,0.30783200956233026,0.39408007007701334,0.028734930657520946,0.21329209788167966,0.19014191867910693,0.13591293528437245,0.23455062085533493,0.03931103280553199,-0.2462068185793633,-0.003363929565356926,-0.609885903571364
0.9461561679285635,0.16281734174069135,-0.20187287787004238,-1.8220492876226804,-0.5988466984872044,-0.8350559447747274,-1.471355942875832,-0.19532401638991218,-1.4459448402112232,-1.0904926985690921,1.4515425566749676,1.1284689872708638,0.06921384653036865
-1.990241096948672,-0.206259961022071,0.4268789691961739,1.2605413819598563,1.3581931551818007,1.7582691952159748,1.735607055936099,0.3439044891654122,1.0667096882012226,0.5407384749690094,-1.30730017811332,-0.7579192074561705,0.7483135966321011
2.0836721242757905,1.2994471373121872,1.0776939411430202,-0.1902894843027129,-0.6383702028324106,-0.6644398030508697,-1.2201752054460502,-0.043318478797011936,-1.06014688092203,-0.9313882393505263,0.39044919714101073,0.3739137093800504,1.4274133467338337
0.23705929602584452,-1.047800043570136,0.4476468218538276,-0.533673314857638,-0.9373044153632818,0.17520137922568144,-0.40942708354532126,0.7770514419479213,0.3530896252220499,-0.6964476118216668,-0.45842549048615466,1.5057466262162706,-1.1531657036527498
-0.14237235318446154,0.7813420742518035,-1.5377709658509544,-0.02113144291829714,0.6728903594021713,-1.0843071041976526,0.06533192199188682,-1.258057628771498,-0.5693321010399338,1.1297270184451977,1.2393238847681762,-1.3867152723651817,-0.4740659535510174
-0.809044833468281,-0.23280523758569693,0.5986752972625686,0.9819537958828743,0.444387243389336,1.0427841803694775,0.9536872949752454,0.45403117109429125,0.882093824825122,0.22322174788309887,-0.8828628342997372,-0.2548823555289615,0.20503379655071505
1.4608733253955872,0.3592367955530618,0.3596481585395215,-1.9056354046793467,-0.846631452685824,-0.7713354225153203,-1.7921013494404898,0.022810531337109603,-1.6462259634565524,-1.5651859217791333,0.8148865409545935,0.8769505613072596,0.8841335466524477
-0.8554667869595702,1.6290724486685433,-0.7042870147339152,1.8240244811404775,1.8260429230856514,0.07076462034553556,1.4236703056605937,-1.2128062639355572,0.1770986087702866,1.7660291440148534,-0.03398814667257195,-1.009437633419775,1.56323329675418
0.3329368861458194,0.3250329752997648,-0.7234870026679011,-0.8455524444238905,-0.017096521494229345,-0.7972651543759987,-0.6257743578831659,-0.570568617265814,-0.8478701110206701,-0.03748089405584606,1.663761228581759,0.12239528341644552,-1.6692815137300665
-0.2995612462256293,-1.4583201370965087,0.536873805309998,-0.02435826164353957,-0.8277666617161995,0.6293148491747731,0.14808782072828935,1.0329316012568375,1.0160304965858287,-0.4160254281720983,-1.6521555199618558,1.254228200252666,-0.9901817636283341
-0.2137595863783655,0.6835968558826554,-0.31002067845689946,0.6151379228887008,0.6562686125691433,-0.08573893791579663,0.43996213462641903,-0.5170865223352882,-0.035414133455971344,0.6495241629634972,0.045593855292474804,-0.6321599944743681,-0.3110820135266014
0.06575502414591233,-1.0969504352425072,1.0095625148146519,0.5583347029465887,-0.8431080551302904,0.731756020547388,0.2597515137653307,1.118389201785931,1.1853540080557252,-0.3709371517711292,-0.8032808323346906,0.49967292236185257,0.368017736575131
1.4517846893436297,-0.31765222916364194,0.7704679793207319,-2.365207941613755,-1.3292693299718372,-0.4478271679847694,-2.0301046507259324,0.593353150969527,-1.5019679735835347,-2.183776456138184,0.8944685429196403,1.6315058391980728,1.047117486676863
-1.296941152711444,-0.07455190251003536,-0.33389212782420713,0.5109818554723021,0.9283554315785402,0.6735132020673262,0.9669339778584678,-0.15086264577904113,0.4259868177111278,0.5963617549189906,-1.2277181761482732,-1.5963139606681858,-1.5334615637097202
0.09521681844090088,0.5977513268779917,-0.5229232574161775,0.1144574938566389,0.36017471600484774,-0.47184155614330786,0.009329233752683195,-0.5940976780755008,-0.34017115868865094,0.46699735939619635,0.4700311991060575,-0.4644810438319652,-0.8543618136079875
0.40582676822276725,-0.6534080038509325,0.7367304862111501,0.05201908035766205,-0.779903134484986,0.27708772061601533,-0.1905678782976888,0.742482689763918,0.5011935569437176,-0.5127130538724153,-0.3788434885211079,0.6673518730042556,-0.17526206350625503
0.10577451755152753,1.0832484949303254,-1.9934572080315514,-0.007028280677502366,0.7032867166036845,-1.6140657290149067,-0.06054962619622157,-1.66609882384824,-0.7730579746392475,1.4783651317701414,1.318905886733223,-1.2190363217227786,0.5038376865954771
-1.3376070954717159,-1.0965888053048995,1.215751027811403,1.3318978053280492,0.22002489928418428,1.8983932124950715,1.4226437440963502,1.2344261019729443,1.7499795789618307,0.0023989780888507757,-1.4399368480550645,-0.08720340488655842,1.1829374366972099
0.4114343628811124,-0.3865253293101033,0.2085331551227237,-0.6994787874329786,-0.5911425129508339,-0.13448822958511703,-0.59075209668453,0.31111047724791524,-0.23677139244458756,-0.6314467164329705,0.2578125271992661,1.0446295119496622,-1.3976416136893737
-0.9229320326986267,0.19614723237089654,-0.12387344571301309,0.6940556298286228,0.8408579744094258,0.5670406667772065,0.8627256617965777,-0.16805121971839457,0.3677721553681394,0.5647663062364388,-0.5910621604278993,-0.841758682777372,-0.718541863587641
0.8408410747890875,0.6415943380187703,-0.4273504753207798,-0.9902643767884654,-0.17283551946154035,-0.9334203822431854,-0.9751643555828899,-0.5621846200979874,-1.1779571716499124,-0.35634794949465126,1.1066872148264315,0.2900742340588489,-0.03944211348590843
0.3168801944723322,-2.136978351001856,1.308019840526822,-0.1578019814431616,-1.7854448642665477,0.7817461812055108,-0.2536664791350025,1.807457831903801,1.3996929720825873,-1.0806311580384795,-1.0154995042414818,1.4219071508950691,0.6396576366158238
-0.36231075431633536,1.4196176368444131,-2.295193127409824,0.8599122451569954,1.3010626113343113,-1.5108189385136057,0.6491468693084672,-2.0046248773891278,-0.37844413578371117,2.2931853019348916,0.6822498710128488,-1.4705547476863832,1.3187573867175564
-0.24157976466219397,0.16295782619421867,-0.07671321601744578,0.31496120305535064,0.3008164353934476,0.11425148777117852,0.2962653762135206,-0.12484821939186025,0.11447288835900936,0.2715418849749531,-0.16662481661431655,-0.338721830850163,-1.2618216636690271
0.6949563532263934,0.25341730322266254,-0.40189901397408795,-1.3993223077880825,-0.34307297640641676,-0.8090443292885879,-1.1129666286453463,-0.3534408347874813,-1.2014825241456712,-0.6538238919291367,1.5311245586400144,0.793111085986058,-0.5827219135672946
-1.8122242272061613,-0.23766706422883455,0.09480901124671169,0.9286445165958563,1.2006542270728204,1.3742411242281443,1.4645449201522556,0.17246210054613192,0.846612184040911,0.5618031130083124,-1.5460461840084603,-1.0932771087409765,0.09637783653443796
1.084889751287293,1.079726645526374,0.681699683585542,0.6929972377296246,-0.0408176887671782,-0.2529070938478738,-0.2166836046023158,-0.15648487796348956,-0.2593789967651031,-0.03530836432560225,0.15170319124587048,0.03855580809524437,0.7754775866361704
0.9046016235403764,-2.663255852841219,2.2364827894265287,-0.03047288779961287,-2.6111705876378672,1.0761806871749728,-0.5021688464567352,2.5943437457648666,1.8657563634986223,-1.684714119042572,-0.6971714963812949,1.1703887249314644,1.4545773367379027
0.0705973177898765,0.620302780059059,-0.9821206827563034,-0.158915698874925,0.39512996340191514,-0.8084765388209902,-0.12192149941300723,-0.8642176801405818,-0.5557844582261684,0.6224965522878382,1.000577878873036,-0.7159994697955697,-1.1260017136486804
-0.3627862711426773,-1.0380559477810163,0.6362632978692546,0.4149971357882569,-0.4759494999109534,0.7513949027940273,0.4142620746379778,0.8784851610021283,1.0389331789350515,-0.19080187505559965,-1.1216088401948776,0.415833447040651,-0.44690196354694806
0.9635397158209922,-0.4983859436837688,0.4693690031346762,-1.5728099359525467,-1.0901901304931356,-0.32961524751527593,-1.3489720415916184,0.5141499267712788,-0.7952082194807346,-1.4201884157785776,0.5761405350594532,1.5476663638768713,0.23219778655478437
-1.4583594426729312,0.9293329482792431,-0.6972645344723966,1.2682865683998685,1.7766120791333135,0.5090303129474734,1.4539079023775725,-0.8584202569641567,0.26733232019544884,1.3823857371016732,-0.2727341525677122,-1.344795534704581,0.911297536656517
1.5490273983587264,1.713109337954407,-1.7086229319639714,-0.9965431936490351,0.06571395694897546,-2.4304759277934433,-1.359007927160343,-1.8209849281975399,-1.942149870576021,0.5926553659434327,1.4250152226866186,-0.21296261786836074,1.5903972867582492
-0.2988056223679272,-1.1157887800973854,0.40060810768607,0.00038383822395229384,-0.580622683408769,0.5236315645692657,0.16075815427011236,0.7845866944913563,0.7912741115245553,-0.2977948303998343,-1.333827512101669,0.9188702989678601,-1.6421175237259973
-0.307750312182037,0.6018539983034302,-0.7834757622812524,0.30216788612466694,0.6683389814154777,-0.38356981467146356,0.3250590241094547,-0.743012513209964,-0.20600710795479427,0.788668508860038,0.36392186315266184,-0.9675178957591741,-0.9630177736242648
0.021184865026413886,-0.2398498619372447,0.5928568777231783,0.506013600576892,-0.18950262146791777,0.44223072196294483,0.25604809315655225,0.4542795534549869,0.5395402057857759,-0.09653124934669877,-0.48495282447450355,0.16431502107704646,-0.28391802352253215
1.1078213586731256,0.03449825478733864,0.049069429419648675,-2.017924099758509,-0.8140873384696993,-0.7574998743447512,-1.6617434665671995,0.010381308080003196,-1.4980125677358787,-1.4105731691134475,1.2127965507798273,1.2961479379132668,0.3951817265792003
-1.7527782160354652,0.18838565240320146,0.6584734125248299,1.574796908259913,1.4637496316056962,1.7664777040723196,1.77409858973087,0.2768049907944662,1.0164214791635113,0.5824160471918761,-0.9093901682880862,-0.5902402568137676,1.0742814766809325
0.42478294516714876,0.09117920202004375,-0.17506017713065702,-0.7232394997610004,-0.25577983766348594,-0.4400473225321744,-0.6104822829437005,-0.14433485621439684,-0.5927717855083828,-0.3622290537016889,0.7883592069662445,0.5415926600224535,-1.5062975737056508
0.44189299053035613,-0.9142431200074881,0.4245823265486623,-0.852185883665653,-0.995852912655068,0.010344617248146027,-0.687824849500811,0.6971661829702815,0.02582113937991036,-0.8961721732536243,-0.06051548066092088,1.6734255768586737,-0.8271978236039182
-0.13650580980073962,0.7806601287269197,-1.73510107524707,-0.12083573411346184,0.6679540077275483,-1.2407762581318604,0.009485374874721555,-1.368941083045831,-0.6416561077898655,1.2086508317400333,1.63723389459341,-1.6661801901025202,-0.14809807350218573
-1.677381696693761,-0.6148292951014591,0.5323874510600107,1.0545985799338193,0.8257667881671077,1.6150604795706607,1.4586583320475492,0.6079847676148855,1.2059621756571626,0.3220065411155075,-1.599100851985158,-0.5343472732662997,0.5310016765995469
1.6691502524506845,0.3078690955292658,1.3843241538376385,-0.08649866120918343,-1.0415239558521356,-0.130241751892432,-0.9425887758144024,0.6260932173792488,-0.28141572655545644,-1.088849714635327,0.09864852326917263,0.597485643569921,1.210101426701279
-1.0976690976397083,0.08982384687363554,-0.35225626887874756,0.5350585295314827,0.8963071392520475,0.5162761536244906,0.8725850791783148,-0.2435325444103674,0.32704080734466706,0.6264193780744044,-0.7502261643579927,-1.2889025511571133,-1.3704776236853045
0.4433302926324393,0.6324011283469421,-0.6449885172155225,-0.4026152054968756,0.12158075614813142,-0.8159538065015594,-0.4509963486900674,-0.6802522057837452,-0.7423187182546394,0.20572474801971116,0.9475232108963381,-0.1570696343208929,-0.6913778735835717
-0.07350695925435782,-1.6571175215370424,0.8624550141348293,0.15102704984808132,-1.1427434045175044,0.7182330938834585,0.11931571997575882,1.3160024426824823,1.2850322344224332,-0.5388357878807472,-1.1746635081715753,0.9747632825153277,-0.012278123481839109
0.039186244492521005,1.3141634136717595,-1.319331084661349,0.6752306876075794,0.9207150574564831,-1.0461119562798524,0.3358077726721811,-1.401769744289026,-0.43854730082610044,1.4413795576400246,0.5230858670827553,-0.9116249122117067,0.6668216266198931
1.1239374246609926,0.39906561360904186,1.7944639948469676,1.43777034010643,-0.5626406938907851,0.5776526108975087,0.1559522084689354,0.8115972487268968,0.7670069152936235,-0.3560771237490527,-0.32578882054441005,0.22020800462451426,1.3459213767216258
0.5552402954448938,-0.10746668421749217,-0.18603010142652537,-1.3581448234344788,-0.49824428531926884,-0.5421735228542179,-1.0161313552978828,-0.05103668312494856,-0.915579066559219,-0.7863934074543557,1.3719605547099207,1.3520409214607345,-1.2346576736649577
-1.6145346968870606,-0.06844203602762389,-0.227958355256748,0.7191510444656889,1.1733114638211282,0.9832668063436896,1.2476031275484019,-0.09421295870797643,0.5736676529504835,0.6592946778409017,-1.3868821800783666,-1.5404209771207178,-0.5555579235632251
0.33029495333056125,0.9761169336897734,-0.3021668557667599,0.5148110491690044,0.45576375320409984,-0.4702834045997278,0.09460547190993329,-0.6591530440783286,-0.316046616267081,0.5753652671829749,0.31086719517596395,-0.40858806028449746,0.12354182653850708
0.6459827676897455,-1.2205089304886885,1.3280116857566688,0.34556063806775084,-1.3719146942706382,0.5608921777985996,-0.16447087699555374,1.3597606278384533,1.1175710437116189,-0.7527505714874265,-0.5380074924512014,0.7232448565517234,0.8026415766402397
0.3725579405090472,1.6526754646119721,-2.8958316840294223,0.3300382431679298,0.9130371945518199,-2.501863128262457,-0.025756960841505826,-2.4598891347057954,-0.9305930725590758,2.37925893044248,1.1597418828031294,-1.1631433381753111,1.481741326741972
-0.554953247674519,-0.5084007811426107,0.32897441378572295,0.44201687004280016,0.0526358618926235,0.6522613500872063,0.5317980053391599,0.4400320253866043,0.6831860603342915,0.05622249043598932,-0.9624448362647839,-0.031310421339090615,-1.0988377236446114
0.7750254989734129,-0.11695765578527635,0.16743261269836168,-1.2642232868473071,-0.671567914142077,-0.42724138953894364,-1.0845890231049697,0.15294537028897737,-0.8402661401396891,-0.9854189972106011,0.7353045389895466,1.1005224954971295,-0.41973797354287873
-0.5182248003996227,0.8623386311281892,-0.275474275237993,0.969395910970901,1.0161277579735966,0.15950763541571805,0.7907859291647085,-0.5871279014493096,0.09656519681651583,0.865046205252306,-0.11357014863761872,-0.7858656992299041,0.2593617765588537
1.281502743893277,0.9475234565483421,-0.7903912986395657,-1.6849695752268739,-0.285335876475573,-1.5299111909978151,-1.579098101398326,-0.9200208500582184,-1.9021306079969638,-0.5592877739052021,1.584179226616712,0.3459672176063163,0.9384615266605864
0.2334273760032325,-3.2876000363795126,2.6983592120775,0.14355633041406052,-2.5543612959742905,1.914428399344125,-0.04955564222538199,3.167350056451295,2.435442215907189,-1.9098528034441655,-1.4929915160317624,1.4778001344425367,1.6175612767623186
-0.6161378927258399,0.40588249294840634,-0.8195290003833553,0.2809932123158901,0.7601788194619323,-0.18998091125116046,0.47957198724544714,-0.6651918547361356,-0.08254341163360997,0.8010739862797375,0.2047578592225683,-1.4146617641389156,-1.6149535337219278
-0.5229739449089345,-0.11699634480658952,0.20105679358941314,0.535380790167442,0.311476472814767,0.5306022659731261,0.5639581644957607,0.17191699045923783,0.4738930342587395,0.21496869604391514,-0.644116828404597,-0.2828288473026952,-0.9358537836201954
0.839793468914302,0.2004398711990643,-0.09010290454647184,-1.3816874671422277,-0.49108189745605,-0.6724525523660638,-1.1814709007912207,-0.15116622183723144,-1.151048736080823,-0.8737950358589982,1.0536325468497338,0.8490040695335255,-0.2567540335184628
-1.8818524001727088,0.1108267445835152,0.07313038960777052,1.1224698740222703,1.505417138776011,1.4075037904325822,1.6043956389513037,-0.014281866150024455,0.7410992691986661,0.7099137114306809,-1.0685541722181797,-1.0373841251935088,0.42234571658326964
1.540524981816187,1.447689264130471,0.10832097536188816,-0.1806467191442444,-0.11979645622188384,-1.0224420721160226,-0.9232332033448966,-0.6639441235379341,-1.1581957333123347,-0.2035995937938609,0.629195203036151,0.09444879164271179,1.1014454666850018
0.25109310356080883,-0.7503424224518496,0.34364316986179344,-0.518055629828372,-0.7328140106679061,0.08487797406182482,-0.4087137385151654,0.5694638276123672,0.1536235058531067,-0.6084333669986047,-0.21967948459101438,1.226281708478932,-1.4791335837015815
0.22396930021695893,0.6809951867961089,-1.2058803672055498,-0.4291038772561858,0.3228621755548063,-1.0912400404702622,-0.3471279464060897,-1.0207342669987058,-0.7961104558306219,0.6049966249343568,1.4780698906633165,-0.660106486248102,-0.8000338335998489
-0.43171074136470944,-1.2770236993588207,0.7394426218416109,0.47226456623281454,-0.5965676249631162,0.8804910605747294,0.4815629947805225,1.0563165631240823,1.2501584209056646,-0.22857315057874028,-1.280772844124971,0.47172643058811886,-0.12093408349811662
1.0791585236000985,-0.684199287162943,0.733644683384561,-1.578875683965535,-1.3121358318985037,-0.20871228971749012,-1.4143025323381282,0.7561635769195265,-0.6679126971596586,-1.6209423555432658,0.4169765311293597,1.603559347424339,0.5581656666036162
-1.9483991674324337,0.8026579034335567,-0.7895891207912028,1.4592447912194457,2.056145428189299,0.7896182943329696,1.8181403447761562,-0.8470203965385709,0.49657767696417016,1.5811052792733717,-0.4318981564978057,-1.6242604524419193,1.2372654167053485
0.18400960723066492,0.5357270298288754,-0.9333445027112925,-0.4072175518697707,0.24806973949527583,-0.8522659323015374,-0.3140896087883275,-0.7943696980488891,-0.6771462723816232,0.4171304357290133,1.2658512187565252,-0.492427535605699,-1.343313633681235
-0.07351154354186638,-0.9831217271936458,0.6113406077836823,0.1821738640690224,-0.6553109130751249,0.5244798786735447,0.1357794611562182,0.8369265848512243,0.8299743353229221,-0.33079550924402684,-0.8563355003113883,0.6394053812305216,-0.6642138835795024
-0.16950611198941834,0.9603090524766323,-1.5450714470619034,0.25999430038022764,0.8228684510523874,-1.070459354755806,0.2284881689322603,-1.3517987545754118,-0.49091605738510613,1.3265855967950895,0.8414138749429423,-1.2469828134965129,0.014885866522229783
0.6958646513649844,1.0122758317257887,0.638575261860822,0.9942757754586847,0.20504025333278858,-0.006880452415260678,0.15157624985547405,-0.14701272772193502,0.008441334824711629,0.20192620473266723,-0.007460812684223035,-0.11514989666029217,0.6939856166239624
1.7360127035545905,0.6731364750424091,-0.11133512433020347,-2.7458130112254073,-0.828005106135303,-1.3322763299231593,-2.383979111960823,-0.39985902346936647,-2.4822786814276836,-1.7868720682577748,1.6902885625701078,1.0166830201759283,1.373085366725695
-1.285386582878906,-0.442099611006973,0.03760979335375849,0.549387369531609,0.6537963704604075,0.9518634874519251,0.9810229798343291,0.24260111145480007,0.7145900673287029,0.34611230048069735,-1.685314687447292,-0.8697051745511057,-1.2074936836608885
0.40483247374003206,0.09811314018025753,0.3444215347497422,0.06699277076922176,-0.2356552734627497,-0.024898747873126254,-0.1821199353719852,0.14499812936265352,-0.02063299937975102,-0.21063547176886863,0.012434687807038654,0.2621277422851152,-0.5283939335591558
0.29433431278193195,-1.7212407275837762,0.9455638324603518,-0.2597088351649512,-1.4677106503759019,0.5182668217145827,-0.29541042904845566,1.3949594081077725,1.0305565846572238,-0.880351915040782,-0.8364399998201267,1.3939606591213356,0.1507058165425764
-0.280734219899091,1.1742686271991765,-2.0679146749718478,0.49182070915474146,1.0618439025475988,-1.3940218691975979,0.4107752951802345,-1.7536493747939432,-0.4733066562174751,1.8734434284412687,0.8613093754342042,-1.4985012394601172,0.829805566644309
-1.9518337946500397,-0.5253289086109731,1.2625896421353857,1.7970736336575381,1.0983560040517435,2.3755177850216707,1.9985304181785901,0.9747411254043786,1.6846948466773073,0.2843027844780014,-1.2608773436337093,-0.3666683226238967,1.5089053167460413
0.5181572805539743,-0.10786453895713072,0.1396489720731399,-0.6857462100981657,-0.4704462615873411,-0.26426014091743527,-0.6408390827369367,0.13273133154704145,-0.4242888199668208,-0.5708453129624382,0.4368720316206213,0.7651645942123243,-1.071673733640542
-1.035484759607345,0.43996912733433663,-0.3823637629933277,0.7657327672330856,1.1024328792855362,0.44840032232445665,0.9610846875396805,-0.43585449174183444,0.2472654460970365,0.8058926447978842,-0.41200265600654407,-1.1212236005147105,-0.3925739835388094
0.8488714275606786,0.8955347467375389,-0.8363865676882792,-0.8878412095739964,0.004730409934235894,-1.2547925405770288,-0.9253479955752043,-0.9199102337913225,-1.283185205880833,0.01772175468897862,1.2857467192477867,0.0106093163215103,0.286525766562923
-0.07462521251221826,-2.467313439320287,1.5753237085114566,0.2948236038979981,-1.727824458452081,1.2690758640130502,0.19591392415617606,2.123554446081151,1.9643933254162316,-0.9713014094135197,-1.4730960155405006,1.1424422331577306,0.9656255166646552
0.297177282560013,2.1133422258810866,-0.7826715559725224,1.754314073549406,1.3032795852335755,-0.8172575269583401,0.7674851508454186,-1.4995087457490892,-0.2171099739133276,1.7768800717437903,0.22465335971383,-0.7439459615693035,1.6447252667663879
-0.1569089897055947,-0.5348707180847985,0.2977030200943483,0.08470024822030656,-0.2679757918496626,0.3423565843336154,0.129075481790669,0.4356620055508696,0.4410261839673752,-0.16381890518799358,-0.6242213279133354,0.3878869552669173,-1.5877895437178586
0.6242006736549459,-0.24697369744538714,-0.0121818193310307,-1.4091583669427652,-0.6513636448268578,-0.45754467709996904,-1.0801463529309252,0.11681753628835777,-0.8539329647396284,-0.9504748153609034,1.0735280473409954,1.5197198721031375,-0.9086897936161261
-1.6309396553291593,0.11270985611944262,-0.22726131019104867,0.837417667580476,1.3167439443701179,0.9955825893635647,1.3189225167419012,-0.184540484139721,0.5316095529428082,0.739307361155805,-1.048658671726918,-1.3727420264783148,-0.22959004351439347
0.7884607282180035,1.1800333549576782,-0.504998959651656,0.10459987120259512,0.2562313581830422,-0.9557264011803652,-0.368376847519921,-0.8756000437082563,-0.7601550783896996,0.44694916242191446,0.6490907035274127,-0.24090910964209444,0.44950970658733896
1.255018493597255,-0.925061389055237,1.5322044892527247,-0.18710841056632968,-1.6195175603131733,0.2811869421484274,-0.7732388902897656,1.3268943616223225,0.5191523776879716,-1.2673822704739206,-0.1997839840997527,0.8909238071941264,1.1286094566890712
-0.003753168713380058,0.5524497504529419,-1.1925880299521283,-0.3161474761933875,0.40237033136343653,-0.9174903315024808,-0.1650691695132913,-0.9488668179741437,-0.622498727568583,0.6720224029915659,1.497965391154578,-0.9954643875329082,-1.451969593697512
-0.7902639490026329,-0.973812901455155,0.4468574665660051,0.46194050377270546,-0.10572846180907257,0.9121598289893579,0.6687657431427442,0.7395539467556432,1.027670275813979,-0.017917008925652934,-1.5792053514938964,0.13636852930331236,-0.7728698435957797
0.7447749101778937,-0.6702847908105594,0.5805765517634298,-0.9094655358511926,-1.0488191670262097,-0.08674663644584889,-0.880843072812791,0.6629184922586533,-0.18895089768030363,-1.0512367764005377,0.11854402376043432,1.2682014461395328,-0.09377009349404729
-1.2518919424905768,0.31572016309948225,0.3936246513500573,1.2697742814623107,1.1764782984139819,1.2025122723348778,1.3437543204596416,0.06375437715639588,0.7034149357966893,0.5717669582339321,-0.7303306638667311,-0.6181867485875011,0.5853296566076855
1.7673472962039962,1.0338585146476786,0.03871611456543975,-1.8406785176145624,-0.5908655014493813,-1.2389955020126073,-1.9224469229965722,-0.49593144809013334,-2.0770383284525837,-1.282178371726911,0.9674187113875998,0.5136461682487194,1.2644294067094177
-0.03828934701051704,-1.3271141964133806,0.4641304246948783,-0.31493451957220536,-0.9307602602312073,0.3856066738506089,-0.14587101324259888,0.9262222414919694,0.7108286848273895,-0.5597657599103193,-1.1547680076803137,1.6454790850849401,-1.3161496436771658
-0.544884943042916,0.690327577161501,-1.2261816579462246,0.3339555168107577,0.911922299512722,-0.554904754844719,0.46927699565389397,-1.036850712325532,-0.2455145096404066,1.139691007433688,0.542981367574017,-1.5823407147813187,-0.6370498935754331
-0.34888814544490065,0.5168752183969375,0.20172218513529958,0.9059321319280396,0.6380396929611712,0.40613064093165513,0.6662563715436997,-0.1451492550776978,0.2951242660589674,0.46679316274021093,-0.30589332005314834,-0.45050779794509815,0.042049856526299105
1.2587290059870497,0.6323825539661047,-0.35128857954642784,-1.9215662612035322,-0.49599530097032785,-1.1747550023353528,-1.6919040021580074,-0.5146991501344559,-1.8514949721258613,-1.0470901047738215,1.3918560552011825,0.6813251188911223,0.7211496066280317
-2.8649236228343042,-0.03593484716792943,0.26346897364554744,1.7049632416175953,2.143833783415739,2.2601632204961555,2.4404741789008417,0.1665001745875444,1.27049638162008,0.9649372233549881,-1.366986679587105,-1.2050630758359118,1.4002493567297645
0.19120031778870433,0.309091725742178,-0.18244099874117628,-0.055917600570514835,0.07872261649739257,-0.27804144033435396,-0.13228921769992147,-0.25762509757397667,-0.25995113681394033,0.0976618461700331,0.33076269566722566,-0.0732301589996914,-1.180329693656819
0.300408331585308,-1.0500039470600482,0.6463488897901146,-0.23468367866606624,-0.9868772405213733,0.28303574037513646,-0.28544819715692576,0.8901534256099974,0.5729843365728369,-0.6406928056725807,-0.5181119919599397,1.0586027578365291,-0.5012299435550867
0.2827277278347158,1.036207515782059,-1.5721752635441506,-0.10685521444637137,0.5352470684538932,-1.4160539253943205,-0.2083898834014601,-1.4050855613175794,-0.812607156792989,1.0969522517466948,1.1796373832943912,-0.827785436890505,0.17786980654664572
-0.18605319817751043,-1.1560672485803618,1.270603783855912,0.9665612295188103,-0.6951476591591167,1.1139578659838394,0.610804163299936,1.2951304731203133,1.525363321113438,-0.2871806216528045,-0.9425493357735223,0.3040474799457158,0.8569695566483784
1.9638485640255485,-0.20199143637318726,1.5283144853662667,-2.815099888704632,-1.6334486498583425,-0.23071962124242734,-2.543019211933085,0.9625901405150104,-1.9124873778038192,-3.0539663019551817,0.7552000394808084,1.435880396781936,1.5360693067501106
-0.8453705184259634,0.43899743392189866,-0.7361739948815937,0.4858236625066655,0.9577423784944169,0.038912430642711084,0.7109981923494003,-0.6347927468413157,0.04355519638348313,0.8785322767073378,-0.09367464814635702,-1.4565815017995163,-1.0445097436364728
0.4632386500891642,0.7292457197738419,-1.1399261236913512,-0.7038354127930551,0.17653999091867817,-1.2121342430046658,-0.62089026205252,-1.0077229523962992,-1.0309339977758183,0.3688531040307429,1.6040747271079738,-0.32474858496329595,-0.3654099935347403
-0.44037502997664124,-1.820732515085787,0.9898199340948715,0.38555979556520115,-0.9832119016895334,1.079899367765438,0.44039453017320573,1.4697295654789002,1.5722842800991617,-0.47389610342940514,-1.632260019470594,0.8070843318729249,0.31368975656699233
-0.6808506213271822,1.297655919738614,-0.8894846079496285,1.2336947530348708,1.454114896117658,-0.19749716663394762,1.0178521318485605,-1.1512201824804267,-0.019035629346042304,1.501844673656142,0.06548935578373649,-1.0793038628541096,0.992789506668725
-0.1632907806383624,-0.4294964254537769,2.081673403127883,1.9769257097406285,-0.18693643524140055,1.7234260063331897,1.1325570621216783,1.3884244164745672,1.7480923087308133,-0.20263655838099395,-0.7833853318434288,0.05252905398211122,1.671889256770457
0.45068095285154175,-0.1904040180333862,-0.08081122125315442,-1.0514750716894619,-0.4790333468399453,-0.3859195871330878,-0.797872358416817,0.04980467049990232,-0.6328433393554641,-0.6558566099128093,0.9143640434109019,1.184361970818331,-1.691012705733322
-1.129367907779308,-0.2822471471849062,0.08083053154032332,0.6186212302532595,0.6512358997354063,0.8731983025625178,0.933780983922332,0.18690873476165532,0.6518259639214035,0.36109907766197474,-1.2078226756570114,-0.7020262239087027,-1.0119129556315896
0.737112643997222,0.3111665022066973,0.14819285641528332,-0.512351384315147,-0.3332372837012192,-0.4148669642416668,-0.6668487484235928,-0.07230261138969102,-0.5947253489554665,-0.45913230490895945,0.48992669959731916,0.4298066929275179,-0.33281320552985705
0.6561438278583132,-1.4228454104828958,0.9545930462170057,-0.7119865739251379,-1.5259387471593318,0.26547222515644453,-0.7288506917044358,1.2506130895347856,0.4887526637517182,-1.1950392145137927,-0.3589479880298462,1.5616396097637384,0.3462865445718758
0.14827706975610536,1.2635201342903337,-2.401589582535654,0.11010941190590344,0.8014675269360113,-1.9594899325927109,-0.021479275446927584,-1.9864219222475585,-0.8153164378937225,1.861782023093864,1.3388013872244846,-1.3308222888177141,1.025386294673608
-0.8360047990066004,-0.628082961898388,0.20819451259727534,0.4012599806769073,0.17894397715805505,0.7608503741480367,0.6612733583590932,0.4318910596936347,0.738267895905948,0.1183312835297826,-1.4200413475638027,-0.1989893719814937,-1.5551927557129754
0.5509762757833279,-0.292479345904669,0.2927566317081801,-0.7019715698587785,-0.6288146793607483,-0.16968674773735565,-0.6670487011378091,0.31148498462095453,-0.3052618442006992,-0.6958071849448471,0.2777080276905278,0.932843544854727,-0.876093005611243
-1.119990719955073,0.3616961196484952,-0.1521759212013668,0.8745237995073281,1.1098290946640643,0.6866812909576995,1.0639884413221181,-0.26691035775900407,0.382196854016185,0.7087098043580049,-0.5711666599366375,-0.9535446498723072,-0.19699325550951047
1.0402835008467672,0.9126224245373934,-0.5496045243561158,-1.007282142374456,-0.12788262620468088,-1.1709398076745339,-1.0913234561773177,-0.7668232124866786,-1.382518639293343,-0.27697769504875697,1.1265827153176933,0.1782882669639133,0.4821064945922224
0.48223987516575406,-2.6192832142755087,1.8489227151132512,-0.010210257112658593,-2.2594836431440966,1.0803794728174516,-0.26451501679284417,2.353874407819046,1.849380178530977,-1.3825683480819653,-0.9956040037502202,1.3101211838001336,1.1612062446939542
0.015540084193461262,0.49325778073586635,-0.7045843234920981,-0.07448760091594253,0.3449508870774337,-0.5548048252116252,-0.04771719636607597,-0.6441606977513136,-0.40406873632520224,0.4734965170234334,0.7021453715041105,-0.5762670109269005,-1.419372805692629
0.35050795607259116,-0.31204269512364996,0.446089380540856,-0.10273009359039442,-0.49113305648558536,0.0925491265745727,-0.24262964419380972,0.4077081519612349,0.14619319784838267,-0.40184669421811026,-0.14672931612305487,0.5555659059093204,-0.7402730555908965
0.880116699403174,-0.1260928900535,-0.0780707143322222,-1.8407522162035679,-0.7577679023163613,-0.692118769865343,-1.4457559919737777,0.019142503213695036,-1.2547909997389406,-1.1953380569490466,1.551020059131276,1.6873988227455408,-0.06117330548916406
-2.1408937265889594,-0.038084734089841484,-0.17959804574906948,1.1228484953923346,1.5939168365705885,1.3984808382751985,1.7437847439913388,-0.08215756671734563,0.8469405871080515,0.898203857333114,-1.5261506835171985,-1.689468933247298,0.6179264446125686
0.5028228667136732,1.8485003758479213,-0.172869666323829,1.4941330474080456,0.9559969911830883,-0.4943859748599496,0.5194797072714789,-1.0231622236852886,-0.21935392184405975,1.1460166689195204,0.17159869173713216,-0.557636016411078,1.2970261947143007
-0.07564794430824688,-0.7021196799723424,0.4165593745782085,0.055153340442329446,-0.45047415173551647,0.37572312325135215,0.06979629177713854,0.5864131639330039,0.5380144937716416,-0.2723685258758309,-0.6772759958900332,0.5741969004251427,-1.2835528556722826
-0.1853778293073802,0.7640912804670198,-1.4024149179508785,0.06347739787414536,0.692985980362288,-0.9489923795212822,0.1331560557733442,-1.1731251376532101,-0.49531860444305575,1.0866335443795974,1.0204733793642977,-1.3121912943018916,-0.6044531055705501
-0.9030146809554076,-0.5292450578103222,0.5937141152119352,0.8728274333304861,0.301174465728898,1.1064219223963032,0.9465055692171657,0.5996911248002581,1.0125552168136946,0.15260550016576088,-1.1017133397036158,-0.18035837746567115,0.07464664453118233
1.354097953220524,0.10375805330308949,0.559245216550422,-1.5778010474655682,-0.9505228821305151,-0.5406695510105239,-1.5614660069095754,0.26325638108770166,-1.225718796497203,-1.4904557608406255,0.5960360355507148,0.9514745393705492,0.7537463946329152
-1.2362542785858177,1.3661867129392542,-0.19357814805811385,1.8419521934104408,1.9243247449810412,0.738207398660217,1.6377512903250917,-0.7932930684677771,0.3765523563832997,1.39826446422203,-0.2528386520764505,-0.9349136553564847,1.4328461447346474
0.4597087686987338,0.39715753937662845,-0.6473955556010568,-0.883548193959273,-0.06095040211953965,-0.8295699843805665,-0.7139728553162356,-0.5637995303888156,-0.9267457165350266,-0.11996609148357991,1.4449107231778804,0.19691926147973604,-1.147732905651936
-0.09035338896902029,-1.6093897037833114,0.6997582585729684,-0.08234193525679326,-1.0954679171101402,0.60479336738341,0.00503079627179101,1.2003965644645271,1.0807835834493205,-0.5766958150559597,-1.3139320116104072,1.3287521783159564,-0.4686331555502037
-0.6770048233840328,0.9013897888564268,-1.3589000219129193,0.6108215940440176,1.1646253051917854,-0.5624528950208751,0.6865934975696898,-1.2173567480362268,-0.19296165001704996,1.4269611349299403,0.3838173636439235,-1.5637097202654962,0.21046659455152894
-0.5579281174920568,0.7247868159332171,0.6582229033302227,1.4992961859528278,0.9467215533279502,0.9084408768332265,1.0921749261561897,0.00803543077825127,0.5810281520083788,0.5311917217268535,-0.4650573239832419,-0.43187680342927565,0.8895663446532618
2.061102730673367,1.0281405537406008,0.033497846021684846,-2.789846489914627,-0.817483721302976,-1.45392378577092,-2.5819295920397956,-0.49600918079643674,-2.766099356564233,-1.92461287599689,1.232692051271089,0.6999561134069452,1.568666094754994
-1.0647855364499104,-0.031651656282004066,-0.27559303916426003,0.48428551695766203,0.7835517213847878,0.5518196952241662,0.8280821264599466,-0.13948674335596145,0.3760798352486608,0.5348083472924862,-0.8894946677968245,-1.1864320813200895,-1.6638487157292525
0.3889703550316134,0.4890653897149535,-0.4638219606087618,-0.3794552916192716,0.05909221712528988,-0.6371403637292697,-0.40954732157404866,-0.5063556302264444,-0.6237944281000266,0.08670540725433902,0.8082547074575062,-0.05459916448386883,-0.9847489656275201
0.6176608332550487,-0.6591696115697016,0.5879149759872951,-0.5958012731572394,-0.9445077198443957,0.010177241498012263,-0.6467682453924092,0.6614883357147452,0.032217691249995656,-0.8431132273483002,-0.04061998016965918,1.0772337523523514,-0.3056492155257878
0.4108692332356841,1.0021866232740975,-1.740485692714614,-0.44847068658483275,0.4135922218202236,-1.637919285500238,-0.45778915398805753,-1.4829160329573439,-1.0379485748733508,0.9895605703408396,1.6571293950846717,-0.8091544423746825,0.3734505345759451
-0.8966875233915704,-1.7505928854377595,1.331065326070143,0.9642245086522159,-0.5868877267194729,1.6708096353716657,0.9914097404665065,1.626946528393617,1.9451221354984958,-0.3337557206612777,-1.658787353458943,0.32267847446153813,1.0525502846776773
0.3408019968903424,-0.6859525474122337,0.2813101854203232,-0.7411671228262944,-0.7541909814785344,-0.027623888600593335,-0.5748321990973472,0.5020835984962273,-0.05494667651258676,-0.7139803491122154,0.038962021795387575,1.4545113912977585,-1.5280287657089062
-1.309376053376764,0.15603410670523402,-0.3818303096566043,0.6531268069563696,1.1045314953820204,0.6454523905945287,1.0487400011832535,-0.2933598631970548,0.36632114073713634,0.7288189742391613,-0.8099126658317778,-1.4379505072836938,-0.8489290156071737
0.5140205180380203,0.8745506715750362,-0.7867343778884349,-0.21614989911904528,0.24316259166619475,-0.9760751117949806,-0.3904318388921838,-0.88141504122241,-0.7778176783265254,0.43815482123043,0.887836709422553,-0.3061175904474734,-0.16982926550544136
-0.13010121244171682,-1.901722932545961,1.1341725779670855,0.37901096386829364,-1.2767772437157716,0.968518607398993,0.27021600874036567,1.5916536253623752,1.6249170182923605,-0.585755123166164,-1.2343500096453603,0.8257153263887472,0.5092704845962918
-0.11842497530520824,1.5489205944349795,-1.6865515169994079,0.9992318540628842,1.2098606021226337,-1.2162972193112422,0.5917325483003251,-1.7263190794250658,-0.36837240569826646,1.935217124238042,0.46339936560897027,-1.060672868338287,1.1883702346980238
-0.1492143034703612,-0.19680143319985458,0.18567676652371443,0.1955214511224208,-0.02931422529126286,0.25039422440063946,0.18351061550700976,0.20321423813227782,0.28229087807536263,-0.0050088381896346386,-0.3854753220181951,0.07116004849793356,-1.3922088156885595
0.6863189278166668,-0.008653519799520374,-0.16201374385076267,-1.4742732897675546,-0.5260589826022459,-0.6177508274802205,-1.1479375797378164,-0.08698526638159428,-1.070429639361285,-0.8833371595189917,1.3122740532361357,1.2029929653341538,-0.7131090655868272
-1.52600464428927,-0.4016090897991361,0.28143825111180576,0.8757724242198506,0.8653169419610012,1.3127501741178222,1.2828091842914586,0.359757290444956,0.924223335141002,0.38694701071924037,-1.4465686815521517,-0.6833952293928801,-0.03400931548509474
1.234056863156016,0.5098358369360927,0.7547234480520716,-0.18066120620848533,-0.5659341601717572,-0.3036575785182121,-0.7585683267769014,0.17007480427085453,-0.4933526427346963,-0.6845389735705655,0.25118069370217894,0.4484376874433406,0.645090434616638
0.9534907104022069,-2.344082627639234,2.134102167155192,-0.6117090020631241,-2.4173741289521535,0.9620852156431758,-0.8356248723818624,2.3767958307408827,1.215053009555127,-2.0043230797136724,-0.5976939939249865,1.580270604279561,1.3241901847183701
-0.3414413365832818,0.584207965154205,-1.3046577553054945,0.00865773241359235,0.6810942349024941,-0.7615183506877935,0.18804012962834282,-1.027939270631705,-0.40782869741191785,0.9765729418985747,1.1000553813293443,-1.6475491955866977,-1.2563888656682134
-1.0170451289932787,-0.23074285597684138,0.2274006853756206,0.7259400494807317,0.6034129731441924,0.9056476420687889,0.9301459502689093,0.24372967388597602,0.6936818876260396,0.32512610894278304,-1.022131337738569,-0.5157162787504771,-0.5772891155664808
0.989408152902256,0.3553144149787898,0.1818479319195429,-0.9870095187855672,-0.4923921419999825,-0.5700349122166969,-1.0532727313126193,-0.07544211712271195,-0.9726336651206501,-0.8073809597736932,0.6756180375157615,0.6161166380857432,0.10181063453525166
-1.206148982294468,0.9736090322893215,-0.731639818156929,1.1735834392591231,1.6176143270029402,0.3014321133040045,1.2683381149170705,-0.899969212405432,0.16678913453539806,1.3434750697502704,-0.1732566501114038,-1.2702715566412908,0.7809103846369845
1.4574533232982447,1.5254874968593763,-1.5470509636161682,-1.1715649549693778,-0.0006169215457305161,-2.2400634880881736,-1.4023030708966646,-1.6359544585712111,-1.936949680073279,0.35326673538930914,1.524492725142927,-0.13843863980507037,1.4600101347387167
-0.34729510935592184,-1.3326923552970513,0.49673188785932376,0.05748330627002878,-0.7007610972651966,0.6326124476585367,0.21699010783738518,0.9473915602166202,0.986735186479761,-0.330431085658274,-1.5526780175055475,0.9933942770311505,-1.1205689156478669
-0.373676484759164,0.7052117190997413,-0.6210076777838189,0.5596273664305017,0.7930173952327223,-0.21087987487892168,0.4965515861821683,-0.7031987849795248,-0.09127281137132459,0.843102610296094,0.14507135774878324,-0.892993917695884,-0.44146916554613413
-0.044842598024231864,-0.577099903668755,0.8805139496437809,0.723503029346027,-0.38339192859989585,0.7115875262454979,0.4064706692630828,0.7853112274158518,0.9374382664883097,-0.1624557382793257,-0.7038033298783821,0.238838999140337,0.2376305845555987
1.417399347731933,-0.04586186687127088,0.4446948853352053,-2.3419494474416718,-1.1066698518916815,-0.6745023339179005,-1.9993363438727623,0.27361945292462125,-1.6776587393992657,-1.9255608059501723,0.9939460453759487,1.3706719159765572,0.9167303346573311
-3.0370205146336464,0.23236024850912446,-0.14886522232337393,1.8965427700746231,2.4682047985869646,2.0655687820202298,2.634196817925472,-0.20027320408791002,1.2201971559509037,1.4021699884643777,-1.1282406736919648,-1.5217899826048953,1.5958300847590634
0.029097143471420877,0.3711056703737421,-0.5188422231314663,-0.10222043205837957,0.24634356158377954,-0.4212220138771632,-0.06965869081238722,-0.47829382836464207,-0.33772533526612875,0.31641853195549563,0.5695087015623659,-0.38995706576867495,-1.6366847257251835
0.2674777605416502,-0.5611840634868704,0.4529616866658944,-0.18477422300942728,-0.6084253455470927,0.15746329784809046,-0.24137637994248787,0.5363510962077271,0.2629006068772269,-0.4628260634161034,-0.27936598606479945,0.7418758510675462,-0.9575849756234509
0.05191123342148561,0.8363918958555626,-1.5882686100357497,-0.17210957161459836,0.5655564662556652,-1.2627564577584192,-0.11885406728886662,-1.3140894016719844,-0.7186068044886308,1.0644922035241025,1.4183833891895314,-1.1445123436594884,-0.27848522552171845
-0.9569064950684254,-0.9457228128031693,0.7846718634022349,0.892530615182154,0.040796995971070844,1.2924540276024519,0.9858761589785682,0.9158953367147181,1.322188390144186,0.023947628306449812,-1.3404593455987561,-0.012679426823268098,0.40061452458001445
1.519053517714394,-0.30620663248372104,1.0526446166759913,-1.5338773863473334,-1.3719396857750665,-0.27839916736077425,-1.626886595967091,0.7466698786949238,-0.9030161901011445,-1.8276406134443806,0.3572900296555746,1.1191534900129523,1.0797142746817467
-0.7013545733215948,0.08654719017043419,-0.2029632644344867,0.4459058881511246,0.5937787597743228,0.3469343182613577,0.6125182526245653,-0.1577427108853784,0.2642613887658906,0.4546372717079672,-0.4915846579715908,-0.7672347047140817,-1.5008647757048368
0.5902829772123376,0.3897787247166567,-0.4499546040868869,-0.942117492624406,-0.16518035397212216,-0.7709730478314992,-0.8150876759614825,-0.44881679150259207,-0.9642840833616103,-0.3067456075217172,1.20616471728274,0.36459821212213905,-0.8217650256031045
0.2072257106947357,-1.6312746722807847,0.8108359168204233,-0.29832769044472773,-1.3366739517162625,0.47685225694879896,-0.2690152233974129,1.2739653422308606,0.9385779547815575,-0.8064098165550964,-0.9160220017851733,1.4964311289583594,-0.14266527550137204
-0.27363021047489516,1.101403193121167,-1.8160376645702019,0.44786215064856866,1.003767733615097,-1.2047772766154847,0.3837257821670398,-1.575188256225578,-0.4537516474207471,1.656111864217847,0.7817273734691573,-1.3960307696230931,0.5364344746003611
0.7509398103178794,1.5623493163580289,0.8654748541950598,1.662977205315618,0.5611369795846002,0.1286509762142978,0.4753957829910149,-0.294596364440606,0.1067971379168325,0.48844963848414874,-0.0671473141580081,-0.26419785278687263,1.2155342247020933
0.5045280900040039,0.11901384439436993,-0.42248856459775186,-1.2258938914059856,-0.29604700140304757,-0.6882128337560389,-0.9189870838009491,-0.2977372039164797,-0.9795592748488672,-0.5204124615947209,1.6306020610963228,0.8676350640493482,-1.3650448256844903
-1.4808609518976596,-0.34103071407985736,0.029307175096175732,0.6816602915828056,0.8749360919989204,1.0857982706301552,1.1559629907452917,0.18730629606581561,0.7395314762400299,0.4423581269956402,-1.6057326854822453,-1.0187531306776862,-0.6859450755827579
0.58793268619622,0.46333377865110936,0.39446433864043173,0.28224025460175545,-0.1102058044260113,-0.11774332876149202,-0.16674440401729854,-0.00969686307963258,-0.12236056992001333,-0.10129931955453078,0.09201668977208541,0.11307978615853413,-0.006845325481025416
0.47643263122277263,-1.9477505227600747,1.2786666626443264,-0.15120566330764182,-1.769437660822705,0.6445468696027002,-0.3359115649068151,1.6961481118388846,1.2703643276251113,-1.0543004869164831,-0.75685799785508,1.2449127029947544,0.6722544246207068
0.8791823048783441,1.767981284049264,-2.048450485247974,0.25638044501698576,0.6127209097135471,-2.211766513406965,-0.33690674317783553,-2.0400082117478173,-1.0661219353937044,1.6986435498491548,0.9408913773992509,-0.6414754917322795,1.3513541747224393
-0.3820088563667396,-0.9462813702875681,0.4411028564875658,0.21955472716995028,-0.39502006471674533,0.6146125945677507,0.3212983381273305,0.7225226430928817,0.8311546082500846,-0.17868327122416894,-1.1812953416686625,0.4903574251039412,-1.229224875664144
0.6612400638743285,-0.5492126729089113,0.29520371350353397,-1.2626424250223525,-0.8979934560012194,-0.24696258284574554,-1.0226139358709687,0.44143568832523805,-0.5326818388284826,-1.0794054408681593,0.5164540335856681,1.6221903419401613,-0.5501251255624114
-1.330310950140388,0.6041497437409658,-0.7515140887564997,0.8518201634738166,1.4444611413063433,0.37523957210162934,1.1649994433395212,-0.7261470430293371,0.19374009356498562,1.1391634472587262,-0.3324206540414973,-1.6056294579260968,0.128974624539321
0.7844177680872959,1.2523316280846024,-1.6272549029232406,-0.4906302434324198,0.31157899800584626,-1.8187413823431822,-0.6807871518510185,-1.5443655742320646,-1.246065203245155,0.8766080915570099,1.3653287212128336,-0.4737965410898764,0.8080743746410538
-0.2936373270850852,-2.635461495832097,2.07371515321002,0.948281407333872,-1.683553643977371,1.8108679297141954,0.658950652269336,2.488680542988194,2.5607721470736355,-0.8971503080258475,-1.393514013575454,0.6580363757463442,1.487174124742786
-0.4951329286587126,0.5524050325726073,-0.8644167489126785,0.3320841964258309,0.7744967516956277,-0.3114913017698535,0.4415550633459467,-0.7638709224127517,-0.149106340498405,0.8692602767652896,0.30423536167887677,-1.2283518189806901,-1.0934049256437974
-0.27288903185486585,-0.0850973001797714,0.42589597635333776,0.6281572257672885,0.14513756929549335,0.5245365088366478,0.47861455690586185,0.28267246855589434,0.5190279729940043,0.11086048891670182,-0.5446393259482887,-0.09651890214446958,-0.41430517554206503
1.0559794850173105,0.1863086324245952,-0.028062278386746183,-1.8220647562180583,-0.6650354002145846,-0.7797937524890917,-1.5303747711510047,-0.1091201795526784,-1.4626093466924024,-1.2198199512293062,1.1531100493060422,1.0353140146917508,0.2647945745596678
-2.087445958240801,0.23683859813359687,0.3300914212544855,1.4541078186558893,1.7522594522641297,1.7533775260655122,1.8901385372491308,0.06744760917004469,0.8939414474789981,0.7445545136033597,-0.9690766697618712,-0.8510741800352832,0.9438943246614004
2.2500140346703477,1.6831774956816044,0.3577991601318871,-0.9418537461360322,-0.4868423150003808,-1.3393262577528287,-1.7067608443064497,-0.641257845558991,-1.8809948045858498,-0.9075424071346476,0.7286727054924594,0.28075873680093755,1.6229940747631326
0.2699834401713609,-0.7558553536377127,0.2984394688754656,-0.644635359471044,-0.7511079929787388,0.03643707337343216,-0.4857621065022111,0.5467456569755808,0.0650988792315263,-0.6609933236068283,-0.12020198213470594,1.4125916536371579,-1.609520735721114
-0.13557227454284435,0.6462719184885387,-1.4599313705565289,-0.19036459871493067,0.570058362710871,-1.0291292385520665,-0.027762657121387587,-1.1465406021100706,-0.5971592901022345,0.9565776955734817,1.5775473931196249,-1.4798702449442944,-0.9304209856193817
-1.2055683687163594,-0.6578447821945183,0.40073556460563486,0.7435339375375191,0.4373186573475582,1.1747409125388268,1.0407423992338252,0.5553213270540587,1.009306364488361,0.2081435358053337,-1.4996233495288496,-0.3480373281080742,-0.2513212355176491
1.0701354103425826,-0.09776746848058188,0.7459571013395003,-0.6235539742982781,-0.8811985833264301,-0.19273404219958917,-0.9045609537598032,0.46941987461194773,-0.3860318606620697,-0.9795957007410712,0.19812602572548108,0.7837955887281468,0.4277785145840837
-2.0695676515855723,0.7073419781787865,-0.07566719145545153,1.552952295399747,2.0789836054495487,1.427463881071921,1.9327720005018147,-0.39688484975636107,0.6325764772764092,1.1137489044237225,-0.6507486619016843,-1.1025926059988878,1.106878264685816
0.3303140636112988,0.3634400690158101,-0.5451249577472307,-0.5663047039807746,0.012665678923682429,-0.657760336331334,-0.47678094964189377,-0.48926915839975654,-0.6711811413571177,0.019964231364153227,1.0470007133526464,0.029240310837333028,-1.4737007857007676
-0.04265697531064917,-1.3555172050747197,0.5938094882688341,-0.08802943667626033,-0.947993183774724,0.488801041340924,-0.023603487928131554,1.0135399058830787,0.8966576255019563,-0.5017417244845521,-1.075186005715267,1.161073227673553,-0.7946010355990352
0.12543216387901057,0.956918948222549,-0.9625813633722802,0.2755337582759132,0.5970378662233969,-0.8327689816487586,0.07822358836184448,-1.0217808920030083,-0.4771653409973332,0.9037887828400808,0.6225633695390638,-0.725314967053481,-0.11550128549730271
0.7912703159253359,-0.07942009183315638,1.0471120110999401,0.4801919230703812,-0.6567244305406654,0.2398444520873933,-0.17138385531254482,0.6299772974663438,0.40695407604048367,-0.45208409284276496,-0.22631131808810162,0.40651794978273964,0.5635984646044307
1.6247678017849478,0.1665228821920209,0.49405555504701915,-2.761411402552736,-1.1101303836285539,-0.7852966429119937,-2.332448451299831,0.19507980709530204,-2.1345257140164287,-2.24790983623995,1.4714380571662293,1.53835086661896,1.2426982147061625
-1.319636283612811,-0.13062065831459777,-0.22185019430156203,0.5575150983198339,0.9049956270425784,0.7762572411064758,1.003721703488676,-0.05963119980353964,0.4997146665402423,0.544687384257575,-1.2874046776220582,-1.3541110319624923,-1.3378808356804213
0.27963141447602763,0.5737644224103526,-0.28509416598682386,0.07273015529763581,0.2031565453134661,-0.4207364199628336,-0.1118142174475868,-0.4480329040352588,-0.35363731588290936,0.26163688351527964,0.41034469763227244,-0.2222781151262719,-0.6587810855786888
0.47675009916554506,-1.0042944910852873,0.829014675845192,-0.11121221630724469,-1.0873773347093225,0.2973735036405137,-0.31494537153998897,0.9702216802484092,0.6307434830874433,-0.6925224447706684,-0.43852998999489295,0.9095548017099487,0.020318664523043907
0.3170880964456614,1.2150876455545763,-2.0196025803033866,-0.038534256442513834,0.6385882353728196,-1.785951892250578,-0.19074448249153364,-1.7468603604700936,-0.8895267952298589,1.4763641704735109,1.259219385259438,-0.9768333930170855,0.6994184146247765
-0.18639810407157167,-0.8709465686838145,1.7242212426471424,1.5043152085012907,-0.4886891651090819,1.464210636024676,0.895195689251082,1.4080238966566188,1.7159245596300199,-0.25850345883637244,-0.8629673338084756,0.1549995238191351,1.3785181647265088
0.5528267939614143,-0.2374967447584343,0.029943166281089985,-1.1665329868259593,-0.5904531850687148,-0.3737986721801793,-0.9135665204393255,0.13581521922071346,-0.683478014737232,-0.8166053010777012,0.8347820414458551,1.2868324406553553,-1.2020608856600747
-0.25615514541948664,0.5607426498336086,-0.2515183780834785,0.5607486667050124,0.5995306523390944,-0.010161424045168198,0.4339972185327668,-0.4225866647742409,0.011961567350362882,0.5689626255499521,-0.014092646181310266,-0.5995557540716787,-0.5229611355583421
0.8980866110248726,0.5491699808320297,-0.6287296881130666,-1.530082588542824,-0.2830325043902109,-1.129901357052362,-1.2912208887953072,-0.6294059782874051,-1.5066301321374755,-0.5740983360918536,1.6836567290730207,0.5322771627645421,0.1561386145433903
-0.01668053914245341,-2.372755506165318,1.5909434182248243,-0.04524229842002888,-1.703326674737244,1.2395264000933248,-0.01494797952075192,2.0850041076089645,1.649032640800698,-1.2144836943005441,-1.6720510204531176,1.6641100796007624,0.8352383646451231
-1.4305414087305213,1.1968982578162823,-1.48577657399535,1.4815406463979113,1.9490447453977868,-0.1193469751841221,1.5516666759802915,-1.436860525144318,0.23337793617622196,2.1142572044092103,0.025698354801213113,-1.6754956873604314,1.5143381147468553
-0.8208130730697759,-0.12857795279056963,0.07900062348318765,0.578648484392967,0.5286766537128447,0.6502591916239209,0.7468613735209421,0.10892016033915926,0.5136988852724289,0.3352419047122433,-0.8231763328259523,-0.5436627705242111,-1.0662409356397282
0.7796126740005883,0.3104076031287466,-0.0932908053253608,-1.0089921938447983,-0.3659745756390066,-0.6317054463172603,-0.9521626583156443,-0.2080346447904064,-0.9568512699343441,-0.617643816160424,0.8745730424283786,0.5881701463120096,-0.3871411855379957
-1.9484916307364444,0.038371374628556935,-0.07222460367465193,1.0281935531934694,1.5034888138659743,1.3431935142858653,1.5903768655040846,-0.05992563310362081,0.7236198479881681,0.7538636176809296,-1.247613676639535,-1.2982180484150248,0.29195856456373714
1.1730277478481665,1.5526993220761849,-0.0013832265043680955,0.5582717944219888,0.2344793076010751,-0.8432434434249056,-0.3352454285438965,-0.778367590454155,-0.6930551293057103,0.38117314516279793,0.4501356986147958,-0.16638513157880427,0.9710583146654698
1.4896694827570909,-1.9132842244833976,2.5180796809290436,0.03806591400051226,-2.5119121661693486,0.8734071553609378,-0.7803164097308926,2.377481711194532,1.3841433298677321,-1.8475547268519927,-0.3987389890123696,0.9654477852574161,1.6501580647672016
-0.02071569903608451,0.5276798072437133,-1.0901754949186553,-0.2626262380697385,0.3973038794956791,-0.8262919320796921,-0.1276685077215418,-0.878737342410291,-0.5658560494210033,0.6322707309177314,1.2990103862419613,-0.9209404094696176,-1.5823567457170449
-0.680995787829906,-0.9540169805324514,0.4466774938074997,0.4127779131746394,-0.17416916773652935,0.8335718049406623,0.5840706647590703,0.7295387575714181,0.9777365635896026,-0.05125939020035618,-1.4598323485463263,0.2108925073666029,-0.9032569956153124
0.7323602789059269,-0.602540232433778,0.48952663077174635,-1.0339764549675068,-0.99042424701803,-0.1480864398096275,-0.9399771660165898,0.5776719659750498,-0.32789777555099753,-1.0682779992777682,0.23791702670800446,1.3427254242028233,-0.2241572455135798
-1.7042571461293505,0.5282178271841793,-0.5344797550557933,1.0501765604584123,1.672765224220668,0.8111753078698385,1.4707620797715084,-0.5657892867788931,0.39241553638158555,1.112754684044534,-0.6109576609191609,-1.5497364743786295,0.45494250458815305
1.0182980096281846,1.5454220920658346,-1.5716217188482988,-0.22195863576240962,0.34640490601314866,-1.9437300614251922,-0.6644619557183138,-1.6597869420746065,-1.257646870395659,1.018163036888403,1.08679171433517,-0.41790355754240877,1.1340422546898852
-0.22368732022058413,-0.9584148051407635,0.4220614295706338,0.055822192973404856,-0.523703657535224,0.48625341767326113,0.14969482522106406,0.7178663506476932,0.7201930887187131,-0.27600666475061536,-1.0353950047327436,0.7139293592938121,-1.4465367956966981
-0.26658666798845115,0.711783674672013,-1.1224585751765388,0.21369774884181686,0.7166630342000768,-0.6746778743309446,0.256183831641746,-0.9891324330361673,-0.3485412401132765,0.9806329373227936,0.6623543705215872,-1.1724588354332222,-0.7674370455949658
0.19943818097303642,0.3131473995906765,0.4425793268995639,0.5953277369352731,0.07541649943908404,0.19830147630167608,0.20747144739866313,0.09263607751803969,0.2127351215730263,0.07609333555454824,-0.18652031710557823,-0.040625918597002,-0.08833729549323338
1.191836401057003,0.31541103671954945,-0.19643816196386873,-2.121937970441932,-0.6745640849226363,-1.0072489012775578,-1.7618586800500393,-0.26867928344717307,-1.7731088923242395,-1.298739378359295,1.5112290581487526,1.0912069982392183,0.5907624546084996
-2.4217782387620246,-0.4210831900842591,0.6594780885641958,1.549068431252573,1.5296699617453877,2.24756197414753,2.1199703930081384,0.5825917472140097,1.4296922301116777,0.564149266988642,-1.5659416844997218,-0.7951811964878156,1.269862204710232
0.25431186751488827,-0.0319244731079055,0.10527660370100655,-0.19534439608123533,-0.2156970125419208,-0.10135338403044629,-0.23988843555262487,0.07532677643338326,-0.1200155051227816,-0.21134264178628626,0.13180769075460877,0.336651720348405,-1.3107168456763518
0.20978676204878752,-1.3296248635154044,0.6086536255639959,-0.3889919414812028,-1.120462607344543,0.3190124051161239,-0.3183079364621529,1.0089399730674815,0.6585292882386339,-0.717720299827746,-0.7170669968725566,1.4684846371846252,-0.6316170955746194
-0.21914288784811659,0.9299789674864125,-1.676549302779778,0.20398924253348955,0.8385276014072334,-1.1362691430571605,0.22556016820094837,-1.4107169204756829,-0.5103115438980464,1.386270833279638,0.9806823783817743,-1.4239772613968267,0.04748265452711323
-1.2713120099248532,-0.4614938251370486,0.7821001563979648,1.2105657312785187,0.6291108810669671,1.5161974116849644,1.3228971062292545,0.671945130406901,1.211153615881741,0.2424206533327988,-1.1415043406861392,-0.29214434456060656,0.7265824046288458
1.971258249147462,0.4306098573749301,1.0294268292947129,-1.8765283902178949,-1.1815677526999693,-0.6209744316959631,-2.0509599496492483,0.36458733522375836,-1.6755681142821484,-2.0436877086604546,0.5562450345681915,0.8396885722756141,1.405682154730578
-0.7659863068113761,0.3044503986502074,-0.42302090684993304,0.5081208512985496,0.8003152890416559,0.22354319634698427,0.6801273849658033,-0.39090342066930595,0.15521909584315316,0.6607262606540173,-0.2926296530589739,-1.0466996224514202,-1.1748968956560055
0.5950414647662814,0.593650772420456,-0.7470832158005476,-0.8926022110259387,-0.021345482203383337,-1.0036498575372712,-0.7914754003177522,-0.7183917261794015,-1.0726532830353808,-0.05196268716866491,1.4051197221953569,0.08513329438480045,-0.495797145554273
-0.0783883595383907,-1.9136690285807263,0.9900707596307194,0.06104869691811007,-1.3245825998444078,0.8202042958171133,0.07438451259766414,1.5164133165512768,1.4011989265462126,-0.6950520616125122,-1.3537230125929305,1.2169662112210207,0.18330260454745964
0.283698959341078,1.4863603604181488,-0.749065606216929,0.9382038464326884,0.8600588540546249,-0.7816508546355062,0.3434082262976671,-1.1665758273094728,-0.3685875451605332,1.1961629942673841,0.34402636266140013,-0.6694219835060133,0.8624023546491925
1.0774029799480613,-0.8477793991287084,2.212789845225759,1.1916905119325092,-1.4291062137703876,0.9338366639800145,0.0509015972286643,1.6718031692646673,1.471211997280193,-0.8348786250099499,-0.5048483249657653,0.4624109333302075,1.5415021047509248
0.5915783303977654,-0.24574475812712793,-0.05997084435024822,-1.4163383489819965,-0.6257675363791173,-0.4709968114026558,-1.0664122636395883,0.08926583778252181,-0.8600472377701219,-0.9198083967391326,1.1929010502885655,1.594243850166428,-1.0390769456356588
-1.5622039814477398,0.19144892708284164,-0.4139922944493772,0.7665765870471816,1.3216288038482698,0.8021546380737784,1.244549285916882,-0.32922359568995146,0.4240600860769455,0.8299991516959638,-0.9292856687793478,-1.633575949699831,-0.3599771955339264
0.5100466990034762,1.1558734811125195,-0.9873358625845541,0.12667176983131556,0.449622940771819,-1.1280035193273987,-0.2071133063095719,-1.135369679573914,-0.7269102556139221,0.8208417694808601,0.7684637064749829,-0.5017430328636103,0.31912255456780647
1.296889585936356,-0.15721411685895156,1.3265001894838282,0.10248776708687223,-1.0959279317871475,0.09240688195969146,-0.6426838986320476,0.8264132916302159,0.18629069195097045,-0.9171416135108138,-0.08041098115218256,0.6300898839726101,0.9982223046695391
0.5530044845769246,1.8572206437962107,-3.062637336666941,-0.0647581392797183,0.9242971233590898,-2.7601198653092895,-0.331367389471408,-2.656344732004178,-1.3638908625427981,2.234535204023133,1.6173383941021482,-1.2562983107544237,1.6773220547712713
-0.8472571392463144,-0.7284862718692032,0.21191225835529065,0.35709361568844883,0.11485525086724449,0.7717975631302215,0.643977317077105,0.48426829079110534,0.777193032877629,0.08549104293726592,-1.6189963524764197,-0.1244653939182035,-1.685579907732508
0.4580994749248565,-0.471137914221343,0.35632488915907573,-0.5902899769984532,-0.6876767300162422,-0.053957363374039155,-0.5581194191473501,0.4367869501678779,-0.09705532379580141,-0.6670552191950019,0.07875302277791095,1.0073675229180172,-1.0064801576307756
-1.187731415162136,0.1589662049734782,-0.024678078582538947,0.8429393972906666,1.0145213568252878,0.8336913992485822,1.083694565362543,-0.09351965856399286,0.5028501185934092,0.5923434441947167,-0.7701216648492545,-0.8790206718090171,-0.3273804075290432
1.0304330640110944,0.8175325605616078,-0.282907302377665,-0.8748456679975386,-0.1891904723436347,-0.9580876810993619,-1.0160371144155163,-0.5688787536833534,-1.2183988924945017,-0.3852229666578507,0.9276277104050764,0.25281224502720384,0.3517193425726895
0.27770170578553155,-2.5556887319214874,1.712787689396949,0.00396639808354782,-2.0585804586692826,1.1221878480164507,-0.14711939724360582,2.2452940431382538,1.8146496872681452,-1.2716292996519283,-1.194559008662837,1.3846451618634241,1.0308190926744216
-0.5165872575902496,0.47829970307046216,-0.9961290587873346,0.19360347934242608,0.7371532714537233,-0.3977156009750301,0.3798950905223851,-0.8009987052940218,-0.19769563372866916,0.8729597988989675,0.5031903665914936,-1.5078167367180282,-1.5497599577121617
-0.36317186322253786,0.16093500911986808,0.055625272443847566,0.5134264963001881,0.3914443674940033,0.3036592294689382,0.46648976911712325,-0.04924270606797989,0.2608329514726807,0.30822177738986617,-0.34568432103567176,-0.37598381988180807,-0.8706602076104291
0.8359159041268023,0.3282356153413087,-0.31374483327917935,-1.4797714868467202,-0.3957241431159764,-0.8422277631717576,-1.2312253860636906,-0.3412216192615204,-1.3132686842972698,-0.7741916902154866,1.3520650542186592,0.7558490969544129,-0.19156045750869677
-2.048006191182435,-0.11046882842786375,0.10719517565644332,1.10975639726348,1.4712184686662573,1.5530779629913969,1.6869548327495474,0.11574299474056021,0.8886941024120841,0.6759122027427673,-1.4067776805696284,-1.1305390977726215,0.4875392925930361
1.5188341448495177,1.6026846162639494,0.6902217322134748,0.7903865685597709,0.008723190904555271,-0.5578823031283828,-0.3983812955452699,-0.4135774749039561,-0.5589921474061432,0.024666468207687822,0.2909716946847023,0.001293819063598915,1.1666390426947684
0.1147894554453321,-0.9139349908375287,0.4163139373080697,-0.3086776715665449,-0.7478900264014444,0.23880907104303117,-0.2248170749446357,0.692351401144576,0.4224907777444763,-0.5199293683785607,-0.557902992942463,1.1331267358998192,-1.4139400076918152
0.1444724684062051,0.7341437733178602,-1.1591897676660297,-0.1936394269793933,0.4215077749310635,-0.9981393894499022,-0.1799680548891701,-1.0210338241013484,-0.6618439167076725,0.7305931876053403,1.1398463823118679,-0.753261458827215,-0.7348402575900826
-0.25459293218828816,-1.0020452241517221,0.774992643793283,0.537374439937683,-0.5318497310228925,0.7807591145936867,0.4208043857005611,0.9386457744003005,1.1027688624385004,-0.21068743489253514,-0.9823403367560457,0.37857145800900593,-0.055740507488350154
1.189508512214617,-0.37707911250062687,0.5572789578003665,-1.8994781034690154,-1.1736050068683228,-0.4240195754319698,-1.6430364780019768,0.5029501504361198,-1.1197479863240982,-1.7080324028264813,0.715409038498285,1.5104043748452263,0.6233592426133823
-1.4218604092699263,1.155374224729907,-0.9647128793805564,1.4795008958522264,1.9124400844176273,0.27646624980924417,1.545924150272797,-1.1223682253986385,0.2613252434953784,1.7251919908992577,-0.1334656491288804,-1.3820575237362263,1.302458992715115
0.3011713248770405,0.493546049496777,-0.9155648541007283,-0.6632734457222824,0.12882939179320507,-0.9226637383613857,-0.5123704312359204,-0.7632240827796479,-0.8342244255280409,0.22954607086544773,1.5642837261254505,-0.2502246069000058,-1.2781200576714689
-0.35646132443145695,-1.4497619576126872,0.6225679333972706,0.17062155355583417,-0.778482748101381,0.7362867430254819,0.28170957249906453,1.0769471185912736,1.152344371545626,-0.3470150597942795,-1.5128870165230242,0.8816083099362151,-0.5990203075697362
-0.4221277018036283,0.9269070451296497,-0.8068924235312626,0.7154311827668564,0.9900416381352211,-0.3195204623517935,0.6049288158760422,-0.9189970496963015,-0.13466162919730734,1.0874941005148342,0.1848623587313066,-1.0047798847908191,0.08007944253199624
0.009764028081218195,-0.35558728565036085,1.1418854704788353,1.0992134680592882,-0.26455325580152916,0.8740534158784791,0.57569446182175,0.8217001278041234,1.054762223598889,-0.1010860982277273,-0.6640123288958587,0.12705303204540103,0.7591791926337289
1.8973707162037674,0.22301260485898314,0.7947131839804429,-2.9922735740130557,-1.275740053632034,-0.7490287205307465,-2.6009364539407747,0.3362553465180243,-2.343155206881827,-2.6288029158537474,1.033737046358472,1.2588859488816215,1.4382789427354612
-1.0034158912637434,-0.25554348455383535,0.08230657183872149,0.579228963512631,0.5751548886153713,0.7839098493259884,0.8452849520968332,0.1743675763524798,0.604129905395075,0.3331775137092893,-1.0884496727094413,-0.6275022458454126,-1.1423001076511219
0.7207336600568895,0.26731232923688836,0.06254559563487495,-0.6905396114096594,-0.3525472798036396,-0.4691919374632852,-0.7522214805144544,-0.09861556676910796,-0.693755755895654,-0.5167436469554301,0.6092997025448893,0.5043306709908081,-0.46320035754938976
0.6657643159422549,-1.2787417221845394,0.8410359719225756,-0.8434630451428838,-1.4290102904575737,0.17094607359034883,-0.8035061091683767,1.1144399616372427,0.2905875537055041,-1.2000779571689606,-0.23957498508227607,1.6361635878270284,0.21589939255234286
-0.021252712060723995,1.1087884871904983,-2.2834211512142777,0.08571238229536896,0.8179643111518113,-1.7465987206695213,0.05671908998268073,-1.842327151178578,-0.7234411624966215,1.7572509302328394,1.4581743901720547,-1.59165621203923,0.8949991426540755
-2.237921574621416,-0.46263325433569846,1.2103172635925241,1.8767237378881625,1.360372801074664,2.5405820585109287,2.1943476729228877,0.9138800109164624,1.6984124699745253,0.3774300706960032,-1.3006683446162326,-0.45982329520300963,1.5740988927558077
0.3397443008168097,-0.13487721478455225,0.03207185821066923,-0.5613662145818642,-0.354856103091461,-0.21917346390969858,-0.47923801680198275,0.08562345098886405,-0.31431278563966125,-0.40611285910119693,0.39708103063809796,0.6720096216332112,-1.658415917728439
-0.9846744067169245,0.2892514821088392,-0.4314348631326882,0.5931004646544628,0.9549524454970107,0.3740583883581547,0.8425458828235629,-0.38803436155544613,0.2280487468140134,0.7248514911291707,-0.4517936569890674,-1.2143785730938232,-0.9793161676267063
0.6010736313474467,0.7266938646306372,-0.812686087656138,-0.6890316872548642,0.07030173428012297,-1.0585989517939893,-0.6871283838671944,-0.8219963843272354,-1.0183147812069548,0.13546374234668576,1.2459557182652634,-0.08254565625760274,-0.30021641752497386
0.25329914761480654,-1.7521119883904144,1.0699422109464942,0.05727303387157754,-1.4589575197141875,0.6436967377184583,-0.10583445200375444,1.4805254397506251,1.2839124089727931,-0.7570481343178689,-0.87623100080265,1.0492872605786177,0.3788833325767584
0.42066189766455403,1.5390642586305143,-1.9173252512307413,0.4462246143957583,0.7944416332673948,-1.7813969669091405,0.009800844158852151,-1.8514584965176972,-0.765209736056165,1.7303557331200694,0.8215183744516806,-0.8371009341484164,1.057983082678491
0.1220454688354773,-0.12328379064582538,0.11606745028102071,-0.10337567841025964,-0.18159216106354403,0.0019334500058259165,-0.12021256824416776,0.12716154681841432,0.01190869572488135,-0.15674687435889342,-0.02735631317548472,0.29473198268780443,-1.5225959677080922
0.6374436400181481,-0.0482011676312531,-0.2630432912897174,-1.534218242218705,-0.5176426409248766,-0.6606138205995306,-1.1533570038306316,-0.12412513332649854,-1.086167747695634,-0.8489885429956145,1.670393062078846,1.4265648995240248,-0.8434962176063597
-1.775220201700675,-0.1804403235099937,-0.10864649658066683,0.8221227450102605,1.2140142786894599,1.1906905160650763,1.3883643918177022,0.029125544764320926,0.7282577760434205,0.640642053401528,-1.6455236864647687,-1.4658969990574278,-0.16439646750462744
0.36123416200752845,1.0653501541039505,0.1927311886843168,0.9431988405132171,0.4968640067119563,-0.11063954243223763,0.3043866213667378,-0.4248918992005432,-0.06648168782200059,0.49885856839240106,0.05222568878956203,-0.3340640822212073,0.5147032825971054
0.5067797499222336,-2.114852931737257,1.7631242403163379,0.5082226879575338,-1.9132690979597207,0.996560099143034,-0.0037059513500346006,2.0528967371852254,1.8703617752008386,-0.965716932380038,-0.7966489988376033,0.7977688346150136,1.1938030326988376
-0.17293391294332403,0.5690747005485886,-1.0583658196015195,-0.01888405613904483,0.542526649462651,-0.6924628308901456,0.08294112471334575,-0.8815383013387015,-0.4172125201341052,0.7745753968685805,0.9011003764167275,-1.0886193601120209,-1.386776017687746
-0.682357786795996,-0.7472245832089907,0.4576447242091464,0.5264221737462987,-0.023586816000410293,0.8430118209553241,0.6448641714816095,0.6321593137001061,0.9141262477286531,0.017964673381553626,-1.221086342651186,0.043213556724199874,-0.7076762675860134
0.8765305355337648,-0.30439478231601336,0.41057771128594284,-1.231733894306561,-0.8839985061455194,-0.31250951223376383,-1.121959229610053,0.38386197012930096,-0.6836652344776103,-1.1441982338508625,0.47666303260314474,1.1750464735604198,-0.02857651748428083
-0.8492471496710435,0.8146814357499651,0.11884045475979113,1.2941094148815053,1.2323704707799628,0.7014133378068934,1.140265060607823,-0.34100608996623466,0.3674666391618553,0.7927795054845158,-0.37221165502402065,-0.7113417211666141,0.6505232326174516
1.6947801538032248,1.1523736676305234,-0.5135055882150776,-1.9861616095123977,-0.45019563453750233,-1.6129827230797287,-1.960343575217025,-0.8665428964227999,-2.2672915780540763,-0.9703840360460874,1.3255377202303102,0.42049119566960647,1.3296229827191843
-0.15523448836400638,-1.3988253534675255,0.48384550655418523,-0.20359271567398435,-0.8940499349557409,0.48477941972465893,-0.02418882594359734,0.9732474009089184,0.8429709909295817,-0.4986179918495116,-1.4333050145579773,1.5523241125058267,-1.2509560676673992
-0.5940539119961395,0.6806975505440133,-0.9762706580300425,0.47167649488291497,0.9421972812662194,-0.32677588191530144,0.568483001973383,-0.8911658679697684,-0.1381191725355843,1.0475332198981346,0.26444436069635335,-1.3401377860756252,-0.5718563175656669
-0.39551365236422326,0.07019044397420421,0.5579489238448341,0.9253172962026632,0.35031339952330426,0.7144652308726792,0.7015545292381039,0.27933630142883936,0.6259392702311988,0.21495706089360372,-0.584430326930812,-0.20830486923940505,0.10724343253606557
1.3598425383995842,0.3924179421617949,0.046916081030730646,-2.11839810774361,-0.7461168855229319,-0.9401001668779273,-1.8502614931245591,-0.17007770912488482,-1.8251149299334533,-1.4773868236905716,1.113319048323519,0.9235280475968156,0.7863431826377982
-2.8611917747752718,0.33571719465144295,0.42544579172454133,1.8749050640634009,2.4097835183384517,2.3824630767762858,2.5282842404927366,0.07167587613043991,1.1311257990835024,0.9601434330660107,-1.0088676707443947,-0.9628601471302186,1.4654429327395304
0.4189105351229687,0.32926125585675947,-0.2560754261910944,-0.4476082006933094,-0.0791529536217164,-0.4983415003885066,-0.461654105787652,-0.30922993861655645,-0.5602752388437388,-0.114267327137143,0.688881704509936,0.16897276970600195,-1.1151361176470527
0.5175998678692705,-0.8971946887201078,0.5727386883317075,-0.646464536314347,-1.040862105448087,0.07030626783729807,-0.6197789718277432,0.7721365954809921,0.16396001994844145,-0.8663200623539989,-0.15999298311722931,1.3008056865422222,-0.43603636754532044
0.49719353569384384,0.9772563485077752,-1.511886025247268,-0.515217522649661,0.3301829513144308,-1.523511448074277,-0.5394493361737063,-1.341580979453206,-1.0690160505001525,0.7740303462564182,1.5377563921371016,-0.5855825081848118,0.2430633825564122
-0.5719159146221159,-1.9495578746998747,1.3382799484774177,0.7582065785927976,-0.9767517146190592,1.4432063175007745,0.7080206009662969,1.7306542138412195,1.9357291466332598,-0.47940725616468494,-1.5394143505113729,0.5462504086514091,0.9221631326581449
1.7635515658812817,-1.3306871126041744,2.5184511232151827,-1.880709839003473,-2.2980134819371734,0.6770599052013839,-1.9415641809649082,2.0859278983152554,-0.43002052125354545,-3.154383052315802,0.1583350247429577,1.6780833254876297,1.601262882759877
-1.1132873709742674,0.12201009477237844,-0.5221212419652799,0.4603018518677876,0.9314128976432569,0.3964237708572124,0.8414677929694072,-0.35539560385839086,0.24963380067793675,0.7018964502375379,-0.6905396628842077,-1.6615224414735645,-1.6312519277243696
0.19992320086686038,0.6454798327960712,-0.9095305788252319,-0.23172980978599492,0.3153896364553733,-0.8453166048285355,-0.22989403404220018,-0.8359109265216685,-0.6268040484502146,0.5189075203331873,1.0072097123701231,-0.529689524637344,-0.9521521776226369
-0.2351949687370273,-1.2434972080135915,0.7228578784875448,0.342155073474934,-0.7211576411692509,0.7266058466003735,0.3072067985443313,1.0301786017552494,1.1313808050261402,-0.3048294022393252,-1.1149770066977902,0.6021433921988765,-0.27305242752090453
-0.32594683300354266,1.08283504299084,-1.5331619531467806,0.5513635232602582,1.0299626815088285,-0.948953414325285,0.4665378303186308,-1.4064466866040573,-0.36500829819103114,1.51612686562712,0.5827723685565404,-1.2842448025281576,0.4060473225808277
0.4878098678288888,1.0040106671141504,1.1044781926572793,1.5753888217394554,0.35663844213582124,0.5019770877299448,0.5704907084981655,0.11973228998380678,0.4386489883098371,0.2509873505002083,-0.266102319070625,-0.15241188569193725,1.0851470726825603
0.49299772195896335,0.033591603670242234,-0.3162356435857225,-1.1933622880360037,-0.3490909524335622,-0.5979512690841863,-0.8955983983789257,-0.19506857877143394,-0.8952469177229493,-0.5773138888743872,1.4316470561837058,0.979421031144283,-1.495431977704023
-1.3353842859672447,-0.2511892149262225,0.02819188153285229,0.6745076546174112,0.8297284383935547,0.9804926420477619,1.0740147427678266,0.1416852636649928,0.6706188420496533,0.43831747081742445,-1.3271956786045815,-0.9069671635827509,-0.8163322276022905
0.726206629871643,0.49339625277536453,0.1851643558730343,-0.15992142818766972,-0.19319006663220503,-0.37851027019887135,-0.4747273469230938,-0.14272385610942426,-0.46655357000100056,-0.24665931880945194,0.370553696649749,0.22486575325346977,-0.13723247750055811
0.6578466784451277,-1.5801986588023749,1.1160819669182565,-0.46822058164973285,-1.6410252064623267,0.38885234664603024,-0.6009338859375117,1.420438313882178,0.7783081244839193,-1.149200912782262,-0.4783209909774163,1.3566986700896901,0.5418672726011747
-0.03470631364218199,1.3163319767266248,-2.550073394170583,0.3234330262100194,0.9782477253776988,-1.9426849899153524,0.18958481138592473,-2.096562751926131,-0.6969791646016434,2.1175138227012105,1.2194283842769145,-1.5357632284917622,1.220967022702907
-0.7377247060127565,-0.2688817547089593,0.11358713778011097,0.4780629157864721,0.36428087626260586,0.6172923256046176,0.6490559626897415,0.19867861663979827,0.5397106696452897,0.2410174820119455,-0.9027583347909989,-0.4039303116555417,-1.3596120276836765
0.6888510075553734,0.12854868450695722,-0.01061735781850423,-0.9857753958753677,-0.4287530471204034,-0.5027533160209756,-0.8911240619715206,-0.07036132550768542,-0.8109759737117206,-0.6633446239522413,0.7949910404633317,0.7279026051806788,-0.6805122775819441
-0.7906314409711527,0.7693678529304352,-0.6861427805600322,0.7958583783634934,1.1552059322148411,0.03821588197425044,0.8454408026487263,-0.7720413690194889,0.03575013667175498,1.0524205213460271,-0.05388364716383365,-1.1584855895463553,-0.0014125274802115084
0.9680398232875469,0.99482141781176,-1.1519651635907753,-1.149050949448849,-0.013721334838749445,-1.5838457911776478,-1.127430891886395,-1.1475083935156154,-1.5443147038835432,0.07464964855659878,1.6438657280904971,-0.026652672710134946,0.6776872226215209
-0.1373268000284036,-2.836044178422024,2.090364726301713,0.4594862721640518,-1.9469993196523818,1.7114912550331414,0.31663016961908097,2.598516368214395,2.3460324804124437,-1.2423730171165148,-1.5924690184880708,1.1051802441260852,1.356786972723253
-0.3532997840275913,0.4261292503409934,-0.4894717318368145,0.33157593709874134,0.5757541118231747,-0.12401797172748276,0.3650761585073336,-0.4892948437550011,-0.059959324341154634,0.5899515709988418,0.10528035676625987,-0.7812079506009485,-1.22379207766333
-0.1297841712870699,-0.6666671198132973,0.5945188644213167,0.3706930014690045,-0.3838336830217244,0.5519014231296916,0.26564956210032636,0.6689653459394582,0.7432995493630927,-0.18991163829827015,-0.7435943308609055,0.35062496623527184,-0.5446923275615976
0.9700248804410158,-0.22915002485217903,0.19575838820108482,-1.7848227412871458,-0.9003923088094852,-0.5453855555824528,-1.4645067110885808,0.22509683053636514,-1.14089117296185,-1.360985425682164,0.9541550443934254,1.4824578830714923,0.13440742254013488
-2.2855885660430224,0.18090445549677173,-0.11431913893048347,1.2817627397125564,1.861876536948263,1.5527329369880862,1.9055198169835308,-0.155032397211077,0.807741516145107,0.9578452131211337,-1.168031674674488,-1.4100040155099598,0.8135071726418676
1.5242619312983097,2.1335197671540964,-0.32723876141501923,0.8450489510356186,0.38850856965929603,-1.346838051200982,-0.3724083762970515,-1.2529092485735907,-0.895390172221428,0.8188878943611034,0.5297177005798426,-0.2781710986737395,1.4926069227435996
0.24034387876247978,-0.6564911475139419,0.4385716323402643,-0.2480683008480341,-0.6568002340827342,0.1658409160915425,-0.26024800602048737,0.5759697019164167,0.28424527564253393,-0.4952185640198703,-0.3191569870473228,0.853661818162481,-1.0879721276429835
0.08627579034423703,0.8118401705917989,-1.488444668543929,-0.1987788198321435,0.5217739738754584,-1.210405703734113,-0.15141380998837553,-1.245528267953303,-0.7206766278452642,0.9720623617021249,1.378592388207008,-1.0327263765645533,-0.4088723775412511
-0.8413749036334263,-1.0698598463015339,0.7727363330415075,0.7843649679947322,-0.13647877623828678,1.2002987385190533,0.8666321231714261,0.9713353996158217,1.3312041610912924,-0.04082545880638135,-1.3802503465812794,0.0991065402716673,0.2702273725604815
1.3731258728469604,-0.494472697740886,1.0010182788362287,-1.481749056372097,-1.3975704261397601,-0.21346449321388586,-1.5209261031608297,0.8118539058434627,-0.7314866253201513,-1.7537343892595145,0.3174990286730512,1.2309394571078875,0.9493271226622142
-1.566451892988076,1.1407185821111727,0.7503442186971967,2.2549748169828434,2.0113512059126157,1.7035908599443925,2.033459171166179,-0.14833804553192445,0.8379920534940313,0.9772168456854716,-0.5313756589541142,-0.6554487376191462,1.6284268727639464
0.4174608924542329,0.18429033937326839,-0.38910523257177765,-0.8563566875210733,-0.182896977933372,-0.5999447419485308,-0.6769012030076965,-0.3116110187693094,-0.755985873154177,-0.2936210070268168,1.1663737163002166,0.4763841792170744,-1.6040879377203003
0.08234206077009495,-1.370415892032063,0.543937655997047,-0.3584726849304986,-1.0534389580148678,0.36057745164042815,-0.23369928903105397,0.9928909094923861,0.7097326491962487,-0.6487895329261727,-0.9558130027676968,1.6082170960532947,-0.9249881876185677
-0.45910180697538466,0.8047813794631321,-1.4663660695337288,0.31106135147204433,0.929724479405161,-0.8018158918789847,0.41108399413283475,-1.2295486569383265,-0.3433700478515088,1.3028011431547073,0.7419363724866339,-1.6196027038129637,-0.2458884375168352
-0.0890327312438332,0.9240092107646956,0.1253872778568062,1.0532809305389514,0.7356681316764453,0.16066825831890658,0.6045046645597637,-0.39206705415151905,0.11410198414734561,0.6239212682995623,-0.10693831514053148,-0.48776978697674317,0.4332113125848974
1.480671016284803,0.8336506547436806,-0.5165250814635172,-2.1754006653855478,-0.5185329621681692,-1.4615927053049595,-1.9453116713134861,-0.7086291441172223,-2.179534405567062,-1.0969960545534678,1.5908110601137995,0.644063129859477,1.1123110626866297
-1.3016217926110873,-0.24780102697824097,-0.1495230854421913,0.5270111791844586,0.8066078827060621,0.8191303502952278,0.9779205894613338,0.03981955731537407,0.56051000805894,0.47010430189291746,-1.4863596825346752,-1.2423250648675568,-1.4682679876999538
0.21847380045118647,0.3921074486626173,-0.07330212396993195,0.1228761731839227,0.11810274888163123,-0.21341236661634586,-0.05245032114311216,-0.23768311750151344,-0.18824055345446206,0.1382075414996365,0.21138969271965555,-0.11049214803133649,-0.7891682375982212
0.3082215779347884,-1.2619397353622956,0.7982071300963491,-0.10322736251760241,-1.146065270123481,0.3945979948070993,-0.22017098759240114,1.0818851235081095,0.8192215824629111,-0.664164214707126,-0.6374849949075099,1.0213407688048841,-0.1100684874964888
0.32206334850544943,1.2170448949672525,-1.7697883803038326,0.06910428491468845,0.6362355727125302,-1.59677059352598,-0.13653018848490894,-1.6070329561621903,-0.8123130064036815,1.3637943694252435,1.060264380346821,-0.8650474259221502,0.5690312626052441
-0.37278155816856756,-1.4200218572134369,1.596640933979432,1.2280314238828598,-0.7446143791019517,1.4995855244556922,0.8493262702328876,1.6110888803844157,1.903417758782394,-0.3517124268841969,-1.0619223387210925,0.2667854909140707,1.2481310127069762
0.49973991998389655,-0.3754287016438544,0.11184094587398269,-1.0714808671102045,-0.6499979337266809,-0.2724936827666837,-0.834806078835933,0.25105282131648254,-0.5162863998733371,-0.8128141791859557,0.6358270365332382,1.398618407750291,-1.3324480376796073
-1.0025154454773673,0.4792873022196009,-0.7154243146488012,0.6069764411854456,1.1058973716568787,0.16774492547932948,0.85946582958503,-0.6432742700976988,0.10346316155249102,0.9455908808881732,-0.21304765109392715,-1.4938434908311615,-0.6533482875778746
0.5539743021457574,0.8778610856923716,-1.2362094550584435,-0.6410522005722924,0.21529666147807047,-1.3515689000207975,-0.6364633595905602,-1.1364191846743241,-1.0904424918031208,0.48323978006486196,1.4847017241604037,-0.362010573994941,0.025751462523857384
-0.1770582931786972,-2.00665010303172,1.2608171439673979,0.485216164858373,-1.3170957152492662,1.099948727072061,0.35157723844546895,1.71558400621872,1.7768555672222273,-0.6076615633229013,-1.2741410106278839,0.7698223428412798,0.7048512126255903
-0.21844217019731135,1.6427899511572197,-1.802412595414304,1.1741780627995342,1.353496786774762,-1.233886651598653,0.7379342606051789,-1.8386336299750505,-0.3071656939105116,2.1405449770331577,0.42360836462644685,-1.1165658518857549,1.3839509627273225
-0.181448624112649,-0.1704565114600515,0.22078682219304588,0.284150422056998,0.014151706407042147,0.300627327290679,0.24767181681019193,0.2098105242664552,0.3283345711079046,0.029219075366266826,-0.4252663230007185,0.015267064950465759,-1.1966280876592605
0.7455384638001658,0.03269119002541072,-0.14315383825648323,-1.519491079052997,-0.5410101769519161,-0.6457154883188752,-1.2036555027533418,-0.09706022171949262,-1.132758876140023,-0.9281592556921141,1.2724830522536124,1.147099981786686,-0.5175283375575283
-1.3327782113798237,0.132531026221764,0.19945499863678892,1.039739328574177,1.105258442931684,1.1107659319733616,1.2656415655631645,0.04605145678596384,0.6653002453160223,0.5595933048967551,-0.8497036668143011,-0.7392882129403477,0.1615714125442042
1.3984935141423667,0.9274915922897915,0.012068309295102511,-1.1500122395906136,-0.38842866787984714,-0.9947377374174494,-1.3592318385696827,-0.45768317531143266,-1.4972858840934538,-0.7920567671020962,0.8480457084400296,0.3925447038958728,0.8406711626459369
1.6123207426439303,-1.450227814808814,2.270073612220878,-1.4466430806537833,-2.269926028097148,0.5939914350847564,-1.6308974177904223,2.005795781687888,-0.028306698383837994,-2.674018772954562,-0.0008289791871358056,1.5243776207320932,1.519770912747669
-0.07904380534645214,0.6187147352039061,-1.4136824036681175,-0.2700879638542989,0.5073159505189151,-1.034028813752837,-0.1002710101985808,-1.1066718375271998,-0.6358404243291482,0.8678819986889192,1.696920396067195,-1.3680842778493592,-1.0608081376389142
-1.1477554783719115,-0.8222402700912397,0.40672298263555057,0.6512212452089489,0.2746429569038819,1.13785391532499,0.9608903615945024,0.641024979862228,1.058438119867271,0.14083035914953906,-1.6973348856607626,-0.23625136101313876,-0.38170838753718184
0.894110940238858,-0.4787730056005463,0.8088831119650729,-0.49062567919911415,-1.0234225706483162,-0.01780427444683149,-0.7397254627184139,0.6956946939407003,-0.018864490975615468,-0.9358983804120605,0.00041448959356804984,0.895581555823082,0.29739136256455084
-2.136015256246789,0.4302707193507902,0.1438357437265486,1.47715652346397,1.9289333757441864,1.6445355089241542,1.9284173427650826,-0.13440558871221295,0.7736464267599805,0.898825042777121,-0.8484601980335973,-0.9908066389039524,0.9764911126662834
2.1561507348154016,1.8563185772833657,-0.15548260606835812,-0.8435063671157433,-0.29053818272975884,-1.6679783537945945,-1.6043487050950154,-1.0172773556914085,-1.9319196664908784,-0.4586882682787685,0.8492891772207335,0.14102627793226788,1.6555908627680156
-0.17484655036577426,-1.2235604869047763,0.42365851807120636,-0.14936924668285342,-0.7524459297641788,0.4524204418383978,0.015006624798587673,0.8515508424742626,0.7583197855630998,-0.4169159201210122,-1.27289754184718,1.2728591947684884,-1.576923947716231
-0.03335493700282159,0.6019198114253276,-0.5978276180187398,0.19318903696407944,0.46056637174061765,-0.43732856603923104,0.12002395622631919,-0.6384050324170085,-0.2856338041127919,0.5763375771570581,0.4248518334071507,-0.6135289999585455,-0.8978241976144984
0.30162286679775935,-0.5427760596684218,0.710820587760929,0.2077228931981499,-0.6209734574617971,0.3319092609718511,-0.05228627155981929,0.6724743937167412,0.5364656547885873,-0.3874124489973346,-0.4240228542200146,0.518303916877675,-0.2187244475127661
1.109526644480347,-0.1577908175140764,0.1798638177251742,-2.081813669105666,-0.954440984408074,-0.6578049905626716,-1.6964257769667954,0.18040135508527788,-1.4083512460651675,-1.5513897476283063,1.2737265210343163,1.650136833713895,0.46037530258896675
-2.5334713957557686,-0.05756692587608959,-0.07666645060711041,1.4315756054881008,1.877155976065559,1.7597529123444524,2.1178900926406983,-0.014383615988869754,1.086194682449337,1.031843333452668,-1.4851162137539713,-1.577682966152363,1.139475052690699
-0.11549787604265037,0.3311470249818883,-0.35608204392283427,0.1369917165302927,0.3269584073092281,-0.19182633918783074,0.13446067009518303,-0.36654298353629194,-0.1347174526908804,0.3582101566384742,0.21263316150035938,-0.44585004931614247,-1.4411039976958846
0.07457205883906047,-0.8246019331287129,0.5715741266557214,0.05747591324663048,-0.6528253352668826,0.38747986037666843,-0.009692957789356712,0.7351259207666982,0.6265394085882879,-0.38611944888270966,-0.636241526126806,0.685982867520078,-0.762004247594152
-0.05504682468159684,0.9260537211163541,-1.5920803912211927,0.08469251428742731,0.7114066302156065,-1.1889069577489402,0.07433845570587833,-1.3611403270998497,-0.5946434022751803,1.2421924482924407,1.061507849127525,-1.2004053272069564,-0.0829044974924197
-0.8198651435759792,-0.6441315099524657,0.8775557497980053,1.0707457924651271,0.1551140080456791,1.2657330454224351,1.0064284044581109,0.817213100973525,1.2385260492551469,0.076193204071135,-1.0606788699403886,-0.06857241037073568,0.5961952526093134
1.772431394694735,0.0989250237731707,0.916231249213345,-2.2064689577259498,-1.2708533975151308,-0.5655667309444892,-2.1185011680402894,0.46689166468270477,-1.6813671788818942,-2.184135563020873,0.637070505313942,1.0632605064654845,1.2752950027110457
-0.5757542729146093,0.27697995574331086,-0.3423016361028289,0.43402008952314963,0.63637186567497,0.14924786903842166,0.5387485393472322,-0.3316489340576149,0.12058228558983014,0.55021293301371,-0.2118041823132233,-0.8231276882615493,-1.3052840476755379
0.6124121960988979,0.4678576283553129,-0.6307047149855899,-1.0686587844576145,-0.1254743576533232,-0.9263250976500718,-0.8938560570118713,-0.5897981780421951,-1.1120397287040007,-0.25843158772171726,1.4859451929411076,0.30870522857467125,-0.6261842975738053
-0.1479138581488953,-1.8920934936228464,0.9522499539484107,-0.024591605860487368,-1.256322448132974,0.8409381542764671,0.06648078618509592,1.4842906733441972,1.3233663692813928,-0.7252280778805994,-1.5912255497073668,1.4405381454108916,0.05291545252792692
-0.9409826418587035,1.0330189751192715,-1.1903390864607633,1.0107994700497893,1.4597488151252902,-0.2428704632666103,1.0398256962882024,-1.1882670680249836,0.005802473629176077,1.573907148833777,0.10652382554696371,-1.4519237531705607,0.7320152026296596
-1.0242234348141273,0.343250320898407,1.246538508028199,1.9245789550200436,1.0239574723348737,1.697154381425643,1.567490866269515,0.5307116104104409,1.1620590453928148,0.3830671772863656,-0.7423508620802016,-0.32009083633434027,1.4111149527313918
0.5595551444147939,0.0510124413565631,-0.14194130863420226,-1.0116856189497057,-0.3869012548790153,-0.5112530510185922,-0.8353440597882832,-0.10555201711991899,-0.7749302768693139,-0.5832814183917191,0.9553985131741292,0.8117420805018803,-1.1694640976551913
-1.4726546122194004,-0.07031132379468778,-0.05004422451742504,0.7756430824449083,1.0645031747972786,1.018680047602347,1.201223999372518,0.00700434474023229,0.6162452060419709,0.5653920156747895,-1.1667882058937842,-1.074646114225154,-0.49036434755345887
0.8528171991822121,0.8446517790248869,-0.028944877545444544,-0.1134852262906161,-0.0350562234399632,-0.6346142364056004,-0.5182163747402825,-0.4393142566511531,-0.681652839004083,-0.055740233925696256,0.5309611693605464,0.05718680261106672,0.18873540254827353
0.9415905194943084,-1.4189629274235938,1.3229178199294396,-0.4688627304946203,-1.7393211590945987,0.3447300088664428,-0.7537355093278049,1.4562747392751303,0.6635375839629725,-1.303525989846342,-0.31791351826661896,1.1890197194472867,0.8678351526500058
1.0141163341750359,1.7491132963148017,-2.5592041722019485,-0.2727415919395153,0.496880049284589,-2.7027331940367496,-0.6890541396896265,-2.318445110331228,-1.439129032962179,1.7183540260619015,1.3798358569877118,-0.697368475279747,1.5469349027517383
-0.5096802841090051,-1.037507226177989,0.4688808330757671,0.2964327727590306,-0.3642988109605476,0.7277075073042845,0.43052970879335656,0.7838653595419695,0.9519644777839823,-0.14700177948648996,-1.3790068778005755,0.4344644415564734,-1.033644147634845
0.6864794908346606,-0.659706485318756,0.4184067150133275,-1.1615514364184665,-0.9970175159519359,-0.17002146580830133,-0.9827484808284103,0.5662139942387766,-0.38053161260544544,-1.1022337453252355,0.31874249745375505,1.5662973583926936,-0.3545443975331125
-1.512013716101479,0.5627286515337179,-0.4384243854039813,1.0206247218648365,1.552122836322997,0.7472690253140059,1.351846836493006,-0.5289306828832955,0.3463707162400758,1.021165852833772,-0.5301321901734103,-1.3261645401887583,0.32455535256862017
1.128571336367746,1.3718984850596316,-1.1813900012127538,-0.6144549966394424,0.1373955894703732,-1.721803323070088,-0.9311510879278203,-1.352932933460947,-1.421248365070528,0.46056442517614393,1.1676171850809205,-0.19433162335253798,1.0036551026703528
0.6346389034211221,-3.3228625165877403,2.697610072437384,0.5965273531561504,-2.8837304659748457,1.625800251759083,-0.025738139124006555,3.184587166311011,2.7912148978130213,-1.6008538790766187,-0.954569533986993,0.9375012934836825,1.682754852772085
-0.18417234567741245,0.4779301722013945,-0.8798057141511954,-0.011481154831798355,0.48512327574349984,-0.5466196080978384,0.09289227682074039,-0.735248077592179,-0.3471934040384031,0.646765857729242,0.7431798412673377,-0.9488869012433517,-1.6801471097316942
0.148519750776078,-0.029919414265075123,0.22350158191578126,0.09257232808614019,-0.13412266059107245,0.06582095356044768,-0.03087812754446513,0.14096006991502663,0.08880961598625066,-0.10325200245314965,-0.10569484635982762,0.18294601559286883,-1.0010473596299616
0.7936756799855901,0.03684497459242458,-0.2364396566371516,-1.6995119573025885,-0.5744641146687992,-0.7522537250777516,-1.3246628747154445,-0.15172090949186676,-1.267160867917083,-0.9813353462372383,1.5920545288945032,1.314778932429089,-0.32194760952822926
-1.6350786703964375,-0.6068748794100299,0.4510590101296963,0.9745161878554582,0.7994801098923969,1.5219370558799479,1.3936038963560078,0.5581605002809591,1.141844340323877,0.32798516251208326,-1.6442802176840647,-0.5716092622979447,0.35715214057350314
1.4616929499580409,0.24578476340934097,1.2551550384087276,0.0434001086485521,-0.929299927796252,-0.0809627799438928,-0.7624648063815519,0.5843788187609118,-0.14254704886735436,-0.9042947096702451,0.05346915757026588,0.5602236545382758,1.0362518906752358
0.06634542169237394,-1.1671887241599201,0.3999801444755458,-0.455932304338154,-0.8943510441693768,0.26098656656526964,-0.276611911159627,0.8099737068809002,0.49449456887871873,-0.6080469697344241,-0.7954055300568995,1.6920565713744962,-1.5443271597113477
-0.4198364213821807,0.6550746295642392,-1.3511407428161202,0.13744005740100068,0.7917189879516633,-0.7411001893435196,0.29822588413390316,-1.0896292205591727,-0.3640255759653964,1.098848469737776,0.9023438451974314,-1.6848111846183427,-0.8652274096096153
-1.278672262878737,-0.3312403149399398,0.3103846770823306,0.845859574883292,0.728883775588052,1.1575123765052842,1.134102554542636,0.3408324157365527,0.8524948331879978,0.34504204130768346,-1.219842873870482,-0.5529782677821222,-0.18612765950788285
1.1929225049203245,0.4291016518855708,0.48154967731066034,-0.769414016496626,-0.5931664193699564,-0.4849023507885323,-1.047625255781038,0.056532087389835096,-0.8660465815906193,-0.8821945703324771,0.47790650138384855,0.5788546490540986,0.4929720905938498
-1.7441820081414092,0.9559258111340637,-0.5683080965920102,1.4912070049428723,2.012318724407866,0.8137378985173835,1.725301880172487,-0.7990516948763361,0.4112644143012368,1.438234147603688,-0.3709681862433168,-1.3075335456729358,1.1720718406955823
0.29458660327394126,0.4533433943766837,-0.7794195610797019,-0.5937192439773904,0.10474221800216607,-0.8128883511687873,-0.47207249298034276,-0.6663524994956889,-0.7549335314765128,0.17561423568118537,1.326781189011014,-0.17570062883671547,-1.4085072096910014
-0.29056457547864545,-1.4189684034180232,0.5962787611534995,0.10551741578813988,-0.8061216183817088,0.6686917494009258,0.21189377147905913,1.0467079111107074,1.0829732703824666,-0.37178702893250903,-1.4320615457772734,0.9561322879995052,-0.7294074595892688
-0.28726096702547094,0.9059987614512856,-0.8065203591784657,0.613793836167916,0.8727762172134537,-0.4160610573769061,0.4787457984623039,-0.9083165197413168,-0.1940585650620076,1.0180093629624378,0.2656878294770572,-0.930255906727529,-0.05030770948753625
0.1856879625419654,-0.34463833364595164,1.092108841460471,0.9427043788834676,-0.3898754456790442,0.7093417141776336,0.39845039999140114,0.7881603597323643,0.9327121730894264,-0.17062355211545005,-0.5831868581501082,0.2015770101086919,0.6287920406141964
1.738578408228285,0.15877662717537414,0.6337019378312477,-2.8360021342312693,-1.201929732157683,-0.7592577792450057,-2.433023217352764,0.2776706930764855,-2.1835029908230617,-2.4025991242859965,1.1145625171042226,1.3334099269449122,1.3078917907159286
-1.2950637830498886,0.029276537856735094,-0.3739772343239963,0.5590400685876427,1.0020215567031274,0.6412362127741567,0.9913242765311292,-0.2254536097181133,0.38747553066140966,0.6589097298493035,-1.0076242019636907,-1.5590519716365403,-1.2726872596706549
0.26483637180253805,0.7267119061336597,-0.6747549923489073,-0.019079444045625837,0.32497248600132095,-0.7107713729897686,-0.1523864161477815,-0.7442606591415072,-0.5291057898046992,0.489032290417887,0.6901251732906399,-0.4272190548003201,-0.5935875095689223
0.68185090925999,-0.45102128546218967,0.7841784341678022,-0.11381416735190855,-0.8425922746344571,0.11552617845303952,-0.42652601069202967,0.6678719284735456,0.23662254435073787,-0.6609356060736876,-0.15874951433652545,0.704613862035901,0.08551224053281015
0.26105650803905095,1.143911189650153,-2.1549588464891416,-0.14869635260250993,0.629550848824272,-1.8501630494925057,-0.2188587191707172,-1.787508829213535,-0.919513181690426,1.5020578288292898,1.5389998609178055,-1.1817743326911336,0.7646119906345425
-1.4441254252384552,-1.320287555381691,1.4758951097601902,1.4762701521868637,0.1389218592237001,2.1755918114613313,1.556180199988822,1.4930838966204074,2.013987428395674,-0.09284320212580906,-1.5381708817306692,-0.04994141585491318,1.4437117407362752
0.45213440195651344,-0.46250161840839793,0.302045723149742,-0.6803879272165225,-0.6769132242955198,-0.09155581087435316,-0.6025315515706124,0.4018675028706524,-0.16897024997488858,-0.6880214065509812,0.15957849352366155,1.0818915009813073,-1.1368673096503084
-1.033769588787136,0.17012446628213834,-0.022093517858955112,0.7927891559285437,0.9059840902154834,0.7251486011899007,0.9744625494268948,-0.09765090216181897,0.45831851362980086,0.5562717029935835,-0.6892961941035038,-0.8044966937457267,-0.4577675595485759
0.9774583340236658,0.709555410353386,-0.30525778749783644,-1.0203001904718345,-0.22715705049097437,-0.9372997678045948,-1.0644461318333929,-0.5274019014868144,-1.2480686219391879,-0.46763834330146253,1.008453181150827,0.327336223090494,0.22133219055315656
0.32878479350108136,-2.394611136343591,1.573665215069762,-0.11331781713174967,-1.980779329173861,0.9781676718554245,-0.2365529530053614,2.086210506034261,1.6148152698948823,-1.247983211552345,-1.1137335379170865,1.4591691399267144,0.9004319406548896
-0.4148644892356072,1.6272629300003598,-2.422812230377578,1.12127043327356,1.4910331138468702,-1.571557131991704,0.8155145963366761,-2.1805455341361837,-0.3347933734558088,2.566101744421706,0.5840158373372443,-1.4332927586547382,1.579531690756622
-0.30725212697406606,0.020457576310575442,-0.0719252352923219,0.24299315207924105,0.2474998639536008,0.1650953519619807,0.29351713597802964,-0.050785708955555904,0.16293923567345328,0.21897437753477209,-0.2648588502899211,-0.3014598418185177,-1.652983119727625
0.6020514577175006,0.16402707942710884,-0.3494731666808386,-1.2710595501100226,-0.33735550978808315,-0.7018921085190715,-0.9952590057841816,-0.2791246441218177,-1.0444510983055406,-0.605491255776776,1.4328905249644097,0.8303730750177032,-0.9738833696258924
-1.5956031430453017,-0.15458304108005724,0.01766676432881307,0.8192054584988833,1.0966766085066912,1.1591959293425145,1.290310115405825,0.08737265893485183,0.7077969888005777,0.5446773321924162,-1.3259522098238778,-1.0560151197093315,-0.29478361952415993
0.9393507031788939,0.891325157505907,0.23848155599678847,0.12930467530772083,-0.06684067940378008,-0.4903983836552714,-0.43639694536227763,-0.3119534554367688,-0.5374466679217312,-0.08938508685756491,0.3717971654304529,0.07581779712688945,0.38431613057757247
0.9154174514858748,-1.8354543888103987,1.5947389163534273,-0.3151524463950682,-2.020702027357799,0.5732544936863591,-0.6584352977714227,1.8180643820178648,1.0710369911602111,-1.4010974969976333,-0.47707752219671246,1.2076507139631096,1.0634158806793046
0.07336891718606557,0.5214603905959502,-0.9778012299642593,-0.3101302765941513,0.32154870215714293,-0.8071335789008942,-0.20332855534107708,-0.8122830024014054,-0.5961360979816961,0.5163162967674927,1.2206718530576184,-0.6787374807639245,-1.5171631697072785
-0.2120485633119808,-0.8388973337328297,0.5329914588463699,0.270270086241367,-0.4460843664259135,0.5634894854286548,0.25677804368610807,0.7205379293178401,0.7920630613438843,-0.2125156456918696,-0.9015148660102951,0.4530954360722965,-0.838063419605546
0.8309446914299082,-0.37945881380899493,0.24304394153532483,-1.5661269292967495,-0.903758705920381,-0.4090479295434512,-1.2741936052229008,0.32702356331910626,-0.8746366932362815,-1.2472497830546332,0.7962345092440356,1.584928352908517,-0.15896366950381355
-1.1762364888843266,0.8313594748056241,-1.0598391631928112,0.9463782764591041,1.4920854716598577,0.026722205021674,1.1321861383379168,-1.013720309116363,0.10171837538803576,1.43294765617962,-0.05264017838312978,-1.6428914469577418,0.520136080597919
0.9612710244849719,1.3732385685355493,-1.9522919486933283,-0.7267456362742046,0.26507380699868005,-2.1965075355739927,-0.900602968686485,-1.7881223590738253,-1.504196785606765,0.9576606546896707,1.645109196871201,-0.5110585301215215,1.1992358306996518
-0.5405624849744134,-1.1403817127866374,0.40637821473436353,0.18261069655866521,-0.41530750855765236,0.7016532252656278,0.3869677929018147,0.8001550902437906,0.9417765009689189,-0.17800411006516736,-1.6708075516724137,0.6207743867146992,-1.381343219686932
-0.7112183042361621,0.5737560261103584,-0.7510076860905197,0.5378156842622067,0.953595307713892,-0.06884773074365234,0.6663931453248736,-0.7106405117910082,-0.014010184393415706,0.9249716096357951,0.02694182358191697,-1.2656138080123351,-0.7022434695851993
-0.5831969786269671,-0.2961244343993325,0.5876158304910325,0.8404431946440775,0.2275437198354678,0.8721032049170702,0.7575447264744144,0.47950760613872684,0.8236456104512098,0.13509128174335827,-0.8219328640452485,-0.1337808911761147,-0.023143719483467138
1.2886579949388317,0.19460845413554909,0.26076213940237597,-1.8978122538067894,-0.8352579207348416,-0.7239924204522986,-1.6954314170850295,0.04951896095433916,-1.5238065572728063,-1.4862867760245217,0.8758165112090824,0.9980520256601062,0.6559560306182652
-2.662271946873976,-0.011249541080903706,0.5415952167096854,1.6953804315236134,2.0082027042305697,2.3292677727598865,2.3265200913268616,0.3109034872055171,1.2459990294195171,0.7514834616031754,-1.246370207858831,-0.8883361690669285,1.3350557807199979
0.3514338406601674,0.18243079176335442,-0.09098213188913934,-0.33767938945511883,-0.13423454941580393,-0.3225127855677073,-0.3672992543596776,-0.14264289575650352,-0.37591192009085733,-0.16224446460550979,0.45137916739549966,0.24349674776929287,-1.2455232696665857
0.37597596944906997,-1.0977512684910484,0.5864649654320973,-0.5177360364281157,-1.0786408095818436,0.18257626473699598,-0.4756473345236383,0.8803116348473776,0.4001384874908546,-0.7888774444072725,-0.39749552023166573,1.375329664605513,-0.5664235195648529
-0.14187016136929528,0.9053965462362124,-1.8145331495788883,0.041313458863158785,0.7622253337392177,-1.2982136405798146,0.0980645872463184,-1.4761805990803236,-0.6116761775635144,1.3781612911968701,1.3002538550226652,-1.5171322339759399,0.11267623053687947
-1.613624556065092,-0.6678527790483552,0.7417232865700276,1.189589421600378,0.7391325111604458,1.7308067137516912,1.4957435884563108,0.752530785290516,1.342125930515146,0.258178025480543,-1.4585888797656223,-0.38529931713971927,0.7917759806386123
2.016025835251188,0.28201099258345735,1.544542540186067,-0.8080536219733514,-1.3229392587054116,-0.2556589834815511,-1.510319310408809,0.7293498661538673,-0.7899884893084825,-1.6993821176522481,0.2391604954887083,0.746533599696502,1.4708757307403446
-1.0218377932955154,0.1741781684425419,-0.32421191230190444,0.584964819405699,0.899878855157474,0.4834716601890156,0.8582149078355031,-0.26996979667070525,0.3036844459168917,0.6395368030423514,-0.6097141921384571,-1.1398545950305332,-1.109703319646239
0.5964550589409947,0.6642484656883474,-0.6394520150445911,-0.6294686742379751,0.028639652246751707,-0.9216179582366096,-0.6531673069553973,-0.693080627273933,-0.9305516875596458,0.047134206439717385,1.0880351831158739,-0.008021678194312385,-0.43060356954450657
0.12165135740718787,-1.814338241644821,1.0062356358975113,0.03913831241965091,-1.4042523595979686,0.6890582304045212,-0.044681304858267455,1.4757800275731154,1.3147826351350815,-0.7219983195499436,-1.0341515359520397,1.1238112386419083,0.24849618055722586
0.3940521130673208,1.5062922132999774,-1.4881986064790693,0.5806484705246573,0.7908947068974371,-1.431184090708587,0.09514272107781481,-1.5931694208153218,-0.6438164604822166,1.5026147121749007,0.663597839302291,-0.762576956085126,0.9275959306589585
1.8409609780290372,0.544707540451357,2.2417282772393805,1.280901969586192,-1.0003692110463471,0.40796812392544946,-0.31222729604960214,0.9907603196359012,0.5492093091156105,-0.795662332767989,-0.18527684832487437,0.36925596075109496,1.6066956807606911
0.4726293766558998,-0.15778820083374112,-0.22594507346752013,-1.308735909790283,-0.47206900528960544,-0.5136608076807528,-0.9456296574355288,-0.048333838106697544,-0.843825580990048,-0.7230522816525604,1.5124725269294566,1.5010888775873152,-1.6258191297235556
-1.4880532571064702,-0.21122804118326713,-0.1539715382874521,0.6263582634950797,0.9742557447259199,0.9495465956051126,1.1306001324174697,0.018996530358597392,0.6071296530414874,0.5410624025024195,-1.5646982157190181,-1.3913730209941373,-0.9467193796218232
0.21496417868374643,0.629188354794549,-0.030338119914514593,0.43103099046477555,0.2922160931027902,-0.17774218195632344,0.11229714850562555,-0.3321960128923968,-0.13128451045153267,0.31607377766690353,0.13305115953531263,-0.25954010415791695,-0.26761962952009083
0.3465666531245787,-1.4655821617666402,1.0685818551864634,0.15974982608247204,-1.3223796434704294,0.5756856288961635,-0.10178967913821674,1.336265255913433,1.1556205694038355,-0.6862564949711766,-0.7158235280918528,0.872292812678304,0.4114801205816418
0.30261324140564355,1.4694748333865504,-2.2770089156285,0.33780991885491746,0.8335221547031064,-1.974170933531314,0.015933349342772716,-2.019343719098145,-0.7950451733989593,1.9241409416571855,0.9819258471624781,-1.0140953820487304,1.0905798706833745
-0.5519538924831268,-0.6747390991996988,0.3022891475122304,0.3138875762427586,-0.06993047688071204,0.6295179673492589,0.4624692817309356,0.5082927082243422,0.7075406139673358,-0.011170500367941668,-1.1402608719054352,0.11773753478749001,-1.489999179703209
0.6263477575108443,-0.32718591181912793,0.2105179455695684,-1.0941241743364905,-0.7109987019654324,-0.2872540271632392,-0.9148025732696665,0.28251217110174903,-0.5670211044040977,-0.9016493015420725,0.5574885033488953,1.2495704516237103,-0.8108994296014768
-0.5477150001225157,0.5271527529433164,-0.03249000135487296,0.8438876298483449,0.7960588285286686,0.3681635521330639,0.7402998289773125,-0.2823097451541402,0.24253142574237835,0.5988012681534021,-0.29138618427827007,-0.6368177431033237,-0.13179967949974422
1.1206786209976485,0.7018528464567063,-0.501001216343657,-1.6157051751753546,-0.3411989595571314,-1.1911578850732019,-1.4560768646421962,-0.6338751163211221,-1.6773930497600458,-0.7274325072960935,1.4063631909760608,0.49501517373289705,0.5473000706019884
0.2777043160510976,-2.7442069834552933,2.1441502552972143,-0.10351176888895221,-2.1949175096042968,1.455019541826111,-0.20392365501142373,2.5828407045607307,1.869807968547844,-1.6657522109595437,-1.3524795438122266,1.6268480905691176,1.226399820703721
-0.6300545664107667,0.48606638133704266,-0.9803900166137905,0.2848025987074682,0.828707384886529,-0.30410762648644396,0.4890630270859252,-0.7960169388046885,-0.13660482889705386,0.9233500197249674,0.345269831442104,-1.6009717092971414,-1.3541792296828628
-0.5691758264080335,0.13149975007439815,0.10026876803025842,0.6482747788259995,0.526179252732584,0.48600625380802015,0.6484486722355829,-0.009338328560199954,0.38017067640014446,0.36682883777587033,-0.5036048561850613,-0.4691387924609207,-0.67507947958113
0.9188234489945939,0.41303877862023564,-0.24827450174787583,-1.429090691324541,-0.3971871959142889,-0.851235268781818,-1.2489884571079495,-0.3467885270971474,-1.3363776638873583,-0.7883921582445313,1.1941445190692694,0.6626941243753001,0.004020270520602184
-2.0633222303049235,0.32896907720829044,-0.0916293706019774,1.2463732716257871,1.8006168577884685,1.4106637728598905,1.7673873376958482,-0.21639371811246924,0.6769344395008933,0.9168660618079144,-0.928042199998644,-1.2236940703517345,0.683120020622335
1.608330074572381,1.7863663516311876,-0.4683748951987424,-0.09189122954687927,0.07377854802645646,-1.5160935857242288,-0.9127586674773582,-1.158606964513368,-1.333475046521356,0.2859038294818604,0.7697071752556867,-0.09186115351551391,1.3622197707240673
0.3426851541765836,-0.5942524646013773,0.3554092523414381,-0.5055854019225526,-0.689300382662948,0.028197942971921977,-0.4513377128204216,0.4979263109641728,0.05207595649909327,-0.6086960906925811,-0.0791675123714787,1.0399717633207068,-1.2183592796625162
0.19327104246961596,0.7434835399421097,-1.4010648405890622,-0.4092338099248308,0.3913034070318056,-1.2198019236439221,-0.32013160037838645,-1.162043862645035,-0.8258992789873547,0.7637458325353473,1.618581862882852,-0.8464164314063275,-0.5392595295607836
-0.7953234021074067,-1.3242323835232073,0.7640335504005732,0.6219835309017865,-0.3553174639015019,1.1605210776341504,0.7560680051240628,1.093819212822365,1.392954979492811,-0.14492089829766772,-1.6177528836957158,0.28541648542989345,0.1398402205409488
1.1471136051290507,-0.9574568166968647,1.0955263069537033,-1.1842064927333245,-1.5612212377584733,0.02172231281518997,-1.242231364743017,1.0969845747651206,-0.18599691447592834,-1.621443593294435,0.0799964915586148,1.4172494022661137,0.8189399706426812
-2.673054251247274,0.5985942643169432,-0.3603717360274015,1.7917278858593362,2.4574037044016124,1.641063338197729,2.3832338841261036,-0.5028977736753575,0.8840308286130201,1.4881612237127406,-0.7688781960685506,-1.4752124963153388,1.4980397207444138
0.25190350885851837,0.5650586062948012,-0.7292416156481617,-0.2878298367695013,0.21786098363571454,-0.7435273616347859,-0.28747347730350514,-0.6940164361264438,-0.61075877369907,0.3465706459865272,0.9288711791857803,-0.3433795794791185,-1.0825393296421697
-0.20438077260274357,-1.3731364153126508,0.6934586510002263,0.20958866103542825,-0.8382497070526171,0.6817987215794727,0.22058746247204442,1.0785307395013888,1.1264788581270395,-0.37322454757672124,-1.1933155398821331,0.7884533373571025,-0.40343957954043724
-0.2288692180206224,1.0733718286202336,-1.2886919220197528,0.564051570432649,0.9495947899416343,-0.8300205661590968,0.42108145196030755,-1.2639121794565658,-0.34903448985894636,1.3428785366703144,0.5044338353721974,-1.097934857369932,0.2756601705612952
0.5514042224564963,0.4967085692621396,1.2188293024263566,1.2949253265893823,-0.058403644235606275,0.5445512543619407,0.38809332741453395,0.4382418302235302,0.5934765890576017,-0.025066957016061372,-0.3444408522549679,0.03389805946628887,0.9547599206630287
2.1476216976020375,0.5817811168642202,0.6517756922773915,-3.3301330289709496,-1.2058150326702797,-1.0389852537748787,-2.913962942316482,0.07601836132769856,-2.8442061894804813,-2.75251471644116,1.3533085229993629,1.165730976302509,1.6338596707647606
-1.0740259178084846,-0.3886468239694944,0.02174800173595767,0.4805900897265769,0.532373760345749,0.7878781915083382,0.831094145408726,0.20689160227007955,0.6264587523042042,0.31106749095303604,-1.4055342117889245,-0.7206572184245252,-1.5986551397194864
0.4536852554183974,0.07686180145028074,0.13537822795974072,-0.3278646810342043,-0.28802396915357814,-0.22126765025196937,-0.4170542138518146,0.03781364065577753,-0.29390597561227483,-0.3239755704710685,0.29221516346540616,0.4111756984116955,-0.919555389617754
0.3753730672565022,-1.3737630427564236,0.7134998363838981,-0.5217289066178408,-1.2777939609494668,0.28102752070523723,-0.47743363680483847,1.0901407523447166,0.5928902645162271,-0.886111447461681,-0.5566595241617592,1.5430086152479159,-0.2404556395160215
-0.06221335639914974,1.0576364812157477,-1.938934489965963,0.1510246296823241,0.8119941092926946,-1.4513897093716728,0.11324612228779267,-1.6225407015596083,-0.6394857826782837,1.545422684954246,1.1410898510925715,-1.3494532833335366,0.4386441105857111
-1.1066567014491617,-0.3305169232734379,1.1051193665681047,1.5026382688552906,0.5991266365111436,1.6472202959529854,1.388786019813105,0.7884217656462503,1.3315840237159677,0.20097227728256026,-0.9810968679753418,-0.21762036649731623,1.1177438606874437
0.4724980411250725,-0.11377232418466247,-0.018980690675052724,-0.8872385067530844,-0.44013756253336456,-0.35387557450933993,-0.7227951848165447,0.04627844298335873,-0.5672372200753274,-0.5900255020267605,0.7166525072789889,0.9142125503389047,-1.46283518969914
-0.6443574994022502,0.4717875035558662,-0.46478698202618574,0.5684536413126244,0.8292136851646096,0.1039935582988712,0.6466596051496171,-0.4982468416763778,0.08064919274948323,0.7328830196970848,-0.13222218034817654,-0.97217564438813,-0.7837354395974074
0.7207263107879283,0.6591007525881102,-0.8105419751575317,-1.1032810202085284,-0.06920308065647646,-1.1428493156372126,-0.970353839109147,-0.7869373954937601,-1.272896218412904,-0.1482062948034902,1.5655271949061542,0.15965727244809097,-0.1046356894956749
-0.0909205165428819,-2.180636522412165,1.2620243044315134,0.11585684491047253,-1.5081600714847085,1.0390374735893693,0.11008477011028618,1.803396384860986,1.6304776144891049,-0.8600675429043385,-1.5116435477423202,1.2914901892843114,0.5744640606060574
0.4148074767049572,1.794961293873652,-0.2992253694144397,1.429207961846965,0.9839385621167462,-0.528689623682068,0.532459151094588,-1.067570284404263,-0.2288100242443784,1.1958170612569787,0.18610582751201046,-0.594898005442723,1.2535638107077904
-0.08726891848837448,-0.6647910508308392,0.39731881671660296,0.06366836264633682,-0.41467691395047185,0.3692206542318723,0.08054075496415089,0.5568741535762595,0.5177698125615645,-0.2522552359392682,-0.6627688601151549,0.5369349113934981,-1.3270152396787933
0.6825059001773399,-0.3200078748319486,0.05164670455970931,-1.5031544766955398,-0.7483403710234384,-0.45015572627375244,-1.1611526305811362,0.18936977010254702,-0.8707974439734393,-1.0619686078377684,1.034980515139176,1.6687678282297183,-0.6479154895770607
-1.7823162312246923,0.16999379006291393,-0.35694024948052183,0.8913799265961195,1.4728201211930547,1.004204987716006,1.4287800909194557,-0.28632157360311966,0.530405465716362,0.8725342317184841,-1.0872062039287376,-1.6708379387314758,0.031184260524671506
0.5778294799127427,1.4064412546818033,-0.9485659530582202,0.4693850457583776,0.579494807141724,-1.1467538764956529,-0.06240857007391772,-1.2390007627287491,-0.6542794327202613,1.025360342560745,0.6105431713255932,-0.5390050218952553,0.7102840106264039
1.4771612189778742,-0.3928845808274148,1.9066858149036021,0.572749281720613,-1.4028963875857645,0.41064416948256083,-0.4910120617661129,1.2714576710064605,0.6967606986912779,-1.0285899998449073,-0.2383315163015722,0.5928278949409654,1.3893837607281365
-0.10469938904266206,0.6106113283219852,-1.336048912167274,-0.2024427125281588,0.5208865220877651,-0.9557084075499174,-0.05073474063009516,-1.0588556113035374,-0.5806989883680683,0.8561836321733086,1.4594178589527587,-1.293560299786069,-1.191195289658447
-0.9083586055689892,-0.6590602752921195,0.42808967600382325,0.645415678273993,0.21134036827264727,0.982465002185871,0.8291885105778712,0.5713481677078817,0.9385187690914426,0.12098015378274354,-1.299424875835529,-0.1617273829498486,-0.5120955395567145
0.9744413445036318,-0.16040032251394418,0.5090419534157471,-1.0509223817965159,-0.8540179270746806,-0.30683096401809395,-1.0790090439484954,0.3672492025022445,-0.6537096661845332,-1.0943365726610697,0.3983244994188018,0.9701055338863721,0.16700421054501813
-1.3504363357931037,0.8342760668246072,-0.044386389079121805,1.3939554619154344,1.62612934462275,0.9352988529237088,1.4623350401957704,-0.4428217225478182,0.42648676897698934,0.9822099800083364,-0.45055018820836357,-0.9162826608406622,0.846103960646751
1.8501204687231847,1.4918119846150673,-0.7183476985786511,-1.6374590544569074,-0.3223671059126229,-1.8825628442108133,-1.8595201928200082,-1.1519918610422188,-2.253288397620354,-0.5805375506806814,1.2471991870459673,0.21555025599555877,1.5252037107484833
0.06303817719825047,-1.2437609962385612,0.5198174018622455,-0.27106513800478255,-0.9472227485407502,0.35582582509762656,-0.17713144579842352,0.9158670910665235,0.683773673790646,-0.5713254164285873,-0.8749875320219461,1.347383172831779,-1.0553753396381003
-0.3812455431631916,0.7887030969803149,-1.4550300296332763,0.23741438616169225,0.8591303884939103,-0.8489661194621226,0.3303271287630199,-1.2151071427522884,-0.38575149698485933,1.2442185950104645,0.8227618432323845,-1.5450787257496736,-0.3762755895363679
0.08670725185972694,0.8935989502857886,0.1039836497361601,0.9045262576436912,0.5805745703036109,0.01798085142043611,0.43145769958864144,-0.3889018110189078,0.027034429772353725,0.5385542497306999,-0.026112844394780867,-0.4132458089134532,0.30282416056536454
1.377334495437212,0.7259986712326357,-0.513949724855862,-2.1396348202299986,-0.518121619228094,-1.3854150609056577,-1.8708840631154975,-0.6532657022495755,-2.077101408854424,-1.074558107218494,1.67163653085955,0.7185871079227679,0.9819239106670972
-3.0326088365026975,-0.4439477773102555,0.5009639389929823,1.9481899636830438,1.9757622947711635,2.563800875851473,2.6591221707053614,0.5046958915847102,1.7373532031026089,0.9538591082400706,-1.6840712186665883,-1.1678010868042668,1.6610236607688298
-0.021515275983344077,0.05243385851084602,-0.056610586226268994,0.03026763545346445,0.054214930572046745,-0.028233059966234545,0.02755729084944864,-0.058167260409679206,-0.015068435585431163,0.06272894916194942,0.013678156587742508,-0.03596816996804628,-1.571491149715417
0.05174624183332645,-1.1825729337804554,0.5645377385937468,-0.14172432232286727,-0.8944197421256823,0.39843849045494834,-0.10270662711856163,0.9104308473473937,0.7348458816997404,-0.5165257259616112,-0.8351965310394228,1.0958647468681741,-0.8923913996136846
0.14664187550616112,0.9225674932101909,-1.1870795196150112,0.07514041204600264,0.5561314295322194,-1.0212162753093819,-0.03908197303721771,-1.1311159897665757,-0.5991472485070174,0.9343636803318928,0.862552844214908,-0.7905234478588599,-0.21329164951195198
-0.5215993397980635,-1.3519469071563368,0.9792838037071249,0.7320838713145603,-0.5826721821819767,1.1300848859913464,0.6671783137691268,1.2290242237292701,1.49300107374818,-0.23009848532109692,-1.2596338748530054,0.34130946897736086,0.46580810058978045
1.497608638417168,-0.6224159875804309,1.1820864754279914,-1.9172522638083913,-1.5843782519433667,-0.1631271985766175,-1.8179796773679702,0.9779865410052793,-0.9588055160206949,-2.1849980273504452,0.4381155004013252,1.4731423858135813,1.1449078506915131
-0.9580056893987197,0.23949113645277462,-0.5453262383511308,0.4708633717124766,0.8987678928423637,0.2670345055297722,0.7636131173290468,-0.42730929473976015,0.174062694774167,0.7263528413307547,-0.4107591872258402,-1.4193195127678715,-1.4356711996950706
0.38845262782797385,0.6458013498493315,-0.9182960733218578,-0.5361927693454298,0.1728346750963223,-0.9874347883526026,-0.4921058306483916,-0.8410126059774315,-0.8493611230329774,0.3181111682980749,1.2869901880284906,-0.2874865959316509,-0.7565714495933381
-0.3338398845216516,-1.6369240044988134,0.8111418528423314,0.27089278869765276,-0.9309699381311092,0.8655467689943518,0.3225484889834428,1.2769669542853075,1.358246863884521,-0.4190381363274617,-1.4718525467597967,0.8443463209045698,-0.07747169949160557
-0.40722951861608986,1.1780544098843595,-0.9997498065169738,0.9053858713078906,1.160386134513711,-0.4790227932740627,0.6973158624372867,-1.1534749435675717,-0.17399117005089926,1.3603276517021827,0.22589682849453385,-1.0420418738224646,0.601628050610127
0.20220148256105933,-0.13144576161160731,1.6107397559093595,1.5574069118799145,-0.24820300430504108,1.0976544745412105,0.7144512687671907,0.9737199861503748,1.2304544022942452,-0.13792043265688175,-0.6229778591326315,0.08979104301375629,1.2807278007118597
0.5429989993843136,-0.13148102173846254,-0.1003650257593593,-1.2173964579553636,-0.5063400334028265,-0.4672868520941197,-0.9351674643552206,0.009274693858276886,-0.795775847016123,-0.754289244731454,1.0747715161216993,1.2216239598499765,-1.299851249674724
-1.1337037976534095,-0.1745993234017798,0.13778861871997106,0.7325998635910184,0.7323699437131937,0.9202593538055239,0.9963491502323726,0.1651033578376454,0.658744397613597,0.3963331959882241,-1.047415202946214,-0.6647642348770576,-0.6207514995729914
0.9479392176500274,0.47143977608849624,0.12178031537992579,-0.7710417288825259,-0.37700356131162005,-0.5866096255267229,-0.9168502254497275,-0.1674544752774859,-0.8972491116813384,-0.6156311418406377,0.6503341723081165,0.46706868195916335,0.058348250528740826
0.9151469828052696,-1.4077544205394932,1.1866303526152253,-0.9481297809422266,-1.7111875713567164,0.25855758507710835,-0.9928222824361735,1.3738432164526555,0.3056147556125162,-1.528474144740602,-0.19854051531904884,1.5989015987953836,0.7374480006304737
0.07078276469082943,1.4352977299764536,-2.737752538008389,0.16951201581782138,0.9843881278742899,-2.163231663115082,0.05155487062372342,-2.261925714772661,-0.8937135026340993,2.152339436439614,1.499208859935282,-1.6289182010708751,1.416547750732206
-1.1053997837353644,-0.5635316368281891,0.17347074001414925,0.5316463686975159,0.42966007596945793,0.9274703114795884,0.8749356113188341,0.37999188874421014,0.7877193656052709,0.23295009957758184,-1.5779618827131925,-0.4970852842346546,-1.1640312996543776
0.5968167079932682,-0.13724402665752805,0.4249116636362791,-0.3512767624521029,-0.551267986662927,-0.10062887154630026,-0.5063355373105013,0.3082326115736191,-0.15922050730710408,-0.5553331564302001,0.11978749254113817,0.634747632601566,-0.48493154955264517
-1.604654300400635,0.3855084312719352,-0.26147730509181955,1.0013294733187779,1.4941220843438896,0.9503103962283271,1.3914271483230847,-0.34044314840723666,0.4579138589929728,0.8763768484418872,-0.7290871950860272,-1.2516405621254683,0.19416820054908746
1.128580119460157,1.3293039119913141,-0.8053269412826192,-0.45042653329920257,0.10658484162677062,-1.4316444178472836,-0.844465781622527,-1.1196340109614658,-1.271273516183679,0.29246187519086075,0.9686621801683036,-0.11980764528924782,0.8732679506508199
0.3290267563181246,-3.2093430382705646,2.4257241817894384,0.5168804410642799,-2.5701709686367313,1.6354312203119505,0.09638059002811017,2.9744886134782327,2.652578936544467,-1.4528021926893544,-1.1535245388996098,1.012025271546973,1.552367700752552
-0.1630797767010127,0.6163755625594345,-0.8363660276577329,0.17165243017436105,0.5692710235600971,-0.5282455548217232,0.17834594002154538,-0.780096435400131,-0.31160838909345967,0.7391474742974403,0.5442248363547209,-0.8743629231800615,-1.028211349634031
0.2303508689645777,-0.14966129522008875,0.5535433471999472,0.3305013991192813,-0.28269599247879174,0.26172603758430724,0.05089902632392624,0.3869543023456878,0.34743968516655643,-0.18679313605621778,-0.30464985127244454,0.25746999365615975,-0.3491115995322986
1.0631020394927955,0.029590564332022395,-0.03356894034858591,-2.0202922245010964,-0.7837672500340164,-0.7891562623777756,-1.6389662919907455,-0.03373998909999935,-1.4962627416746355,-1.3507019724782772,1.3930995239818864,1.38930291049238,0.32998815056943387
-2.4449301331921545,0.0440872473863535,-0.07674395315554487,1.3699550848050768,1.8836126180993664,1.6961248455675384,2.037747974006988,-0.06533545588815788,0.9691336350784868,0.9899417350755672,-1.3657432108064012,-1.5031589880890728,1.0090879006711668
1.495324275256622,2.467906135733216,0.03793769459438987,1.6208197080116455,0.652251098338996,-1.0442969854787936,0.053140000525951546,-1.2145376647813384,-0.5659459734883469,1.0754387585588818,0.3320061644479295,-0.3713260712528524,1.6881876507728992
0.013713003120468375,-0.6716226724236413,0.3288020248521422,-0.15205622545296033,-0.49609868046864997,0.24385396950226698,-0.08773094553175649,0.5216759732856787,0.36508342883561196,-0.3481714420747151,-0.5168685231792358,0.7605068455833689,-1.6747143117308805
-0.07539671064655253,0.6697129602897016,-1.274439745935591,-0.10714929906807176,0.5414352898638006,-0.9292094818117523,-0.01611661941527874,-1.0537275995387934,-0.5530102533810934,0.8752339772435114,1.180880852075095,-1.1258813491436659,-0.995614561629148
-0.5368937056014659,-0.5476515608943399,0.5600704441815815,0.6620323832583692,0.010572127756157476,0.8176060843307688,0.6383737053195294,0.5899458250863168,0.8716740976326403,0.03410003468073347,-0.9413058669928185,0.005951567692554799,-0.31651481152741556
1.1037192733752943,-0.05222597240731335,0.32633994004886197,-1.6684069383992541,-0.8736988728229158,-0.5406165734803337,-1.474817405647715,0.21009590327698852,-1.1813036466540325,-1.3788683151865262,0.7564435082615122,1.137784484528775,0.36258493857431684
-0.43459864649561414,1.3521192436829652,-0.14189337755267517,1.467191844002843,1.3069972924429216,0.20253740284211685,1.0089397616794613,-0.7571160322139635,0.11286224698566291,1.1046249453629298,-0.09243117936565316,-0.7486037101982591,1.0416846886760496
0.4110028485638903,0.2674502867286238,-0.599439038232055,-0.9720982254327448,-0.1178651275472774,-0.7575989266231183,-0.7346012402942804,-0.4718118070630554,-0.8994571756910562,-0.21594256386046315,1.6053181958886777,0.3832292066379618,-1.538894361710534
-0.21496248221769818,-1.5392765541856026,0.5869261049016874,-0.12486749941031386,-0.9503867646804925,0.6071967849293978,0.04951117937339619,1.1016863142095605,1.0000260659641858,-0.5217045645332803,-1.6310165506898904,1.5150621234741821,-0.8597946116088013
-0.7975700648811936,0.7335424553187401,-0.9091380702213828,0.6631215847389972,1.1345523970461817,-0.1288627010736036,0.7790168978445374,-0.8797912303747248,-0.03578177580005935,1.1279466481801947,0.06673282456444034,-1.3773997751072704,-0.18069486150706895
-0.7272177745320062,-0.07019265126241274,0.7236444206594799,1.1513672283758427,0.5000137513008629,1.080460879908669,0.999255704488904,0.44303394909879024,0.8905275536827815,0.24560223369681902,-0.782141863062725,-0.24556685827105013,0.4984048885946635
1.698249807378208,0.49904721443089084,0.37723983985695,-2.338101131970814,-0.9253045607490329,-0.9281865431727374,-2.148210048041876,-0.037290638426655226,-2.0611400640816546,-1.8727531846723349,0.9156075121916059,0.8862660585651709,1.177504638696396
-1.1710308687149225,-0.19427744300782726,-0.100125350529802,0.5448302735908345,0.7464094575079384,0.7634871265276598,0.9171685106742941,0.040858077288563645,0.5355787096048064,0.4454854787494154,-1.2065792068763077,-1.0001221361618637,-1.4030744116901874
0.48248706418914655,0.4004960897978638,-0.10101372317060117,-0.2543087972267173,-0.07578769813912732,-0.42434278838060097,-0.3936553782629125,-0.2575037504830353,-0.46962056422530335,-0.09801132923997795,0.491170168378023,0.13171078067435685,-0.7239746615884548
0.5312980531133584,-1.1582437246113488,0.7587620809092231,-0.4846209093625765,-1.2400255961442361,0.20400479897714607,-0.54160400260885,1.0077212478223943,0.46720397984093814,-0.8945190343176498,-0.35770451924914237,1.2635436975105772,-0.044874911486722555
0.5924754624449838,1.1860674239781221,-1.6953891121246925,-0.3401632417409844,0.4090295008398538,-1.7335076995101069,-0.49812932162002427,-1.5495844234556821,-1.0892137541606897,1.0297580786863574,1.3400448560051885,-0.622844497216457,0.6342248386150101
-0.5030834920514003,-2.191879723157241,1.738667266922897,0.9949480177592724,-1.2041291296388694,1.70272150986423,0.7961545893649269,2.0776864065697658,2.2803901311649453,-0.6160948366488892,-1.418797878783099,0.5089884196197639,1.3133245887167424
0.44344782256186177,-0.6498010609075334,0.25547261448107583,-0.9673313279530599,-0.8057878658346643,-0.12125446031978473,-0.7495153545560991,0.4694156966624392,-0.24572757658727118,-0.8487589451477999,0.2789514964712317,1.6408213364559843,-1.267254461669841
-1.2860954012653885,0.33216423526898053,-0.5599546747459697,0.6813037535183747,1.2142753813690923,0.4912996586501765,1.0511224439625064,-0.48196505817595425,0.2620364910954242,0.8805317041791627,-0.5699231911559337,-1.5869984634102738,-0.5881547115681084
0.5182164332741153,0.989383897760407,-1.1766221374582662,-0.30381090233993074,0.3230312919950959,-1.2799197361261352,-0.43901576833346784,-1.1586831822458261,-0.9232371289156244,0.6685439721202096,1.1278261840983972,-0.45516554657405384,0.09094503853362405
0.05773470203048336,-1.788547179258832,1.3077254232274156,0.5539672274381542,-1.3371915658984985,0.9675727163142109,0.26175278462671675,1.6327984247282206,1.6724445749435868,-0.5957471030963868,-0.9943605349695163,0.676667370262167,0.7700447886353563
-0.023323646624304754,1.660094029922469,-2.4660229935623055,0.8953953472236587,1.218233077398523,-1.8860050230385683,0.4857541501220036,-2.2213429816956163,-0.5230092937648387,2.4444458365565334,0.7033888402848144,-1.2097208244648674,1.449144538737089
-0.049670543150467046,0.07827956923517397,0.08214070709477189,0.22874666532264407,0.09423046312958926,0.0990396716967482,0.1475831350415235,0.007096336653989483,0.11154538053955863,0.09464700816801129,-0.145485847342351,-0.07788790762864707,-1.1314345116494946
0.7480616527808506,0.144723528819917,-0.3075282706396197,-1.56934075530985,-0.4619001775938994,-0.7743561202287059,-1.2313571241582943,-0.245815264498715,-1.2485816401893006,-0.8398072730084007,1.5522635279119799,1.0539450092075735,-0.452334761547762
-1.7581368314987007,-0.35606564102159494,0.2574899790223896,0.9713462150366508,1.0740647659315783,1.4609314892038332,1.4580505929364103,0.3234508193081502,0.9617283427483158,0.46984381139188963,-1.5249072147364946,-0.8324431855194607,0.22676498855397045
1.3850300995071485,0.8335109604460709,0.954788803192234,0.3130982431950241,-0.4461979459741346,-0.2576811849080316,-0.5787349724978247,0.12074580234518947,-0.36224932778746116,-0.49717385746907017,0.17284216051783602,0.2993897313167603,0.9058647386557028
1.0550833366971197,-2.8024043294558796,2.69152188876844,-0.381442844194296,-2.8257728794154358,1.319244290040469,-0.7685159374384846,2.92051140806806,1.7081099799606336,-2.2622534573520747,-0.6760325271093294,1.4312226481529806,1.5849644887574355
-0.30941378240076417,0.5139068975351135,-1.1578744981655429,-0.02559818494580182,0.6059961273256452,-0.671256565910495,0.1527265134062098,-0.9099983970263982,-0.38300639698938826,0.8440389372717251,1.0217168481450014,-1.461239250428472,-1.647550321726811
-0.849969959594808,-0.4089413607008427,0.2486156940119953,0.5722136922297824,0.3480025062055599,0.8020651130325102,0.7591272286628469,0.3449288632227841,0.7077524048943753,0.20466505504547758,-1.100469870922912,-0.32940633359225163,-0.9684505716250786
0.8173431116087867,0.05975494776646763,0.2162866306937982,-0.982350036519572,-0.5758209048701093,-0.4199282469754173,-0.9583555706757314,0.09198467181804643,-0.7597060928355838,-0.8298308940965092,0.5972795043314187,0.8024265832439694,-0.28935082152334624
-1.0427222734695125,0.805091401354471,-0.4551695016039264,1.0437391605963182,1.371968252852753,0.39742056990167385,1.1119016186714745,-0.6597437140532783,0.19143628491649217,1.0493636913810558,-0.25159518329574665,-1.0839616114830652,0.38974892857838617
1.2767608085524258,1.2110527928209187,-1.0608370586617042,-1.256981265608249,-0.09116189001443302,-1.735179034518763,-1.3503557619689939,-1.2044322358837911,-1.7764176534489733,-0.06664350793174732,1.446154191958584,0.04787130535315571,1.0688486786801188
-0.20879939448299717,-1.2256726886200233,0.43471420367152774,-0.09803684388661046,-0.7282584228917844,0.4853273307801516,0.06037976948427073,0.8588401568582631,0.7973018027064156,-0.39018768120453146,-1.3126885428297033,1.1797042221893757,-1.5117303717064647
-0.108836750767922,0.628270584610854,-0.6406744944014225,0.2624207994778266,0.5367911065258141,-0.416196415293899,0.1971715125696005,-0.675752044031579,-0.2537587566987162,0.6553580397789174,0.38506083242462735,-0.7066839725376584,-0.832630621604732
0.24225764810966174,-0.4876247431578834,0.7287653345552844,0.3324502758363233,-0.5361266789140459,0.3883764907596278,0.04553122667787729,0.6549692957091032,0.5884484874411562,-0.31583289290971056,-0.46381385520253804,0.4251489442985624,-0.15353087150299963
1.1541425654961788,-0.11100532880529718,0.18804629114822766,-2.1208720516839152,-0.9543970324134387,-0.6835235383139701,-1.7410415506058738,0.16158334451183107,-1.4700396983351645,-1.5840736091163823,1.2339355200517927,1.5569818611347828,0.5255688785987328
-2.5107614721807625,0.4697667940384522,-0.14714065037280594,1.5722107171850261,2.241320085449362,1.6890713585075279,2.1800140153726537,-0.31819375441980885,0.815059050941916,1.180039466724469,-0.8882511990161206,-1.3354800374466698,1.2046686287004655
0.22897542606187127,0.43176230100623314,-0.5505205991836146,-0.3060947916846293,0.13882719026973947,-0.5891673889030422,-0.2848068168994715,-0.5265260105709881,-0.5296013780967408,0.2011633742640162,0.8094981762382101,-0.20364712061044937,-1.375910421686118
0.48926111012555334,-0.5183229116514969,0.4693828945300875,-0.4677130601441783,-0.7454016327539056,0.010904156853825099,-0.5100806641597572,0.5241421403247323,0.02590440195555512,-0.6677051381016234,-0.03937651138895532,0.9281857962257715,-0.6968106715843855
0.2328010217176038,0.877583891336784,-1.6435385157336018,-0.3707189874025691,0.4583448190802601,-1.4352719365775526,-0.3210166741219872,-1.365871091609204,-0.8928395328726656,0.970374423816727,1.6583728638653754,-0.958202398501263,-0.017710921482653016
-0.9885874396246871,-1.3957348308691366,0.9800214497966678,0.8595908552044145,-0.2606541750294515,1.4659285055334796,0.985490215608837,1.2513688800485296,1.617152681634029,-0.1438239707090302,-1.6575438846782393,0.1736305183349578,0.6613888286190794
1.5470780752429514,-1.0607846717302896,1.7265366571376282,-1.215648985521957,-1.9388703181841551,0.22144663640832432,-1.473759233769913,1.5043994253861457,-0.13570713656014954,-2.112331361121613,0.04020549057609143,1.305463435171178,1.3404885787208116
-0.809825801258152,-0.12041846954979932,0.02752017268886408,0.535128718683839,0.5262560493128943,0.6026492463925129,0.7179571968543655,0.07581699335569025,0.47613494157682834,0.34390992999814896,-0.808669197051074,-0.5809247595558561,-1.2400904716657717
0.712516874936093,0.29781512999146564,-0.1433797579332363,-0.9449763337525906,-0.32426468090160426,-0.6221819300508359,-0.8822777407222779,-0.22996096700994592,-0.9011777942314321,-0.536786845183517,0.8890801782032569,0.5509081572803649,-0.5609907215640393
0.1163043374794703,-1.8813394390864795,0.9927722962636618,-0.2597777738047244,-1.44865745511038,0.6825089952202937,-0.1997871677596992,1.501745458151084,1.1440018202966997,-0.915522398201976,-1.2331065408646567,1.6827410741165851,0.11810902853769338
-0.7099614838308801,1.06259240140409,-1.6870781119630132,0.7736656955628893,1.3061664527909507,-0.7920094463770746,0.7903659702314259,-1.4830639519457278,-0.1883255242626785,1.782014152071487,0.46464283438967413,-1.6568646928446085,0.7972087786394256
-0.6360961763336191,1.322688097676899,0.8113772721304556,2.1081070059566476,1.4383220921149769,1.0827335501261095,1.4559366300245464,-0.2050666880290339,0.601744203224857,0.8318009820812118,-0.38423185323749126,-0.5250317760083884,1.4763085287411581
0.5537911616349979,0.23116629582159381,-0.3887702562186682,-1.0813420040124642,-0.25224975741610584,-0.6975646992148746,-0.8690607530404543,-0.3348975713065441,-0.9535085928324767,-0.4470694836032276,1.3135175220168396,0.6068011408278323,-1.1042705216454254
-1.6332123861041326,-0.15398289770251852,-0.08630844304781315,0.7649485952485781,1.1255949295337457,1.1059716391440086,1.2818433695445908,0.028466559541376717,0.6677513450188721,0.5850907379610906,-1.445325212771448,-1.279587053899202,-0.42517077154369265
0.6196553162818398,0.9178867911282654,0.10057144264143353,0.46344114950426535,0.19449781022467866,-0.36728243029276236,-0.0880239611350579,-0.4029883889648289,-0.3122787238388729,0.24074488224762638,0.25242416248288274,-0.14775413706298157,0.25392897855804
0.695777558454844,-1.765081710409846,1.468931684436499,0.06172487748768905,-1.803459230771988,0.6338739499929723,-0.3412356901197956,1.7119107670868083,1.2963576612999406,-1.0508686587606135,-0.5964505251442827,0.9840787797732388,0.9330287286597722
0.7425908652258547,1.8841826018884666,-2.95103478172885,0.30328962560234984,0.8002078313130299,-2.8101225176854037,-0.23872116489037057,-2.606942515232366,-1.1142435413713898,2.4021166178796047,1.1012988501100482,-0.9023094149537954,1.612128478761505
-0.4350346366867309,-0.668535922486373,0.29812784740043086,0.23428829896259984,-0.15399610785929557,0.5423648953273003,0.35757711885702614,0.5028406591013385,0.64501703621268,-0.0622759896617944,-1.020887868957865,0.22952350188242562,-1.6203863317227418
0.6012557628117783,-0.3310238769896616,0.1478119047627483,-1.1754436572490052,-0.6947702411755261,-0.31762235017102464,-0.9442978879153517,0.24909000072039228,-0.623682568622242,-0.9103682931246554,0.6768615062964655,1.361356418718646,-0.9412865816210093
-1.063404861844076,0.5914428463101414,-0.7944017594072198,0.6997729469162811,1.2331235960391247,0.15052259164459092,0.9412266553459223,-0.7439570645753635,0.09171812144505016,1.0675387665087321,-0.17201318133069993,-1.5311054798628065,-0.2621868315192767
0.6636964262312249,1.0162570395392754,-1.4143880358755963,-0.6651670859273129,0.23228284527737128,-1.567824184691717,-0.7081645006348665,-1.306157758015854,-1.2061622716078682,0.599385770033491,1.525736193923631,-0.3992725630265861,0.4169129185824555
-0.4091862707437702,-2.292478264654608,1.5719531773424016,0.6999644936747134,-1.347996698233957,1.5066735737960915,0.5898008425278435,2.03409763061034,2.1362984992208087,-0.6929211174363776,-1.5514345487248435,0.7325603538096348,1.0960126686841882
-0.5372272170095922,0.41138330836925974,-0.6982005893951406,0.3079780581356065,0.7043919951794657,-0.15301951700304556,0.4514330766707366,-0.5995599798048508,-0.06673774781190024,0.729179299160558,0.1463148265294871,-1.1538278409174,-1.4845663817023953
-0.3731318447540105,-0.31998103377360504,0.3759410432254443,0.4879574802347853,0.05119270802998419,0.5579613565478992,0.45838097401754613,0.3721445934117328,0.5831608049003555,0.05256121629042091,-0.7025598610976783,-0.021994924081179274,-0.8054666316006628
0.8885405035346007,0.019620134188999883,0.043888281833620674,-1.5637098822835045,-0.6587692466321249,-0.6040647214501282,-1.3038637667904822,0.014911883630104258,-1.1557827392935838,-1.0974302605919952,0.9951895141566526,1.109837992755041,-0.1263668814989303
-1.8030983290247427,-0.04313089369373876,0.32304806266178826,1.1812012573423154,1.3344296903652142,1.543795368256722,1.593119110978257,0.20368564634612984,0.8931290199617973,0.5639645744518957,-1.1269972049112609,-0.7765502019719929,0.5527328686028021
1.810241658182297,1.2122439267363334,0.5662949617731526,-0.6395015471877599,-0.49434554435588546,-0.8627187823594543,-1.3106658473948076,-0.28789698734204006,-1.3263574908477747,-0.8567845610616848,0.5707521703430698,0.3552827148642277,1.2318326187045348
0.2692844710212785,-0.901728841792524,0.37910498382134494,-0.6093132383244955,-0.8560732921548978,0.09917932777398904,-0.4667185812653891,0.6652657930013318,0.19430346038138677,-0.6969573330189952,-0.2781225172840956,1.487115631700448,-1.3487464316820488
-0.11949016856022567,0.7190095485268688,-1.509504743354331,-0.12366344546298787,0.6104815198294992,-1.0789255480613995,-0.0011519920279206032,-1.210909420335268,-0.6000162856549708,1.0388795669907007,1.4196268579702354,-1.4053462668810042,-0.6696466815803161
-1.142788605422102,-0.6330412457514464,0.5108265881651801,0.8369693243691232,0.4077085754506164,1.2146128902809294,1.0563905166237715,0.6049525024389723,1.0599525683739661,0.18985773728380287,-1.3392158768180522,-0.27351335004478383,0.009453068521416091
1.274964037722639,0.0064575446128092885,0.7350235357897531,-1.0432653691086864,-0.9609558743152403,-0.3482271036040666,-1.2364401829147864,0.4110615526387359,-0.7664054665650963,-1.2572551042756406,0.35853349843627846,0.8583195667914368,0.6885528186231488
-1.9338536260769366,1.0055960954248266,-0.07167432056424357,1.7956308632609541,2.1918924719151596,1.3331087387632232,1.9881067376310508,-0.5439991867436694,0.5983532481338963,1.276025287586722,-0.49034118919088693,-1.0280686279355975,1.3676525687248808
0.42097027464933506,0.4087608892192847,-0.5904012818947132,-0.7122346243560931,-0.023219373041667952,-0.7577816362460155,-0.6026175027527191,-0.5374856785445132,-0.8098724860480364,-0.04571781825898044,1.2074081860634438,0.10376428890062318,-1.2129264816617022
0.0986256090532311,-1.401126659592928,0.6627112331909174,-0.1645350203583341,-1.0879815220337752,0.44053076422248694,-0.139951605044243,1.0752174243971435,0.8731236596304187,-0.6051002172154505,-0.9147785330044695,1.2355972057368434,-0.53382673155997
0.32027868875351273,1.0766704669291574,-1.1195847976454298,0.15620808673069306,0.5360694300985365,-1.093800935711834,-0.08953636764662137,-1.1702470231116944,-0.6491940298124557,0.9393483843454719,0.7829708422498611,-0.6507909889901905,0.1452730185417627
1.1639902722074964,0.12407142400241326,1.1615892816575513,0.3035768513951306,-0.7918495848299242,0.06057900169308241,-0.4649971835985547,0.5925942847158213,0.13372660906621214,-0.6575187584227001,-0.06590384537730425,0.4810419278460302,0.824372768643495
1.9350955117768325,0.2914695436863252,0.8842778880393,-3.0506818363479864,-1.2548042949568774,-0.707006342348516,-2.6520759910807192,0.35245536232864455,-2.4343367032525376,-2.735211835408079,1.6318455298770267,1.6128748446822507,1.5034725187452276
-1.4814280030934632,-0.18079265438463515,-0.2370150802194098,0.5878480704707175,0.991248600508121,0.8807147067622089,1.106687359756045,-0.04305286647840708,0.5574322580029923,0.5766248325667218,-1.6044892167015414,-1.614944955184008,-1.077106531641356
-0.04885386194916715,0.6363358241969419,-0.22201549632198217,0.510514570645724,0.49719428892079454,-0.13622951060015526,0.29606033921361297,-0.44381425978665984,-0.0783098251181572,0.5128063013174964,0.09326015855278925,-0.48311203834778754,-0.3980067815396233
0.18384951359795856,-1.1975889936562591,0.9830972534973429,0.3717762467231805,-1.0053309703430091,0.6265497514348616,0.097699303260737,1.1538716149977317,1.1204663952516811,-0.4782799977596868,-0.7556145290743761,0.6487208784884329,0.2810929685621089
0.01568276537018892,1.3265912752157973,-2.2129876143541813,0.4123718311625528,0.9475037477256638,-1.7187710028360643,0.20951426459797162,-1.9117024313105495,-0.6393059611750114,1.9272799345542109,0.9421348461799547,-1.2376673162386014,0.9601927186638415
-1.3320442053168837,-0.882927417463369,1.7238554456388313,1.8530419857822242,0.37033011856570325,2.2864458823555114,1.6950824941454723,1.4138176945365304,1.9790699874232005,-0.02077277880283115,-1.1800518728879588,-0.10583439940238075,1.639292468765574
0.42005158954973437,-0.2586712296982025,0.07152598674359496,-0.8151154945488236,-0.5052057993881242,-0.2463878667982628,-0.6564970279443385,0.16985747444336483,-0.4118502752966748,-0.6082525981538892,0.5176975023663719,1.02599851743384,-1.5932223417186724
-0.7095502509663784,0.3152342902205306,-0.2802568941023021,0.5816566445970731,0.7653708641627583,0.2931796837341102,0.6886670712586672,-0.31583513590529316,0.20127261005612035,0.6045812209121333,-0.3311771852607934,-0.8603896772931946,-0.91412259161694
0.7338092970168405,0.587670843116354,-0.6129610296426753,-1.0820212654270807,-0.1307694160187814,-0.9997914491282568,-0.9661477277440667,-0.6397991210574964,-1.2067342497584734,-0.280731970521133,1.3665721899935375,0.27144323954302657,-0.2350228415152074
0.007567209594074566,-2.102049114712179,1.1819889914975188,-0.011698738805947679,-1.5259183552551583,0.906573962094821,-0.010248893366797969,1.7189281624864379,1.4816208153049726,-0.8873769411596567,-1.39227054479475,1.4032761563792469,0.4440769085865248
-0.7899394308999337,1.234453863022926,-1.6260560883963187,1.060749161808974,1.4910287534169755,-0.6875054438096322,0.9850653355200156,-1.5347367232913787,-0.10052177811175769,1.9320969369885457,0.30547883045958063,-1.489185742202206,1.1231766586882574
-0.4955511523152003,-0.07993319655846169,0.0299658931278272,0.38759600056737803,0.3175109426877795,0.37890260804887793,0.47111810585282127,0.05692059845516005,0.33970114753549546,0.2416308376098835,-0.5433958571675848,-0.35735282536598534,-1.457402391698326
0.6635492869769839,0.1766946072254204,-0.22524832835092068,-1.2003846258976727,-0.3747713629783739,-0.6501943034308151,-0.9909511159320269,-0.21544927168021802,-1.0018220159856177,-0.6497910270855904,1.1543535180867461,0.7744800914702358,-0.7783026415965936
-1.5659769423641197,0.12364519007586575,-0.08486562917168369,0.9084592258908368,1.2754511643755786,1.0588131569620398,1.3215624113484534,-0.10975565125125085,0.5757343334080569,0.681737964257099,-0.9678332009811673,-1.111908103256799,-0.09920289149486099
1.0722830807325723,1.1184172028767068,-0.26004374449747375,-0.2991731552687871,-0.0032889722572103834,-0.9704927179800453,-0.7342777411912393,-0.7066740022152549,-1.0113234890288163,-0.010240985893177124,0.7299161742731632,0.019924813579421642,0.5798968586068715
1.3868164159491267,-1.1785317954829722,1.6619205998148732,-0.7329873228483587,-1.9026460312977338,0.2866497338651266,-1.1325572917398992,1.526946097234456,0.3002208429013126,-1.7355976023470334,-0.11895851335400208,1.151757730415642,1.2589966087086037
0.12278175653400306,0.5580949204109007,-1.1401133888496437,-0.4413318132753754,0.3106184858925936,-0.967847448422408,-0.29922003512631756,-0.92211661213996,-0.7179144807993224,0.547739006461413,1.5787908619003288,-0.7346304643113921,-1.3215824416779793
-0.6007489288503038,-1.149879401588608,0.5436256353212088,0.39120883792526656,-0.3765924606362892,0.8507623966042736,0.529552753268599,0.8822709166063717,1.1008349236930015,-0.13807674904246015,-1.4983798807481457,0.39720245252482866,-0.6424826915762466
0.7942277767736774,-0.7719637335673931,0.5864064548204813,-1.1499091600297162,-1.1598070297722298,-0.11775308468566055,-1.0344911579571148,0.7171250729705378,-0.2924497432930932,-1.219299555506984,0.19936949450618494,1.529035369361049,0.03661705852548498
-1.8639831686404333,0.5780776832299728,-0.36963097850206983,1.2273334381517897,1.8297960224821974,1.0530458313645934,1.6502151022284002,-0.4978420864009069,0.48643532834920644,1.1107370772098482,-0.6495051931209804,-1.3634265292204035,0.7157168086272181
1.4235180709287534,1.731745787479939,-1.2840592964877346,-0.40105302755799965,0.1742493367226595,-2.0127788062697736,-0.976848690878984,-1.591013034920843,-1.5205143812455029,0.6822631481277697,1.0482441821333504,-0.23159361238418308,1.3948165587289503
-0.15766771773302302,-1.1242024972928717,0.49592022885863984,0.007109468297472425,-0.6936017491556453,0.49584305231441295,0.08847597213512287,0.8425228699431928,0.8021499622443483,-0.36412826110351276,-1.073942536934563,0.9002393044520379,-1.1857624916576333
-0.14348829395886978,0.7993140847721789,-1.0649470975888191,0.254276683252873,0.6867327767208028,-0.7186813612402905,0.21148638804993913,-1.0005511414226778,-0.38096031279642867,0.9654752711693089,0.6238068383197676,-0.9861488902749969,-0.5066627415559004
0.42134894404695183,0.1775782942694367,0.7079341164445894,0.5947564016076444,-0.19069579494639602,0.2437246701444545,0.08793161745144606,0.3100957780608098,0.308424207138167,-0.12172216125135227,-0.22506784930739776,0.14568402656122373,0.1724370085458318
1.3475171286424745,0.24709161734413207,0.01545377990920872,-2.376832232361878,-0.8418809042278201,-0.9555270189474727,-1.980222743669669,-0.11503235210755029,-1.9108089818317913,-1.6299541238070367,1.472681525946933,1.277516943397444,0.8515367586475643
-2.5006447162423235,-0.2737678948550809,0.993382734447438,1.8698524995193342,1.695938848117197,2.5618205661346503,2.3318835096158943,0.6970217237581726,1.5595063181048285,0.5341525669818206,-1.2861612088413543,-0.6088712513295899,1.5306365087492968
0.47804895861265334,0.03926277485082201,0.08326215245405454,-0.5023727456961333,-0.3336677812368935,-0.27897165407448254,-0.5223739627481563,0.027267951518115455,-0.39468333929593613,-0.40402849651897665,0.4115881664129763,0.5229616655066309,-1.0499425416372867
0.40328877906277627,-1.2687800044282709,0.636834021058582,-0.6485636304660579,-1.2230136288371363,0.20183109975822316,-0.5594663172676508,0.9943528790363729,0.4258477351737331,-0.9154369284988132,-0.4372865212141891,1.654794582342851,-0.370842791535554
-0.16956667786717533,0.950105150846007,-1.9053869188260095,0.10556434581259454,0.8155349322230147,-1.348430454759735,0.14690355613297937,-1.549780216563826,-0.5964523841111963,1.489507705731761,1.2604628540401417,-1.5730252175234074,0.3082569585661782
-1.337126265633323,0.1098896099489307,0.7783715849546281,1.4972884619149835,1.09217743759804,1.5605718909692534,1.5097953358677116,0.3836961290903901,1.0154688199948358,0.44043285381852126,-0.8617238650277717,-0.4411923006871868,0.9873567086679108
2.328957856834714,1.0380147934022415,0.7153963665389562,-2.579593509333355,-1.0132095245798207,-1.120086828717597,-2.614734495470271,-0.11660257623784646,-2.6195654680240312,-2.2887842227359783,0.8360255102265589,0.6906406161490338,1.6664564587696435
-0.6370461361502839,0.34807250486280994,-0.6290503229826085,0.34921497491499265,0.7342064240285776,-0.027999030319296448,0.5268620888163776,-0.5288775910487115,0.008256504645580066,0.7058103046630619,-0.012849177400606409,-1.1957475785780007,-1.5660583517146032
0.4337352600519507,0.5255528726114881,-0.9033673920351857,-0.8502290930253005,0.05157588695990121,-1.008426718455895,-0.6824073333399289,-0.7723779292052845,-0.993435717605876,0.09316733597529397,1.6849001978537244,-0.06391466174178001,-0.8869586016128707
-0.35381986476940563,-1.6945938161917673,0.7811189127370938,0.15202118207544574,-0.9575440023333843,0.8567261132817237,0.27045984628100483,1.2889254436116315,1.3123255032914238,-0.4776440295224891,-1.6907030521636754,1.0679182550944404,-0.20785885151113806
-0.4009158246436282,1.0552880700834655,-0.4331394082900691,1.0153444030339387,1.0668205466178056,-0.04636673413943431,0.7520371089135731,-0.7726243339168912,-0.006665446653941403,1.013638252699572,0.00704632309065528,-0.8184699396325937,0.47124089859059415
0.030446760172112394,-1.1390892035885858,1.5631644712330908,1.143878151807505,-0.8468409186540844,1.1842574569170379,0.5881866960623922,1.4515295267227026,1.6428102276059944,-0.38410811131511985,-0.8418283645365101,0.31336297720362716,1.1503406486923269
0.49857278590929904,-0.3091401384913586,0.013435475363975763,-1.167219905464816,-0.6011745527443825,-0.3475840786163321,-0.8847776056284753,0.1623895037276382,-0.6331909079742492,-0.8047911673897181,0.8559210107178208,1.4451958940398475,-1.4302384016942566
-1.5102494744637593,-0.04854366504853168,-0.23014748348558983,0.6828229410172628,1.1087188024344574,0.9067060495607081,1.1723686027889089,-0.10541191362584336,0.5330334893484528,0.6361865144239746,-1.2662657083500928,-1.4472660045416048,-0.7511386515925241
0.4155744980088843,0.878569951639246,-0.3454304779280948,0.26811521461972415,0.3206298640325189,-0.5648915489628215,-0.0815974612122926,-0.6346872682973403,-0.42704022554834786,0.4395712146672386,0.43148366690423795,-0.3154330877053846,-0.07203890149079188
0.7086782277729774,-1.0618808581188348,1.1493719642247,0.07609433532473835,-1.304679963595913,0.3780439123542976,-0.340573178806604,1.179629938534223,0.8083446117541403,-0.8033286285490108,-0.4173910207229274,0.8163998291308363,0.6070608486109408
0.4465516772613009,1.5002091745047816,-2.6138826970718863,0.09678444283716996,0.7467336370530188,-2.337438932721878,-0.18879156812303036,-2.22461405914173,-0.9928380074695848,2.0106567244568083,1.2803583545314035,-1.0699883655961984,1.2861605987126734
-0.7445417351903509,-0.8123988561608572,0.32840043448859907,0.3833497353816081,-0.023623822215919358,0.7879336742798722,0.602662429582699,0.5919499777856565,0.8558526090928708,0.01670132456300201,-1.4784843802568841,0.061844551240022604,-1.2944184516739101
0.6142176051605909,-0.5033079457601456,0.4006208313159855,-0.8560322466227454,-0.8291818440593463,-0.13186433919763965,-0.7824517465741213,0.4778649966636201,-0.26830365772905135,-0.880963699509992,0.21926499499744662,1.1936774680762425,-0.6153187015721775
-1.0231758903759898,0.30746425177963793,0.14143711240130338,0.9991546831634279,0.997283854770652,0.8437208874169596,1.0778357235439533,-0.07425640377826027,0.5116520526733968,0.5751238550528123,-0.6296096926297188,-0.6927107266507914,0.06378104852955474
1.2931333252813815,0.8313254463228286,-0.23472272307639985,-1.4456067222255926,-0.3781781723674687,-1.1095149587808062,-1.458842784534276,-0.5486269937148888,-1.6449658281282338,-0.8097210698288183,1.0681396826246121,0.43912219018542925,0.7428807986312874
0.5964346920026932,-2.9149337952306285,2.434728431310412,-0.21119409296303682,-2.5597843672146774,1.4503930474623645,-0.43209574098408926,2.8321244397492893,1.912204637916944,-1.9552692296791498,-1.0540470364433014,1.5709551070216494,1.4219805487330195
-0.3719645300689337,0.5957042100121245,-1.0801318288216362,0.17745678186897165,0.712525742904938,-0.566363008492496,0.2936522688828002,-0.9071426881274536,-0.2927157267664379,0.9244638786591083,0.6437023388110293,-1.3215067915598027,-1.1585985016535638
-0.05148306360474374,0.27050770028351334,0.2079115495004518,0.5243753274859084,0.23462125362616862,0.19738406655115254,0.30479856418109136,-0.018280387716686962,0.19115098214124823,0.20237474354204485,-0.20517234881613608,-0.18967387472358233,-0.4794987515518313
0.9915789477471764,0.30967391333918104,-0.29620618086344147,-1.8130585643079768,-0.5270431376835494,-0.9404535749500641,-1.4910110203843094,-0.32204031681550055,-1.5434876016578316,-1.0141857813153303,1.4925770264381948,0.9421590421126383,0.19960099854990113
-2.21023211234234,-0.3181778469308131,0.3770019619537469,1.2872206139045126,1.4438706287043424,1.8777274826217794,1.8679135400623603,0.37183954801235247,1.1655314735526225,0.596014126486618,-1.5845937162102797,-0.9442291526143963,0.8787007486516336
2.156653291335398,1.6849036192364242,1.692079022612635,1.2188843749541192,-0.41488489888207963,-0.24278540241064456,-0.5146328763456429,0.10994357827619823,-0.30437443339145254,-0.4289477618376439,0.11315565904405095,0.18760376422182468,1.5578004987533662
0.11925422660313947,-1.1777101447015115,0.5192049509232912,-0.31163402872754603,-0.9420318691850784,0.31499291071203966,-0.2287785540416955,0.8824437823461571,0.6073247891087946,-0.5984943218366817,-0.7357190285831144,1.319436681058045,-1.0227785516332173
0.30231908101769417,0.8546823741085274,-1.041966085545186,-0.12734081280446577,0.38913136066217996,-1.02101726489464,-0.22974354003467276,-1.0153262116785784,-0.6988814459006424,0.6885223815353305,0.9620303466712165,-0.5669515136689891,-0.34367880153148467
-0.2485830525073305,-1.499487569119696,0.9809536662499699,0.5314583404942509,-0.8961482700466925,0.9353610782573711,0.4144484418991069,1.303853434906782,1.4510905774708056,-0.36795282097017323,-1.160156372396697,0.5648814031672317,0.3354209485702475
1.362001267092527,-0.6955673890202956,1.065760882771448,-1.9798378456622445,-1.5345751943133812,-0.15552304956096066,-1.778191500151181,0.9490537451693343,-0.9526498643898402,-2.1410670931933304,0.5375930028576337,1.696714320003452,1.0145206986719801
-2.1318833864026487,1.0679314389978671,-1.1348088104132599,1.8310206274503125,2.3869557495798537,0.6549840486256537,2.1132164910192204,-1.1744515433762608,0.5800059024088976,2.0911052922859366,-0.3112816847695317,-1.6967143200034516,1.6936204487737128
0.11459809623109189,0.4672738629538275,-0.9503784611335513,-0.4317574227156522,0.25113543568780083,-0.8155750589050182,-0.2897626390614873,-0.7696897014627131,-0.6465389815740056,0.4130939266977374,1.386467690484799,-0.5648814031672311,-1.6953589441339731
-0.4388598204051119,-1.1176065854530466,0.49377745687084285,0.24123073352585833,-0.47586375514619134,0.6960718023421757,0.3633015983598633,0.8380118819424652,0.9684373186601224,-0.20311382603208455,-1.3723750443034883,0.5669515136689892,-1.0162591940322405
-0.5468955725383742,0.7709971805591703,-1.0614954475750282,0.5064162667676523,0.9717847900521631,-0.42639155169527104,0.5615038938704983,-0.9844245866486699,-0.17676532681553367,1.1345966171183408,0.3253743309508423,-1.3194366810580447,-0.3371594439305082
-0.27051753641120085,0.19625185568669418,0.6649803189222864,1.0418075150064308,0.346811189143393,0.7073081625847564,0.6959569528776076,0.2765332288708173,0.6216381720060578,0.21464638139939846,-0.5235003566763231,-0.18760376422182437,0.34194030617122423
1.5238629022672199,0.4774811473313542,0.07777401722415428,-2.3848389193744106,-0.8088247015049334,-1.0340491424433869,-2.0792090603014115,-0.1952840964393659,-2.0799811762508775,-1.681772959474193,1.1742490185780077,0.9442291526143959,1.021040056272957
-1.0122830042061741,-0.10475779564709524,-0.14775074025406257,0.5033288947393608,0.6909177685394885,0.6127668646964987,0.8099358194644528,-0.03081715400006854,0.4418116266024686,0.45265968252434396,-0.9479377004899057,-0.942159042112638,-1.5595389941136266
0.5066937286396145,0.3971022388621302,-0.26476992450381703,-0.5107868216976507,-0.09657563046538138,-0.5680740692255439,-0.5422123614361372,-0.34810518074982916,-0.6545035551764041,-0.15081875692412117,0.749811674764425,0.1896738747235826,-0.880439244011894
0.6128625451610548,-0.897850533490086,0.6228658820923422,-0.7303289221644317,-1.1134859807605266,0.04058982626880689,-0.7152886808044916,0.8007191967605978,0.10318434459292329,-0.9607209417049019,-0.0990630128627404,1.3215067915598029,-0.20133949391016182
-0.024267319428064215,0.9566600548453161,-2.0178610121808247,-0.06674738423238474,0.7102292868796121,-1.5395317410072604,-0.02223699061545121,-1.6164588360034255,-0.7269270727661258,1.4558572623830486,1.5986863623915903,-1.5709551070216494,0.47776025619157086
-1.9060752539389496,-0.7877584296969252,0.9059129326987624,1.3825370184097234,0.873912443514506,2.0674584427543934,1.7548581924053543,0.9051246083120439,1.5680251042235973,0.2674031922070299,-1.6376483841869776,-0.4391221901854289,1.1568600062933034
0.30079429464611845,-0.2948385961468794,0.22126656655760324,-0.3759817788153233,-0.4410392873027324,-0.04522917897543494,-0.36033247672335217,0.27237116864846095,-0.06554057995051152,-0.4206416769138753,0.06010099106735311,0.6927107266507917,-1.42371904409328
-1.246462067804383,0.14718419698680513,-0.2593658782397793,0.6978038815215268,1.0504818212460092,0.6947751588269283,1.038546937611248,-0.21990086394132935,0.4052196407233598,0.6681262465212392,-0.7887736965598122,-1.1936774680762425,-0.7446192939915476
0.7001503407181997,0.827233742996296,-0.5737942925378424,-0.44468088407023315,0.0679732417473313,-0.9454054470210544,-0.6112237681079393,-0.7376953194289289,-0.9111552872365409,0.12411179330750152,0.9089756786945186,-0.06184455124002208,-0.0655195438898152
0.02830301020146888,-2.1285546281710364,1.2499866017657355,0.19923906045920103,-1.5607917338094588,0.944152721960881,0.09009116370292052,1.770528860281411,1.6544447522509615,-0.7943339271463191,-1.2132110403733949,1.069988365596198,0.6135802062119174
0.31945355736410497,1.7623501433347109,-1.475696690326966,1.0317528034951855,1.032573084780828,-1.3679796901079857,0.37363762358891467,-1.7143558957193668,-0.49592684948873034,1.8004836414270942,0.4845383348809358,-0.8163998291308358,1.2926799563136497
-3.547778745809695e-05,-0.32500202610466955,0.292621022125302,0.08244279815130297,-0.23501231010906506,0.2258079256052057,0.043590575837075755,0.3276958252562399,0.29059970395833057,-0.16157501640435062,-0.36433635274622955,0.3154330877053847,-1.2878990940729336
0.7104985409229667,-0.11599232698629955,-0.1070185795542838,-1.5752086997693617,-0.6219986884108191,-0.5926770682647565,-1.2142748238917485,-0.002232276421174596,-1.0680425352949154,-0.9929840271366015,1.3334130225081013,1.447266004541605,-0.6087993439712012
-1.870611476798991,-0.055342284612367745,-0.1274696302656523,0.9185007978829965,1.3767312705748447,1.2446530772450337,1.490556747420832,-0.044132885581322556,0.709953038817784,0.7202733490908704,-1.4254297122801862,-1.445195894039847,0.07030040613053143
0.725350380135092,1.3760152283831086,-0.003285537962454465,0.8396783350042244,0.445762272757267,-0.5233009345229613,0.054027200257322855,-0.6909568748250988,-0.36230943793278597,0.5742066377738771,0.27231966297414445,-0.31336297720362666,0.7494001562322641
0.995256594354469,-1.9492973765974115,2.0903277461911483,0.4404851197108484,-2.163500648817292,0.8983236116163488,-0.3019757671353217,2.154414944568389,1.7035335244774117,-1.2552839582612785,-0.5765550246530209,0.818469939632594,1.4284999063339963
-0.07879276983906276,0.6321798781518068,-1.1896377888029679,-0.10733898311404343,0.5168637191969617,-0.861339226273592,-0.014392086037646145,-0.9871325652000408,-0.5265411899690011,0.8120113625417879,1.12119435060131,-1.0679182550944402,-1.152079144052587
-0.531446754165769,-0.6377323986920808,0.5340065250770908,0.5850808140599055,-0.058699085757905174,0.793584871144645,0.5947775647317566,0.6203671744703876,0.8793406662091803,0.0010932036338992018,-1.0009923684666036,0.06391466174178015,-0.4729793939508548
1.0143027893716279,-0.1537279210076095,0.33696183882729425,-1.5550021839936576,-0.8793825561877618,-0.46822422615736703,-1.366836732142825,0.26691485061859216,-1.0265359144142485,-1.309550408564321,0.6967570067877271,1.1957475785780005,0.20612035615087781
-0.44268328938095747,1.195447980124304,-0.0007054064158878218,1.391021940791802,1.1998168428770393,0.31728052243273397,0.9730275803524022,-0.5990749594050438,0.168306232970901,0.9477133958256144,-0.15211768083943825,-0.6906406161490335,0.8852201062526103
1.8809809636376087,1.2501756631988894,-0.6840545115860855,-2.30133319318793,-0.5204897627826257,-1.878258997084444,-2.2269637230427217,-1.011651666216419,-2.566773337714099,-1.0581038198196144,1.5456316944148927,0.4411923006871872,1.5643198563543428
-0.21060642138107025,-1.3072527226068,0.4033818087141048,-0.20918997078037527,-0.785887932809625,0.46244903158407036,0.002605634018116047,0.8820347524257944,0.7739669325931292,-0.4425635832991465,-1.5315390482335818,1.5730252175234074,-1.668194954129904
-0.7695550919495057,0.5209387527504548,-0.9596128571731086,0.41151471787033733,0.9595810532850522,-0.18792174055773403,0.6309880568723233,-0.8017699045399623,-0.06879672763187722,0.9941737008194185,0.16621032702074878,-1.654794582342851,-0.9890952040281713
-0.8173547847868143,0.08783579594556847,0.21003593178575095,0.8251490073668507,0.682566333944686,0.7488813965813146,0.8752801571567892,0.07439865146664648,0.5402840323161511,0.4056000042783157,-0.6826643606064166,-0.5229616655066305,-0.3099954539264389
1.105421987668199,0.5347054793542,-0.10010582186211442,-1.4331482705626477,-0.45052376707420333,-0.8708788663699941,-1.3513966985852193,-0.32420373909508204,-1.4255913858033664,-0.901393976110771,1.0150850146479142,0.6088712513295899,0.36910429617529356
-2.4780167546452363,0.23840649426256208,0.0028295548004862742,1.4552383393780497,2.0492019120135594,1.7812772616499162,2.100598905451936,-0.11779849938589661,0.8936554946979663,0.9888102235921906,-1.107101704419999,-1.277516943397444,1.0482040462770261
0.16662647055492882,0.32880780874643833,-0.3969319882896346,-0.21635768293218607,0.11159276736065105,-0.42589699751701204,-0.20387865604114755,-0.3883965509666734,-0.3910868382709869,0.14799669345618643,0.5906476708343315,-0.14568402656122362,-1.5323750041095574
0.3472265777171546,-0.7224168191807981,0.49368190639985043,-0.3603233921373065,-0.7854275035218126,0.13162674902163482,-0.37700608405117053,0.6400479787517215,0.2490081799337829,-0.6126589849351747,-0.2582270167928339,0.9861488902749969,-0.8532752540078247
0.20782891057449507,0.8725917947333599,-1.5317435805090565,-0.2780730356619077,0.4736478233212367,-1.3310837184133326,-0.2586346304790567,-1.3003579291836644,-0.8216473790735839,0.950283348967091,1.439522358461497,-0.900239304452037,-0.17417550390609227
-0.6845693630148835,-1.261745554143564,0.9527512687063774,0.8098529653000417,-0.3940097718372841,1.2266171902093868,0.7958473749736792,1.1688965679920185,1.4858460549735972,-0.15740272092424312,-1.3193203763267904,0.23159361238418355,0.5049242461956401
1.5448087029224027,-0.5824395364803426,1.2316773786620072,-1.8095096817120646,-1.5912157138215925,-0.1587508452867155,-1.7863987827207335,0.985918310409119,-0.9084679452531492,-2.1485289692827707,0.3784289989275401,1.3634265292204037,1.1840239962973729
-1.028733767322242,0.23003326943519256,-0.5641180513328006,0.4844488341947759,0.9454957099918087,0.3033142721601864,0.8087969765458509,-0.4331648101522719,0.1906880353179957,0.7495848757455654,-0.4704456886996253,-1.5290353693610486,-1.3965550540892109
0.34567657793149725,0.6866244063535936,-0.9731128351930631,-0.4325996235988664,0.2347551345571755,-0.9990195687023884,-0.4143716540635524,-0.8923541180137392,-0.8026537780275163,0.42943503482884066,1.2273036865547056,-0.39720245252482816,-0.7174553039874783
0.03885621443573498,-1.295390133484459,0.8368482310410057,0.255311553783265,-0.9662457628271701,0.6178040175628332,0.11405532737729919,1.1204170272992928,1.104752144091214,-0.44877365356987436,-0.8948830325132079,0.7346304643113927,-0.038355553885745866
-0.04005890526526362,1.2205816236684583,-1.8281743084644106,0.4236640550978027,0.9130556625296662,-1.3818344445528639,0.24543358415248145,-1.6417133264714392,-0.5559086957544552,1.6486644321996253,0.8028663427411228,-1.1517577304156417,0.6407441962159868
1.3614039001766267,1.5040424500708915,1.3594577406794108,1.5805547043738783,0.05661960603490281,0.07151838522609165,0.10381827427910148,0.013036658617766369,0.08794376112156699,0.06479777471554031,-0.04600834488604255,-0.019924813579421347,1.319843946317719
0.5372824222035266,0.03820192700360267,-0.35205517890484045,-1.3382366289370329,-0.37929692515184793,-0.6573833761598104,-0.9959605672821573,-0.2175670718747246,-1.004307364407179,-0.6493131025395446,1.6517410303682882,1.111908103256799,-1.2607351040688644
-1.4158895587795721,-0.4746153347112342,0.15394399845870801,0.6915167201827316,0.7291209228752613,1.1353201100254091,1.1262615136527905,0.3244565935983561,0.8414284465869039,0.3563386968782289,-1.6641757181753265,-0.774480091470235,-0.5816353539671318
0.7383867210686228,0.1997462207714997,0.6242528827079475,0.11578331420159146,-0.4147806019672357,-0.04846016030207528,-0.3355603883249399,0.25182727014002354,-0.05705320157940235,-0.3856096801105082,0.0335736570790042,0.3573528253659856,0.09746439613460076
0.5139102326616435,-2.1142695830302802,1.4077032200199062,-0.32114521844815996,-1.918247673848795,0.7172026733899683,-0.4458632353187702,1.852271801182442,1.2643157446512563,-1.2660218392710032,-0.8153010305481612,1.489185742202206,0.776564146236333
-0.09450644020518868,1.558069159378147,-2.6826494362380595,0.7080120678586878,1.198361478745972,-2.0020453386946984,0.424969154573773,-2.2923505167135727,-0.5875164497895072,2.478023049969,0.8824483447061696,-1.4032761563792462,1.4556638963380657
-0.8593940685127424,-0.5220181250914064,0.2517099451537216,0.516200412190872,0.27336377003842754,0.8112186418657547,0.7345876700770493,0.40330149630494994,0.7470108624391237,0.16422178047057295,-1.2397383743617438,-0.2714432395430259,-1.1249151540485176
0.7364281444423412,-0.08924298831841943,0.28486351145659916,-0.865042196803918,-0.6222921889883332,-0.30892228367394386,-0.8528801582837353,0.20525577379257368,-0.5684178154187987,-0.8009743109080897,0.4580110008925869,0.8603896772931947,-0.4458154039467855
-1.1233647726569178,0.643099268046373,-0.28791671802002966,1.0183721472152933,1.3158932962249583,0.5843679171996654,1.141826112893995,-0.484346550638986,0.287750276616562,0.9076528880553447,-0.3908636867345785,-1.0259985174338395,0.23328434615494714
1.229806006465115,1.1306739338437128,-0.8418040870256162,-1.1878661194548286,-0.11372892106329881,-1.5324648966774372,-1.288598072845777,-1.040720931193962,-1.6689660601119563,-0.18254352117459552,1.3068856885197524,0.10583439940238068,0.91238409625668
0.13368870299519425,-3.2646329465746557,2.604580059877241,0.36572810393411553,-2.462212077743326,1.9136771200313167,0.12145540766050619,3.1029896452399175,2.581397957718068,-1.6887968075815156,-1.4519570462685352,1.237667316238601,1.5914838463584122
-0.230915066250856,0.3426338790294197,-0.49033661306876153,0.14644169695331138,0.42267971718197467,-0.21255150376170134,0.2014714140813101,-0.4479680603658874,-0.13595990311149472,0.46453159306406305,0.24579232898579553,-0.6487208784884326,-1.6410309641258345
-0.018926639837824246,-0.6200430472144721,0.4770428530831431,0.1412344813696563,-0.43407620765262933,0.3816682599843085,0.08481299865853713,0.5794008597239128,0.5426889081358398,-0.2587535712705315,-0.6030823586413698,0.48311203834778776,-0.9619312140241019
0.8039648325815063,-0.2614954416178948,0.06893760607407493,-1.6583166373649274,-0.798014553204533,-0.524015831641217,-1.3084195051538887,0.1698128938481387,-1.0255821490278363,-1.180487770772623,1.094667016612961,1.614944955184008,-0.2828314639223696
-1.9447730802113974,0.24833261437278983,-0.33912288268249957,1.0424939508627784,1.6525149688410792,1.1345886472485631,1.5959366466390774,-0.31551071514583223,0.5852188602359484,0.9621760155416859,-1.0275197024549525,-1.6128748446822503,0.3962682861793629
0.8632655354241074,1.6650949658012248,-1.0711288125372775,0.49168633120282595,0.5503692115074638,-1.4462507676418457,-0.20399371763233357,-1.4376163596557823,-0.8213564813818955,1.1317338762035007,0.6702296727993782,-0.48104192784602967,1.0753680362810956
0.17013779163825407,-0.4195772782126797,0.27027336142264774,-0.22830313953377127,-0.4322934523324239,0.0863887421555286,-0.2120786168865639,0.362462632394773,0.13072785456763591,-0.35654437740597306,-0.17864501482778716,0.6507909889901908,-1.505211014105488
-0.035095402835288704,0.6870365704513551,-1.4351052037112026,-0.22505685493991734,0.523440398749181,-1.0821111478503316,-0.10008631035055487,-1.1529621871600455,-0.651391217921696,0.9144837961555085,1.5191043604265437,-1.2355972057368432,-0.8261112640037556
-1.0494700716816778,-0.8896822619311465,0.5259114095771461,0.7011672735127644,0.15143046985630287,1.159254023747118,0.9344760745884518,0.7419802297442973,1.1427207007484361,0.08616279820843886,-1.5580663822219307,-0.10376428890062288,-0.14701151390202294
1.0706217527539228,-0.4683256915567119,0.8338162367318447,-0.8566804023843243,-1.149552028355231,-0.12529228212382382,-1.0280309910265706,0.7045162426243771,-0.29357623267727967,-1.2037065013649435,0.13968299303239987,1.0280686279355975,0.5320882361997095
-2.0285336567317227,0.6569348990337127,0.299913718073328,1.7054237347631644,2.011451437191393,1.6877966835041611,1.9913055385578016,-0.15994520747823354,0.7796503601290002,0.9381355545597464,-0.7091916945947655,-0.8583195667914365,1.2111879863014416
0.42045915164437775,0.2847555689068737,-0.39203910188456115,-0.6857280461067796,-0.1125120369749964,-0.6043610786114743,-0.5883339789111034,-0.36357742764764434,-0.7026078751856016,-0.17525202029235662,0.9885576806595653,0.2735133500447841,-1.3693910640851414
-0.0051112523057144,-1.483649766318073,0.622701809475827,-0.18992047505035017,-1.0690939441838119,0.48413798829961163,-0.09762771283055356,1.093993507561363,0.9130877975275793,-0.5926185475329943,-1.133629038408348,1.4053462668810046,-0.6902913139834089
-0.49142616130394334,0.8841892357844852,-1.408614314715022,0.4554890472251945,1.0116333415583698,-0.734048117976651,0.504783533044666,-1.2367641786295775,-0.29419708397769395,1.3581784452957735,0.5641203368459825,-1.487115631700448,-0.011191563881676542
-0.09600136329965152,0.8175662172196377,0.5483640231443194,1.2779291157546993,0.6639671750809925,0.4920345741949798,0.7269769864619515,-0.1003501382034298,0.35360618721142484,0.46219228254719935,-0.28475435078118283,-0.3552827148642274,0.6679081862200561
1.7550774204493163,0.8337340200038325,-0.17541593963520127,-2.5927800957851637,-0.7263012313381186,-1.395407755185611,-2.3133442203264374,-0.5164049765633242,-2.484378077035008,-1.6349906366416473,1.412995024473148,0.7765502019719932,1.3470079363217884
-1.296125033499801,-0.21471333449217822,-0.10403430386704245,0.5793670858902432,0.8263735611713474,0.8502824814051012,1.0026374618107319,0.048889041945335034,0.5752858654999307,0.4719109282884372,-1.3458477103151394,-1.109837992755041,-1.233571114064795
0.4395730660942491,0.46708090236175615,-0.040229110434805516,-0.027443981197865064,0.0048679606867812275,-0.3466320592018263,-0.2506972625261618,-0.25658805580987826,-0.35115884376380824,0.011243406218006888,0.3519016649391912,0.02199492408117957,-0.5544713639630625
0.49083056220520704,-1.3017321396401604,0.8731461758192536,-0.28571198012291016,-1.3131463418819151,0.3213156977100725,-0.41473530643201845,1.1440523979670114,0.714174377469106,-0.844178819293637,-0.49697302268797416,1.1538278409173994,0.12462838613866986
0.5494343091568796,1.307026945709129,-1.8780034515698867,-0.11470137232994809,0.5291048711798909,-1.8435090447540108,-0.3558443480986942,-1.7130910873022516,-1.0103232876274089,1.3191486137921034,1.2007763525663566,-0.7325603538096342,0.8037281362404027
0.09123892508669175,-1.7125020619572333,2.011401480033974,1.2811248819262158,-1.3075715336725673,1.486465337418512,0.6280573542681611,1.991341711612128,2.149530537941702,-0.6241452431485749,-0.9214103665015567,0.39927256302658626,1.482827886342135
0.5622690579787164,-0.3701411100549241,0.10009344933795336,-1.2316209109317533,-0.6935319923766537,-0.3264507356839344,-0.9530394289956463,0.2417833409035331,-0.6369745012485131,-0.9131180910076417,0.776339008752774,1.5311054798628065,-1.0977511640444486
-0.8743280261786364,0.6083106133703775,-0.7616936556336414,0.6445295767838277,1.1021201726604686,0.04001186755964902,0.8104347693944958,-0.7339685015059393,0.03941981593775544,1.0055867619913117,-0.07253567887439148,-1.3613564187186455,-0.41865141394271593
0.6893935258718281,0.8964382252507156,-1.2311298212249888,-0.8572032566213238,0.12616837967510708,-1.4448738574611968,-0.8234644238834016,-1.142859437817058,-1.2614528216176701,0.3322767466708303,1.6252136963799393,-0.22952350188242515,0.26044833615901625
-0.33484687784496536,-2.293203272629171,1.4688937326193738,0.5113041025191507,-1.4048238187636,1.3737822653782972,0.4501483899983237,1.976371332644167,1.9990462677926217,-0.7447084416246961,-1.6111210501986286,0.9023094149537954,0.9395480862607489
-0.5359591858720006,1.7927172858418172,-0.9387935465983852,1.7954301957295835,1.7024026400249865,-0.3395681984397043,1.23687910062696,-1.4269386230169492,0.04020863379869193,1.9210335011094426,0.08662832505570203,-0.9840787797732383,1.6186478363624814
-0.3466293794356286,-0.478770075735574,0.24903407525040033,0.22208503899721363,-0.08371471606883928,0.4410141777407753,0.30362539745621636,0.38013472928724823,0.5015788974533003,-0.03405932753788283,-0.7622463625714634,0.14775413706298163,-1.613866974121765
0.6256013722373578,-0.18040812647767399,0.006575528649579278,-1.286189430896705,-0.6042847460736447,-0.44407739169647187,-1.0159091617650435,0.0940542302658751,-0.8113258883313069,-0.8806972212271118,0.9355030126828675,1.2795870538992018,-0.9347672240200326
-1.2820016107160987,-0.27610910948203116,0.2617083745467728,0.8328005919666571,0.771275840647605,1.1223447024184898,1.1289897407782732,0.2857864838852439,0.8038756596441431,0.3723654146875563,-1.186683706385046,-0.6068011408278319,-0.25566747391830025
1.1489411100138411,0.48747741753900325,0.3988916696834612,-0.72634437411813,-0.5176390658583647,-0.5171036844241111,-1.0012304531161889,-0.019292475147579355,-0.8759788362128424,-0.7913688242883905,0.5110656688692847,0.5250317760083887,0.4234322761834322
1.0190514607721446,-1.7991515233792768,1.6841579273756193,-0.9175477631907993,-2.0729378611327083,0.567844886924401,-1.0324898242856575,1.8502849575673375,0.6054120977421216,-1.8778151232585312,-0.33780901875788066,1.656864692844609,1.1025320262851648
-0.28846051307424003,0.5414292310203923,-1.3122469265283103,-0.1013183705438847,0.6100306024190649,-0.8054116759367904,0.10144925687589931,-1.0107934183766705,-0.4578106941798792,0.9073333290933214,1.3599403564964503,-1.6827410741165845,-1.4780470241014187
-1.167433803191687,-0.45632555632927835,0.2029657903884469,0.6369477246447526,0.5541737768815976,0.9947656680712704,0.9639203475220759,0.34292821527465495,0.7886145141705441,0.2827083569342597,-1.3989023782918373,-0.5509081572803644,-0.7989472739996862
0.8130527908168589,0.11769976976965095,0.4186605932650974,-0.47299975087603174,-0.5306662351889021,-0.26069897381887,-0.6868556025553193,0.17703398494489084,-0.428838955055029,-0.6335671355382587,0.2988469969624934,0.5809247595558561,-0.11984752389795383
-1.6513874922858138,0.6068768062658423,-0.4101733660573113,1.132074735548437,1.6896086892010236,0.8691306414669063,1.4856376466780006,-0.5351163020640641,0.3964582165066896,1.076036486465167,-0.550027690664672,-1.3054634351711778,0.5592522262037788
1.3221517612734763,1.5345535863739364,-1.2129603369993234,-0.6404556696902466,0.10841363512108686,-1.8851437839583847,-1.0489079177546747,-1.4521847977822944,-1.5555427629544811,0.46634841348675654,1.147721684589659,-0.17363051833495752,1.2383519763055115
-0.10405621489962755,-1.0653276506182494,0.4617216169824872,-0.06488835172422322,-0.6916278875246146,0.43096544300020784,0.021617970620364923,0.7937624716183592,0.7078377522563738,-0.3877096478566321,-0.9744650344782546,0.9582023985012628,-1.342227074081072
-0.07565961320574718,0.7585592004414186,-1.056526825339774,0.14458727734763419,0.6058873818723498,-0.7608820451299346,0.1170689332568502,-0.9753951170588229,-0.4321676810389279,0.8845197025742568,0.7232843407760761,-0.9281857962257711,-0.6631273239793396
0.4886083231525673,0.17579218137465952,0.6083023421798227,0.3950043616365919,-0.24292807344075404,0.11856120755173158,-0.05377857989025761,0.25483288271429433,0.16382470658601517,-0.18361234087811393,-0.1255903468510893,0.20364712061044943,0.015972426122392566
1.2389195879333341,0.2020477386595258,-0.06186534075385459,-2.2534534397396913,-0.7922072550214925,-0.9372177279769813,-1.8566642980013057,-0.13605535579549827,-1.7887815597625396,-1.4884156503597956,1.5721590284032416,1.3354800374466698,0.6950721762241254
-2.7577570371010744,-0.10863185228745811,-0.02526468517410737,1.6248720512556984,2.010094524477645,1.9604398717649898,2.3405623761758045,0.04016213864487312,1.2635467199044208,1.1252212852097465,-1.505011714245233,-1.5569818611347823,1.3741719263258576
-0.07976164291820209,0.3812858741980995,-0.31898287979118,0.19038673260740144,0.33615273991958405,-0.1888579777104137,0.14347833688170594,-0.3707414772327203,-0.13127053790437795,0.36696629800616826,0.1927376610090977,-0.42514894429856204,-1.2064071240607257
0.11298375531056028,-0.9050560495096133,0.6496121176329658,0.09143055096961432,-0.7401012462712762,0.4201152203870022,-0.012387236866892708,0.8194031971278997,0.708368960506729,-0.421059716250938,-0.6561370266180677,0.7066839725376587,-0.5273073739589933
-0.018968145847521392,1.0071485976437318,-1.6921303084687014,0.1296898249413649,0.7427287842876764,-1.2920068463634802,0.07873388072114995,-1.4581455005764075,-0.619273813145728,1.3472705457116085,1.0416123486362632,-1.1797042221893754,0.1517923761427392
-0.85210434916933,-0.7213936078478316,1.029985833983401,1.1852815753335146,0.12365577137351784,1.4064922152767525,1.0842841358906323,0.9418228710326203,1.3769358242506602,0.04077463912983431,-1.0805743704316502,-0.047871305353155244,0.8308921262444716
2.0302468400388864,0.1169593090644372,1.2528789744692312,-2.4708896892799403,-1.4530741096170785,-0.4909126584761712,-2.3967794155942292,0.6476113822292169,-1.88724082308475,-2.614656642807375,0.6171750048226804,1.0839616114830648,1.5099918763462041
-0.5872789481112469,0.31837119284120563,-0.30664493268208637,0.5017965836852775,0.6750342185233286,0.18503425228777373,0.580761301824611,-0.332279687408294,0.14073231163113306,0.569835058545842,-0.231699682804485,-0.8024265832439689,-1.0705871740403792
0.6866990765981268,0.5149317891080615,-0.6197942669604023,-1.1329442102245362,-0.14769368386845058,-0.9712410647472293,-0.9677473789807768,-0.6072231339768804,-1.1923544634143997,-0.31032293841174613,1.4660496924498458,0.3294063335922515,-0.3914874239386466
0.05673589403822382,-1.9953801868079568,1.0782771673830374,-0.09855577145626467,-1.4860152704254912,0.7912506157857986,-0.08257284690122359,1.6070515369534735,1.3425762038748807,-0.8693579282852241,-1.2927930423384417,1.461239250428472,0.2876123261630856
-0.6120680431100037,1.2217050760767898,-1.6656255755923717,0.9076029561136365,1.3470935728339462,-0.8457396274391791,0.8085521652498809,-1.550655475011557,-0.20331657336428735,1.8572551618903008,0.40495633291588906,-1.43122264815298,0.9667120762648187
-0.09573420519499641,1.2497913731261163,1.526030174047878,2.3762914068178445,0.9763470298601364,1.2461968516022663,1.3073244878943053,0.2342533912879271,0.8492587376252086,0.4827073096008692,-0.44391835471127633,-0.29938973131675983,1.6458118263665509
0.4675214847608574,0.05349064160406246,-0.2956664136820274,-1.0615899032355747,-0.31540504222615673,-0.5637896433996358,-0.8122669216398772,-0.19344013589181638,-0.8131288936052459,-0.5028898195816243,1.2538310205430545,0.8324431855194607,-1.586702984117696
