RSS0,RSS1,RSS2,RSS3,RSS4,X,Y,Z
-0.724895742396637,-0.09595938037731158,-0.5855849933469738,-0.5721117232839367,-0.6847457791674197,-1.6977493752543307,-1.6977493752543307,-1.6977493752543311
-0.7243933194349506,-0.5814506968682985,-0.6891293283226173,-0.077421765168973,-0.5842551611565169,1.6977493752543307,-1.6977493752543307,-1.6977493752543311
-0.7278189396861193,-0.58152230764768,-0.1255691342414027,-0.6757696856890414,-0.5874908214961093,-1.6977493752543307,1.6977493752543307,-1.6977493752543311
-0.7276543810251924,-0.6800021990580868,-0.5955436739131766,-0.5795503220171374,-0.10491873491979599,1.6977493752543307,1.6977493752543307,-1.6977493752543311
-0.9416729135168493,-0.1492429771599323,-0.7483005614850233,-0.734577383428874,-0.7624115913945395,-1.6977493752543307,-1.6977493752543307,1.6977493752543311
-0.9467034675479572,-0.7456117916034215,-0.7684365835903719,-0.10988054232925432,-0.752195843356986,1.6977493752543307,-1.6977493752543307,1.6977493752543311
-0.9490372836765848,-0.7466163190649066,-0.20366252506726806,-0.7492347254712168,-0.7524058085540593,-1.6977493752543307,1.6977493752543307,1.6977493752543311
-0.9500220152309657,-0.7549455652215119,-0.7622971837937484,-0.7476698884665078,-0.17293075931672003,1.6977493752543307,1.6977493752543307,1.6977493752543311
-0.724895742396637,-0.09595938037731158,-0.5855849933469738,-0.5721117232839367,-0.6847457791674197,-1.6977493752543307,-1.6977493752543307,-1.6977493752543311
0.39116844577635007,0.24755271749213908,-0.2688900745027995,0.23941542252219358,-0.2783989413703146,9.804997291998915e-17,-0.5659164584181102,-1.0186496251525985
0.1661371428275488,-0.09982369778424832,1.2905966217646068,-0.5180599766668404,-0.3172861803019768,-0.8488746876271653,0.5659164584181103,-0.3395498750508663
-0.4155078405611704,-0.3808249778513886,-0.673751969401749,1.883138908337711,-0.5542258646620594,0.8488746876271656,-1.3204717363089238,0.33954987505086676
-0.18660203868361153,1.310283729645514,0.30856019212344227,-0.6442330995961312,-0.6704939260864128,-1.2733120314407478,-0.18863881947270333,1.018649625152599
-0.14619237760837453,-0.4827485810053875,-0.13134798450753135,-0.38143624245673524,0.32496767587067543,0.4244373438135828,0.9431940973635168,-1.5619294252339846
0.017073891274179527,0.6888528751554249,-0.35828664210484756,-0.028062881049301536,-0.49602638260108617,-0.4244373438135826,-0.9431940973635169,-0.8828296751322521
-0.13500423483964305,-0.5687424120031641,-0.537895213058694,0.19156856460720215,0.6935500801118858,1.2733120314407482,0.1886388194727036,-0.2037299250305197
-0.7023390654988102,-0.597551528180402,0.9794513038656808,-0.7203928577335079,-0.625736000555047,-1.4855307033475391,1.320471736308924,0.47536982507121295
-0.5684073056024149,-0.062242200645434946,-0.7091769197633342,0.7195919393155943,-0.7044386281982744,0.21221867190679145,-1.5719901622725285,1.1544695751729455
0.058614899195820996,0.3837343410467768,-0.10612454546332818,-0.24206395972028286,-0.41779246858389807,-0.6366560157203739,-0.44015724543630785,-1.426109475213638
-0.17445120361334462,-0.5636605786533733,-0.4081064308914202,-0.22434083481037198,0.8889255480364513,1.061093359533957,0.6916756713999128,-0.7470097251119058
-0.4154893428570999,1.4306301708863403,-0.47953257509435265,-0.4276893993954703,-0.6569097095140504,-1.0610933595339564,-1.1947125233271214,-0.0679099750101731
1.5501621741769238,-0.36306549781621755,-0.3997001912489472,0.9725940202522666,0.7116686208373749,0.6366560157203741,-0.06287960649090105,0.6111897750915596
0.12652449949688918,-0.6384215825707299,2.006414119036281,-0.691661958994549,0.29294765431582154,-0.21221867190679125,1.068953310345319,1.2902895251932918
-0.486751153579865,-0.5207594683201531,-0.6254976419853346,0.3437758544738707,-0.3445554698279817,1.4855307033475396,-0.8174348843817146,-1.2902895251932918
-0.4321104183695977,-0.08838790050413972,0.36528341952085513,-0.6107134406113441,-0.5817190365527409,-1.591640039300935,0.3143980324545057,-0.6111897750915591
-0.2928658406458019,-0.6138102961664401,0.2201621967261254,-0.5990893918091622,0.5118505962074184,0.10610933595339576,1.446230949290726,0.0679099750101733
-0.515760777268435,1.881869188630817,-0.622476589298509,-0.377799330927963,-0.7044099342589191,-0.7427653516737696,-1.446230949290726,0.7470097251119061
0.3398932481560035,-0.6200833301059044,-0.6769372796173567,3.096905315588343,0.0668841011505875,0.9549840235805612,-0.31439803245450565,1.4261094752136383
-0.33383413451639515,-0.3044342159625246,0.5764583918568346,-0.5793802409277005,-0.43623386137221787,-1.1672026954873522,0.8174348843817149,-1.1544695751729452
-0.05538195551277586,-0.09413357365361769,-0.5563139646562071,1.0509147514538604,-0.41826847540969536,0.5305466797669784,-1.0689533103453193,-0.4753698250712127
1.8991554713395609,0.37704528556599654,0.6032149116693395,-0.17061375885523067,-0.08951651229316454,-0.31832800786018695,0.06287960649090119,0.2037299250305197
-0.686773042974287,-0.726723903163535,-0.6515663387772452,-0.6121072337977858,1.8981553336495502,1.379421367394144,1.1947125233271214,0.8828296751322527
-0.6622253572254039,3.305862453557811,-0.5095237986833173,-0.7020057405344513,-0.7453951651483579,-1.3794213673941436,-0.6916756713999124,1.561929425233985
0.09508195482955041,-0.33818751701164596,-0.11643039492367063,-0.2038914155112678,0.18258817077724754,0.3183280078601871,0.44015724543630824,-1.670585385250262
-0.46307638312393967,-0.5511389793282196,0.3143027307144221,-0.6123787442308504,-0.23220940357751133,-0.5305466797669782,1.5719901622725285,-0.9914856351485292
-0.6458084857173598,-0.5088533329817189,-0.6933537178759095,0.5641118026163406,-0.5989209287496122,1.1672026954873527,-1.6558296375937298,-0.31238588504679676
0.20878067069449985,2.1755461598719315,-0.037381365670234576,-0.416198369084564,-0.5846414347322887,-0.9549840235805609,-0.5239967207575094,0.36671386505493564
0.566147146366484,-0.6364938558711606,-0.39210690075653415,-0.2691633066024776,4.36426410444569,0.7427653516737698,0.6078361960787109,1.0458136151566684
-0.2829781544054158,0.1250391183294986,-0.4964676585739996,0.02694757577030821,-0.5193737706888635,-0.10610933595339558,-1.278551998648323,-1.5347654352299154
-0.4220725326197712,-0.5772215841464835,-0.6032472154195901,0.16887439925432093,-0.0031359411339814884,1.5916400393009353,-0.1467190818121026,-0.8556656851281828
-0.6104407737025941,-0.4556929436478237,0.64825975656384,-0.6830192295837549,-0.603082316166191,-1.6446947072776328,0.9851138350241181,-0.17656593502645038
0.6657449734386579,0.7487666661904966,-0.49676928391456127,1.0333080631047338,-0.47914160899653085,0.05305466797669793,-0.9012743597029161,0.5025338150752827
1.0875467212734047,0.3350933873558778,2.4129565545051737,-0.6097845325511425,-0.5050681004746477,-0.7958200196504674,0.2305585571333046,1.181633565177015
-0.4649842026979677,-0.6083789826897129,-0.3778968653281472,-0.4875662618597922,0.3628797245168567,0.9019293556038634,1.3623914739695249,-1.3989454852095689
-0.6017085394618523,0.4679151770725217,-0.5549817967154718,-0.4821372812373599,-0.6716608345486754,-1.2202573634640501,-1.5300704246119272,-0.7198457351078364
0.9872380581661578,-0.0832146766342945,-0.37950831250775996,1.104184758295033,0.024303265372356133,0.4774920117902806,-0.39823750777570716,-0.04074598500610377
0.9261643778382768,-0.3458476866422059,2.2017639157804645,-0.5337928917607211,0.11868555262002815,-0.3713826758368848,0.7335954090605137,0.6383537650956289
-0.7386694607305703,-0.6778671481691814,-0.7455186904214884,2.9308678275120896,-0.6482746901941583,1.3263666994174461,-1.1527927856665205,1.317453515197361
-0.34735068110147826,0.09251969211687139,0.0806458918113344,-0.5381085336292523,-0.5491939753390256,-1.4324760353708414,-0.02095986883030031,-1.2631255351892223
-0.02771366866462443,-0.5202695457603373,0.10663477865684141,-0.4580638618289107,0.6737280519593246,0.2652733398834893,1.11087304800592,-0.58402578508749
0.37624564578467967,1.8462714482427787,-0.27155613948189417,-0.11034107087047401,-0.5338131959363402,-0.5836013477436761,-0.775515146721114,0.09507396501424263
0.053953041085727516,-0.6371270016439402,-0.5617504035882666,0.0751225199734012,2.125063453342216,1.1141480275106548,0.3563177701151067,0.7741737151159754
-0.8020316695025272,-0.7136404137415021,2.1186109951534893,-0.7460960334600613,-0.6500215860312387,-1.0080386915572588,1.488150686951327,1.4532734652177077
-0.40795452933572135,-0.2734258275257653,-0.6070295194900133,0.48353127240118016,-0.505879563374713,0.689710683697072,-1.4043112116301253,-1.1273055851688758
1.0372384259071978,0.42777973475979314,-0.004251060137706313,0.1142853751433037,-0.17605747357493814,-0.15916400393009342,-0.2724782947939049,-0.4482058350671434
-0.5574767771911171,-0.688404553864354,-0.614518338662829,-0.415929932416914,1.1329111537267351,1.5385853713242374,0.8593546220423158,0.23089391503458903
-0.6904131493285987,1.572124248175797,-0.5575609101247446,-0.6550332587158598,-0.7305933625749946,-1.538585371324237,-1.0270335726847184,0.9099936651363221
8.971453872444856,-0.36753611355055993,-0.16232678498990438,-0.07331142600121153,0.3694502892135111,0.1591640039300936,0.10479934415150176,1.5890934152380543
-0.37571720215413335,-0.45134733582899156,0.2865389139334142,-0.566021881726511,-0.2816617842485104,-0.6897106836970718,1.236632260987722,-1.6434213952461925
-0.14434638997828583,-0.37759532665108125,-0.5452799238700364,0.733071814063501,-0.19315759753546308,1.008038691557259,-0.6497559337393116,-0.96432164514446
-0.06180642566897134,-0.04997440164867521,1.1562411142011297,-0.5626228734406241,-0.451419306879731,-1.1141480275106543,0.4820769830969088,-0.28522189504272744
-0.5441517253557119,-0.6890473300346275,-0.3114822257073763,-0.6429245071770832,0.9341537608225425,0.5836013477436763,1.613909899933129,0.3938778550590054
-0.5894065015998788,0.6759401662350052,-0.6893429017580004,-0.10832339012141465,-0.7173350252547918,-0.2652733398834891,-1.613909899933129,1.0729776051607376
-0.40901932897806365,-0.511785844882227,-0.5853378102875676,0.22568379286095902,-0.2048842366813016,1.4324760353708417,-0.4820769830969086,-1.5076014452258462
-0.3432790964343119,-0.22980664338938755,0.656617570899685,-0.5932620667836402,-0.49560033610008725,-1.3263666994174457,0.6497559337393118,-0.8285016951241135
-0.12267429099351675,0.03455427923404723,-0.5861811322607842,1.0320801781404236,-0.5108014775034239,0.37138267583688495,-1.2366322609877223,-0.14940194502238105
2.0011786529412925,0.9485582287817245,0.5325771154940684,-0.22813512606689076,-0.3116379583574815,-0.47749201179028045,-0.10479934415150183,0.5296978050793516
-0.610219861421705,-0.7296581398933432,-0.6505125018919249,-0.6065066750036793,3.901182313168884,1.2202573634640503,1.0270335726847184,1.2087975551810841
-0.24189040473855902,0.5235256549545777,-0.30322747514541243,-0.32744933646218394,-0.5473533447044537,-0.901929355603863,-0.8593546220423154,-1.3717814952054994
0.2699052493302699,-0.43092869168021836,-0.3236539779984332,0.09844280415711848,0.6859494122637593,0.7958200196504677,0.2724782947939052,-0.6926817451037671
-0.25550088459064624,-0.5871380065211428,0.43656955699466526,-0.595809498514671,0.3242703006715278,-0.053054667976697736,1.4043112116301255,-0.013581995002034447
-0.8039227145096078,-0.6732038837927261,-0.740094035277228,0.5496502066209599,-0.6585990739453105,1.644694707277633,-1.4881506869513268,0.6655177550996982
-0.7082809163041703,0.6413600055305313,-0.3198360530000516,-0.717511727916146,-0.7382486290740343,-1.6712220412659817,-0.3563177701151064,1.3446175052014304
0.12747541554805938,-0.3681618021058202,0.1871756599857438,-0.3672203116989344,0.22679963306445605,0.026527333988349017,0.7755151467211144,-1.235961545185153
-0.2477796705563761,1.0693810476642753,-0.41393837303597525,-0.2845878968018765,-0.5980113701131295,-0.8223473536388164,-1.11087304800592,-0.5568617950834205
0.561660177924236,-0.44872597648014934,-0.4418069165068341,0.6594556854101455,0.782692781056737,0.8754020216155145,0.020959868830300606,0.12223795501831174
-0.5910140861816545,-0.5709002755127256,2.3503121263737943,-0.7187378453499503,-0.5921953506789412,-1.246784697452399,1.1527927856665205,0.8013377051200448
0.9323775710429655,-0.2138180300102186,-0.655793253304651,4.709433633615818,-0.5100833629279594,0.4509646778019317,-0.7335954090605131,1.4804374552217765
0.34240441860471665,-0.09279368467910665,0.4275328255350405,-0.33916724777848917,-0.097548230608857,-0.39791000982523367,0.3982375077757072,-1.1001415951648066
-0.6389698425050935,-0.6844849986193595,-0.5412785963700084,-0.5684280079068252,0.5373649939074019,1.2998393654290972,1.5300704246119274,-0.42104184506307407
-0.6747035202152287,0.9071296396593436,-0.5821280278331262,-0.5886395929423633,-0.712424169252101,-1.4590033693591904,-1.3623914739695244,0.25805790503865833
3.671139470176648,0.0365726902166454,-0.29025964034807195,0.9225026907638927,0.06930956950223745,0.23874600589514036,-0.23055855713330412,0.9371576551403914
-0.03162832987334381,-0.6240335113924664,8.02530158311639,-0.7300140701502518,-0.4340631945058002,-0.6101286817320251,0.9012743597029164,1.6162574052421237
-0.39409958513109644,-0.4082378474916858,-0.5862962308889496,0.3665588633706363,-0.3767365873371156,1.0876206935223058,-0.9851138350241179,-1.6162574052421232
-0.011416163860133562,0.16746810565401543,0.4431488985997859,-0.4708955231021518,-0.43553341969664633,-1.0345660255456075,0.14671908181210266,-0.9371576551403907
-0.2885837641282118,-0.6169630737871302,-0.23526703461147525,-0.5030329925265258,1.1270118345316809,0.6631833497087231,1.278551998648323,-0.2580579050386581
1.3836424409526566,1.2336433584449864,-0.2666547033603595,0.3868760626707646,-0.400870271848584,-0.18569133791844233,-0.6078361960787109,0.4210418450630743
-0.5824962041019393,-0.7197818551526798,-0.6914562033933939,-0.3371304244969041,1.574025293910175,1.5120580373358885,0.5239967207575097,1.100141595164807
-0.7007004894750005,-0.5723511057033396,-0.024743193791440125,-0.6715966597046816,-0.5670510445307236,-1.565112705312586,1.65582963759373,-1.4804374552217767
-0.4654186851221937,-0.03301245239818746,-0.6145459944050305,0.15205128763207637,-0.5991710296844969,0.1326366699417447,-1.6837761293674638,-0.8013377051200443
0.41606210842162555,1.4767346049253283,-0.06513046093041937,-0.236617853620408,-0.497489746260003,-0.7162380176854207,-0.5519432125312432,-0.12223795501831174
0.1190892321966218,-0.6189843718519913,-0.4603740150401135,-0.15215620957270728,2.6773592254529515,0.9815113575689102,0.5798897043049772,0.5568617950834214
-0.6930574030539346,2.922264158702432,-0.6460026569153904,-0.6144920023002177,-0.7399374739712784,-1.1406753614990033,-1.306498490422057,1.2359615451851536
0.2111932825775162,-0.24649291908614507,-0.327159702613524,0.23928623266404075,0.039372386547459434,0.5570740137553274,-0.1746655735858365,-1.3446175052014304
0.09933479154462499,-0.3887336733081203,0.6962162703784227,-0.4837608540984505,0.10161014590888211,-0.291800673871838,0.9571673432503838,-0.6655177550996978
-0.48423266840285695,-0.5550864871250667,-0.6733566654933717,1.2400094920990783,-0.4044794991655877,1.405948701382493,-0.9292208514766501,0.013581995002034662
-0.2472482954606025,0.21248658093201322,1.1051382566145447,-0.6545008081279875,-0.6237826806041299,-1.3528940334057946,0.20261206535957046,0.6926817451037676
-0.446049874853394,-0.7196686075349993,-0.15740949917062122,-0.7121835068107369,1.9028110768798865,0.344855341848536,1.3344449821957909,1.3717814952054996
-0.45300057815867134,0.2709371327443049,-0.5448902306103737,-0.20615741674219037,-0.6078580982256435,-0.5040193457786294,-1.5580169163856614,-1.208797555181084
-0.14376419539829477,-0.47119838098157835,-0.5676503783538384,0.8047711479634356,-0.027809619402144287,1.1937300294757014,-0.426183999549441,-0.5296978050793512
0.050427917614033466,-0.22550817988710675,2.093725239781225,-0.5908667748055169,-0.3771643637790659,-0.928456689592212,0.7056489172867796,0.14940194502238105
-0.31290930921923904,-0.3760199494630637,-0.6838902889761553,3.312681419629283,-0.5644814489266431,0.7692926856621187,-1.1807392774402545,0.8285016951241141
9.057530833013569,0.13020589311692685,0.00791355191121809,-0.11174273566179733,-0.18789499005189395,-0.07958200196504665,-0.048906360604034214,1.5076014452258464
-0.5976316182402454,-0.6556153845967839,-0.5697143357823412,-0.4551104496772211,0.2963139792116274,1.6181673732892843,1.082926556232186,-1.0729776051607371
-0.5400996639258139,0.6189299114714257,-0.35948130511422066,-0.57352673715873,-0.6639421208478149,-1.6181673732892838,-0.8034616384948478,-0.39387785505900474
2.016682788994421,-0.1837231163376915,0.3907164920004428,-0.10924703939711003,0.6313741983711968,0.07958200196504685,0.3283712783413726,0.2852218950427281
-0.596232615705659,-0.6591732387998767,2.007067616516997,-0.7249687335508246,-0.4526791669069767,-0.7692926856621185,1.4602041951775928,0.9643216451444607
-0.8002603408185784,-0.6586765256291753,-0.756698747707884,3.1732186987692685,-0.7246098687663304,0.9284566895922123,-1.4322577034038593,1.643421395246193
-0.26726524776084715,0.223874809205277,-0.06969977048318472,-0.4574742448643702,-0.5221760681220698,-1.1937300294757012,-0.30042478656763877,-1.5890934152380538
0.06169779742942625,-0.4811554272098287,-0.10161656177980186,-0.3185654209438573,0.7214593249074271,0.5040193457786295,0.8314081302685817,-0.9099936651363214
0.08358100200045397,1.0505785192859167,-0.4347388256511138,0.11307793574818373,-0.5371395501941428,-0.34485534184853583,-1.0549800644584522,-0.2308939150345888
-0.20795439488541248,-0.6232412267979223,-0.6153245364971958,0.38715399140888146,0.7029089351018007,1.352894033405795,0.07685285237776802,0.44820583506714406
-0.748694049253149,-0.6429061986007283,1.9133755715876344,-0.738364227731266,-0.6720691474984131,-1.4059487013824925,1.2086857692139883,1.1273055851688762
0.07525995567667246,-0.035324458237946665,-0.39157871681140544,0.3040014658349331,-0.2836640036628517,0.29180067387183817,-0.6777024255130455,-1.4532734652177075
0.3665762060852254,-0.06494759889995445,0.721541453118359,-0.4027187969786429,-0.15934340097601457,-0.5570740137553272,0.45413049132317507,-0.7741737151159751
-0.6340277133602947,-0.6923034148387018,-0.5196999589893724,-0.594250061415084,0.7270205566370499,1.1406753614990037,1.5859634081593956,-0.09507396501424263
-0.6727940919056236,1.0584309586141851,-0.6481655438197683,-0.5053444276799786,-0.7195014965377913,-0.9815113575689097,-1.641856391706863,0.5840257850874903
0.8779923386951876,-0.4383703296401899,-0.6340707736844864,4.358710433106768,-0.19673609835811284,0.7162380176854208,-0.5100234748706424,1.2631255351892228
0.18810767876694284,-0.2801855953950269,0.2530452194077336,-0.3471582137501081,0.07865311900413874,-0.1326366699417445,0.6218094419655777,-1.317453515197361
-0.6274917047693307,-0.5667264668123699,-0.6832466462131321,0.4625623450601178,-0.5121774577898875,1.5651127053125864,-1.264578752761456,-0.6383537650956285
-0.35740404912067286,0.46987194266163834,0.18752181891155192,-0.6009333592329069,-0.6258179835045222,-1.512058037335888,-0.13274583592523576,0.040745985006103984
0.4005206870752766,-0.5836460125301345,0.4432899407539942,-0.5346948422903054,1.5514358595305964,0.18569133791844253,0.999087080910985,0.7198457351078369
0.06350730075717574,6.88602049426122,-0.5304800604798358,-0.3920306836336583,-0.7007688595402184,-0.6631833497087228,-0.8873011138160491,1.398945485209569
-0.08390433887506739,-0.4819747893355793,-0.4239423342541021,0.029252934361395293,0.3874715771873593,1.034566025545608,0.24453180302017144,-1.1816335651770145
-0.513320705488885,-0.5202237036012245,0.7579451199872096,-0.6530658513912918,-0.44716879153042993,-1.0876206935223054,1.3763647198563917,-0.502533815075282
-0.4531689263816693,-0.26157166238303553,-0.6676533251399718,1.1145706475373292,-0.5976701446251605,0.6101286817320252,-1.5160971787250608,0.17656593502645038
2.786246874366125,1.307894231337285,-0.0981750428508524,0.16103218759099816,-0.36885628315238606,-0.23874600589514017,-0.3842642618888403,0.8556656851281839
-0.742202216515538,-0.7439128100642961,-0.7263173554718506,-0.6056830963417127,2.6360824575831563,1.4590033693591906,0.7475686549473806,1.5347654352299156
-0.4957407510000066,0.5247064087559365,-0.43603901440332793,-0.47277462778141865,-0.6360548935188708,-1.2998393654290967,-1.1388195397796537,-1.045813615156668
1.0299393800305452,-0.17379232200630437,-0.17258794269218755,0.35251576227407666,0.3695659385065608,0.3979100098252339,-0.006986622943433465,-0.3667138650549354
-0.009980251774528376,-0.499457133207291,1.7038257464249602,-0.6083559786526969,-0.010528611294918805,-0.4509646778019315,1.1248462938927868,0.312385885046797
-0.4146537717754953,-0.6124734935155307,-0.7046244953462404,3.297585246902075,-0.40488352198075567,1.2467846974523993,-0.7615419008342471,0.99148563514853
0.39684628029846797,-0.18836848779287332,4.697908949385393,-0.7151041711437204,-0.6337740935009494,-0.8754020216155141,0.3702910160019735,1.6705853852502623
-0.5132650364038259,-0.6109140845903371,-0.3756528760388581,-0.5203872530591576,0.18168816591011153,0.8223473536388165,1.502123932838194,-1.6923165772535174
-0.2880580680297103,0.1742414625030376,-0.540089485694569,0.15645574907778806,-0.5458095817374435,-0.02652733398834882,-1.3903379657432584,-1.0132168271517847
-0.4763625828489057,-0.6090563213462923,-0.6435774997761137,0.30772239888095143,-0.06721568719941028,1.671222041265982,-0.258505048907038,-0.3341170770500524
-0.6429539050456782,-0.4608210086563696,0.8424376251442719,-0.7049512571015829,-0.643437309537535,-1.684485708260156,0.8733278679291827,0.34498267305168046
0.43658526062248254,0.9482065322012313,-0.5897945641074619,1.0655136286488105,-0.5951081790377594,0.013263666994174556,-1.0130603267978515,1.0240824231534127
-0.028506081538367818,0.0588202202427828,0.20623623566203755,-0.40890950943323995,-0.3749510237459766,-0.8356110206329909,0.11877259003836858,-1.5564966272331708
-0.37416034778594104,-0.6064753641476196,-0.34179002066023195,-0.4649536920246337,0.7128187951650844,0.86213835462134,1.2506055068745892,-0.8773968771314383
-0.2567420587689159,1.1997403151570218,-0.18247894458697866,-0.4915982695274675,-0.6159670649546316,-1.2600483644465734,-0.6357826878524447,-0.1982971270297058
1.3423100727930681,-0.45066011242149645,-0.02015851831999472,-0.1238127026403796,1.7911251728012005,0.43770101080775725,0.49605022898377554,0.48080262307202704
-0.66426771174935,-0.7062858998230338,0.8505687789836378,-0.7341942177883155,-0.30865867312060397,-0.41117367681940814,1.6278831458199958,1.1599023731737597
-0.6298604523095196,-0.5008430200097682,-0.6658421146232393,0.1733547710003232,-0.5528788194063348,1.2865756984349228,-1.5999366540462623,-1.4206766772128243
-0.38316236972214873,0.5031876484142257,-0.1386592197714498,-0.5338389919392504,-0.6079948409146706,-1.4722670363533648,-0.4681037372100418,-0.7415769271110918
0.8094172795534786,-0.3988683196319145,0.27628935525361464,-0.2818693362857064,1.0005510405717613,0.2254823389009659,0.6637291796261787,-0.0624771770093594
-0.23526870035046116,2.3585670134275016,-0.550713618624975,-0.22017523432112648,-0.6636967014548295,-0.6233923487261995,-1.2226590151008552,0.6166225730923732
0.164630727543627,-0.6494363728448928,-0.6614856209807904,1.2992674703091998,0.6565458139939668,1.0743570265281315,-0.09082609826463496,1.295722323194106
-0.376423379683638,-0.3909604974808406,0.5068687598090067,-0.5868027870981155,-0.3977185778495253,-1.047829692539782,1.0410068185715853,-1.2848567271924778
0.05417322907998363,-0.17576316699966493,-0.5241433463216751,1.0512802297591806,-0.2994414440480097,0.6499196827145486,-0.8453813761554486,-0.6057569770907454
1.6392023678757714,0.016235194739546457,0.7152511854053727,-0.21943393498091224,0.16115602307854937,-0.19895500491261678,0.286451540680772,0.073342773010987
-0.77164671492329,-0.7325197867118185,-0.6716242383804955,-0.6548222321806535,0.9331104723082303,1.4987943703417141,1.4182844575169924,0.7524425231127199
-0.8799026183245787,0.6095933324343701,-0.7072733021928514,-0.7099843397691087,-0.7571522722560318,-1.5783763723067605,-1.47417744106446,1.4315422732144525
0.4437434654562328,0.05958743825115659,-0.2149256899356221,0.19967039453147656,-0.14423343570626676,0.11937300294757022,-0.3423445242282395,-1.1490367771721315
0.06595685937444007,-0.26197458481109276,1.1996975465064752,-0.5304593759138693,-0.229673722818626,-0.7295016846795952,0.7894883926079811,-0.469937027070399
-0.30728177175571547,-0.4088119196097582,-0.6543918542912351,2.058792577355191,-0.45981897114088793,0.9682476905747357,-1.0968998021190532,0.20916272303133362
0.0778682147727757,0.7461779111762387,1.023819230282185,-0.6229891626376199,-0.6123333482000193,-1.1539390284931776,0.034933114717167445,0.8882624731330665
-0.4113463022439666,-0.730349404721372,-0.4117046133357527,-0.7098900594643854,4.71271965540209,0.5438103467611529,1.1667660315533874,1.567362223234799
-0.02130987670322934,0.24082930712813627,-0.29997387134513126,-0.07129213770362086,-0.41354531003020306,-0.3050643408660125,-0.7196221631736462,-1.665152587249448
-0.33786036586266316,-0.579329912675579,-0.523499815557761,-0.12485617530346386,0.4211598170605065,1.3926850343883184,0.41221075366257404,-0.9860528371477155
-0.6666879474337339,-0.5829390067560878,0.4788739652654456,-0.6929614866294705,-0.5565037090768538,-1.3661577003999692,1.5440436704987943,-0.30695308704598306
-0.2296053800507666,0.047877138555117764,-0.6350110727648869,1.2107396355340874,-0.5836222279695008,0.3315916748543616,-1.3484182280826575,0.3721466630557498
2.515955884380578,1.6554665679889657,0.3182438000693628,-0.2998883611416915,-0.4611444963126066,-0.5172830127728038,-0.21658531124643726,1.0512464131574828
-0.40464533448929235,-0.5856759421117372,-0.4466903026344241,-0.35999017223714996,0.3741979350376711,1.180466362481527,0.9152476055897832,-1.5293326372291016
-0.2507869800561501,0.8632504666680327,-0.34689316586944513,-0.33798994114183517,-0.5827857766608348,-0.9417203565863864,-0.9711405891372507,-0.850232887127369
0.6108127298410367,-0.41267585980623167,-0.33619323795697925,0.32423906522468343,0.8598798586543884,0.7560290186679443,0.16069232769896954,-0.17113313702563648
-0.1378308952969883,-0.6024641182995011,0.7891252666153147,-0.6245588581723207,0.4441854114997726,-0.09284566895922113,1.2925252445351898,0.5079666130760964
-0.6809800637960801,-0.7022452440014936,-0.7356821231721061,1.2909547301714646,-0.43139805614826804,1.6049037062951097,-0.593862950191844,1.1870663631778282
-0.5038492929322878,-0.2646501550993553,0.17053592398708822,-0.6073834359776904,-0.559208355635785,-1.6314310402834582,0.5379699666443766,-1.3935126872087549
-0.4589394249914274,-0.60768178122239,-0.00125343674524854,-0.5992110836201224,0.10168677806918397,0.06631833497087239,1.6698028834805971,-0.7144129371070225
-0.5763572305733559,0.7126001337293905,-0.6122871819118739,-0.3700623028206736,-0.6828790741263541,-0.782556352656293,-1.6698028834805967,-0.03531318700529008
0.29347594070965144,-0.43540805372452995,-0.6062926837893544,2.786831388383184,-0.09015968224999679,0.9151930225980378,-0.5379699666443762,0.6437865630964426
-0.3726173431045416,-0.3656722217834913,4.082834291244672,-0.7207783931897503,-0.6506857177596872,-1.2069936964698755,0.593862950191844,1.3228863131981752
-0.30987188413041306,-0.16121114136791145,-0.5661252414005674,0.41933058091237485,-0.4799786580817518,0.4907556787844551,-1.2925252445351898,-1.2576927371884086
0.8409167466059012,0.4458196101872347,0.16691481160879845,-0.10148101602313055,-0.22444197844644656,-0.3581190088427103,-0.16069232769896943,-0.5785929870866761
-0.4744040711703738,-0.6717882874195306,-0.5534486362628878,-0.42621904890614093,1.4255928520422319,1.3396303664116205,0.9711405891372507,0.10050676301505632
-0.5691100677463742,2.056552619648412,-0.47799033665933316,-0.6177534065977048,-0.7130702365693221,-1.4192123683766669,-0.9152476055897832,0.7796065131167892
5.650089077430781,-0.4630226986429958,-0.16894792858178936,-0.06439336095104399,1.0650668187349104,0.27853700687766375,0.21658531124643735,1.4587062632185217
-0.3564773294882849,-0.49126048101347025,0.43362656795508353,-0.5814039107588801,-0.20931446265257578,-0.5703376807495016,1.3484182280826578,-1.121872787168062
-0.5891786609086195,-0.47724312781353306,-0.6789644170499471,0.6623714306592065,-0.5669376279583501,1.1274116945048291,-1.5440436704987945,-0.4427730370663295
0.21179877919652546,1.691512516220327,0.09802488654689161,-0.4350838218665766,-0.5656621593938781,-0.9947750245630842,-0.412210753662574,0.23632671303540337
0.42857519611472467,-0.6317041265680595,-0.3235107531701653,-0.3435011818155448,4.120299701835947,0.7029743506912465,0.7196221631736465,0.9154264631371358
-0.19491002676090788,1.440005147410198,-0.6828240954481436,0.2832345173176021,-0.7150158626911005,-0.14590033693591895,-1.1667660315533879,1.5945262132388685
-0.44014682953040585,-0.5568903235630295,-0.5694638401661957,-0.03038473205591188,-0.05316777142075168,1.5518490383184118,-0.03493311471716715,-1.6379885972453787
-0.5693480360285202,-0.44912491830507567,0.39356522702975744,-0.6482075193082324,-0.5456348617778556,-1.5253217043300626,1.0968998021190528,-0.9588888471436462
0.5089747429076219,0.3186008033792466,-0.41785492466984187,0.8067769613220469,-0.34734566802216943,0.17242767092426806,-0.7894883926079808,-0.2797890970419138
0.9871071354718907,0.16147762816808098,1.7635276462787328,-0.4747185312959396,-0.28160330566257796,-0.6764470167028973,0.3423445242282394,0.3993106530598191
-0.7108237388677463,-0.7330733381685165,-0.6042537748576065,-0.6888130129631703,2.0235820436120187,1.0213023585514336,1.4741774410644597,1.0784104031615513
-0.5368981066052941,0.2720974663233577,-0.5030299384919505,-0.425437489750909,-0.6324380872945803,-1.10088436051648,-1.4182844575169922,-1.5021686472250322
0.40413235514557344,-0.21719710685759736,-0.3642125051675142,0.5472976267854294,0.06585226938136722,0.5968650147378507,-0.2864515406807717,-0.8230688971232998
0.43422315804547235,-0.36261616004964614,1.0285092815411911,-0.46792480571701733,0.2440398647897911,-0.25200967288931464,0.8453813761554486,-0.14396914702156738
-0.5986773604614923,-0.6114864692330293,-0.7087201309178719,1.5986149379194485,-0.5085041224608756,1.4457397023650163,-1.041006818571585,0.5351306030801657
-0.2875406864852108,0.40034812287064486,0.9817804376452081,-0.6920310407235388,-0.6796361953448676,-1.3131030324232713,0.09082609826463488,1.2142303531818983
-0.26706945195551574,-0.535922740060029,-0.11758230855561122,-0.4682134234709593,0.3284007095545189,0.3846463428310594,1.222659015100855,-1.3663486972046857
0.313019367467692,0.829023515014972,-0.2029277969777671,-0.05119114493039163,-0.43632871616269936,-0.464228344796106,-0.6637291796261786,-0.6872489471029531
-0.16140399206703704,-0.6038943418000791,-0.5182388783705572,-0.06761863373077023,1.2521180336327296,1.233521030458225,0.46810373721004206,-0.008149197001220753
-0.6557295928204828,-0.6566538359819725,1.1840437435706432,-0.720992362704373,-0.49242527068790254,-0.8886656886096885,1.5999366540462623,0.6709505531005119
-0.7722552718407125,-0.5854787873939218,-0.7459291049075152,1.5437398421791326,-0.7184427096033789,0.8090836866446421,-1.6278831458199958,1.3500503032022446
0.32565057444971734,0.19372042080642723,-0.23614726417293688,0.13315709760827935,-0.26733402558680325,-0.03979100098252328,-0.4960502289837755,-1.2305287471843391
-0.5255827441472307,-0.6485066774444064,-0.5948499560101573,-0.29987519872278146,0.46226844519988824,1.6579583742718076,0.6357826878524447,-0.5514289970826067
-0.6964523808010161,0.6302058199061966,-0.5608825214171135,-0.616027427574418,-0.7123342861310428,-1.6579583742718071,-1.2506055068745894,0.12767075301912564
3.9759687826033803,0.23191508481199108,-0.011445733098147042,0.330948939121152,0.053857577231598265,0.03979100098252348,-0.11877259003836871,0.8067705031208585
-0.38056391367498127,-0.6272704888152681,7.753116571802948,-0.7335178262178422,-0.535962990203266,-0.8090836866446419,1.0130603267978515,1.4858702532225911
-0.19961556100716812,-0.3220439943032909,-0.554824037916502,0.6839099351499578,-0.3116528661315446,0.888665688609689,-0.8733278679291823,-1.0947087971639928
-0.12706595848910818,0.11881495590874244,0.7212425266659261,-0.5519648116704284,-0.5042627808014484,-1.2335210304582245,0.2585050489070383,-0.41560904706226015
-0.32122040857274764,-0.6476537128636372,-0.1242027975711176,-0.5819699003296628,1.2147966074909446,0.46422834479610614,1.3903379657432584,0.2634907030394725
-0.49668698255461846,1.2231443774510455,-0.6592918986816964,-0.13804162794092442,-0.7038230738500393,-0.3846463428310592,-1.5021239328381937,0.9425904531412052
-0.5339674039476839,-0.7142961060992895,-0.7392973474011957,2.1569354021356295,-0.2644647317610496,1.3131030324232715,-0.3702910160019732,1.6216902032429377
-0.4763320115361519,-0.32838186120400187,0.22946040615353977,-0.5980682927790908,-0.5119974369768979,-1.4457397023650158,0.7615419008342476,-1.6108246072413095
-0.09542454526211505,0.06878309715677279,-0.5105016893649956,0.49692723856454724,-0.4511431932347013,0.2520096728893148,-1.1248462938927868,-0.931724857139577
0.8529127464582525,0.5099546288691514,0.5604415207633366,-0.29571664741413206,-0.28894029902730606,-0.5968650147378506,0.00698662294343338,-0.25262510703784447
-0.44778076582365206,-0.6837531457745993,-0.5051670613254723,-0.5081719490391167,2.168850805130206,1.1008843605164802,1.1388195397796537,0.42647464306388844
-0.16640288656166066,4.968896001115007,-0.38038587370661137,-0.5417115904926693,-0.6928716964332838,-1.0213023585514331,-0.74756865494738,1.105574393165621
0.03740674018946051,-0.41368318223625133,-0.2742523087459535,-0.1076687766940019,0.3392701429149312,0.6764470167028975,0.3842642618888404,-1.475004657220963
-0.3769916101639458,-0.5621637266798762,0.23497833683122935,-0.5849606829976253,0.01526561174059028,-0.17242767092426786,1.5160971787250608,-0.7959049071192305
-0.6705673250907613,-0.5895656434584009,-0.7037252832287831,0.6455481844883953,-0.5650673050306771,1.5253217043300629,-1.3763647198563913,-0.11680515701749805
-0.4460181722290503,0.708660426214264,0.03945699630777869,-0.6443077958530804,-0.674073188656268,-1.5518490383184116,-0.24453180302017097,0.5622945930842355
0.7845235571186913,-0.6248643574614466,0.5432031128082132,-0.6008276830948527,1.8215482944927361,0.14590033693591914,0.8873011138160495,1.2413943431859673
-0.22059554922594327,0.5168882850228356,-0.366079147014206,-0.23844082032826985,-0.5404440307395469,-0.7029743506912463,-0.9990870809109847,-1.3391847072006164
0.1003274367690735,-0.4672604898926584,-0.43086032292966336,0.24045656575265767,0.5407115514529816,0.9947750245630846,0.13274583592523545,-0.6600849570988838
-0.49647007689326805,-0.5183299413644653,1.3031588558174017,-0.6737992942499985,-0.48000142717146776,-1.127411694504829,1.264578752761456,0.01901479300284857
0.9020478067933722,-0.16728483598258126,-0.5503343876871462,2.754453776870755,-0.21830373188611724,0.5703376807495019,-0.6218094419655777,0.6981145431045808
2.8296899230816237,-0.3703708890645279,2.2277885058394666,-0.5836039760320934,0.05874976366904713,-0.27853700687766353,0.5100234748706425,1.3772142932063138
-0.6737640882388308,-0.6736262972872955,-0.552066108451905,-0.5676148092434905,0.12603436754280273,1.4192123683766673,1.6418563917068627,-1.2033647571802701
-0.6557139253428166,0.4220507901263411,-0.5807787438184915,-0.5270891411598061,-0.6888163475092998,-1.3396303664116203,-1.5859634081593952,-0.5242650070785374
1.267366281713952,0.060447870900191346,-0.3676136091211519,1.177242154463179,-0.06951350965971827,0.3581190088427105,-0.45413049132317473,0.15483474302319497
0.9578991367560735,-0.3118441153114085,3.0081286138735286,-0.5764355587362968,-0.08175991006383401,-0.49075567878445486,0.6777024255130455,0.8339344931249278
-0.7654383788686906,-0.6839392917575325,-0.7521997164311238,3.867383656213238,-0.6836279553645768,1.206993696469876,-1.2086857692139883,1.5130342432266604
0.06437580769452339,0.32639663432726285,0.23142641551345172,-0.3993783577624356,-0.42739045150125665,-0.9151930225980375,-0.07685285237776793,-1.0675448071599234
-0.17775597049746636,-0.590589866903425,-0.27910793101023507,-0.4118656453851092,1.2544858586680248,0.7825563526562932,1.0549800644584522,-0.38844505705819105
0.7485635510695541,0.9509474511677221,-0.41962249299091275,0.6584732324587843,-0.45268650286095546,-0.0663183349708722,-0.8314081302685815,0.2906546930435418
-0.5961383671740231,-0.7121567219162803,-0.6996096422937449,-0.1672091760316235,0.7059054099279851,1.6314310402834586,0.3004247865676389,0.9697544431452745
-0.9216901904168897,-0.7329577593643531,0.4758359420819423,-0.7488974524244079,-0.7432355611117255,-1.6049037062951093,1.4322577034038593,1.648854193247007
-0.3856026286507081,-0.038136404419165264,-0.551967691864943,0.06517926941133668,-0.5396805352511492,0.0928456689592213,-1.460204195177593,-1.5836606172372403
0.20726060768874838,0.6082966769456924,0.05723967833378066,-0.2939763759647457,-0.4279347120056629,-0.756029018667944,-0.3283712783413725,-0.9045608671355077
-0.08292865436610833,-0.5843981214516196,-0.3658364653068717,-0.28153630065368157,1.4988148225672941,0.9417203565863868,0.803461638494848,-0.2254611170337751
-0.45637596607552416,2.1734145700706247,-0.48621570965178945,-0.5135125614891158,-0.6870539349255369,-1.1804663624815266,-1.0829265562321864,0.4536386330679577
2.9342342068351392,-0.4288619737659352,-0.3811690174104383,0.6355126831489826,1.0271041804690997,0.517283012772804,0.04890636060403429,1.13273838316969
-0.24654356419226817,-0.45342041107883085,0.2740872944895767,-0.5223016220785122,-0.08253279208581511,-0.33159167485436136,1.1807392774402543,-1.4478406672168935
-0.3780549671362787,-0.5042336914194104,-0.6168219116776682,0.6731642462178857,-0.26225867823684057,1.3661577003999694,-0.7056489172867793,-0.7687409171151611
-0.3012115049073298,-0.06958354478055014,0.9362215912877377,-0.6170477711785547,-0.5567177019791886,-1.392685034388318,0.426183999549441,-0.08964116701342872
-0.4698729976568686,-0.6812682176679313,-0.07759037278865333,-0.659990822869883,0.7977052403485739,0.30506434086601264,1.5580169163856612,0.5894585830883043
-0.4618340875487517,2.733164285293429,-0.6551422759062718,-0.3093170363234813,-0.720657635006377,-0.5438103467611527,-1.3344449821957907,1.268558333190037
-0.1859603730030978,-0.45864979552290297,-0.5077261878194325,0.2718502261334009,0.02779299184571411,1.153939028493178,-0.2026120653595702,-1.3120207171965472
-0.2262649705379246,-0.34210694998556385,1.0300315234086983,-0.5835918859816337,-0.3626062402235319,-0.9682476905747354,0.9292208514766501,-0.6329209670948147
-0.001122413589969226,-0.23852988166924233,-0.5950360316664258,1.911373179046499,-0.37924526476715353,0.7295016846795953,-0.9571673432503837,0.04617878300691789
3.4393144572034497,0.06114686162308755,0.6122436652171959,-0.1480539772771582,0.19370415579626868,-0.11937300294757004,0.1746655735858364,0.7252785331086505
-0.8709405558564616,-0.7495689018613402,-0.7352164723464821,-0.716977800561284,1.0097826459835584,1.5783763723067608,1.3064984904220565,1.4043782832103833
-0.4385274147557649,0.34208699739123655,-0.2325345412133694,-0.5236128009949537,-0.6071830790648067,-1.4987943703417137,-0.579889704304977,-1.1762007671762007
0.6853143234824342,-0.3261053007197432,0.19557509562405942,-0.21692403323017853,0.6361575472857129,0.19895500491261697,0.5519432125312435,-0.49710101707446835
-0.5801695955607753,-0.6318338897859315,0.6902559912627706,-0.6905080313683468,-0.3423376167228754,-0.6499196827145484,1.6837761293674638,0.1819987330272643
-0.7516335715383952,-0.5877099734123616,-0.7341998816292613,1.0393933230613799,-0.6861045065722832,1.0478296925397825,-1.6930916266253748,0.8610984831289972
-0.23814462456237248,5.666824832114936,-0.3478310006038938,-0.6519942272711636,-0.7229609251875204,-1.074357026528131,-0.5612587097891545,1.5401982332307302
0.13557447330630587,-0.44251093263544206,-0.20080988421394766,-0.17540620874356927,0.6313844858210871,0.6233923487261996,0.5705742070470659,-1.0403808171558542
-0.18716203197517275,0.6232503975243776,-0.5299321566077767,0.14731345291085365,-0.5738200545098009,-0.2254823389009657,-1.315813987679968,-0.3612810670541217
-0.3415506854350072,-0.6172401108167934,-0.6456953034005117,0.6480825899961851,0.16039467133392155,1.4722670363533652,-0.18398107084374768,0.31781868304761113
-0.5536970864263879,-0.5257368974578044,3.0478326489790115,-0.7213773741099495,-0.6225450107592326,-1.2865756984349224,0.9478518459924724,0.9969184331493438
0.14664067841070597,-0.25224423658965295,-0.7069769370247279,4.981037581820616,-0.6522621330913843,0.4111736768194083,-0.9385363487345613,1.6760181832510763
0.11821166758497761,-0.05317824121061739,0.13337889249995896,-0.3122225817780711,-0.21950827102466267,-0.43770101080775703,0.19329656810165913,-1.6868837792527034
-0.5471117171536188,-0.6460586698618468,-0.49333890319186446,-0.4951826350545509,0.46220171675938726,1.2600483644465739,1.3251294849378794,-1.007784029150971
-0.5305659163248816,0.7386807457138305,-0.5731291024905042,-0.37122961993180786,-0.6655183674734916,-0.8621383546213397,-1.5673324136435727,-0.3286842790492385
0.5076684038939966,-0.3662810833610862,-0.5421263111780051,1.9217108661202786,0.05899266619287748,0.835611020632991,-0.4354994968073523,0.35041547105249415
1.6837626648039183,-0.48287160065559165,1.071730788113831,-0.49942398569191176,0.9652116801545482,-0.01326366699417436,0.6963334200288682,1.0295152211542264
-0.6344381560248181,-0.5622918997132804,-0.6638610366660578,0.10706053844317094,-0.4857098449157858,1.6844857082601565,-1.1900547746981658,-1.5510638292323569
-0.4762344200141674,0.062028826922292474,0.006733134880125626,-0.5928947271097903,-0.6085331916357974,-1.6911175417572433,-0.058221857861945385,-0.8719640791306245
0.13544760930637012,-0.4935511406298274,0.5236927150679473,-0.49363116736530627,0.5550526617246676,0.006631833497087328,1.0736110589742747,-0.1928643290288921
0.07288348619351107,2.9129047983378813,-0.31561654341313766,-0.3437910177249762,-0.620445002446824,-0.842242854130078,-0.812777135752759,0.48623542107284073
0.710629570755524,-0.6301071888973818,-0.5228402213174125,0.12103918717492847,2.926530236775597,0.8555065211242529,0.3190557810834612,1.165335171174573
-0.5905819755081585,-0.5191467928351904,0.20380298195203292,-0.641806758144501,-0.4900091991323852,-1.2666801979436606,1.4508886979196816,-1.4152438792120106
-0.34822804334687163,-0.11890456123145722,-0.6013474669229151,0.5414917148672899,-0.5357747106549224,0.43106917731067,-1.4415732006617703,-0.736144129110278
1.16647102274481,0.935317189358008,0.1193535292299745,-0.06536402663208173,-0.3222216689412028,-0.4178055103164954,-0.30974028382554997,-0.05704437900854549
-0.4155572411859676,-0.6873595137244801,-0.5828153914855522,-0.3952537364847934,2.377825448671525,1.2799438649378354,0.8220926330106704,0.622055371093187
-0.7541945111429891,2.098347685296333,-0.6155412694367345,-0.6846071829470644,-0.7456342252239526,-1.478898869850452,-1.0642955617163636,1.3011551211949195
0.41439831683390427,-0.16103390528205277,-0.10779912133013925,0.0053582211908343265,0.0930439953104102,0.21885050540387868,0.06753735511985669,-1.279423929191664
-0.23495274610185182,-0.45668910889218606,0.8805091669199223,-0.5823497160719915,-0.19312122766999656,-0.6300241822232867,1.199370271956077,-0.6003241790899315
-0.08996981702241184,-0.4414807589373416,-0.6109969825589321,1.806070429508712,-0.20782649958175325,1.067725193031044,-0.6870179227709567,0.07877557101180091
0.10795002095464422,-0.020852285412290412,2.6320552675596685,-0.637505521566409,-0.5226873545621947,-1.0544615260368693,0.4448149940652637,0.7578753211135335
-0.7533785060918013,-0.7420113495200565,-0.5498812728132856,-0.7352538307316485,1.5544431835709165,0.6432878492174614,1.576647910901484,1.4369750712152662
-0.4628482737190347,0.11070218392336036,-0.5785946754488892,-0.0776790276894325,-0.6019885489737962,-0.20558683840970401,-1.6511718889647744,-1.1436039791713173
-0.399816011254272,-0.5550560125138693,-0.6304136514588964,0.6355474539486282,-0.17580510423055157,1.4921625368446267,-0.5193389721285537,-0.4645042290695849
-0.5119183395359498,-0.28780089223365596,0.9393240581352932,-0.6762725053587767,-0.6164565813056376,-1.5850082058038477,0.6124939447076664,0.21459552103214752
-0.13373048775995092,0.4388475990038561,-0.64426275624139,1.0643624803990872,-0.6410841923133369,0.112741169450483,-1.2738942500193673,0.8936952711338797
1.5525772556977224,1.8372757932807378,0.472720288470529,-0.6048683081836665,-0.6366477841043366,-0.7361335181766824,-0.14206133318314693,1.5727950212356123
-0.35852975743204224,-0.564702172134488,-0.37806326000232326,-0.3780055697804232,0.35037790376841316,0.9616158570776485,0.9897715836530734,-1.6597197892486342
-0.34290155466731914,0.70088711800571,-0.3266995713243695,-0.42458957463029234,-0.59860787956729,-1.160570861990265,-0.8966166110739605,-0.9806200391469017
0.8301838639661783,-0.33794688175555787,-0.17879059536876227,0.158441351359035,0.7839085347192175,0.5371785132640657,0.23521630576226008,-0.3015202890451692
-0.2640640795965054,-0.5918000396766497,1.054444924462998,-0.6446819345006795,0.060428293614026914,-0.3116961743630997,1.3670492225984803,0.3775794610565635
-0.8101990437374941,-0.6720255513440699,-0.7467402657176989,1.0781472730381216,-0.6881982417120147,1.3860532008912312,-1.525412675982972,1.0566792111582957
-0.36789944795624074,0.22159399305197994,-0.1428425607421199,-0.4965834612228631,-0.564786133704933,-1.3727895338970564,-0.3935797591467515,-1.5238998392282876
0.24681948968868225,-0.42023867045723384,0.04141399216468679,-0.29644094654888775,0.6276379037945994,0.32495984135727435,0.7382531576894691,-0.8448000891265551
-0.09605285739976438,1.2644174547569424,-0.460896189804389,-0.07602470859669058,-0.5858325662454681,-0.523914846269891,-1.1481350370375651,-0.16570033902482278
0.060493099734761024,-0.5796433789393389,-0.5859666842097613,0.7422078792083522,0.7200949243589432,1.1738345289844399,-0.01630212020134464,0.5133994110769101
-0.48221436559907543,-0.60818274250094,4.743377447294395,-0.726401139617912,-0.5424874497126593,-0.9483521900834736,1.1155307966348755,1.1924991611786422
-0.1317627019927505,-0.26854306977925013,-0.5072184873099993,0.5018929787520493,-0.2770335147086058,0.7493971851708571,-0.7708573980921583,-1.3880798892079411
0.7423446398201577,-0.1259190526684581,0.35422582491555005,-0.21620701218983743,0.17068963798689166,-0.09947750245630835,0.36097551874406214,-0.7089801391062086
-0.7303416975916412,-0.7116470552678251,-0.6286507652870424,-0.6001517940458512,0.42858981814286135,1.5982718727980225,1.4928084355802824,-0.02988038900447617
-0.7748644706229507,0.6462555729101263,-0.6338424003490527,-0.6541758600624356,-0.7331321543458563,-1.6380628737805456,-1.3996534630011697,0.6492193610972563
5.876738987066974,0.2833181878302896,-0.29594763799422463,0.5469793205212247,-0.22071698644663165,0.05968650147378516,-0.2678205461649492,1.328319111198989
-0.17885473173979408,-0.30983207886136754,0.5698334930119727,-0.5292206006842995,-0.2842469527948662,-0.7891881861533803,0.8640123706712713,-1.2522599391875946
-0.23510342668930514,-0.334014950543981,-0.5982797258096717,1.0997170958467462,-0.3807560868045545,0.9085611891009506,-1.0223758240557628,-0.5731601890858622
-0.026283000097685173,0.4030179384910916,0.8119675605284504,-0.5619325800153356,-0.5436378918104042,-1.2136255299669627,0.10945709278045725,0.10593956101587022
-0.2164582575535034,-0.6704357474420375,-0.13776444252832334,-0.6033360212435088,2.2209564079046724,0.48412384528736785,1.2412900096166775,0.7850393111176028
1.638806846532758,3.451668570548474,-0.44444948167579934,-0.07909844177765658,-0.6322074187175892,-0.36475084233979754,-0.645098185110356,1.464139061219335
-0.32699647412272165,-0.5726980312687838,-0.5011397969432576,-0.16502720476175817,0.43311664057356736,1.3329985329145333,0.4867347317258644,-1.116439989167248
-0.6944472042960356,-0.5939088433189353,0.3127508930713803,-0.6950331707095809,-0.5695872075870272,-1.425844201873754,1.6185676485620843,-0.4373402390655158
-0.45529414647065486,-0.03555603710695254,-0.6600449973349222,0.6115793087997531,-0.633161210564197,0.2719051733805765,-1.6092521513041733,0.24175951103621685
1.3669478499163246,2.8483251971482884,-0.0777429429131571,-0.23696947064941873,-0.5447969752654859,-0.5769695142465888,-0.4774192344679529,0.9208592611379495
-0.4407218090444472,-0.7337407163578127,-0.6827428113717873,-0.5252740479851168,6.494967624795442,1.120779861007742,0.6544136823682674,1.5999590112396822
-0.4528800049444487,0.3153640099853885,-0.44794683457086903,-0.3820816267126826,-0.6022060760123993,-1.0014068580601714,-1.2319745123587666,-1.632555799244565
0.29854438309985953,-0.3100636343497535,-0.35421878985663524,0.35478794405631947,0.21063329196340455,0.6963425171941592,-0.10014159552254613,-0.9534560491428323
0.1507352484253239,-0.4520689640138523,0.7358312214070639,-0.49910796656148954,0.32345928802091606,-0.15253217043300618,1.031691321313674,-0.27435629904109987
-0.5731912120021221,-0.620160946364044,-0.7000287400035992,1.2548896547942083,-0.42782251402559546,1.5452172048213246,-0.8546968734133598,0.40474345106063236
-0.5325674396079736,-0.09270268516783597,0.9538744176422602,-0.7107019582617563,-0.6908964924809713,-1.5319535378271498,0.27713604342286063,1.0838432011623649
-0.3583565855954793,-0.5469065729007698,-0.06458339180380658,-0.5247816449944677,0.11175370546508713,0.16579583742718082,1.408968960259081,-1.4967358492242182
-0.43741891054327353,0.5430008262677689,-0.5332114972999273,-0.26307965671751177,-0.6242847087759533,-0.6830788501999846,-1.4834929383223712,-0.8176360991224859
0.14601759837994785,-0.42892767075995736,-0.5369110005410137,1.134495216799456,0.12097761832444827,1.0146705250543464,-0.3516600214861507,-0.13853634902075346
-0.21646846707137918,-0.33165609970050924,2.7316826286404905,-0.6627694042253534,-0.5014401497735931,-1.1075161940135672,0.7801728953500697,0.5405634010809794
-0.17876401992102425,-0.30520653704961265,-0.6924553454634343,4.421131059488921,-0.6061517728477379,0.5902331812407635,-1.1062152993769643,1.2196631511827116
0.3604040948599994,0.044605175004786286,0.08016568111506078,-0.17907544536536962,-0.15623305829865028,-0.2586415063864019,0.025617617459256108,-1.360915899203872
-0.5581316601230502,-0.6586463946118802,-0.5433459201198673,-0.4677594421540819,0.5914966553582021,1.439107868867929,1.157450534295476,-0.6818161491021395
-0.3450542945441767,1.3610961790910032,-0.2678961790205564,-0.52034993044343,-0.6431653022616064,-1.3197348659203585,-0.7289376604315576,-0.002716399000406846
1.97433122097527,-0.4175834026089787,0.003728668991587363,-0.06317361824056121,1.6414818551230874,0.3780145093339722,0.4028952564046627,0.6763833511013255
-0.6690529607418909,-0.7117958538624991,1.3384939637956808,-0.7398841804719772,-0.37226425779985184,-0.4708601782931932,1.534728173240883,1.3554831012030581
-0.5443660072689456,-0.46901403186664037,-0.6471926245425479,0.3902205920705618,-0.4978938381260325,1.2268891969611377,-1.3577337253405688,-1.2250959491835254
0.23010020662159375,0.7173328046359017,0.23295117190303946,-0.37481358222766004,-0.4585897680677587,-0.8952975221067758,-0.22590080850434843,-0.5459961990817929
-0.015338151101095715,-0.6021974253019968,-0.3020778287560512,-0.3657644513757766,2.094068823333696,0.8024518531475548,0.9059321083318719,0.13310355101993956
0.5199604064582669,1.1180049721498182,-0.5442951267487062,0.8389080229535261,-0.56333151887952,-0.04642283447961051,-0.980456086395162,0.8122033011216722
-0.7364683398462538,-0.7380668417294067,-0.7415313471062115,-0.1940196511875206,0.27216720885489687,1.6513265407747204,0.15137683044105818,1.491303051223405
-0.6534721415496649,-0.5117654179845217,0.17636123745942425,-0.6666118151118899,-0.5767948582490692,-1.6645902077688943,1.2832097472772788,-1.0892759991631789
0.7335296740931154,0.420310842426108,-0.2908943497647146,0.4920187235207432,-0.2796230904109011,0.03315916748543625,-0.6031784474497552,-0.41017624906144645
0.41227855271068736,-0.05677055086163825,2.0893644110385248,-0.5458499003464307,-0.3330534203904516,-0.8157155201417291,0.5286544693864651,0.2689235010402862
-0.7290875062605202,-0.7307753545842183,-0.5597464867300341,-0.7002523007658297,1.1918841758446643,0.8820338551126017,1.6604873862226854,0.9480232511420188
-0.8984583168812788,0.6808977394094736,-0.7346754942743629,-0.6993860986505416,-0.7596569139666524,-1.2401528639553117,-1.679118380738508,1.627123001243751
0.03628774475630748,-0.1583206197785329,-0.3975697591249323,0.28157789249096,-0.21272258886636627,0.4575965112990189,-0.5472854639022876,-1.6053918092404955
0.3080250625557753,-0.19117759257684025,0.5916430969005547,-0.39345241687489846,-0.03734686517562982,-0.39127817632814643,0.5845474529339326,-0.9262920591387631
-0.5653534022162878,-0.5221855926254845,-0.680504125634904,0.9160115512234637,-0.520499623871061,1.3064711989261844,-1.3018407417931013,-0.24719230903703054
-0.3273877278123943,0.7162882827949274,0.21708186940250254,-0.6183653038968717,-0.6453919573637741,-1.452371535862103,-0.17000782495688083,0.4319074410647021
0.46146341594279566,-0.6356822742852429,0.28927762780458927,-0.5864612195604411,2.2539679585354317,0.2453778393922276,0.9618250918793391,1.1110071911664343
-0.16775245260042457,0.436953433595637,-0.34434877791105967,-0.19606154170318832,-0.5105167587469936,-0.6034968482349378,-0.924563102847694,-1.469571859220149
-0.04247647956661542,-0.5011943327712022,-0.45377026568920276,0.12285241064909287,0.522605240792351,1.094252527019393,0.20726981398852598,-0.7904721091184166
-0.48553769038032746,-0.5294665456800671,1.1361097961339135,-0.6653611532705866,-0.4383687979701047,-1.0279341920485203,1.339102730824746,-0.11137235901668413
-0.5382461884620837,-0.3506545739068078,-0.6950825683436874,1.3561300435037746,-0.6373339485668987,0.6698151832058102,-1.553359167756706,0.5677273910850488
3.730028845684776,1.3257313334670984,-0.2644881463320845,0.22409631738345215,-0.44450671913017875,-0.1790595044213551,-0.42152625092048535,1.2468271411867808
-0.48279967438680577,-0.6123014240198138,-0.5387983358709744,-0.3155054853225629,0.2885583021202203,1.5186898708329757,0.7103066659157351,-1.3337519091998027
-0.6024503255436928,0.48996600821272923,-0.4839172355290505,-0.5525855499199327,-0.6727476948878834,-1.5584808718154988,-1.1760815288112987,-0.65465215909807
1.8181880617959896,0.050071217675887764,0.0031806668394209034,0.28894242825159455,0.22368779458231344,0.1392685034388319,-0.04424861197507854,0.024447591003662263
-0.1579964204313248,-0.5156326409662464,3.0821389339880847,-0.6709298246293126,-0.2971260986204625,-0.7096061841883334,1.0875843048611413,0.7035473411053949
-0.2775876956023133,-0.5951753400290801,-0.7151297849847805,7.0312090510641,-0.4953791676136682,0.9881431910659974,-0.7988038898658921,1.3826470912071271
-0.1749648935478438,-0.035165956242429346,0.42514869418176465,-0.5140379106949833,-0.4462147714529384,-1.134043528001916,0.3330290269703281,-1.197931959179456
-0.39542573385460295,-0.621103909985338,-0.21896673166100442,-0.5450361505193392,0.6626650738667889,0.5637058472524146,1.4648619438065484,-0.5188322090777235
-0.2965959517659992,0.8320732151535758,-0.5874584247512539,0.0812611316719428,-0.6306127475878803,-0.28516884037475076,-1.4275999547749034,0.16026754102400886
-0.36476926675388843,-0.6486022664642641,-0.6832777982966525,1.180689028404102,0.0305124504865305,1.4125805348795801,-0.2957670379386831,0.8393672911257415
-0.6966452374980563,-0.5980136643610384,3.868908214781942,-0.7419111317039463,-0.7013358061154623,-1.3462621999087074,0.8360658788975373,1.5184670412274737
-0.08480850549407083,-0.015531266607461442,-0.5037806873453816,0.5233455556842809,-0.4145091096550066,0.35148717534562324,-1.0503223158294968,-1.0621120091591096
0.8824539636070472,0.33164057631932947,0.5527159893436512,-0.2681405598263704,-0.20611349789273167,-0.4973875122815421,0.08151060100672353,-0.3830122590573771
-0.5280191629792625,-0.6891852172152269,-0.5347903130920654,-0.5271949361890783,1.6503755603331698,1.2003618629727888,1.213343517842944,0.2960874910443555
0.10039818372784402,4.386288868598672,-0.2799772924921903,-0.47152531878575116,-0.660882505084948,-0.9218248560951248,-0.6730446768840899,0.9751872411460881
0.6106916518736819,-0.7030844649074773,-0.5887926658443877,-0.34241418662137113,5.753827962003888,0.7759245191592059,0.4587882399521306,1.6542869912478209
-0.45676343401984876,-0.5615715437862536,-0.03326438309264924,-0.5707106772201463,-0.07840853938135318,-0.07295016846795943,1.5906211567883508,-1.5782278192364263
-0.7172237840753304,-0.5861067251007462,-0.6992369049799109,0.1255325617608197,-0.589827272166891,1.6247992067863715,-1.6371986430779073,-0.8991280691346938
-0.4769427779459941,0.6030941095191799,-0.19609418191135541,-0.5867877403066265,-0.6513552444909917,-1.6115355397921967,-0.5053657262416869,-0.22002831903296122
1.4268721615393947,-0.38507112081869677,0.6147067646261919,-0.33508466613024535,1.0157312183344875,0.08621383546213408,0.6264671905945333,0.4590714310687714
-0.4575727099428322,3.648148356604443,-0.6183384522591313,-0.4282342607462834,-0.7169120414005915,-0.7626608521650313,-1.2599210041325002,1.1381711811705035
-0.06055877148129557,-0.40089968589890185,-0.4402574143659818,0.22290238647397875,0.07346981288052296,0.9350885230892996,-0.12808808729628005,-1.4424078692160798
-0.39338370244393567,-0.3859638466285469,0.7923257871777606,-0.6141796867200554,-0.45137277006892135,-1.187098195978614,1.0037448295399403,-0.7633081191143474
0.24652224169228398,-0.04475103343327294,-0.5333254091347683,1.5016920710292752,-0.3470702044791334,0.5106511792757168,-0.8826433651870936,-0.08420836901261503
2.3622222521979515,0.14379246199244888,1.1561714576699929,-0.31713036795789595,-0.02209918283594569,-0.3382235083514486,0.24918955164912693,0.594891381089118
-0.8159137809489262,-0.7446292721068093,-0.7021386813803988,-0.705162259720344,1.63842766711024,1.3595258669028822,1.3810224684853472,1.2739911311908503
-0.6335717134927563,0.18935519059128564,-0.5415104203511295,-0.5125016865293242,-0.6656023297189113,-1.3993168678854053,-1.511439430096105,-1.3065879191957332
0.7133332427767346,0.0259501702872724,-0.28170572172478336,0.5407103296254818,-0.061370221045245546,0.2984325073689254,-0.3796065132598846,-0.6274881690940006
0.4209264454721736,-0.2698027675046103,1.720299608883167,-0.517366996207706,-0.08486941468792437,-0.55044218025824,0.7522264035763361,0.05161158100773158
-0.5065811203427493,-0.5494657149512981,-0.7036642813652663,2.722564746268277,-0.5412537439432987,1.147307194996091,-1.1341617911506983,0.7307113311094642
0.4521148801220104,1.0277113841315209,1.1013004209383195,-0.6570129027404702,-0.6475580803541514,-0.9748795240718225,-0.002328874314477751,1.4098110812111964
-0.2809149985519362,-0.564766359986098,-0.2688558747512903,-0.4266318196293449,0.57316685491822,0.7228698511825081,1.1295040425217424,-1.1707679691753867
0.45999918343849516,0.6231926950055348,-0.3232972648691518,0.3171434431209772,-0.3898304587248208,-0.12600483644465726,-0.7568841522052914,-0.4916682190736542
-0.45037509233580836,-0.6596466063173387,-0.6259601740330186,-0.11571872681357215,0.7297315992087948,1.5717445388096736,0.374948764630929,0.1874315310280782
-0.809241063793811,-0.6733941297459819,0.7112321178410304,-0.7387868770811025,-0.6741535850741486,-1.5054262038388009,1.5067816814671493,0.8665312811298108
-0.5193870535763477,-0.019428586824622854,-0.7226404499511802,1.0922092002464108,-0.7196144275909742,0.19232317141552974,-1.3856802171143028,1.5456310312315436
0.26293998446152217,0.46330035737477604,0.08052397164618527,-0.2637211796604874,-0.3787771454597585,-0.6565515162116357,-0.25384730027808233,-1.0349480191550402
-0.22252630794135636,-0.6026145304145518,-0.41002909890055034,-0.32759271655128386,1.302495739436856,1.0411978590426951,0.8779856165581381,-0.35584826905330785
-0.3308810755589774,2.236665209538436,-0.430198698378758,-0.4577973662826241,-0.6630178267436047,-1.0809888600252182,-1.0084025781688954,0.3232514810484248
2.026972421491329,-0.47789137108478064,-0.3940376500735039,0.5211750748717213,1.4270675469731708,0.6167605152291125,0.1234303386673241,1.0023512311501575
-0.4685054300924041,-0.7192244403116803,1.5947622680695914,-0.7414224243703124,-0.05909644792999015,-0.23211417239805293,1.2552632555035443,1.6814509812518896
-0.4612921897187073,-0.513189617536774,-0.5993692109061668,0.1891223910039824,-0.2858286350962245,1.465635202856278,-0.6311249392234891,-1.6814509812518896
-0.2943441837315579,-0.1470093420437358,0.5296440577276197,-0.5675948123685753,-0.48710736865156373,-1.2932075319320095,0.5007079776127311,-1.002351231150157
-0.4713620300422359,-0.6408937729243872,-0.17266085790836866,-0.5963897600413307,0.46211611976122985,0.40454184332232107,1.6325408944489515,-0.32325148104842416
-0.487177005772887,0.8341468308045257,-0.62932223473271,-0.16211813066661948,-0.6771392315528769,-0.44433284430484427,-1.5952789054173064,0.35584826905330824
-0.2685597776852212,-0.6293700203776671,-0.689616418494222,2.429620491349301,-0.1420442111122259,1.2534165309494865,-0.4634459885810861,1.0349480191550404
-0.18233274123547513,-0.2381430773824384,0.4145176720645407,-0.506646208274859,-0.33415149823778184,-0.8687701881184269,0.6683869282551341,-1.545631031231543
-0.33601101438615416,-0.3090245076778534,-0.6044235445613724,0.7748320374602232,-0.45181734359766645,0.8289791871359038,-1.2180012664718998,-0.8665312811298106
1.5150935550899,0.2067077152546347,0.08367658287325004,0.15204182991828344,0.03836001351736655,-0.01989550049126159,-0.08616834963567928,-0.18743153102807797
-0.7009228021199558,-0.7176919645498028,-0.6658544210586133,-0.5398343103252378,0.8746185538587526,1.6778538747630694,1.045664567200541,0.4916682190736549
-0.7524936467957507,1.1664340705831129,-0.551798128534951,-0.697408926024207,-0.7416117231956639,-1.677853874763069,-0.8407236275264928,1.1707679691753872
0.32597320136702423,-0.18605532219389104,0.05031576616050812,-0.18593962922485846,0.06473909250387543,0.019895500491261785,0.2911092893097275,-1.4098110812111966
-0.45041733552307933,-0.5183500986835979,0.6363871735547842,-0.6266806000920494,-0.3404300559980447,-0.8289791871359036,1.4229422061459478,-0.7307113311094641
-0.4916436835704131,-0.38475879681866787,-0.6703366937056086,1.1235149584213715,-0.5662823539589128,0.8687701881184272,-1.4695196924355043,-0.05161158100773137
-0.14086086051672006,1.572262608737195,0.10710222567100489,-0.5781659479434222,-0.642265167289221,-1.2534165309494862,-0.33768677559928384,0.6274881690940011
0.7258097094870813,-0.6574163595660018,-0.1297384850839592,-0.5318689250144145,4.250248472593138,0.4443328443048445,0.7941461412369367,1.3065879191957332
-0.17066086629510807,0.4279019084469201,-0.41775911967051443,-0.07449741992428545,-0.5176342738540407,-0.4045418433223209,-1.0922420534900972,-1.2739911311908503
-0.17875013426437544,-0.5379743253052826,-0.5367317816752487,0.25541068973905107,0.35330933509633455,1.29320753193201,0.039590863346122954,-0.5948913810891177
-0.6090475737104738,-0.5162309116862759,0.9820043167740821,-0.6944131917867049,-0.5838006815246832,-1.4656352028562776,1.1714237801823428,0.08420836901261482
1.271684517466446,0.3554922309928143,-0.499873875681972,1.7659453107151102,-0.3792959544388901,0.23211417239805313,-0.7149644145446906,0.7633081191143477
1.5855828767076365,-0.17105218832556213,3.9439499169203445,-0.6539266354954412,-0.42336527487595854,-0.6167605152291122,0.41686850229152955,1.4424078692160798
-0.5733941720231244,-0.6477024824505174,-0.4587840327570445,-0.5392343544475618,0.3250545381477253,1.0809888600252187,1.54870141912775,-1.1381711811705035
-0.4758348263292094,0.8948169985633716,-0.5084832454285213,-0.4123672170514784,-0.652226339916505,-1.041197859042695,-1.343760479453702,-0.459071431068771
1.0450738855411246,-0.2883437193458447,-0.41232807653679626,1.1302105348394953,0.34923477008975345,0.6565515162116358,-0.21192756261748158,0.22002831903296163
0.6216109091304679,-0.5239267170996699,1.7850902308804306,-0.5973942962347568,0.46028079738703637,-0.19232317141552957,0.9199053542187389,0.8991280691346942
-0.8207381628131366,-0.7232289636514032,-0.7578356865038455,2.249224291413873,-0.6610618323064448,1.5054262038388013,-0.9664828405082951,1.578227819236426
-0.45411140157302954,-0.11534966699602728,0.02264404384276203,-0.5684610821887391,-0.5575641134577006,-1.5717445388096731,0.16535007632792503,-1.6542869912478204
-0.22703836833797686,-0.53292945720887,0.09001375286516376,-0.511993002540358,0.2906253310102793,0.12600483644465746,1.2971829931641454,-0.9751872411460877
0.3080020798840481,1.3122886912755218,-0.10248963176731649,-0.23362388437531875,-0.49782499413953324,-0.7228698511825079,-0.5892052015628884,-0.29608749104435506
0.15459147577059815,-0.5957536008277766,-0.43953670421301655,-0.09852369602113747,2.233780725046297,0.9748795240718229,0.5426277152733321,0.38301225905737757
-0.809343097185542,-0.7019838411072942,0.8841909949858311,-0.7420060194640609,-0.6412116215138035,-1.1473071949960905,1.6744606321095523,1.0621120091591099
-0.5175672457030974,-0.28305263375476214,-0.6193802894164822,0.15042024145463612,-0.5607696517637263,0.5504421802582401,-1.665145134851641,-1.5184670412274737
0.44732718116647846,0.5491505068475349,-0.16346901238031725,0.034943427151801605,-0.34736627275685283,-0.29843250736892524,-0.5333122180154206,-0.8393672911257413
-0.3594457338641785,-0.6330812536630726,-0.5540982192554905,-0.214887647697952,1.0068255255798684,1.3993168678854055,0.5985206988207995,-0.16026754102400867
-0.6441659254548209,1.414186069051916,-0.577369897955412,-0.5836647506266249,-0.7150635309083896,-1.3595258669028818,-1.2878674959062346,0.5188322090777242
4.31458259973719,-0.20263910584008668,-0.3706722544637154,0.9644915871167,0.22957364943787348,0.3382235083514488,-0.15603457907001378,1.1979319591794564
-0.15434060007431158,-0.3732595737921899,0.4291484864005382,-0.5058487467260255,-0.15291373205400793,-0.5106511792757166,0.9757983377662063,-1.3826470912071274
-0.3449144979931104,-0.44748236040032546,-0.6161190396316587,0.8828227026606331,-0.34181306427992836,1.1870981959786142,-0.9105898569608274,-0.7035473411053946
0.34791036085123384,0.303206489103019,1.115435296472899,-0.4940052763844275,-0.4194691454837646,-0.9350885230892991,0.22124305987539286,-0.024447591003662048
-0.44995706323252393,-0.6923467284250967,-0.3858907851774502,-0.6089428116527755,2.1224014302511294,0.7626608521650314,1.3530759767116132,0.6546521590980704
-0.5836072940386674,0.4205766555611146,-0.7074025727702297,0.12985021016260898,-0.7236878744181258,-0.08621383546213389,-1.539385921869839,1.3337519091998027
-0.4704307645812729,-0.5580161315399255,-0.6119894729226579,0.18437179119243632,-0.1933042221502337,1.6115355397921969,-0.4075530050336183,-1.2468271411867808
-0.5242418527583552,-0.32764583336764064,0.5129174016538677,-0.6458724907160516,-0.5794491582719244,-1.624799206786371,0.724279911802602,-0.5677273910850483
0.0670659972968062,0.4938711113928125,-0.5485344500821869,0.7681071016030786,-0.5316930957995551,0.07295016846795963,-1.1621082829244318,0.11137235901668413
1.16860342909242,1.0961664332041436,0.9623483578422886,-0.4688762083526405,-0.48152588322998335,-0.7759245191592058,-0.03027536608821148,0.790472109118417
-0.5556744628190056,-0.7348207723024277,-0.6088354634243768,-0.6738117114945784,6.637551226184439,0.9218248560951251,1.1015575507480082,1.4695718592201492
-0.3329882502995492,0.5954783696511066,-0.2798388893545647,-0.4372235998005967,-0.5877002474931213,-1.2003618629727884,-0.7848306439790251,-1.1110071911664343
0.7031107281361985,-0.35484267985886975,-0.12154377599625409,0.019704685578904556,0.8053729077143342,0.4973875122815423,0.3470022728571949,-0.4319074410647017
-0.37560212900860357,-0.6046144889578937,0.841271038179674,-0.6539245538571422,-0.040561500076329554,-0.35148717534562307,1.4788351896934153,0.24719230903703096
-0.7482394320760154,-0.6451492877944109,-0.7371092206558932,1.4812476359569446,-0.655035847378339,1.3462621999087079,-1.4136267088880365,0.9262920591387636
-0.591338284764223,1.2652616828767345,-0.17587614779230729,-0.7195755976727551,-0.7383092881188547,-1.4125805348795797,-0.28179379205181604,1.6053918092404957
-0.0793878119397078,-0.43938944769298016,-0.06257222458894886,-0.36465197843874564,0.24527806633956184,0.285168840374751,0.850039124784404,-1.627123001243751
-0.12508445292552509,0.7048963296484293,-0.38574641946904564,-0.13638517425025037,-0.5362160456343182,-0.5637058472524145,-1.0363490699426299,-0.9480232511420185
0.03217277958652694,-0.5197831769756925,-0.5008328291183891,0.34838064711896,0.63197109589544,1.1340435280019165,0.09548384689359038,-0.26892350104028573
-0.4387997245466145,-0.5363118734869666,2.031936705669107,-0.6851459756671713,-0.4510829209374095,-0.988143191065997,1.2273167637298106,0.4101762490614469
0.5552246535274075,-0.36861401217708367,-0.634164934926928,4.601006213755538,-0.31056181518421894,0.7096061841883337,-0.6590714309972228,1.0892759991631786
0.19365064523955305,-0.2256879117112604,0.16793740137382632,-0.30385920275550105,0.011100487680180047,-0.13926850343883174,0.47276148583899746,-1.4913030512234045
-0.7041886771567628,-0.6897532311246347,-0.5887285754595946,-0.5791760422358836,0.17124638126514663,1.5584808718154992,1.6045944026752177,-0.812203301121672
-0.7277499193497027,0.35783600235894075,-0.6163360582833677,-0.5893026602605523,-0.7128610613781401,-1.5186898708329755,-1.6232253971910404,-0.13310355101993934
1.9187687962630389,0.35404744178181796,-0.3510702907960531,1.129442221264985,-0.2009061677977761,0.1790595044213553,-0.4913924803548198,0.5459961990817935
0.6688959852522406,-0.3440566451759298,5.169008024166008,-0.6648433453910153,-0.36464031092149285,-0.6698151832058101,0.6404404364814,1.2250959491835258
-0.44842465445723473,-0.3977096410732614,-0.6148563763318899,0.44167390869406126,-0.4573755973406663,1.0279341920485208,-1.2459477582456333,-1.355483101203058
-0.003929946555419552,0.4838386139534318,0.27906793223719406,-0.45931989152340597,-0.49437068093129954,-1.0942525270193926,-0.11411484140941303,-0.6763833511013254
0.011876314157505391,-0.582474043298174,-0.1489279448325015,-0.4217819357042699,1.6642405904325837,0.603496848234938,1.0177180754268071,0.002716399000406846
0.7160630391772568,1.8088892409931887,-0.44663673193541564,0.35475759634693016,-0.5465487319199511,-0.2453778393922274,-0.8686701193002268,0.6818161491021397
-0.5477089146316946,-0.723358117264676,-0.7126350399315586,-0.11171452416155701,1.1351569091631313,1.4523715358621034,0.2631627975359938,1.360915899203872
-0.5832823698958335,-0.5110365184461243,0.2875803840173309,-0.6452814002068887,-0.49884138730974537,-1.3064711989261841,1.3949957143722143,-1.2196631511827116
-0.37140791725286787,-0.09790281319911529,-0.6144741072468767,0.5565722422417375,-0.5599272153983255,0.39127817632814665,-1.497466184209238,-0.540563401080979
1.2284497401792152,1.2206182279761442,0.08369336132958774,-0.07928362276356497,-0.37397485776629735,-0.45759651129901874,-0.36563326737301755,0.1385363490207539
-0.38192550719783,-0.6935386204653583,-0.5945991441429775,-0.38485961072333813,2.9213107949963932,1.240152863955312,0.766199649463203,0.8176360991224864
-0.5261104268641963,6.745634023528862,-0.62980835191191,-0.5663746667951631,-0.737329778630352,-0.8820338551126014,-1.1201885452638314,1.4967358492242184
0.1458212377834023,-0.38009707991083236,-0.37774420414333015,0.23190133703478372,0.27532219669049973,0.8157155201417293,0.011644371572388882,-1.0838432011623649
0.00014152225769642682,-0.4978086709645158,0.46510797703945006,-0.5079973202289937,0.3985579880631913,-0.03315916748543605,1.143477288408609,-0.40474345106063236
-0.5939178516955745,-0.6336052834933253,-0.6978121117196863,0.8535905644042937,-0.3863388935947274,1.6645902077688948,-0.7429109063184244,0.2743562990411003
-0.6134231368148012,-0.25007929165048975,0.8125984536201367,-0.7148579818696239,-0.6921756989068093,-1.65132654077472,0.3889220105177959,0.9534560491428333
-0.7021366565203893,-0.7387070103347996,0.01630083060654581,-0.7446897932106068,0.2237731978159793,0.04642283447961071,1.5207549273540164,1.6325557992445652
-0.45125244578726775,0.2837005687122099,-0.4857405174320178,-0.3222465929625981,-0.6000906286500897,-0.8024518531475546,-1.371706971227436,-1.5999590112396818
0.10337983516876374,-0.3692635222852293,-0.45161121548737565,0.5168022668980597,0.11152877123440584,0.8952975221067762,-0.23987405439121529,-0.9208592611379492
-0.3545418582713335,-0.35152187122393447,1.2518874701432336,-0.6318338254748425,-0.48427966925284005,-1.2268891969611373,0.891958862445005,-0.2417595110362164
0.20581522604226019,-0.013603994176581053,-0.5910886438686989,2.1561516085790706,-0.4593085386064841,0.4708601782931934,-0.9944293322820289,0.4373402390655162
3.7813566148135815,0.3121080831237884,1.1244061744557245,-0.38217391067703604,-0.22000179869552566,-0.378014509333972,0.13740358455419094,1.1164399891672485
-0.554296047858315,-0.6341172790249784,-0.49965091083534513,-0.4773067141740196,0.2695514806464978,1.319734865920359,1.2692365013904112,-1.4641390612193352
-0.3979388561663166,0.5764463189542635,-0.22062414820555157,-0.5186886749909495,-0.6133155199124527,-1.4391078688679286,-0.617151693336622,-0.7850393111176027
1.0125248410394347,-0.3442586022986703,0.1855593911801409,-0.1729841761079625,0.9222791009820026,0.25864150638640204,0.5146812234995979,-0.1059395610158698
-0.5915378511678999,-0.6571622549564315,0.8945238305744532,-0.7082111192535531,-0.33465435705948704,-0.5902331812407633,1.6465141403358183,0.5731601890858629
-0.7989967203886608,-0.6474288774720613,-0.7482149481819937,1.5259566906288453,-0.7064727767731643,1.1075161940135676,-1.5813056595304396,1.252259939187595
-0.1453265325671405,0.4396685043694829,-0.09294393009002895,-0.39010611240386933,-0.5076951052832371,-1.014670525054346,-0.44947274269421905,-1.3283191111989887
0.14470776122148607,-0.4922275169504035,-0.2105026284953875,-0.2189303820470934,0.9894447147643578,0.6830788501999847,0.682360174142001,-0.6492193610972561
-0.01769602139832206,0.8385394972856549,-0.5267082534425916,0.3314276476397469,-0.565466362258948,-0.16579583742718065,-1.2040280205850329,0.029880389004476385
-0.4378836228439603,-0.6670437158157119,-0.6776358141585401,0.4529707480190848,0.2604382963483836,1.5319535378271503,-0.07219510374881223,0.708980139106209
-0.8113879590705989,-0.6569299600992518,1.6930854554302615,-0.7443925437704569,-0.7145074250150808,-1.5452172048213242,1.0596378130874076,1.3880798892079411
0.09380064997598621,0.11649368687134651,-0.40562781683506294,0.3410486324607054,-0.35738930004043606,0.15253217043300638,-0.8267503816396259,-1.1924991611786422
0.4486280946177714,0.11850689415670018,0.833447589872709,-0.4123414013368775,-0.26518798996375464,-0.696342517194159,0.30508253519659434,-0.5133994110769097
-0.5447302219540573,-0.6857999429110024,-0.4690867093556351,-0.575144644876674,1.2721983603064186,1.0014068580601718,1.4369154520328147,0.1657003390248232
-0.6724084887651219,1.7329407307584779,-0.6369024967512946,-0.562761741918401,-0.7275748426532869,-1.1207798610077415,-1.4555464465486374,0.8448000891265557
2.263405398270234,-0.4606043004171989,-0.6104451103446495,2.7425678186347136,-0.06589182099037685,0.576969514246589,-0.3237135297124168,1.5238998392282879
0.12110534627045386,-0.32710223734108296,0.4768442225593019,-0.43153979020117694,0.0510477907935092,-0.2719051733805763,0.8081193871238036,-1.0566792111582957
-0.5296334483232922,-0.5392175993101266,-0.6693337735161613,0.8471256978589355,-0.448461794324717,1.4258442018737545,-1.0782688076032303,-0.37757946105656304
-0.1732354566918791,0.44530053239904854,0.6699963838657919,-0.5996439402694939,-0.5946901072445328,-1.3329985329145329,0.05356410923298979,0.3015202890451696
-0.10709148470544157,-0.6713719612434702,0.0054703208625133115,-0.6247927190812073,2.232078811814153,0.3647508423397977,1.18539702606921,0.9806200391469022
0.8907776200730061,5.76455247234874,-0.5125452305008668,-0.33264099055038854,-0.6932264827808474,-0.4841238452873677,-0.7009911686578236,1.6597197892486344
-0.2983178789623514,-0.5367540413739081,-0.46565287418977036,-0.15808449151739976,0.27042807652289363,1.2136255299669632,0.4308417481783965,-1.5727950212356123
-0.5376307030802535,-0.5496188661221796,0.40724522563830234,-0.641502757725901,-0.39468662996160153,-0.9085611891009503,1.5626746650146168,-0.8936952711338799
-0.36923048847073764,-0.31023056866062193,-0.6415610275167615,1.2052219179537578,-0.5165114071916065,0.7891881861533804,-1.329787233566835,-0.2145955210321471
2.69906733141091,0.4743531903101586,0.0293094504250381,0.27757498663890817,-0.07749599285510389,-0.05968650147378497,-0.1979543167306145,0.464504229069586
-0.7674635849830398,-0.7382412444228282,-0.712976587809654,-0.6048127516435488,1.3158649948176244,1.6380628737805458,0.9338786001056057,1.1436039791713177
-0.5625800540470619,0.21710828780780056,-0.4057301270097957,-0.5358441534383283,-0.6393797783634003,-1.598271872798022,-0.9525095946214283,-1.436975071215266
0.8106017200033949,-0.11253948840385196,0.08567227916675851,-0.03399611831431341,0.21883123630717313,0.09947750245630854,0.1793233222147919,-0.7578753211135334
-0.3514546099643969,-0.5184960275737741,1.268586430281238,-0.6399254378442829,-0.2923289191462751,-0.7493971851708568,1.3111562390510123,-0.07877557101180091
0.1903292111884235,-0.44384611536091834,-0.6142253218437238,2.767292633727895,-0.13018761012940236,0.948352190083474,-0.5752319556760213,0.6003241790899322
-0.2881362046064675,-0.3073997992959562,3.991042729495195,-0.7136939092734121,-0.6367794948047062,-1.1738345289844394,0.556600961160199,1.2794239291916645
-0.5228675568946647,-0.6195747873708802,-0.2867619828792092,-0.567896218828672,0.15296418521412528,0.5239148462698913,1.688433877996419,-1.3011551211949193
-0.4844083924733082,0.27329379372573576,-0.5982825103807508,-0.11462965247928897,-0.6322468396588403,-0.3249598413572741,-1.6884338779964192,-0.6220553710931868
-0.32340997987835746,-0.5540098720341523,-0.6426088917176334,1.1783509809084443,-0.16535954457425311,1.3727895338970566,-0.5566009611601987,0.05704437900854549
-0.4088470280944856,-0.25594736512829935,1.9069086727468108,-0.6903599148850993,-0.6188452689066615,-1.3860532008912307,0.5752319556760217,0.7361441291102784
-0.39829706106180496,-0.09936359170319418,-0.7106839019457196,1.9378825626177445,-0.6933146524065827,0.3116961743630999,-1.3111562390510125,1.4152438792120106
0.3094854551527721,0.32213718722611545,0.08631323247589624,-0.2292352612131271,-0.3198580222210232,-0.5371785132640655,-0.179323322214792,-1.165335171174573
-0.34657237055767803,-0.6206045823381201,-0.4561648862300018,-0.3703641978559312,1.0698797368632171,1.1605708619902653,0.9525095946214285,-0.4862354210728405
-0.17466386028521974,2.183169096208959,-0.3698149788510177,-0.386151827997147,-0.6319888136454217,-0.9616158570776481,-0.9338786001056055,0.19286432902889233
1.2672636893562688,-0.52424976860947,-0.4245082707719888,0.3959949608412244,1.787706296716327,0.7361335181766826,0.197954316730615,0.871964079130625
-0.47798733519776704,-0.7175635666902835,0.8467974634113161,-0.7362818311092055,0.2001970898763676,-0.1127411694504828,1.3297872335668355,1.551063829232357
-0.6902996430849205,-0.5706836816082759,-0.6903205896514354,0.16200350480694006,-0.5695213758204571,1.585008205803848,-1.5626746650146168,-1.0295152211542264
-0.3800178965243512,0.6444308558811704,-0.09944122044281818,-0.5568974112791538,-0.6241515622413139,-1.4921625368446265,-0.4308417481783965,-0.3504154710524935
1.0164435880828138,-0.44069386013443024,0.3802514537006026,-0.3340919551445121,1.2852419814624947,0.2055868384097042,0.7009911686578242,0.3286842790492389
-0.27018777031066094,3.445287284707615,-0.5835978463814522,-0.29733528764803324,-0.6932386234893336,-0.6432878492174612,-1.1853970260692102,1.0077840291509716
0.017659564750949017,-0.7033360290367189,-0.7081214351982751,1.055226580183151,0.6346967281312729,1.0544615260368697,-0.0535641092329897,1.6868837792527038
-0.42794529440719126,-0.4088851165230488,0.30334991913549897,-0.5852147051923918,-0.4107849268966202,-1.0677251930310439,1.0782688076032303,-1.6760181832510757
-0.0020699939935496054,-0.18263476791711206,-0.4992637825838567,0.723511595610806,-0.2864841006440803,0.6300241822232869,-0.8081193871238032,-0.9969184331493434
1.0868102479269335,-0.025104575290802216,0.6024228823159632,-0.24012281275941785,0.1146367378496628,-0.2188505054038785,0.32371352971241707,-0.3178186830476107
-0.7263380573117791,-0.7192983218276195,-0.632930911581527,-0.6187420807478552,0.7678041341100833,1.4788988698504524,1.4555464465486374,0.36128106705412194
-0.7477469997886933,1.5820493065903702,-0.6560864991023028,-0.6283847429707187,-0.740140155379966,-1.2799438649378352,-1.4369154520328147,1.0403808171558542
0.16321165712247976,-0.17042581214680788,-0.32176454444104263,0.20210069530583655,-0.09429621107039686,0.41780551031649554,-0.3050825351965943,-1.5401982332307294
0.11261999618986959,-0.3112689272878756,0.7042678716171725,-0.4693606086377873,-0.039221875609451166,-0.43106917731066985,0.8267503816396263,-0.8610984831289967
-0.45073904783963387,-0.5021400424641181,-0.6612033936478149,1.2236974740215771,-0.4340846299615427,1.266680197943661,-1.059637813087408,-0.1819987330272643
0.7616499211903514,0.7070153749842956,1.1618518162892735,-0.4845300145917412,-0.4559028766495292,-0.8555065211242524,0.07219510374881254,0.4971010170744686
-0.48366612742434356,-0.719676763993554,-0.50984632624461,-0.6463516792115349,4.259365982847013,0.8422428541300783,1.2040280205850329,1.1762007671762007
0.13109017254362737,0.159833631282555,-0.32672389647830674,0.14985779319337877,-0.33751326658700065,-0.006631833497087131,-0.682360174142001,-1.4043782832103828
-0.5078871425521689,-0.6337119255021259,-0.5981530725511573,-0.2185364526106626,0.29823394156305033,1.6911175417572437,0.4494727426942196,-0.7252785331086501
-0.7676442316120164,-0.623469838269275,0.20350597005031257,-0.7181957501110608,-0.638958189649752,-1.694433458505787,1.5813056595304398,-0.04617878300691789
-0.5109810202374695,0.21567876207178868,-0.6736333718290781,0.26062699672912654,-0.6814541611228351,0.0033159167485437126,-1.6465141403358186,0.6329209670948147
0.4394430996098855,4.997358323689532,-0.19051409325624716,-0.5224225122501394,-0.6694695789379599,-0.8455587708786216,-0.514681223499598,1.312020717196547
-0.09544345978541116,-0.49888452577972436,-0.32350066024212715,-0.2026197292495464,0.5453754677405456,0.8521906043757091,0.6171516933366223,-1.2685583331900363
-0.5287772198362386,0.7338993210111278,-0.49030837946445166,-0.482889258345549,-0.6594569260332714,-1.2699961146922043,-1.2692365013904117,-0.5894585830883037
1.4741135373081073,-0.1413605219737056,-0.2572446677827078,0.7149863842956867,0.3344710526457699,0.4277532605621264,-0.13740358455419122,0.08964116701342872
0.24114856166488674,-0.5048109125326188,2.556766876044815,-0.6301883709447402,0.025844542823693147,-0.42112142706503897,0.9944293322820292,0.7687409171151613
-0.6484909636315285,-0.6820166612456504,-0.7423399064976273,4.496109139208994,-0.5865923215676335,1.276627948189292,-0.891958862445005,1.4478406672168935
-0.37809541883930253,-0.0544566383339577,0.23393565886638687,-0.5708262645523939,-0.5452879454344314,-1.4822147865989956,0.23987405439121595,-1.1327383831696898
-0.2495970709378552,-0.5778419567524418,0.07988866859865508,-0.5420722856354147,0.5165983628402809,0.21553458865533506,1.3717069712274363,-0.4536386330679573
-0.47326350979631704,1.1020271807200948,-0.5995528872255442,-0.2651447961869632,-0.6729600697913312,-0.6333400989718303,-1.5207549273540162,0.2254611170337751
0.12616690185022125,-0.5569943673726236,-0.6422541805085511,2.4910234008011836,0.05354542347439163,1.0644092762825006,-0.38892201051779585,0.904560867135508
-0.4185247905453018,-0.5434632786949677,8.005859438789336,-0.7359475912041913,-0.6535823138472036,-1.057777442785413,0.7429109063184252,1.5836606172372403
-0.31498728360454736,-0.2462181438211617,-0.5511838908133019,0.3377664291502302,-0.4289710337782863,0.6399719324689177,-1.1434772884086095,-1.6488541932470064
0.6352378402101302,0.12746764713773268,0.12543017501244577,-0.10679638569342688,-0.10779194501261129,-0.20890275515824763,-0.011644371572388923,-0.9697544431452739
-0.5788544140514641,-0.675728259719064,-0.5728610186543809,-0.47661795237294496,0.7743612436757292,1.4888466200960833,1.1201885452638314,-0.2906546930435416
-0.5672570352012181,1.1094078238331264,-0.3866841818448354,-0.6180599011086468,-0.6962394955145024,-1.5883241225523912,-0.7661996494632025,0.38844505705819127
3.7803775692906765,-0.34466418554971645,0.3891115936300968,-0.22932908279244654,0.9463969170474221,0.10942525270193938,0.36563326737301804,1.0675448071599234
-0.4883230602582033,-0.5175135059158872,0.2230337502946161,-0.6053620110512143,-0.3291403205253064,-0.739449434925226,1.4974661842092383,-1.5130342432266601
-0.47021891315573505,-0.38655075964101243,-0.6396185220546903,0.6480152247928117,-0.508726022953755,0.9582999403291048,-1.394995714372214,-0.8339344931249274
-0.018266870345722698,0.910179503704548,0.20715421899752381,-0.48835588334455793,-0.5566085375478842,-1.1638867787388085,-0.26316279753599353,-0.15483474302319497
0.3658468387198292,-0.5861848196841007,-0.09117418135791404,-0.39846513523914506,2.5579315875270074,0.533862596515522,0.8686701193002272,0.5242650070785378
0.24573864551998514,2.73014071188233,-0.5772566030469785,0.1252661272326357,-0.6610890010445035,-0.3150120911116433,-1.0177180754268074,1.2033647571802701
-0.33193502014961446,-0.5407021092859671,-0.5300649372942163,0.0001719322385977967,0.13356776669348422,1.3827372841426875,0.1141148414094131,-1.3772142932063134
-0.5621690889988371,-0.48863856507429454,0.5635194797963942,-0.6565076426101645,-0.5221320747453394,-1.3761054506455999,1.2459477582456333,-0.6981145431045808
0.8196068114424995,0.14978012721219447,-0.4173385983644259,1.1726939807879608,-0.22968343794951887,0.3216439246087307,-0.6404404364814003,-0.019014793002848352
1.2873312331020597,-0.09208303583152148,2.3151634786907667,-0.5029724975677434,-0.14073192665767756,-0.5272307630184346,0.49139248035482014,0.660084957098884
-0.8490036549821172,-0.7474609429964235,-0.6955998703407527,-0.731238300740434,1.1288702489336535,1.1705186122358961,1.6232253971910404,1.3391847072006162
-0.5602301277272383,0.2831044413777278,-0.5485124688894196,-0.3968703690825856,-0.6448186272110316,-0.9516681068320172,-1.6045944026752177,-1.241394343185967
0.2760734255463222,-0.26435182880204783,-0.4655504149744501,0.9296764903159657,-0.03516776856396974,0.7460812684223134,-0.47276148583899724,-0.5622945930842344
1.0074702980569459,-0.31155645720299535,0.8920503883368959,-0.37810561080056587,0.4997626973373948,-0.10279341920485197,0.6590714309972231,0.11680515701749805
-0.7529925806289417,-0.6691710717697378,-0.7355646230005642,1.0798899791460084,-0.6157812727360459,1.5949559560494788,-1.227316763729811,0.7959049071192302
-0.7100475558099383,0.18904689209794462,-0.07060383040629731,-0.7291895426962308,-0.73839818160976,-1.641378790529089,-0.09548384689359046,1.475004657220963
-0.040370437027003915,-0.4559513098955356,0.18307435512409934,-0.44669926187806697,0.2769697070254474,0.05637058472524154,1.0363490699426299,-1.1055743931656203
-0.018408962659495,1.273634174412668,-0.2860409993210001,-0.2591141563766643,-0.5579283413194424,-0.7925041029019239,-0.850039124784404,-0.426474643063888
0.4573704807100674,-0.5219435006396534,-0.4208215060484214,0.24062465404622768,1.4589126811652928,0.905245272352407,0.28179379205181654,0.25262510703784463
-0.7170587732938186,-0.653694491159181,1.6746047851985653,-0.7333392829478652,-0.617682049539913,-1.2169414467155064,1.4136267088880368,0.9317248571395773
-0.6965766708266289,-0.45363872387496296,-0.744698960991739,1.8316621313443981,-0.7285520181908024,0.48080792853882426,-1.4788351896934155,1.6108246072413095
0.1347025809837708,0.19076728849204547,-0.12328511551305797,-0.15120603363844226,-0.32691964206886076,-0.36806675908834113,-0.34700227285719504,-1.621690203242937
-0.39346923267629386,-0.6069874718196101,-0.49734906357312236,-0.3090932460922628,0.6069446247859428,1.3296826161659896,0.7848306439790257,-0.9425904531412046
-0.5430747574175224,0.8953850356171135,-0.4611626927201731,-0.5372897963436013,-0.6718638367558039,-1.4291601186222977,-1.1015575507480087,-0.26349070303947203
2.4321235677471638,-0.11971136541541438,-0.0664102815186219,0.3764683257502647,0.5150615453322686,0.26858925663203287,0.030275366088211946,0.4156090470622606
-0.23636133421800387,-0.6094285447412244,3.4921579401871057,-0.7055627617702973,-0.26912095705149314,-0.5802854309951325,1.1621082829244318,1.0947087971639928
-0.3085828934170363,-0.4167847251842565,-0.5617176805393246,0.4159731057467649,-0.27006543790954984,1.1174639442591983,-0.7242799118026017,-1.4858702532225907
-0.01813419280720968,-0.01880703087693797,0.7307265876564663,-0.506592792478061,-0.3975744726184239,-1.004722774808715,0.4075530050336186,-0.8067705031208582
-0.4832657566689859,-0.659438863289926,-0.3193225301956132,-0.5811399230356414,0.8493989163548618,0.6930266004456156,1.539385921869839,-0.12767075301912564
-0.2131263317624232,0.887703926492121,-0.6090260620324621,0.3170322926169981,-0.6370422100429112,-0.1558480871815498,-1.3530759767116132,0.5514289970826072
-0.5797895100891185,-0.7064380114358361,-0.7234354511702304,0.7208539685122671,-0.06011865403908274,1.5419012880727812,-0.22124305987539275,1.2305287471843394
-0.5324839188743249,-0.3871022169400494,0.27144957043696827,-0.6246139241944898,-0.5359931826800871,-1.5352694545756935,0.9105898569608277,-1.3500503032022442
0.12308502727089499,0.22705903868363075,-0.46354996862776376,0.5772051007017036,-0.4157921989840241,0.16247992067863723,-0.9757983377662065,-0.6709505531005114
0.8516556204892326,0.40034046034195603,0.9804316707447321,-0.3935517749066517,-0.3068516376767653,-0.6863947669485282,0.15603457907001406,0.00814919700122097
-0.5278776912802857,-0.7042147521054769,-0.5127547079211913,-0.5919748620128702,2.3565665436986487,1.0113546083058027,1.2878674959062344,0.6872489471029534
-0.2484683568678998,4.928339760310373,-0.3328619310383215,-0.6291054893964128,-0.7132817215085381,-1.1108321107621109,-0.5985206988207995,1.3663486972046857
0.11588276741751712,-0.4234788199167754,-0.19616081122187312,-0.17109284945818953,0.5043521230070165,0.5869172644922199,0.5333122180154211,-1.2142303531818976
-0.4737616453081123,-0.5977123225697532,0.24444922440104613,-0.6246308403604084,-0.08692176369511838,-0.26195742313494547,1.6651451348516413,-0.5351306030801652
-0.7451850336851148,-0.6065855421151289,-0.72162469295441,0.48096520327693737,-0.6387133981062083,1.4357919521193854,-1.6744606321095523,0.14396914702156738
-0.3407010846171687,2.1527959057531345,-0.2008466441724393,-0.6081395404893212,-0.6854290282344824,-1.3230507826689022,-0.5426277152733319,0.8230688971233
1.9288068044101123,-0.6382503155621795,-0.13544787406094908,-0.4774021339770178,3.383726739806584,0.37469859258542854,0.5892052015628886,1.5021686472250322
-0.2922405627585249,0.4723063834313087,-0.4809642354910598,-0.12456575657856522,-0.5690573507955824,-0.4741760950417368,-1.2971829931641454,-1.0784104031615513
-0.09773685763505059,-0.5084080506436225,-0.5492748843497001,0.5806502415392332,0.22860649323501311,1.223573280212594,-0.16535007632792512,-0.39931065305981867
-0.1585384190172606,-0.40728873593083437,2.32931663219256,-0.6369138879674994,-0.37019811768560795,-0.8986134388553194,0.9664828405082954,0.27978909704191396
-0.04998953555062612,-0.3994842189388048,-0.6692527647325806,4.6418641836059935,-0.46723927687208927,0.7991359363990113,-0.9199053542187388,0.9588888471436466
9.079922783980471,-0.32324393926373907,0.32879713210892686,-0.41862901790416834,0.10087180000840483,-0.04973875122815412,0.21192756261748186,1.637988597245379
-0.6574676806387291,-0.6605821450588452,-0.5725066961232259,-0.5159107005331358,0.05521085754429677,1.6480106240261767,1.3437604794537021,-1.5945262132388678
-0.7078290213759206,0.12230975363237978,-0.576569858057745,-0.5790000379011765,-0.6929561124888166,-1.667906124517438,-1.5487014191277502,-0.9154264631371354
1.1487519527061811,0.38829490414250417,-0.18658388976402274,0.4460423046635821,-0.17225321665607443,0.029843250736892632,-0.41686850229152966,-0.23632671303540273
0.21318900197965057,-0.24949862898273184,2.7480343683333057,-0.6006823273345763,-0.33556112891989287,-0.8190314368902728,0.714964414544691,0.4427730370663299
-0.44831077258336544,-0.5009243049385829,-0.7122209040143983,4.3831292347537945,-0.6046649612250966,0.8787179383640581,-1.1714237801823433,1.121872787168062
-0.25644470397310504,0.11831024222357722,0.08740018445458561,-0.49299460166252457,-0.5072236774664266,-1.2434687807038554,-0.03959086334612283,-1.4587062632185215
-0.1033932671063224,-0.5350707860839831,-0.07402323322707491,-0.4304188435002581,0.7260709775549662,0.4542805945504753,1.0922420534900972,-0.7796065131167889
0.45576885419363383,1.305262541759672,-0.30130550342282836,0.08075730379502472,-0.48401186938744284,-0.3945940930766901,-0.7941461412369365,-0.10050676301505632
-0.20874834332026115,-0.6483099674878748,-0.5985405030748787,0.03862730329628314,1.434674280465833,1.3031552821776409,0.33768677559928395,0.5785929870866765
-0.8510145778652375,-0.702048925814789,0.9413173203447366,-0.7456274217494054,-0.7023127149333958,-1.4556874526106467,1.4695196924355043,1.2576927371884088
-0.35167825540532943,-0.062091554126641635,-0.5626927833613962,0.22083633369340355,-0.5260296997825824,0.24206192264368398,-1.4229422061459478,-1.3228863131981747
0.49072351076611476,0.6834761204477513,0.11528584546029332,-0.2182049130673963,-0.37412542038164687,-0.6068127649834814,-0.2911092893097274,-0.6437865630964419
-0.22412768844611114,-0.6276395303090182,-0.454277318175554,-0.3265794064957434,1.7815085171764387,1.0909366102708495,0.8407236275264932,0.03531318700529008
-0.363786756039658,3.188932842112811,-0.4909731109328041,-0.48184832211416917,-0.6885994414230308,-1.031250108797064,-1.045664567200541,0.7144129371070227
2.0913114919308105,-0.5755686017974367,-0.5220252376281843,0.5991657293500394,1.4292125269229294,0.6664992664572666,0.08616834963567942,1.3935126872087549
-0.2106121823240065,-0.47842968049437284,0.27528921116750255,-0.517969481212832,0.04479427162630764,-0.18237542116989872,1.2180012664718998,-1.1870663631778284
-0.450403709639673,-0.5546258522889462,-0.6431052265969254,0.6595658111067788,-0.271676083056493,1.5153739540844322,-0.6683869282551341,-0.5079666130760957
-0.4574311132854906,-0.1716894273913125,0.8459614833987956,-0.6609737226155674,-0.6124718833539026,-1.5617967885640425,0.46344598858108643,0.17113313702563648
-0.5254045894812659,-0.6958186625637709,0.05454482545879192,-0.6966238335421463,0.4832656109018651,0.1359525866902883,1.5952789054173067,0.8502328871273693
-0.793064057745645,1.330914688232795,-0.7192464418305381,-0.560012892303422,-0.7515572980891794,-0.712922100936877,-1.6325408944489515,1.5293326372291016
-0.08521726262982973,-0.37739074949978757,-0.5154787401388713,0.6141537189746544,-0.10557344607664759,0.9848272743174538,-0.5007079776127312,-1.051246413157482
-0.16387884386494586,-0.17606086800228846,1.1641837916302877,-0.5816120215875741,-0.4480425472561043,-1.1373594447504596,0.6311249392234891,-0.37214666305574934
-0.21200131999881655,-0.15514170253003642,-0.6381788885349278,1.744678240872755,-0.5380351455619236,0.560389930503871,-1.255263255503545,0.3069530870459829
3.942637841813148,0.8136368011324971,0.30864912973982445,-0.1178933501312385,-0.2707575343292639,-0.2884847571232944,-0.12343033866732436,0.986052837147716
-0.8281307391306855,-0.7502100759287058,-0.7361412781565869,-0.7056468167617513,3.083676035129531,1.4092646181310364,1.008402578168896,1.6651525872494481
-0.4607529999453142,0.3045601665681645,-0.3512433778287357,-0.47655513726625137,-0.6054401558535948,-1.349578116657251,-0.877985616558138,-1.5673622232347986
0.5664429635084256,-0.26232153467290087,-0.07662862723729442,-0.00552171496225662,0.3924191985941141,0.34817125859707965,0.25384730027808283,-0.888262473133066
-0.3190197670780168,-0.5410905533296206,0.8807570093712774,-0.6188647820275355,-0.13364344237624665,-0.5007034290300857,1.385680217114303,-0.2091627230313334
-0.6666716277530457,-0.5629417998660385,-0.7153397055411281,1.2260367442724291,-0.6225392889232746,1.197045946224245,-1.5067816814671493,0.46993702707039925
0.4445149191379603,3.2096084323588743,0.07150604696784138,-0.541313050525578,-0.6438441730596364,-0.9251407728436684,-0.3749487646309289,1.1490367771721315
-0.15002467550558632,-0.5054314748244294,-0.2898292904932177,-0.28568993682098504,0.4767040630917381,0.7726086024106623,0.7568841522052919,-1.431542273214452
-0.04112926199803219,0.40474201164451723,-0.4729063025669531,0.27055285576916316,-0.49611944959312454,-0.07626608521650305,-1.1295040425217426,-0.7524425231127194
-0.4381375083218392,-0.6277530181106226,-0.6349697586031587,0.17922053673925306,0.20497922377498157,1.6214832900378278,0.002328874314477878,-0.073342773010987
-0.711931444602296,-0.5729576485657294,0.9872486957651395,-0.7234806148204715,-0.6555176267271717,-1.6148514565407401,1.1341617911506983,0.6057569770907458
1.5228217344163055,0.7250681894156272,-0.55948583492687,1.4322259520874137,-0.5368257469294793,0.08289791871359047,-0.7522264035763357,1.2848567271924776
0.04245955564700161,-0.05292669350953845,0.43979907898227955,-0.43675039934179,-0.30536082011627175,-0.7659767689135749,0.37960651325988487,-1.2957223231941055
-0.5219517315414242,-0.6512145542537338,-0.41052065352399836,-0.5445513357729543,0.6289678893199733,0.931772606340756,1.5114394300961052,-0.6166225730923726
-0.5717444018251667,1.1393219010103808,-0.5567215067109835,-0.5005874238231866,-0.6893954163829527,-1.1904141127271575,-1.3810224684853472,0.0624771770093594
2.0223728348440195,-0.2207731922151489,-0.41766880021706465,1.4632039341769074,0.25228033417117407,0.5073352625271732,-0.24918955164912665,0.741576927111092
0.5393479380507504,-0.593050630006305,3.5518614210858317,-0.6921568235441585,0.010775322552171427,-0.34153942509999224,0.8826433651870941,1.4206766772128243
-0.4772956481026615,-0.49131728483511045,-0.6303603316116659,0.4755921209817774,-0.39670998482586917,1.3562099501543385,-1.0037448295399403,-1.159902373173759
-0.2696096181340932,0.1603699192355622,0.42662539847689335,-0.5698508243576849,-0.5567222006963621,-1.4026327846339488,0.12808808729627996,-0.48080262307202665
-0.12149543425209176,-0.6050695593116426,0.11559550936167778,-0.5489565077377873,1.1066561030227422,0.2951165906203818,1.2599210041325002,0.1982971270297058
0.9937657364848291,3.2191259949201987,-0.24408175998226705,-0.17057894349835181,-0.5711300394647143,-0.5537580970067836,-0.6264671905945334,0.8773968771314387
-0.3400592948338395,-0.7264438774173982,-0.6827198812594097,-0.37293764879241953,4.566541653590747,1.1439912782475472,0.5053657262416871,1.5564966272331708
-0.5819430633097612,-0.5622617105025826,0.2854368557587239,-0.648698642887318,-0.42895527070857126,-0.9781954408203661,1.6371986430779073,-1.0240824231534127
-0.5029953289395512,-0.32161574107391844,-0.6595586964861688,0.7173395335872127,-0.5802942335940392,0.7195539344339645,-1.5906211567883508,-0.34498267305168
1.7518647177045459,0.8883024840451085,-0.16404801284801504,0.38568230119294816,-0.2921873207819207,-0.12932075319320088,-0.4587882399521304,0.3341170770500526
-0.6405624821341295,-0.723275495985126,-0.6906898918312491,-0.43886077572036253,1.5107869603538322,1.5684286220611299,0.6730446768840901,1.0132168271517852
-0.8776692122066747,1.5310391679919275,-0.6995514477858329,-0.7217788271520096,-0.7591036050678308,-1.5087421205873446,-1.213343517842944,1.6923165772535176
0.19352613092102644,-0.14386499754645027,-0.19002565830623877,-0.012137849072777093,-0.07009073498165319,0.18900725466698615,-0.08151060100672361,-1.6966628156541683
-0.19093106466023488,-0.39054248103958356,0.674828309637256,-0.5472143216006425,-0.2127016590162954,-0.6598674329601792,1.0503223158294968,-1.017563065552436
-0.18638897697590887,-0.39983906329602137,-0.6020744600197923,1.3318014640560634,-0.29470474985320316,1.0378819422941516,-0.8360658788975373,-0.3384633154507035
0.13796315969956854,0.2058253466618673,1.512823647889297,-0.5764300231365983,-0.5010960202089821,-1.084304776773762,0.29576703793868336,0.34063643465102933
-0.5239071473984326,-0.71368604710997,-0.36759214672559765,-0.6767043314717383,2.0838528941588375,0.6134445984805689,1.4275999547749039,1.0197361847527615
-0.3960452041061424,0.11270722886649825,-0.5300142497408151,-0.08819981758682462,-0.565656127345928,-0.23543008914659655,-1.4648619438065487,-1.560842865633822
-0.3599263993918479,-0.5393273474906564,-0.5942985338788056,0.3636908017722539,-0.07269855797864505,1.4623192861077343,-0.33302902697032816,-0.8817431155320895
-0.3596154492450581,-0.3113481000551944,1.2084488409064396,-0.6330497123905678,-0.5100972660428615,-1.2965234486805532,0.7988038898658925,-0.20264336543035694
0.10050991048594522,0.05625937311786944,-0.6035508680177478,1.921864031051716,-0.5088294845100756,0.4012259265737775,-1.0875843048611418,0.4764563846713759
3.526639696005048,0.6130094571405934,0.9514466492697486,-0.39145789174593043,-0.33805175670384413,-0.4476487610533879,0.04424861197507883,1.155556134773108
-0.5048916395318886,-0.6209826108327136,-0.4761587437484435,-0.4479319969579901,0.3450940597488,1.250100614200943,1.1760815288112987,-1.4250229156134753
-0.03933123056350679,0.9462247620508661,-0.1992578001922859,-0.3097961390338516,-0.5347594227772664,-0.8720861048669705,-0.7103066659157349,-0.745923165511743
0.3908313774081464,-0.5018862459010668,-0.3334755860155541,0.028260463817748598,1.398085818143924,0.8256632703873602,0.4215262509204855,-0.06682341541001031
-0.44569263619426513,-0.6654370367464274,0.3334136903906796,-0.6760752765784354,0.2936236074387448,-0.023211417239805205,1.553359167756706,0.6122763346917222
-0.8696377983488995,-0.7192240090236596,-0.7575563540250573,0.6934640903279206,-0.698664126610992,1.6745379580145257,-1.3391027308247463,1.2913760847934543
-0.48828369057434007,0.061154552030229944,-0.11769645415864484,-0.5720868512135322,-0.603703256352968,-1.6811697915116124,-0.2072698139885259,-1.289202965593129
0.2111717548894403,-0.425229913562243,0.3955386697553816,-0.4252765209324627,0.4386568257758597,0.01657958374271817,0.9245631028476944,-0.6101032154913966
-0.09226149866273287,1.9718153607918776,-0.37282370554124444,-0.3017700673275025,-0.6104232599436835,-0.8322951038844472,-0.9618250918793395,0.06899653461033609
0.7808817725037746,-0.5443723524352996,-0.47896164786435985,0.48819967475165177,1.606935824445652,0.8654542713698836,0.17000782495688088,0.7480962847120683
-0.7984177459526856,-0.6920084988256491,2.5136416942304005,-0.7453213698999697,-0.6858417899083339,-1.2567324476980297,1.3018407417931013,1.4271960348138009
0.191760823120269,-0.09507160842315084,-0.39893312106938084,0.4871714861376251,-0.19806849983786368,0.44101692755630084,-0.5845474529339326,-1.1533830155727827
0.5700623526547299,-0.14317245956078845,0.8825532296456098,-0.39421016053047375,-0.006007004953924367,-0.4078577600708645,0.5472854639022879,-0.47428326547104993
-0.7262855104598691,-0.7156475626665313,-0.5937986595029559,-0.640385678453147,0.5794887551928154,1.2898916151834663,1.679118380738508,0.2048164846306825
-0.8229416030960419,0.5178323605189149,-0.683117577534987,-0.6572501660533786,-0.745219809450336,-1.468951119604821,-1.6604873862226854,0.8839162347324153
3.1662986352157203,0.0667978116530876,-0.5746010108376024,1.9111047108081718,-0.4505621723066213,0.2287982556495095,-0.5286544693864648,1.5630159848341476
-0.07395577715343914,-0.2237166254529919,0.3153887963011658,-0.4493243555707762,-0.24011941198166964,-0.6200764319776558,0.6031784474497554,-1.669498825650099
-0.4647718059419489,-0.41871181966160265,-0.6337007620221317,0.6041738518767956,-0.47459150598905936,1.077672943276675,-1.2832097472772788,-0.9903990755483666
0.12968922119813886,0.7229586360844252,0.3507182144333422,-0.452384559071629,-0.5012745040460758,-1.0445137757912384,-0.1513768304410581,-0.311299325446634
0.04743826111001914,-0.6118104738454652,-0.206842732059592,-0.431923521526879,2.395002105716734,0.6532355994630922,0.980456086395162,0.36780042465509866
0.7019726471086714,1.9467725900836392,-0.5263830839874183,0.44927167843696936,-0.5984402597350146,-0.1956390881640732,-0.9059321083318719,1.046900174756831
-0.41706422213319133,-0.5679410903000076,-0.5468893708094388,-0.11466543480761787,0.09532096312156946,1.5021102870902576,0.2259008085043487,-1.5336788756297526
-0.6510062279573726,-0.5287767272730468,0.27437369015638385,-0.672743517180737,-0.5691446381656478,-1.5750604555582168,1.357733725340569,-0.8545791255280202
-0.36110726008018634,0.1342781223588431,-0.6167460638304566,0.4121025522649342,-0.6002884702690905,0.12268891969611384,-1.5347281732408833,-0.1754793754262876
0.8486451397521652,2.0807194991201157,0.11201717887007827,-0.3131237353504352,-0.5169033974489945,-0.7261857679310515,-0.40289525640466267,0.5036203746754453
-0.11520549434270774,-0.6958728527861485,-0.5527230423800348,-0.410844108167271,5.532398557092018,0.9715636073232793,0.7289376604315579,1.1827201247771775
-0.46091356095082286,0.4105952812242501,-0.430217180920791,-0.4244625431104596,-0.6141162931816654,-1.1506231117446342,-1.1574505342954764,-1.397858925609406
0.5786771108313286,-0.25548495530321336,-0.2673526302460287,0.3313658399786317,0.31114730577328714,0.5471262635096965,-0.025617617459255813,-0.7187591755076737
0.05320715427376381,-0.47608816102816254,1.080506412354449,-0.5541916555974924,0.15864168310190244,-0.3017484241174688,1.1062152993769643,-0.03965942540594099
-0.48220150013951707,-0.6085044330363424,-0.6961135806570007,1.9542062978165315,-0.3852141480479942,1.396000951136862,-0.7801728953500694,0.6394403246957915
-0.448576229872749,-0.15045923967252994,1.8612308089567566,-0.7185169113317255,-0.6879548340323659,-1.3628417836514255,0.3516600214861508,1.3185400747975236
-0.3968610877928649,-0.5787205718703249,-0.1415480999420847,-0.5350171374315852,0.2222181471735528,0.3349075916029052,1.4834929383223712,-1.2620389755890598
-0.34062039956639917,0.6687712892768723,-0.5274305509583737,-0.14057601076530113,-0.6082496287497059,-0.5139670960242602,-1.408968960259081,-0.5829392254873272
-0.021279081542747807,-0.5169111936625742,-0.5833265904688991,1.0648269114329212,0.1922885040226573,1.1837822792300707,-0.27713604342286036,0.09616052461440541
-0.12117268958543712,-0.40649019795825336,3.811461483151327,-0.6733199815086731,-0.45027694348658187,-0.9384044398378428,0.85469687341336,0.775260274716138
-0.3228187673016432,-0.5055268429431342,-0.7198472324326906,7.3196818684454055,-0.6207533138886933,0.7593449354164878,-1.031691321313674,1.4543600248178703
0.5401416758382511,-0.022879636030777757,0.09305098185833037,-0.11483511847293845,-0.014912860905266497,-0.08952975221067751,0.10014159552254626,-1.1262190255687132
-0.6454152436673963,-0.6846457554422032,-0.5955570943826244,-0.5147133121685238,0.48369245004611255,1.6082196230436534,1.2319745123587666,-0.4471192754669806
-0.5464274186201605,0.8764502069614254,-0.31853051524567133,-0.6156055771951515,-0.6851884656053947,-1.6281151235349147,-0.6544136823682671,0.2319804746347518
2.737486809473029,-0.3641665294035283,0.6131744856322585,-0.3081176231573544,0.9902990655306737,0.06963425171941601,0.4774192344679533,0.9110802247364846
-0.833637256474964,-0.7322956190342776,1.4368008047904384,-0.7477856880112245,-0.6281303880692983,-0.7792404359077494,1.6092521513041735,1.5901799748382168
-0.5646584074003748,-0.4036924541457139,-0.6377108348400716,0.16712795326148952,-0.5448294465969173,0.9185089393465815,-1.6185676485620848,-1.6423348356460297
-0.22394478026980158,0.587036257513553,-0.1012038473826275,-0.45232217198031655,-0.5580879882292281,-1.203677779721332,-0.4867347317258641,-0.9632350855442973
0.4874536865916351,-0.4538026429427741,-0.052973629676962126,-0.21024809347639323,1.1850924425746192,0.4940715955329987,0.6450981851103559,-0.2841353354425647
-0.10979500635229013,1.4275718041381376,-0.5506808234590468,0.08620164451467638,-0.6218679353983777,-0.35480309209416666,-1.241290009616678,0.394964414659168
-0.29758679454329895,-0.6707333722920356,-0.6838178227833216,0.8758856151553311,0.37419846703843257,1.3429462831601642,-0.10945709278045732,1.0740641647609002
-0.5208006919367589,-0.41169510658898256,0.26377090358403615,-0.6182180870397359,-0.5071755239603714,-1.4158964516281234,1.022375824055763,-1.5065148856256834
0.1573591083503306,0.090100887339466,-0.4475331865804837,0.6178835104472775,-0.34982419749977745,0.28185292362620734,-0.8640123706712711,-0.827415135523951
0.8822992677113425,0.18531943436567955,0.9830645453818301,-0.3696768183289971,-0.19310772261579154,-0.567021764000958,0.26782054616494966,-0.14831538542221828
-0.615284703664186,-0.7089379754727108,-0.551162463267502,-0.6073387923787732,1.592280987568447,1.1307276112533728,1.3996534630011699,0.5307843646795146
-0.7195941561466808,2.077650521970735,-0.6743390858126416,-0.5788163125618656,-0.7409187763187742,-0.9914591078145406,-1.4928084355802824,1.2098841147812462
0.06412061019423353,-0.2810878821149844,-0.4168966859861502,0.365353190551809,-0.06014251384250782,0.7062902674397901,-0.36097551874406186,-1.3706949356053366
0.33202741399118013,-0.33185520492489745,0.5406839186986592,-0.3992268537673318,0.24334284303595236,-0.14258442018737533,0.7708573980921587,-0.6915951855036043
-0.6160444687380053,-0.5934044212533212,-0.6959097204989327,0.8640801211242319,-0.49886480157014346,1.5551649550669555,-1.1155307966348758,-0.012495435401871664
-0.416415236851258,0.34470443796983324,0.43203782226818294,-0.6635493510837942,-0.6636507866955786,-1.522005787581519,0.016302120201344722,0.6666043146998608
-0.06154951572052428,-0.6904877071211277,0.297457687694143,-0.6872131058339648,1.667838035225997,0.17574358767281167,1.1481350370375651,1.345704064801593
-0.04337559822097248,0.5791693231055397,-0.24721233371467943,-0.21887121226612521,-0.48961253419849243,-0.6731310999543537,-0.7382531576894686,-1.2348749855849903
0.022764228612137203,-0.5205673836935766,-0.41528166318980003,0.007336426178387386,0.8637504867011261,1.024618275299977,0.39357975914675175,-0.5557752354832579
-0.6149869365685271,-0.5974494294965496,0.9313730063597355,-0.6977497096700632,-0.5039999251734048,-1.0975684437679363,1.525412675982972,0.12332451461847452
-0.40233191995456535,-0.281268758629633,-0.6876695869747805,2.1665083952804887,-0.6211157230885681,0.6001809314863944,-1.3670492225984803,0.8024242647202073
5.942090603502054,0.9986193185046031,-0.08004616319152018,-0.14498453464793487,-0.44577834578838815,-0.24869375614077102,-0.2352163057622596,1.4815240148219395
-0.488716254251729,-0.6258034804812944,-0.5268973919897849,-0.37272840561589776,0.44066954254070856,1.4490556191135597,0.8966166110739608,-1.099055035564644
-0.4405780962943556,0.9803242472105794,-0.39305757446531336,-0.49251510962199546,-0.6459855871242519,-1.3097871156747276,-0.9897715836530734,-0.4199552854629113
1.792045401294969,-0.2543034770356015,-0.10313222047564054,0.2879650721404438,0.8053803451926984,0.387962259579603,0.14206133318314682,0.2591444646388209
-0.2810609311118427,-0.6232561048375429,2.1938840071912216,-0.6957835771035087,-0.13773852777832396,-0.4609124280475624,1.2738942500193668,0.938244214740554
-0.549264006827382,-0.699522096674742,-0.7419632582701726,4.590982605018081,-0.47695695506798197,1.2368369472067684,-0.6124939447076664,1.6173439648422863
-0.15470215172670726,-0.17328585031409874,0.3537045271667815,-0.48608901488911677,-0.3511675193315179,-0.8853497718611449,0.519338972128554,-1.6151708456419605
-0.5515895111404641,-0.6452384345758192,-0.3843285606289009,-0.56596059654754,0.34653638534829606,0.8123996033931857,1.651171888964774,-0.936071095540228
-0.38969248758840935,0.24134151904116494,-0.6093209216683246,0.2021897080079929,-0.6134902119221507,-0.03647508423397966,-1.5766479109014842,-0.25697134543849537
-0.5467431297228287,-0.6497210459158429,-0.6912735671745804,0.7026405839989137,-0.2141823287726427,1.6612742910203513,-0.44481499406526337,0.4221284046632373
-0.7057590032035388,-0.486584819919317,1.190673142174757,-0.7313008468161084,-0.7007792054653589,-1.6546424575232637,0.6870179227709569,1.1012281547649696
-0.22567897071876694,0.07925417562038016,-0.49234031957775565,0.1397628366162497,-0.48657969068579365,0.04310691773106709,-1.1993702719560773,-1.479350895621614
0.263171441821747,0.43221802976834656,0.3190380687572315,-0.3624071861647442,-0.39094792003284934,-0.8057677698960983,-0.06753735511985655,-0.8002511455198815
-0.23806170364046575,-0.6205488771550546,-0.35285252623922175,-0.422676923497073,1.5861836224762007,0.8919816053582326,1.0642955617163636,-0.12115139541814918
-0.3555052849380582,2.431580588770169,-0.36514300195282157,-0.5391273986940196,-0.6772592558734921,-1.2302051137096808,-0.82209263301067,0.557948354683584
2.798091011534749,-0.5264992091382106,-0.2620880443185909,-0.0014744409209190806,2.105023748595976,0.4675442615446498,0.30974028382555024,1.2370481047853161
-0.38972579521463524,-0.519040500656096,0.2211707226606564,-0.5734774955084275,-0.14936474104680464,-0.3813304260825156,1.4415732006617705,-1.3435309456012674
-0.6036698624843272,-0.5154114788785565,-0.6773249711189213,0.5323135001088024,-0.5421671616397788,1.3164189491718152,-1.4508886979196818,-0.664431195499535
-0.3197607732600141,0.7792910600500089,0.03457185552771987,-0.5725605181504122,-0.6267876903861227,-1.4424237856164723,-0.3190557810834611,0.014668554602197443
0.8602098118864987,-0.5374824543635496,0.3268025702491455,-0.4315291412391558,1.8592944239806468,0.25532558963785845,0.8127771357527593,0.69376830470393
-0.18568107464186798,5.206294489795133,-0.6020438187686132,-0.33190937837348844,-0.7106512527979019,-0.593549097989307,-1.0736110589742747,1.3728680548056622
-0.12061809185607204,-0.4745018364258088,-0.4658170262939076,0.14285706340087687,0.2369467408841596,1.104200277265024,0.05822185786194569,-1.2077109955809213
-0.39504570802088396,-0.45698162671527864,0.9560697058722164,-0.6262127121970481,-0.4011480492123699,-1.0179864418028894,1.1900547746981653,-0.5286112454791886
0.388698601775455,-0.2082822115390817,-0.5419169716681584,1.971829238941597,-0.21609267458572692,0.6797629334514411,-0.6963334200288679,0.15048850462254384
2.632686280310313,-0.20341928068709755,1.2327148013746285,-0.3705916085352582,0.34162103213938433,-0.16911175417572427,0.43549949680735234,0.8295882547242767
-0.9123637259638662,-0.7527594704641977,-0.7452031247949766,-0.7405764281405933,0.4673903243597853,1.5286376210786066,1.5673324136435727,1.508688004826009
-0.6281997873253299,0.27300438997729765,-0.5124759364011405,-0.541558346308985,-0.6694171465696751,-1.5485331215698679,-1.3251294849378794,-1.0718910455605746
1.157283445072346,0.09931820823149495,-0.11462406469495272,0.3475067310245694,0.041530486489572103,0.14921625368446276,-0.19329656810165885,-0.39279129545884195
0.05323121532934433,-0.39132109938456766,2.311696795085083,-0.605250221616892,-0.22942781454909278,-0.6996584339427027,0.9385363487345615,0.2863084546428907
-0.30286153565413554,-0.516434026058489,-0.6932941632902351,4.401576266634914,-0.4859606386201628,0.9980909413116282,-0.9478518459924724,0.9654082047446233
-0.15521106587439593,0.15056376228563473,1.9071155424285628,-0.7200990364891515,-0.697757768709807,-1.1240957777562852,0.18398107084374776,1.6445079548463555
-0.3787343496395363,-0.5673822310045596,-0.24795708944433137,-0.48287254361578397,0.2673317092605534,0.5736535974980455,1.3158139876799682,-1.5880068556378912
0.3885100691423477,0.5114329049337372,-0.1949414334919585,0.050306103310333826,-0.35376967539456666,-0.27522109012911994,-0.5705742070470656,-0.9089071055361588
-0.3684806481865693,-0.62924628907658,-0.5574956470873127,-0.1950186727105061,0.8971524120231444,1.422528285125211,0.5612587097891548,-0.22980735543442604
-0.7652246940296643,-0.6609529652533751,0.5193854204767513,-0.7281218427616999,-0.6162532446096999,-1.3363144496630766,1.693091626625375,0.4492923946673066
-0.670156139123721,-0.29324192581128905,-0.7229441052883515,0.6846331008368516,-0.7118763960804112,0.3614349255912541,-1.696196792378012,1.1283921447690388
0.06891835948341841,0.3711905282247696,-0.19205744466868124,-0.15489359159132587,-0.410296173956149,-0.4874397620359113,-0.5643638755417915,-1.4521869056175447
-0.23496945814219583,-0.5723794842347961,-0.46803949588801075,-0.1677984662474353,0.7361324527749328,1.2103096132184197,0.567469041294429,-0.7730871555158123
-0.4181095745351876,1.2967903138223107,-0.5175105231856959,-0.36820329322671586,-0.655087469704071,-0.9118771058494939,-1.3189191534326052,-0.09398740541407985
0.9539898303734037,-0.41162205501497984,-0.49712584544483596,1.4202489886190297,0.47759029859685226,0.7858722694048368,-0.18708623659638474,0.5851123446876533
0.580687907317565,-0.616035424276684,1.3417132523299549,-0.6501444790390914,0.8121313957903845,-0.06300241822232859,0.9447466802398355,1.2642120947893853
-0.5704536372210034,-0.5532610950380056,-0.6494441137109026,0.23807290169638562,-0.41053671740128167,1.6347469570320023,-0.9416415144871984,-1.3163669555971982
-0.42618878893298023,-0.012566689944100477,0.2686359213277962,-0.6023831665116726,-0.5884000399144824,-1.6015877895465658,0.19019140234902224,-0.6372672054954657
-0.15942446280258174,-0.5858927011288149,0.3194534765000385,-0.5688507409992325,0.6156714380888527,0.09616158570776492,1.3220243191852425,0.041832544606266765
-0.5957573471325285,1.386518925338179,-0.6451568845171354,-0.40776531419057815,-0.7124995880336562,-0.7527131019194004,-1.5704375793962098,0.720932294707999
0.23538939115795676,-0.60019588860896,-0.6835505919326872,4.3011573197861726,-0.13978677005173024,0.9450362733349303,-0.43860466255998926,1.4000320448097316
-0.29915697492057425,-0.24673493964621904,0.5469617779546386,-0.5659293286942585,-0.4410291214328247,-1.177150445732983,0.6932282542762314,-1.1805470055768519
-0.1672436146968015,-0.10678398455981403,-0.5779367236906279,0.9467357408192941,-0.465646864236579,0.5205989295213476,-1.1931599404508029,-0.5014472554751193
1.837900014637161,0.5664594757928832,0.41757153764813426,-0.1085202682411714,-0.1652077384663834,-0.32827575810581777,-0.06132702361458244,0.17765249462661317
-0.6300051041035634,-0.7204145770757596,-0.6412462718124003,-0.5656373735933656,2.1893863321965297,1.3694736171485131,1.0705058932216376,0.856752244728346
-0.7017730227751052,3.403564112263136,-0.5637245306649954,-0.6984800221154223,-0.7472537145830576,-1.3893691176397744,-0.8158823015053961,1.5358519948300782
0.4571707550521061,-0.27394318804632745,-0.05128985354909563,-0.07753698012551852,0.3465086636275632,0.3083802576145563,0.31595061533082436,-1.0447270555565054
-0.37823079965060097,-0.5471236804893164,0.7307119104070122,-0.6224468827610562,-0.18283579173742082,-0.5404944300126091,1.447783532167045,-0.36562730545477284
-0.610518559625626,-0.5286926366659979,-0.7030389366517142,1.307066521203334,-0.5928375166286205,1.1572549452417218,-1.4446783664144074,0.31347244464696
0.4119688629430259,2.474912354903611,0.22131155207307002,-0.5354546485064541,-0.6228902416227788,-0.9649317738261917,-0.312845449578187,0.9925721947486926
-0.09759248557760046,-0.7272264848851967,-0.5584004359970783,-0.6378788699467421,10.483121362274566,0.732817601428139,0.8189874672580335,1.671671944850425
-0.1903918200334699,0.13315119565626404,-0.4399696092683756,0.02213113352504271,-0.47140362900439375,-0.11605708619902642,-1.0674007274690007,-1.6912300176533546
-0.4197127730565374,-0.5829530727754771,-0.5833075089271875,0.014858343659847732,0.10170493096892315,1.5816922890553045,0.06443218936721981,-1.012130267551622
-0.6015727240909912,-0.4997620104578581,0.667499232549606,-0.6779521506001639,-0.5666704933614188,-1.49547845359317,1.1962651062034402,-0.33303051744988965
1.0780610758750462,0.3799646232420924,-0.4319205395207822,1.2680870919173048,-0.31870294326302073,0.2022709216611606,-0.6901230885235937,0.3460692326518434
1.252209815087763,-0.06136088696220262,3.2122635367228636,-0.5872728966271704,-0.3298573067793316,-0.6466037659660048,0.44170982831262684,1.0251689827535757
-0.5792121181695005,-0.6373144888939759,-0.4518472743937292,-0.5359206458148814,0.17302360215528867,1.051145609288326,1.5735427451488473,-1.555410067633008
-0.6042978611668401,0.3500938187329642,-0.5725568218508134,-0.4458788713832784,-0.6670177865541942,-1.0710411097795873,-1.6542770547174113,-0.8763103175312755
0.5308405244450515,-0.17816579671183325,-0.46083757928565094,1.262376054117745,-0.06958021969142314,0.6267082654747432,-0.5224441378811907,-0.19721056742954302
1.3820778359749104,-0.27570095070803763,1.4046287042499708,-0.4254722389662977,0.336506981382359,-0.2221664221524221,0.6093887789550295,0.48188918267219005
-0.7911731676338996,-0.6869095379315748,-0.7470607869113753,1.5494167750755254,-0.6626296178719137,1.4755829531019087,-1.2769994157720044,1.1609889327739222
-0.2793446512200508,0.17508371336034173,0.025913494730066038,-0.49334344037266925,-0.5262869337639651,-1.2832597816863787,-0.14516649893578398,-1.4195901176126617
0.009583020267811127,-0.5071715581538544,-0.025110587296111417,-0.39452144413978757,0.7591164746256227,0.41448959356795195,0.9866664179004365,-0.740490367510929
0.2825536341362231,1.4134307439309723,-0.35895663990639887,0.04271286869314371,-0.5238252520495,-0.43438509405921344,-0.8997217768265977,-0.061390617409196616
-0.1253938500835659,-0.6356996532552328,-0.5986329986457343,0.20881574273750023,1.2721593482312354,1.2633642811951173,0.2321111400096232,0.6177091326925362
-0.6526861678610746,-0.6805822475225277,3.125649025946188,-0.7382384621637951,-0.5521649676892073,-0.858822437872796,1.3639440568458434,1.2968088827942685
-0.5061621545790522,-0.359292567616459,-0.6307149607285435,0.351450958435695,-0.5310501866199048,0.8389269373815347,-1.528517841735609,-1.283770167592315
0.8194804254185089,0.3144177818411551,-0.16436109863947498,0.28234663151475026,-0.1841039788197456,-0.009947750245630745,-0.39668492489938856,-0.6046704174905826
-0.5898504517706534,-0.6858672636476884,-0.6338936540932723,-0.37770190610214155,0.7102395025861267,1.6878016250087,0.7351479919368323,0.07442933261114978
-0.7509150917541492,0.8558600613540496,-0.5931869376601151,-0.6652836234821602,-0.7339907288258442,-1.6878016250086998,-1.1512402027902022,0.7535290827128829
8.380745235373654,-0.012128618002368705,-0.033203378412221346,0.0057734069604191834,-0.017033390023277493,0.009947750245630943,-0.019407285953981696,1.432628832814615
-0.3141539472010472,-0.4105818343068897,0.5963150937454893,-0.5752660425935966,-0.31407848635654356,-0.8389269373815345,1.1124256308822387,-1.1479502175719687
-0.017684159740469736,-0.30592201196973895,-0.5561203743893713,1.2254155246685994,-0.24812989617618558,0.8588224378727964,-0.7739625638447953,-0.46885046747023623
-0.14738936984077547,0.05512180067733834,1.2708976717562794,-0.6099687058498728,-0.545100879063362,-1.2633642811951171,0.3578703529914253,0.2102492826314964
-0.4917782884372521,-0.7018094083028835,-0.21084717449717794,-0.67621598509239,1.3389818590205744,0.4343850940592136,1.4897032698276453,0.8893490327332295
-0.5993793433980619,1.9217698144508364,-0.70220187159145,-0.311144681797007,-0.739743376895389,-0.41448959356795173,-1.4027586287538067,1.5684487828349616
-0.3214719111620404,-0.48556340008676413,-0.5378578456172354,0.15397789051115074,-0.09456903384729218,1.283259781686379,-0.27092571191758624,-1.6640660276492851
-0.4882203136692595,-0.35738900722691397,0.4701190376926608,-0.6248099250854805,-0.5295589278431367,-1.4755829531019085,0.8609072049186344,-0.9849662775475527
0.15054668261005955,0.2352029292081029,-0.5049764004262306,0.8467478173792051,-0.43901635044627985,0.22216642215242227,-1.0254809898083999,-0.3058665274458203
1.321254089176227,0.5487448040131827,1.0754110010125995,-0.3818093271075735,-0.3113514257708991,-0.6267082654747431,0.10635192702782037,0.37323322265591274
-0.6020886207464745,-0.7242988944339072,-0.5916140133926406,-0.6363314593437964,3.2117688373373623,1.0710411097795878,1.2381848438640406,1.052332972757645
-0.2593808730710725,0.40139144954882783,-0.22220547920880943,-0.3939928811417773,-0.539072998383213,-1.0511456092883258,-0.648203350862993,-1.5282460776289388
0.24186225605770303,-0.4314177745902592,-0.214210993052829,-0.10251546535136355,0.7172931945857735,0.646603765966005,0.4836295659732274,-0.8491463275272062
-0.44302101174043235,-0.610361055278107,0.34057068294326476,-0.6338113615615077,0.007530455046600691,-0.2022709216611604,1.6154624828094477,-0.1700465774254739
-0.7794729683816626,-0.6430788517804658,-0.7335772370896579,0.5812910738015143,-0.6578830554650529,1.4954784535931704,-1.6123573170568104,0.5090531726762594
-0.6307633113000171,1.2052526918010327,-0.3310575702049919,-0.6949662024268705,-0.72863781757783,-1.581692289055304,-0.48052440022059,1.1881529227779917
0.14403634149908814,-0.34669789276256724,0.07625510116734593,-0.3096076078257388,0.22111320023703526,0.1160570861990266,0.6513085166156305,-1.3924261276085923
-0.30160646566701826,0.8310658296017641,-0.45975546831049996,-0.24767190985287713,-0.5992879555261679,-0.7328176014281388,-1.235079678111404,-0.7133263775068597
0.33025418484434926,-0.4499793518182206,-0.4875513165563642,0.8007858453903155,0.4884615420996476,0.9649317738261921,-0.10324676127518319,-0.034226627405127295
-0.44360779970574327,-0.49269254142687835,2.6542061143308104,-0.697318557672094,-0.5369306527490806,-1.1572549452417213,1.0285861555610372,0.6448731226966056
0.3645462815356462,-0.2604217932738272,-0.6671591226599872,5.2727130085223655,-0.5271594475094774,0.5404944300126093,-0.8578020391659968,1.3239728727983378
0.35213607753018217,-0.060516068798712214,0.2585382556771021,-0.27547316138566563,-0.09395232128051197,-0.30838025761455606,0.27403087767022377,-1.2566061775882458
-0.619439757145106,-0.6760722739917521,-0.5477933628995736,-0.5368177532739536,0.5193746230492977,1.3893691176397747,1.405863794506444,-0.5775064274865134
-0.6715366805660896,0.7749573012709747,-0.5949012646848307,-0.5628215648972312,-0.7079009161248762,-1.3694736171485127,-1.4865981040750083,0.1015933226152191
2.478146614219066,0.02283384034985248,-0.38204908078865635,1.399306025111614,-0.022881794210340742,0.32827575810581794,-0.35476518723878775,0.7806930727169522
0.5681961102280338,-0.534280241276011,5.715444080420416,-0.699040058744761,-0.27753915677928775,-0.5205989295213475,0.7770677295974329,1.4597928228186843
-0.43909498255297613,-0.4411518811662322,-0.6220892551393482,0.5671068212670266,-0.4203692916877034,1.1771504457329833,-1.1093204651296014,-1.1207862275678993
0.23673822151265342,0.45625552013129816,0.5531437343145644,-0.43885467835287306,-0.4346057185384725,-0.94503627333493,0.02251245170661922,-0.4416864774661667
-0.2263174409581935,-0.6404724402301765,-0.2972300519315684,-0.49298335132319,1.988581057444435,0.7527131019194007,1.1543453685428389,0.23741327263556614
1.4253067148777132,1.35769917598907,-0.4437619204671362,0.6872273395576302,-0.49808758318718904,-0.09616158570776473,-0.7320428261841946,0.9165130227372987
-0.7662221997761822,-0.7443413943452792,-0.7430605167346642,-0.462426991600216,0.8864887729091163,1.6015877895465662,0.39979009065202586,1.595612772839031
-0.6891136867022394,-0.5512960848072788,-0.030594109054673472,-0.6651470625074989,-0.569954769363028,-1.634746957032002,1.5316230074882466,-1.636902037645216
-0.2631572731732653,0.13709876423855025,-0.5431104462901131,0.24762355532195612,-0.5330731752071487,0.06300241822232877,-1.3608388910932059,-0.9578022875434834
0.48360679619306324,0.9035170411288252,0.28225484360987707,-0.3310325948568737,-0.43447043152250603,-0.7858722694048366,-0.2290059742569855,-0.278702537441751
-0.11223721674143668,-0.6383503096117931,-0.3957354141449989,-0.382104468847134,2.651891395650173,0.9118771058494942,0.902826942579235,0.40039721265998207
-0.5276680277323564,3.713928601458394,-0.5291510592979295,-0.6017465692198812,-0.7178111991774988,-1.2103096132184192,-0.9835612521477992,1.0794969627617144
0.18224651123740482,-0.3034013650824157,-0.23230009052370015,-0.0055035516764488064,0.17121704775470503,0.48743976203591144,0.14827166468842132,-1.5010820876248694
-0.23671786357852798,-0.4906951954375613,0.5166603514002512,-0.5588717686490938,-0.038988106787770184,-0.3614349255912539,1.2801045815246417,-0.821982337523137
-0.307902415498571,-0.527805949321483,-0.6308734041828435,1.1098164190136404,-0.18946559438938948,1.336314449663077,-0.6062836132023922,-0.14288258742140458
-0.3954450094353179,-0.19744908767806665,1.4973648473068346,-0.675533740696004,-0.6089725626460492,-1.4225282851252106,0.5255493036338283,0.5362171626803287
-0.6766965809830011,-0.7276978320740014,-0.23703738595743096,-0.7285796054684482,0.560397641216777,0.2752210901291201,1.6573822204700486,1.2153169127820609
-0.52447107298192,0.16177743449611026,-0.5656142825974931,-0.2731379332656166,-0.6243870465704482,-0.5736535974980452,-1.6822235464911452,-1.365262137604523
-0.14833067191388793,-0.43282261411501016,-0.563127385028413,0.8341998168470799,-0.1229236867392045,1.1240957777562857,-0.5503906296549247,-0.6861623875027903
0.04832696008218332,-0.11795528686970924,1.675055422006631,-0.5718689029759955,-0.40948170508818243,-0.9980909413116279,0.5814422871812958,-0.0070626374010579725
-0.3682148495493893,-0.32256416147444916,-0.6801478060003614,2.3718810549269627,-0.5862531693645107,0.6996584339427028,-1.3049459075457384,0.6720371127006749
6.471672073332818,0.5863180039181966,-0.02750905589434133,-0.0037974245923734855,-0.2986904560559975,-0.14921625368446256,-0.17311299070951788,1.3511368628024072
-0.5460865560909633,-0.6368181336520377,-0.5483956667270805,-0.4076250865306351,0.3108530985388597,1.5485331215698683,0.9587199261267024,-1.2294421875841763
-0.5263905470180396,0.652766177546088,-0.39254691472919834,-0.5459494048867997,-0.6575349555410813,-1.5286376210786061,-0.9276682686003315,-0.550342437482444
1.869661203926438,-0.1440930942938246,0.15784930001489855,0.058701155029196705,0.5680357099267838,0.16911175417572444,0.20416464823588912,0.12875731261928844
-0.4250164566196192,-0.6151114144231156,2.292625414631581,-0.7035541698866922,-0.3372780227708564,-0.6797629334514409,1.3359975650721094,0.807857062721022
-0.8224693661512245,-0.6617468144687879,-0.7549915121237607,1.8721577163751548,-0.7230891764396388,1.0179864418028899,-1.5564643335093429,1.4869568128227537
-0.1556472240945824,0.5241176797026394,-0.058156291107578376,-0.4227135412000924,-0.5274054898648896,-1.1042002772650235,-0.4246314166731224,-1.09362223756383
0.2733508426605652,-0.4880589031514898,-0.13735011039298545,-0.23861348048111217,1.173859986529515,0.5935490979893071,0.7072015001630982,-0.4145224874620976
0.011065037020791545,1.1880544591668076,-0.5278543072720886,0.24435040808975172,-0.5879792906994472,-0.25532558963785823,-1.1791866945639358,0.2645772626396355
-0.3884569785673751,-0.676018909949825,-0.6831891529491195,0.5462421529635734,0.3961048289108382,1.4424237856164726,-0.047353777727715596,0.9436770127413681
-0.8021536390562304,-0.6844054421211756,3.660164908289204,-0.7467736202387654,-0.7118520600085239,-1.3164189491718148,1.0844791391085045,1.6227767628431002
-0.06519811660120672,-0.10206946141308695,-0.44398438924457884,0.29913845381625115,-0.3284530018357076,0.38133042608251577,-0.8019090556185293,-1.6097380476411467
0.42573333954100856,-0.010627060437318061,0.5052764698259309,-0.338422744321236,-0.1395542024377554,-0.46754426154464956,0.3299238612176912,-0.9306382975394142
-0.604179621040227,-0.6825065477376517,-0.524282816544287,-0.5588632935702957,0.7557305464238306,1.2302051137096812,1.4617567780539116,-0.25153854743768167
-0.5174721212604981,1.614715022414085,-0.5902426777524062,-0.4165163232406983,-0.6927855140442674,-0.8919816053582322,-1.4307051205275405,0.4275612026640514
0.9511628981534074,-0.49062608705454486,-0.5966616778965407,2.5249568185447275,0.21190395795555858,0.8057677698960984,-0.29887220369132017,1.1066609527657836
0.0020888471520700285,-0.37871775641409455,0.16261224865942328,-0.4001332248662021,0.11430613052139427,-0.04310691773106689,0.8329607131449004,-1.4739180976208002
-0.6029973122434581,-0.573758257746171,-0.672782073124817,0.3909449075735564,-0.45443081279929454,1.6546424575232639,-1.0534274815821338,-0.7948183475190677
-0.46510968948981796,0.08947286785065398,0.24580832918813275,-0.6302054565043093,-0.6292293028269301,-1.6612742910203508,0.07840543525408665,-0.11571859741733527
0.0026256999208462586,-0.6007179572115277,0.6161176641602002,-0.5989590629736503,0.8039931939336361,0.03647508423397986,1.210238352090307,0.563381152684398
0.2530637452549028,5.895845977061743,-0.3448893410847923,-0.46708414229557305,-0.6755135522650664,-0.8123996033931855,-0.676149842636727,1.2424809027861303
-0.07037789794005432,-0.47757518899262574,-0.35020447921859604,-0.11712585507998094,0.4479950306506248,0.8853497718611453,0.45568307419949383,-1.3380981476004536
-0.6316520075371014,-0.5699813965574987,0.3835602624080336,-0.6741922342190801,-0.5105399330902359,-1.2368369472067682,1.587515991035714,-0.6589983974987212
-0.4919550830076882,-0.19573328815942345,-0.6639323804853865,0.6778582795892683,-0.6174214019341366,0.46091242804756255,-1.6403038088305444,0.020101352603011352
1.6554026324911972,1.950122974133497,-0.13963547173400886,0.024330091022054908,-0.46213692938179163,-0.38796225957960284,-0.5084708919943239,0.6992011027047442
-0.5304407032515669,-0.728331106025514,-0.6882086096569366,-0.4464969244087182,3.438671057313905,1.309787115674728,0.6233620248418965,1.3783008528064764
-0.5837254813521152,0.31767444617130586,-0.4847581850250173,-0.5135227379446943,-0.6544829428649336,-1.4490556191135595,-1.2630261698851375,-1.2022781975801073
0.9871049449489043,-0.025701998488249403,-0.143549331876753,0.33446717698792766,0.12821067865391564,0.2486937561407712,-0.1311932530489171,-0.5231784474783747
0.048026336787343575,-0.4185410201637281,1.8939816772287053,-0.5898778896487017,-0.13988281626871069,-0.6001809314863942,1.0006396637873034,0.15592130262335774
-0.32001220958751936,-0.5374876259513969,-0.688052202572265,3.615170536106924,-0.4355712022830981,1.0975684437679367,-0.8857485309397307,0.8350210527250909
0.1422942918211227,0.12699325002288692,2.6707995601348773,-0.7024664404627652,-0.6544957050069291,-1.0246182752999768,0.24608438589649007,1.514120802826823
-0.39245339662792095,-0.5985159062719722,-0.2749036382549054,-0.5024147522290351,0.4868224825217883,0.6731310999543539,1.3779173027327103,-1.0664582475597606
-0.35239435586484325,0.3899792068816088,-0.5814303091538323,0.09606049785040478,-0.605807212782565,-0.17574358767281148,-1.514544595848742,-0.38735849745802825
-0.4178803122196577,-0.6155649546335202,-0.664121730696048,0.8478592154983138,-0.0834421665190439,1.5220057875815194,-0.38271167901252173,0.2917412526437048
-0.6393339869031319,-0.46642901630765726,1.6080648281567491,-0.7238251922392568,-0.6786133432835717,-1.555164955066955,0.7491212378236992,0.9708410027454374
-0.1609193618142657,0.25149642758659096,-0.7054433086668893,1.5238373212580623,-0.7035829927961328,0.14258442018737552,-1.1372669569033353,1.6499407528471697
0.045173732771257635,0.11668807668847946,0.11755746677359724,-0.3490187666247574,-0.3526458507834944,-0.7062902674397898,-0.00543404006711481,-1.5825740576370775
-0.3638958094565109,-0.6041583579823602,-0.3867791008177292,-0.4229528687766345,0.744461272245463,0.991459107814541,1.1263988767691056,-0.9034743075353449
-0.21037792982713385,1.3852126546004757,-0.24938043846886165,-0.43859521661934775,-0.609262125693186,-1.1307276112533724,-0.7599893179579285,-0.22437455743361234
1.2652488236484927,-0.45200413643365106,-0.1915253401452784,0.05955620379207166,1.7217142556645006,0.5670217640009583,0.37184359887829216,0.4547251926681207
-0.5358420685519869,-0.693390286355167,0.9562041076099383,-0.723509180678281,-0.09129674868403453,-0.2818529236262072,1.5036765157145124,1.133824942769853
-0.6069335443899059,-0.5162835453066323,-0.6589645184406738,0.21383413145841784,-0.5125629811279803,1.4158964516281236,-1.3887853828669399,-1.4467541076167307
-0.25703242600389875,0.45018054844331146,0.051055464359825324,-0.5130879374405655,-0.565846135617979,-1.3429462831601637,-0.2569524660307194,-0.7676543575149983
0.35570749928169126,-0.4999723785837215,0.1190525698319427,-0.37247186157805395,1.2508144925391074,0.3548030920941669,0.8748804508055013,-0.08855460741326615
0.16163145827430783,2.4700055902640132,-0.47115550418506846,-0.043979368567919945,-0.6126069126874913,-0.4940715955329985,-1.0115077439215332,0.5905451426884674
-0.1315043366470095,-0.6849878047023346,-0.6692912681195478,0.40585384166639754,1.2914048385227472,1.2036777797213323,0.12032517291468721,1.2696448927901995
-0.42024137435028097,-0.4587344988283547,0.43057382535068056,-0.5970961088635971,-0.36246231243463567,-0.9185089393465811,1.2521580897509075,-1.3109341575963844
0.11281329660059686,-0.2669505242344759,-0.5063276715173943,0.9969273638389876,-0.1612363167698144,0.7792404359077496,-0.6342301049761262,-0.6318344074946519
1.30348861140662,-0.21652995203726189,0.6999409911816206,-0.2807998361495685,0.4605315449425168,-0.06963425171941581,0.4976028118600943,0.04726534260708067
-0.8388526437011293,-0.7394969348323454,-0.6980913445646628,-0.6904412390806196,0.328280931088977,1.628115123534915,1.6294357286963146,0.7263650927088136
-0.8982664947257207,0.29581156073347636,-0.7181638711719884,-0.7123709626485742,-0.7580765540644473,-1.608219623043653,-1.5983840711699437,1.4054648428105454
0.36598300147016716,0.11233978537322398,-0.2585441015049053,0.22397908077998013,-0.21619205343916623,0.08952975221067769,-0.46655115433372313,-1.175114207576038
0.13684556526582214,-0.17874018200700237,1.158409871964237,-0.5107414946402079,-0.25439800201314094,-0.7593449354164877,0.6652817625024973,-0.49601445747430556
-0.37741495759501464,-0.40196540384337137,-0.6630616697913972,1.8320361886263978,-0.5070136555725328,0.9384044398378432,-1.2211064322245369,0.18308529262742707
0.017672267342045144,1.0768331459937703,0.6318868168897893,-0.6130210122369034,-0.6284327172388442,-1.1837822792300703,-0.08927351538831635,0.8621850427291602
-0.16317049176618093,-0.7194262478285094,-0.33958580766085034,-0.6829296217402986,5.371727952894971,0.5139670960242604,1.0425594014479038,1.5412847928308924
0.08688917260220719,0.5408713090513004,-0.3259645584392821,0.01652023499048862,-0.4513464011181357,-0.334907591602905,-0.84382879327913,-1.0392942575556914
-0.2509841224255726,-0.5880610331762813,-0.5468496478673454,0.03423325786154522,0.64918180609329,1.362841783651426,0.28800412355709065,-0.360194507453959
-0.6864622348974793,-0.600960555217816,0.8959139936585537,-0.7146709118539745,-0.5976013850743597,-1.3960009511368616,1.419837040393311,0.31890524264777453
-0.4522585867109411,-0.059488274994442876,-0.6929489590343679,1.1924703411813384,-0.6737842307826406,0.30174842411746905,-1.4726248581881414,0.9980049927495067
2.463477800438654,2.990414116744394,-0.14937608673443398,-0.4958880593283805,-0.6453231792515505,-0.5471262635096963,-0.3407919413519209,1.677104742851239
-0.3700480469315048,-0.5653910551144448,-0.437896975475825,-0.317075989558282,0.31310562436687783,1.1506231117446346,0.7910409754842997,-1.6857972196525406
-0.34251967034111025,0.7037838276600398,-0.4006325461040788,-0.355543853485079,-0.5978797996681533,-0.971563607323279,-1.0953472192427345,-1.0066974695508082
0.5964933585621272,-0.3619324932897787,-0.34342658938143233,0.44154744336173213,0.5830701853564674,0.7261857679310517,0.03648569759348606,-0.32759771944907573
0.048332592285394105,-0.5501375890077711,0.9344578169880359,-0.5807637484429301,0.45665365196870455,-0.12268891969611365,1.168318614429706,0.3515020306526571
-0.655827057181952,-0.6836841088172493,-0.7293427315100546,1.5209798761110669,-0.4592945089112951,1.5750604555582173,-0.7180695802973276,1.0306017807543892
-0.43730106331450996,-0.1931685809364362,0.16298782119328098,-0.5782159125013877,-0.5340918919506241,-1.5021102870902574,0.41376333653889275,-1.549977269632194
-0.3989973125991743,-0.5899720186491375,-0.0395724224206471,-0.5648311494320076,0.22875582151994414,0.19563908816407335,1.545596253375113,-0.8708775195304617
-0.3300461022710743,1.1013924991813326,-0.5240597476978193,-0.21580893758768827,-0.6304322068695427,-0.6532355994630921,-1.346865645206339,-0.19177776942872932
0.2646848815967423,-0.511926708727841,-0.5736434133327656,1.3651991919069406,0.3809253504039901,1.0445137757912388,-0.21503272837011864,0.4873219806730033
-0.4149548390352866,-0.5272025286456838,5.011048492266751,-0.7202445113732491,-0.582316387485541,-1.0776729432766745,0.9168001884661019,1.166421730774736
-0.18628731337045887,-0.20813624028311528,-0.5217695377667266,0.4729058019766066,-0.36724613717288423,0.620076431977656,-0.9695880062609322,-1.4141573196118478
0.789414245144254,0.05960632908675324,0.32074372222908754,-0.17676320254322841,-0.020184518733485923,-0.2287982556495093,0.16224491057528817,-0.7350575695101152
-0.6388297232207563,-0.6947937386410553,-0.5893798822817945,-0.5417899260041882,0.7959803387180847,1.4689511196048215,1.2940778274115086,-0.05595781940838271
-0.29726575022360485,2.092799816935064,-0.20715424380740327,-0.5721997643846607,-0.6698916139944705,-1.2898916151834658,-0.5923103673155254,0.6231419306933494
2.0020126722995113,-0.5932914378255952,-0.12154241289493702,-0.34117120153439784,3.0707585945433435,0.4078577600708647,0.5395225495206952,1.302241680795082
-0.5065345571362587,-0.5661645348398078,0.1271631106410082,-0.610782317105633,-0.23308805279909348,-0.4410169275563007,1.6713554663569157,-1.2783373695915012
-0.6572676407927985,-0.5211821687561372,-0.6900519057798085,0.39633117071635027,-0.5905939985552604,1.2567324476980302,-1.6682503006042781,-0.5992376194897687
0.2838323715569773,1.7636388648879697,-0.03608084156163319,-0.34236726439954057,-0.5448825000884853,-0.8654542713698833,-0.5364173837680576,0.07986213061196369
0.3784592895674556,-0.6153500186935175,-0.4020355937109516,-0.19352024826645706,3.3737130463063343,0.8322951038844474,0.5954155330681626,0.7589618807136965
-0.3224963100498658,0.6645101133172823,-0.6910253096343147,0.5986076502251891,-0.7065004484293189,-0.016579583742717976,-1.2909726616588715,1.4380616308154288
-0.4809833028006484,-0.5836100017843118,-0.6092404584268972,0.06145497772148706,-0.08628171775226916,1.6811697915116128,-0.15913974482265084,-1.1425174195711547
-0.6052626337623864,-0.44165044424710903,0.4854538452173918,-0.6714666441086871,-0.5943785950027421,-1.6745379580145252,0.9726931720135693,-0.4634176694694223
0.5369454409890068,0.71428837734288,-0.4672460872504965,0.8180457332499199,-0.46103228276078456,0.0232114172398054,-0.9136950227134646,0.2156820806323103
0.9200625847815954,0.41084017498373926,2.0312078543513836,-0.5645055804385142,-0.4684667316037547,-0.82566327038736,0.21813789412275597,0.8947818307340432
-0.7401185464361971,-0.7451692609363809,-0.6408771566839593,-0.7285755351876759,3.9716170709092022,0.8720861048669709,1.3499708109589763,1.5738815808357753
-0.610064841825161,0.12554980983179098,-0.5356528259236021,-0.47548755700878126,-0.6504585285998832,-1.2501006142009425,-1.542491087622476,-1.6586332296484714
0.37310119740463926,-0.1106604461844994,-0.34885145359034764,0.49313319167194913,-0.07765399892661537,0.4476487610533881,-0.4106581707862554,-0.9795334795467389
0.45783473546344733,-0.2598587731090928,1.100081027885038,-0.4537963870772452,0.04447538635039284,-0.4012259265737773,0.7211747460499651,-0.3004337294450064
-0.5537944865420716,-0.5599018390248457,-0.6976767121519026,1.681899418843093,-0.5228699334581735,1.2965234486805535,-1.165213448677069,0.378666020656726
-0.4311171117369346,0.5035072043039329,0.405663961307958,-0.6875743021508569,-0.6914468963170134,-1.4623192861077339,-0.03338053184084854,1.0577657707584587
-0.19213666040823285,-0.49050021208992095,-0.03716665703214666,-0.4446844901368842,0.23221425295897458,0.23543008914659674,1.0984523849953713,-1.5228132796281248
0.06053313066916688,0.8320601534836675,-0.26251711803919053,-0.15832922239970862,-0.4963778141566907,-0.6134445984805686,-0.7879358097316622,-0.8437135295263923
0.04941898442479381,-0.5475971046442937,-0.4622725250213914,0.08702136580117835,1.08677984147889,1.0843047767737621,0.34389710710455806,-0.16461377942466
-0.6158630514643474,-0.6191172936883925,1.3863219624740728,-0.7121063447222286,-0.5133495795713147,-1.0378819422941512,1.4757300239407785,0.5144859706770735
-0.5630036363308504,-0.4267111329932941,-0.72117494721351,2.5729531745623233,-0.6762085212357275,0.6598674329601795,-1.4167318746406736,1.1935857207788052
0.3169890545637105,0.15939034804800262,-0.10745820482416218,-0.04818639181219525,-0.24007399768004442,-0.18900725466698595,-0.2848989578044531,-1.3869933296077785
-0.49728183526938907,-0.6412592738009698,-0.5534445274750676,-0.36264326692904203,0.5849867438980139,1.5087421205873448,0.8469339590317673,-0.707893579506046
-0.5977224097575838,0.8547345832387885,-0.4706898517896502,-0.5837234106798322,-0.6877314525326849,-1.5684286220611297,-1.039454235695267,-0.02879382940431339
3.32340128151848,-0.06820400969466614,0.11850106672959747,0.15810657498286237,0.4609193048978299,0.12932075319320108,0.09237868114095353,0.6503059206974188
-0.49092547672393894,-0.6577399368605682,4.3352036117731085,-0.7318295934341005,-0.46028331640518866,-0.7195539344339643,1.224211597977174,1.3294056707991515
-0.17968004691535816,-0.36649068581594296,-0.5341520282510923,0.5610794844303042,-0.2162482840270337,0.9781954408203666,-0.6621765967498598,-1.2511733795874318
-0.12270562085174937,-0.06355001136772051,0.8797413482101635,-0.5529092145539313,-0.45170868814388765,-1.143991278247547,0.46965632008636055,-0.5720736294856994
-0.5017200578296286,-0.6698176264027887,-0.265751868284208,-0.6151502542911994,0.7936615600880683,0.5537580970067838,1.6014892369225808,0.107026120616033
-0.5464091229549879,0.685947155125202,-0.6693522985228111,-0.09126042482396092,-0.7005596403868287,-0.2951165906203816,-1.6263305629436775,0.7861258707177659
-0.5953465921827692,-0.7060642640386925,-0.7377223209464099,2.2037277319951696,-0.3686476262809455,1.4026327846339492,-0.49449764610745683,1.465225620819498
-0.3755659144986461,-0.24031039535682222,0.4745953927899892,-0.5873111749273814,-0.49767085820272944,-1.3562099501543383,0.6373352707287632,-1.1153534295670855
-0.1523340524954792,0.0341190939647384,-0.5697835808650371,0.7864954747725579,-0.4993655672055262,0.3415394250999924,-1.2490529239982706,-0.43625367946535304
1.500366929018888,0.8735429711832102,0.4776551223767643,-0.21998405487832653,-0.308739928648741,-0.507335262527173,-0.11722000716205008,0.24284607063637983
-0.5103266889271341,-0.7119203206940464,-0.5978621720201801,-0.538057616885488,3.2825394901984186,1.190414112727158,1.0146129096741703,0.9219458207381125
-0.37828517052577515,9.851274890319225,-0.563815318760414,-0.6086107613437438,-0.7347566042437171,-0.9317726063407555,-0.8717752850528638,1.6010455708398443
-0.030138302528383454,-0.4144372196654132,-0.33379188050689534,-0.05780506616433908,0.23433535306808087,0.7659767689135751,0.26005763178335695,-1.6314692396444022
-0.2975092347511616,-0.5359965751822386,0.20470644680095224,-0.5503481562350433,0.10420036086472655,-0.08289791871359027,1.3918905486195772,-0.9523694895426695
-0.7147833443209533,-0.6043354255052196,-0.7092242452570123,0.37694187954148417,-0.5904049480892511,1.6148514565407406,-1.5005713499618751,-0.2732697394409371
-0.5017321275373643,0.7062992660057288,-0.12096956803498846,-0.6373624901341368,-0.6787776837899914,-1.6214832900378273,-0.36873843312565463,0.40583001066079577
1.3579665641210865,-0.5450230238202887,0.7836753074078152,-0.5234951824895372,1.3754568669027045,0.07626608521650323,0.7630944837105661,1.084929760762528
-0.3270471255483246,0.4180772345460788,-0.41156742134038976,-0.2841702238632527,-0.5660136876229577,-0.7726086024106621,-1.1232937110164687,-1.4956492896240556
0.13664651090896196,-0.42011308071930015,-0.4203735821760448,0.3283549273492778,0.36162797782695694,0.9251407728436687,0.008539205819751995,-0.8165495395223231
-0.4601516400432035,-0.46688539279421193,1.233789048314514,-0.6593885679333001,-0.48712938187770627,-1.1970459462242447,1.1403721226559722,-0.1374497894205907
0.6843721366641424,-0.05338436020137462,-0.5487731110999713,2.4325288177220763,-0.31314081898027235,0.5007034290300859,-0.7460160720710614,0.5416499606811419
3.092544265530303,-0.15330040762390115,2.0171358268019164,-0.5152998917624093,-0.07264633682607964,-0.3481712585970795,0.385816844765159,1.2207497107828746
-0.6272202995535799,-0.6574372655170707,-0.5242474047128636,-0.5374620019318723,0.18082396650794566,1.3495781166572514,1.5176497616013793,-1.359829339603709
-0.6083919605227289,0.49252779018195475,-0.5271583317477089,-0.5240122900585655,-0.6744695190265811,-1.409264618131036,-1.3748121369800728,-0.6807295895019767
1.4900229656090218,0.032555555174108325,-0.22256935185449161,0.6835867183297061,0.11024141099449569,0.2884847571232946,-0.24297922014385234,-0.0016298394002440646
0.3082326816998895,-0.4219719314823797,2.991454947204114,-0.6172629186098173,-0.13146107342890653,-0.5603899305038708,0.8888536966923679,0.6774699107014885
-0.5758811030054779,-0.6393742170754344,-0.7339138918123107,5.341846731548198,-0.5957631285330385,1.13735944475046,-0.9975344980346661,1.3565696608032207
-0.04053061006247213,0.11515570103299083,0.3255748021930216,-0.45147743850819333,-0.41840123902362025,-0.9848272743174534,0.13429841880155408,-1.2240093895833628
-0.30966548153591616,-0.6062456306542539,-0.2641846198728635,-0.48468942172865553,0.9157560874250855,0.7129221009368772,1.2661313356377744,-0.5449096394816301
1.1148714828296082,0.9395409204090537,-0.26733029641128514,0.4279079689439519,-0.36438730530262103,-0.13595258669028812,-0.620256859089259,0.13419011062010233
-0.5536708541847035,-0.7056726778750844,-0.6723010484231131,-0.28479024497444266,1.2178941280991373,1.5617967885640427,0.5115760577469611,0.8132898607218352
-0.9156839082863366,-0.7335492052944554,0.2938395772621701,-0.7486756987781913,-0.732423672228837,-1.5153739540844318,1.6434089745831815,1.4923896108235675
-0.4217077541781149,-0.052287290182987424,-0.5925175998724008,0.1748880024262791,-0.568968162702515,0.1823754211698989,-1.5844108252830769,-1.088189439563016
0.44205406020471305,1.0432033828273124,0.006112233635553314,-0.21699779137889813,-0.4442394935626663,-0.6664992664572664,-0.4525779084468561,-0.4090896894612837
-0.04426774568981133,-0.6156837122627044,-0.44838915130610474,-0.2235064568979784,2.1798024498173074,1.0312501087970645,0.6792550083893641,0.27001006064044875
-0.5548188415432111,3.0783246142798073,-0.584864053031631,-0.5487451968347418,-0.719110760683563,-1.090936610270849,-1.20713318633767,0.9491098107421818
2.7834902337606735,-0.576103514899906,-0.5907767666729449,1.128044856817485,0.5491093741800401,0.6068127649834816,-0.07530026950144929,1.628209560843914
-0.18727124413928722,-0.4252300130236097,0.20629027781092085,-0.48536015081590655,-0.041856736791969114,-0.24206192264368379,1.0565326473347707,-1.6043052496403327
-0.4653795454130154,-0.5222077554538768,-0.6335441685375067,0.5306695254622551,-0.3395179793902965,1.4556874526106471,-0.8298555473922627,-0.9252054995386003
-0.1909234237140672,0.07129080208159015,0.8082961270558859,-0.5794696954439631,-0.5300837486851221,-1.3031552821776404,0.3019773694439575,-0.24610574943686775
-0.35645435585664254,-0.6605353423506096,-0.08538207979639739,-0.6141795104393192,1.137255493362815,0.39459409307669024,1.433810286280178,0.43299400066486465
-0.5068332934157751,1.6333943669273012,-0.6645885507134525,-0.2269197977249867,-0.7151184704080538,-0.45428059455047515,-1.4586516123012745,1.112093750766597
-0.2815899056705042,-0.47265346678699405,-0.538318116809987,0.2545906528280832,-0.08697117517634562,1.2434687807038558,-0.3268186954650539,-1.4684852996199864
-0.11484772155796683,-0.2751735608364375,0.91824472087496,-0.5462316156416259,-0.31752384950533663,-0.8787179383640578,0.8050142213711666,-0.7893855495182538
-0.19479301733498527,-0.3012387142863949,-0.6175309195683234,1.6294833048523554,-0.4276590747796843,0.8190314368902729,-1.0813739733558676,-0.11028579941652135
3.1932869073925025,0.13533432308610366,0.2824271522886167,0.05617952279524503,0.18743438130851356,-0.029843250736892434,0.05045894348035295,0.5688139506852117
-0.8434916065840431,-0.745987553574223,-0.7283786842224526,-0.6855539767551699,0.9292264408727885,1.6679061245174385,1.1822918603165729,1.2479137007869439
-0.5329601005277066,0.21406008677771635,-0.3247248608165255,-0.5493015922867371,-0.6297936749442017,-1.6480106240261763,-0.7040963344104606,-1.33266534959964
0.7467330401859398,-0.21704094070516794,0.26492299563055705,-0.19504733550090284,0.3517642584712149,0.04973875122815432,0.4277365824257596,-0.6535655994979074
-0.5353296267973241,-0.593320075333302,0.9097015924353626,-0.6782748895775814,-0.3766308864665923,-0.799135936399011,1.55956949926198,0.025534150603825044
-0.49471688885005904,-0.4550917335015272,-0.698875525504693,2.398157988241843,-0.5957890265107778,0.8986134388553197,-1.3328923993194721,0.7046339007055579
-0.2213028977862585,1.597946714504343,0.21998244945180814,-0.6804311066878853,-0.7019190298753882,-1.2235732802125936,-0.20105948248325156,1.3837336508072902
-0.07216567100004807,-0.4920751512623585,-0.11520238499057477,-0.36657694606651714,0.5242233078174927,0.474176095041737,0.9307734343529687,-1.1968453995792934
0.1200568028665471,0.8974883746140129,-0.37510719951022004,0.0579737116409209,-0.503065599013009,-0.37469859258542837,-0.9556147603740653,-0.5177456494775607
-0.17401704860572292,-0.602503112497564,-0.5775895612443056,0.2301632952609797,0.8070939344805683,1.3230507826689024,0.176218156462155,0.16135410062417166
-0.7353352878018863,-0.6310978645045014,1.3291212478407246,-0.7321638043714344,-0.6504580487059549,-1.435791952119385,1.3080510732983752,0.8404538507259045
2.5235662542662127,0.047851251560537024,-0.5894479747908268,2.3124403143353525,-0.46083603410173624,0.26195742313494563,-0.5783371214286585,1.5195536008276367
0.16017565019315796,-0.15185302790499197,0.603882843698313,-0.43232335300171226,-0.18182996828948128,-0.5869172644922197,0.5534957954075621,-1.0610254495589468
-0.6450937059978363,-0.6859356992735116,-0.5069378165616699,-0.5964930332804764,0.4760572085293003,1.110832110762111,1.6853287122437823,-0.3819256994572144
-0.6670715147990338,0.7894322508755567,-0.6378715590792319,-0.49408041212401504,-0.7108518216373015,-1.0113546083058023,-1.6915390437490567,0.29717405064451846
0.8357881610943357,-0.3371361663230912,-0.5978062143709538,3.613311014040869,-0.18454929673107376,0.6863947669485283,-0.5597061269128358,0.9762738007462511
2.9691960103198882,-0.5487122405528434,1.6847899854029549,-0.6508073597568711,0.2232772793527581,-0.16247992067863704,0.5721267899233844,1.6553735508479834
-0.6208829517344376,-0.5367635402927712,-0.6598709247602192,0.14526711082739902,-0.5019779611434545,1.5352694545756937,-1.3142614048036498,-1.5771412596362635
-0.3955604071377416,0.22289515749522773,0.002613088357155384,-0.5586021294571755,-0.5914047915400416,-1.5419012880727807,-0.18242848796742905,-0.898041509534531
0.28898110228394086,-0.4762189510984035,0.3420755342590085,-0.42763959913807026,0.8097713361998803,0.15584808718155,0.9494044288687911,-0.21894175943279864
0.08276936824158929,2.7125644839044125,-0.4011608714360544,-0.22905894020356507,-0.6157037741392362,-0.6930266004456154,-0.9369837658582428,0.4601579906689344
0.35950268421647,-0.6416036683608758,-0.5930076959572348,0.3755852962185282,1.9713939324808918,1.0047227748087155,0.19484915097797773,1.1392577407706665
-0.5138582393076347,-0.48250199669279925,0.3013000867045056,-0.6194290863536859,-0.4385109325321021,-1.117463944259198,1.326682067814198,-1.441321309615917
-0.4552423123963235,-0.24207290000421847,-0.6308129139770591,0.49458233723256473,-0.5591629570217961,0.5802854309951326,-1.5657798307672541,-0.7622215595141846
1.1599097077554414,0.8748391974485508,-0.06836360325496436,0.1325786064690323,-0.31101457192021925,-0.2685892566320327,-0.4339469139310336,-0.08312180941245224
-0.4740987524080887,-0.6908381056794661,-0.6216797330540818,-0.34271754907416263,1.730858857202296,1.4291601186222982,0.6978860029051869,0.5959779406892806
-0.729532848864882,2.6262730714992095,-0.6324667891506454,-0.6590642518414126,-0.7433447150039716,-1.3296826161659894,-1.1885021918218475,1.2750776907910133
0.3447707283161082,-0.1886056812552581,-0.21921776540808532,0.1228695609542751,0.07241546795060273,0.36806675908834136,-0.05666927498562676,-1.3055013595955705
-0.07586251650914291,-0.41839420044243264,0.847881532791388,-0.5405771521397564,-0.06881083486949136,-0.48080792853882404,1.0751636418505932,-0.626401609493838
-0.3037278091963793,-0.497377806695171,-0.6448879657839862,1.6275445080687618,-0.3138987285008378,1.2169414467155069,-0.8112245528764404,0.052698140607894364
0.545435254511979,0.1976087711803914,2.2718932461352837,-0.5825075849198466,-0.4660169920649123,-0.9052452723524066,0.3206083639597798,0.7317978907096272
-0.7169752436924075,-0.7402608551528612,-0.5853362376326273,-0.7232694628449607,2.621162899684692,0.792504102901924,1.452441280796,1.4108976408113594
-0.33579565362645664,0.13273359195076173,-0.5444431224507644,0.08339982173961241,-0.5549808436281881,-0.056370584725241354,-1.440020617785452,-1.1696814095752242
-0.46060086074145506,-0.5939015893274663,-0.6355872281650139,0.3302426483727528,-0.09459726872243776,1.6413787905290895,-0.3081877009492313,-0.4905816594734914
-0.5716515170764457,-0.4052779493103291,0.9689050338513558,-0.6883549114162201,-0.6145849565560757,-1.5949559560494786,0.8236452158869888,0.188518090628241
0.29592311984542485,0.630219261571317,-0.5960195405322593,1.3058622890959872,-0.576989195583147,0.10279341920485215,-1.0627429788400449,0.8676178407299738
1.5583428857786135,0.6960015524886806,1.4746201097720042,-0.640402699841723,-0.5979956115707412,-0.7460812684223133,0.0690899379961753,1.5467175908317061
-0.39132224605827404,-0.6044947736338988,-0.37649882982032573,-0.44525178501482987,0.6284502970066165,0.9516681068320176,1.2009228548323956,-1.0338614595548774
-0.21259182350758402,1.1753714445099648,-0.20205031090579478,-0.4500344018980256,-0.5998838717157385,-1.170518612235896,-0.685465339894638,-0.35476170945314506
1.1195656534896097,-0.44765991379567227,-0.12263664669214709,-0.03778164313852274,1.6731622517799984,0.5272307630184349,0.44636757694158236,0.3243380406485874
-0.5725910264710727,-0.6901346677616467,0.82273528191392,-0.721130557998797,-0.1563892151784519,-0.32164392460873054,1.5782004937778027,1.003437790750321
-0.9216489870762588,-0.7312238662000119,-0.7665899887178564,0.5402359408814122,-0.7463535554113369,1.3761054506456003,-1.6496193060884556,1.6825375408520526
-0.40636451165354054,0.2039307688093802,-0.21732463961369278,-0.4925392216524957,-0.5750415166802039,-1.3827372841426873,-0.5177863892522351,-1.6803644216517268
0.2888791852900817,-0.3775363973422466,0.011996740521040796,-0.24060608394229904,0.5050996324658873,0.3150120911116435,0.614046527583985,-1.0012646715499944
-0.22939013681991557,1.0012926528882489,-0.497060293605486,-0.11293829025022696,-0.6003924553052082,-0.5338625965155219,-1.272341667143049,-0.3221649214482618
0.058890592154897344,-0.5473266483652264,-0.5828250175199942,0.9705824693412037,0.4443921765948924,1.163886778738809,-0.14050875030682827,0.35693482865347037
-0.3335124303011705,-0.5309914947220417,4.646146976815112,-0.709433491771167,-0.5081811064470642,-0.9582999403291045,0.991324166529392,1.036034578755203
-0.2154277795049407,-0.2715948641259529,-0.5252632986794443,0.42934048634193966,-0.3368818740686816,0.7394494349252262,-0.8950640281976419,-1.5445444716313803
0.6925215218551009,-0.05977770654230337,0.24439604946175794,-0.16615457600569777,0.07594914551853031,-0.10942525270193919,0.2367688886385787,-0.8654447215296478
-0.6874340538725183,-0.7001717076279476,-0.6108023656857468,-0.5615480695794427,0.5070947262824176,1.5883241225523916,1.368601805474799,-0.18634497142791542
-0.7506825232077003,0.6894269174366002,-0.6360209606813646,-0.6209245586485157,-0.7293701605097207,-1.4888466200960828,-1.5238600931066535,0.49275477867381745
3.6442583808020266,0.16333750294592855,-0.4193698272053141,1.3065893033558003,-0.20754897793049853,0.20890275515824783,-0.3920271762704328,1.1718545287755502
-0.07761314592322495,-0.2668736872730159,0.46292799312325783,-0.4802426450502036,-0.22194839731093863,-0.6399719324689176,0.7398057405657879,-1.4087245216110338
-0.38864386576203913,-0.4058003208272721,-0.6258094218587589,0.8613635468282922,-0.4332701242928173,1.0577774427854132,-1.1465824541612464,-0.7296247715093014
0.17488994992767795,0.6301522930153082,0.6272338142178125,-0.4932111911429912,-0.5023223197119786,-1.0644092762825001,-0.014749537325025982,-0.0505250214075688
-0.12534270141557832,-0.6540068384154365,-0.2351561752185165,-0.5273393824159003,2.696932921382641,0.6333400989718305,1.117083379511194,0.6285747286941636
1.2769410262163132,2.2788928242003967,-0.509259470301333,0.3293401266357431,-0.6074371652827494,-0.21553458865533487,-0.7693048152158397,1.3076744787958958
-0.4021635116432854,-0.5811386594665648,-0.5406919171033768,-0.1468751249934116,0.2361673846282839,1.482214786598996,0.3625281016203808,-1.2729045715906875
-0.6143212416782078,-0.5536161349368759,0.47882912603228617,-0.6724038623825823,-0.5154966694482965,-1.2766279481892915,1.4943610184566012,-0.5938048214889549
-0.29547516256925216,-0.0648868159391935,-0.6328701790217477,1.0649026860824486,-0.5696934785583707,0.4211214270650392,-1.3981008801248511,0.0852949286127776
2.3420278405740986,1.4401820488856512,0.20035786693540972,-0.14020871452507414,-0.3894564023989682,-0.4277532605621262,-0.26626796328863056,0.7643946787145103
-0.6388960607683215,-0.7375553371872556,-0.690897276301592,-0.60520641832554,4.567189373666831,1.2699961146922047,0.8655649535475899,1.4434944288162428
-0.26492557159032115,0.6538461738889854,-0.36757988420935905,-0.30167952524409525,-0.5691177754853163,-0.8521906043757088,-1.0208232411794442,-1.137084621570341
0.3517180136054496,-0.42169391184993377,-0.3795236002604287,0.3261354813706086,0.6347059906799176,0.8455587708786219,0.11100967565677587,-0.45798487146860845
-0.053560493697489685,-0.5714535701295299,0.5759415573905982,-0.5734349048370125,0.5852650300822243,-0.003315916748543517,1.2428425924929962,0.22111487863312398
-0.6780773248025664,-0.6888060908498014,-0.727344813272772,0.9506748803520284,-0.4277100990914924,1.6944334585057874,-0.6435456022340375,0.9002146287348568
-0.8074304997917112,-0.5260191313540029,0.7100978029142473,-0.7439035117598367,-0.7399577784833113,-1.6960914168800587,0.48828731460218294,1.5793143788365895
-0.4701068292832703,-0.5694685244313813,-0.08653824280008122,-0.5699603243384702,-0.07007837607113956,0.0016579583742719053,1.6201202314384031,-1.6532004316476576
-0.5366553099400843,0.3873152728570466,-0.5557545562976723,-0.3594031155398339,-0.6453854930017677,-0.8472167292528935,-1.607699568427855,-0.9741006815459251
0.2481443308591417,-0.3272628798068995,-0.5073076470501713,1.1993002551937344,-0.010517646583848088,0.8505326460014374,-0.4758666515916343,-0.2950009314441925
-0.29251365688205744,-0.24725486969648822,1.905753625516085,-0.6572142249563836,-0.5483507709111651,-1.271654073066476,0.6559662652445859,0.38409881865754014
-0.21173581798412586,-0.10710311313601885,-0.679045475163156,2.537237830676088,-0.6258566168243591,0.4260953021878546,-1.2304219294824479,1.0631985687592729
0.2113774374119471,0.12788862581512322,0.03260614441329966,-0.22234361727168567,-0.27102921927236995,-0.42277938543931076,-0.0985890126462275,-1.5173804816273109
-0.44856160028187636,-0.627447991266768,-0.48674054176319154,-0.40651368567043666,0.685970242689728,1.27496998981502,1.0332439041899926,-0.8382807315255785
-0.49302592562229824,0.9657920052840713,-0.36595724596828016,-0.5547805339128902,-0.6632750297866769,-1.4838727449732674,-0.8531442905370413,-0.1591809814238461
2.4432620216008805,-0.25039724944154795,0.16715472228773445,0.005311878692981014,0.8914659632335745,0.21387663028106324,0.2786886262991793,0.5199187686778868
-0.5694173995890464,-0.6780740143406288,2.3546141897779997,-0.731206398638102,-0.40776665978947957,-0.6349980573461022,1.4105215431353997,1.199018518779619
-0.543928951484218,-0.42972222192439713,-0.6412879443009839,0.3103849296081422,-0.5209397087866416,1.0627513179082286,-1.4819403554460526,-1.3815605316069646
-0.023817881316058713,0.7113769281770292,0.05984814133626519,-0.41986654277981783,-0.5182419918818513,-1.0594354011596847,-0.35010743860983207,-0.702460781505232
0.26703068145161846,-0.5382516016733566,-0.16664398507261888,-0.2896720808315225,1.722164091357441,0.638313974094646,0.7817254782263883,-0.023361031403499696
0.16619067967588855,1.4738221137120837,-0.5462858175909514,0.3745047905256194,-0.601284039462019,-0.21056071353251946,-1.104662716500646,0.655738718698233
-0.5485882021832877,-0.7166707470619672,-0.719635345694492,0.25396194259092764,0.4057735133345473,1.4871886617218113,0.02717020033557472,1.3348384687999655
-0.6045078540876659,-0.4697949793639617,0.222678609413294,-0.6490987789323533,-0.5541391930237907,-1.5899820809266632,1.159003117171795,-1.245740581586618
0.4631142016282939,0.31255099123672125,-0.36585721626977513,0.5557395876747288,-0.32077146557989317,0.10776729432766757,-0.7273850775552388,-0.5666408314848855
0.6199835490982776,0.08083173164622873,1.5840608018314655,-0.48481518577670346,-0.29114285324238315,-0.7411073932994978,0.4044478392809813,0.11245891861684691
-0.6623523548828225,-0.7210775735918833,-0.5397352400928549,-0.6650304536245596,1.5570089309676025,0.9566419819548331,1.5362807561172016,0.7915586687185796
-0.7799180403723485,2.769905461274955,-0.6817964805792683,-0.6571848158608063,-0.7508569653965527,-1.1655447371130805,-1.3561811424642505,1.4706584188203122
0.3274871101852901,-0.21018866055379093,-0.3252415367451198,0.34883713831889845,0.047887384670076444,0.5322046381412503,-0.2243482256280298,-1.1099206315662715
0.21591088438788372,-0.370106228949822,0.892960334289026,-0.48385005469730435,0.12029434257845109,-0.3166700494859151,0.9074846912081905,-0.4308208814645391
-0.507122731525244,-0.5669715975857994,-0.6858544838181833,1.5128702593858963,-0.4431651357685962,1.3810793257684157,-0.9789035035188436,0.24827886863719353
-0.3108177475612736,0.25482240485477897,1.0044981741456191,-0.6763970833348599,-0.6563418061850477,-1.3777634090198718,0.1529294133173768,0.9273786187389261
-0.48675924047195984,-0.7319198058703646,-0.20469499346361478,-0.7311288313941718,2.0657495015505836,0.3199859662344589,1.284762330153597,1.6064783688406588
-0.020862335670511097,0.3185690125167575,-0.22005215729514224,-0.18805181223395845,-0.430135649865812,-0.5288887213927065,-0.6016258645734366,-1.6260364416435882
-0.21315225369662108,-0.554613597725374,-0.4515860265838018,-0.14928299145185525,0.6306823856396783,1.1688606538616244,0.5302070522627839,-0.9469366915418557
-0.6062144124742683,-0.599277413596281,0.5545574738584507,-0.6805902429535474,-0.4460013458918639,-0.953326065206289,1.6620399690990042,-0.2678369414401234
-0.6105876383335183,-0.4068608076155162,-0.7010245545604117,0.9606960072473111,-0.6468219631231339,0.7444233100480416,-1.6775657978621896,0.41126280866160947
2.6314031085426484,1.2497609302641584,-0.3607855225887327,0.5450853175481294,-0.4454094536581727,-0.10445137757912377,-0.545732881025969,1.0903625587633416
-0.49898265372334305,-0.6083036628485755,-0.553961662279538,-0.2867760400305633,0.17220175163534812,1.593297997675207,0.5861000358102513,-1.4902164916232419
-0.6535881055290789,0.2963747071006934,-0.5225284142752148,-0.5680948983834077,-0.6812887601949306,-1.6430367489033608,-1.3002881589167825,-0.8111167415215093
1.5515485006220697,0.2086869499420704,-0.029347699617731277,0.3008891561960557,0.028271382318971878,0.05471262635096974,-0.16845524208056217,-0.13201699141977677
-0.06737286321787893,-0.431191008846994,3.0056710786164333,-0.6481024104132896,-0.3297677652838962,-0.7941620612761956,0.9633776747556579,0.5470827586819561
-0.25071510364739913,-0.5226378099195068,-0.7036116884005088,6.1538166616371415,-0.5230173546214861,0.9035873139781352,-0.9230105199713757,1.2261825087836886
-0.2365099765765213,0.00175768545361514,0.2634222373341159,-0.5141474628058118,-0.47970989403908465,-1.2185994050897782,0.20882239686484458,-1.3543965416028951
-0.2957606704658124,-0.5880012625301726,-0.13666626445957683,-0.509704784068167,0.6463154310091317,0.4791499701645524,1.3406553137010648,-0.6752967915011626
-0.4140581190705332,0.6777216289121113,-0.6006942928008417,-0.06651113121629539,-0.6459794960434924,-0.36972471746261293,-1.551806584880387,0.003802958600569628
-0.27323621909438045,-0.6066436678660726,-0.6674840183679128,1.6208704751632583,-0.058528189344945754,1.3280246577917179,-0.41997366804416675,0.6829027087023023
-0.6514967329373295,-0.5120592384307446,2.6706762638403228,-0.7356810370676116,-0.6961109223069564,-1.4308180769965695,0.7118592487920538,1.362002458804035
-0.18616293216838528,-0.0008952163486360613,-0.5170185763229146,0.36663041321101725,-0.46115654584870625,0.2669312982577611,-1.1745289459349804,-1.2185765915825488
0.6602340792297337,0.45763880565895976,0.3873044017569969,-0.26956952372502985,-0.29251254745699523,-0.5819433893694043,-0.042696029098759886,-0.5394768414808162
-0.40181073037691645,-0.6633347713501174,-0.4811752792744769,-0.46051997252430066,1.7627099971042748,1.1158059858849265,1.08913688773746,0.13962290862091625
-0.1389913086181107,3.839080041989731,-0.36038008088357654,-0.48274195079445714,-0.6707465610039576,-1.0063807331829868,-0.7972513069895735,0.8187226587226485
1.4272478020773034,-0.6519096120809794,-0.513688673398139,-0.06251178853319181,3.4242092799096078,0.6913686420713437,0.3345816098466467,1.4978224088243814
-0.3610887497582091,-0.5433726906246283,0.17681742429703107,-0.5664188477601049,0.0015199028464714763,-0.1575060455558216,1.466414526682867,-1.0827566415622025
-0.6709131854897329,-0.5790618353892666,-0.6977250345737868,0.4721204417235231,-0.5618643180274789,1.5402433296985092,-1.426047371898585,-0.4036568914604698
-0.4112138169938927,0.7180858409149259,0.007244733135690932,-0.6143068694538862,-0.6553987621518067,-1.5369274129499653,-0.2942144550623645,0.27544285864126283
0.9450279964598167,-0.5655419892628615,0.5400219598199109,-0.5117858569791341,1.7122736090653028,0.1608219623043654,0.8376184617738557,0.9545426087429955
-0.36173490722610907,8.010131886940027,-0.6342624629719469,-0.49750122955162074,-0.7350344149456773,-0.6880527253227999,-1.048769732953178,1.6336423588447282
-0.14234662535448744,-0.4506157913830412,-0.4351639778708908,0.04834041835233435,0.14723616559603608,1.009696649931531,0.08306318388304214,-1.598872451639519
-0.45431057948840475,-0.4569959718212389,0.6213865410542141,-0.6225289297561182,-0.4317762888029884,-1.1124900691363826,1.2148961007192625,-0.9197727015377865
0.3942234080659039,-0.12520473532061227,-0.48664739058468076,1.3196698962167694,-0.19728671467318637,0.5852593061179481,-0.6714920940077712,-0.24067295143605405
1.7192912659399509,-0.13158886787572702,1.2894443792500205,-0.367981547279994,0.19853614042887557,-0.26361538150921726,0.4603408228284492,0.4384267986656788
-0.8503776482337104,-0.7451866186587122,-0.7062384384048337,-0.714940623305906,0.7190132024259558,1.4341339937451136,1.5921737396646694,1.1175265487674115
-0.6473721949272179,0.10864460603690129,-0.5609363213206635,-0.5016291258254236,-0.6658130135901013,-1.324708741043174,-1.6356460602015888,-1.4630525016191724
0.46361491877652977,-0.018100712829823784,-0.35514638449771113,0.6038208214186193,-0.138187080638553,0.37304063421115674,-0.5038131433653682,-0.7839527515174399
0.6167866677224647,-0.18524343002073773,1.3481828869440162,-0.4552880278268499,-0.02907356186411252,-0.4758340534160086,0.6280197734708518,-0.10485300141570744
-0.585538014846305,-0.5622383603514685,-0.7079030581536488,1.922113434777527,-0.5691627373197681,1.2219153218383223,-1.2583684212561819,0.5742467486860254
0.7435413897395576,1.6955902386705837,0.6740062677299076,-0.5909870431562738,-0.6187964726627483,-0.9002713972295913,-0.12653550441996142,1.2533464987877576
-0.2633574355211057,-0.5516291174821724,-0.3014875974184551,-0.3817578731281223,0.5260132365225239,0.7974779780247394,1.0052974124162588,-1.327232551598826
0.2522714653559294,0.4702511143260738,-0.3912477944750618,0.3617543426574145,-0.4163058283277475,-0.05139670960242593,-0.881090782310775,-0.6481328014970933
-0.4760476250704019,-0.6520892571756471,-0.6339515564932449,-0.05193555984451808,0.4383937025274127,1.646352665651905,0.2507421345254456,0.03096694860463895
-0.7983450160257012,-0.6469375776912238,0.5687464272006734,-0.7350219381459699,-0.6797988935731047,-1.6695640828917098,1.382575051361666,0.7100666987063716
-0.5708320291611219,0.2161405459949745,-0.7134357275350617,0.3734579872099122,-0.7222559423186771,0.028185292362620826,-1.5098868472197864,1.3891664488081041
0.04057334339225966,0.49268082798336565,-0.020888953861679074,-0.3212340411318787,-0.45258548173092206,-0.8206893952645445,-0.378053930383566,-1.1914126015784794
-0.03251678067931728,-0.5505809103970866,-0.32266235413473693,-0.24786099714901436,1.1649163736442967,0.8770599799897862,0.7537789864526547,-0.5123128514767471
-0.4916961487938293,1.5555889750441763,-0.4845704001003883,-0.5118840349120635,-0.6799959772344039,-1.245126739078127,-1.1326092082743795,0.16678689862498555
2.7509575995551523,-0.3036895626923132,-0.2957879709985346,0.6914803865994925,0.7509533019482837,0.4526226361762035,-0.0007762914381591374,0.8458866487267181
-0.23353553563175253,-0.6771689552265326,3.410041218735127,-0.730005059008078,-0.18397490881694273,-0.3962520514509619,1.131056625398061,1.5249863988284509
-0.3721674213056478,-0.4768444462938768,-0.6031043925957652,0.5651710640881041,-0.2845711233382308,1.301497323803369,-0.7553315693289727,-1.055592651558133
-0.34560828745250494,-0.0639693755253778,0.6416538183188051,-0.6062218215570413,-0.5596474333945907,-1.4573454109849184,0.3765013475072476,-0.37649290145640046
-0.3825944632081875,-0.6507623805099646,0.037495167936626904,-0.6252120115538764,0.6943228743008811,0.24040396426941216,1.5083342643434678,0.30260684864533216
-0.45918938452333186,2.2620902079410627,-0.6336508394684177,-0.3092396484069118,-0.7074920043880603,-0.6084707233577532,-1.384127634237984,0.9817065987470648
-0.12712266484300952,-0.6945288265041883,-0.7195642258360777,2.352942704608105,0.02965485754438466,1.0892786518965776,-0.25229471740176374,1.6608063488487979
-0.3369975471082019,-0.3349659927316848,0.387577627138779,-0.5599670345927301,-0.3926171503988082,-1.0329080671713358,0.8795381994344568,-1.5717084616354495
-0.1360221889866906,-0.20186904307609124,-0.5482149398335627,0.8067231220983146,-0.37545519248747095,0.6648413080829948,-1.0068499952925773,-0.8926087115337171
1.3962605263137369,0.1409230757892806,0.41467995563441656,-0.1142316745032397,0.050670226735028176,-0.1840333795441705,0.1249829215436427,-0.21350896143198453
-0.6936835721522407,-0.7170917409783274,-0.6393602706616041,-0.5831003681706373,1.0523801344736916,1.5137159957101602,1.256815838379863,0.4655907886697481
-0.6421476967662422,1.5359096470917535,-0.41885190961400337,-0.6854315837883287,-0.7299230879388975,-1.5634547469383142,-0.6295723563471705,1.1446905387714803
0.2067176641467233,-0.3015707141429557,0.033516005480071984,-0.24839232026352395,0.1866663841388824,0.1342946283160165,0.5022605604890497,-1.4358885116151032
-0.5266247489559497,-0.5683257431657552,0.396561675177544,-0.6405812763632784,-0.32897490988110106,-0.7145800593111489,1.63409347732527,-0.7567887615133707
-0.5878852022082535,-0.45298322303065913,-0.6871210148149052,0.8547372824893349,-0.5952958287082877,0.9831693159431819,-1.593726322540988,-0.07768901141163834
-0.03145102105593465,2.1578304489693965,-0.015727445172872268,-0.5275846744806771,-0.6331236339708648,-1.1390174031247315,-0.46189340570476756,0.6014107386900948
0.8870488970785594,-0.6488253390615967,-0.2796664005385045,-0.41891694857994755,4.791813555759535,0.5587319721295991,0.6699395111314528,1.2805104887918273
-0.2321187050348486,0.31844853665634687,-0.46617514984946906,-0.025556906094228445,-0.5285278039034478,-0.2901427154975662,-1.216448683595581,-1.3000685615947565
-0.27937311149632305,-0.5523921788222338,-0.5730965539870289,0.29989242910904435,0.1727805021674954,1.4076066597567647,-0.08461576675936067,-0.620968811493024
-0.508721820585898,-0.4566439840883614,1.2872200953996658,-0.6764886697740374,-0.5471151090793432,-1.3512360750315229,1.0472171500768594,0.05813093860870827
0.7202777574782923,0.15641587299509138,-0.5619780515727603,2.292395309043675,-0.42670662574620993,0.34651330022280785,-0.8391710446501742,0.737230688710441
2.8813562925843743,-0.0012308720338040618,2.3585790271632576,-0.5901253082359512,-0.3551704699815454,-0.5023613874043575,0.2926618721860461,1.4163304388121736
-0.5615831748577611,-0.6447320007796197,-0.4797087196439543,-0.5140977808814114,0.36211290923672274,1.1953879878499734,1.4244947890222663,-1.1642486115744102
-0.4967326633374906,0.769729028716652,-0.5406625823155156,-0.378300141256864,-0.6542149720476762,-0.9267987312179401,-1.4679671095591855,-0.4851488614726778
0.671687494240351,-0.32983046588494186,-0.48680493632328536,1.4517733236248178,0.18254186419690152,0.7709506440363906,-0.33613419272296524,0.19395088862905488
1.111050305917502,-0.4850676092695513,1.3035135306102843,-0.5269274138451088,0.7698687930224405,-0.07792404359077486,0.7956987241132552,0.8730506387307875
-0.8671502347003279,-0.7300025960722037,-0.7609340510407875,1.2815910689209693,-0.690678652108059,1.619825331663556,-1.090689470613779,1.55215038883252
-0.43915673753511947,0.020414022595048133,0.07708176444696865,-0.5817136079368819,-0.5857642744105521,-1.616509414915012,0.041143446222441565,-1.0284286615540639
-0.019800440675813543,-0.5233437538379885,0.33207334356909685,-0.5058452108228323,0.5465771595891605,0.08123996033931866,1.1729763630586616,-0.34932891145233114
0.2842287035653038,2.444624780016167,-0.22383128853345305,-0.2810609309832856,-0.5772136314146507,-0.7676347272878468,-0.713411831668372,0.3297708386494015
0.3869473100776143,-0.637867821467681,-0.5169575559124387,-0.012978638790939198,3.1987254397657514,0.9301146479664841,0.41842108516784815,1.0088705887511342
-0.8977755951422575,-0.7367362679209507,1.2673154214664462,-0.7487547556224174,-0.7188797500097126,-1.1920720711014292,1.5502540020040683,1.6879703388528673
-0.3808908148635225,-0.21319443595466772,-0.5675097240842298,0.23742061363942155,-0.4895906875958442,0.5056773041529014,-1.3422078965773836,-1.6749316236509129
0.5176221024280451,0.32262795623863777,0.043938437080419834,-0.10777929187573584,-0.24937112668592143,-0.34319738347426404,-0.21037497974116295,-0.9958318735491806
-0.4447269288645353,-0.6476159076325263,-0.5296930515790788,-0.3819488860242462,1.0187724455724216,1.3545519917800668,0.9214579370950573,-0.3167321234474481
-0.5223095494413887,1.5761602137480106,-0.448294708778409,-0.5723175514004495,-0.6915819138006003,-1.4042907430082208,-0.9649302576319767,0.3623676266542845
3.987399661735053,-0.3223654368945386,-0.08859173121733498,0.1619151654789228,0.9635476024622329,0.29345863224611,0.16690265920424366,1.0414673767560167
-0.36390099875265186,-0.47304047951062744,0.27591296214576877,-0.5635589624527972,-0.2237793815036036,-0.5554160553810554,1.298735576040464,-1.5391116736305663
-0.1990214182915566,-0.43337738853049396,-0.5649412922751966,0.7238266445564158,-0.16159068967767412,1.1423333198732755,-0.5876526186865696,-0.860011923528834
0.06796023801384958,-0.08421416594975305,1.4198963255059307,-0.550844699528585,-0.39345327136497904,-0.979853399194638,0.5441802981496507,-0.1809121734271015
-0.6246007438391873,-0.7056562620245327,-0.4193316030930962,-0.6619793427232573,0.9107098919985175,0.7178959760596927,1.676013214985871,0.49818757667463115
-0.6385914613571674,0.316687311845114,-0.7064422357861339,-0.02145974599019827,-0.7236496870481118,-0.13097871156747268,-1.6635925519753225,1.1772873267763633
-0.47278832919998964,-0.5414424183419547,-0.6108290262873011,0.20351589108384965,-0.24743966050171307,1.5667706636868581,-0.531759635139102,-1.40329172361022
-0.43604511992954526,-0.2386176637475791,0.5343512723039171,-0.6170442269175703,-0.5495246795737798,-1.5104000789616163,0.6000732816971182,-0.7241919735084873
-0.12482996541036427,0.23193935939327506,-0.5816930405907171,0.7848358278155071,-0.5450779184455462,0.18734929629271432,-1.2863149130299156,-0.04509222340675511
1.4263616534152805,1.3531154299693517,0.5547783096630065,-0.35007452403182343,-0.44129162635987407,-0.6615253913344511,-0.15448199619369515,0.6340075266949773
-0.4788047525843222,-0.7254461163249682,-0.6105749113381777,-0.6008935176970149,5.952374270474005,1.03622398391988,0.9773509206425248,1.31310727679671
-0.33527414361587093,0.5517487213386667,-0.3312092648324344,-0.39661207576455004,-0.5823182238245853,-1.0859627351480337,-0.909037274084509,-1.2674717735898735
0.5450457874089849,-0.35675054560558456,-0.23385058193610245,0.14009534997167863,0.6438462898791751,0.611786640106297,0.22279564275171146,-0.5883720234881409
-0.22360426490283264,-0.5689457151128632,0.7888050628300045,-0.6102931015218086,0.14692022798773033,-0.23708804752086837,1.3546285595879317,0.0907277266135915
-0.7871127212021878,-0.6564746150795884,-0.7390470461211855,0.8297616278246788,-0.6665136428507611,1.4606613277334626,-1.5378333389935204,0.7698274767153239
-0.4313009683065272,2.448969640277248,-0.20640024991305606,-0.6881966046199861,-0.7246138093820517,-1.298181407054825,-0.40600042215729965,1.4489272268170565
0.11816063342669038,-0.42938500240371247,-0.0573568162113091,-0.286653208657799,0.5164363185296563,0.3995679681995057,0.7258324946789206,-1.131651823569527
-0.10752646019698249,0.9244080347036219,-0.4559888558908096,-0.02751719307362417,-0.5636838103019924,-0.4493067194276597,-1.1605557000481135,-0.4525520734677945
-0.061519464080632386,-0.5707157249715386,-0.5814005430204736,0.6118596564888626,0.5529665614217942,1.2484426558266712,-0.02872278321189287,0.2265476766339379
-0.3404438490704489,-0.5538643763599683,3.761007590326707,-0.7029221678778678,-0.4464368249743655,-0.8737440632412423,1.1031101336243267,0.9056474267356706
-0.11310800525591402,-0.5749127398953725,-0.718966782063748,9.59245255122734,-0.5434212294216958,0.8240053120130884,-0.7832780611027065,1.5847471768374028
0.18555420259247007,-0.21621500077571146,0.03667039722314953,-0.2400945564728532,0.00890287079071095,-0.024869375614077014,0.3485548557335136,-1.6477676336468436
-0.6983512965634426,-0.6849620088379301,-0.5976351704253633,-0.5574555141397117,0.13326971446559174,1.672879999640254,1.4803877725697339,-0.9686678835451112
-0.7104138871916592,0.3419912620305509,-0.5761018615960607,-0.6014535957770453,-0.7057970747630038,-1.6828277498858843,-1.412074126011718,-0.2895681334433788
2.361507911743694,0.4410390200302787,-0.09904788953698565,0.46620816233691303,-0.0918447631296426,0.014921625368446363,-0.28024120917549744,0.38953161665835384
-0.038060886578008706,-0.4570965850047344,5.225762544113855,-0.6913457273911885,-0.4401111983118838,-0.833953062258719,0.8515917076607227,1.068631366760086
-0.31919448557887836,-0.32640054402029206,-0.5656235890937231,0.4406449882868553,-0.386111525362449,0.8637963129956119,-1.034796487066311,-1.5119476836264973
-0.17990780482855487,0.17662654483553317,0.360439683031101,-0.5228618560588452,-0.5098736451520539,-1.2583904060723017,0.09703642976990899,-0.8328479335247647
-0.15163751566183736,-0.5905052383900601,-0.044475250436830524,-0.5031919420199454,1.0826279335517424,0.43935896918202905,1.2288693466061293,-0.15374818342303218
1.0311915458987815,2.053011408609727,-0.2504268270000256,0.05510173087185114,-0.4992733205421853,-0.40951571844513635,-0.6575188481209042,0.5253515666787
-0.37499536318552934,-0.7088696435486822,-0.6638937173037475,-0.23397812220514014,2.631954552325071,1.2882336568091945,0.4743140687153162,1.2044513167804327
-0.6739503987436201,-0.5610976889320305,0.057661047209667124,-0.6661462561108159,-0.5479400712296671,-1.470609077979093,1.6061469855515365,-1.3761277336061506
-0.4337973524563378,-0.05113485088945857,-0.614925947818784,0.2806720415220562,-0.5889340632678681,0.2271402972752377,-1.6216728143147219,-0.697027983504418
0.6672599275548983,1.4534515133810473,-0.014001033024185252,-0.18122438025805182,-0.46176992914618226,-0.6217343903519277,-0.48983989747850115,-0.01792823340268557
-0.08138329684914448,-0.6516104522323295,-0.5146882566501779,-0.2364917346947698,2.9067356226564036,1.0760149849024032,0.6419930193577188,0.6611715166990466
-0.6500712361494072,4.037556820692882,-0.6421469786301617,-0.6007758939510353,-0.7396235744205653,-1.0461717341655103,-1.244395175369315,1.3402712668007792
0.20505900317413767,-0.2952057223175814,-0.3438672013086369,0.25470694615682876,0.11973881860331986,0.6515776410888204,-0.11256225853309437,-1.2403077835858043
0.08541026475237541,-0.4286030993488021,0.6388611381739692,-0.4895568147868089,0.20685462258039608,-0.19729704653834498,1.019270658303126,-0.5612080334840718
-0.5240112234506985,-0.5867426675429992,-0.682960427279084,1.142060437723014,-0.39823875841257433,1.5004523287159859,-0.8671175364239082,0.11789171661766083
-0.5083245084451082,-0.05210251237352887,0.7769650173581645,-0.6940264876184511,-0.6722289816738456,-1.5767184139324886,0.2647153804123124,0.7969914667193932
-0.5187291868670698,-0.7238962192066528,0.11984125474859031,-0.731701485636699,0.774811128197931,0.12103096132184203,1.3965482972485328,1.476091216821126
-0.46298816690354205,0.4073732259842503,-0.52700365566622,-0.29275049231692185,-0.62041060925939,-0.7278437263053233,-1.4959136013329195,-1.1044878335654575
0.12870882350006257,-0.39423354853286974,-0.5115029040514577,0.9328181773985109,0.07867886191820336,0.9699056489490075,-0.36408068449669895,-0.4253880834637252
-0.2345181350070589,-0.29805774568829274,2.0406611690387013,-0.6429534401555184,-0.49101683295701604,-1.152281070118906,0.7677522323395215,0.2537116666380072
-0.0872100890458962,-0.18863474438151878,-0.6642471167362679,3.23669132279918,-0.5650746952388133,0.5454683051354248,-1.1186359623875126,0.9328114167397399
7.344953418290583,0.31122650270790697,0.43386114617742944,-0.4447920144382342,-0.38714207478856677,-0.3034063824917407,0.013196954448707495,1.6119111668414725
-0.5479556412563239,-0.6271953152969872,-0.5112930775052373,-0.44931354390233325,0.2187993090918193,1.39434299276259,1.1450298712849278,-1.6206036436427744
-0.3960488943285593,0.5857301343561686,-0.27614910351170957,-0.49092548862290464,-0.6090374062422439,-1.3644997420256972,-0.7413583234421058,-0.9415038935410419
0.9731958582169602,-0.3118700266378352,0.04334058642982278,-0.05458914538680805,0.8039812162480879,0.3332496332286334,0.3904745933941145,-0.26240414343930923
-0.4672064685061503,-0.6221916104724492,1.0553412533901723,-0.6831930331609891,-0.21682232928386838,-0.515625054398532,1.5223075102303347,0.41669560666242317
-0.7129460772422089,-0.6268916866567027,-0.736791030269635,2.307525841586917,-0.6592302043655733,1.1821243208557988,-1.3701543883511174,1.0957953567641554
-0.08782136130323188,0.2761728549491641,0.015701662281224948,-0.38817377753151294,-0.4581712111072113,-0.9400623982121146,-0.23832147151489666,-1.484783693622428
-0.09882924284285169,-0.5421136715187559,-0.2583631136798029,-0.3324818073890254,0.8978261378521089,0.7576869770422161,0.8935114453213239,-0.8056839435206954
0.27294053977926763,0.7503866203422892,-0.45165325996746875,0.47101269438317644,-0.48495492073910895,-0.09118771058494932,-0.9928767494057105,-0.12658419341896288
-0.48533899929012714,-0.675077931990075,-0.6676476958066886,0.07807566161038543,0.4661178028472435,1.6065616646693814,0.13895616743050956,0.5525155566827693
-0.844610028094866,-0.6803650685715416,0.8820662590426592,-0.7445295997510607,-0.7135862954721915,-1.6297730819091865,1.27078908426673,1.231615306784502
0.1916611058805041,0.11826461650854753,-0.3173351296103518,0.20000874925497963,-0.29476940870657437,0.0679762933451442,-0.6155991104603035,-1.3489637436020814
0.17056008349302457,-0.07614052082549522,0.9196714048388311,-0.4786796859703983,-0.2816378902076037,-0.7808983942820212,0.5162338063759166,-0.6698639935003486
-0.60837959704648,-0.6895069070342147,-0.4572146441214376,-0.6109563152555191,0.7692952737560332,0.9168509809723097,1.648066723212137,0.009235756601383751
-0.7199947001907416,1.0786425189546587,-0.6495115649768776,-0.5795273579827839,-0.7292160208763151,-1.2053357380956038,-1.5797530766541208,0.6883355067031159
2.1520280090067443,-0.28807324972305764,-0.5845636666858219,3.0699981757467807,-0.20783829734913994,0.4924136371587269,-0.4479201598179005,1.3674352568048487
0.13255522288778984,-0.26268633307621836,0.4432756231742449,-0.41584016960008924,-0.0416568365334805,-0.3564610504684385,0.6839127570183196,-1.2131437935817349
-0.5323097409307672,-0.5127454184950336,-0.6654082824595403,0.7708785795888163,-0.4774521178746498,1.3412883247858924,-1.2024754377087143,-0.5340440434800025
-0.26579846953159986,0.5189335656112187,0.35466936436039515,-0.5937691951341064,-0.6109708281897822,-1.4175544100023951,-0.0706425208724936,0.14505570662173015
0.20587396973290858,-0.6241832372094257,0.22453953019542697,-0.5644678398850151,1.9568021990465327,0.28019496525193555,1.0611903959637263,0.8241554567234626
0.32699994218956213,6.6292659383857355,-0.5295256232463247,-0.3421826181943965,-0.6969808613657604,-0.5686797223752298,-0.8251977987633072,1.5032552068251948
-0.14505174592631015,-0.5147230266788875,-0.4508865331224069,-0.010151733468444715,0.4491460823753257,1.129069652879101,0.306635118072913,-1.0773238435613885
-0.5121682143257974,-0.5405646481132107,0.7883201472020793,-0.6566337868821222,-0.4216843939145508,-0.9931170661888125,1.4384680349091332,-0.39822409345965587
-0.44746363747265283,-0.31505963525074876,-0.6730457865159004,1.4132120211641122,-0.5888270062688095,0.7046323090655182,-1.4539938636723189,0.28087565664207653
3.6280305063366325,0.9297416376411821,-0.10826199031342641,0.25626843065951566,-0.30084099368480316,-0.14424237856164715,-0.3221609468360982,0.9599754067438092
-0.8275314428709023,-0.7494724509720275,-0.7431197111979024,-0.6674897974526905,1.9094994389594087,1.5535069966926838,0.8096719700001221,1.6390751568455415
-0.5675938511017136,0.1907742752063155,-0.43619246800616723,-0.5191882682230257,-0.6385427282785765,-1.5236637459557907,-1.0767162247269122,-1.593439653638705
0.6827725806578919,-0.10224886909789191,-0.0445470210432203,0.058367073260091974,0.14849030059971768,0.17408562929853988,0.05511669210930845,-0.9143399035369727
-0.2199227248643024,-0.46742985513348617,1.2459045888090914,-0.6041422718463085,-0.21721830016581917,-0.6747890583286255,1.1869496089455283,-0.23524015343523993
-0.03959412474433985,-0.45465591447423825,-0.6306423188957306,2.561014171550894,-0.2394191984961367,1.0229603169257053,-0.699438585781505,0.4438595966664925
-0.024765126105869787,-0.08896598489362069,3.226618369884737,-0.6837843497978331,-0.5953709038952052,-1.099226402142208,0.43239433105471514,1.1229593467682246
-0.4881459064892633,-0.6059607173646393,-0.2958979761157111,-0.5396471869331346,0.19807441540839552,0.5985229731121225,1.5642272478909354,-1.4576197036183587
-0.23966715236269395,0.4507167621672808,-0.5131767854081689,0.05720083172215534,-0.5610575355737314,-0.25035171451504284,-1.3282346506905165,-0.7785199535166261
-0.3042797853097255,-0.5807847730007112,-0.6161281256892688,0.5522315331758997,0.13066842258980915,1.447397660739288,-0.1964017338542959,-0.09942020341489353
-0.48775707611898594,-0.45474451025577356,2.144891144360988,-0.6973838398200352,-0.5786651684890955,-1.3114450740489993,0.9354311829819242,0.5796795466868391
0.3484831408975962,-0.02529879371673695,-0.6544739786194717,3.537903044161044,-0.5703727460838643,0.3863043012053312,-0.9509570117451097,1.2587792967885714
0.2736391784592034,0.023799928663549623,0.2518543447014621,-0.301425723833221,-0.20299376107495629,-0.4625703864218342,0.1808759050911105,-1.3217997535980122
-0.536410414376557,-0.6555508520694973,-0.4953854833403471,-0.5010051106021041,0.6786845604977468,1.2351789888324967,1.3127088219273308,-0.6427000034962791
0.20983183316315454,1.7465899534623108,-0.07469377269723408,-0.34785677149528443,-0.5535177005870314,-0.8870077302354168,-0.5736793727997027,0.03639974660545264
0.474949992013535,-0.5994540885743445,-0.38439494754836195,-0.15041097496337594,3.1157259387827563,0.8107416450189139,0.5581535440365176,0.7154994967071853
-0.7372472978079252,-0.7326826828866337,0.032531605207209935,-0.7419015693202502,-0.04789566941737948,-0.03813304260825147,1.6899864608727377,1.394599246808918
-0.7249556735723481,-0.5860047145969418,-0.6967617386520235,0.02630044521650214,-0.5915417327063658,1.6596163326460793,-1.6868812951201009,-1.1859798035776656
-0.5052050463512502,0.45755751084624785,-0.24173778228198992,-0.5803022276113441,-0.6475524153181789,-1.6563004158975354,-0.5550483782838801,-0.5068800534759329
1.286302829440467,-0.315073372246905,0.5982508395677644,-0.29499526063661224,0.7444750671937983,0.04144895935679528,0.5767845385523404,0.17221969662579925
-0.45797951184846736,2.705607301452625,-0.5982265877501108,-0.40827592720303935,-0.703813441897621,-0.8074257282703701,-1.309603656174694,0.8513194467275319
0.6665196676872256,-0.6354959019730192,-0.6663934165417232,2.0916010585275937,0.37247074789587675,0.8903236469839607,-0.17777073933847334,1.5304191968292642
-0.4078124935641737,-0.3675284749200464,0.5905889810886952,-0.604549303481368,-0.4596651261967905,-1.2318630720839527,0.9540621774977469,-1.0501598535573191
0.14185557159559256,-0.018653261613251104,-0.5201794515836814,1.1299759427915337,-0.3657322718618775,0.465886303170378,-0.9323260172292871,-0.37106010345558654
1.821229744884853,0.24027639430569714,0.9672040889605761,-0.28673140436596484,-0.07848491571056414,-0.3829883844567874,0.19950689960693363,0.30803964664614586
-0.7311169474283045,-0.733148753976268,-0.6574342485746713,-0.6582532403708041,1.8194016847769183,1.3147609907975435,1.331339816443154,0.9871393967478785
-0.9098239978199519,0.6111988938986805,-0.7321497386878932,-0.7184535288406138,-0.7606301729512277,-1.444081743990744,-1.5611220821382985,1.6662391468496112
0.1614170160681142,-0.06731558660141479,-0.3106052701279268,0.17944888827611696,-0.19076425575238404,0.2536676312635866,-0.4292891653020779,-1.5662756636346358
0.11536449149805722,-0.22831179762257128,0.7677797689112409,-0.4715014286918218,-0.16144367328103168,-0.5952070563635787,0.7025437515341427,-0.8871759135329034
-0.4251130437948086,-0.4465071571542314,-0.6554837320948184,1.275003508217426,-0.47085629558154085,1.1025423188907522,-1.1838444431928916,-0.2080761634311706
0.35625588215868276,0.961245344385306,0.7669816979929093,-0.5180131217315491,-0.5370587321155489,-1.0196444001771614,-0.052011526356671056,0.4710235866705618
-0.21244429999805522,-0.699345278781328,-0.3711349370215582,-0.6064188109930029,4.638936778368987,0.6781049750771693,1.0798213904795488,1.150123336772294
0.02693086561119788,0.2628643521137269,-0.3438370685410138,0.0533092132024916,-0.4092052812808717,-0.17076971254999607,-0.8065668042474847,-1.4304557136142892
-0.3967273723945104,-0.6016194385100774,-0.5675557217767693,-0.09196764258478218,0.3678112339952732,1.5269796627043348,0.3252661125887357,-0.7513559635125567
-0.7060119093109288,-0.5884074768550623,0.47448024549060414,-0.7068685160582378,-0.6054944422199953,-1.5501910799441396,1.4570990294249557,-0.07225621341082443
-0.3137678577018277,0.23348140481915317,-0.6504741499247612,0.7987004597318818,-0.6388719015938205,0.14755829531019096,-1.4353628691564961,0.6068435366909084
1.449929785371388,2.8239072203931954,0.15485002159606137,-0.47102802548243183,-0.6010638239115772,-0.7013163923169744,-0.30352995232027563,1.2859432867926406
-0.26676503560997955,-0.555419171310728,-0.37974791887309406,-0.30690453394288564,0.5390904467056243,0.9964329829373564,0.828302964515945,-1.294635763593943
-0.376323474823532,0.9541284829956945,-0.39999837440200225,-0.4223395402297444,-0.6248507574315365,-1.125753736130557,-1.0580852302110895,-0.61553601349221
1.1672470956629546,-0.31724074919182793,-0.2624239174951809,0.45943357727894757,0.7580005272416517,0.5719956391237736,0.07374768662513118,0.06356373660952218
-0.06685462794467752,-0.5910990929463321,1.5578193740370074,-0.6513342378201907,0.18357574841894544,-0.27687904850339173,1.2055806034613514,0.7426634867112546
-0.6549281991058326,-0.7013085984283518,-0.7413998340393075,2.7002866338799922,-0.49775613920156603,1.420870326750939,-0.6808075912656825,1.4217632368129873
-0.32599194990028113,-0.140407672216756,0.4070263664435727,-0.5653547332858835,-0.4990083888235176,-1.3379724080373483,0.4510253255705382,-1.1588158135735962
-0.43074705023044985,-0.6236124527812869,-0.12792351286510809,-0.5801636006120927,0.4304095684591911,0.35977696721698227,1.5828582424067583,-0.47971606347186385
