RSS0,RSS1,RSS2,RSS3,RSS4,X,Y,Z
-0.724895742396637,-0.09595938037731158,-0.5855849933469738,-0.5721117232839367,-0.6847457791674197,-1.6977493752543307,-1.6977493752543307,-1.6977493752543311
-0.7243933194349506,-0.5814506968682985,-0.6891293283226173,-0.077421765168973,-0.5842551611565169,1.6977493752543307,-1.6977493752543307,-1.6977493752543311
-0.7278189396861193,-0.58152230764768,-0.1255691342414027,-0.6757696856890414,-0.5874908214961093,-1.6977493752543307,1.6977493752543307,-1.6977493752543311
-0.7276543810251924,-0.6800021990580868,-0.5955436739131766,-0.5795503220171374,-0.10491873491979599,1.6977493752543307,1.6977493752543307,-1.6977493752543311
-0.9416729135168493,-0.1492429771599323,-0.7483005614850233,-0.734577383428874,-0.7624115913945395,-1.6977493752543307,-1.6977493752543307,1.6977493752543311
-0.9467034675479572,-0.7456117916034215,-0.7684365835903719,-0.10988054232925432,-0.752195843356986,1.6977493752543307,-1.6977493752543307,1.6977493752543311
-0.9490372836765848,-0.7466163190649066,-0.20366252506726806,-0.7492347254712168,-0.7524058085540593,-1.6977493752543307,1.6977493752543307,1.6977493752543311
-0.9500220152309657,-0.7549455652215119,-0.7622971837937484,-0.7476698884665078,-0.17293075931672003,1.6977493752543307,1.6977493752543307,1.6977493752543311
0.205887381586165,0.3441992226052509,-0.35302741673565163,0.2445504468064656,-0.38344781087109103,-0.05885752228664907,-0.7982863622404527,-0.9871393967478783
-0.4669043907547478,-0.637749530110547,-0.6105153548746013,-0.11725541337806014,0.4178893219081556,1.6388918529676817,0.33354655459576776,-0.30803964664614564
-0.7589961276426449,-0.6272017320954641,0.5240937465915143,-0.7251217272624697,-0.6452730595598538,-1.5974428936108862,1.465379471431988,0.37106010345558676
-0.3834048220060316,0.28200365775185116,-0.6800811674690247,0.7709878927476891,-0.6800955525895301,0.10030648164344444,-1.427082427149464,1.050159853557319
0.00504519742417752,0.29226704996207536,-0.031057504964779093,-0.31427887358029194,-0.41822403095643784,-0.748568205983721,-0.2952495103132436,-1.5304191968292644
-0.1861562370643181,-0.5620358764650079,-0.35663108061435056,-0.29810935727863874,0.8483394371210708,0.9491811692706099,0.8365834065229769,-0.8513194467275317
-0.3951467538482939,1.346428831431226,-0.41883329507101746,-0.4594482939721439,-0.6485900312769451,-1.1730055497973035,-1.049804788204057,-0.17221969662579925
1.814781083344057,-0.33470039695901005,-0.2637863818308629,0.5181242229125125,0.9453455839815526,0.5247438254570271,0.08202812863216319,0.5068800534759333
-0.1955573451614571,-0.6493806949447245,2.12215980665383,-0.7049141571462312,0.020553132909395623,-0.32413086217013826,1.2138610454683836,1.1859798035776656
-0.40955789203441395,-0.492971090569221,-0.5962379594296358,0.346223558433231,-0.2715659385624862,1.3736185130841927,-0.6725271492586504,-1.394599246808918
-0.32415330149049576,-0.12137423047522403,0.5926439329719186,-0.5876660899107261,-0.5228752654886683,-1.3852242217040949,0.45930576757757013,-0.7154994967071853
-0.43900197073985836,-0.6449796062133337,-0.08214673533489134,-0.6100043131082223,0.5399007767059814,0.3125251535502358,1.5911386844137905,-0.03639974660545264
-0.571084934305136,0.954564787383082,-0.6541000886881394,-0.28168396425116277,-0.7033027301978568,-0.5363495340769296,-1.6366811154524676,0.6427000034962795
-0.24914003562498194,-0.6464633348082574,-0.70739008652786,3.6637564877534694,-0.24452923598484172,1.1613998411774014,-0.5048481986162473,1.3217997535980122
-0.16155267082592822,-0.20073827457120497,0.5554580724078158,-0.520340445782025,-0.36509069858323245,-0.9607868778905122,0.6269847182199729,-1.2587792967885714
-0.30886554261691623,-0.263510132522562,-0.6108288228860081,0.9456783795384802,-0.47658691226436145,0.7369624973638185,-1.2594034765070612,-0.5796795466868386
1.9459832079280828,0.39405448824886924,0.1422585237283545,0.12844273544991214,-0.04829895368622229,-0.11191219026334691,-0.12757055967084055,0.09942020341489353
-0.6950451014199182,-0.7241107534496626,-0.6744314936674832,-0.5537249589439183,1.3201214013698193,1.585837184990984,1.0042623571653797,0.7785199535166262
-0.7498532746786769,2.3645017286543317,-0.5869126678566582,-0.7017516182750082,-0.7483462419134965,-1.4913335576574906,-0.882125837561654,1.4576197036183585
0.4768218342125967,-0.2144058297498734,-0.018209734730431457,-0.07824559820879178,0.2249694021411643,0.2064158175968401,0.2497070792745666,-1.1229593467682246
-0.3631474603807925,-0.5213237968932175,0.8187653207380597,-0.6180716576439302,-0.2330079573001011,-0.6424588700303253,1.3815399961107868,-0.4438595966664923
-0.5974456910795866,-0.49287561198849833,-0.6981019276763687,1.1919930274698474,-0.5995400268008757,1.0552905052240056,-1.5109219024706655,0.23524015343524016
0.1252607245424799,2.518963974026517,0.08427876266248485,-0.5537638231991164,-0.6424218471990912,-1.0668962138439078,-0.37908898563444515,0.9143399035369728
0.3169810527007613,-0.708616189439888,-0.4575132975306234,-0.584258793487341,7.950675196173499,0.6308531614104228,0.7527439312017757,1.593439653638705
-0.22722627630785286,0.1858796011837655,-0.4480939628466423,-0.028741378029228142,-0.4990372488142114,-0.2180215262167426,-1.1336442635252586,-1.6390751568455415
-0.35265590656023715,-0.5613123521486836,-0.5692207446493726,0.11395180619050052,0.12545453220068872,1.4797278490375882,-0.0018113466890382697,-0.959975406743809
-0.49038535258562826,-0.46056915248426433,1.0194802700272085,-0.6579795296038883,-0.5064242305459891,-1.279114885750699,1.130021570147182,-0.2808756566420763
0.7189943737622342,0.06003388952311095,-0.518428733552293,1.9599771538278077,-0.31846527461210516,0.41863448950363147,-0.7563666245798519,0.3982240934596561
2.4734124566737403,-0.05689776798026786,2.1945406683803212,-0.5068334536526274,-0.14624159285184793,-0.4302401981235339,0.3754662922563687,1.0773238435613883
-0.6065608604853088,-0.6479104134967025,-0.5020970041998564,-0.5296718476573276,0.17182009403379178,1.267509177130797,1.507299209092589,-1.503255206825195
-0.43451643527892686,0.6550554152786104,-0.5025439108439385,-0.32964615654796353,-0.6267885436362596,-0.8546775419371165,-1.3851626894888633,-0.8241554567234625
0.44414575270397677,-0.3630455492200781,-0.4676300383984681,1.0030708140802407,0.25626807843624344,0.8430718333172141,-0.25332977265264284,-0.14505570662173015
0.7225945721305207,-0.48595511777267597,0.9115486339395892,-0.4906542868637076,0.8852904662002845,-0.0058028543099512275,0.8785031441835778,0.5340440434800027
-0.8087444614780872,-0.7118626411694926,-0.7498671094849406,1.0693299943804864,-0.6285971918167961,1.6919465209443796,-1.0078850505434565,1.2131437935817349
-0.4934884616045153,-0.10201431104164563,0.010182196061864851,-0.5896579301265158,-0.5860953752866552,-1.693604479318651,0.12394786629276375,-1.3674352568048487
-0.15240632982281868,-0.5204452042480882,0.2773933113312609,-0.5213332841422766,0.3008642759842723,0.004144895935679616,1.255780783128984,-0.6883355067031159
0.20533633138666582,1.7572112867876841,-0.12813187789007013,-0.31519958513008206,-0.5516106696583999,-0.8447297916914858,-0.6306074115980497,-0.00923575660138332
0.4573537274433226,-0.593093347425585,-0.4109916250255996,-0.0726241071776752,2.8040598897441598,0.8530195835628451,0.5012255052381708,0.6698639935003489
-0.8670515167422621,-0.7207078011407886,0.833964043332327,-0.7471882703610436,-0.6951621584768849,-1.2691671355050684,1.6330584220743911,1.3489637436020816
-0.45836435467617376,-0.19695905557047716,-0.6082463232997586,0.2406740703035478,-0.5563495515339749,0.4285822397492623,-1.594761377791867,-1.231615306784502
0.6037970294390212,0.7728880115423551,-0.06493584422169248,-0.044048774746773475,-0.3644070261836604,-0.4202924478779031,-0.4629284609556466,-0.5525155566827693
-0.2921319697976483,-0.640581551049698,-0.5353787578733871,-0.24526372707786503,1.5438801042063437,1.2774569273764278,0.6689044558805738,0.12658419341896288
-0.7048994795955041,1.4235004258086843,-0.5960897141980813,-0.6369928297694658,-0.7277173274165395,-1.4813858074118598,-1.21748373884646,0.8056839435206955
7.4246868150187835,-0.22480034160048662,-0.32746107487305515,0.44776666642582375,0.12119914382592635,0.21636356784247096,-0.0856508220102398,1.4847836936224277
-0.18908495357437938,-0.39004544994080637,0.617081365069725,-0.5408624616327963,-0.2015778551519807,-0.6325111197846944,1.0461820948259806,-1.0957953567641556
-0.21479518065202355,-0.408835186143549,-0.6030031520860968,1.2289578044753138,-0.2979779140962186,1.0652382554696365,-0.8402060999010533,-0.41669560666242295
0.17740389261852418,0.21464265209044267,1.450412742342933,-0.5616699821966785,-0.4837162640547912,-1.056948463598277,0.2916268169351672,0.26240414343930946
-0.5119470898640219,-0.7097332750855294,-0.37000269626293897,-0.6654383314299754,2.0678970962517575,0.6408009116560537,1.4234597337713877,0.9415038935410417
-0.6401588638210142,0.7871550766821673,-0.7215293284952916,-0.12112092133858945,-0.7411673001192478,-0.20807377597111174,-1.4690021648100648,1.6206036436427744
-0.42558945875935933,-0.5291561590303462,-0.5805700506829686,0.1191301578448053,-0.16311241468031076,1.4896755992832191,-0.3371692479738444,-1.611911166841472
-0.5209138088094567,-0.348826327160229,0.4002551462285061,-0.6332626906126104,-0.55743886999685,-1.5874951433652553,0.7946636688623763,-0.9328114167397397
0.10019333900826692,0.37099613148604693,-0.5094016623823169,0.6904680573739035,-0.48034842742943484,0.11025423188907528,-1.091724525864658,-0.253711666638007
1.0592243548196945,0.7519852437448313,1.0007247010631044,-0.4202962810295011,-0.3995775997734138,-0.7386204557380901,0.0401083909715626,0.4253880834637254
-0.5088223615388511,-0.719030265283449,-0.5495929461775865,-0.6232226237483183,4.087945396323248,0.9591289195162408,1.1719413078077825,1.1044878335654575
-0.3277406995983968,0.4082553946910525,-0.2598174868009377,-0.42665775205011364,-0.5657830141452037,-1.1630577995516727,-0.7144468869192512,-1.4760912168211258
0.39767479932342614,-0.3818756299045094,-0.15166025990322948,-0.06642150157418689,0.6609259318321413,0.534691575702658,0.4173860299169693,-0.7969914667193932
-0.4092544593809408,-0.5951839402863047,0.5368123495526959,-0.6346468941639369,-0.04662396350220748,-0.31418311192450743,1.5492189467531898,-0.11789171661766083
-0.6813930238734158,-0.6102442025179478,-0.7206581132301862,1.3221588248702194,-0.6018941954055613,1.3835662633298234,-1.3432429518282625,0.561208033484072
-0.39759965462007757,1.1772848127813196,0.11672796401108482,-0.6849858756728712,-0.7057524132628924,-1.375276471458464,-0.2114100349920421,1.2403077835858043
-0.05609050078241936,-0.46307751170605144,-0.03948927484495516,-0.3790191426993114,0.3773018087966509,0.32247290379586663,0.9204228818441784,-1.3402712668007792
0.003938153960756973,0.9158212243443387,-0.36058295723560135,-0.08493380974369481,-0.5254378116168582,-0.5264017838312988,-0.9659653128828555,-0.6611715166990466
0.01300951065987042,-0.5569322190079008,-0.5235871549833179,0.3030527591552044,0.8657494240955655,1.171347591423032,0.16586760395336472,0.01792823340268557
-0.5062678658584558,-0.5919206450650759,2.321724557158698,-0.707277793749594,-0.4762789642500153,-0.9508391276448813,1.297700520789585,0.6970279835044182
0.5600709171619183,-0.4816448183591583,-0.6663076098457906,5.699316414817486,-0.3209073894366371,0.7469102476094494,-0.5886876739374489,1.3761277336061508
0.29559929405979285,-0.24742138824344745,0.2549623416226565,-0.30929923216462635,0.11181245101475731,-0.10196444001771605,0.5431452428987718,-1.2044513167804327
-0.7384355081769303,-0.7033972106408647,-0.611658298499465,-0.60509844371367,0.1571440213457739,1.5957849352366147,1.6749781597349918,-0.5253515666787
-0.7814583796311109,0.2448039698283896,-0.6453000283137563,-0.6297224881664353,-0.7281123645740389,-1.6405498113419532,-1.6646276072262014,0.15374818342303218
2.3235850059787713,0.6697988767163295,-0.36651920147734435,0.9722401402977026,-0.3251094052090809,0.057199563912377446,-0.5327946903899811,0.8328479335247648
0.33117094216606324,-0.3952188439046532,7.1913808545464395,-0.7096654589659878,-0.5361523782970107,-0.7916751237147879,0.5990382264462392,1.5119476836264971
-0.41122887866132835,-0.352581739561998,-0.6150349440256963,0.5934932073965055,-0.4702913259652797,0.9060742515395429,-1.2873499682807945,-1.0686313667600862
-0.0865482619915772,0.5987053954434964,0.2660230099565165,-0.5028836105962502,-0.5433610407525404,-1.2161124675283705,-0.1555170514445743,-0.38953161665835384
0.19600702149411775,-0.5780419910885969,-0.026625367651786986,-0.43466399746769735,1.9330769460939905,0.48163690772596013,0.9763158653916458,0.2895681334433788
0.5197956285662341,2.801730424301525,-0.49034387228840254,0.09928828078863972,-0.6157308363056997,-0.36723777990120526,-0.9100723293353881,0.9686678835451115
-0.532087459214901,-0.7335964965494596,-0.7274238968537611,-0.10212050693037719,1.3389009401103564,1.3305115953531257,0.22176058750083252,1.6477676336468436
-0.6069707171229461,-0.5027980039278622,0.13458109431666654,-0.6422816548103688,-0.5211538496576889,-1.4283311394351619,1.3535935043370528,-1.584747176837403
-0.39392311543143554,-0.06449228476080256,-0.5972770801011041,0.3040597404918191,-0.5606594297711921,0.2694182358191688,-1.5388683942443993,-0.9056474267356703
0.692243698473604,1.0959167144014474,0.051479246933602056,-0.1658265894946726,-0.4117608280988598,-0.5794564518079965,-0.4070354774081789,-0.22654767663393746
-0.18191687638865564,-0.6486233175483949,-0.5052643358576717,-0.2852329115637476,2.4503920699857233,1.1182929234463344,0.7247974394280416,0.4525520734677943
-0.518252676259424,4.146568067713122,-0.5913242935251828,-0.5427045487775625,-0.722861283603953,-1.0038937956215792,-1.1615907552989926,1.131651823569527
0.09946983707456802,-0.3347986240576065,-0.34696118160528117,0.14381241389043184,0.12575678177031782,0.6938555796327515,-0.029757838462772003,-1.4489272268170563
-0.04019864558352496,-0.4560707476404694,0.46272321446434445,-0.49814076803172697,0.1829801430724655,-0.1550191079944139,1.102075078373448,-0.7698274767153239
-0.5090682199021554,-0.5825985392505993,-0.6720050690253795,0.9011197236125572,-0.35142067199569194,1.542730267259917,-0.7843131163535856,-0.0907277266135915
-0.453840519823696,-0.08607951810694399,0.9543905639714322,-0.6794412701413534,-0.6438497286367701,-1.5344404753885574,0.3475198004826346,0.5883720234881413
-0.5315614864646175,-0.7164191340824277,0.03736880831137872,-0.7207922074288698,0.7519694544820387,0.16330889986577313,1.479352717318855,1.2674717735898735
-0.42400728534873666,0.36542457548121776,-0.5020644998821303,-0.268067945528199,-0.6010224296376245,-0.6855657877613922,-1.4131091812625969,-1.31310727679671
0.05880373976324481,-0.4146348935357082,-0.5002544002263535,0.6867801772871476,0.12075779340739982,1.0121835874929386,-0.28127626442637654,-0.6340075266949775
-0.24596050630229227,-0.3314618092472293,1.7744329341869354,-0.6310539121429886,-0.4560993494539534,-1.1100031315749748,0.8505566524098437,0.04509222340675511
0.036660037767154055,-0.18281311324642233,-0.639104657770749,3.061061698660904,-0.4982873051841003,0.5877462436793558,-1.0358315423171904,0.7241919735084875
6.263425897162795,0.17232384378459742,0.6841478574922694,-0.3728198589150601,-0.21478881600961044,-0.26112844394780954,0.09600137451903007,1.4032917236102203
-0.5742772583158885,-0.6477388214386299,-0.531002849943182,-0.4771547971629766,0.3370533810240549,1.4366209313065212,1.2278342913552505,-1.1772873267763633
-0.3236035641428908,0.8852014290726814,-0.21242052386483565,-0.49569494512094353,-0.613030118617233,-1.322221803481766,-0.6585539033717833,-0.4981875766746309
1.2185717534723142,-0.3893417259193723,0.05356690601565382,-0.10619192956358868,1.2972539708165165,0.37552757177256446,0.4732790134644371,0.1809121734271015
-0.5886960834358066,-0.6776774273644123,0.9786049741083394,-0.7185829444328717,-0.27988812941966684,-0.47334711585460093,1.6051119303006574,0.8600119235288342
-0.8817222179926314,-0.7051846374899454,-0.7615792761430309,1.0624766426238932,-0.7344578223524223,1.22440225939973,-1.622707869565601,1.5391116736305663
-0.015180151760061544,0.6328467000558912,-0.07576386774567513,-0.33869752680362464,-0.4937555070163119,-0.8977844596681835,-0.4908749527293803,-1.041467376756017
0.15468307278079677,-0.5222544980035997,-0.28492027093684735,-0.17883088387320709,1.293923913480828,0.7999649155861471,0.6409579641068398,-0.3623676266542845
-0.04154561357016775,0.7147213511070368,-0.5727659054078877,0.5551264771253035,-0.5843964512922574,-0.04890977204101822,-1.2454302306201943,0.3167321234474481
-0.5960737125872357,-0.7020849028280788,-0.7136045706550602,0.3307420255609788,0.03791972453632048,1.6488396032133126,-0.11359731378397354,0.9958318735491808
-0.8903629773546571,-0.6994070333404715,1.0126100177209694,-0.7482682575787333,-0.7437778900890315,-1.6670771453303022,1.0182356030522468,1.6749316236509129
-0.07424538663067325,0.07338631719290739,-0.4018408576691621,0.10892962005699411,-0.3988866625535833,0.030672229924028536,-0.8681525916747871,-1.6879703388528662
0.13338628737036187,0.07670969885578771,0.5221065898316103,-0.4299598229240712,-0.3367148988450378,-0.8182024577031368,0.26368032516143347,-1.0088705887511338
-0.4511787482505034,-0.6478338373727024,-0.3778756503070271,-0.5284016352711121,0.9690275660197532,0.879546917551194,1.3955132419976537,-0.32977083864940127
-0.6606965005652363,1.0530146501703022,-0.6090063036380832,-0.5497447790992106,-0.7126344608488161,-1.2426398015167195,-1.4969486565837986,0.3493289114523316
2.3477258552063596,-0.17713105994630418,-0.48449383909467036,2.023351279203164,-0.006868468865677976,0.45510957373761124,-0.3651157397475781,1.0284286615540639
-0.03983369624864348,-0.3082465495943196,0.31598167828857604,-0.44530430572398644,-0.10684865170062796,-0.39376511388955415,0.7667171770886426,-1.5521503888325197
-0.48706427258541907,-0.48610749765865535,-0.6436886343061947,0.634456031903403,-0.43593062530105703,1.3039842613647767,-1.1196710176383917,-0.8730506387307873
-0.29947961119973515,0.29987587451296016,0.3522285464098597,-0.5852345245936326,-0.5912384636286239,-1.4548584734235108,0.012161899197828533,-0.19395088862905488
0.06924702144192928,-0.6004452021620399,0.2607562068838475,-0.5472316430089056,1.3730506060017875,0.24289090183081988,1.1439948160340487,0.48514886147267816
0.5816235339873049,4.86558006481087,-0.3961473448693717,-0.2736711034916494,-0.6461277772769753,-0.6059837857963455,-0.7423933786929848,1.1642486115744104
-0.1972683507001064,-0.5108113352344077,-0.430943970864654,-0.1028056043094203,0.351055561117068,1.0917655894579854,0.38943953814323556,-1.4163304388121731
-0.5529839332367009,-0.5468217336188123,0.49593361678617953,-0.6520001706954197,-0.43587244516984186,-1.0304211296099282,1.5212724549794558,-0.7372306887104408
-0.3528817270922627,-0.24889612909036887,-0.6431420919875425,1.234927065163959,-0.5418147197857867,0.6673282456444025,-1.3711894436019962,-0.05813093860870827
2.8651968972868866,0.782198572842761,0.06974722922998522,0.15049736568971597,-0.2112601470353151,-0.18154644198276282,-0.23935652676577582,0.6209688114930244
-0.7430383415403454,-0.7396088604233648,-0.7121810295907149,-0.6082471455023569,2.077112058331487,1.516202933271568,0.8924763900704447,1.3000685615947565
-0.55616206062138,0.28959650103318935,-0.4134496599492647,-0.5312361076165644,-0.6429726901189544,-1.5609678093769064,-0.9939118046565896,-1.2805104887918268
0.9617996590935727,-0.09845634905766404,0.061680839418532925,0.030835405378311618,0.2586457573006295,0.1367815658774242,0.1379211121796306,-0.6014107386900943
-0.30508598440598456,-0.5173513269884553,1.494557132512586,-0.641788233211723,-0.26752302509945625,-0.7120931217497412,1.2697540290158507,0.07768901141163813
0.0805676795899157,-0.4819187120231959,-0.6404411176383707,3.2561608395073023,-0.19919553634888446,0.9856562535045896,-0.6166341657111826,0.7567887615133709
-0.26599552566981266,-0.31216281829383763,4.454979236663138,-0.7208768771235428,-0.6537244006640769,-1.1365304655633237,0.5151987511250378,1.4358885116151032
-0.5062842411817086,-0.62148491953574,-0.28539776988882676,-0.5631180399064428,0.2362535122319406,0.5612189096910069,1.6470316679612578,-1.1446905387714803
-0.4140180696766238,0.396653857715441,-0.5855026780776499,-0.033341140437548156,-0.6210188172268436,-0.2876557779361585,-1.580788131905,-0.4655907886697477
-0.3287925792309217,-0.580648648881006,-0.6485487449378198,1.1014929391011947,-0.09024126465933376,1.4100935973181723,-0.44895521506877945,0.21350896143198517
-0.4495574125949866,-0.3593079361850153,2.4643471704391327,-0.705083553779249,-0.6256256200618449,-1.348749137470115,0.6828777017674407,0.8926087115337176
-0.3274703982045833,-0.17356631364649552,-0.717465637560105,2.7867910963688995,-0.6946083341729283,0.3490002377842156,-1.2035104929595932,1.5717084616354497
0.11755191499339801,0.09636174444373842,0.0322574043997928,-0.26810694059443785,-0.2998954401103553,-0.4998744498429498,-0.07167757612337274,-1.660806348848797
-0.4287033122078245,-0.6170137313288936,-0.45941671929682365,-0.4091059440032746,0.6355280733095873,1.197874925411381,1.0601553407128472,-0.9817065987470643
-0.08685749014864155,1.4295047286170939,-0.2730864955764622,-0.3377982626444793,-0.5820374859239406,-0.9243117936565324,-0.8262328540141864,-0.30260684864533194
0.7762909295037252,-0.4980290955096091,-0.3552850197575038,0.19539622996709657,1.6526195299242772,0.7734375815977982,0.305600062822034,0.3764929014564009
-0.42005008555632195,-0.6854065194092409,0.6099814771456353,-0.7051328788944049,0.3157379086700187,-0.07543710602936714,1.4374329796582543,1.055592651558133
-0.6693074856466548,-0.560372439580386,-0.6754949294319257,0.07249560190665079,-0.5394449222344421,1.6223122692249636,-1.4550289189231977,-1.5249863988284504
-0.4493208389627769,0.26885519116553386,-0.10788333888424294,-0.5671422272069884,-0.6140922217819238,-1.6140224773536043,-0.32319600208697735,-0.845886648726718
0.5509284359872139,-0.4141724671647492,0.47126955993486563,-0.38378788119438845,0.734178787752035,0.08372689790072636,0.8086369147492432,-0.16678689862498555
-0.15998386274899526,2.720948220706181,-0.47708812531096456,-0.301221233988628,-0.6505879997624625,-0.765147789726439,-1.077751279977791,0.5123128514767475
0.6493008224082865,-0.6143606375438989,-0.59388491307253,0.8171260655335925,1.3372354314215573,0.9326015855278919,0.054081636858429497,1.1914126015784796
-0.4872299355419724,-0.44567096009062124,0.362867358028927,-0.6138635740402532,-0.4516898731804631,-1.1895851335400216,1.1859145536946494,-1.389166448808104
0.24384369240176404,-0.0854034298356403,-0.45467799328739605,0.8437277927206093,-0.23255826531267143,0.5081642417143091,-0.7004736410323842,-0.7100666987063714
1.1270514634476239,-0.0579463289838609,1.0367133216822408,-0.34765582410654977,0.06390222728021845,-0.3407104459128563,0.43135927580383615,-0.03096694860463895
-0.7596543573740717,-0.7292649425990663,-0.6427559930748196,-0.6636178643552599,0.8648552745847313,1.3570389293414746,1.5631921926400565,0.6481328014970933
-0.8054022053757501,1.690674793264422,-0.6703568472359703,-0.6791776558987389,-0.7501790940653909,-1.401803805446813,-1.3292697059413954,1.327232551598826
0.3837943382323782,-0.10607180318934493,-0.2319733006673477,0.18979121679374178,-0.022634085381802106,0.29594556980751774,-0.19743678910517504,-1.2533464987877574
0.030317781287123365,-0.35230340819152256,0.9988947212833261,-0.5246962638998477,-0.108615953590578,-0.5529291178196477,0.9343961277310452,-0.574246748686025
-0.32936213495297806,-0.474508607896008,-0.652823528507538,1.8071719977784013,-0.39080998944556294,1.144820257434683,-0.9519920669959886,0.10485300141570744
0.4606377253760743,0.4717476058003769,1.6913133276692411,-0.5845285676990383,-0.525198852482232,-0.9773664616332303,0.17984084984023155,0.7839527515174403
-0.6143269375150134,-0.7362545919448651,-0.5375189908901415,-0.714096988050051,3.9326490273909354,0.7203829136211004,1.311673766676452,1.4630525016191724
0.3210657327642819,0.31441154811431465,-0.24273579803337209,0.11980965434932038,-0.3183837659936406,-0.12849177400606498,-0.5747144280505818,-1.117526548767411
-0.4652949332520609,-0.6378630863027418,-0.5826353504265639,-0.23457010472212647,0.5849693986976946,1.569257601248266,0.5571184887856385,-0.4384267986656786
-0.7767229382976392,-0.6511255373409802,0.3154930332677442,-0.7255124277450343,-0.6324144612686551,-1.5079131414002087,1.6889514056218589,0.24067295143605427
-0.6005937890407044,-0.07892900903990456,-0.7034130929779887,0.4522352080290801,-0.6994133184246625,0.18983623385412204,-1.6879163503709798,0.9197727015377869
0.8657568626251598,6.223483695350483,-0.3574349926400523,-0.4928437074139655,-0.681703087917255,-0.6590384537730434,-0.5560834335347593,1.5988724516395192
-0.2509256568255352,-0.5225762507898111,-0.4056370988079161,-0.2149097276392177,0.33082302237501593,1.0387109214812875,0.5757494833014614,-1.6336423588447277
-0.47877473795084385,0.5881699898924828,-0.48148536146650533,-0.41336720487249146,-0.6349366428864679,-1.0834757975866258,-1.3106387114255729,-0.954542608742995
0.7690030586077142,-0.24793682042045193,-0.3515958435061443,0.7274419263148504,0.2861997380987139,0.6142735776677047,-0.17880579458935253,-0.27544285864126267
0.42285447428875395,-0.4620894005479798,1.443274134844468,-0.5431391628837979,0.34421817416786155,-0.23460110995946065,0.9530271222468679,0.40365689146047024
-0.6697057570762971,-0.6712621125483103,-0.7329861436430528,2.2075861869338462,-0.5503098566215238,1.4631482652948702,-0.9333610724801663,1.0827566415622025
-0.3014766967489849,-0.03398307418191605,0.18424916248089085,-0.5262652913974216,-0.49897902582446285,-1.2956944694934174,0.19847184435605467,-1.497822408824381
-0.279250201876876,-0.5727948487510693,-0.09302151837165949,-0.5060027703467913,0.5293207038001841,0.4020549057609134,1.330304761192275,-0.8187226587226487
-0.4312333357085059,0.6698035082828054,-0.591337956878771,-0.13179356622708477,-0.6450989369589714,-0.446819781866252,-1.5621571373891774,-0.13962290862091625
-0.1661310077941367,-0.5683465767747465,-0.6455083200737802,1.6913253554665462,-0.023976012251084033,1.2509295933880789,-0.430324220552957,0.5394768414808172
0.08338698802416974,-0.3900481836478026,5.99257203949217,-0.6950893959088794,-0.4982678870136943,-0.8712571256798346,0.7015086962832638,1.218576591582549
-0.3578940446367603,-0.3157027534833206,-0.5853084731097024,0.48868299261594644,-0.4356360681999116,0.8264922495744961,-1.1848794984437707,-1.3620024588040347
0.9192066697543136,0.1021123392882796,0.04762960378757857,0.0555729382736826,0.006938132366649626,-0.022382438052669304,-0.05304658160755023,-0.6829027087023023
-0.658424771515437,-0.698388338400547,-0.629490681135344,-0.5032403924318697,0.6541364078523081,1.6753669372016615,1.07878633522867,-0.003802958600569628
-0.6614710735913408,1.0074424491292346,-0.4644148942360253,-0.6580237636883839,-0.7190271791866988,-1.6803408123244765,-0.8076018594983638,0.6752967915011631
5.496434827965011,-0.3466747475444658,0.49042384055277166,-0.33807126254295905,0.5692759668734689,0.017408562929854075,0.32423105733785673,1.3543965416028951
-0.47966800651661673,-0.5131714143112726,0.3630512225870569,-0.6145132240567025,-0.35037593586164834,-0.8314661246973113,1.4560639741740773,-1.2261825087836882
-0.4595398945961372,-0.3574910641771767,-0.64642771889119,0.8059218336832626,-0.5300456595965126,0.8662832505570195,-1.4363979244073752,-0.5470827586819557
-0.11998464595589407,1.086066367205374,0.15005122700337195,-0.5329033480422394,-0.5998881770404512,-1.2559034685108939,-0.3045650075711548,0.13201699141977677
0.6229321842225123,-0.5946240289102624,-0.004520445065365596,-0.42836368262018254,2.868382828453864,0.44184590674343677,0.8272679092650659,0.8111167415215096
-0.044772885078327655,3.904118582444048,-0.6267961350503887,-0.1488734766440961,-0.7082250897268907,-0.4070287808837286,-1.0591202854619683,1.4902164916232419
-0.2378403294787041,-0.523998804322176,-0.5171037278748444,0.11114253493208694,0.22551067726956148,1.2907205943706022,0.07271263137425223,-1.0903625587633416
-0.5906188735387606,-0.49566888894403266,0.6529652393345305,-0.6729428509981874,-0.5564044692211347,-1.4681221404176852,1.2045455482104725,-0.41126280866160925
1.0187990719751674,0.32143063356399026,-0.4287922439238513,1.2651336297807436,-0.3009422462999374,0.2296272348366454,-0.6818426465165616,0.2678369414401236
1.2938514511854378,-0.061852797789343224,2.9924890756761284,-0.5673626758113259,-0.2883440147661887,-0.61924745279052,0.44999027031965927,0.9469366915418562
-0.8787182898603277,-0.7518317097857039,-0.7162809334104404,-0.7437215894447318,1.4611970741624716,1.0785019224638108,1.5818231871558797,1.626036441643588
-0.5966532725784994,0.13020407391265418,-0.5518598460107973,-0.43113685531792956,-0.6462704075529783,-1.0436847966041025,-1.645996612710379,-1.6064783688406583
0.19302081437426086,-0.21479202899713484,-0.43938685514334436,0.671800810438933,-0.10916178503221853,0.6540645786502282,-0.5141636958741584,-0.9273786187389258
0.7695423795081117,-0.2437680889903142,0.813432173765117,-0.3661511434695807,0.266346655150111,-0.19481010897693726,0.6176692209620619,-0.2482788686371933
-0.6832991685939696,-0.6213100031324547,-0.7180012703432518,1.0851997578003107,-0.578184682755581,1.5029392662773935,-1.2687189737649722,0.43082088146453956
-0.5565012710531958,0.5080939337887462,0.0736972265827831,-0.6991595797519187,-0.7116610451888145,-1.574231476371081,-0.13688605692875175,1.1099206315662717
-0.10308564503616024,-0.4507812948197307,0.05193923728835779,-0.425921293986245,0.20607703070518274,0.12351789888324974,0.9949468599074689,-1.4706584188203118
-0.07041527879238373,0.9075418818615015,-0.3103452983406603,-0.2231028239789939,-0.53916694126055,-0.7253567887439156,-0.8914413348195653,-0.7915586687185794
0.25573292678068454,-0.5054687603305354,-0.4307557220416518,0.23937481574776712,1.023609235217049,0.9723925865104153,0.2403915820166556,-0.11245891861684691
-0.6145206572388762,-0.6022461714965229,1.6064127645359048,-0.7137129567767319,-0.5481660030703991,-1.1497941325574983,1.372224498852876,0.5666408314848862
-0.6206099969161966,-0.3922156035302911,-0.7259990454362668,1.7421115241297263,-0.6990247742504458,0.5479552426968324,-1.5202373997285767,1.2457405815866183
0.27281789519113214,0.27485415682569864,-0.1237929870671639,-0.07281128052988936,-0.30819527742151615,-0.30091944493033296,-0.3884044828923563,-1.3348384687999653
-0.40816774992405525,-0.6221236445303433,-0.5261554993901761,-0.29642756820102517,0.7192905849361458,1.396829930323998,0.7434284339438647,-0.655738718698233
-0.5436128246905158,1.1914323891920895,-0.4880013266478385,-0.5377907496008951,-0.6828447403413812,-1.3620128044642896,-1.1429597607831699,0.023361031403499696
2.9389527812884317,-0.18247839164917903,-0.18406349676952494,0.5572379519854527,0.5644097258685845,0.3357365707900411,-0.011126843946949443,0.7024607815052323
-0.22613307701645843,-0.6474464655910681,4.174233037489465,-0.7226683520635578,-0.27332206019897665,-0.5131381168371243,1.120706072889271,1.3815605316069646
-0.3246349977494209,-0.43811986208023324,-0.5833995715486302,0.5472507092317616,-0.28098099769417867,1.1846112584172066,-0.7656821218377632,-1.199018518779619
0.13542300748349595,0.05827998395481298,0.9224699005361257,-0.4942575834732236,-0.37874208319395314,-0.9375754606507068,0.3661507949984577,-0.5199187686778863
-0.4958318155143745,-0.675387293113192,-0.36330683913023126,-0.592550073292269,1.1511345659569538,0.7601739146036238,1.497983711834678,0.1591809814238461
-0.2973006642825122,0.7412153513734507,-0.6461863813206947,0.397543274484918,-0.6653284094722985,-0.0887007730235416,-1.3944781867467744,0.8382807315255789
-0.7266085343795461,-0.7310152817745621,-0.746648955444064,0.5503345707910072,-0.27500381448445177,1.6090486022307893,-0.26264526991055404,1.517380481627311
-0.5539632960155915,-0.3842882419069382,0.31408177007502647,-0.6382368796449721,-0.5622286101353149,-1.6272861443477789,0.8691876469256669,-1.0631985687592724
0.17004332910964598,0.4037669061941847,-0.47292353205536886,0.5965769143581232,-0.45532956766718063,0.0704632309065519,-1.0172005478013677,-0.3840988186575399
0.848658999968754,0.5653729446923601,1.1222229865801063,-0.44307138764628734,-0.3889309008724577,-0.7784114567206135,0.11463236903485279,0.2950009314441929
-0.5086243010536126,-0.7135408853870131,-0.5125152554354983,-0.6223512268594225,3.2968001293002063,0.9193379185337174,1.246465285871073,0.9741006815459256
-0.525263988348034,5.453168675948324,-0.47222796209527995,-0.6907137704449562,-0.7421109478152539,-1.202848800534196,-0.6399229088559608,1.6532004316476578
0.04950325919540963,-0.3932104376795401,-0.18511664691962618,-0.19266501357579968,0.29161849238062315,0.4949005747201346,0.49191000798025986,-1.579314378836589
-0.4627244695813133,-0.5713413313731641,0.23108237001425921,-0.610041915532493,-0.1502773778213315,-0.3539741129070308,1.62374292481648,-0.9002146287348565
-0.6778142061627986,-0.5560532543090734,-0.70237790730369,0.5446405661497172,-0.599453632039336,1.3437752623473,-1.604076875049778,-0.22111487863312398
-0.3583310462115749,1.3368243464432452,-0.11782757005773539,-0.5943390916552059,-0.6639930431563078,-1.4150674724409875,-0.47224395821355786,0.45798487146860883
1.6401315915447685,-0.5664882044109526,0.19066189915032108,-0.4246746221027664,2.398969308558052,0.28268190281334327,0.6595889586226629,1.1370846215703407
-0.3141515787731877,0.3694886091030272,-0.45132848668648556,-0.19512349778949925,-0.55900217382339,-0.5661927848138221,-1.2267992361043716,-1.4434944288162423
-0.056792258140167425,-0.47383578628863926,-0.5017935372453283,0.3981998964586074,0.24074012805331846,1.1315565904405087,-0.09496631926815097,-0.7643946787145101
-0.2821773230941505,-0.4155630002271248,1.5902857678312368,-0.6298096294624801,-0.396889911161787,-0.9906301286274047,1.0368665975680693,-0.0852949286127776
0.20360703735857172,-0.2657011970712862,-0.6143721927556077,3.1266601446981848,-0.3699521864261902,0.7071192466269259,-0.8495215971589648,0.5938048214889555
5.13385520498959,-0.17358093228827554,0.8932506483238981,-0.3718733444046217,0.17239165717671526,-0.14175544100023943,0.2823113196772562,1.2729045715906877
-0.6511805469100083,-0.6653220444840903,-0.5634379557771267,-0.5280566682282224,0.14871157511998398,1.5559939342540914,1.4141442365134764,-1.307674478795896
-0.6684753933452278,0.3459029933388988,-0.5627605210762141,-0.557541934933346,-0.6894228703242933,-1.521176808394383,-1.4783176620679759,-0.6285747286941634
1.5426222699199696,0.21955068426559612,-0.2218956518621287,0.6863309228243746,-0.048641731492365683,0.17657256685994757,-0.34648474523175554,0.0505250214075688
0.3506173539675938,-0.3520355823630943,3.4683877663314617,-0.6215899484935259,-0.2529822608303937,-0.6723021207672178,0.7853481716044652,0.7296247715093016
-0.5854799795162602,-0.6191235294606017,-0.7359296715376217,5.8477442372226465,-0.6349580832658203,1.0254472544871132,-1.1010400231225694,1.4087245216110338
-0.10645821808988525,0.18589472317050207,0.24986764116238616,-0.46767669742927326,-0.4655812968420917,-1.0967394645808004,0.030792893713651643,-1.1718545287755497
-0.18149626816252548,-0.57975814301345,-0.17358557759610369,-0.4553019417436144,0.9961520761501519,0.6010099106735303,1.1626258105498715,-0.492754778673817
0.8470142573141163,1.2771710242002672,-0.30648908836759864,0.2932574308899801,-0.4456145902031131,-0.2478647769536351,-0.7237623841771623,0.18634497142791584
-0.4415673668424886,-0.6945811311322948,-0.6595879202842388,-0.1516220162874533,1.4152008094550066,1.4498845983006958,0.40807053265905824,0.8654447215296482
-0.887040912167338,-0.7280429508537387,1.0562736703085243,-0.7483660700106465,-0.7160981496374438,-1.3089581364875917,1.5399034494952788,1.5445444716313805
-0.3032628313573759,-0.09371979620783674,-0.5717218277308473,0.44049928843019887,-0.5058366219497442,0.38879123876673893,-1.3525584490861737,-1.036034578755203
0.8999257205218629,0.6817305525787337,0.1936720859823278,-0.13775929358287073,-0.2966214494842279,-0.46008344886042646,-0.22072553224995328,-0.3569348286534706
-0.39576996677419707,-0.6705765243204372,-0.5378491775092816,-0.40396648244293165,1.970781308977051,1.2376659263939045,0.9111073845862674,0.32216492144826225
-0.22306214729910126,4.74221411017185,-0.49407243012690844,-0.4499805028511503,-0.6917056819398111,-0.8845207926740091,-0.9752808101407668,1.0012646715499953
0.9826903555597332,-0.6826449833140901,-0.6393262677163475,0.2772470173504892,2.0498971835626945,0.8132285825803216,0.1565521066954537,1.680364421651727
-0.3129852692159986,-0.5032762167966073,0.031763538262063275,-0.5127247204224606,0.009337652930833402,-0.035646105046843755,1.288385023531674,-1.6825375408520524
-0.5151718859880886,-0.5691579007180403,-0.6383089216566291,0.28654956947410604,-0.2809726018399373,1.6621032702074872,-0.5980031711953601,-1.0034377907503198
-0.5063740289120446,-0.2398345066137532,0.522761308170583,-0.6474528729613859,-0.5998489451745898,-1.6538134783361276,0.5338297456408608,-0.3243380406485874
-0.5010778006112732,-0.6650359009636797,0.11784906179364843,-0.666552766614718,0.2389010052491,0.043935896918202995,1.665662662477081,0.35476170945314484
-0.7166740203650763,1.1614572956736176,-0.6845999676904957,-0.5049306326429914,-0.735358029709697,-0.8049387907089623,-1.6739431044841129,1.0338614595548774
-0.14719933907730767,-0.34594652631234807,-0.4945352797916513,0.3836497514989818,-0.17636018599667522,0.8928105845453684,-0.5421101876478924,-1.546717590831706
-0.26481762820284704,-0.18074978319688778,0.6817989252394184,-0.5711944169703975,-0.46651058451871097,-1.229376134522545,0.5897227291883281,-0.8676178407299733
-0.21800045416561872,-0.07589920943396056,-0.6059498935719655,1.0537900019410926,-0.5192711942967979,0.46837324073178566,-1.296665465538706,-0.188518090628241
2.189851186205256,0.9369377472545197,0.3403947281464712,-0.11408790890948989,-0.27893128495869274,-0.3805014468953797,-0.16483254870248565,0.49058165947349186
-0.6292588259950992,-0.7294853667123513,-0.665791111828255,-0.5827903758856517,3.2361978066539785,1.317247928358951,0.9670003681337348,1.1696814095752242
-0.49849298714334167,0.3199743189906268,-0.37323465418336377,-0.5009289432949279,-0.6224576728207248,-1.4415948064293362,-0.9193878265932992,-1.4108976408113594
0.7557836151557291,-0.20153625189261024,-0.010066290825171595,0.012895042099343522,0.36137010384496154,0.2561545688249943,0.21244509024292152,-0.7317978907096269
-0.31648167583359915,-0.5355909335903488,1.1419051223775454,-0.6314531965258459,-0.19266817814292458,-0.592720118802171,1.3442780070791416,-0.052698140607894364
-0.6761248869050323,-0.5566148081937287,-0.7198511507547553,1.3356358586600576,-0.6428686450093383,1.1050292564521598,-1.5481838915023107,0.626401609493838
0.11703332436931191,3.708996328448777,-0.06670318196294207,-0.6031403412397564,-0.6832089566494247,-1.0171574626157536,-0.41635097466609017,1.3055013595955707
-0.04923934322218,-0.4828233332497474,-0.23759623903317728,-0.2621700702690858,0.5457991749227497,0.680591912638577,0.7154819421701306,-1.275077690791013
-0.06468706737851895,0.5455658604227559,-0.4806945059603782,0.21004145501152552,-0.5235751180443422,-0.16828277498858835,-1.1709062525569038,-0.5959779406892803
-0.371014208687427,-0.6194454236336001,-0.6308832666820985,0.3283706497755217,0.26577176959109367,1.5294666002657424,-0.03907333572068338,0.08312180941245204
-0.6985225648789981,-0.5728654430627986,1.3232552709728211,-0.725993788106282,-0.6567693799373745,-1.547704142382732,1.0927595811155368,0.7622215595141847
1.2400226747538847,0.4601551869561019,-0.6122436363945701,1.9033108317939782,-0.5779574608583524,0.15004523287159865,-0.793628613611497,1.441321309615917
0.15711793782379083,-0.008106486836277732,0.4862644881144244,-0.41107824615011385,-0.2750889953344287,-0.6988294547555667,0.3382043032247236,-1.139257740770666
-0.5263624000640126,-0.6585655780811474,-0.4355799557685379,-0.5424021721076939,0.7505290193014188,0.9989199204987641,1.470037220060944,-0.460157990668934
-0.578575522817913,1.2646999780794623,-0.5768457010587263,-0.4933764103348199,-0.6955356548770455,-1.1232667985691493,-1.4224246785205084,0.21894175943279864
1.8447450698849361,-0.29210471313732883,-0.4857230248679681,1.8862529941103616,0.19688278541404047,0.5744825766851813,-0.2905917616842879,0.8980415095345313
0.7327755222137574,-0.6215067518139015,3.105588538097382,-0.7026633543857373,0.0768900180246275,-0.274392110941984,0.8412411551519328,1.5771412596362635
-0.530072803524397,-0.5028027760164949,-0.628944159209564,0.22949348539678358,-0.42103578090466887,1.4233572643123469,-1.0451470395751012,-1.6553735508479832
-0.25650084937237694,0.1241422381635619,0.2671143835809365,-0.5342892645659126,-0.526164917370101,-1.3354854704759407,0.08668587726111907,-0.9762738007462505
-0.12490473695828622,-0.5710556814696092,0.021572370310594162,-0.4969595566321672,0.891402399548473,0.36226390477839,1.2185187940973394,-0.2971740506445181
0.8046397549829127,2.047398781914182,-0.22586590423468453,-0.03179091162222575,-0.5073887721742049,-0.48661078284877535,-0.6678694006296947,0.3819256994572146
-0.22182453241866507,-0.6890492419822992,-0.6261768974116837,-0.15517914326401488,2.7341579480470495,1.2111385924055555,0.4639635162065261,1.0610254495589468
-0.5587852334700785,-0.5415714910246529,0.15892363372055923,-0.6274427163122701,-0.40246634293217864,-0.911048126662358,1.5957964330427463,-1.5195536008276365
-0.5316129249754166,-0.3538169377389702,-0.6507569966580764,0.45021422567437963,-0.5671122375922618,0.7867012485919727,-1.632023366823512,-0.840453850725904
1.099914312339102,0.5887565085724695,-0.20191083821321562,0.40319631659686095,-0.26015858863827224,-0.06217343903519268,-0.5001904499872917,-0.16135410062417166
-0.5843195754019965,-0.6996059401311788,-0.6582385343877969,-0.3492434502325548,0.9875837749441789,1.6355759362191382,0.6316424668489288,0.5177456494775612
-0.815791808303126,1.063727423184872,-0.6547098102197698,-0.691225678003798,-0.748835626970121,-1.60075881035943,-1.2547457278781053,1.1968453995792934
0.3668266574685633,-0.04729585672189722,-0.13610597354727919,0.0318567496550019,-0.070917786756351,0.09699056489490082,-0.12291281104188488,-1.3837336508072902
-0.16212688784531992,-0.37245184619480615,0.9528849946408927,-0.5629288457793388,-0.25142333796950267,-0.7518841227322646,1.0089201057943358,-0.7046339007055576
-0.1185793143055084,-0.3705794887715076,-0.6108083950149921,1.79679857109886,-0.32651326999958397,0.9458652525220663,-0.8774680889326985,-0.025534150603825044
0.004856121797890842,0.240191912830664,1.5699246988625821,-0.6247148442289168,-0.5692875101417851,-1.1763214665458472,0.2543648279035225,0.6535655994979074
-0.5497021310898705,-0.726712766929682,-0.36595639146611153,-0.7103761893336309,2.3714767456219,0.5214279087084835,1.3861977447397427,1.3326653495996397
-0.403422343125639,0.22114670364784644,-0.5398024830525483,-0.10693520619082664,-0.5856438772384328,-0.32744677891868185,-1.5062641538417096,-1.2479137007869434
-0.2829852958043621,-0.5259620979486846,-0.5939831822391642,0.5982312285359003,-0.03999664609359475,1.370302596335649,-0.37443123700548947,-0.5688139506852111
-0.4169501143714318,-0.31977657696364153,1.3539341566773597,-0.6600380281760878,-0.5592190531821113,-1.3885401384526386,0.7574016798307316,0.11028579941652135
0.07333561694273129,0.1598068733293157,-0.6276689636877115,1.9535620948193848,-0.5651886640529686,0.30920923680169216,-1.128986514896303,0.789385549518254
3.386807179465775,0.7972598020203427,0.8939062105847018,-0.527344946055276,-0.5004295879089568,-0.5396654508254732,0.002846401939917529,1.4684852996199862
-0.44610704745926844,-0.6163076281010954,-0.44787949969260776,-0.43129687261500316,0.5497195353787523,1.1580839244288577,1.134679318776138,-1.112093750766597
-0.08500660210737793,1.2518333221290612,-0.2250498934387173,-0.355791611827105,-0.5710183205404398,-0.9641027946390558,-0.7517088759508962,-0.43299400066486465
0.7244801491020992,-0.49020828034483355,-0.3026244099904184,0.08264465792623599,1.6604606502902204,0.7336465806152749,0.38012404088532453,0.24610574943686797
-0.4698115742236622,-0.6818711028877203,0.5610984787298314,-0.703027529169562,0.18051082407679883,-0.11522810701189051,1.5119569577215448,0.9252054995386007
-0.9054348183160618,-0.7335706354110196,-0.7647303445252451,0.7897960440128439,-0.728570983309196,1.5825212682424403,-1.3805049408599075,1.6043052496403327
-0.4215740306869745,0.08679971281995792,-0.11821955113362756,-0.5297099978856409,-0.570886230215574,-1.4946494744060341,-0.24867202402368718,-1.6282095608439138
0.11365840810223447,-0.43706070400421737,0.12259421042578143,-0.3771091611946142,0.4769418507224672,0.2030999008482965,0.8831608928125337,-0.9491098107421811
-0.02795513655497729,1.3684000215212466,-0.382299741496482,-0.16156149213932894,-0.569860278625596,-0.6457747867788689,-1.0032273019145008,-0.27001006064044875
0.2650317933971232,-0.5537621924868282,-0.5210832609832413,0.48702502306468115,1.1247678540595591,1.0519745884754619,0.12860561492171962,0.4090896894612839
-0.6227249530750257,-0.6353094501959862,3.056929875075894,-0.7309567271564856,-0.5839820195164699,-1.0702121305924515,1.2604385317579399,1.088189439563016
-0.033523718713822474,-0.22419786658765084,-0.4535743148062599,0.4007865473525387,-0.22283396311993167,0.6275372446618792,-0.6259496629690939,-1.4923896108235672
0.5123782093954826,-0.17854831444081415,0.48847667930804095,-0.32492966107350507,0.09625581228536108,-0.22133744296528618,0.5058832538671267,-0.8132898607218347
-0.7286650615965439,-0.7091820222677556,-0.6072870897726977,-0.614513553244954,0.37161798962468096,1.4764119322890445,1.637716170703347,-0.13419011062010233
-0.724673532752984,0.8861575646275038,-0.642989685404401,-0.5855021512560731,-0.7266790838456838,-1.2824308024992428,-1.5901036291629114,0.5449096394816305
2.3739547268988668,-0.14295454305817448,-0.5372596523580101,2.5037954029012304,-0.19993212106203592,0.4153185727550878,-0.4582707123266909,1.2240093895833628
0.059783709358142464,-0.25400089328851094,0.4117582097406983,-0.42703828889238643,-0.10919295976942635,-0.4335561148720775,0.6735622045095297,-1.3565696608032207
-0.5037344094703584,-0.48461895200311583,-0.6545441338112588,0.7384290032182066,-0.4698678359063633,1.2641932603822532,-1.2128259902175045,-0.6774699107014881
0.5376531922441521,0.8262207550676128,0.587846211385036,-0.4092435857862626,-0.4446958740738045,-0.8579934586856601,-0.08099307338128413,0.0016298394002440646
-0.22060275521606415,-0.6707661934917086,-0.39503448187813733,-0.49993681270394325,3.2757020753149906,0.8397559165686705,1.0508398434549364,0.6807295895019767
1.0994222195690844,1.1092880250266253,-0.5831160735585444,1.0349782775883147,-0.6017136138922868,-0.009118771058494842,-0.8355483512720977,1.3598293396037089
-0.4968725889555547,-0.607920393435344,-0.5865369668513312,-0.17153592304378723,0.10497556779210682,1.688630604195836,0.296284565564123,-1.2207497107828742
-0.7062837925825506,-0.5658922034341973,0.22838370693030718,-0.69435526561237,-0.6058570463968233,-1.686972645821564,1.4281174824003433,-0.5416499606811418
-0.2989642305575752,0.36065444533970625,-0.6137980600288746,0.42086388631621563,-0.6131298652173793,0.010776729432766847,-1.464344416181109,0.1374497894205907
0.7423747916061877,2.3828008151670987,0.22341061814015606,-0.4391232184093259,-0.5712035522126812,-0.8380979581943986,-0.3325114993448887,0.8165495395223233
-0.16246743882097975,-0.7192583902687371,-0.572913643151992,-0.5640305010615153,8.664147900958818,0.8596514170599323,0.7993214174913321,1.4956492896240556
-0.46533442385845625,0.5438651891082609,-0.4143301069058404,-0.4594042413543402,-0.62660939787979,-1.262535302007981,-1.0870667772357023,-1.0849297607625277
0.9452858873610814,-0.2169980135069036,-0.17576385294874425,0.3051059104976702,0.4373249979414285,0.43521407324634953,0.044766139600518486,-0.4058300106607953
-0.06190853243340294,-0.5177079050106569,1.4988788015278494,-0.6104229966697274,0.01935370891132612,-0.41366061438081586,1.1765990564367383,0.2732697394409373
-0.41285620741786205,-0.6181431300075959,-0.7020649080377486,2.9095244515082332,-0.36747441556518673,1.284088760873515,-0.7097891382902953,0.95236948954267
-0.6940692159501238,-0.4187438299478772,1.5801379440527252,-0.7408830517329493,-0.729597090618724,-1.4747539739147724,0.4220437785459251,1.6314692396444022
-0.4439300816673685,-0.5739790345777613,-0.14809589578472826,-0.5483431219905662,0.05120320605776478,0.2229954013395582,1.5538766953821455,-1.6010455708398446
-0.344136206129962,0.5888648861307596,-0.49057300211171173,-0.20935309932290416,-0.5959147176994232,-0.6258792862876071,-1.3385852031993069,-0.9219458207381119
0.09831031550663909,-0.46269034555109356,-0.52393940302349,0.8062129655663477,0.26534379943904535,1.0718700889667236,-0.20675228636308643,-0.2428460706363796
-0.2633547247530032,-0.40616330187903105,2.5676284014575605,-0.6629750052948389,-0.4647660993617667,-1.0503166301011897,0.9250806304731343,0.4362536794653532
0.03797368565546857,-0.31416628446756395,-0.6713589588204755,4.8792160339276,-0.5253288131846863,0.6474327451531409,-0.9613075642539,1.1153534295670855
0.30010639400240546,-0.06738297506539227,0.10032483733662681,-0.2158546069965588,-0.09672045051468608,-0.2014419424740245,0.17052535258232057,-1.465225620819498
-0.6160706805389802,-0.6693265617559355,-0.5596946199566859,-0.5104479976994488,0.4152028924716868,1.4963074327803063,1.302358269418541,-0.7861258707177655
-0.478727035290921,0.7507311319100359,-0.23843515966398388,-0.5845694758452235,-0.6584254086525314,-1.5808633098681681,-0.5840299253084932,-0.107026120616033
1.805872405349027,-0.36868274195771167,0.5280333323113586,-0.2868040957961705,1.085252543560297,0.11688606538616252,0.5478029915277276,0.5720736294856998
-0.7715943712659269,-0.7143900977808494,1.0680585938451328,-0.742663160425115,-0.5464940979473856,-0.7319886222410029,1.679635908363948,1.251173379587432
-0.5814633495523626,-0.4209790818071627,-0.6518474894226256,0.23615503648428288,-0.5591661908449326,0.965760753013328,-1.659969858597246,-1.3294056707991515
-0.16197620374701305,0.8391509750347312,-0.09517457002221207,-0.4415982821859477,-0.5617662558552269,-1.1564259660545855,-0.5281369417610254,-0.6503059206974188
0.6464041940136069,-0.4743880340790623,-0.09464485756420783,-0.17531791511498476,1.5612490230942342,0.5413234091997452,0.603695975075195,0.028793829404313173
-0.17222814693935962,1.4954650867045345,-0.5955241456995103,0.11746476854575592,-0.6517896842766088,-0.3075512784274202,-1.282692219651839,0.707893579506046
-0.46954881300259393,-0.7063643031058725,-0.7197498115949355,0.8800379275711988,0.14523075623920872,1.3901980968269108,-0.15085930281561863,1.3869933296077783
-0.4815109811679884,-0.39101989321266845,0.4299766778412529,-0.6176488204689276,-0.49830657742431445,-1.3686446379613768,0.9809736140206019,-1.1935857207788048
0.19964773522174753,0.09759366114466202,-0.48004278639203823,0.8643905472595558,-0.3656063463807148,0.32910473729295386,-0.9054145807064324,-0.5144859706770725
1.2924568363246882,0.26282179278725426,1.1013209238814006,-0.3547091322269252,-0.1791324238303872,-0.5197699503342115,0.22641833612978837,0.16461377942466
-0.6646351444819202,-0.7236559365456057,-0.6043590652535638,-0.6389965771477146,1.9830578558693774,1.1779794249201194,1.358251252966009,0.8437135295263922
-0.7991227896903835,2.0167901793049063,-0.7083547957885472,-0.6237631762225446,-0.7525403122931045,-0.9442072941477941,-1.5342106456154434,1.5228132796281248
0.12471455578411968,-0.2857651242177427,-0.43979435350488055,0.5479988522492601,-0.03804563591967147,0.7535420811065365,-0.4023777287792232,-1.0577657707584585
0.5498913446535246,-0.3278861048673621,0.6334102118116149,-0.38101063764007254,0.38076967171474074,-0.09533260652062883,0.7294551880569975,-0.378666020656726
-0.6737249751402427,-0.6270479300464079,-0.7135079898792609,0.9124602296892836,-0.5438069926591375,1.602416768733702,-1.1569330066700367,0.3004337294450066
-0.5709204844622207,0.23796485945341106,0.1919928965844746,-0.6992954098275471,-0.7039693764829674,-1.633917977844866,-0.02510008983381633,0.9795334795467393
-0.10700823159616427,-0.7133142120338178,0.5171449752681138,-0.7261981154209167,1.098844566949026,0.06383139740946468,1.1067328270024037,1.6586332296484714
-0.18991020797227462,0.40915896914466,-0.2801872321285501,-0.2882930561830042,-0.5133778080630478,-0.7850432902177007,-0.7796553677246298,-1.5738815808357751
0.060277814323173654,-0.47434886340601906,-0.36663319657055227,0.009640492400464601,0.6286328889573736,0.9127060850366302,0.3521775491115905,-0.8947818307340426
-0.6082518181265574,-0.5678852194174429,0.7187219093085228,-0.6844283434942497,-0.5132569551958698,-1.2094806340312834,1.4840104659478108,-0.2156820806323103
-0.3505378025499115,-0.1506233547457255,-0.6623864027883627,1.4476239356601526,-0.5994424301235116,0.48826874122304736,-1.4084514326336413,0.46341766946942253
3.468671414060872,1.5090418155152654,0.06563431703552426,-0.13768992968150734,-0.43207904404935854,-0.360605946404118,-0.27661851579742086,1.1425174195711547
-0.4451869755916642,-0.6005996405681167,-0.49164280341976624,-0.3493881356584574,0.35466729773872463,1.3371434288502129,0.8552144010387996,-1.4380616308154288
-0.5073286545763477,0.624077459663879,-0.4137277572124373,-0.5120203361093169,-0.6478211032128431,-1.4216993059380747,-1.0311737936882346,-0.7589618807136962
1.5030822277772349,-0.14701332663840114,-0.02426069227270142,0.21876234441180692,0.49341157863553553,0.27605006931625603,0.10065912314798592,-0.0798621306119639
-0.23024861015294182,-0.5622595832992708,2.1419097787225296,-0.6675214649066558,-0.1893633886550198,-0.5728246183109094,1.2324920399842063,0.5992376194897692
-0.28812687739318965,-0.6240344644677613,-0.7091020560955086,4.73015935027429,-0.37193905795028354,1.1249247569434215,-0.6538961547428277,1.2783373695915015
-0.14026034884369154,-0.1229199125605036,0.47652478779165647,-0.5045878601775522,-0.3885999629276716,-0.9972619621244919,0.477936762093393,-1.302241680795082
-0.5107419081974932,-0.6447443755110785,-0.32961551194862193,-0.5704845501954081,0.4975374692098786,0.7004874131298388,1.6097696789296132,-0.6231419306933494
-0.43863630793150604,0.3733653999563231,-0.6271553835756692,0.0994498979779665,-0.644162339566803,-0.14838727449732667,-1.6180501209366454,0.05595781940838271
-0.5198090964855516,-0.6562370548835902,-0.700951843930504,1.1503525613108394,-0.2340607011645084,1.5493621007570042,-0.4862172041004246,0.7350575695101154
-0.7081474434751515,-0.5118697945414826,1.8858763716366544,-0.7385403181266829,-0.7137415437304594,-1.5278086418914703,0.6456157127357958,1.4141573196118475
-0.21133303029742376,0.057938096863031696,-0.5214813278043484,0.30265915092783274,-0.48908232161620224,0.16994073336286036,-1.2407724819912385,-1.1664217307747355
0.560110979567985,0.5918424790981338,0.3559041231036962,-0.30003230088174193,-0.35579512960457405,-0.678933954264305,-0.10893956515501786,-0.4873219806730033
-0.29651692236269206,-0.6501159268062704,-0.4382838649580163,-0.4298112009940699,2.0393746045287178,1.0188154209900258,1.0228933516812027,0.19177776942872932
-0.31324082980991685,3.7313722095978155,-0.4221483348170689,-0.5325533343973239,-0.6912794385861784,-1.1033712980778876,-0.8634948430458317,0.870877519530462
2.3299634762591914,-0.6279225148884792,-0.48214664223049963,0.005871258449077739,2.528610755508945,0.5943780771764431,0.2683380737903893,1.549977269632194
-0.32339009875355723,-0.5233951364647572,0.2876004591669406,-0.564045015526351,-0.027801216225269428,-0.25449661045072236,1.4001709906266095,-1.030601780754389
-0.6645820429713899,-0.5642395896411874,-0.6974265062551088,0.5280610217011404,-0.5735021812665392,1.4432527648036084,-1.492290907954843,-0.3515020306526567
-0.2091709408226236,1.2432580211273694,0.05801616833567448,-0.56230725895102,-0.6303249022123215,-1.315589969984679,-0.3604579911186224,0.32759771944907595
0.9222168522547536,-0.5976260063589196,0.053125698839701196,-0.4441492790302221,2.95468411977244,0.3821594052696517,0.7713749257175984,1.0066974695508086
-0.31338601959296797,4.6807762252372545,-0.6674991777700195,-0.33084218545458904,-0.7335591387025665,-0.4667152823575137,-1.115013269009436,1.6857972196525408
-0.28113810196779815,-0.4962550164052356,-0.4997634360338175,0.030481687660555264,0.05439075327293907,1.231034092896817,0.016819647826784415,-1.6771047428512385
-0.34047179117520754,-0.42750810807729933,0.6645487239546078,-0.5901057928100713,-0.33759208866489526,-0.8911526261710963,1.1486525646630048,-0.9980049927495059
0.0854537589832526,-0.27908868024828387,-0.5470086101468986,1.3786554368263464,-0.2254134991385959,0.8065967490832344,-0.7377356300640292,-0.3189052426477735
2.000037491428043,-0.17299538956591404,0.6797033936489922,-0.22542714584083784,0.5065974787599238,-0.042277938543930985,0.3940972867721914,0.360194507453959
-0.864544676850807,-0.7455806923749544,-0.7209710207126367,-0.7074748750155146,0.41937847845043497,1.6554714367103998,1.5259302036084117,1.0392942575556912
-0.6615448647617213,0.0643476713171326,-0.523211439043528,-0.5547486953918126,-0.6683496005879395,-1.660445311833215,-1.3665316949730406,-1.541284792830892
0.7091103168284935,0.12843952164097222,-0.1101918152477912,0.1669824616768531,-0.08954415531837823,0.037304063421115766,-0.23469877813682014,-0.8621850427291595
-0.04548440907275229,-0.3309175420304161,1.5721521268109881,-0.5786549321329248,-0.28594042261955277,-0.8115706242060496,0.8971341386994005,-0.18308529262742707
-0.166707773361245,-0.38589974213256145,-0.6511537365764684,2.877844747626838,-0.43482676225695116,0.8861787510482813,-0.9892540560276339,0.49601445747430556
-0.1574811555531588,0.3664556873437743,1.3467037407065379,-0.6821626690768442,-0.6582690659134736,-1.2360079680196323,0.14257886080858648,1.1751142075760381
-0.3160141540302294,-0.5528042085372261,-0.17243015174607323,-0.4777255039283586,0.32391732774210574,0.4617414072346985,1.2744117776448067,-1.4054648428105456
0.390977577916117,0.7194776460899028,-0.18626390869807485,-0.0027531215994548728,-0.4001123458235386,-0.3871332803924669,-0.6119764170822269,-0.7263650927088129
-0.26115518129662074,-0.6195815756968809,-0.538161297644723,-0.13384087996881586,1.1680567060194085,1.310616094861864,0.5198564997539935,-0.04726534260708067
-0.7990098532650556,-0.6721841480403831,0.4918538995216744,-0.7347984883298451,-0.6515281652358944,-1.4482266399264236,1.6516894165902138,0.6318344074946517
-0.6213029033823421,-0.16072364328993569,-0.7218910917731127,0.7683491313050834,-0.7165519641346662,0.2495227353279071,-1.5761303832760447,1.3109341575963844
0.13393295634088628,0.4491116754363555,-0.09287123661992976,-0.21377900318667314,-0.40820589918434436,-0.5993519522992583,-0.4442974664398239,-1.269644892790199
-0.18151078211365387,-0.5758215140985279,-0.42737660683862255,-0.22141865929300383,1.0007529135168403,1.0983974229550726,0.6875354503963965,-0.5905451426884665
-0.4048702596817583,1.6500444058012504,-0.491290396723794,-0.4222660578006974,-0.6622695038692209,-1.023789296112841,-1.1988527443306376,0.08855460741326594
1.554480720610194,-0.4071064502926687,-0.4425875196269735,1.0789017934225467,0.7564844531170838,0.6739600791414898,-0.06701982749441707,0.7676543575149988
0.08621806639263457,-0.6649469635288622,1.8499885962698714,-0.7080981926445791,0.33325537767396823,-0.17491460848567558,1.0648130893418033,1.446754107616731
-0.4988179731881451,-0.532931839383845,-0.6342997980758868,0.38271544550867026,-0.3489563558558903,1.5228347667686553,-0.8215751053852307,-1.1338249427698526
-0.40574144680899477,-0.05873699633007144,0.4535887357839256,-0.6117845160842704,-0.5808849249278554,-1.5543359758798192,0.3102578114509899,-0.45472519266812006
-0.298753384780853,-0.6274142999581189,0.19418508605298,-0.6092324410335732,0.6183227630600518,0.14341339937451142,1.4420907282872102,0.22437455743361234
-0.5341313371033105,2.0073281934151197,-0.6381888406333134,-0.3813178067698578,-0.712520965256691,-0.705461288252654,-1.4503711702942421,0.903474307535345
0.1358857187651447,-0.659694588513484,-0.702888532144775,3.261576808741649,-0.02690562579530401,0.9922880870016769,-0.31853825345802167,1.5825740576370777
-0.3639198675746793,-0.3176347943499939,0.33438674344336655,-0.5636520337963791,-0.4256686175386935,-1.1298986320662365,0.813294663378199,-1.6499407528471692
-0.15437045488205803,-0.1531862421525846,-0.5437643839631031,0.6938165840076642,-0.40677964046247506,0.5678507431880941,-1.0730935313488352,-0.9708410027454366
1.2354727468077498,0.25826148921044806,0.4077793580406061,-0.1388745645015015,-0.06825150016830163,-0.28102394443907125,0.05873938548738533,-0.2917412526437044
-0.6263228316144892,-0.7058966015523522,-0.6067847925863918,-0.5453907312767582,1.3239166701842509,1.4167254308152597,1.1905723023236052,0.38735849745802825
-0.4802812408372863,2.8005137070715125,-0.3859384106740229,-0.6375131627020308,-0.7142115895775197,-1.3421173039730279,-0.6958158924034283,1.0664582475597608
0.14831935443326225,-0.34126969395036516,-0.11492732748721571,-0.18078008065278559,0.2500913195480628,0.35563207128130275,0.43601702443279206,-1.5141208028268225
-0.4508763915083954,-0.5567017133652089,0.3609241750116286,-0.6144563589530657,-0.20458844716944052,-0.4932426163458626,1.5678499412690123,-0.8350210527250902
-0.5392782863169517,-0.4972127526236085,-0.6782518302125419,1.0664956864689288,-0.5271904740399881,1.2045067589084681,-1.3246119573124397,-0.15592130262335774
0.5635744843074671,1.4495630139535332,0.4969851288498042,-0.461520037822952,-0.5339606234415051,-0.9176799601594452,-0.19277904047621935,0.5231784474783749
-0.13319400057758754,-0.6989696057132765,-0.45033737156449555,-0.5559150308547292,5.911753283317902,0.7800694150948855,0.9390538763600011,1.2022781975801076
-0.039923117779862224,0.21482195376425947,-0.40740324332174405,0.1313284778966998,-0.4329735810744464,-0.06880527253227992,-0.9473343183670332,-1.3783008528064762
-0.44427734980750894,-0.6094269542754053,-0.5971563890660166,-0.03977448591449132,0.215486164924392,1.628944102722051,0.18449859846918745,-0.6992011027047436
-0.6909309872307136,-0.5632966857263269,0.5586236714666799,-0.705035138113491,-0.6134318596352553,-1.607390643856517,1.3163315153054078,-0.020101352603011133
1.8737263192008335,0.5976505169557067,-0.37393033053023184,1.0495560327912739,-0.31096305316200923,0.0903587313978136,-0.5700566794216262,0.6589983974987215
0.5818940283506133,-0.2910600685248539,5.572228272947297,-0.6815166833203604,-0.47023005048953037,-0.7585159562293518,0.5617762374145945,1.3380981476004536
-0.5921169330672025,-0.6482174764756664,-0.4343932257391481,-0.563363945717268,0.21101367871713755,0.939233419024979,1.6936091542508147,-1.2424809027861299
-0.6508402688844575,0.38020921083876813,-0.5959604826034609,-0.49411567988938376,-0.6860996984038459,-1.1829533000429344,-1.6956792647525725,-0.5633811526843971
0.8066887428877132,-0.07680132919779656,-0.46015505143848706,1.5495324991931558,-0.1262333987780201,0.5147960752113963,-0.5638463479163521,0.11571859741733527
1.6522986611440036,-0.25102596835508456,2.056184496071425,-0.48999296652609403,0.12301657386309042,-0.3340786124157691,0.5679865689198687,0.7948183475190677
-0.8342340549886162,-0.7045951758651664,-0.7568289704511314,2.0502127613033014,-0.7018168269407665,1.3636707628385618,-1.3184016258071656,1.4739180976208004
-0.3171724242234145,0.24930690878816084,0.025800095828522458,-0.5213707811476691,-0.5589670493865063,-1.3951719719497258,-0.18656870897094527,-1.1066609527657831
0.17807801496020698,-0.4904925251324822,0.12562203024552562,-0.39718115324423975,0.8767540922049912,0.3025774033046049,0.9452642078652752,-0.4275612026640508
0.19912030178730547,2.0322213523796684,-0.392968896229715,-0.07458924603615014,-0.5764776525953912,-0.5462972843225604,-0.941123986861759,0.25153854743768167
0.04209494395018706,-0.643849869235731,-0.6075691120020329,0.33843875532859474,1.553823654525074,1.1514520909317705,0.19070892997446193,0.9306382975394152
-0.7703960712021735,-0.7106866642617514,3.995571873847642,-0.746687510191932,-0.6548648631969007,-0.9707346281361431,1.3225418468106822,1.609738047641147
-0.5122566593396704,-0.3337971947908383,-0.6188145450668733,0.198494438900623,-0.5364769295560702,0.7270147471181876,-1.5699200517707703,-1.6227767628430998
0.5189023809660701,0.32229179425321847,-0.16556854168476046,0.12406842929680374,-0.2563056832312494,-0.12185994050897775,-0.43808713493454976,-0.9436770127413674
-0.4998146856233512,-0.6562651498473616,-0.5907274892626906,-0.31300868762327433,0.719100521353878,1.5758894347453531,0.693745781901671,-0.26457726263963505
-0.654799790228112,1.147660591493059,-0.5519310587558699,-0.6044427306663085,-0.713261908173694,-1.5012813079031213,-1.1926424128253637,0.4145224874620976
5.031890207659463,-0.08658939908507769,-0.17015822821563367,0.4603777210625323,0.2700679977633069,0.19646806735120928,-0.06080949598914295,1.0936222375638303
-0.26835470034340986,-0.4003094943561983,0.40097488350990723,-0.5398591254345007,-0.24002658855985745,-0.6524066202759561,1.0710234208470772,-1.4869568128227535
-0.22439769819902475,-0.39027091357892496,-0.5804774503757997,0.8731664957809372,-0.2830838931670381,1.0453427549783747,-0.8153647738799565,-0.807857062721021
0.07560752957291764,0.13968556257263637,1.1154301670690587,-0.5403384896757963,-0.4599557485149627,-1.0768439640895386,0.316468142956264,-0.12875731261928844
-0.4549419599616383,-0.6854049477239891,-0.29912069383091305,-0.6231408122941874,1.5305425384983529,0.6209054111647919,1.4483010597924844,0.5503424374824438
-0.473340628002292,1.035838701655916,-0.6812637008242074,0.030368812193662425,-0.7128591189003037,-0.22796927646237342,-1.444160838788968,1.2294421875841768
-0.39342952831365824,-0.5300961597759645,-0.5806260482423161,0.19249376920608796,-0.1165037014763154,1.4697800987919574,-0.31232792195274756,-1.351136862802407
-0.37132993373368656,-0.31240305536226204,0.8169197138270159,-0.6109971700825086,-0.4862368722919329,-1.28906263599633,0.8195049948834732,-0.6720371127006742
0.08212262605019748,0.04726478815240162,-0.5649589651825271,1.3819882795342304,-0.4529503904281853,0.4086867392580006,-1.066883199843561,0.0070626374010579725
2.451275925740401,0.554164741950384,0.9168053347625283,-0.29968335913654115,-0.2307714133774942,-0.44018794836916475,0.06494971699265945,0.6861623875027903
-0.7495097587145229,-0.7420603051339506,-0.6883093429552819,-0.6849189341581117,3.1792316688488067,1.257561426885166,1.1967826338288798,1.365262137604523
-0.11919816092720972,0.5997653205279274,-0.21143403495966348,-0.3126187581679191,-0.517302181674059,-0.8646252921827473,-0.6896055608981542,-1.2153169127820604
0.20679750628589702,-0.48252258980736135,-0.32019423427946114,-0.027207381963315073,0.9637442047101427,0.8331240830715833,0.4422273559380665,-0.536217162680328
-0.41440339418208116,-0.6335315175384303,0.2568884263315663,-0.6381615645610005,0.24703999747375616,-0.01575060455558207,1.574060272774287,0.14288258742140458
-0.8559256022899239,-0.694769650587242,-0.7495453340586893,0.2601784916138923,-0.6955668157608039,1.6819987706987487,-1.6537595270919718,0.8219823375231374
-0.7731826548230097,0.8672806075906765,-0.47783997249586185,-0.7244285035289035,-0.7482684542466359,-1.6737089788273893,-0.5219266102557513,1.5010820876248696
0.32389135131748875,-0.30286859843902664,0.2173644820879909,-0.30201196929732377,0.252255877374595,0.024040396426941304,0.6099063065804692,-1.079496962761714
-0.35143752502440373,1.0669955488390461,-0.4849924703889893,-0.3049048403958556,-0.6276418770960724,-0.8248342912002241,-1.276481888146565,-0.40039721265998146
0.6075673022040967,-0.42905722996774576,-0.4879623387923053,1.100294244157031,0.5147225658776247,0.8729150840541068,-0.1446489713103445,0.278702537441751
-0.5400031390545288,-0.5323472912561327,3.091074298771889,-0.7194632496222728,-0.607734619592489,-1.2492716350138067,0.9871839455258764,0.9578022875434836
0.2399804801021931,-0.2804836615033079,-0.7011011721601863,5.523455752673337,-0.6287139508649803,0.448477740240524,-0.899204249201158,1.6369020376452164
0.1627478482216736,-0.0655487030449202,0.16613525669913556,-0.30703715070740034,-0.18696273678651523,-0.4003969473866414,0.23262866763506287,-1.5956127728390306
-0.5716344081949486,-0.6549449867780531,-0.5088487970464142,-0.5096081803103595,0.45970381214367484,1.2973524278676896,1.364461584471283,-0.9165130227372982
-0.6847022564880731,0.48353089648660713,-0.5887808993547567,-0.5659296339680114,-0.7019612689017348,-1.461490306920598,-1.5280003141101695,-0.2374132726355655
1.961019243337568,0.19802308922175849,-0.31234759829664166,1.0535454916566778,-0.07690743789408536,0.23625906833373264,-0.39616739727394906,0.4416864774661669
0.5694351501602738,-0.40153790839687975,4.7183443776698795,-0.6570708062962797,-0.27531891074388887,-0.6126156192934328,0.735665519562272,1.1207862275678995
-0.43856944588401503,-0.4120440815705485,-0.6079108714089606,0.4093755421999973,-0.42973519512011404,1.0851337559608982,-1.1507226751647623,-1.459792822818684
0.03431331321601427,0.36344209429081986,0.3544824718490636,-0.4514125449130343,-0.4613016946864612,-1.0370529631070153,-0.018889758328542214,-0.7806930727169517
-0.1354674378206637,-0.6002054401215118,-0.20653204053069454,-0.45314885246620445,1.4882667389565996,0.6606964121473153,1.1129431585076786,-0.1015933226152191
0.9992090987286588,1.481927750119927,-0.39309142039124045,0.454426464041466,-0.4891693523105954,-0.18817827547985005,-0.7734450362193559,0.5775064274865135
-0.5844856167805966,-0.7233097765651575,-0.7081415065485298,-0.2275447187246186,1.2176995261432153,1.509571099774481,0.35838788061686494,1.2566061775882462
-0.6699252016697019,-0.5449562037333809,0.0828714858122098,-0.6661605385401316,-0.5613160720262663,-1.5675996428739938,1.4902207974530852,-1.3239728727983375
-0.2703174327695213,0.13022205588389596,-0.5698092580873971,0.3775022339923507,-0.5481348200880958,0.13014973238033697,-1.402241101128367,-0.6448731226966049
0.7412987400103735,1.1952258972148193,0.2766007937122046,-0.2987041345771414,-0.43697888336429896,-0.7187249552468284,-0.27040818429214675,0.034226627405127295
-0.16685160326231127,-0.6675961936969114,-0.47253402343045087,-0.4010445814947528,3.517048486142981,0.9790244200075024,0.8614247325440741,0.7133263775068601
-0.5947287873824882,5.278735177855863,-0.5921168438962443,-0.6323495989777073,-0.7373151861211964,-1.143162299060411,-1.0249634621829606,1.3924261276085923
0.29594293218861234,-0.3058726759253061,-0.25179757653099305,0.09733489994338533,0.26591129251139245,0.5545870761939197,0.10686945465326002,-1.1881529227779912
-0.15310807680379845,-0.4950719330974602,0.652440463046291,-0.5557732806691175,0.06645941854484709,-0.2942876114332457,1.2387023714894803,-0.5090531726762587
-0.3865224550212255,-0.5683226003999875,-0.6602882127774482,1.30609694741229,-0.24891769547544765,1.4034617638210851,-0.6476858232375535,0.1700465774254739
-0.3617895060129749,-0.1787580607901401,1.9574321071198983,-0.6900641487364497,-0.6271730326687702,-1.3553809709672024,0.4841470935986671,0.8491463275272063
-0.7528137335072025,-0.7419020226482955,-0.3957815070389439,-0.742481458217029,0.7138823620341328,0.34236840428712834,1.6159800104348874,1.5282460776289386
-0.47407275235017954,0.28743890171638425,-0.560891395615175,-0.2117503526895256,-0.6194571167704496,-0.5065062833400371,-1.611839789431371,-1.0523329727576445
-0.14355295824015601,-0.47386506003826834,-0.5811079390174338,0.9714333064179485,-0.060116051500908804,1.1912430919142938,-0.4800068725951505,-0.37323322265591213
0.11168978170082626,-0.19059368316418962,2.3472769229148422,-0.5966625443127477,-0.394551384904337,-0.9309436271536197,0.6518260442410702,0.3058665274458203
-0.3988001676917131,-0.4125659917595199,-0.6997043937065907,3.4935985077052703,-0.6048500995114483,0.766805748100711,-1.234562150485964,0.9849662775475534
10.768517523514436,0.13636932239487679,-0.14343922583703783,-0.14509402860736725,-0.3128276640730651,-0.08206893952645437,-0.10272923364974369,1.6640660276492856
-0.5884733289310011,-0.6394889294496734,-0.5573865283401898,-0.43779420751123255,0.1482364849829555,1.6156804357278765,1.0291036831864768,-1.5684487828349611
-0.5461137474132034,0.40298486565089964,-0.3739536170092752,-0.5539416730900463,-0.6501649627763928,-1.6206543108506914,-0.8572845115405575,-0.8893490327332289
1.3394283413725163,-0.13273010376352198,0.2630412157091916,-0.06864053590257416,0.4219412486090506,0.07709506440363914,0.27454840529566343,-0.21024928263149617
-0.47023003425002324,-0.5935119658519689,1.6573616340950115,-0.69078837202025,-0.3675615388493353,-0.7717796232235262,1.4063813221318837,0.46885046747023623
-0.6899770567208644,-0.56646982825506,-0.7341245234689435,2.243956755515765,-0.6810237404613746,0.9259697520308046,-1.4860805764495686,1.147950217571969
-0.2537317382746622,0.3045865246545963,-0.07571927353340824,-0.45430181351843424,-0.5307559731358946,-1.1962169670371088,-0.3542476596133483,-1.4326288328146148
0.15585070924338112,-0.47207851280669744,-0.08551909851371998,-0.29058806968106576,0.8274661639506802,0.5015324082172218,0.7775852572228725,-0.7535290827128823
0.04018006598026131,1.148798188030823,-0.46624524525832856,0.11619381281508032,-0.5596621370442038,-0.34734227940994356,-1.1088029375041621,-0.07442933261114978
-0.21612638010632965,-0.6328922398793623,-0.6324737751422681,0.5030862191899387,0.6385992767731987,1.3504070958443872,0.02302997933205887,0.6046704174905828
-0.7676785129082325,-0.6529810063674246,2.207611033547026,-0.7417246166352649,-0.6884639249359484,-1.4084356389439001,1.1548628961682788,1.2837701675923154
0.09780458088835747,-0.003093726318873296,-0.40546700386707224,0.37699128258019177,-0.3000093662411013,0.2893137363104305,-0.731525298558755,-1.2968088827942685
0.48219449202285114,-0.0067053332428250985,0.789259844218311,-0.3912876692574808,-0.1636026929489553,-0.5595609513167349,0.4003076182774655,-0.6177091326925354
-0.6245721637167437,-0.695390700205563,-0.5235956440950557,-0.5938013547830525,0.9069234518246098,1.138188423937596,1.5321405351136859,0.061390617409196616
-0.5555918163399324,2.20392903311092,-0.6020401595203494,-0.4884399467528258,-0.7108088348040457,-0.9839982951303174,-1.3603213634677667,0.740490367510929
1.5628075474306609,-0.5333650082101532,-0.6105310890810356,2.282348022246967,0.2540415416636279,0.7137510801240131,-0.22848844663154602,1.4195901176126617
0.036676979089180155,-0.38570912724229384,0.3268136292231808,-0.43442722582015586,0.13072599745156913,-0.1351236075031522,0.9033444702046747,-1.1609889327739218
-0.5578611116341954,-0.5660801476495999,-0.6710397322013508,0.6425848267816962,-0.42619112936982795,1.5626257677511786,-0.9830437245223598,-0.4818891826721894
-0.36894199656729093,0.15611893387083248,0.5593424366603811,-0.6332018294169777,-0.6186328629073947,-1.514544974897296,0.14878919231386095,0.19721056742954302
-0.17267216174615527,-0.6605719615852912,0.2707776379328219,-0.6451929958274005,1.2190791546377369,0.1832044003570348,1.2806221091500813,0.8763103175312761
0.7049886251906432,6.65304132981179,-0.38741700026536224,-0.47349060695099104,-0.6854090545993907,-0.6656702872701306,-0.6057660855769528,1.5554100676330083
-0.12689749627803867,-0.5258322310135677,-0.40066178063029256,-0.13640729648874664,0.6324464012975328,1.0320790879842003,0.5260668312592679,-1.0251689827535753
-0.6330973842060594,-0.5957092041944548,0.48872772711828505,-0.6841323318695589,-0.48870095383808965,-1.0901076310837132,1.6578997480954885,-0.3460692326518428
-0.573394769039687,-0.32646519687646147,-0.6909044650209878,0.8426633457188502,-0.6432556711531721,0.6076417441706174,-1.6817060188657058,0.33303051744988965
2.2245907452014526,1.8037702404702467,-0.29399363400408507,0.24403346732186018,-0.4790559640295371,-0.2412329434565479,-0.5498731020294851,1.0121302675516222
-0.7521187014406663,-0.7466997104822976,-0.7393582361395521,-0.5789404613807576,2.276480457991977,1.456516431797783,0.5819598148067354,1.691230017653355
-0.5611833591722469,0.20164031401677981,-0.4817782133792647,-0.47382684358348953,-0.6354201637211588,-1.3023263029905046,-1.3044283799202987,-1.6716719448504247
0.4993105778255858,-0.14308844394898723,-0.251408066413187,0.3011955649114967,0.0708525645976314,0.39542307226382617,-0.17259546308407842,-0.9925721947486922
0.11805994797173519,-0.3818921610776189,1.1422901031048807,-0.5257881859028462,-0.006832532815064907,-0.4534516153633392,0.9592374537521421,-0.3134724446469598
-0.4053929624786472,-0.5347340666217885,-0.6757079965263192,2.033415725587219,-0.41130101669253866,1.2442977598909917,-0.927150740974892,0.3656273054547726
0.7736012111652896,0.413035087362519,2.1363641568413425,-0.6027078288799785,-0.5213433695730336,-0.8778889591769218,0.20468217586132875,1.0447270555565054
-0.4408759733328586,-0.5947795123382196,-0.348205220524055,-0.483006330510968,0.31462257194753807,0.8198604160774089,1.336515092697549,-1.5358519948300782
-0.3873445572514209,0.12834340707153874,-0.5798194459805559,0.11204001928791069,-0.5834778883647076,-0.02901427154975653,-1.5559468058839034,-0.8567522447283455
-0.5006966341579526,-0.6109861272889839,-0.6599993478745285,0.47676819166994017,-0.17544304152121587,1.6687351037045743,-0.4241138890476829,-0.17765249462661317
-0.6033421009645588,-0.39152876651189883,0.9933029679698703,-0.7030570309407097,-0.6495014302922277,-1.6471816448390404,0.7077190277885378,0.5014472554751193
-0.0157749804269907,0.6736441636439369,-0.6501820405236833,1.0522156120839625,-0.6546027319571123,0.050567730415290224,-1.1786691669384965,1.1805470055768519
0.04841032590048441,0.20171104021497774,0.15185487450945492,-0.36744998181845084,-0.385760049453136,-0.7983069572118752,-0.04683625010227612,-1.4000320448097316
-0.28749722984423937,-0.5949125510579775,-0.34306969654122127,-0.40879234806146114,0.9248584290903228,0.8994424180424557,1.0849966667339441,-0.720932294707999
-0.3030111960464038,1.5019365988077578,-0.296418058075187,-0.4838824286605486,-0.6351077293133227,-1.2227443010254577,-0.8013915279930897,-0.04183254460626655
1.81263118426424,-0.42378519631471434,-0.13650045544360243,0.07397525375416283,1.6404466694834472,0.4750050742288729,0.33044138884313085,0.6372672054954659
-0.5752460415967185,-0.7026077494331534,1.3777711130432533,-0.734071528557927,-0.22986050255033946,-0.37386961339829244,1.4622743056793515,1.3163669555971982
-0.5929438797192368,-0.4994618721291429,-0.6595345284261015,0.29743609412994265,-0.5200654125964297,1.3238797618560383,-1.430187592902101,-1.2642120947893851
-0.32043310096231054,0.48921928931543546,0.006948357873499144,-0.539833327955924,-0.5936044632483308,-1.434962972932249,-0.2983546760658807,-0.5851123446876528
0.5526352992757984,-0.4816904661451688,0.26368022062306506,-0.37703558705339674,1.2526308242512019,0.26278640232208156,0.83347824077034,0.09398740541407985
0.002811238618445165,3.1078265548327915,-0.5061125863044778,-0.177237647288428,-0.6494405653437547,-0.5860882853050838,-1.0529099539566942,0.7730871555158121
0.0015622998031600249,-0.6903180961276778,-0.6781624506485157,0.5524322568946926,1.2752818829225532,1.111661089949247,0.07892296287952634,1.4521869056175447
-0.4230940548628936,-0.44890005498711316,0.5335367873101517,-0.6059534875431732,-0.39268740003453506,-1.0105256291186664,1.2107558797157467,-1.1283921447690388
0.21645311176250892,-0.2044448250197473,-0.5016702614250427,1.1679624020443236,-0.19041247356949115,0.6872237461356643,-0.6756323150112874,-0.4492923946673062
1.5707943959413595,-0.15683498292799217,0.9222665624206053,-0.3057059279875218,0.3330089540905633,-0.16165094149150114,0.4562006018249334,0.22980735543442624
-0.8382175963792486,-0.7416580425573223,-0.6999547368679077,-0.6987159612600659,0.5417667103694392,1.5360984337628296,1.5880335186611536,0.9089071055361587
-0.9172179517243266,0.25043917429085366,-0.7337128888098925,-0.7205076943240132,-0.760570626645521,-1.5410723088856448,-1.6397862812051047,1.5880068556378912
0.11450875967190804,-0.015317277751401816,-0.3141221737999085,0.13580227905111972,-0.25033281951839426,0.1566770663686859,-0.5079533643688843,-1.6445079548463553
0.08136572397562175,-0.17709172465462122,0.7253828199139407,-0.4729505583601164,-0.22995837301836133,-0.6921976212584795,0.6238795524673361,-0.9654082047446229
-0.42022650165916453,-0.4078118175485325,-0.6509270092101621,1.1756394194485476,-0.4913305785797828,1.0055517539958514,-1.262508642259698,-0.28630845464289023
0.1441606832483437,1.0477645882321889,0.5267681718792699,-0.5309187748254296,-0.568443622701254,-1.1166349650720622,-0.13067572542347763,0.39279129545884195
0.033458492406227835,-0.6754895119931538,-0.2473059093160216,-0.5620883871774789,4.182575883544345,0.5811144101822686,1.001157191412743,1.0718910455605746
-0.061280865727969314,0.28753896790479944,-0.36124643140227375,-0.018008058089398538,-0.4477997224149661,-0.2677602774448968,-0.8852310033142914,-1.508688004826009
-0.3256384762012169,-0.5761309253247003,-0.5464506425247221,-0.01304107548506198,0.35947370028202147,1.429989097809434,0.24660191352192973,-0.8295882547242762
-0.6120765493194736,-0.5507050742033791,0.7863997881569421,-0.6874778673980446,-0.5432996726041811,-1.3288536369788535,1.37843483035815,-0.15048850462254384
-0.4228239186330286,-0.08982635944481367,-0.6707552449473123,1.0368426880517885,-0.6339433421276348,0.3688957382754772,-1.5140270682233026,0.5286112454791886
2.3792489834408665,2.488569392602389,-0.050095931108908594,-0.238988220396727,-0.5366737462544631,-0.47997894935168817,-0.3821941513870822,1.2077109955809213
-0.35692375035727575,-0.5762224583685088,-0.45718422773322875,-0.29261295524955944,0.4332522128061313,1.2177704259026427,0.7496387654491389,-1.3728680548056622
-0.31281191132364444,0.931721958858209,-0.4205913106468092,-0.32830271753666634,-0.6059174989494088,-0.9044162931652707,-1.1367494292778957,-0.6937683047039297
0.6598394553210822,-0.3982471126201107,-0.4010075549511316,0.6314167399978446,0.6705100239364323,0.79333308208906,-0.004916512441675328,-0.014668554602197228
0.13746164450841103,-0.58036276205641,0.9541151682357955,-0.6002301911761293,0.6831703837536575,-0.05554160553810545,1.1269164043945452,0.6644311954995352
-0.772794127236966,-0.71680128614318,-0.748802575382576,1.3243768753888152,-0.5654139616708519,1.6422077697162254,-0.759471790332489,1.3435309456012674
-0.45885817935691636,-0.17077643745851592,0.1925942630411663,-0.5949207844372099,-0.5602348669273933,-1.5941269768623425,0.3723611265037318,-1.237048104785316
-0.34905526525328434,-0.5884696076578857,0.09016964065766406,-0.5736988779366246,0.2783145817244712,0.10362239839198806,1.504194043339952,-0.5579483546835835
-0.40521749471928675,1.3675286320350226,-0.5554056415316472,-0.2984257471694624,-0.6604565470494725,-0.7452522892351773,-1.3882678552415002,0.12115139541814918
0.4866154336316788,-0.5109123674653453,-0.5886381312693618,1.8964428045437651,0.3346076175176669,0.9524970860191535,-0.2564349384052799,0.8002511455198814
-0.5789086892723582,-0.5875267395351161,5.935234432777319,-0.737990433646372,-0.6638776086247993,-1.1696896330487598,0.8753979784309409,1.479350895621614
-0.11937003225428922,-0.1334605120131907,-0.521764184995703,0.6084060318280353,-0.3853044652910136,0.5280597422055707,-1.0109902162960935,-1.1012281547649696
1.0348962861415247,0.19386116941429904,0.4595078736701788,-0.19358626097609433,-0.07487200778662412,-0.3208149454215946,0.1208427005401269,-0.42212840466323687
-0.6179863158095126,-0.7008504513896965,-0.587538326238009,-0.5482121371577592,1.2100585799494359,1.3769344298327362,1.2526756173763474,0.25697134543849537
-0.459260139347988,2.258700861232841,-0.32294393996691306,-0.6323846653913436,-0.7052305222939349,-1.3819083049555512,-0.6337125773506866,0.9360710955402279
3.00942334888537,-0.6280430030161583,-0.13033821051984634,-0.47195620033938673,2.5048455845792574,0.3158410702987794,0.49812033948553397,1.6151708456419607
-0.5128342855424305,-0.548783089469228,0.08610413326191453,-0.6043038641932413,-0.2808147394927497,-0.533033617328386,1.6299532563217543,-1.617343964842286
-0.6048030161334086,-0.4776840351491096,-0.6700495470393245,0.3750873083647531,-0.5604286218589495,1.1647157579259448,-1.597866543544504,-0.9382442147405535
0.13226683398440434,1.2250438958121568,0.016327864238833423,-0.3795588593098326,-0.5310813500867019,-0.9574709611419686,-0.46603362670828374,-0.2591444646388209
0.3985519543774902,-0.5725241682458685,-0.28449271358590555,-0.22542686941090448,2.5575567257070126,0.7402784141123621,0.665799290127937,0.4199552854629113
-0.08959788976380406,1.1535422118326615,-0.636399204599338,0.5077059936538424,-0.6648142861795585,-0.10859627351480329,-1.2205889045990972,1.099055035564644
-0.4484976211331668,-0.5631746617035834,-0.5821693972699862,0.007548733988543831,-0.0641203889234331,1.5891531017395275,-0.08875598776287685,-1.4815240148219395
-0.5418559788961674,-0.4301233250880451,0.5137339480525238,-0.6464797253099145,-0.5403747686899634,-1.488017640908947,1.0430769290733437,-0.802424264720207
0.48274749381832815,0.30593373501656485,-0.45526208584018746,0.97753481378287,-0.3713749258448824,0.20973173434538372,-0.8433112656536904,-0.12332451461847452
1.2764291142923125,0.2368718510658314,1.756782886803533,-0.4643357265329287,-0.2851409733803346,-0.6391429532817816,0.2885216511825303,0.5557752354832579
-0.7359352347015862,-0.7384431162243317,-0.6372563154326782,-0.7000652190792553,2.4303273757638024,1.0586064219725493,1.4203545680187506,1.23487498558499
-0.5415778885648319,0.3094772557343121,-0.5175995519704947,-0.4184333566368368,-0.6380031169889343,-1.0635802970953643,-1.472107330562702,-1.345704064801593
0.4235977036096231,-0.22222774517050872,-0.39442297744817095,0.697729993513459,0.05180047170595221,0.6341690781589664,-0.34027441372648143,-0.6666043146998601
0.6162052210285358,-0.35119653182787386,1.08376824945672,-0.4520423268714033,0.32344971518891047,-0.21470560946819897,0.7915585031097393,0.01249543540187188
-0.6574906601161782,-0.6365061811269109,-0.7209871841540905,1.562606491185635,-0.552002817501795,1.483043765786132,-1.0948296916172953,0.6915951855036045
-0.2802522343856106,0.5454626530746348,0.8471453034293429,-0.7000795794562538,-0.6941903755279231,-1.2757989690021556,0.03700322521892575,1.3706949356053366
-0.22047142083643503,-0.533426220046476,-0.11125648842064761,-0.4518032229708834,0.434682862415748,0.42195040625217506,1.1688361420551456,-1.2098841147812465
0.35015578775057293,0.9353454320582575,-0.23961726048658105,0.0013564861560372717,-0.4476088984848888,-0.4269242813749903,-0.7175520526718882,-0.530784364679514
-0.1804700047210072,-0.6155094637228065,-0.5455175016641646,-0.02510088118656401,1.2668145434436116,1.2708250938793406,0.41428086416433235,0.14831538542221828
-0.6484360410166047,-0.6614846685936858,1.5002680907645125,-0.72471428718866,-0.4885827469809441,-0.851361625188573,1.5461137810005527,0.8274151355239507
-0.6889203886866269,-0.5950906563001936,-0.7447431973879531,4.058404308475109,-0.7000894545053014,0.8463877500657577,-1.3463481175808993,1.5065148856256834
0.5583989378935508,0.10102999311315719,-0.10281501976730503,0.08492060059063415,-0.11574399521983242,-0.002486937561407613,-0.21451520074467917,-1.0740641647609002
-0.6049509417163239,-0.6754144223884458,-0.6089400801711908,-0.4297338014677851,0.5068132918748666,1.6952624376929233,0.9173177160915413,-0.39496441465916754
-0.6584705646048044,0.787998322461798,-0.49009229940032706,-0.629343741628318,-0.7085625924066044,-1.6952624376929228,-0.9690704786354928,0.2841353354425647
4.583739592915341,-0.07295582477722647,0.36434627277217446,-0.07921954371375071,0.35440102715224714,0.002486937561407809,0.16276243820072783,0.9632350855442973
-0.7245494675968286,-0.7099887441829387,4.73114706511704,-0.7461670223716979,-0.6209165453259532,-0.8463877500657576,1.2945953550369482,1.64233483564603
-0.15111295655251367,-0.3285996800729544,-0.4938823767051191,0.3754841491904223,-0.2044729475528791,0.8513616251885733,-0.5917928396900859,-1.5901799748382166
-0.2820622290867881,-0.1596842106301934,0.6100245342746858,-0.5708763994063989,-0.48057219338181695,-1.2708250938793402,0.5400400771461349,-0.9110802247364842
-0.5021432543504104,-0.6518074282665917,-0.20259613690169423,-0.6084490941888221,0.4603006579855547,0.4269242813749905,1.6718729939823551,-0.2319804746347516
-0.5448991712392176,0.6937201876566851,-0.6487412196745863,-0.18609002518002687,-0.6891085258050709,-0.4219504062521749,-1.6677327729788387,0.4471192754669806
-0.35885341271861104,-0.643963073931469,-0.704360598484833,2.7661566304629566,-0.2544536057760294,1.275798969002156,-0.5358998561426181,1.1262190255687132
-0.45083735470537545,-0.26153535789135846,0.2478668628608168,-0.5921927518093065,-0.5251600571643938,-1.4830437657861315,0.5959330606936023,-1.4543600248178703
-0.2016727561224082,0.08253498510366983,-0.5493966966882797,0.4662838664597654,-0.5082942295389979,0.21470560946819914,-1.290455134033432,-0.7752602747161376
0.8763511860774683,0.8549202518633228,0.3899007236236806,-0.2714312282351047,-0.36465122305149994,-0.6341690781589663,-0.15862221719721137,-0.09616052461440541
-0.3273074659291064,-0.6768980555557348,-0.4985322973463884,-0.45104135470156603,2.87232170874431,1.0635802970953647,0.973210699639009,0.5829392254873272
-0.40868094136043154,5.715123954127528,-0.5176749243304524,-0.5826669300875018,-0.716708842932655,-1.0586064219725488,-0.9131774950880251,1.26203897558906
0.16165993075124593,-0.36530712410543764,-0.2741886213545031,0.010833332638993566,0.3105346129307149,0.6391429532817818,0.21865542174819563,-1.3185400747975236
-0.24897509487097436,-0.5273532470869501,0.43207216431008594,-0.5639727651323528,0.08164078016393148,-0.20973173434538353,1.350488338584416,-0.639440324695791
-0.7156088074817739,-0.6009146838576486,-0.7148953870206374,0.5686418164053518,-0.6097745039938766,1.4880176409089474,-1.5419735599970366,0.03965942540594077
-0.52643553528424,0.9367104937348405,-0.1766257145898536,-0.6568783272305403,-0.6975977271683493,-1.5891531017395273,-0.41014064316081583,0.7187591755076739
1.6871153979318483,-0.6012153731547843,0.6059438350626045,-0.5805811173273254,1.5969623397905153,0.10859627351480347,0.7216922736754048,1.397858925609406
-0.303079080411127,0.5656628742310607,-0.426168112803303,-0.2585022734659609,-0.5751242523666441,-0.740278414112362,-1.1646959210516297,-1.1827201247771775
0.2004244159390663,-0.43380256877995976,-0.44773917926318996,0.48148281666369697,0.42706293982655824,0.957470961141969,-0.03286300421540906,-0.5036203746754446
-0.4383880938250489,-0.47145370938659753,1.695200347070903,-0.6721117060980705,-0.4952513109634632,-1.1647157579259444,1.098969912620811,0.1754793754262876
0.6086321895039987,-0.13100512739871142,-0.5985405514696296,3.3588844672917353,-0.3885234057184058,0.5330336173283862,-0.7874182821062227,0.8545791255280201
4.391840905671042,-0.24351906296023035,1.786781260529702,-0.5793591695649595,-0.16818855147748252,-0.3158410702987792,0.3444146347299977,1.5336788756297526
-0.626329088961259,-0.6650052241609162,-0.5351380794315006,-0.5370529501395036,0.2892845991045186,1.3819083049555516,1.4762475515662181,-1.046900174756831
-0.6220120674478734,0.6275829476416234,-0.5502022169489676,-0.5318582388933704,-0.6858050613890642,-1.3769344298327357,-1.416214347015234,-0.3678004246550982
1.842733237224609,0.02566417986317489,-0.2832174891501891,0.9450123472982155,0.09719039024578358,0.32081494542159483,-0.28438143017901363,0.311299325446634
0.44619409273519106,-0.4566884242206746,3.819660403054157,-0.6463181415782029,-0.14553706992949667,-0.5280597422055705,0.8474514866572068,0.9903990755483666
-0.7335544421222728,-0.6951053859788452,-0.7544107511870448,6.289155059462141,-0.6720920877213845,1.1696896330487603,-1.0389367080698273,1.6694988256500993
-0.09965032136208937,0.06424246970627259,0.18636801636213254,-0.43641728138224867,-0.41575239700141525,-0.9524970860191532,0.09289620876639318,-1.5630159848341476
-0.3166964489836562,-0.5903164997900997,-0.2813274443552356,-0.46084362301196563,0.7083179848386338,0.7452522892351775,1.2247291256026134,-0.8839162347324149
0.7783491399766373,0.7153516223995365,-0.28578173134544066,0.40488075848731164,-0.3539628605211238,-0.10362239839198786,-0.6616590691244204,-0.20481648463068228
-0.514754549547236,-0.6855828128280388,-0.6495901794042124,-0.2207879258476154,0.9163539510339677,1.594126976862343,0.4701738477118002,0.47428326547104993
-0.8851808368448135,-0.711739026394692,0.2652136296105973,-0.7464013124182158,-0.7171660408079233,-1.642207769716225,1.6020067645480207,1.1533830155727827
-0.45516102655556384,-0.05211898159150227,-0.5819873465270556,0.017912429889689184,-0.5753423332676337,0.055541605538105644,-1.625813035318238,-1.4271960348138009
0.15158975772068523,0.8412685552499316,-0.05015608613284402,-0.2865310895015911,-0.47674137181400883,-0.7933330820890597,-0.49398011848201734,-0.7480962847120683
0.10642926956823169,-0.5611389260394348,-0.357877223057879,-0.16605643386372365,1.6593815594631967,0.9044162931652712,0.6378527983542028,-0.06899653461033609
-0.5810566002698532,1.9551697832996044,-0.5658652553087651,-0.5507578485345855,-0.7097995004002581,-1.2177704259026423,-1.2485353963728312,0.6101032154913966
3.4894832852344173,-0.3797166216190028,-0.45911769689822385,1.1464450121966425,0.43503379024117017,0.47997894935168833,-0.1167024795366106,1.2892029655931287
-0.12146806242797493,-0.39780431935771554,0.40265896860382017,-0.4953504315772671,-0.061275034838519295,-0.36889573827547706,1.01513043729961,-1.2913760847934546
-0.4065790685226573,-0.4974778218857168,-0.6333883503256321,0.8360544117079844,-0.34010539437369464,1.3288536369788537,-0.8712577574274242,-0.6122763346917217
-0.30011724647226085,0.07883214612939173,0.7755615608357038,-0.6183724197591007,-0.5851897030546442,-1.4299890978094336,0.2605751594087966,0.06682341541001052
-0.32081441691038975,-0.6709122061467149,0.0626808008078889,-0.6476865765236025,1.1508770014123406,0.267760277444897,1.3924080762450168,0.7459231655117428
-0.6685081343509442,1.9044983527178256,-0.6965009854245151,-0.4329875656498944,-0.7405651006595447,-0.5811144101822684,-1.5000538223364355,1.4250229156134753
-0.16046320621991447,-0.4344046935570399,-0.5229121316774692,0.44652859963926644,-0.04610536455707379,1.1166349650720624,-0.36822090550021513,-1.155556134773108
-0.13705521513684465,-0.25293721314209444,1.191308821895431,-0.5728885758099596,-0.38333084338745677,-1.005551753995851,0.7636120113360058,-0.4764563846713755
-0.14412666143323694,-0.23462637388657326,-0.626466461686807,1.9897610611040906,-0.4730162749627752,0.6921976212584797,-1.1227761833910288,0.20264336543035694
4.21435978471666,0.3235796624300865,0.3913131089126598,-0.06508364952727416,-0.0315216947003861,-0.1566770663686857,0.009056733445191645,0.8817431155320894
-0.8650305929551166,-0.7506818238367706,-0.7405596226284394,-0.7147475885188038,1.5841710823529482,1.541072308885645,1.1408896502814119,1.560842865633822
-0.4852996416666468,0.41370723156269024,-0.3115668088923913,-0.5323233067616157,-0.6276008008782585,-1.5360984337628294,-0.7454985444456219,-1.0197361847527615
1.031302464904245,-0.23707183949597,0.20712643585019225,-0.11739856699472834,0.5608337063273829,0.1616509414915013,0.3863343723905987,-0.3406364346510291
-0.5043956319130986,-0.6100073598936979,1.1687646987586238,-0.6871497427922105,-0.3288337812626935,-0.6872237461356641,1.5181672892268188,0.3384633154507033
-0.6319818336817351,-0.5614227556492793,-0.7254956075814827,2.62293211347444,-0.6459069057016682,1.0105256291186668,-1.3742946093546335,1.017563065552436
-0.18008916744813327,2.2687632461673366,0.040869422666027146,-0.7015498299294087,-0.7236783509578455,-1.1116610899492467,-0.24246169251841287,1.6966628156541685
-0.19343310854949272,-0.49609411553739174,-0.22360368296309413,-0.3557753927649858,0.32096436628618524,0.5860882853050841,0.8893712243178078,-1.6975320633342985
-0.013070151870758143,0.48521887541116826,-0.3982900710179374,0.07043591654573944,-0.4797938685521976,-0.2627864023220814,-0.9970169704092267,-1.018432313232566
-0.29242956881880133,-0.5890907477503277,-0.5759274193611895,0.14421335723135556,0.4368984899651948,1.4349629729322495,0.13481594642699377,-0.33933256313083376
-0.6098593821705298,-0.5576013132719119,1.316400798610241,-0.7046535933368901,-0.5712943632391743,-1.323879761856038,1.266648863263214,0.3397671869708991
1.5593975313894617,0.031415022273458604,-0.5418444607833797,2.5941301143208344,-0.32104409493678954,0.37386961339829267,-0.6197393314638197,1.0188669370726313
0.055529758841334174,-0.18687471286192966,0.30207177981017136,-0.3975599442387342,-0.17089646459759852,-0.4750050742288727,0.5120935853724008,-1.5617121133139522
-0.6390396385621802,-0.6717091153469467,-0.5145265531330298,-0.5700467822607176,0.29832014722545513,1.2227443010254582,1.6439265022086211,-0.8826123632122196
-0.5538367542196138,0.7781602072853647,-0.5839805738098219,-0.3963500212622455,-0.6747135996353265,-0.8994424180424553,-1.583893297657637,-0.20351261311048716
0.6057964958511678,-0.35451434265129217,-0.5473052281719655,2.1522202762568337,0.030558037453830015,0.7983069572118754,-0.4520603808214166,0.4755871369912457
1.8528989227516266,-0.49227182374040396,1.23757655124294,-0.5327536413510376,0.8296389347069482,-0.05056773041529002,0.6797725360148038,1.1546868870929778
-0.6274486542597271,-0.5581888343814669,-0.6647499438894243,0.15746310578977624,-0.48679589878345514,1.6471816448390408,-1.2066156587122305,-1.4258921632936057
-0.46222134517355107,0.10792790775747695,0.02774755656357907,-0.5927270806156308,-0.6103336198356997,-1.668735103704574,-0.07478274187600979,-0.7467924131918732
0.18931382637236385,-0.4997340888976931,0.5426332499500922,-0.49307919597228533,0.647949726432943,0.02901427154975673,1.0570501749602104,-0.06769266309014053
0.08120265372363132,3.27595450630022,-0.34446566530879913,-0.34382822478100167,-0.6308234167243948,-0.8198604160774087,-0.8293380197668234,0.6114070870115919
0.6513801805245718,-0.6510143659726457,-0.561088706794153,0.12044696442537176,3.013047000198613,0.8778889591769222,0.30249489706939714,1.2905068371133241
-0.5791019741135771,-0.5164171210148695,0.26346319916583233,-0.6420024887969382,-0.4841595724591748,-1.2442977598909912,1.4343278139056175,-1.2900722132732592
-0.3586543563083562,-0.13094398005093252,-0.6109353884321518,0.6024508760634946,-0.5438660311832374,0.4534516153633394,-1.458134084675835,-0.6109724631715265
1.3174032374913065,1.0168541217689189,0.09984199565825969,-0.036504500435526055,-0.3261107894934207,-0.39542307226382595,-0.3263011678396144,0.06812728693020587
-0.4452988984222585,-0.6964780264012659,-0.6046387383600896,-0.4079557992208325,2.518658588901663,1.3023263029905048,0.8055317489966062,0.747227037031938
-0.7802163436326828,2.290243196740795,-0.6356185236971595,-0.6939681106476797,-0.7498458598289055,-1.4565164317977826,-1.0808564457304284,1.4263267871336707
0.4883564951275488,-0.15430836415896745,-0.11093726685029381,0.046077516947639764,0.12315479008876588,0.24123294345654805,0.0509764711057926,-1.1542522632529126
-0.2020989204748299,-0.4569301547313571,0.9829964612348376,-0.5827599281722073,-0.17144441911352684,-0.6076417441706173,1.1828093879420123,-0.4751525131511802
-0.12141078791664016,-0.4612721096813021,-0.6247137891957595,1.995184636003318,-0.23099963841869764,1.0901076310837134,-0.7035788067850212,0.20394723695055225
0.15532585545196026,-0.012574846705068409,2.8707732044001317,-0.6462493269117338,-0.5326973235721124,-1.0320790879842,0.4282541100511993,0.8830469870522851
-0.7864983930229013,-0.7461635184652924,-0.594242714868116,-0.7411391534578557,1.6921428210958103,0.6656702872701308,1.5600870268874198,1.5621467371540174
-0.33536138060432547,0.10870407591320655,-0.5021628694309195,-0.04898720038344767,-0.5355777481894933,-0.1832044003570346,-1.3323748716940325,-1.6703680733302293
-0.38486517632344336,-0.5544779100814871,-0.5892219282957155,0.2142637962469983,-0.022480772987525457,1.5145449748972963,-0.2005419548578121,-0.9912683232284969
-0.5535807143116844,-0.4144261501286278,0.7163625569642292,-0.6663132253052246,-0.5774565747702542,-1.5626257677511783,0.9312909619784083,-0.3121685731267642
0.4749896055395152,0.5239619075048124,-0.5176543040800581,1.1615065052033537,-0.47224809467295464,0.1351236075031524,-0.9550972327486259,0.3669311769749684
1.4943290710700419,0.4751661244410367,1.895060700208361,-0.5449385512843443,-0.4445637401640847,-0.713751080124013,0.17673568408759469,1.0460309270767005
-0.4738204994210194,-0.6068234237836683,-0.4035019600920374,-0.4734436302505102,0.3185647871112001,0.9839982951303179,1.308568600923815,-1.534548123309883
-0.19196083679525444,0.7332136488302611,-0.14170833593353355,-0.4273043026959075,-0.5602039413127917,-1.1381884239375957,-0.5778195938032189,-0.8554483732081503
0.5820831991932881,-0.4515405804439166,-0.11956907972985177,-0.1303923139411562,1.294108828604082,0.5595609513167351,0.5540133230330018,-0.17634862310641783
-0.5569743788533373,-0.6652986065916334,0.4747828575683797,-0.6948407206165419,-0.1193479719892575,-0.2893137363104303,1.685846239869222,0.502751126995315
-0.8655762449596719,-0.694792650678676,-0.7549896894030722,0.573495317634774,-0.7174930008173027,1.4084356389439006,-1.6910215161236168,1.1818508770970473
-0.3742509336672382,0.33330856818881155,-0.20709524872169086,-0.48474634144929185,-0.579169982681973,-1.350407095844387,-0.5591885992873963,-1.3987281732895365
0.4485395216406658,-0.3751208603893017,0.022776106413591804,-0.1999670127588948,0.6687501564755949,0.3473422794099437,0.5726443175488241,-0.7196284231878036
-0.2450700912367637,1.152474941704553,-0.5295931772451223,-0.09210853359804061,-0.6192294168124152,-0.5015324082172217,-1.3137438771782102,-0.040528673086071214
-0.004007749814549584,-0.5827139283736319,-0.6202303999798294,1.1959169054861953,0.37899361111392604,1.1962169670371092,-0.18191096034198959,0.6385710770156612
-0.35000911092707615,-0.5705878073021933,6.616255940136078,-0.7247760512827731,-0.5498996984544262,-0.9259697520308042,0.9499219564942307,1.3176708271173934
-0.20168081640786598,-0.2731584414889318,-0.5422045160969535,0.5866520729537286,-0.34458149715424236,0.7717796232235264,-0.9364662382328032,-1.26290822326919
0.9717385105760437,-0.01910129757818516,0.27205008569287253,-0.11267340314093557,0.13114053830809347,-0.07709506440363895,0.19536667860341742,-0.5838084731674574
-0.7079908860103964,-0.7103479703742084,-0.6334744834092518,-0.574057243662224,0.6013488126793987,1.620654310850692,1.3271995954396376,0.09529127693427518
-0.8180364948290733,0.4501209174032863,-0.6688029363696467,-0.6654510193069001,-0.7427410542959562,-1.615680435727876,-1.5652623031418145,0.7743910270360078
4.549155613645603,0.39589288256562793,-0.45561419966823086,0.9205802160258741,-0.396819519851909,0.08206893952645455,-0.4334293863055942,1.45349077713774
-0.05183188446252051,-0.22405213084895076,0.6424122763907845,-0.4991527157463296,-0.2714271106465245,-0.7668057481007108,0.6984035305306265,-1.1270882732488432
-0.34310031945318564,-0.3597409687201265,-0.628138604943831,1.1189055508545716,-0.45463771597720776,0.93094362715362,-1.1879846641964078,-0.44798852314711085
0.020125783582910988,0.742305069958052,0.5802072450537927,-0.5469523515919262,-0.5650419949927191,-1.1912430919142933,-0.056151747360187285,0.23111122695462158
0.0016043372042691484,-0.6617214478411685,-0.13852833044499094,-0.56551694768909,3.083520626743545,0.5065062833400372,1.0756811694760329,0.9102109770563545
0.7712847247583601,3.869728633352751,-0.5679468419875037,-0.06652592605426257,-0.6828904116488907,-0.3423684042871281,-0.8107070252510009,1.5893107271580866
-0.3629323801013965,-0.549448101855918,-0.5080327690076261,-0.13777653176359744,0.1594252918231131,1.3553809709672027,0.3211258915852195,-1.6432040833261599
-0.6271306714840451,-0.5364663534346296,0.2936965109717108,-0.6639703487292619,-0.5326690312754387,-1.4034617638210847,1.4529588084214395,-0.9641043332244275
-0.3034641413355882,0.019037741905270224,-0.6083551627257819,0.6485994117232395,-0.5676791688240378,0.2942876114332459,-1.4395030901600123,-0.2850045831226949
1.3533208340966176,1.4695987795671697,0.20889372931697392,-0.19705383862004186,-0.4165019472157343,-0.5545870761939194,-0.3076701733237919,0.39409516697903774
-0.3838031032459666,-0.7077791115349251,-0.6008872238816307,-0.4653315226969916,4.267665322104255,1.1431622990604113,0.8241627435124286,1.07319491708077
-0.37307993199352546,0.4235185305121978,-0.39077835421373724,-0.36368785151986543,-0.5823591123830064,-0.9790244200075021,-1.0622254512146057,-1.5073841333058136
0.33800872822324657,-0.3563041799339361,-0.3257560228429798,0.24714859099508424,0.4073314356682443,0.7187249552468286,0.06960746562161495,-0.828284383204081
-0.04231527791292497,-0.518768491828434,0.6664879329430374,-0.5482135166459777,0.32314058282824826,-0.13014973238033678,1.2014403824578352,-0.1491846331023485
-0.5531150928226891,-0.6369077259051046,-0.6999004723253799,1.2113897192947085,-0.355050783467732,1.567599642873994,-0.6849478122691987,0.5299151169993843
-0.5827239684010508,-0.29595021104431163,1.4724160392560814,-0.7235185168333604,-0.695181973418702,-1.5095710997744805,0.4468851045670219,1.2090148671011165
-0.43970053139619875,-0.5802524737287806,-0.11226557952682455,-0.5583760156824541,0.07882621032047094,0.18817827547985022,1.5787180214032424,-1.3715641832854673
-0.5160544429151321,0.4313965541786709,-0.5776785272889655,-0.2871954057773264,-0.6464774765574614,-0.6606964121473151,-1.6491017784630162,-0.6924644331837341
0.04818928814778232,-0.4312559091882596,-0.5757176122924239,1.503647669285025,-0.05175526390357427,1.0370529631070158,-0.5172688616267956,-0.01336468308200189
-0.07126632951190236,-0.2085921994171515,2.8812151460144384,-0.6533293882412028,-0.5120474604901928,-1.0851337559608978,0.6145640552094247,0.6657350670197305
-0.45690216214826385,-0.3995035754365328,-0.7191450790065042,3.7572712892840845,-0.6685049521824652,0.6126156192934329,-1.2718241395176093,1.3448348171214628
0.4298808698334134,0.1541232400154252,0.007331750782928812,-0.09920606683970908,-0.1934172669589666,-0.23625906833373245,-0.13999122268138883,-1.2357442332651203
-0.5186804598424936,-0.6533170007559194,-0.5492210437460169,-0.41667811591479537,0.7018561082693907,1.4614903069205984,0.9918416941548317,-0.5566444831633879
-0.4075365603211001,1.5751933208148694,-0.3742698645924476,-0.5207736699497731,-0.6599108833153637,-1.2973524278676891,-0.8945465005722026,0.1224552669383443
2.588501141848534,-0.37467993016917833,-0.12189513165786633,0.16110282581922314,1.3282109669926196,0.40039694738664156,0.23728641626401836,0.8015550170400771
-0.5702464989193514,-0.7059905182994684,2.1888086368982367,-0.7392901610143622,-0.3250271372465931,-0.4484777402405238,1.3691193331002387,1.4806547671418093
-0.6009426276346211,-0.49016786234171295,-0.6655356692483907,0.336241724725372,-0.5423220421311375,1.2492716350138071,-1.523342565481214,-1.0999242832447742
0.2311995815677521,1.0053205430629812,0.0828730795810339,-0.34276202597025246,-0.4892609645397843,-0.8729150840541064,-0.3915096486449934,-0.4208245331430415
0.1550069491677918,-0.5881141830463206,-0.3267475092962297,-0.26650117681240254,2.328172663234492,0.8248342912002242,0.7403232681912275,0.2582752169586907
0.10799925263186416,0.9389750581736168,-0.6094636037996318,0.818104207757381,-0.6226069165313121,-0.02404039642694111,-1.1460649265358072,0.9373749670604238
-0.7828362612567912,-0.7420668890265221,-0.7514780156464402,-0.07391027274608335,-0.09279808413055482,1.6737089788273898,-0.014232009699586502,1.616474717162156
-0.6243111834738176,-0.4661511627329015,0.07382105337805696,-0.6448474685161868,-0.564310829063685,-1.6819987706987485,1.1176009071366337,-1.6160400933220906
0.25291364203303573,0.2944341383516687,-0.3566373741889574,0.32151748972237215,-0.35732824677873243,0.015750604555582266,-0.7687872875904002,-0.9369403432203582
0.3506947545989421,0.10370982512265495,1.148842408615602,-0.47821869924715665,-0.33558368826325663,-0.8331240830715831,0.36304562924582046,-0.25784059311862556
-0.5550247213848558,-0.6957837855603723,-0.44170773028157717,-0.6147833670010456,1.414056647430423,0.8646252921827478,1.4948785460820408,0.42125915698310706
-0.7393541550602488,1.8492782330557165,-0.6538115870592156,-0.6288989456370102,-0.74062765761872,-1.2575614268851658,-1.3975833524994117,1.1003589070848392
0.19052027501279126,-0.18337497187375987,-0.315647331570718,0.21021098277363578,-0.06022882600454874,0.44018794836916497,-0.26575043566319106,-1.4802201433017443
0.10584868596835076,-0.33242437380850093,0.7258546493999364,-0.47643367049955526,-0.014491028955845963,-0.4086867392580004,0.8660824811730296,-0.8011203932000117
-0.4476192032371734,-0.5120590414401108,-0.662880134046783,1.274060568848618,-0.42281201703390753,1.2890626359963304,-1.0203057135540046,-0.1220206430982794
-0.3533927807484815,0.25587423633250883,0.659083880599624,-0.6528229057482764,-0.6402598912548743,-1.4697800987919571,0.1115272032822155,0.5570791070034536
-0.22102217285148315,-0.694252637617096,0.14464848211021816,-0.6855486133249046,1.6354085787953216,0.2279692764623736,1.2433601201184359,1.2361788571051855
0.0037009928941183975,0.48710417707640263,-0.20905110802357282,-0.20568308345883463,-0.45811516822523746,-0.6209054111647918,-0.6430280746085979,-1.3444001932813976
-0.0850354398377122,-0.5416290953589724,-0.4259711129187722,-0.08667431997207746,0.839895070158527,1.076843964089539,0.4888048422276226,-0.6653004431796647
-0.6306098664664685,-0.6090628775825808,0.7208623586726619,-0.6961106193700122,-0.49031574564356806,-1.0453427549783743,1.6206377590638428,0.013799306922067002
-0.5869862480591594,-0.37341243467451796,-0.7050094932320597,1.2523067464300115,-0.6589949434574983,0.6524066202759563,-1.6071820408024153,0.6928990570237998
3.4956671907751726,1.571773074340775,-0.34165182150052004,0.19081064763981206,-0.5099288105028738,-0.19646806735120909,-0.47534912396619483,1.371998807125532
-0.4591575387683149,-0.6092072364748067,-0.5379119532625737,-0.2861068804349295,0.3399160449352713,1.5012813079031218,0.6564837928700256,-1.2085802432610513
-0.6256771587257332,0.4965664378253595,-0.5072157573661229,-0.5631076013789513,-0.6813177537029156,-1.5758894347453527,-1.2299044018570087,-0.5294804931593186
2.0502497317893815,0.11348088400056681,-0.021072902476976556,0.35419022846012416,0.1645294548185613,0.12185994050897794,-0.09807148502078802,0.14961925694241363
-0.12138659672314282,-0.5103747862156591,3.6645697358361886,-0.6779890886926259,-0.3252811644602291,-0.7270147471181875,1.0337614318154322,0.8287190070441465
-0.3696714794350645,-0.6154809414553963,-0.7275994022307727,8.416116276417025,-0.5594048688908696,0.9707346281361434,-0.8526267629116017,1.5078187571458788
-0.15568814971299083,0.017611913549603547,0.4436426261047103,-0.5136660310589155,-0.45748571085474393,-1.15145209093177,0.27920615392461895,-1.0727602932407048
-0.3517870858144228,-0.6179439541428107,-0.18996994070192472,-0.5378277985698031,0.7889192633286551,0.5462972843225606,1.4110390707608393,-0.3936605431389722
-0.3584843617463683,0.8308512907363049,-0.6074509547159109,0.03304258261906619,-0.6487204569015913,-0.30257740330460475,-1.4814228278206132,0.28543920696276043
-0.38570967019004465,-0.656243075775671,-0.6941000121748353,1.4387777924503442,-0.05219508283980791,1.3951719719497262,-0.3495899109843926,0.9645389570644931
-0.7317773471203641,-0.6104809105713122,3.8524735437751847,-0.7445928335710655,-0.717222543709937,-1.3636707628385614,0.7822430058518283,1.6436387071662253
-0.2174094990937991,-0.08777426890350223,-0.5050787637561457,0.2715674571853485,-0.43439228183601825,0.3340786124157693,-1.104145188875206,-1.5888761033180214
0.4889946995389733,0.24320628694880603,0.30608682250550145,-0.264518656369437,-0.24512779229937426,-0.5147960752113961,0.027687727961014375,-0.9097763532162889
-0.459321309053485,-0.655778615991751,-0.48604500038985754,-0.4671438615530351,1.1690967593140826,1.1829533000429346,1.1595206447972344,-0.23067660311455626
0.04245615727823986,2.7274370365900005,-0.24659100602082645,-0.4014064365920291,-0.6197523006719973,-0.9392334190249787,-0.7268675499297994,0.4484231469871764
0.9399596921181159,-0.6166164482328935,-0.4477776493032375,-0.03322323212428657,3.3898816093608426,0.758515956229352,0.40496536690642104,1.1275228970889086
-0.423319087501032,-0.5530901719434705,0.020780315959001008,-0.5652998846444768,-0.047455501764910445,-0.0903587313978134,1.536798283742641,-1.453056153297675
-0.6574013815199565,-0.573606273375222,-0.6871652636232836,0.3290038948835249,-0.5345233151131839,1.6073906438565175,-1.3556636148388108,-0.7739564031959425
-0.4521462774740674,0.3980609600633595,0.008319971799899597,-0.6089906412131275,-0.6421001285709138,-1.6289441027220506,-0.22383069800259034,-0.09485665309421007
0.6584140556013465,-0.5179344101755736,0.7278696474888333,-0.49549103729485766,1.1140970478966332,0.0688052725322801,0.9080022188336302,0.584243097007523
-0.1894414348601369,6.190239568662483,-0.5414533786388026,-0.4433005599071186,-0.7059108755414027,-0.7800694150948853,-0.9783859758934041,1.2633428471092552
-0.018595067805679818,-0.43614320889603647,-0.39462997908647535,0.07714077108543431,0.2908792895422148,0.9176799601594455,0.15344694094281647,-1.3172362032773284
-0.515147237178641,-0.4921142497326568,0.6946555126402427,-0.6481330745689814,-0.47526530389461624,-1.204506758908468,1.2852798577790367,-0.6381364531755956
0.7330084588217576,-0.04827580418952522,-0.4596753606387707,1.4748408644675528,-0.16135186989599815,0.4932426163458628,-0.6011083369479971,0.040963296926136324
1.6607825320519352,-0.19690315973026046,1.9649437697678536,-0.46963607520164957,0.08237996418629015,-0.3556320712813026,0.5307245798882235,0.7200630470278692
-0.8897800056289576,-0.7506830329458577,-0.7258386758718047,-0.7379423064740044,0.6464669694070986,1.3421173039730283,1.6625574967244439,1.3991627971296015
-0.6777456880374161,0.1212176758768408,-0.5792990429814995,-0.5301066993772892,-0.6801395166747783,-1.4167254308152593,-1.67704827023675,-1.1814162532569819
0.6540903057239642,0.10879897140204547,-0.3444354803104332,0.7056866816329802,-0.17413971833638647,0.28102394443907147,-0.5452153534005295,-0.5023165031552494
0.7091876217850529,-0.14174638745369295,1.799025621131331,-0.48818723464234304,-0.12462782772792741,-0.5678507431880939,0.5866175634356909,0.17678324694648295
-0.6105984165589949,-0.5715207122432687,-0.7191597848045933,2.4422466276578643,-0.6109487332434291,1.129898632066237,-1.299770631291343,0.8558829970482158
0.28573574189012063,1.9657139079766872,0.39595519898975584,-0.663713840800334,-0.6859809390310376,-0.9922880870016765,-0.16793771445512273,1.534982747149948
-0.15848148699815076,-0.5387364028833624,-0.2409195513500418,-0.3656146888234178,0.6969327333420378,0.7054612882526541,0.9638952023810976,-1.0455963032366355
0.28639015685167873,0.7160128255573767,-0.4008257594452101,0.3389013148763114,-0.4578079663967301,-0.14341339937451125,-0.9224929923459363,-0.36649655313490287
-0.4213081813409152,-0.6552563577465916,-0.638036469702992,0.046797223322295654,0.5956650009398393,1.5543359758798196,0.20933992449028427,0.31260319696682975
-0.7945508283227629,-0.6597611175896145,1.0513322253279815,-0.7391412529780644,-0.6817728054320223,-1.5228347667686548,1.3411728413265045,0.9917029470685624
-0.7204181061291284,-0.21530938436803496,-0.7436117603233977,0.48560854362212186,-0.7416002815900972,0.17491460848567578,-1.5512890572549478,1.6708026971702945
-0.03764266641219959,0.27105397515377927,-0.12701775800052964,-0.27671157612066183,-0.4256381316887726,-0.6739600791414896,-0.4194561404187273,-1.6920992653334848
-0.1953230582020325,-0.5511817928354088,-0.38989181565804415,-0.2425090080854287,0.7079822751744491,1.0237892961128412,0.7123767764174934,-1.0129995152317524
-0.41730134733827023,1.1446896273494012,-0.4573596454912002,-0.4274253231948707,-0.6459062869939265,-1.0983974229550721,-1.174011418309541,-0.33389976513001984
1.398004935302458,-0.31580838027131813,-0.34099079245922886,0.7834651758241696,0.6638272722743963,0.5993519522992584,-0.042178501473320446,0.3451999849717128
0.12762975772342286,-0.5987750400390871,1.950265699352471,-0.662865072883309,0.2612742206646824,-0.24952273532790692,1.0896544153628998,1.0242997350734455
-0.4790577567517072,-0.5081360848852366,-0.6132098837988984,0.26145958857178325,-0.3395218612281848,1.4482266399264239,-0.796733779364134,-1.5562793153131382
-0.25762607381728103,-0.030889203615579768,0.49221585191954426,-0.5571836133125054,-0.5040750794796707,-1.3106160948618635,0.33509913747208636,-0.8771795652114057
-0.3531282035868401,-0.6230018148912438,-0.08765112388051173,-0.5688618951218406,0.7053840426053825,0.38713328039246714,1.4669320543083066,-0.19807981510967324
-0.36281347420870974,1.3158732961844242,-0.6022127236529213,-0.11467389812362262,-0.6663122221899963,-0.46174140723469825,-1.4255298442731454,0.4810199349920594
-0.2015808398769852,-0.6508607030064405,-0.6880099576080378,1.8600832407410415,0.0827316797189254,1.2360079680196325,-0.293696927436925,1.160119685093792
-0.23725799197163933,-0.3089962389833584,0.48145339787924024,-0.5366092396409882,-0.3332626376564419,-0.8861787510482808,0.8381359893992955,-1.4204593652927917
-0.21520684698001105,-0.28439546676600835,-0.5820835425009974,0.9536369668824363,-0.38935147312841756,0.8115706242060498,-1.0482522053277388,-0.7413596151910593
1.7115761421205102,0.09047104892104446,0.26301103178222973,0.015869124091550797,0.17116728525888864,-0.037304063421115564,0.0835807115084818,-0.06225986508932663
-0.7502136496181807,-0.7272099271613928,-0.6774966110766899,-0.6045004909709103,0.8158863221779716,1.6604453118332152,1.2154136283447021,0.616839885012406
-0.7374512806399943,1.186870435696811,-0.49971750370273926,-0.7069570599486577,-0.7421735434285872,-1.6554714367103995,-0.6709745663823318,1.2959396351141381
0.31622196028293975,-0.25453163949548613,0.11564271944733712,-0.24355793655601268,0.16518572691450592,0.042277938543931186,0.4608583504538889,-1.2846394152724452
-0.528599243418852,-0.5651810352818877,0.5196909316848254,-0.648806717553982,-0.3619717764813678,-0.8065967490832342,1.5926912672901092,-0.6055396651707129
-0.5929482216277706,-0.4336566999432014,-0.691027001212896,0.8880243249309381,-0.6127584007128656,0.8911526261710967,-1.635128532576149,0.07356008493101955
-0.20020553364957594,2.2683330320645148,-0.11529746957354856,-0.5754606018284786,-0.6651495729817551,-1.2310340928968169,-0.5032956157399288,0.7526598350327522
1.3418144848819213,-0.6500983210520519,-0.22883923560660863,-0.4589971098651226,4.318805265359528,0.46671528235751386,0.6285373010962915,1.4317595851344844
-0.2547772301919485,0.4139179492769553,-0.4736930524988556,-0.06856117932247784,-0.5501897053699911,-0.38215940526965153,-1.2578508936307424,-1.1488194652520987
-0.19117491031221445,-0.5337203219697357,-0.5633744360770112,0.4483945314583839,0.21357243023612368,1.3155899699846794,-0.12601797679452195,-0.4697197151503665
-0.5524018573251811,-0.46302967582420923,1.270402126640441,-0.6893228402920493,-0.5827597165278519,-1.4432527648036082,1.0058149400416985,0.20938003495136617
0.7265616939045026,0.31794559256494526,-0.573945851733467,2.0923439123983707,-0.487324854445385,0.2544966104507225,-0.8805732546853355,0.8884797850530992
2.4066492822042465,0.054528536606766,2.503755418608964,-0.6424516709657755,-0.4905016793554339,-0.5943780771764429,0.25125966215088524,1.5675795351548314
-0.535526618394004,-0.6217942490407372,-0.44856132172550695,-0.4948051035054638,0.21770682752334217,1.103371298077888,1.3830925789871056,-1.6649352753294153
-0.5386357676862841,0.4422895087739034,-0.5343393187290794,-0.4093172521072182,-0.6477503547863298,-1.0188154209900255,-1.509369319594347,-0.9858355252276829
0.5361640894052385,-0.24016780160471826,-0.4324456575028485,1.012332396368409,0.07096451665300355,0.6789339542643053,-0.3775364027581265,-0.3067357751259505
0.9248359206486297,-0.3711700898321565,1.2581858160054777,-0.45847697786785035,0.4612695237676156,-0.16994073336286017,0.7542965140780944,0.3723639749757821
-0.7507050254715333,-0.6805831008300461,-0.740585657280564,1.5930355666125726,-0.6187885115229589,1.5278086418914707,-1.13209168064894,1.0514637250775147
-0.43132147808209736,-0.016860729764562824,-0.009161956321489544,-0.556115642009167,-0.5647485893719169,-1.5493621007570038,-0.0002587638127196561,-1.529115325309069
-0.07526345379461692,-0.49998997345972945,0.15280253050995565,-0.4686078379509711,0.42328756724607514,0.14838727449732686,1.1315741530235006,-0.8500155752073365
0.20491670986682567,1.5591672365134306,-0.2333813241177653,-0.2036827828140588,-0.5358593260546316,-0.7004874131298385,-0.7548140417035332,-0.17091582510560413
0.2624796845497878,-0.5873830421367201,-0.47981504554834303,0.09366600455279102,1.9872469236540018,0.9972619621244924,0.37701887513268734,0.5081839249961287
-0.7770784964250942,-0.6930014257452118,1.629212521132735,-0.7417803284460169,-0.6380419820786899,-1.124924756943421,1.5088517919689077,1.1872836750978613
-0.38909708566185935,-0.22874020339434603,-0.5859850346234612,0.34728657722849005,-0.4995695525488697,0.5728246183109096,-1.3836101066125446,-1.3932953752887225
0.7434481807640787,0.41420732377643055,0.033594400340661676,-0.021273028181297022,-0.2273295056854439,-0.2760500693162558,-0.25177718977632424,-0.71419562518699
-0.47809615807683625,-0.6654079082830774,-0.5660786926255861,-0.3859586538261383,1.1601903045643016,1.421699305938075,0.8800557270598964,-0.03509587508525731
-0.5373656912376447,2.1158767162829264,-0.48998395491877766,-0.582223987693134,-0.7049578632336787,-1.3371434288502124,-1.006332467667138,0.6440038750164749
4.702993326288626,-0.42040623051549963,-0.2688827743073262,0.23471817973372205,0.9962458496669573,0.3606059464041182,0.12550044916908237,1.3231036251182076
-0.2974725835287247,-0.46697141686246774,0.3899833279449925,-0.555842591772284,-0.15963798493713213,-0.4882687412230472,1.2573333660053028,-1.257475425268376
-0.23478452603739045,-0.4636879381164844,-0.592619822633821,0.9050244922010927,-0.18446097657154387,1.2094806340312836,-0.629054828721731,-0.5783756751666436
0.24155692696132483,-0.036651255731839236,1.779062021192627,-0.5487178773653458,-0.3799265943330985,-0.9127060850366298,0.5027780881144895,0.10072407493508888
-0.6624136814931246,-0.7195073931102539,-0.4819101714333949,-0.6817291692443125,1.1873971242538401,0.7850432902177009,1.6346110049507099,0.7798238250368219
-0.668481138231157,0.22817149165368927,-0.7230597386409664,0.0501848419781188,-0.7350366535005238,-0.06383139740946449,-1.5932087949155485,1.458923575138554
-0.4838033144741922,-0.5637152543439932,-0.622180172784371,0.22556458032827564,-0.21634907284668883,1.6339179778448663,-0.46137587807932795,-1.1216554752480294
-0.5032212846309042,-0.29782788406392086,0.5866873876125454,-0.6453536939093569,-0.5807912473877047,-1.6024167687337016,0.6704570387568924,-0.44255572514629693
-0.004457827674247505,0.45414203231167566,-0.5746482377109103,0.8272250591578252,-0.5551907672645309,0.09533260652062901,-1.2159311559701416,0.23654402495543592
1.3140254462520977,1.3371012438874252,0.8115589304852214,-0.46691876968351437,-0.5040514746071226,-0.7535420811065363,-0.08409823913392118,0.9156437750571681
-0.5841624509933231,-0.7398701883988263,-0.6424765938705116,-0.6863054846521569,8.21131136310628,0.9442072941477945,1.0477346777022993,1.5947435251589008
-0.386839705468486,0.3393003825855475,-0.32196111386635407,-0.42893402630965616,-0.5790962934819056,-1.177979424920119,-0.8386535170247347,-1.637771285325346
0.38954649978033234,-0.3407105483898782,-0.1787516970385691,0.00040067558908121195,0.47678559094567347,0.5197699503342117,0.2931793998114858,-0.9586715352236136
-0.311147032514477,-0.5561611971148562,0.6316685480118952,-0.6056275158815625,-0.009276565022491553,-0.3291047372929537,1.425012316647706,-0.2795717851218812
-0.6965543761010211,-0.598535929125545,-0.7189055806670273,1.0034831244751496,-0.6150812548844058,1.3686446379613773,-1.467449581933746,0.39952796497985144
-0.3973323211738845,1.510823150576877,-0.044330582045421875,-0.6635271580325136,-0.7002744257066865,-1.3901980968269103,-0.33561666509752575,1.0786277150815842
-0.018464362636037394,-0.4290925588677921,-0.054000139279226415,-0.3393529422693475,0.3025085893491565,0.30755127842742036,0.796216251738695,-1.5019513353049996
-0.13563476050500414,0.7595652350945064,-0.41042794307043945,-0.11616558378805968,-0.5474364747955599,-0.541323409199745,-1.0901719429883394,-0.8228515852032673
0.027635168623831148,-0.5266545188315299,-0.521550766907658,0.4451043706709331,0.5986758193693658,1.156425966054586,0.04166097384788126,-0.1437518351015348
-0.40244083364730837,-0.5305780422545551,2.4318661666366523,-0.687537897203621,-0.44891067026362624,-0.9657607530133276,1.1734938906841013,0.5353479150001981
0.3645502418639186,-0.4135388312270755,-0.660674185768624,5.590884280313763,-0.3867968646508592,0.731988622241003,-0.7128943040429325,1.2144476651019307
0.28198800123498546,-0.19799824234555718,0.17805984098568992,-0.27321930081878015,0.037211215843398385,-0.11688606538616232,0.41893861279328787,-1.3661313852846533
-0.7020182238908981,-0.6919391989959106,-0.594485474239731,-0.5751172619844614,0.22301865454634806,1.5808633098681686,1.5507715296295081,-0.6870316351829207
-0.6585997839941812,0.741386636745807,-0.560548945778353,-0.5773987524019617,-0.7025755093638565,-1.4963074327803059,-1.341690368951944,-0.007931885081187766
3.026299331342534,0.10642231446965622,-0.20491986777625423,0.7415720229275895,0.0999048178654913,0.2014419424740247,-0.2098574521157235,0.6711678650205447
0.01339997911020699,-0.5674133649323511,6.284842770651363,-0.711237576485797,-0.3719030697790227,-0.6474327451531406,0.9219754647204972,1.3502676151222768
-0.3364342817981878,-0.39137620322224637,-0.5874760697310627,0.5772801488123747,-0.35924290786130825,1.0503166301011901,-0.964412730006537,-1.2303114352643068
0.038336780755869215,0.2327850822898991,0.637490665327701,-0.4957653906450642,-0.45509713036777916,-1.0718700889667232,0.16742018682968332,-0.5512116851625742
-0.2911748567490486,-0.639880188131417,-0.22441752100736415,-0.5370954272149873,1.46101333473108,0.6258792862876074,1.2992531036659036,0.1278880649391582
1.8278833531084724,1.6302842493987169,-0.2914810744129887,0.3222819840043844,-0.454465099559268,-0.222995401339558,-0.5871350910611303,0.8069878150408908
-0.6798936966749262,-0.7385677903209682,-0.7234549600487167,-0.4751966776579555,1.987300247176757,1.4747539739147728,0.5446978257750903,1.4860875651426235
-0.657336709241596,-0.5741775907514743,0.15480971968224902,-0.6679659616379008,-0.5184168796164559,-1.2840887608735145,1.6765307426113107,-1.0944914852439602
-0.4809995474051241,-0.1713925512689682,-0.6444714069935004,0.4497346867890291,-0.5997476090589776,0.413660614380816,-1.6630750243498833,-0.4153917351422276
1.0935365873447178,1.580453503426349,-0.10480974949586677,-0.0025091115666679596,-0.4371281209676584,-0.43521407324634936,-0.5312421075136624,0.2637080149595048
-0.33657680949508584,-0.6938006661357253,-0.6201372545226266,-0.2852356277153035,2.7784715421179023,1.2625353020079815,0.6005908093225578,0.9428077650612379
-0.687288431735609,4.9956155486789955,-0.6831700556402981,-0.597052167501882,-0.7488321846380366,-0.859651417059932,-1.2857973854044764,1.62190751516297
-0.04847726819398918,-0.3683733618717553,-0.41788092728190923,0.180747508378674,0.02348024464138065,0.8380979581943987,-0.15396446856825569,-1.6106072953212769
0.053529888993733885,-0.4312491576382068,0.30159765411090245,-0.4401386678835176,0.28986772660166626,-0.01077672943276665,0.9778684482679645,-0.9315075452195444
-0.6026953854642768,-0.6034965878866576,-0.6855345971897282,0.591679622332314,-0.42861186746322955,1.6869726458215641,-0.9085197464590694,-0.25240779511781186
-0.534792036220856,-0.05273443162951046,0.4454979911916577,-0.6775488234423895,-0.6613094228554002,-1.6886306041958357,0.22331317037715115,0.42669195498392076
-0.3200414801935448,-0.6832850649477944,0.53903853015274,-0.696752079156316,0.6127162781900586,0.00911877105849504,1.3551460872133714,1.1057917050856534
-0.5174228906480021,0.24995147207124863,-0.5276701521139687,-0.35215225827576857,-0.6245907336717917,-0.8397559165686703,-1.5373158113680807,-1.4747873453009304
0.1212333697399252,-0.33148080356493853,-0.47483477153537484,0.7250397638798861,-0.001566670271969385,0.8579934586856605,-0.4054828945318602,-0.795687595199198
-0.3037953466517432,-0.26495471280985994,1.330092479559332,-0.6266601252411118,-0.5054142619220058,-1.264193260382253,0.7263500223043603,-0.11658784509746527
-0.03338285596431542,-0.01171329030462015,-0.6279502347214393,2.0163455033982505,-0.5383302945671452,0.43355611487207774,-1.1600381724226743,0.5625119050042674
4.071174570509817,0.7699878511919497,0.657390186488328,-0.3579497014253056,-0.3710028571994141,-0.41531857275508766,-0.028205255586453388,1.241611655106
-0.49045447869113984,-0.61968798507769,-0.48277216690149416,-0.42840498225351914,0.39150950799658746,1.2824308024992432,1.1036276612497664,-1.3389673952805838
-0.459821411687905,0.6483132281529727,-0.314721080715189,-0.5291388526685259,-0.6373271606916375,-1.4764119322890443,-0.7827605334772669,-0.6598676451788513
1.4489798586158278,-0.25428764205791204,0.17536237387324632,-0.053411666961133634,0.772345862794335,0.22133744296528637,0.34907238335895324,0.019232104922881126
-0.5073399096494361,-0.6375551510297297,1.5136999005998393,-0.7051230465774213,-0.32168695533708075,-0.627537244661879,1.4809053001951735,0.6983318550246136
-0.7589895858078364,-0.6448985690003229,-0.7475639433220531,2.746652877861761,-0.6963433672615991,1.070212130592452,-1.4115565983862786,1.3774316051263462
-0.10544399138239344,0.398341442634558,0.03054844699424455,-0.4182607021624441,-0.4938503303216859,-1.0519745884754617,-0.27972368155005795,-1.2031474452602373
0.06147862927480909,-0.5261125046841073,-0.17759021620885734,-0.3172163322003164,1.1228639534598406,0.645774786778869,0.8521092352861623,-0.5240476951585049
0.2451161786797334,1.1214153780048641,-0.47160297451284816,0.3578610728909263,-0.5356649872258528,-0.20309990084829632,-1.0342789594408717,0.15505205494322752
-0.4257674826003957,-0.6807270859143869,-0.6749400100893714,0.22116813663905036,0.6058265147272519,1.4946494744060346,0.0975539573953487,0.8341518050449606
-0.8755390596600731,-0.7033321822164517,1.1111234446606182,-0.7475907904402863,-0.730122653084082,-1.5825212682424399,1.229386874231569,1.5132515551466927
0.28364397049553736,0.16088765181610973,-0.3377426496103238,0.33656265298251375,-0.2918964924597504,0.1152281070118907,-0.6570013204954647,-1.067327495239891
0.34997670651623236,-0.02434427935212744,1.1261388080614327,-0.4688090996376059,-0.2588013455446545,-0.7336465806152747,0.4748315963407557,-0.3882277451381585
-0.6276349376093333,-0.701945034063604,-0.491789887737318,-0.6265445107199259,0.9948905248022625,0.9641027946390561,1.606664513176976,0.2908720049635741
-0.7636667142159227,1.1159558900243318,-0.6761164828338746,-0.6035786173445382,-0.7399986220208706,-1.1580839244288572,-1.6211552866892822,0.9699717550653068
1.7142961652633601,-0.4385876317921531,-0.6573349205626923,4.307423561569306,-0.35879968311256566,0.5396654508254733,-0.4893223698530617,1.6490715051670395
0.039909701861411476,-0.27094532273266353,0.2549632846278105,-0.3961273059218723,-0.07385922533826036,-0.309209236801692,0.6425105469831583,-1.5834433053172077
-0.5585484235942954,-0.5143400939360895,-0.660367064523227,0.504783195842072,-0.4822683410848357,1.3885401384526388,-1.2438776477438755,-0.904343555215475
-0.22542208199035738,0.5008626741666085,0.26913525042689873,-0.5552623843350974,-0.5820272845867595,-1.3703025963356485,-0.11204473090765492,-0.22524380511374256
0.2491453216221367,-0.5798594302601768,0.16989893667242179,-0.48749184027480225,1.7264338670212194,0.32744677891868207,1.0197881859285653,0.45385594498798965
0.41494314011192573,4.2907257167918385,-0.47784292504229187,-0.1642387972312736,-0.6507991230365825,-0.5214279087084833,-0.8666000087984687,1.1329556950897226
-0.23224611843283627,-0.5127376798136616,-0.465825314061949,-0.04941566654648173,0.2583053649133228,1.1763214665458475,0.26523290803775207,-1.447623355296861
-0.4741839530895911,-0.5128645027798183,0.6186704519747461,-0.6320425236041921,-0.387224236867189,-0.9458652525220659,1.3970658248739725,-0.7685236051951286
-0.4666952516344669,-0.3272759880397654,-0.6627538718338579,1.0371482385362576,-0.5718292622274984,0.7518841227322648,-1.49539607370748,-0.08942385509339616
2.5326571643693456,0.795946622789535,-0.12182092636270042,0.3911344195699362,-0.2429129519601708,-0.09699056489490064,-0.36356315687125945,0.5896758950083367
-0.7431432398801677,-0.738327262374614,-0.7178663040762566,-0.5643284428163129,1.5402358523700765,1.6007588103594301,0.7682697599649612,1.2687756451100693
-0.6069665476486209,0.20753783860759348,-0.46082780032468884,-0.5478212953246427,-0.6568415334576936,-1.6355759362191378,-1.1181184347620732,-1.3118034052765146
0.9561791650780505,0.012756362964628348,0.041886519194974624,0.07266187998068126,0.11037654344976201,0.06217343903519287,0.013714482074147143,-0.6327036551747822
-0.23773559676128425,-0.46679664226143763,1.7039746057844125,-0.6299777505856387,-0.2969562354540317,-0.7867012485919725,1.1455473989103675,0.046396094926950446
0.062191557379819476,-0.4310313900738053,-0.641543077718338,3.5656755306736314,-0.3026001928871321,0.9110481266623583,-0.7408407958166662,0.7254958450286833
-0.29240443870458216,-0.1646299489948934,2.929846051547595,-0.7169593946785592,-0.6705826462388768,-1.211138592405555,0.3909921210195542,1.4045955951304154
-0.4355090311632368,-0.5990565096290446,-0.22141158080393009,-0.5391975909097549,0.28889403732960756,0.48661078284877557,1.5228250378557744,-1.175983455256168
-0.2710633785373924,0.6436733197332916,-0.5282596575562258,-0.011662781629592455,-0.5912078771911349,-0.3622639047783898,-1.3696368607256777,-0.4968837051544358
-0.19742877102443945,-0.5711778672437267,-0.6165832824660323,0.8665994353711666,0.17644338749704466,1.3354854704759411,-0.2378039438894572,0.18221604494729685
